# word	UD UPOS counts	UD mid-sentence spellings	OEWN lemmas (form|pos|senses|instance senses)
aa	NOUN=6,DET=1	AA=6,aa=1	AA|n|2|0;aa|n|1|0
aaa	PROPN=1	AAA=1	AAA|n|1|0
aaron	PROPN=3	Aaron=3	Aaron|n|2|2
ab			AB|n|2|0;Ab|n|1|0;ab|n|1|0
aba			aba|n|2|0
abandon	NOUN=1,VERB=1	abandon=2	abandon|n|2|0;abandon|v|5|0
abandoned	VERB=8	abandoned=8	abandoned|a|2|0
abandoning	VERB=3	abandoning=3	
abandonment	NOUN=2	abandonment=2	abandonment|n|3|0
abba	PROPN=1	Abba=1	
abbas	PROPN=14	Abbas=12	
abbey	PROPN=2	ABBEY=1,Abbey=1	abbey|n|3|0
abbot	PROPN=3	ABBOT=1	abbot|n|1|0
abbreviated			abbreviated|a|2|0
abbreviation			abbreviation|n|2|0
abby	PROPN=8	Abby=3,ABBY=1	
abc	PROPN=4	ABC=4	ABC|n|1|0
abd	PROPN=1	Abd=1	
abdel	PROPN=4	Abdel=3	
abdomen	NOUN=1	abdomen=1	abdomen|n|2|0
abdominal			abdominal|a|1|0;abdominal|n|1|0
abducted	VERB=1	abducted=1	
abduction			abduction|n|2|0
abdul	PROPN=12	Abdul=11	
abdullah	PROPN=3	Abdullah=2	
abel	PROPN=1	Abel=1	Abel|n|2|2
aberdeen	PROPN=5	Aberdeen=5	Aberdeen|n|4|4
abide	VERB=3	abide=3	abide|v|2|0
abiding	VERB=2	abiding=2	abiding|a|1|0
abilities	NOUN=8	abilities=8	
ability	NOUN=38	ability=38	ability|n|2|0
able	ADJ=162	able=162	able|a|4|0
abnormal	ADJ=2	abnormal=1	abnormal|a|3|0
aboard	ADV=8,ADP=5	aboard=13	aboard|r|4|0
abode			abode|n|2|0
abolish	VERB=1	abolish=1	abolish|v|1|0
abolished	VERB=3	abolished=3	
abolishing	VERB=2	abolishing=2	
abolition	NOUN=1	abolition=1	abolition|n|1|0
abomination	NOUN=2	abomination=2	abomination|n|3|0
aboriginal			aboriginal|a|2|0;aboriginal|n|1|0
abort			abort|n|1|0;abort|v|3|0
abortion			abortion|n|2|0
abound			abound|v|2|0
about	ADP=706,ADV=217,SCONJ=101,ADJ=12	about=1026,ABOUT=2,About=1	about|a|1|0;about|r|7|0
above	ADP=37,ADV=31,ADJ=14,NOUN=1	above=78,ABOVE=1	above|a|1|0;above|n|1|0;above|r|2|0
abraham	PROPN=3	Abraham=3	Abraham|n|1|1
abrams	PROPN=1	Abrams=1	
abrasive	ADJ=1	abrasive=1	abrasive|a|2|0;abrasive|n|1|0
abroad	ADV=14,NOUN=1	abroad=15	abroad|a|1|0;abroad|r|3|0
abrupt			abrupt|a|4|0
abruptly	ADV=2	abruptly=2	abruptly|r|1|0
abs			ABS|n|1|0
absence	NOUN=8	absence=8	absence|n|4|0
absent	ADJ=1,VERB=1	absent=2	absent|a|3|0;absent|v|1|0
absentee			absentee|n|1|0
absolute	ADJ=12,ADV=1	absolute=11	absolute|a|5|0;absolute|n|1|0
absolutely	ADV=45	absolutely=29,ABSOLUTELY=2,Absolutely=2	absolutely|r|2|0
absorb	VERB=8	absorb=8	absorb|v|9|0
absorbed	VERB=1	absorbed=1	absorbed|a|2|0
absorbing	VERB=4,ADJ=1	absorbing=5	absorbing|a|1|0
absorption	NOUN=2	absorption=2	absorption|n|6|0
abstinence	NOUN=1	abstinence=1	abstinence|n|2|0
abstract	ADJ=5,NOUN=3	abstract=6	abstract|a|3|0;abstract|n|2|0;abstract|v|4|0
abstraction	NOUN=1	abstraction=1	abstraction|n|6|0
absurd	ADJ=3	absurd=3	absurd|a|2|0;absurd|n|1|0
absurdity	NOUN=1	absurdity=1	absurdity|n|2|0
abt	ADP=1	abt=1	
abu	PROPN=3	Abu=2	
abuja	PROPN=1	Abuja=1	Abuja|n|1|1
abundance	NOUN=5	abundance=4,Abundance=1	abundance|n|3|0
abundant	ADJ=5	abundant=5	abundant|a|1|0
abundantly	ADV=4	abundantly=4	abundantly|r|1|0
abuse	NOUN=13,VERB=1	abuse=13,Abuse=1	abuse|n|3|0;abuse|v|4|0
abused	VERB=5	abused=4,Abused=1	abused|a|2|0
abuser			abuser|n|1|0
abusers	NOUN=1	abusers=1	
abuses	NOUN=1	abuses=1	
abusing	VERB=1	abusing=1	
abusive			abusive|a|2|0
abyss	NOUN=1	abyss=1	abyss|n|1|0
ac	PROPN=1		AC|n|1|0;Ac|n|1|0
academia	NOUN=2,PROPN=1	academia=2,Academia=1	academia|n|1|0
academic	ADJ=28,NOUN=1	academic=26,Academic=1	academic|a|3|0;academic|n|1|0
academically			academically|r|1|0
academics	NOUN=1	academics=1	
academy	PROPN=14	Academy=14	academy|n|4|0
acc			ACC|n|1|0
accelerate	VERB=2	accelerate=2	accelerate|v|2|0
accelerated	VERB=4	accelerated=4	accelerated|a|1|0
accelerating	VERB=1	accelerating=1	
acceleration			acceleration|n|3|0
accelerator	NOUN=1	accelerator=1	accelerator|n|4|0
accent	NOUN=2,VERB=1	accent=3	accent|n|5|0;accent|v|2|0
accents	NOUN=1	accents=1	
accept	VERB=27	accept=27	accept|v|11|0
acceptable	ADJ=13	acceptable=13	acceptable|a|4|0
acceptance	NOUN=13	acceptance=13	acceptance|n|7|0
accepted	VERB=29	accepted=28,Accepted=1	accepted|a|1|0
accepting	VERB=6	accepting=6	accepting|a|1|0
accepts	VERB=1	accepts=1	
access	NOUN=73,VERB=7,X=6	access=79,Access=6	access|n|6|0;access|v|2|0
accessed	VERB=1	accessed=1	
accessibility	NOUN=5	accessibility=5	accessibility|n|2|0
accessible	ADJ=11	accessible=11	accessible|a|4|0
accessing	VERB=2	accessing=2	
accession			accession|n|6|0;accession|v|1|0
accessories	NOUN=3	accessories=3	
accessory			accessory|a|2|0;accessory|n|3|0
accident	NOUN=20,PROPN=1	accident=17,ACCIDENT=2,Accident=2	accident|n|2|0
accidental	ADJ=2	accidental=2	accidental|a|2|0;accidental|n|1|0
accidentally	ADV=6	accidentally=5	accidentally|r|3|0
accidents	NOUN=1	accidents=1	
acclaim			acclaim|n|1|0;acclaim|v|2|0
acclaimed	ADJ=1,VERB=1	acclaimed=2	
accommodate	VERB=8	accommodate=8	accommodate|v|7|0
accommodated	VERB=1	accommodated=1	
accommodating			accommodating|a|2|0
accommodation	NOUN=9	accommodation=8,Accommodation=1	accommodation|n|6|0
accommodations	NOUN=5	accommodations=5	
accompanied	VERB=7	accompanied=7	accompanied|a|2|0
accompaniment			accompaniment|n|4|0
accompany	VERB=2	accompany=2	accompany|v|4|0
accompanying			accompanying|a|1|0
accomplice			accomplice|n|1|0
accomplish	VERB=8	accomplish=8	accomplish|v|2|0
accomplished	VERB=4,ADJ=1	accomplished=5	accomplished|a|3|0
accomplishing	VERB=1	accomplishing=1	
accomplishment	NOUN=2	accomplishment=2	accomplishment|n|2|0
accomplishments	NOUN=5	accomplishments=5	
accord	NOUN=5,PROPN=3,X=1	Accord=7,accord=2	accord|n|4|0;accord|v|2|0
accordance			accordance|n|2|0
according	VERB=93,ADV=1	according=57,According=1	according|a|2|0
accordingly	ADV=8	accordingly=7	accordingly|r|2|0
accordion			accordion|n|1|0
account	NOUN=40,VERB=6	account=44,Account=2	account|n|10|0;account|v|4|0
accountability	NOUN=1	accountability=1	accountability|n|1|0
accountable	ADJ=2	accountable=2	accountable|a|1|0
accountancy			accountancy|n|1|0
accountant	NOUN=1	accountant=1	accountant|n|1|0
accounted	VERB=1	accounted=1	
accounting	NOUN=6	accounting=6	accounting|n|5|0
accounts	NOUN=14	accounts=14	
accreditation			accreditation|n|1|0
accredited	VERB=1	accredited=1	accredited|a|1|0
accrued			accrued|a|1|0
accumulate	VERB=1	accumulate=1	accumulate|v|2|0
accumulated	VERB=5	accumulated=5	accumulated|a|1|0
accumulating	VERB=1	accumulating=1	
accumulation	NOUN=1	accumulation=1	accumulation|n|4|0
accuracy	NOUN=7	accuracy=7	accuracy|n|2|0
accurate	ADJ=24	accurate=23	accurate|a|2|0
accurately	ADV=4	accurately=4	accurately|r|2|0
accusation			accusation|n|2|0
accusations	NOUN=1	accusations=1	
accuse			accuse|v|2|0
accused	VERB=7	accused=7	accused|n|1|0
accuses	VERB=3	accuses=3	
accusing	VERB=2	accusing=2	accusing|a|1|0
accustomed	VERB=4,ADJ=1	accustomed=4	accustomed|a|1|0
ace	PROPN=1	Ace=1	ACE|n|2|0;ace|a|1|0;ace|n|4|0;ace|v|4|0
acer	PROPN=1	Acer=1	Acer|n|1|0
acetate			acetate|n|2|0
ache			ache|n|1|0;ache|v|3|0
aches	NOUN=1	aches=1	
achievable			achievable|a|1|0
achieve	VERB=26	achieve=26	achieve|v|1|0
achieved	VERB=11	achieved=11	
achievement	NOUN=8,PROPN=1	achievement=8,Achievement=1	achievement|n|1|0
achievements	NOUN=11	achievements=11	
achieving	VERB=12	achieving=9	
achilles	PROPN=2	Achilles=2	Achilles|n|1|1
aching			aching|a|1|0;aching|n|1|0
acid			acid|a|3|0;acid|n|2|0
acidic	ADJ=2	acidic=2	acidic|a|2|0
acidity	NOUN=2	acidity=2	acidity|n|3|0
acknowledge	VERB=11	acknowledge=11	acknowledge|v|6|0
acknowledged	VERB=6	acknowledged=6	acknowledged|a|2|0
acknowledgement			acknowledgement|n|2|0
acknowledges	VERB=1	acknowledges=1	
acknowledging	VERB=3	acknowledging=3	
acknowledgment			acknowledgment|n|3|0
acne	NOUN=2	acne=2	acne|n|1|0
acorn			acorn|n|1|0
acoustic	ADJ=2	acoustic=2	acoustic|a|1|0;acoustic|n|1|0
acoustics			acoustics|n|1|0
acquaintance	NOUN=1	acquaintance=1	acquaintance|n|3|0
acquaintances	NOUN=1	acquaintances=1	
acquainted	ADJ=1	acquainted=1	acquainted|a|1|0
acquire	VERB=8	acquire=8	acquire|v|7|0
acquired	VERB=14	acquired=13	acquired|a|1|0
acquiring	VERB=8	acquiring=7	acquiring|n|1|0
acquisition	NOUN=6,PROPN=1	acquisition=6,Acquisition=1	acquisition|n|4|0
acquitted	VERB=2	acquitted=2	acquitted|a|1|0
acre			Acre|n|2|2;acre|n|1|0
acres	NOUN=3	acres=3	acres|n|1|0
acronym	NOUN=4	acronym=4	acronym|n|1|0
across	ADP=96,ADV=4	across=96	across|r|2|0
acrylic	ADJ=3	acrylic=3	acrylic|n|4|0
act	PROPN=31,NOUN=29,VERB=17	act=43,Act=33	act|n|5|0;act|v|9|0
acted	VERB=11	acted=11	
actin			actin|n|1|0
acting	VERB=14,NOUN=2,ADJ=1	acting=16,Acting=1	acting|a|1|0;acting|n|1|0
action	NOUN=76,PROPN=10	action=75,Action=9	action|n|11|0;action|v|2|0
actions	NOUN=39	actions=39	
activate	VERB=1	activate=1	activate|v|5|0
activated	VERB=2	activated=2	activated|a|4|0
activating			activating|a|1|0;activating|n|1|0
activation	NOUN=1	activation=1	activation|n|3|0
active	ADJ=29	active=28,Active=1	active|a|14|0;active|n|3|0
actively	ADV=6	actively=6	actively|r|1|0
activism	NOUN=1	activism=1	activism|n|1|0
activist	NOUN=3	activist=3	activist|a|1|0;activist|n|1|0
activists	NOUN=2	activists=2	
activities	NOUN=46	activities=46	
activity	NOUN=38	activity=35,Activity=1	activity|n|6|0
actor	NOUN=10	actor=8,Actor=2	actor|n|2|0
actors	NOUN=3	actors=3	
actress	NOUN=7	Actress=4,actress=3	actress|n|1|0
actresses	NOUN=2	actresses=2	
acts	NOUN=10,VERB=7	acts=17	Acts|n|1|1
actual	ADJ=23	actual=22,Actual=1	actual|a|5|0
actuality			actuality|n|1|0
actually	ADV=186	actually=168	actually|r|4|0
acute	ADJ=2	acute=2	acute|a|6|0;acute|n|1|0
acutely	ADV=1	acutely=1	acutely|r|4|0
ad	NOUN=8	AD=4,ad=4	AD|r|1|0;ad|n|1|0
ada	NOUN=1	ADA=1	ADA|n|1|0
adam	PROPN=6	Adam=5	Adam|n|3|2
adamant			adamant|a|1|0;adamant|n|1|0
adams	PROPN=2	Adams=2	Adams|n|4|4
adapt	VERB=2	adapt=2	adapt|v|2|0
adaptable			adaptable|a|1|0
adaptation	NOUN=7	adaptation=7	adaptation|n|3|0
adaptations	NOUN=1	adaptations=1	
adapted	VERB=6	adapted=6	adapted|a|1|0
adapter			adapter|n|2|0
adaptive	ADJ=2	adaptive=2	adaptive|a|1|0
add	VERB=93,PROPN=2,NOUN=1	add=80,Add=2	ADD|n|1|0;add|v|6|0
added	VERB=47,ADJ=1	added=48	
addict	NOUN=1	addict=1	addict|n|2|0;addict|v|1|0
addicted	ADJ=7	addicted=7	addicted|a|1|0
addiction	NOUN=20,PROPN=1	addiction=20,Addiction=1	addiction|n|3|0
addictions	NOUN=2	addictions=2	
addictive	ADJ=1	addictive=1	addictive|a|1|0
addicts	NOUN=2	addicts=2	
adding	VERB=20	adding=19	
addition	NOUN=43,PROPN=1	addition=43,Addition=1	addition|n|6|0
additional	ADJ=48	additional=43,Additional=1	additional|a|1|0
additionally	ADV=10		additionally|r|1|0
additions	NOUN=1	additions=1	
additive	NOUN=1	additive=1	additive|a|2|0;additive|n|1|0
address	NOUN=40,VERB=33	address=69,ADDRESS=1,Address=1	address|n|8|0;address|v|10|0
addressed	VERB=17	addressed=17	addressed|a|1|0
addresses	NOUN=11,VERB=2	addresses=13	
addressing	VERB=8	addressing=8	
adds	VERB=12	adds=11	
adelaide	PROPN=1	Adelaide=1	Adelaide|n|1|1
adele	PROPN=2	Adele=1	
aden			Aden|n|1|1
adept			adept|a|1|0;adept|n|1|0
adequate	ADJ=14	adequate=14	adequate|a|3|0
adequately	ADV=5	adequately=5	adequately|r|1|0
adhd	NOUN=1	ADHD=1	ADHD|n|1|0
adhere	VERB=1	adhere=1	adhere|v|6|0
adhered	VERB=1	adhered=1	
adherence			adherence|n|2|0
adhering	VERB=3	adhering=3	
adhesion			adhesion|n|4|0
adhesive			adhesive|a|1|0;adhesive|n|1|0
adidas	PROPN=2	Adidas=2	
adjacent	ADJ=2	adjacent=2	adjacent|a|3|0
adjective	NOUN=2	adjective=2	adjective|a|2|0;adjective|n|2|0
adjoining	VERB=1	adjoining=1	
adjunct			adjunct|a|2|0;adjunct|n|3|0
adjust	VERB=11	adjust=11	adjust|v|5|0
adjustable	ADJ=1	adjustable=1	adjustable|a|2|0
adjusted	VERB=7	adjusted=7	adjusted|a|4|0
adjusting	VERB=3	adjusting=3	
adjustment	NOUN=8,PROPN=1	adjustment=8,Adjustment=1	adjustment|n|5|0
adjustments	NOUN=10	adjustments=10	
adjutant			adjutant|n|2|0
adler	PROPN=2	Adler=1	
admin	ADJ=2,NOUN=2	admin=2,Admin=1	
administer	VERB=3	administer=3	administer|v|5|0
administered	VERB=6	administered=6	
administration	NOUN=49,PROPN=15	administration=45,Administration=19	administration|n|6|0
administrations	NOUN=2	administrations=2	
administrative	ADJ=14	administrative=8,Administrative=6	administrative|a|1|0
administrator	NOUN=9,PROPN=6	Administrator=10,administrator=5	administrator|n|3|0
admirable			admirable|a|2|0
admiral	NOUN=1,PROPN=1	Admiral=1,admiral=1	admiral|n|2|0
admiralty			admiralty|n|2|0
admiration	NOUN=3	admiration=3	admiration|n|3|0
admire	VERB=3	admire=3	admire|v|2|0
admired			admired|a|1|0
admirer			admirer|n|3|0
admirers	NOUN=1	admirers=1	
admiring	VERB=1	admiring=1	
admission	NOUN=7	admission=6	admission|n|4|0
admissions	NOUN=26	admissions=20,Admissions=5	
admit	VERB=10	admit=10	admit|v|8|0
admits	VERB=2	admits=2	
admitted	VERB=22	admitted=22	
admittedly	ADV=1	admittedly=1	admittedly|r|1|0
admitting	VERB=1	admitting=1	
adnan	PROPN=4	Adnan=2	
ado			ado|n|1|0
adobe	PROPN=3	Adobe=2	adobe|n|2|0
adolescence			adolescence|n|2|0
adolescent			adolescent|a|4|0;adolescent|n|1|0
adolescents	NOUN=1	adolescents=1	
adolf	PROPN=2	Adolf=1	
adopt	VERB=8	adopt=8	adopt|v|7|0
adopted	VERB=15	adopted=15	adopted|a|1|0
adopting	VERB=3	adopting=3	
adoption	NOUN=5	adoption=5	adoption|n|3|0
adoptive	ADJ=1	adoptive=1	adoptive|a|2|0
adopts	VERB=2	adopts=1	
adorable	ADJ=3	adorable=3	adorable|a|1|0
adoration			adoration|n|3|0
adore			adore|v|1|0
adored			adored|a|1|0
adorned	VERB=3	adorned=2	adorned|a|1|0
adrenaline			adrenaline|n|1|0
adrian			Adrian|n|2|2
ads	NOUN=5	ads=5	
adult	NOUN=13,ADJ=7	adult=20	adult|a|2|0;adult|n|2|0
adultery			adultery|n|1|0
adulthood			adulthood|n|2|0
adults	NOUN=34	adults=34	
advance	NOUN=14,VERB=4,ADJ=1,PROPN=1	advance=18,Advance=2	advance|a|2|0;advance|n|6|0;advance|v|12|0
advanced	ADJ=12,VERB=6	advanced=16,Advanced=2	advanced|a|8|0
advancement	NOUN=3	advancement=3	advancement|n|3|0
advancements	NOUN=1	advancements=1	
advances	NOUN=5,VERB=1	advances=6	
advancing	VERB=1	advancing=1	advancing|a|1|0
advantage	NOUN=18	advantage=17,ADVANTAGE=1	advantage|n|3|0;advantage|v|1|0
advantageous			advantageous|a|2|0
advantages	NOUN=4	advantages=4	
advent	NOUN=1	advent=1	Advent|n|2|1;advent|n|1|0
adventure	NOUN=12	adventure=12	adventure|n|1|0;adventure|v|2|0
adventurer			adventurer|n|2|0
adventurous	ADJ=2	adventurous=2	adventurous|a|1|0
adversaries	NOUN=1	adversaries=1	
adversary			adversary|n|1|0
adverse	ADJ=4	adverse=4	adverse|a|2|0
adversely			adversely|r|1|0
adversity	NOUN=3	adversity=3	adversity|n|2|0
advert	NOUN=1	advert=1	advert|n|1|0;advert|v|3|0
advertise	VERB=2	advertise=2	advertise|v|2|0
advertised	VERB=2	advertised=2	advertised|a|1|0
advertisement			advertisement|n|1|0
advertiser			advertiser|n|1|0
advertisers	NOUN=2	advertisers=2	
advertising	NOUN=10	advertising=10	advertising|n|2|0
advice	NOUN=40,VERB=2	advice=40,Advice=2	advice|n|1|0
advisable	ADJ=1	advisable=1	advisable|a|1|0
advise	VERB=15,NOUN=2	advise=17	advise|v|3|0
advised	VERB=12	advised=12	advised|a|2|0
adviser	NOUN=4	adviser=4	adviser|n|1|0
advisers	NOUN=2	advisers=2	
advises	VERB=2	advises=2	
advising	VERB=1	advising=1	
advisor	NOUN=5	advisor=5	advisor|n|1|0
advisors	NOUN=2	advisors=2	
advisory	NOUN=3,ADJ=2,PROPN=1	Advisory=4,advisory=2	advisory|a|1|0;advisory|n|1|0
advocacy	NOUN=2	advocacy=2	advocacy|n|1|0
advocate	NOUN=3,VERB=1	advocate=4	advocate|n|2|0;advocate|v|2|0
advocated	VERB=1	advocated=1	
advocates	NOUN=3	advocates=3	
aerial	ADJ=2	aerial=2	aerial|a|2|0;aerial|n|2|0
aerobic			aerobic|a|2|0
aerodynamic			aerodynamic|a|2|0
aeronautical			aeronautical|a|1|0
aeronautics	PROPN=2	Aeronautics=2	aeronautics|n|1|0
aeroplane	NOUN=3	aeroplane=3	aeroplane|n|1|0
aerospace	NOUN=1,PROPN=1	Aerospace=1,aerospace=1	aerospace|n|1|0
aesthetic	ADJ=13	aesthetic=12	aesthetic|a|3|0;aesthetic|n|1|0
aesthetically			aesthetically|r|1|0
aesthetics	NOUN=10,PROPN=1	aesthetics=10,Aesthetics=1	aesthetics|n|1|0
af	PROPN=2,X=1	AF=2,af=1	
afar	ADV=1,NOUN=1	afar=2	afar|r|1|0
affair	NOUN=11,PROPN=1	affair=11,Affair=1	affair|n|3|0
affairs	NOUN=8,PROPN=4	Affairs=6,affairs=6	affairs|n|2|0
affect	VERB=14,NOUN=1	affect=15	affect|n|1|0;affect|v|5|0
affected	VERB=22,ADJ=2	affected=24	affected|a|3|0
affecting	VERB=5	affecting=5	affecting|a|1|0
affection	NOUN=3	affection=3	affection|n|1|0
affectionate	ADJ=2	affectionate=2	affectionate|a|1|0
affectionately			affectionately|r|1|0
affects	VERB=9	affects=9	
affidavit			affidavit|n|1|0
affiliate	NOUN=4	affiliate=4	affiliate|n|2|0;affiliate|v|2|0
affiliated			affiliated|a|1|0
affiliates	NOUN=2	affiliates=2	
affiliation	NOUN=2	affiliation=2	affiliation|n|2|0
affiliations	NOUN=1	affiliations=1	
affinity	NOUN=1	affinity=1	affinity|n|7|0
affirm	VERB=3	affirm=3	affirm|v|3|0
affirmation			affirmation|n|4|0
affirmative	ADJ=4	affirmative=3,Affirmative=1	affirmative|a|3|0;affirmative|n|1|0
affirmed	VERB=1	affirmed=1	Affirmed|n|1|1
affirming	VERB=1	affirming=1	
afflicted			afflicted|a|2|0
affliction	NOUN=5	affliction=5	affliction|n|3|0
affluent	ADJ=4	affluent=4	affluent|a|1|0;affluent|n|2|0
afford	VERB=25	afford=25	afford|v|3|0
affordable	ADJ=20	affordable=17,Affordable=2	affordable|a|1|0
afghan	ADJ=26	Afghan=24	Afghan|a|1|0;Afghan|n|3|0;afghan|n|2|0
afghanistan	PROPN=51	Afghanistan=48,afghanistan=1	Afghanistan|n|1|1
afl			AFL|n|1|0
afloat			afloat|a|3|0
aforementioned	ADJ=1	aforementioned=1	aforementioned|a|1|0
afp	PROPN=2	AFP=2	AFP|n|1|0
afraid	ADJ=29,PROPN=1	afraid=28	afraid|a|4|0
africa	PROPN=25	Africa=25	Africa|n|1|1
african	ADJ=32,PROPN=4	African=32	African|a|1|0;African|n|1|0
africans	PROPN=1	Africans=1	
afro			Afro|n|1|0
aft			aft|a|1|0;aft|r|1|0
after	ADP=303,SCONJ=196,ADV=8,NOUN=1	after=393,After=2,AFTER=1	after|a|1|0;after|r|2|0
afterlife	NOUN=1	afterlife=1	afterlife|n|1|0
aftermath	NOUN=8	aftermath=8	aftermath|n|2|0
afternoon	NOUN=46	afternoon=45,Afternoon=1	afternoon|n|2|0
afterward	ADV=4	afterward=4	afterward|r|1|0
afterwards	ADV=10	afterwards=9	afterwards|r|1|0
ag	NOUN=1,PROPN=1	AG=2	Ag|n|1|0
aga			Aga|n|1|0
again	ADV=265	again=248,AGAIN=1	again|r|1|0
against	ADP=175,SCONJ=3	against=175,Against=1	
agatha	PROPN=1	Agatha=1	
age	NOUN=78,PROPN=1,VERB=1,X=1	age=76,Age=4	age|n|5|0;age|v|3|0
aged	ADJ=11,VERB=2	aged=13	aged|a|5|0;aged|n|1|0
ageing			ageing|a|1|0;ageing|n|2|0
agencies	NOUN=13	agencies=12,Agencies=1	
agency	NOUN=23,PROPN=12	agency=23,Agency=12	agency|n|5|0
agenda	NOUN=17	agenda=17	agenda|n|2|0
agendas	NOUN=1	agendas=1	
agent	NOUN=19,PROPN=1	agent=19,Agent=1	agent|n|6|0
agents	NOUN=21,PROPN=1	agents=20,Agents=1	
ages	PROPN=4,NOUN=2	Ages=4,ages=2	
aggravated	VERB=3	aggravated=3	aggravated|a|2|0
aggravating			aggravating|a|1|0
aggregate	ADJ=2,NOUN=1	aggregate=2,Aggregate=1	aggregate|a|2|0;aggregate|n|3|0;aggregate|v|2|0
aggregation	NOUN=1	aggregation=1	aggregation|n|2|0
aggression	NOUN=5	aggression=5	aggression|n|5|0
aggressive	ADJ=12	aggressive=12	aggressive|a|3|0
aggressively	ADV=2	aggressively=2	aggressively|r|1|0
agile			agile|a|2|0
agility	NOUN=1	agility=1	agility|n|1|0
aging	NOUN=8,VERB=1	aging=8	aging|a|1|0;aging|n|2|0
agitated			agitated|a|2|0
agitation			agitation|n|5|0
ago	ADV=112	ago=112	ago|a|1|0;ago|r|1|0
agony	NOUN=2	agony=2	agony|n|2|0
agrarian	ADJ=1	Agrarian=1	agrarian|a|1|0
agree	VERB=38	agree=38	agree|v|7|0
agreeable	ADJ=3	agreeable=3	agreeable|a|3|0
agreed	VERB=38	agreed=38	agreed|a|1|0
agreeing	VERB=4	agreeing=4	
agreement	NOUN=88,X=3,PROPN=2	agreement=59,Agreement=34	agreement|n|6|0
agreements	NOUN=11	agreements=10,Agreements=1	
agrees	VERB=4	agrees=4	
agricultural	ADJ=8	agricultural=8	agricultural|a|2|0
agriculture	NOUN=11,PROPN=2	agriculture=11,Agriculture=2	Agriculture|n|1|0;agriculture|n|3|0
ah	INTJ=12	ah=2	
ahead	ADV=38,ADP=2,NOUN=1	ahead=41	ahead|a|1|0;ahead|r|7|0
ahem			ahem|n|1|0
ahmad	PROPN=3	Ahmad=2	
ahmed	PROPN=18	Ahmed=16	
ai	NOUN=11,AUX=4,PROPN=2,VERB=1,X=1	AI=13,ai=6	AI|n|3|0;ai|n|1|0
aid	NOUN=15,VERB=5,PROPN=3	aid=20,Aid=3	aid|n|4|0;aid|v|2|0
aide	NOUN=1	aide=1	aide|n|2|0
aided	VERB=2	aided=2	aided|a|1|0
aides			Aides|n|1|1
aiding	VERB=1	aiding=1	
aids	NOUN=2,PROPN=1	AIDS=2,Aids=1	AIDS|n|1|0
aiken			Aiken|n|1|1
ailing			ailing|a|1|0
ailments	NOUN=1	ailments=1	
aim	NOUN=6,VERB=4,PROPN=1	aim=10,AIM=1	aim|n|4|0;aim|v|7|0
aimed	VERB=6	aimed=6	
aiming	VERB=2	aiming=2	
aims	VERB=6,NOUN=1	aims=7	
ain			ain|a|1|0
air	NOUN=78,PROPN=34,VERB=1	air=79,Air=30,AIR=1	air|n|9|0;air|v|6|0
airbnb	PROPN=11	Airbnb=8	
airborne	ADJ=5	airborne=4,Airborne=1	airborne|a|1|0
airbus			airbus|n|1|0
aircraft	NOUN=7	aircraft=6,Aircraft=1	aircraft|n|1|0
aired	VERB=1	aired=1	aired|a|1|0
aires	PROPN=9	Aires=9	
airfield			airfield|n|1|0
airflow			airflow|n|1|0
airing			airing|n|3|0
airline	NOUN=9	airline=9	airline|n|2|0
airlines	NOUN=8,PROPN=4	airlines=9,Airlines=3	
airplane	NOUN=6	airplane=6	airplane|n|1|0
airplanes	NOUN=1	airplanes=1	
airport	NOUN=22,PROPN=14	airport=24,Airport=12	airport|n|1|0
airports	NOUN=6	airports=6	
airs			airs|n|1|0
airspace			airspace|n|2|0
airway	NOUN=1	airway=1	airway|n|4|0
airways	PROPN=2	Airways=2	
airy			airy|a|4|0
aisle	NOUN=2	aisle=2	aisle|n|3|0
ajax			Ajax|n|1|1
ak	PROPN=2,NOUN=1	AK=3	AK|n|1|1
aka	ADV=10	aka=8	
akin	ADJ=1,PROPN=1	Akin=1,akin=1	akin|a|2|0
akron			Akron|n|1|1
al	PROPN=165,X=2	al=75,Al=70	AL|n|1|1;Al|n|1|0
ala	ADP=1	ala=1	ala|n|2|0
alabama	PROPN=15	Alabama=15	Alabama|n|4|2
aladdin			Aladdin|n|1|1
alain	PROPN=1	Alain=1	
alamo	PROPN=4	Alamo=4	Alamo|n|1|1
alan	PROPN=5	Alan=4	
alarm	NOUN=7	alarm=7	alarm|n|4|0;alarm|v|2|0
alarmed	ADJ=1,VERB=1	alarmed=2	alarmed|a|1|0
alarming	VERB=2,ADJ=1	alarming=3	alarming|a|1|0
alarms	NOUN=5,VERB=1	alarms=6	
alas			alas|r|1|0
alaska	PROPN=12	Alaska=12	Alaska|n|1|1
alaskan	ADJ=2	Alaskan=2	Alaskan|a|1|0;Alaskan|n|1|0
albania	PROPN=11	Albania=8	Albania|n|1|1
albanian	ADJ=5	Albanian=5	Albanian|a|1|0;Albanian|n|2|0
albany			Albany|n|2|2
albeit	SCONJ=2	albeit=1	
albert	PROPN=3	Albert=2	Albert|n|1|1
alberta	X=7,PROPN=1	Alberta=4	Alberta|n|1|1
albion			Albion|n|1|1
album	NOUN=3,PROPN=3	Album=3,album=3	album|n|2|0
albums	NOUN=2	albums=2	
albuquerque			Albuquerque|n|1|1
alchemy			alchemy|n|2|0
alcohol	NOUN=13,PROPN=1	alcohol=13,Alcohol=1	alcohol|n|2|0
alcoholic	NOUN=1	alcoholic=1	alcoholic|a|2|0;alcoholic|n|1|0
alcoholics	NOUN=1	alcoholics=1	
alcoholism	NOUN=4	alcoholism=4	alcoholism|n|2|0
alderman			alderman|n|1|0
aldo	PROPN=2	Aldo=2	
ale	NOUN=1	ale=1	ale|n|1|0
aleppo			Aleppo|n|1|1
alert	NOUN=5,PROPN=2,ADJ=1	alert=6,Alert=2	alert|a|3|0;alert|n|3|0;alert|v|1|0
alerted	VERB=2	alerted=2	
alerts	NOUN=4	alerts=4	
alex	PROPN=8	Alex=6,ALEX=1	
alexander	PROPN=6	Alexander=6	Alexander|n|2|1
alexandria	PROPN=3	Alexandria=3	Alexandria|n|2|2
alexis	PROPN=1	Alexis=1	
alfred	PROPN=3	Alfred=3	Alfred|n|1|1
algae	NOUN=1	algae=1	algae|n|1|0
algebra	NOUN=2	algebra=2	algebra|n|1|0
algebraic			algebraic|a|1|0
algeria	PROPN=2	Algeria=2	Algeria|n|1|1
algerian			Algerian|a|1|0;Algerian|n|1|0
algorithm			algorithm|n|1|0
algorithms	NOUN=1	algorithms=1	
ali	PROPN=8	Ali=7	Ali|n|2|2
alia	PROPN=1	Alia=1	
alias	NOUN=2	alias=2	alias|n|1|0;alias|r|1|0
alibi			alibi|n|2|0;alibi|v|1|0
alice	PROPN=2	Alice=2	
alien			alien|a|2|0;alien|n|3|0;alien|v|1|0
alienated			alienated|a|2|0
alienation			alienation|n|4|0
align	VERB=1	align=1	align|v|4|0
aligned	VERB=3	aligned=3	aligned|a|2|0
alignment	NOUN=4	alignment=4	alignment|n|4|0
alike	ADJ=8,ADV=7	alike=13,Alike=1	alike|a|1|0;alike|r|2|0
alimony			alimony|n|1|0
alive	ADJ=10	alive=10	alive|a|7|0
alkaline			alkaline|a|1|0
all	DET=1163,ADV=183,NOUN=3,PROPN=2,ADJ=1	all=1229,All=16,ALL=10	all|a|2|0;all|r|1|0
allah	PROPN=2	Allah=2	Allah|n|1|1
allegation	NOUN=1	allegation=1	allegation|n|2|0
allegations	NOUN=8	allegations=8	
allege	VERB=2	allege=2	allege|v|1|0
alleged	VERB=13,ADJ=4	alleged=17	alleged|a|2|0
allegedly	ADV=10	allegedly=9	allegedly|r|1|0
allegheny	PROPN=1	Allegheny=1	Allegheny|n|1|1
allegiance	NOUN=2	allegiance=2	allegiance|n|2|0
allen	PROPN=7	Allen=5,allen=1	Allen|n|3|3
allergic			allergic|a|2|0
allergies	NOUN=1	allergies=1	
allergy			allergy|n|1|0
alleviate			alleviate|v|2|0
alley	PROPN=2	Alley=2	alley|n|2|0
alliance	NOUN=14,PROPN=7	alliance=14,Alliance=7	alliance|n|5|0
allied	VERB=1	allied=1	Allied|a|2|0;allied|a|3|0
allies	NOUN=10	allies=10	Allies|n|2|0;allies|n|1|0
alligator			alligator|n|2|0;alligator|v|1|0
allison	PROPN=1	Allison=1	
allocate	VERB=3	allocate=3	allocate|v|1|0
allocated	VERB=10	allocated=10	
allocation	NOUN=4	allocation=4	allocation|n|3|0
allotment			allotment|n|2|0
allotted	VERB=1	allotted=1	allotted|a|1|0
allow	VERB=44	allow=40	allow|v|10|0
allowance	PROPN=5,NOUN=2	Allowance=4,allowance=2,ALLOWANCE=1	allowance|n|6|0;allowance|v|1|0
allowed	VERB=50	allowed=50	
allowing	VERB=7	allowing=7	
allows	VERB=13	allows=13	
alloy			alloy|n|2|0;alloy|v|2|0
alluded	VERB=1	alluded=1	
allure			allure|n|1|0;allure|v|1|0
ally	NOUN=4,VERB=1	ally=5	ally|n|2|0;ally|v|1|0
alma	NOUN=1,PROPN=1,X=1	alma=1	
almighty			Almighty|n|1|1;almighty|a|1|0
almond			almond|n|2|0
almost	ADV=103	almost=93	almost|r|1|0
aloft	ADP=1	aloft=1	aloft|r|4|0
aloha	INTJ=1		aloha|n|1|0
alone	ADV=46,ADJ=18	alone=61,Alone=2,ALONE=1	alone|a|4|0;alone|r|2|0
along	ADP=73,ADV=41	along=108,ALONG=1	along|r|5|0
alongside	ADP=6	alongside=6	alongside|r|1|0
alonso			Alonso|n|1|1
alot	ADV=2	alot=2	
aloud			aloud|r|2|0
alpha	PROPN=1	Alpha=1	alpha|a|2|0;alpha|n|2|0
alphabet	NOUN=2	Alphabet=1,alphabet=1	alphabet|n|2|0
alphabetical	ADJ=1	alphabetical=1	alphabetical|a|2|0
alpine	PROPN=1	Alpine=1	Alpine|a|1|0;alpine|a|2|0
alps	PROPN=1	Alps=1	Alps|n|1|1
already	ADV=182	already=177	already|r|1|0
alright	INTJ=47,ADJ=6,ADV=1	alright=12	alright|a|1|0;alright|r|3|0
als			ALS|n|1|0
also	ADV=762	also=667,Also=3,ALSO=2	also|r|1|0
alt	NOUN=1	alt=1	ALT|n|1|0
alta	PROPN=1	Alta=1	
altar	NOUN=4	altar=4	altar|n|2|0
alter	VERB=4,PROPN=1	alter=4,Alter=1	alter|v|5|0
alteration	NOUN=1		alteration|n|3|0
alterations	NOUN=3	alterations=3	
altercation			altercation|n|1|0
altered	VERB=3	altered=3	altered|a|3|0
altering	VERB=4	altering=4	altering|n|1|0
alternate	ADJ=2	Alternate=1,alternate=1	alternate|a|4|0;alternate|n|1|0;alternate|v|5|0
alternately	ADV=1	alternately=1	alternately|r|1|0
alternating	VERB=1	alternating=1	alternating|a|2|0
alternative	ADJ=19,NOUN=14	alternative=31,ALTERNATIVE=1	alternative|a|3|0;alternative|n|1|0
alternatively	ADV=5	alternatively=1	alternatively|r|1|0
alternatives	NOUN=7	alternatives=7	
although	SCONJ=113,ADV=1	although=59	
altitude	NOUN=3	altitude=3	altitude|n|3|0
alto	PROPN=4	Alto=3	alto|a|3|0;alto|n|5|0
altogether	ADV=7	altogether=7	altogether|n|1|0;altogether|r|3|0
alum			alum|n|3|0;alum|n|1|0
aluminium			aluminium|n|1|0
aluminum	NOUN=4	aluminum=4	aluminum|n|1|0
alumni	NOUN=1	alumni=1	
alvin	PROPN=2	Alvin=1	
always	ADV=229	always=218,ALWAYS=5,Always=2	always|r|5|0
am	AUX=399,NOUN=137,PROPN=2	am=428,AM=103,Am=1	AM|n|3|0;AM|r|1|0;Am|n|1|0;am|n|1|0;am|r|1|0
amalgamation	NOUN=1	amalgamation=1	amalgamation|n|1|0
amanda	PROPN=2	Amanda=1	
amassed	VERB=1	amassed=1	
amateur	NOUN=2	amateur=2	amateur|a|2|0;amateur|n|2|0
amaze	VERB=1	AMAZE=1	amaze|v|2|0
amazed	VERB=4,ADJ=3	amazed=7	amazed|a|1|0
amazes	VERB=2	amazes=2	
amazing	ADJ=72	amazing=57,Amazing=3,AMAZING=1	amazing|a|2|0
amazingly	ADV=5	amazingly=3	amazingly|r|1|0
amazon	PROPN=4	Amazon=4	Amazon|n|2|1;amazon|n|2|0
ambassador	PROPN=3,NOUN=1	Ambassador=3,ambassador=1	ambassador|n|2|0
ambassadors	NOUN=1	ambassadors=1	
amber			amber|a|1|0;amber|n|2|0
ambient			ambient|a|1|0
ambiguity	NOUN=2	ambiguity=1	ambiguity|n|2|0
ambiguous	ADJ=1	ambiguous=1	ambiguous|a|3|0
ambition	NOUN=3	ambition=3	ambition|n|2|0;ambition|v|1|0
ambitions	NOUN=1	ambitions=1	
ambitious	ADJ=8	ambitious=7	ambitious|a|2|0
ambrose			Ambrose|n|1|1
ambulance	NOUN=3	ambulance=3	ambulance|n|1|0
ambush			ambush|n|1|0;ambush|v|2|0
amd	CCONJ=1		AMD|n|1|0
amelia	PROPN=2	Amelia=1	amelia|n|1|0
amen	INTJ=1		Amen|n|1|1
amend	VERB=3	amend=3	amend|v|3|0
amended	VERB=5,NOUN=1	amended=6	amended|a|2|0
amendment	NOUN=7,PROPN=3	Amendment=6,amendment=4	amendment|n|2|0
amendments	NOUN=2	Amendments=1,amendments=1	
amends	VERB=1	amends=1	amends|n|2|0
amenities	NOUN=2	amenities=2	amenities|n|1|0
america	PROPN=103	America=98	America|n|2|2
american	ADJ=179,PROPN=12	American=180,american=5,AMERICAN=1	American|a|2|0;American|n|3|0
americana			Americana|n|1|0
americans	PROPN=104	Americans=98,AMERICANS=2,americans=1	
americas	PROPN=7	Americas=6,AMERICAS=1	
ames	PROPN=9	Ames=8,AMES=1	
ami	PROPN=3	AMI=3	
amid	ADP=1		
amidst	ADP=5	amidst=5	
amin	PROPN=3	Amin=1	
amino			amino|a|1|0;amino|n|1|0
amir	PROPN=1	Amir=1	amir|n|1|0
amish			Amish|n|1|0
amman	PROPN=1	Amman=1	Amman|n|1|1
ammo			ammo|n|1|0
ammonia	NOUN=2	ammonia=2	ammonia|n|2|0
ammunition	NOUN=5	ammunition=5	ammunition|n|3|0
amnesia			amnesia|n|1|0
amnesty	PROPN=2,NOUN=1	Amnesty=1,amnesty=1	amnesty|n|3|0;amnesty|v|1|0
among	ADP=98	among=91	
amongst	ADP=8	amongst=8	
amor			Amor|n|1|1
amos			Amos|n|2|2
amount	NOUN=114,PROPN=2,VERB=1	amount=69,Amount=46	amount|n|4|0;amount|v|3|0
amounts	NOUN=13,VERB=4	amounts=17	
amp	NOUN=2	amp=2	AMP|n|1|0;amp|n|1|0
ample	ADJ=2	ample=2	ample|a|3|0
amplification			amplification|n|3|0
amplified	VERB=1	amplified=1	
amplifier			amplifier|n|1|0
amplify			amplify|v|4|0
amplitude	NOUN=1	amplitude=1	amplitude|n|3|0
ams	PROPN=3	AMS=3	
amsterdam	PROPN=7	Amsterdam=7	Amsterdam|n|1|1
amuse	NOUN=1	amuse=1	amuse|v|2|0
amused	ADJ=1	amused=1	amused|a|1|0
amusement	NOUN=4	amusement=4	amusement|n|2|0
amusing	ADJ=2	amusing=2	amusing|a|2|0
amy	PROPN=5	Amy=3	
an	DET=1292,CCONJ=3	an=1230,An=8,AN=2	AN|n|1|0
ana	PROPN=5	Ana=5	Ana|n|1|1;ana|n|1|0
anaheim	PROPN=1	Anaheim=1	Anaheim|n|1|1
anal	ADJ=1	anal=1	anal|a|2|0
analog			analog|a|1|0;analog|n|1|0
analogous			analogous|a|2|0
analogue			analogue|a|1|0;analogue|n|1|0
analogy	NOUN=3	analogy=3	analogy|n|3|0
analyse	VERB=2	analyse=2	analyse|v|4|0
analysed	VERB=2	analysed=2	
analyses	NOUN=10	analyses=10	
analysis	NOUN=36,PROPN=2	analysis=35,Analysis=3	analysis|n|6|0
analyst	NOUN=20,PROPN=1	Analyst=12,analyst=6	analyst|n|3|0
analysts	NOUN=8	Analysts=4,analysts=4	
analytic	ADJ=1	Analytic=1	analytic|a|4|0
analytical	ADJ=4	analytical=3	analytical|a|2|0
analytics	PROPN=2	Analytics=2	
analyze	VERB=1	analyze=1	analyze|v|4|0
analyzed	VERB=4	analyzed=4	analyzed|a|1|0
analyzes	VERB=2	analyzes=2	
analyzing	VERB=2	analyzing=2	
anarchist			anarchist|n|1|0
anarchy	NOUN=1	anarchy=1	anarchy|n|1|0
anastasia	PROPN=1	Anastasia=1	
anatomical	ADJ=2	anatomical=2	anatomical|a|2|0;anatomical|n|1|0
anatomy	NOUN=4	anatomy=4	anatomy|n|3|0
ancestor			ancestor|n|1|0
ancestors	NOUN=4	ancestors=4	
ancestral	ADJ=2	ancestral=2	ancestral|a|2|0
ancestry	NOUN=5	ancestry=5	ancestry|n|2|0
anchor	VERB=1	anchor=1	anchor|n|3|0;anchor|v|2|0
anchorage	NOUN=1	anchorage=1	Anchorage|n|1|1;anchorage|n|5|0
ancient	ADJ=21	ancient=21	ancient|a|2|0;ancient|n|2|0
ancients			ancients|n|1|0
and	CCONJ=12626,DET=6,X=6,ADP=2	and=11830,AND=41,And=16	
andersen			Andersen|n|1|1
anderson	PROPN=9	Anderson=9	Anderson|n|5|5
andes	PROPN=1	Andes=1	Andes|n|1|1
andre	PROPN=3	Andre=2	
andrea	PROPN=2	Andrea=1	
andreas	PROPN=3	Andreas=2	
andres	PROPN=1	Andres=1	
andrew	PROPN=13	Andrew=7	Andrew|n|1|1
andrews	PROPN=3	Andrews=3	Andrews|n|1|1
android			android|n|2|0
andromeda			Andromeda|n|2|2;andromeda|n|2|0
andy	PROPN=21	Andy=21	
anecdotal			anecdotal|a|2|0
anecdote			anecdote|n|1|0
anecdotes	NOUN=1	anecdotes=1	
anemia			Anemia|n|1|0;anemia|n|2|0
anesthesia	NOUN=1	anesthesia=1	anesthesia|n|1|0
anew	ADV=1	anew=1	anew|r|1|0
ang			ANG|n|1|0
angel	NOUN=4,PROPN=1	angel=3,Angel=2	Angel|n|1|1;angel|n|3|0
angela	PROPN=2	Angela=1	
angeles	PROPN=18	Angeles=15,angeles=3	
angelic	ADJ=4	Angelic=4	angelic|a|3|0
angelica			angelica|n|3|0
angels	NOUN=3,PROPN=3	Angels=4,angels=2	
anger	NOUN=6,VERB=1	anger=7	anger|n|3|0;anger|v|2|0
angered			angered|a|1|0
angie	PROPN=2		
angle	NOUN=6	angle=6	Angle|n|1|0;angle|n|2|0;angle|v|5|0
angled			angled|a|1|0
angles	NOUN=3	angles=3	
anglican	ADJ=1	Anglican=1	Anglican|a|1|0;Anglican|n|1|0
anglo	ADJ=3,X=2,PROPN=1	Anglo=4,anglo=2	
angola			Angola|n|1|1
angrily			angrily|r|1|0
angry	ADJ=11	angry=10	angry|a|3|0
angst	NOUN=1	angst=1	angst|n|1|0
anguish			anguish|n|2|0;anguish|v|2|0
angular			angular|a|2|0
angus			Angus|n|2|1
ani	PROPN=1	Ani=1	ani|n|1|0
animal	NOUN=32,PROPN=4	animal=32,Animal=2	animal|a|1|0;animal|n|1|0
animals	NOUN=57,PROPN=1	animals=54,Animals=3	
animate			animate|a|3|0;animate|v|4|0
animated	ADJ=2,VERB=1	animated=2,Animated=1	animated|a|2|0
animation	NOUN=3	animation=3	animation|n|6|0
animations	NOUN=2	animations=2	
anime	NOUN=3,PROPN=1	anime=2,Anime=1	anime|n|3|0
animosity			animosity|n|1|0
anita	PROPN=2	Anita=2	
ankara			Ankara|n|1|1
ankle	NOUN=2	ankle=2	ankle|n|1|0
ann	PROPN=3	Ann=2	
anna	PROPN=7	Anna=6	anna|n|1|0
annals			annals|n|2|0
annapolis			Annapolis|n|1|1
anne	PROPN=8	Anne=4	Anne|n|1|1
annex	NOUN=4	Annex=3,annex=1	annex|n|1|0;annex|v|2|0
annexation	NOUN=1	annexation=1	annexation|n|2|0
annexed	VERB=1	annexed=1	
annie	PROPN=1	Annie=1	
annihilation			annihilation|n|2|0
anniversary	NOUN=11	anniversary=11	anniversary|n|1|0
annotated	VERB=3	annotated=3	
announce	VERB=8	announce=6,Announce=1	announce|v|4|0
announced	VERB=31	announced=31	announced|a|1|0
announcement	NOUN=10	announcement=10	announcement|n|2|0
announcer			announcer|n|2|0
announces	VERB=3	announces=3	
announcing	VERB=4	announcing=3	
annoy	VERB=4	Annoy=2,annoy=2	annoy|v|1|0
annoyance	NOUN=1	annoyance=1	annoyance|n|5|0
annoyed	ADJ=2,VERB=1	annoyed=3	annoyed|a|2|0
annoying	ADJ=4,VERB=2	annoying=5,Annoying=1	annoying|a|1|0;annoying|n|1|0
annual	ADJ=12	annual=10,Annual=2	annual|a|2|0;annual|n|2|0
annually	ADV=3	annually=3	annually|r|2|0
annuity			annuity|n|1|0
annum			annum|n|1|0
anomaly			anomaly|n|3|0
anon	PROPN=1	Anon=1	anon|r|2|0
anonymity			anonymity|n|1|0
anonymous	ADJ=5,PROPN=2	anonymous=4,Anonymous=3	anonymous|a|2|0
anonymously			anonymously|r|1|0
anorexia			anorexia|n|1|0
another	DET=265	another=235	another|a|1|0
ans	CCONJ=1,NOUN=1,X=1	ans=3	ANS|n|1|0
answer	NOUN=58,VERB=17	answer=72,Answer=1	answer|n|5|0;answer|v|10|0
answered	VERB=14	answered=11	
answering	VERB=7	answering=7	answering|a|1|0
answers	NOUN=23,VERB=2	answers=24,ANSWERS=1	
ant	NOUN=11,PROPN=1,X=1	ant=12,Ant=1	ant|n|1|0
antagonist			antagonist|n|3|0
antarctic	ADJ=1	Antarctic=1	Antarctic|a|1|0;Antarctic|n|1|1
antarctica	PROPN=3	Antarctica=3	Antarctica|n|1|1
ante	X=1	ante=1	ante|n|1|0;ante|v|1|0
antenna			antenna|n|3|0
anterior			anterior|a|2|0;anterior|n|1|0
anthem			anthem|n|2|0
anthology			anthology|n|1|0
anthony	PROPN=11	Anthony=8,ANTHONY=1	Anthony|n|2|2
anthrax	NOUN=38,PROPN=1	anthrax=38,Anthrax=1	anthrax|n|2|0
anthropological			anthropological|a|1|0
anthropologist	NOUN=4	anthropologist=3	anthropologist|n|1|0
anthropology	NOUN=1	Anthropology=1	anthropology|n|1|0
anti	X=1	anti=1	anti|a|1|0;anti|n|1|0
antibiotic			antibiotic|a|1|0;antibiotic|n|1|0
antibiotics	NOUN=5	antibiotics=5	
antibody			antibody|n|1|0
anticipate	VERB=4	anticipate=4	anticipate|v|6|0
anticipated	VERB=6	anticipated=6	anticipated|a|1|0
anticipating	VERB=2	anticipating=2	
anticipation			anticipation|n|4|0
antidote			antidote|n|1|0
antigen			antigen|n|1|0
antique	ADJ=4	antique=2,Antique=1	antique|a|3|0;antique|n|2|0;antique|v|2|0
antiques	NOUN=3	antiques=2	
antiquities	NOUN=1	antiquities=1	
antiquity	NOUN=4	antiquity=4	antiquity|n|3|0
antisemitism			antisemitism|n|1|0
antisocial			antisocial|a|2|0
antitrust			antitrust|a|1|0
anton	PROPN=1	Anton=1	
antonio	PROPN=16	Antonio=14,ANTONIO=1	
antony	PROPN=1	Antony=1	Antony|n|1|1
ants	NOUN=30	ants=29,Ants=1	
antwerp	PROPN=1	Antwerp=1	Antwerp|n|1|1
anus			anus|n|1|0
anwar	PROPN=2	Anwar=2	
anxieties	NOUN=1	anxieties=1	
anxiety	NOUN=4	anxiety=4	anxiety|n|2|0
anxious	ADJ=4	anxious=4	anxious|a|2|0
anxiously			anxiously|r|1|0
any	DET=600,ADV=14,PRON=3	any=565,ANY=2,Any=1	any|a|1|0;any|r|1|0
anybody	PRON=24	anybody=21	
anyhow	INTJ=1		anyhow|r|2|0
anymore	ADV=14	anymore=14	anymore|r|1|0
anyone	PRON=144	anyone=132,ANYONE=2,Anyone=1	
anything	PRON=165	anything=150,ANYTHING=3	
anytime	ADV=8	anytime=8	
anyway	ADV=28,INTJ=21	anyway=30	anyway|r|2|0
anyways	ADV=11,INTJ=6	anyways=11	anyways|r|1|0
anywhere	ADV=40	anywhere=40	anywhere|r|1|0
aol	PROPN=1	AOL=1	
ap	PROPN=3,NOUN=1	AP=3	
apa	PROPN=2	Apa=2	
apache	PROPN=2	Apache=2	Apache|n|2|0;apache|n|1|0
apart	ADV=22,ADP=1	apart=18	apart|a|2|0;apart|r|6|0
apartheid			apartheid|n|1|0
apartment	NOUN=21	apartment=21	apartment|n|1|0
apartments	NOUN=5,PROPN=2	apartments=4,Apartments=3	
apathy	NOUN=1	apathy=1	apathy|n|2|0
apc			APC|n|2|0
ape			ape|n|3|0;ape|v|2|0
aperture	NOUN=2,PROPN=1	aperture=3	aperture|n|3|0
apex			apex|n|2|0
api	NOUN=1	API=1	
apiece			apiece|r|1|0
apis			Apis|n|1|0
apocalypse			Apocalypse|n|1|1;apocalypse|n|1|0
apocalyptic	ADJ=1	apocalyptic=1	apocalyptic|a|2|0
apollo	PROPN=3	Apollo=3	Apollo|n|1|1
apologies	NOUN=1	apologies=1	
apologise			apologise|v|2|0
apologize	VERB=8	apologize=8	apologize|v|2|0
apology			apology|n|3|0
apostle	PROPN=1	Apostle=1	Apostle|n|2|0;apostle|n|1|0
apostles	NOUN=1	Apostles=1	
apostolic			apostolic|a|2|0
app	NOUN=1	app=1	
appalachian			Appalachian|a|1|0;Appalachian|n|1|0
appalled	ADJ=1,VERB=1	appalled=2	appalled|a|1|0
appalling			appalling|a|1|0;appalling|n|1|0
apparatus	NOUN=2	apparatus=2	apparatus|n|2|0
apparel			apparel|n|1|0;apparel|v|1|0
apparent	ADJ=8	apparent=8	apparent|a|2|0
apparently	ADV=26	apparently=23	apparently|r|2|0
appeal	NOUN=7,VERB=4,PROPN=3	appeal=10,Appeal=3	appeal|n|4|0;appeal|v|5|0
appealed	VERB=2	appealed=2	
appealing	ADJ=2,VERB=1	appealing=3	appealing|a|2|0
appeals	PROPN=3,NOUN=2	Appeals=4,appeals=1	
appear	VERB=24	appear=24	appear|v|7|0
appearance	NOUN=18	appearance=18	appearance|n|6|0
appearances	NOUN=2	appearances=2	
appeared	VERB=28	appeared=28	
appearing	VERB=6	appearing=6	appearing|n|1|0
appears	VERB=24	appears=24	
appease	VERB=2	appease=2	appease|v|3|0
appellate			appellate|a|1|0
appendix	NOUN=1,PROPN=1	Appendix=2	appendix|n|2|0
appetite	NOUN=5	appetite=5	appetite|n|1|0
applaud	VERB=2	applaud=2	applaud|v|2|0
applauded	VERB=1	applauded=1	
applause	NOUN=4		applause|n|1|0
apple	NOUN=8,PROPN=6	apple=8,Apple=5	apple|n|2|0
apples	NOUN=2	apples=1	
appleton			Appleton|n|2|2
appliance	NOUN=1	appliance=1	appliance|n|2|0
appliances	NOUN=4	appliances=4	
applicable	ADJ=3	applicable=3	applicable|a|1|0
applicant	NOUN=5	applicant=5	applicant|n|1|0
applicants	NOUN=3	applicants=3	
application	NOUN=42,PROPN=1	application=35,Application=8	application|n|7|0
applications	NOUN=14	applications=12,APPLICATIONS=1,Applications=1	
applied	VERB=27,ADJ=3	applied=28,Applied=2	applied|a|1|0
applies	VERB=7	applies=7	
apply	VERB=45	apply=44	apply|v|10|0
applying	VERB=13	applying=11,Applying=1	
appoint	VERB=1	appoint=1	appoint|v|3|0
appointed	VERB=10	appointed=10	appointed|a|4|0
appointment	NOUN=25	appointment=25	appointment|n|6|0
appointments	NOUN=2	appointments=2	
appraisal	NOUN=1,PROPN=1	Appraisal=1,appraisal=1	appraisal|n|3|0
appreciate	VERB=25	appreciate=24	appreciate|v|5|0
appreciated	VERB=24	appreciated=24	appreciated|a|1|0
appreciates	VERB=1	appreciates=1	
appreciation	NOUN=10	appreciation=9,Appreciation=1	appreciation|n|5|0
appreciative			appreciative|a|2|0
apprehended			apprehended|a|1|0
apprehension	NOUN=2	apprehension=2	apprehension|n|4|0
apprentice	NOUN=1	apprentice=1	apprentice|n|1|0;apprentice|v|1|0
apprenticeship			apprenticeship|n|1|0
approach	NOUN=28,VERB=4	approach=32	approach|n|9|0;approach|v|5|0
approached	VERB=9	approached=9	
approaches	NOUN=4,VERB=3	approaches=7	
approaching			approaching|a|1|0;approaching|n|3|0
appropriate	ADJ=28	appropriate=28	appropriate|a|2|0;appropriate|v|2|0
appropriated	VERB=1	appropriated=1	
appropriately	ADV=4	appropriately=4	appropriately|r|1|0
appropriation	NOUN=1	appropriation=1	appropriation|n|3|0
appropriations	NOUN=5,PROPN=4	appropriations=5,Appropriations=4	
approval	NOUN=19	approval=16,Approval=2,APPROVAL=1	approval|n|4|0
approvals	NOUN=1	Approvals=1	
approve	VERB=11	approve=10,APPROVE=1	approve|v|2|0
approved	VERB=25,NOUN=1	approved=24,Approved=2	approved|a|1|0
approves	VERB=1	approves=1	
approving			approving|a|1|0;approving|n|1|0
approx	ADV=2	approx=1	
approximate	ADJ=4,VERB=1	approximate=3,Approximate=2	approximate|a|3|0;approximate|v|2|0
approximately	ADV=20	approximately=20	approximately|r|1|0
approximation	NOUN=2	approximation=2	approximation|n|4|0
apps	NOUN=3	apps=2	
apr	PROPN=2	Apr=2	Apr|n|1|0
april	PROPN=78	April=76	April|n|1|0
apron	NOUN=1	apron=1	apron|n|4|0
apt	ADJ=2	apt=2	apt|a|4|0
aptitude			aptitude|n|1|0
aptly	ADV=2	aptly=2	aptly|r|1|0
aqua			aqua|n|1|0
aquarium	NOUN=3,PROPN=2	aquarium=4,Aquarium=1	aquarium|n|1|0
aquatic	ADJ=1	aquatic=1	aquatic|a|2|0;aquatic|n|1|0
aqueous			aqueous|a|2|0
ar	AUX=2,NOUN=1	ar=2,AR=1	AR|n|1|1;Ar|n|1|0;ar|n|1|0
ara			Ara|n|2|1
arab	ADJ=35,PROPN=1	Arab=35,arab=1	Arab|n|2|0
arabia	PROPN=13	Arabia=13	Arabia|n|1|1
arabian	ADJ=2,PROPN=1	Arabian=3	Arabian|a|2|0;Arabian|n|2|0
arabic	PROPN=6	Arabic=6	Arabic|a|1|0;Arabic|n|1|0
arabs	PROPN=9	Arabs=9	
arbitrarily			arbitrarily|r|1|0
arbitrary	ADJ=3	arbitrary=3	arbitrary|a|1|0
arbitration	PROPN=2,NOUN=1	Arbitration=2,arbitration=1	arbitration|n|2|0
arbor			arbor|n|3|0
arc	NOUN=2,PROPN=1,VERB=1	arc=3,Arc=1	arc|n|3|0;arc|v|1|0
arcade			arcade|n|2|0
arch			arch|a|2|0;arch|n|4|0;arch|v|1|0
archaeological	ADJ=2	Archaeological=1,archaeological=1	archaeological|a|1|0
archaeologist			archaeologist|n|1|0
archaeology			archaeology|n|1|0
archaic			archaic|a|2|0
archbishop			archbishop|n|1|0
arched	ADJ=1	arched=1	arched|a|2|0
archer			Archer|n|2|1;archer|n|1|0
archery			archery|n|1|0
archibald	PROPN=18	Archibald=9,ARCHIBALD=6	
archipelago	NOUN=3,PROPN=1	archipelago=3,Archipelago=1	archipelago|n|1|0
architect	NOUN=6,PROPN=1	architect=6,Architect=1	architect|n|1|0
architects	NOUN=2,PROPN=1	architects=2,Architects=1	
architectural	ADJ=6,PROPN=1	architectural=5,Architectural=2	architectural|a|1|0
architecture	NOUN=18,PROPN=2	architecture=16,Architecture=3	architecture|n|4|0
archival	ADJ=1	archival=1	archival|a|1|0
archive	NOUN=4,ADJ=1,PROPN=1	archive=5,Archive=1	archive|n|1|0;archive|v|1|0
archived	VERB=1		
archives	NOUN=1,PROPN=1	Archives=1,archives=1	archives|n|1|0
arctic	ADJ=6,PROPN=5	Arctic=10	Arctic|a|1|0;Arctic|n|1|1;arctic|a|1|0;arctic|n|1|0
ardent			ardent|a|3|0
arduous			arduous|a|3|0
are	AUX=2367,VERB=258	are=2529,Are=8,ARE=6,ARe=1	are|n|1|0
area	NOUN=171,PROPN=7	area=169,Area=7,AREA=2	area|n|6|0
areas	NOUN=61	areas=61	
arena	NOUN=7,PROPN=3	arena=7,Arena=3	arena|n|4|0
ares	PROPN=1	ARES=1	Ares|n|1|1
argentina	PROPN=19	Argentina=18	Argentina|n|2|1
argentine	ADJ=4,PROPN=1	Argentine=4	Argentine|a|1|0;argentine|n|1|0
argentinian	ADJ=3	Argentinian=1,argentinian=1	Argentinian|a|1|0;Argentinian|n|1|0
arguably	ADV=4	arguably=3	arguably|r|1|0
argue	VERB=12	argue=12	argue|v|3|0
argued	VERB=15	argued=15	
argues	VERB=7	argues=7	
arguing	VERB=10	arguing=10	arguing|n|1|0
argument	NOUN=39	argument=37,ARGUMENT=1	argument|n|7|0
arguments	NOUN=11	arguments=11	
aria			aria|n|1|0
ariana			Ariana|n|1|1
arid	ADJ=3	arid=3	arid|a|2|0
ariel	PROPN=3	Ariel=2	
aries	PROPN=2	Aries=1	Aries|n|3|2
arise	VERB=3	arise=3	arise|v|7|0
arisen	VERB=1	arisen=1	
arises	VERB=5	arises=5	
arising	VERB=3	arising=3	
aristocracy			aristocracy|n|2|0
aristocratic	ADJ=1	aristocratic=1	aristocratic|a|1|0
aristotle	PROPN=1	Aristotle=1	Aristotle|n|1|1
arithmetic			arithmetic|a|1|0;arithmetic|n|1|0
arizona	PROPN=7	Arizona=7	Arizona|n|2|1
ark	PROPN=1	Ark=1	Ark|n|1|1;ark|n|1|0
arkansas	PROPN=8	Arkansas=8	Arkansas|n|2|2
arkham	PROPN=1	Arkham=1	
arlington	PROPN=2	Arlington=2	Arlington|n|1|1
arm	NOUN=16,VERB=2,PROPN=1	arm=18,Arm=1	arm|n|6|0;arm|v|2|0
armada	PROPN=1	Armada=1	armada|n|1|0
armageddon			Armageddon|n|2|1
armchair			armchair|n|1|0
armed	ADJ=11,VERB=1	armed=9,Armed=1	armed|a|3|0
armenia	PROPN=2	Armenia=2	Armenia|n|1|1
armenian	ADJ=6	Armenian=6	Armenian|a|1|0;Armenian|n|3|0
armenians	PROPN=1	Armenians=1	
armies	NOUN=5,PROPN=1	armies=4,Armies=1	
arming			arming|n|1|0
armistice			armistice|n|1|0
armor			armor|n|3|0;armor|v|1|0
armored	ADJ=3	armored=3	armored|a|3|0
armory			armory|n|4|0
armour	NOUN=1	armour=1	armour|n|3|0;armour|v|1|0
armoured			armoured|a|2|0
arms	NOUN=35,PROPN=1	arms=34,Arms=2	arms|n|2|0
armstrong	PROPN=2	Armstrong=2	Armstrong|n|2|2
army	NOUN=35,PROPN=19	army=32,Army=22	Army|n|1|0;army|n|2|0
arnold	PROPN=1	Arnold=1	Arnold|n|2|2
aroma			aroma|n|2|0
aromatic	ADJ=3	aromatic=3	aromatic|a|2|0
arose	VERB=5	arose=5	
around	ADP=197,ADV=135,NOUN=1	around=328,AROUND=1	around|r|10|0
arousal			arousal|n|4|0
aroused			aroused|a|6|0
arrange	VERB=9	arrange=8	arrange|v|7|0
arranged	VERB=10,X=1	arranged=11	arranged|a|3|0
arrangement	NOUN=5	arrangement=5	arrangement|n|6|0
arrangements	NOUN=5	arrangements=4,Arrangements=1	
arranging	VERB=3	arranging=3	arranging|n|1|0
array	NOUN=3	array=3	array|n|4|0;array|v|2|0
arrest	NOUN=13,VERB=2	arrest=15	arrest|n|2|0;arrest|v|4|0
arrested	VERB=19	arrested=19	
arresting	VERB=1	arresting=1	arresting|a|1|0
arrests	NOUN=2,VERB=1	arrests=3	
arrival	NOUN=16	arrival=15,Arrival=1	arrival|n|3|0
arrivals	NOUN=1	arrivals=1	
arrive	VERB=13	arrive=13	arrive|v|2|0
arrived	VERB=28	arrived=28	
arrives	VERB=2	arrives=2	
arriving	VERB=11,NOUN=1	arriving=11	
arrogance	NOUN=6	arrogance=5	arrogance|n|1|0
arrogant	ADJ=19	arrogant=15,Arrogant=1	arrogant|a|1|0
arrow	PROPN=5,NOUN=2	Arrow=5,arrow=2	arrow|n|2|0
arse			arse|n|2|0
arsenal	NOUN=1	arsenal=1	arsenal|n|3|0
arsenic	NOUN=1	arsenic=1	arsenic|n|2|0
arson			arson|n|1|0
art	NOUN=80,PROPN=17,AUX=1	art=80,Art=17	art|n|4|0
arterial	ADJ=1	arterial=1	arterial|a|1|0
arteries	NOUN=1	arteries=1	
artery	NOUN=1	artery=1	artery|n|2|0
arthritis	NOUN=3	arthritis=2	arthritis|n|1|0
arthur	PROPN=3	Arthur=3	Arthur|n|2|2
article	NOUN=55,PROPN=1	article=45,Article=9,ARTICLE=1	article|n|4|0;article|v|1|0
articles	NOUN=17,PROPN=2	articles=16,Articles=2	
articulate	ADJ=1	articulate=1	articulate|a|2|0;articulate|v|5|0
articulated	VERB=2	articulated=2	articulated|a|1|0
articulation			articulation|n|5|0
artifact			artifact|n|1|0
artifacts	NOUN=2	artifacts=2	
artificial	ADJ=11	artificial=11	artificial|a|3|0
artificially	ADV=1	artificially=1	artificially|r|1|0
artillery	NOUN=6	artillery=6	artillery|n|3|0
artisan	NOUN=1	artisan=1	artisan|n|1|0
artist	NOUN=16	artist=15	artist|n|1|0
artistic	ADJ=17	artistic=17	artistic|a|3|0
artistry			artistry|n|1|0
artists	NOUN=14	artists=14	
arts	NOUN=12,PROPN=10	Arts=12,arts=10	arts|n|1|0
artwork	NOUN=11	artwork=11	artwork|n|1|0
artworks	NOUN=11	artworks=11	
arya	PROPN=1	Arya=1	
aryan	ADJ=2	Aryan=2	Aryan|a|1|0;Aryan|n|2|0
as	ADP=1171,SCONJ=835,ADV=445,AUX=1,PROPN=1	as=2218,AS=4,As=1	AS|n|1|1;As|n|1|0;as|r|1|0
asap	ADV=12	ASAP=11,asap=1	ASAP|r|1|0
asbestos	NOUN=2	Asbestos=1,asbestos=1	asbestos|n|1|0
ascend	VERB=1	ascend=1	ascend|v|8|0
ascending	VERB=3	ascending=3	ascending|a|1|0;ascending|n|1|0
ascension			Ascension|n|2|1;ascension|n|3|0
ascent			ascent|n|3|0
ascertain	VERB=3	ascertain=3	ascertain|v|4|0
asean			ASEAN|n|1|0
ash	PROPN=4	Ash=2	ash|n|3|0;ash|v|1|0
ashamed	ADJ=4	ashamed=4	ashamed|a|1|0
ashe			Ashe|n|1|1
asher	PROPN=1	Asher=1	
ashes	NOUN=2	ashes=2	
asheville			Asheville|n|1|1
ashley	PROPN=2	Ashley=2	
ashore			ashore|r|1|0
ashton	PROPN=1	Ashton=1	Ashton|n|1|1
asia	PROPN=29	Asia=26,asia=2	Asia|n|2|1
asian	ADJ=21,PROPN=1	Asian=17,asian=4,ASIAN=1	Asian|a|1|0;Asian|n|1|0
asians	PROPN=2	Asians=1,asians=1	
asiatic			Asiatic|a|1|0;Asiatic|n|1|0
aside	ADV=9,ADP=5	aside=12	aside|n|2|0;aside|r|6|0
ask	VERB=114,SCONJ=1	ask=105,ASK=2,Ask=1	ask|v|7|0
asked	VERB=125	asked=121,Asked=1	
asking	VERB=34,NOUN=1	asking=34	asking|n|1|0
asks	VERB=7	asks=7	
asleep	ADJ=4,ADV=2	asleep=6	asleep|a|3|0;asleep|r|2|0
asparagus	NOUN=1	asparagus=1	asparagus|n|2|0
aspect	NOUN=18	aspect=18	aspect|n|5|0
aspects	NOUN=32	aspects=32	
aspen	NOUN=2	aspen=2	aspen|n|1|0
asphalt			asphalt|n|2|0;asphalt|v|1|0
aspiration	NOUN=2	aspiration=2	aspiration|n|4|0
aspirations	NOUN=3	aspirations=3	
aspire	VERB=1	aspire=1	aspire|v|1|0
aspirin	NOUN=1	aspirin=1	aspirin|n|1|0
aspiring	VERB=1	aspiring=1	aspiring|a|1|0
ass	NOUN=7	ass=7	ass|n|4|0
assad	PROPN=2		
assailant	NOUN=1	assailant=1	assailant|n|1|0
assam	PROPN=1	Assam=1	Assam|n|1|1
assassin	NOUN=1	assassin=1	assassin|n|2|0
assassinate	VERB=2	Assassinate=1,assassinate=1	assassinate|v|2|0
assassinated	VERB=4	assassinated=4	assassinated|a|1|0
assassination	NOUN=11	assassination=11	assassination|n|2|0
assault	NOUN=15,PROPN=1	assault=15,Assault=1	Assault|n|1|1;assault|n|3|0;assault|v|3|0
assaulted	VERB=2	assaulted=2	
assaults	NOUN=2	assaults=2	
assay			assay|n|4|0;assay|v|2|0
assemble	VERB=5	assemble=5	assemble|v|3|0
assembled	VERB=2	assembled=2	
assembling	VERB=2	assembling=2	assembling|n|1|0
assembly	PROPN=10,NOUN=8	Assembly=10,assembly=8	assembly|n|6|0
assert	VERB=5	assert=5	assert|v|4|0
asserted	VERB=8	asserted=8	asserted|a|1|0
asserting	VERB=1	asserting=1	asserting|a|1|0
assertion	NOUN=2	assertion=2	assertion|n|2|0
assertions	NOUN=2	assertions=2	
assertive	ADJ=1	assertive=1	assertive|a|1|0
asses	NOUN=3	asses=3	
assess	VERB=9	assess=9	assess|v|4|0
assessed	VERB=4	assessed=4	
assessing	VERB=5	assessing=5	
assessment	NOUN=10,PROPN=1	assessment=10,Assessment=1	assessment|n|4|0
asset	NOUN=8	asset=7,Asset=1	asset|n|1|0
assets	NOUN=13	assets=13	assets|n|1|0
asshole	NOUN=2	asshole=2	asshole|n|2|0
assign	VERB=4	assign=4	assign|v|8|0
assigned	VERB=16	assigned=16	assigned|a|1|0
assigning	VERB=2	assigning=2	assigning|n|1|0
assignment	NOUN=2	assignment=2	assignment|n|6|0
assignments	NOUN=1		
assimilation			assimilation|n|6|0
assist	VERB=20,NOUN=2	assist=22	assist|n|2|0;assist|v|3|0
assistance	NOUN=23,PROPN=2	assistance=22,Assistance=2,ASSISTANCE=1	assistance|n|3|0
assistant	NOUN=13,ADJ=7,PROPN=1	assistant=14,Assistant=7	assistant|a|1|0;assistant|n|1|0
assisted	VERB=3	assisted=3	assisted|a|1|0
assisting	VERB=7	assisting=7	
associate	NOUN=15,VERB=6,ADJ=2,PROPN=1	associate=14,Associate=8	associate|a|1|0;associate|n|5|0;associate|v|3|0
associated	VERB=21,ADJ=4	associated=23,Associated=2	
associates	NOUN=5,PROPN=1	Associates=4,associates=2	
associating	VERB=2	associating=2	
association	PROPN=18,NOUN=6	Association=17,association=7	association|n|8|0
associations	NOUN=5	associations=5	
assorted	ADJ=1,VERB=1	assorted=2	assorted|a|2|0
assortment	NOUN=2	assortment=2	assortment|n|2|0
assume	VERB=30	assume=29	assume|v|9|0
assumed	VERB=10	assumed=10	assumed|a|1|0
assumes	VERB=3	assumes=3	
assuming	VERB=14	assuming=13	assuming|a|1|0
assumption	NOUN=4	assumption=4	Assumption|n|2|0;assumption|n|5|0
assumptions	NOUN=4	assumptions=4	
assurance	NOUN=3,PROPN=1	assurance=3,Assurance=1	assurance|n|4|0
assurances	NOUN=1	assurances=1	
assure	VERB=4	assure=4	assure|v|5|0
assured	VERB=10	assured=10	assured|a|2|0
assuring	VERB=1	assuring=1	assuring|a|1|0
asteroid			asteroid|a|1|0;asteroid|n|1|0
asthma	NOUN=2	asthma=2	asthma|n|1|0
astonished	ADJ=1,VERB=1	astonished=2	astonished|a|1|0
astonishing	VERB=1	astonishing=1	astonishing|a|2|0
astounding	ADJ=3	astounding=3	astounding|a|2|0
astral			astral|a|1|0
astray			astray|r|2|0
astrology	NOUN=1	Astrology=1	astrology|n|1|0
astronaut	NOUN=1	astronaut=1	astronaut|n|1|0
astronauts	NOUN=10	astronauts=10	
astronomer			astronomer|n|1|0
astronomers	NOUN=1	astronomers=1	
astronomical	ADJ=1	astronomical=1	astronomical|a|2|0
astronomy	NOUN=2	Astronomy=1,astronomy=1	astronomy|n|1|0
astros	PROPN=1	Astros=1	
astute			astute|a|1|0
asus	PROPN=1	Asus=1	
asylum	NOUN=14	asylum=14	asylum|n|2|0
asymmetric	ADJ=2	asymmetric=2	asymmetric|a|1|0
at	ADP=2028,SCONJ=27,CCONJ=1	at=1926,AT=10,At=6	At|n|1|0;at|n|1|0
ate	VERB=9	ate=8	Ate|n|1|1
atheism			atheism|n|1|0
atheist			atheist|a|1|0;atheist|n|1|0
atheists	NOUN=2,PROPN=1	atheists=2,Atheists=1	
athena	PROPN=1	Athena=1	Athena|n|1|1
athens	PROPN=17	Athens=12	Athens|n|3|3
athlete	NOUN=1	athlete=1	athlete|n|1|0
athletes	NOUN=5	athletes=5	
athletic	ADJ=4	athletic=4	athletic|a|3|0
athletics			athletics|n|3|0
atkins	PROPN=1	Atkins=1	
atlanta	PROPN=8	Atlanta=8	Atlanta|n|2|2
atlantic	ADJ=6,PROPN=4	Atlantic=9,ATLANTIC=1	Atlantic|a|1|0;Atlantic|n|1|1
atlantis	PROPN=4	Atlantis=4	Atlantis|n|1|0
atlas			Atlas|n|1|1;atlas|n|3|0
atm	ADV=1,NOUN=1	ATM=1,atm=1	ATM|n|2|0;atm|n|1|0
atmosphere	NOUN=38	atmosphere=35,Atmosphere=2	atmosphere|n|6|0
atmospheric	ADJ=5	atmospheric=5	atmospheric|a|1|0
atom	NOUN=3	atom=3	atom|n|2|0
atomic	ADJ=14	atomic=8,Atomic=6	atomic|a|3|0
atoms	NOUN=23	atoms=20,Atoms=2	
atonement			atonement|n|2|0
atop	ADP=2	atop=1	atop|r|1|0
atp			ATP|n|1|0
atrium			atrium|n|2|0
atrocious			atrocious|a|3|0
atrocities	NOUN=3	atrocities=3	
attach	VERB=8	attach=8	attach|v|5|0
attached	VERB=118,ADJ=3	attached=84	attached|a|4|0
attaches	VERB=2	attaches=2	
attaching	VERB=1	attaching=1	
attachment	NOUN=10	attachment=6,Attachment=4	attachment|n|7|0
attachments	NOUN=7	attachments=7	
attack	NOUN=39,VERB=19	attack=56	attack|n|9|0;attack|v|6|0
attacked	VERB=12	attacked=12	
attacker			attacker|n|1|0
attackers	NOUN=1	attackers=1	
attacking	VERB=5	attacking=5	attacking|a|1|0
attacks	NOUN=33,VERB=3	attacks=36	
attain	VERB=3	attain=3	attain|v|4|0
attainable	ADJ=1	attainable=1	attainable|a|1|0
attained	VERB=1	attained=1	attained|a|1|0
attaining	VERB=1	attaining=1	
attainment	NOUN=1	attainment=1	attainment|n|3|0
attempt	NOUN=31,VERB=10	attempt=41	attempt|n|2|0;attempt|v|2|0
attempted	VERB=12	attempted=12	attempted|a|1|0
attempting	VERB=9	attempting=9	
attempts	NOUN=19,VERB=2	attempts=20	
attend	VERB=39	attend=39	attend|v|5|0
attendance	NOUN=2	attendance=2	attendance|n|3|0
attendant	NOUN=3	attendant=3	attendant|a|2|0;attendant|n|3|0
attended	VERB=22	attended=22	attended|a|2|0
attendees	NOUN=5	attendees=4	
attending	VERB=6	attending=6	attending|a|1|0;attending|n|2|0
attention	NOUN=84	attention=81,ATTENTION=1,Attention=1	attention|n|6|0
attentive	ADJ=5	attentive=4	attentive|a|2|0
attest	VERB=1	attest=1	attest|v|4|0
attested			attested|a|1|0
attic	NOUN=2	attic=2	Attic|a|1|0;Attic|n|1|0;attic|n|3|0
attire			attire|n|1|0;attire|v|1|0
attitude	NOUN=11	attitude=10	attitude|n|4|0
attitudes	NOUN=6,PROPN=1	attitudes=6,Attitudes=1	
attorney	NOUN=25,PROPN=9	attorney=20,Attorney=11	attorney|n|1|0
attorneys	NOUN=5	attorneys=5	
attract	VERB=13	attract=13	attract|v|3|0
attracted	VERB=11	attracted=11	
attracting	VERB=3	attracting=3	
attraction	NOUN=4	attraction=4	attraction|n|5|0
attractions	NOUN=5	attractions=5	
attractive	ADJ=10	attractive=10	attractive|a|3|0
attractiveness			attractiveness|n|2|0
attracts	VERB=3	attracts=3	
attributable	ADJ=2	attributable=2	attributable|a|1|0
attribute	VERB=1	attribute=1	attribute|n|2|0;attribute|v|2|0
attributed	VERB=7	attributed=7	
attribution	PROPN=3	Attribution=3	attribution|n|2|0
attrition	NOUN=4	attrition=4	attrition|n|5|0
atypical			atypical|a|2|0
au	PROPN=1	au=1	AU|n|1|0;Au|n|1|0
aubrey	PROPN=1	AUBREY=1	
auburn			auburn|a|1|0
auckland	PROPN=9	Auckland=8,auckland=1	Auckland|n|1|1
auction	NOUN=4	auction=3,AUCTION=1	auction|n|2|0;auction|v|1|0
auctioneer			auctioneer|n|1|0;auctioneer|v|1|0
aud	NOUN=1	AUD=1	
audacity	NOUN=1	audacity=1	audacity|n|2|0
audible	ADJ=2	audible=2	audible|a|1|0;audible|n|1|0
audience	NOUN=26	audience=26	audience|n|4|0
audiences	NOUN=6	audiences=6	
audio	NOUN=7,ADJ=2	audio=7	audio|n|4|0
audit	NOUN=17,VERB=1	audit=13,Audit=5	audit|n|2|0;audit|v|2|0
audition			audition|n|2|0;audition|v|1|0
auditor			auditor|n|3|0
auditorium	PROPN=2	Auditorium=2	auditorium|n|1|0
auditory			auditory|a|1|0
aug	PROPN=2	Aug=2	Aug|n|1|0
augment	VERB=1	augment=1	augment|v|2|0
augmented	VERB=3	augmented=3	augmented|a|1|0
august	PROPN=55,ADJ=1	August=48,august=1	August|n|1|0;august|a|2|0
augusta			Augusta|n|2|2
augustine	PROPN=1	Augustine=1	Augustine|n|1|1
augustus			Augustus|n|1|1
aunt	NOUN=4	Aunt=2,aunt=2	aunt|n|1|0
auntie			auntie|n|1|0
aunty			aunty|n|1|0
aura	NOUN=1	aura=1	aura|n|3|0
aurora			Aurora|n|1|1;aurora|n|2|0
auschwitz			Auschwitz|n|1|1
auspices	NOUN=2	auspices=2	auspices|n|1|0
auspicious			auspicious|a|1|0
aussie			Aussie|n|1|0
austen	PROPN=1		Austen|n|1|1
austerity			austerity|n|1|0
austin	PROPN=12	Austin=11	Austin|n|1|1
australia	PROPN=27	Australia=27	Australia|n|2|2
australian	ADJ=14	Australian=12	Australian|a|1|0;Australian|n|2|0
austria	PROPN=12	Austria=4	Austria|n|1|1
austrian	ADJ=4	Austrian=4	Austrian|a|1|0;Austrian|n|1|0
authentic	ADJ=8	authentic=8	authentic|a|2|0
authentication			authentication|n|2|0
authenticity			authenticity|n|1|0
author	NOUN=29,VERB=1	author=29	author|n|2|0;author|v|1|0
authored	VERB=1	authored=1	
authorised	VERB=1		authorised|a|1|0
authoritarian	ADJ=1	authoritarian=1	authoritarian|a|2|0;authoritarian|n|1|0
authoritative	ADJ=1	authoritative=1	authoritative|a|3|0
authorities	NOUN=19	authorities=18	authorities|n|1|0
authority	NOUN=31,PROPN=8	authority=30,Authority=9	authority|n|7|0
authorization	NOUN=3	authorization=3	authorization|n|4|0
authorize	VERB=1	authorize=1	authorize|v|2|0
authorized	VERB=6	authorized=6	authorized|a|1|0
authorizing	VERB=1	authorizing=1	
authors	NOUN=8,PROPN=1	authors=8,Authors=1	
authorship			authorship|n|2|0
autism	NOUN=1	autism=1	autism|n|1|0
autistic			autistic|a|1|0
auto	NOUN=7,PROPN=6	auto=8,Auto=4	auto|n|1|0
autobiographical			autobiographical|a|2|0
autobiography	NOUN=3,PROPN=1	autobiography=3,Autobiography=1	autobiography|n|1|0
autograph	NOUN=1	autograph=1	autograph|n|2|0;autograph|v|1|0
autoimmune			autoimmune|a|1|0
automated	ADJ=2	automated=2	automated|a|1|0
automatic	ADJ=11	automatic=10,Automatic=1	automatic|a|3|0;automatic|n|2|0
automatically	ADV=7	automatically=7	automatically|r|2|0
automation			automation|n|3|0
automobile	NOUN=2	automobile=2	automobile|n|1|0;automobile|v|1|0
automotive	ADJ=1,PROPN=1	Automotive=1,automotive=1	automotive|a|2|0
autonomous	ADJ=1	autonomous=1	autonomous|a|3|0
autonomy	NOUN=4	autonomy=4	autonomy|n|2|0
autopilot			autopilot|n|2|0
autopsy			autopsy|n|1|0;autopsy|v|1|0
autos	PROPN=3	Autos=3	
autumn	NOUN=5,PROPN=2	autumn=5,Autumn=1	autumn|n|1|0
auxiliary	ADJ=2	Auxiliary=1,auxiliary=1	auxiliary|a|2|0;auxiliary|n|1|0
av	PROPN=1	AV=1	Av|n|1|0
avail	NOUN=1	avail=1	avail|n|1|0;avail|v|3|0
availability	NOUN=9	availability=9	availability|n|1|0
available	ADJ=98	available=97,Available=1	available|a|3|0
avalanche			avalanche|n|2|0;avalanche|v|1|0
avant	NOUN=2,X=2	avant=3,Avant=1	
avatar			avatar|n|2|0
ave	PROPN=8,NOUN=1,X=1	Ave=9,ave=1	
avenge			avenge|v|1|0
avenger	NOUN=1	avenger=1	avenger|n|1|0
avenue	PROPN=14,NOUN=2	Avenue=14,avenue=2	avenue|n|2|0
avenues	NOUN=5	avenues=5	
average	ADJ=25,NOUN=14	average=31,Average=6	average|a|6|0;average|n|3|0;average|v|3|0
averaging	NOUN=1,VERB=1	averaging=2	
aversion	NOUN=3	aversion=3	aversion|n|2|0
avert	VERB=1	avert=1	avert|v|2|0
avian	ADJ=2	avian=2	avian|a|1|0
aviation	NOUN=6,PROPN=3	aviation=6,Aviation=3	aviation|n|4|0
avid	ADJ=1	AVID=1	avid|a|2|0
avocado	NOUN=2	avocado=2	avocado|a|1|0;avocado|n|2|0
avoid	VERB=36	avoid=33,Avoid=1	avoid|v|5|0
avoidance	NOUN=1	avoidance=1	avoidance|n|1|0
avoided	VERB=7	avoided=7	
avoiding	VERB=7	avoiding=7	
avon			Avon|n|3|3
aw	INTJ=3		
await	VERB=3	await=3	await|v|1|0
awaited	VERB=2	awaited=2	awaited|a|1|0
awaiting	VERB=4	awaiting=3,Awaiting=1	
awake	ADJ=7,ADV=2,VERB=1	awake=10	awake|a|2|0;awake|v|1|0
awaken			awaken|v|3|0
awakened			awakened|a|2|0
awakening	NOUN=1	awakening=1	awakening|n|1|0
award	NOUN=10,PROPN=8	award=10,Award=8	award|n|3|0;award|v|2|0
awarded	VERB=14	awarded=14	
awarding	NOUN=1,VERB=1	awarding=1	awarding|n|1|0
awards	NOUN=6,PROPN=5	Awards=7,awards=4	
aware	ADJ=33	aware=33	aware|a|2|0
awareness	NOUN=9	awareness=9	awareness|n|2|0
away	ADV=166,ADP=14,NOUN=1	away=176,AWAY=5	away|a|3|0;away|r|11|0
awe	NOUN=2	awe=2	awe|n|2|0;awe|v|1|0
awesome	ADJ=47	awesome=33,Awesome=3,AWESOME=2	awesome|a|1|0
awful	ADJ=14	awful=11,AWFUL=1	awful|a|6|0;awful|r|1|0
awfully			awfully|r|3|0
awhile	ADV=2	awhile=2	awhile|r|1|0
awkward	ADJ=3	awkward=3	awkward|a|6|0
awkwardly	ADV=1	awkwardly=1	awkwardly|r|1|0
aww	INTJ=1		
ax			ax|n|1|0;ax|v|2|0
axe			axe|n|1|0;axe|v|2|0
axel	PROPN=1	Axel=1	
axial	ADJ=1	axial=1	axial|a|3|0
axis	NOUN=4	axis=4	Axis|n|1|0;axis|n|5|0
axle			axle|n|1|0
ay	INTJ=1		
aye	INTJ=3	aye=2	
az	PROPN=2	az=1	AZ|n|2|1
azerbaijan	PROPN=1	Azerbaijan=1	Azerbaijan|n|1|1
aziz	PROPN=1	Aziz=1	
aztec	PROPN=4	Aztec=4	Aztec|n|1|0
azure	ADJ=1	azure=1	azure|a|1|0;azure|n|1|0;azure|v|1|0
ba	INTJ=3,PROPN=1	ba=3,BA=1	BA|n|1|0;Ba|n|1|0
baba	PROPN=3,NOUN=2,X=2	Baba=4,BABA=3	baba|n|1|0
babe	NOUN=2,PROPN=1	babe=2	babe|n|1|0
babies	NOUN=14,PROPN=1	babies=14,Babies=1	
baby	NOUN=34,ADJ=3,PROPN=1	baby=36	baby|n|7|0;baby|v|1|0
babylon	PROPN=1	Babylon=1	Babylon|n|1|1
babysitter			babysitter|n|1|0
babysitting			babysitting|n|1|0
bac	NOUN=1	BAC=1	
bach			Bach|n|2|1;bach|v|1|0
bachelor	NOUN=5,PROPN=1	bachelor=4,Bachelor=2	bachelor|n|2|0;bachelor|v|1|0
bachelorette			bachelorette|n|1|0
back	ADV=385,NOUN=67,ADP=30,ADJ=11,VERB=9,X=1	back=493,Back=3,BACK=1	back|a|3|0;back|n|9|0;back|r|6|0;back|v|10|0
backbone	NOUN=1	backbone=1	backbone|n|5|0
backdrop	NOUN=2	backdrop=1	backdrop|n|1|0
backed	VERB=14	backed=14	backed|a|2|0
backfire	VERB=1	backfire=1	backfire|n|4|0;backfire|v|3|0
background	NOUN=30	background=27	background|n|8|0;background|v|1|0
backgrounds	NOUN=2	backgrounds=2	
backing	VERB=3,NOUN=1	backing=4	backing|n|3|0
backlash			backlash|n|2|0;backlash|v|1|0
backlog	NOUN=2	backlog=2	backlog|n|3|0;backlog|v|1|0
backpack			backpack|n|1|0;backpack|v|1|0
backs	NOUN=4	backs=4	
backseat			backseat|n|2|0
backside	NOUN=3	backside=3	backside|n|2|0
backstage			backstage|a|1|0;backstage|n|1|0;backstage|r|2|0
backup	NOUN=4	backup=4	backup|n|5|0
backward	ADV=4,ADJ=2	backward=6	backward|a|4|0;backward|r|3|0
backwards	ADV=2	backwards=2	backwards|r|2|0
backyard	NOUN=4	backyard=4	backyard|n|1|0
bacon	NOUN=6,PROPN=2	bacon=6,Bacon=2	Bacon|n|2|2;bacon|n|1|0
bacteria			bacteria|n|1|0
bacterial			bacterial|a|1|0
bad	ADJ=132,ADV=7,NOUN=2	bad=128,Bad=5,BAD=2	bad|a|14|0;bad|n|1|0;bad|r|2|0
badass			badass|a|1|0;badass|n|2|0
badge	NOUN=2	badge=2	badge|n|2|0;badge|v|1|0
badger	NOUN=1		Badger|n|1|0;badger|n|1|0;badger|v|2|0
badgers	NOUN=1	badgers=1	
badly	ADV=14	badly=14	badly|r|10|0
badminton			badminton|n|1|0
baffled	ADJ=1,VERB=1	baffled=1	baffled|a|1|0;baffled|n|1|0
baffling			baffling|a|1|0
bafta	PROPN=2	BAFTA=2	
bag	NOUN=24,PROPN=1	bag=24,Bag=1	bag|n|9|0;bag|v|5|0
bagel	NOUN=2,PROPN=1	bagel=2,Bagel=1	bagel|n|1|0
baggage	NOUN=2	baggage=2	baggage|n|3|0
baggy	ADJ=1	baggy=1	baggy|a|1|0
baghdad	PROPN=16	Baghdad=16	Baghdad|n|1|1
bags	NOUN=8	bags=8	
bahamas	PROPN=1	Bahamas=1	Bahamas|n|1|1
bahrain			Bahrain|n|2|2
bai			Bai|n|1|0
bail	NOUN=2	bail=2	bail|n|2|0;bail|v|5|0
bailey	PROPN=7	Bailey=6	Bailey|n|2|2;bailey|n|2|0
bain	PROPN=1	Bain=1	
baird	PROPN=2	Baird=2	
bait	NOUN=4,VERB=1	bait=4	bait|n|2|0;bait|v|3|0
baja	NOUN=1	Baja=1	
bake	VERB=7	bake=5	bake|v|4|0
baked	VERB=2	baked=2	baked|a|2|0
baker	PROPN=4,NOUN=2	Baker=4,baker=2	baker|n|2|0
bakers	NOUN=1	bakers=1	
bakersfield			Bakersfield|n|1|1
bakery	NOUN=2	bakery=2	bakery|n|1|0
baking	NOUN=14,VERB=1	baking=15	baking|a|1|0;baking|n|2|0
balance	NOUN=23,VERB=4,PROPN=2	balance=24,Balance=3	Balance|n|2|1;balance|n|10|0;balance|v|4|0
balanced	VERB=4,ADJ=1	balanced=5	balanced|a|1|0
balances	NOUN=9	balances=5,Balances=4	
balancing	NOUN=1,VERB=1	balancing=2	balancing|n|1|0
balcony	NOUN=5	balcony=5	balcony|n|2|0
bald	ADJ=2	bald=2	bald|a|3|0;bald|v|1|0
baldwin	PROPN=1	Baldwin=1	Baldwin|n|3|2
bale	VERB=1	bale=1	Bale|n|1|1;bale|n|1|0;bale|v|1|0
balfour			Balfour|n|1|1
bali	PROPN=1	Bali=1	Bali|n|1|1
balkan			Balkan|n|1|0
balkans			Balkans|n|3|3
ball	NOUN=23,PROPN=4	ball=20,Ball=7	Ball|n|1|1;ball|n|10|0;ball|v|2|0
ballad	PROPN=1	ballad=1	ballad|n|2|0
ballast			ballast|n|5|0;ballast|v|1|0
ballerina	NOUN=3	ballerina=2,Ballerina=1	ballerina|n|1|0
ballet	NOUN=22	ballet=18,BALLET=1,Ballet=1	ballet|n|2|0
ballistic	ADJ=3	ballistic=3	ballistic|a|1|0
balloon	NOUN=2	balloon=2	balloon|n|2|0;balloon|v|2|0
balloons	NOUN=13	balloons=13	
ballot	NOUN=3	ballot=3	ballot|n|2|0;ballot|v|1|0
ballpark			ballpark|n|2|0
ballroom	NOUN=4	Ballroom=2,BALLROOM=1,ballroom=1	ballroom|n|1|0
balls	NOUN=10,X=2	balls=12	
balm	NOUN=1	balm=1	balm|n|2|0
baltic	ADJ=1	Baltic=1	Baltic|a|2|0;Baltic|n|2|1
baltimore	PROPN=5	Baltimore=5	Baltimore|n|1|1
bam			Bam|n|1|1;bam|n|1|0
bamboo	NOUN=1	bamboo=1	bamboo|n|2|0
ban	NOUN=5,VERB=3,PROPN=1	ban=8,Ban=1	BAN|n|1|0;ban|n|5|0;ban|v|4|0
banana	NOUN=5	banana=5	banana|n|2|0
band	NOUN=31,PROPN=1	band=31,Band=1	band|n|13|0;band|v|2|0
bandage	NOUN=1	bandage=1	bandage|n|1|0;bandage|v|2|0
banded			banded|a|3|0
bandit			bandit|n|1|0
bands	NOUN=7	bands=6	
bandwagon			bandwagon|n|2|0
bandwidth	NOUN=1	bandwidth=1	bandwidth|n|1|0
bane			bane|n|1|0
bang	NOUN=3,PROPN=1,VERB=1	bang=4,Bang=1	bang|n|5|0;bang|r|1|0;bang|v|6|0
bangalore			Bangalore|n|1|1
banging	VERB=1	banging=1	banging|a|1|0;banging|n|2|0
bangkok	PROPN=1	Bangkok=1	Bangkok|n|1|1
bangladesh	PROPN=11	Bangladesh=11	Bangladesh|n|1|1
bangladeshi	ADJ=3	Bangladeshi=3	Bangladeshi|a|1|0;Bangladeshi|n|1|0
bangor			Bangor|n|3|3
bangs	PROPN=6	Bangs=2	
banjo			banjo|n|1|0
bank	PROPN=13,NOUN=10	Bank=13,bank=10	bank|n|10|0;bank|v|8|0
banker			banker|n|2|0
banking	NOUN=1	banking=1	banking|n|2|0
bankrupt	ADJ=4	bankrupt=4	bankrupt|a|1|0;bankrupt|n|1|0;bankrupt|v|1|0
bankruptcy	NOUN=3	bankruptcy=3	bankruptcy|n|3|0
banks	NOUN=13,PROPN=1	banks=13,Banks=1	Banks|n|1|1
banned	VERB=5	banned=5	banned|a|1|0
banner	NOUN=4,PROPN=1	banner=4,Banner=1	banner|a|1|0;banner|n|3|0
banners	NOUN=4	banners=4	
banning	VERB=1	banning=1	banning|n|1|0
banquet	NOUN=1	banquet=1	banquet|n|2|0;banquet|v|2|0
bans	VERB=1	bans=1	
banter			banter|n|1|0;banter|v|1|0
baptism			baptism|n|1|0
baptist	ADJ=1,PROPN=1	Baptist=2	Baptist|n|1|0
baptized	VERB=1	baptized=1	baptized|a|1|0
bar	NOUN=33,PROPN=1,VERB=1,X=1	bar=35,Bar=1	BAR|n|1|0;bar|n|14|0;bar|v|4|0
barack	PROPN=6	Barack=6	
barb	PROPN=5	Barb=4	barb|n|4|0;barb|v|1|0
barbados	PROPN=1	Barbados=1	Barbados|n|2|2
barbara	PROPN=6	Barbara=3	
barbarian			barbarian|a|1|0;barbarian|n|2|0
barbaric			barbaric|a|2|0
barbecue	NOUN=2	barbecue=2	barbecue|n|3|0;barbecue|v|1|0
barbed			barbed|a|2|0
barber	NOUN=1	Barber=1	Barber|n|1|1;barber|n|1|0;barber|v|1|0
barbie	PROPN=16	Barbie=15,barbie=1	
barcelona	PROPN=3	Barcelona=3	Barcelona|n|1|1
barclay	PROPN=2	Barclay=2	
barclays	PROPN=6	Barclays=5,barclays=1	
bard	PROPN=1	Bard=1	bard|n|2|0;bard|v|1|0
bare	ADJ=5,VERB=1	bare=5,Bare=1	bare|a|10|0;bare|v|3|0
barefoot			barefoot|a|1|0;barefoot|r|1|0
barely	ADV=15	barely=15	barely|r|3|0
bargain	PROPN=2,VERB=1	Bargain=3	bargain|n|2|0;bargain|v|2|0
bargaining			bargaining|n|1|0
bargains	NOUN=1	bargains=1	
barge			barge|n|1|0;barge|v|2|0
bark	NOUN=3,VERB=1	bark=4	bark|n|4|0;bark|v|5|0
barker			barker|n|2|0
barkley			Barkley|n|1|1
barley			barley|n|2|0
barn	NOUN=15	barn=13	barn|n|2|0
barnard	PROPN=1	Barnard=1	
barnes	PROPN=2	Barnes=2	
barns	NOUN=1	barns=1	
barometer			barometer|n|1|0
baron	PROPN=1	Baron=1	baron|n|3|0
baroness			baroness|n|1|0
barons	NOUN=1	barons=1	
baroque			Baroque|a|1|0;Baroque|n|1|1;baroque|a|2|0;baroque|n|1|0
barr	PROPN=1	Barr=1	
barracks	NOUN=1	barracks=1	
barrage			barrage|n|2|0;barrage|v|1|0
barred	VERB=1	barred=1	barred|a|2|0
barrel	NOUN=5,PROPN=2	barrel=5,Barrel=2	barrel|n|5|0;barrel|v|1|0
barrels	NOUN=10,VERB=1	barrels=11	barrels|n|1|0
barren	ADJ=3	barren=3	barren|a|3|0;barren|n|1|0
barrett	PROPN=4	Barrett=4	
barricade			barricade|n|2|0;barricade|v|3|0
barrie			Barrie|n|1|1
barrier	NOUN=5	barrier=5	barrier|n|3|0
barriers	NOUN=5	barriers=5	
barring	VERB=1	barring=1	barring|n|1|0
barrister	NOUN=1	barrister=1	barrister|n|1|0
barrow			barrow|n|3|0
barry	PROPN=2	Barry=2	
bars	NOUN=10	bars=10	bars|n|1|0
bart	PROPN=5	Bart=3,BART=2	Bart|n|1|0
bartender	NOUN=3	bartender=3	bartender|n|1|0
bartlett			Bartlett|n|2|2;bartlett|n|1|0
barton	PROPN=4	Barton=3,barton=1	
bas	PROPN=1	Bas=1	
basal			basal|a|3|0
base	NOUN=41,PROPN=5,VERB=2	base=36,Base=10	Base|n|1|1;base|a|7|0;base|n|19|0;base|v|3|0
baseball	NOUN=5,PROPN=3	baseball=5,Baseball=3	baseball|n|2|0
based	VERB=149,ADJ=1	based=145	based|a|2|0
basel	PROPN=3	Basel=3	Basel|n|1|1
baseless			baseless|a|1|0
baseline	NOUN=2	baseline=2	baseline|n|3|0
baseman	NOUN=2	baseman=2	
basement	NOUN=2	basement=2	basement|n|2|0
bases	NOUN=5,PROPN=1,VERB=1	bases=6,Bases=1	
bash			bash|n|2|0;bash|v|1|0
bashing	NOUN=1	bashing=1	
basic	ADJ=42,PROPN=1	basic=33,Basic=7,BASIC=1	BASIC|n|1|0;basic|a|4|0;basic|n|1|0
basically	ADV=43	basically=38	basically|r|1|0
basics	NOUN=1	basics=1	basics|n|2|0
basil	NOUN=42,PROPN=1	basil=29,Basil=7	Basil|n|1|1;basil|n|2|0
basin	NOUN=2,PROPN=2	Basin=2,basin=2	basin|n|5|0
basing	VERB=3	basing=2	
basis	NOUN=51,ADJ=1	basis=51,Basis=1	basis|n|3|0
basket	NOUN=2	basket=2	basket|n|4|0
basketball	NOUN=7	basketball=7	basketball|n|2|0
basque			Basque|n|2|0
bass	NOUN=4,PROPN=3,ADJ=1	bass=5,Bass=3	bass|a|1|0;bass|n|5|0;bass|n|3|0
bassist			bassist|n|1|0
bastard			bastard|a|1|0;bastard|n|3|0
bastion	NOUN=1	bastion=1	bastion|n|3|0
bat	NOUN=3,PROPN=1	bat=3,Bat=1	bat|n|5|0;bat|v|5|0
batch	NOUN=3	batch=2,BATCH=1	batch|n|3|0;batch|v|1|0
batches	NOUN=1	batches=1	
bath	NOUN=2,PROPN=2	Bath=2,bath=1	Bath|n|1|1;bath|n|3|0
bathe	VERB=1	bathe=1	bathe|n|1|0;bathe|v|3|0
bathed	VERB=1	bathed=1	
bathing	NOUN=1,VERB=1	bathing=2	bathing|n|2|0
bathroom	NOUN=22	bathroom=22	bathroom|n|2|0
bathrooms	NOUN=3	bathrooms=3	
baths	NOUN=1	baths=1	
bathtub	NOUN=3	bathtub=3	bathtub|n|1|0
batman	PROPN=4	Batman=4	batman|n|1|0
baton			baton|n|5|0
bats	VERB=2	bats=1	bats|a|1|0
batsman			batsman|n|1|0
battalion			battalion|n|2|0
batted	VERB=2	batted=2	
batter	NOUN=3	batter=3	batter|n|2|0;batter|v|3|0
battered	VERB=2	battered=2	battered|a|3|0
batteries	NOUN=1	batteries=1	
battery	NOUN=5,ADJ=1,PROPN=1	battery=6,Battery=1	battery|n|7|0
batting	NOUN=2,VERB=2	batting=3	batting|n|2|0
battle	NOUN=17,PROPN=2,VERB=1	battle=18,Battle=1	battle|n|3|0;battle|v|1|0
battled	VERB=1	battled=1	
battlefield	NOUN=3	battlefield=3	battlefield|n|1|0
battles	NOUN=5,PROPN=1,VERB=1	battles=6,Battles=1	
battleship			battleship|n|1|0
battling	VERB=3	battling=3	
bavaria			Bavaria|n|1|1
bavarian			Bavarian|a|1|0;Bavarian|n|1|0
bay	PROPN=33,NOUN=3	Bay=28,bay=6,BAY=1	bay|a|1|0;bay|n|7|0;bay|v|2|0
bayer			Bayer|n|1|0
bayonet			bayonet|n|1|0;bayonet|v|1|0
bayou			bayou|n|1|0
bays	NOUN=3	bays=3	
bazaar	NOUN=1	bazaar=1	bazaar|n|3|0
bb			BB|n|1|0
bbc	PROPN=16	BBC=14	
bbq	NOUN=4	BBQ=4	
bc	NOUN=6,PROPN=5,SCONJ=1	BC=10,bc=1	BC|r|1|0
bce	NOUN=5	BCE=5	BCE|r|1|0
bd	PROPN=2	bd=1	BD|n|1|0
bdsm	NOUN=1		
be	AUX=2369,VERB=76,ADV=1,NOUN=1	be=2419,Be=7,BE=4	Be|n|1|0;be|v|12|0
bea	PROPN=1		
beach	NOUN=23,PROPN=3	beach=23,Beach=3	beach|n|1|0;beach|v|1|0
beaches	NOUN=17	beaches=16	
beacon			beacon|n|3|0;beacon|v|2|0
bead			bead|n|3|0;bead|v|3|0
beads			beads|n|1|0
beak	NOUN=6	beak=6	beak|n|4|0;beak|v|1|0
beam	NOUN=2	beam=2	beam|n|7|0;beam|v|6|0
beams	NOUN=1,VERB=1	beams=2	
bean	NOUN=2	bean=2	bean|n|4|0;bean|v|1|0
beans	NOUN=5	beans=5	
bear	NOUN=35,VERB=10,PROPN=1	bear=44,Bear=1	bear|n|2|0;bear|v|14|0
beard	NOUN=4	beard=4	beard|n|5|0;beard|v|1|0
bearded	ADJ=7,VERB=1	bearded=5	bearded|a|2|0
beards	NOUN=1		
bearer			bearer|n|4|0
bearing	NOUN=2,VERB=1	bearing=3	bearing|a|1|0;bearing|n|6|0
bears	NOUN=9,VERB=4	bears=13	
beast	PROPN=4,NOUN=2	Beast=4,beast=2	beast|n|2|0
beasts	NOUN=1	beasts=1	
beat	VERB=18,NOUN=4	beat=22	beat|a|1|0;beat|n|10|0;beat|v|23|0
beaten	VERB=4	beaten=4	beaten|a|2|0
beater			beater|n|2|0
beating	VERB=6,NOUN=2	beating=8	beating|n|2|0
beatles	PROPN=17	Beatles=17	Beatles|n|1|1
beatrice			Beatrice|n|1|1
beats	VERB=2,NOUN=1	beats=2	beats|n|1|0
beatty	PROPN=2	Beatty=2	
beau	PROPN=2	Beau=2	beau|n|2|0
beaumont			Beaumont|n|3|3
beautiful	ADJ=90	beautiful=86,Beautiful=1	beautiful|a|2|0
beautifully	ADV=3	beautifully=2	beautifully|r|1|0
beauty	NOUN=36,PROPN=2	beauty=32,Beauty=6	beauty|n|3|0
beaver	NOUN=2	beaver=2	Beaver|n|1|0;beaver|n|6|0;beaver|v|1|0
became	VERB=59	became=59	
because	SCONJ=518,ADP=83	because=541,BECAUSE=3,Because=1	
becca	PROPN=1		
beck			beck|n|1|0
beckett			Beckett|n|1|1
becky	PROPN=4	Becky=1	
become	VERB=114	become=114	become|v|4|0
becomes	VERB=19	becomes=19	
becoming	VERB=19	becoming=19	becoming|a|2|0
bed	NOUN=39	bed=38,BED=1	bed|n|8|0;bed|v|5|0
bedding	NOUN=6	bedding=6	bedding|n|2|0
bedford	PROPN=1	Bedford=1	
bedrock			bedrock|n|2|0
bedroom	NOUN=16	bedroom=16	bedroom|n|1|0
bedrooms	NOUN=1	bedrooms=1	
beds	NOUN=5	beds=5	
bedside			bedside|n|1|0
bedtime			bedtime|n|1|0
bee	NOUN=1,PROPN=1	BEE=1,Bee=1	bee|n|2|0
beech			beech|n|2|0
beef	NOUN=6,VERB=1	beef=7	beef|n|3|0;beef|v|1|0
been	AUX=788,VERB=36	been=821,BEEN=2	
beep			beep|n|1|0;beep|v|2|0
beer	NOUN=14,PROPN=1	beer=13,BEER=1	beer|n|1|0
beers	NOUN=7	beers=7	
bees	NOUN=2	bees=2	
beethoven	PROPN=1	Beethoven=1	Beethoven|n|2|1
beetle			beetle|a|1|0;beetle|n|2|0;beetle|v|3|0
beetles	NOUN=2	beetles=2	
before	SCONJ=182,ADP=128,ADV=70	before=361,Before=4,BEFORE=1	before|r|2|0
beforehand			beforehand|a|1|0;beforehand|r|1|0
beg	VERB=2	beg=2	beg|v|4|0
began	VERB=52	began=52	
beggar			beggar|n|1|0;beggar|v|2|0
begging			begging|n|1|0
begin	VERB=41	begin=41	Begin|n|1|1;begin|v|10|0
beginner	NOUN=3,PROPN=1	beginner=3,Beginner=1	beginner|n|2|0
beginners	NOUN=1	beginners=1	
beginning	NOUN=31,VERB=17	beginning=47,Beginning=1	beginning|a|1|0;beginning|n|5|0
beginnings	NOUN=1	beginnings=1	
begins	VERB=14	begins=14	
begs	VERB=1	begs=1	
begun	VERB=17	begun=17	
behalf	NOUN=19	behalf=18,BEHALF=1	behalf|n|2|0
behave	VERB=1	behave=1	behave|v|2|0
behaved	VERB=1	behaved=1	
behaves	VERB=1	behaves=1	
behavior	NOUN=31	behavior=31	behavior|n|4|0
behavioral	ADJ=3	behavioral=2,Behavioral=1	behavioral|a|1|0
behaviors	NOUN=11	behaviors=11	
behaviour	NOUN=6	behaviour=6	behaviour|n|4|0
behavioural			behavioural|a|1|0
behaviours	NOUN=1	behaviours=1	
beheaded			beheaded|a|1|0
behind	ADP=64,ADV=4	behind=67,Behind=1	behind|a|1|0;behind|n|1|0;behind|r|5|0
behold	INTJ=2	behold=2	behold|v|1|0
beige	ADJ=1	beige=1	beige|a|1|0;beige|n|1|0
beijing	PROPN=3	Beijing=2	Beijing|n|1|1
being	AUX=289,NOUN=12,VERB=2,PROPN=1	being=293,BEING=2,Being=1	being|n|2|0
beings	NOUN=7,PROPN=1	beings=7,Beings=1	
beirut	PROPN=1	Beirut=1	Beirut|n|1|1
bel			Bel|n|2|1
belarus	PROPN=2	Belarus=2	Belarus|n|1|1
belfast			Belfast|n|1|1
belgian	ADJ=3	Belgian=1	Belgian|a|1|0;Belgian|n|1|0
belgium	PROPN=16	Belgium=14	Belgium|n|1|1
belgrade			Belgrade|n|1|1
belief	NOUN=16	belief=15	belief|n|2|0
beliefs	NOUN=21	beliefs=20,Beliefs=1	
believable	ADJ=1	believable=1	believable|a|1|0
believe	VERB=130	believe=127	believe|v|5|0
believed	VERB=30	believed=30	
believer	NOUN=1	believer=1	believer|n|2|0
believers	NOUN=1	believers=1	
believes	VERB=17	believes=17	
believing	VERB=2	believing=2	believing|n|1|0
belize	PROPN=1	Belize=1	Belize|n|1|1
bell	PROPN=6,NOUN=2	Bell=4,bell=4	Bell|n|3|3;bell|n|7|0;bell|v|1|0
bella	ADJ=2	Bella=1,bella=1	
belle	PROPN=3	Belle=2	belle|n|1|0
bellevue	PROPN=2	Bellevue=2	
belly	NOUN=6	belly=6	belly|n|5|0;belly|v|1|0
belmont			Belmont|n|1|1
belong	VERB=11	belong=11	belong|v|6|0
belonged	VERB=4	belonged=4	
belonging	VERB=2	belonging=2	belonging|n|1|0
belongings	NOUN=2	belongings=2	belongings|n|1|0
belongs	VERB=8	belongs=8	
beloved	ADJ=6	beloved=6	beloved|a|1|0;beloved|n|1|0
below	ADV=70,ADP=19,ADJ=2	below=87	below|r|4|0
belt	NOUN=9	belt=9	belt|n|7|0;belt|v|3|0
belts	NOUN=2	belts=2	
ben	PROPN=28	Ben=19,BEN=1	ben|n|1|0
bench	NOUN=3	bench=3	Bench|n|1|0;bench|n|6|0;bench|v|4|0
benchmark			benchmark|n|2|0
bend	NOUN=1,PROPN=1	Bend=1,bend=1	Bend|n|1|1;bend|n|5|0;bend|v|6|0
bender	PROPN=1	Bender=1	bender|n|3|0
bending	VERB=4,NOUN=3	bending=3	bending|n|3|0
bends	VERB=1	bends=1	bends|n|1|0
beneath	ADP=3,ADV=1	beneath=4	beneath|r|1|0
benedict	NOUN=1	benedict=1	Benedict|n|2|2;benedict|n|1|0
benefactor	NOUN=1	benefactor=1	benefactor|n|1|0
beneficial	ADJ=6	beneficial=6	beneficial|a|1|0
beneficiary	NOUN=1	beneficiary=1	beneficiary|a|1|0;beneficiary|n|2|0
benefit	NOUN=24,VERB=13,PROPN=2	benefit=35,Benefit=3	benefit|n|3|0;benefit|v|2|0
benefited	VERB=2	benefited=2	
benefiting	VERB=2	benefiting=2	
benefits	NOUN=20,VERB=1	benefits=20,Benefits=1	
benevolent			benevolent|a|4|0
bengal	PROPN=5	Bengal=5	Bengal|n|1|1
bengali	ADJ=2	Bengali=2	Bengali|a|1|0;Bengali|n|3|0
benghazi			Benghazi|n|1|1
benign	ADJ=2	benign=2	benign|a|3|0
benjamin	PROPN=2	Benjamin=1	Benjamin|n|1|1;benjamin|n|1|0
bennet			bennet|n|2|0
bennett			Bennett|n|1|1
benny			Benny|n|1|1;benny|n|1|0
bent	VERB=3,ADJ=2	bent=5	bent|a|3|0;bent|n|4|0
benton			Benton|n|2|2
berg	PROPN=1	Berg=1	Berg|n|1|1;berg|n|1|0
bergen	PROPN=2	Bergen=2	Bergen|n|1|1
berger	PROPN=1	Berger=1	
berkeley	PROPN=10	Berkeley=10	Berkeley|n|2|2
berkshire	PROPN=2	Berkshire=2	Berkshire|n|1|1
berlin	PROPN=5	Berlin=5	Berlin|n|2|2;berlin|n|1|0
bermuda			Bermuda|n|1|1
bern			Bern|n|1|1
bernard	PROPN=4	Bernard=4	Bernard|n|1|1
bernstein			Bernstein|n|1|1
berries	NOUN=2	berries=2	
berry	PROPN=2,NOUN=1	Berry=2,berry=1	Berry|n|1|1;berry|n|2|0;berry|v|1|0
bert	PROPN=5	Bert=5	
berth			berth|n|3|0;berth|v|3|0
bertrand	PROPN=2	Bertrand=2	
beside	ADP=6	beside=5	
besides	ADP=13,ADV=5,SCONJ=3	besides=9	besides|r|2|0
besieged	VERB=1	besieged=1	besieged|a|1|0
bespoke			bespoke|a|1|0
best	ADJ=375,ADV=46,NOUN=1	best=327,Best=15,BEST=10	Best|n|1|1;best|a|2|0;best|n|2|0;best|r|3|0;best|v|1|0
bestseller	NOUN=1	bestseller=1	bestseller|n|1|0
bet	NOUN=13,VERB=7,PROPN=2	bet=19,Bet=2	bet|n|2|0;bet|v|3|0
beta	NOUN=2	beta=2	Beta|n|1|0;beta|a|2|0;beta|n|1|0
beth	PROPN=3	Beth=1	beth|n|1|0
bethel			bethel|n|1|0
bethesda	PROPN=1	Bethesda=1	
bethlehem			Bethlehem|n|2|2
betray	VERB=1	betray=1	betray|v|6|0
betrayal			betrayal|n|2|0
betrayed	VERB=2	betrayed=2	
better	ADJ=178,ADV=60,VERB=3	better=235,Better=4	better|a|4|0;better|n|4|0;better|r|2|0;better|v|3|0
betting	NOUN=2	betting=2	betting|a|1|0
betty	PROPN=11	Betty=7	
between	ADP=240,SCONJ=5	between=242,Between=1	between|r|2|0
beverage	NOUN=5,PROPN=1	beverage=6	beverage|n|1|0
beverly	PROPN=1	Beverly=1	
beware	VERB=8	beware=3,Beware=1	beware|v|1|0
bewildered	VERB=1	bewildered=1	bewildered|a|1|0
bey			bey|n|2|0
beyond	ADP=37,ADV=8,PROPN=5,SCONJ=4	beyond=42,Beyond=9	beyond|r|3|0
bf	NOUN=1	bf=1	
bharat			Bharat|n|1|1
bhutan	PROPN=3	Bhutan=3	Bhutan|n|1|1
bi			Bi|n|1|0
bias	NOUN=6	bias=6	bias|a|1|0;bias|n|2|0;bias|v|2|0
biased	ADJ=1	biased=1	biased|a|1|0
biases	NOUN=4	biases=4	
bible	PROPN=8	Bible=8	Bible|n|1|0;bible|n|1|0
biblical	ADJ=1	Biblical=1	biblical|a|2|0
bibliography			bibliography|n|1|0
bicycle	NOUN=5	bicycle=5	bicycle|n|1|0;bicycle|v|1|0
bid	NOUN=5,VERB=2	bid=7	bid|n|4|0;bid|v|6|0
bidder			bidder|n|2|0
bidders	NOUN=2	bidders=2	
bidding	VERB=1	bidding=1	bidding|n|3|0
biden	PROPN=16	Biden=16	
bieber	PROPN=2	Bieber=1	
bien	PROPN=1	Bien=1	
biennial			biennial|a|2|0;biennial|n|1|0
big	ADJ=146	big=125,Big=10,BIG=3	big|a|13|0;big|r|4|0
bigfoot			Bigfoot|n|1|1
bigger	ADJ=27,ADV=1	bigger=27,Bigger=1	bigger|a|1|0
biggest	ADJ=15	biggest=15	
bigot			bigot|n|1|0
bigotry	NOUN=1	bigotry=1	bigotry|n|1|0
bihar			Bihar|n|1|1
bike	NOUN=18	bike=17	bike|n|2|0;bike|v|1|0
biker	NOUN=1	biker=1	biker|n|1|0
bikers			bikers|n|1|0
bikes	NOUN=1	bikes=1	
biking	VERB=1	biking=1	
bikini			Bikini|n|1|1;bikini|n|1|0
bilateral	ADJ=3	bilateral=3	bilateral|a|3|0
bile	NOUN=1	bile=1	bile|n|1|0
bilingual	ADJ=2	bilingual=2	bilingual|a|1|0;bilingual|n|1|0
bill	PROPN=42,NOUN=38,VERB=2	bill=39,Bill=31,BILL=1	bill|n|10|0;bill|v|3|0
billboard			billboard|n|1|0
billboards	NOUN=2	billboards=2	
billed	VERB=1	billed=1	billed|a|1|0
billing	NOUN=7	billing=5	billing|n|1|0
billings			Billings|n|1|1
billion	NUM=44,NOUN=1	billion=45	billion|a|2|0;billion|n|3|0
billionaire	NOUN=2	billionaire=2	billionaire|n|1|0
billionaires	NOUN=4	billionaires=4	
billions	NOUN=12	billions=12	
bills	NOUN=9	bills=9	
billy	PROPN=3	Billy=1	billy|n|2|0
bin	PROPN=29,NOUN=1	Bin=21,bin=9	BIN|n|1|0;bin|n|2|0;bin|v|1|0
binary	ADJ=1,NOUN=1	binary=2	binary|a|2|0;binary|n|2|0
bind	VERB=1	bind=1	bind|n|1|0;bind|v|10|0
binder			binder|n|4|0
binding	NOUN=1,VERB=1	binding=2	binding|a|1|0;binding|n|5|0
binds	NOUN=1	binds=1	
bing	PROPN=1	Bing=1	
binge			binge|n|2|0;binge|v|2|0
bingo			bingo|n|1|0
binoculars			binoculars|n|1|0
bio	NOUN=2,PROPN=2	Bio=3,bio=1	
biochemical	ADJ=4	biochemical=4	biochemical|a|1|0
biochemistry			biochemistry|n|1|0
biodiversity	NOUN=3	biodiversity=3	biodiversity|n|1|0
biographer			biographer|n|1|0
biographical	ADJ=1	biographical=1	biographical|a|1|0
biography	NOUN=1		biography|n|1|0
biological	ADJ=23	biological=22	biological|a|2|0
biologically	ADV=1	biologically=1	biologically|r|1|0
biologist	NOUN=3	biologist=2	biologist|n|1|0
biologists	NOUN=4	biologists=3	
biology	NOUN=5	biology=4,Biology=1	biology|n|3|0
biomass			biomass|n|2|0
biomedical			biomedical|a|1|0
biopsy			biopsy|n|1|0
biotech			biotech|n|1|0
biotechnology			biotechnology|n|2|0
bipartisan	ADJ=2	bipartisan=2	bipartisan|a|1|0
bipolar			bipolar|a|3|0
birch			birch|a|1|0;birch|n|3|0;birch|v|1|0
bird	NOUN=41,PROPN=1	bird=38,Bird=3	bird|n|5|0;bird|v|1|0
birdie	NOUN=1,PROPN=1	Birdie=1,birdie=1	birdie|n|2|0;birdie|v|1|0
birds	NOUN=37	birds=30,Birds=3	
birmingham	PROPN=5	Birmingham=5	Birmingham|n|2|2
birth	NOUN=29	birth=28	birth|n|5|0;birth|v|1|0
birthday	NOUN=29,PROPN=1	birthday=29,Birthday=1	birthday|n|2|0
birthplace	NOUN=2	birthplace=2	birthplace|n|2|0
biscuit			biscuit|n|2|0
bisexual	ADJ=1	bisexual=1	bisexual|a|2|0;bisexual|n|1|0
bishop	PROPN=4	Bishop=4	bishop|n|3|0
bismarck			Bismarck|n|2|2
bison			bison|n|1|0
bit	NOUN=128,VERB=2	bit=128	bit|n|11|0
bitch	NOUN=2	bitch=2	bitch|n|4|0;bitch|v|2|0
bitches	NOUN=1	bitches=1	
bitching	VERB=1	BITCHING=1	
bite	VERB=9,NOUN=5	bite=14	bite|n|9|0;bite|v|4|0
bites	VERB=3,NOUN=1	bites=4	
biting	VERB=9,NOUN=1	biting=10	biting|a|2|0
bits	NOUN=5	bits=5	
bitter	ADJ=4	bitter=4	bitter|a|7|0;bitter|n|3|0;bitter|r|1|0;bitter|v|1|0
bitterly			bitterly|r|3|0
bitterness	NOUN=2	bitterness=2	bitterness|n|4|0
bittersweet			bittersweet|a|2|0;bittersweet|n|2|0
biz	NOUN=4	biz=4	biz|n|1|0
bizarre	ADJ=1	bizarre=1	bizarre|a|1|0
bj	PROPN=2	BJ=2	
bk	PROPN=1	BK=1	Bk|n|1|0
black	ADJ=87,NOUN=5,PROPN=4	black=73,Black=21	Black|n|3|2;black|a|14|0;black|n|4|0;black|v|1|0
blackberry	NOUN=2,PROPN=1	blackberry=2	blackberry|n|2|0;blackberry|v|1|0
blackburn			Blackburn|n|1|0
blacked	VERB=1	blacked=1	
blackjack			blackjack|n|4|0;blackjack|v|1|0
blacklist			blacklist|n|1|0;blacklist|v|1|0
blackmail	NOUN=2	blackmail=2	blackmail|n|1|0;blackmail|v|2|0
blackness	NOUN=1	blackness=1	blackness|n|2|0
blackout			blackout|n|5|0
blackpool			Blackpool|n|1|1
blacks	PROPN=1	Blacks=1	
blacksmith			blacksmith|n|1|0
bladder	NOUN=5	bladder=4	bladder|n|2|0
blade	NOUN=2	blade=2	blade|n|9|0
blades	NOUN=3	blades=3	
blah	INTJ=3	blah=3	blah|n|1|0
blair	PROPN=6	Blair=6	Blair|n|1|1
blake			Blake|n|1|1
blame	VERB=8,NOUN=2	blame=10	blame|a|1|0;blame|n|2|0;blame|v|3|0
blamed	VERB=2	blamed=2	blamed|a|1|0
blames	VERB=2	blames=2	
blaming	VERB=3	blaming=3	
blanc	PROPN=4	Blanc=4	blanc|n|1|0
blanche	PROPN=1	Blanche=1	
bland	ADJ=7	bland=5	bland|a|3|0
blank	ADJ=7	blank=7	blank|a|4|0;blank|n|4|0;blank|v|1|0
blanket	NOUN=11	blanket=11	blanket|a|1|0;blanket|n|3|0;blanket|v|2|0
blankets	NOUN=2	blankets=2	
blanks	NOUN=3	blanks=3	
blasphemy			blasphemy|n|2|0
blast	NOUN=5	blast=4,BLAST=1	blast|n|6|0;blast|v|10|0
blasted	VERB=2	blasted=2	blasted|a|1|0
blasting	VERB=1	blasting=1	blasting|a|2|0
blasts	NOUN=2	blasts=2	
blatant			blatant|a|2|0
blatantly	ADV=2	blatantly=2	blatantly|r|1|0
blaze			blaze|n|5|0;blaze|v|5|0
blazer			blazer|n|1|0
blazing			blazing|a|2|0;blazing|n|1|0
bleach			bleach|n|3|0;bleach|v|2|0
bleak	ADJ=2	bleak=2	bleak|a|3|0
bleed			bleed|v|5|0
bleeding	VERB=3	bleeding=3	bleeding|n|1|0
blend	NOUN=2,VERB=1	blend=3	blend|n|3|0;blend|v|3|0
blended	VERB=5	blended=5	blended|a|1|0
blender	NOUN=3	blender=3	blender|n|1|0
blending	VERB=1	blending=1	blending|n|2|0
bless	VERB=4	bless=4	bless|v|4|0
blessed	VERB=3,ADJ=1	blessed=4	Blessed|a|1|0;blessed|a|5|0
blessing			blessing|n|5|0
blessings	NOUN=3	blessings=2	
blew	VERB=4	blew=4	
blight			blight|n|2|0;blight|v|1|0
blind	ADJ=9	blind=9	blind|a|3|0;blind|n|4|0;blind|v|3|0
blinded			blinded|a|1|0
blinding			blinding|a|1|0
blindly	ADV=1	blindly=1	blindly|r|2|0
blindness	NOUN=1	blindness=1	blindness|n|1|0
blinds	NOUN=1,VERB=1	blinds=2	
bling			bling|n|1|0
blink	VERB=4,NOUN=1	blink=5	blink|n|1|0;blink|v|3|0
blinking	VERB=7,NOUN=1	blinking=5	blinking|a|2|0;blinking|n|1|0
bliss	NOUN=1	Bliss=1	bliss|n|1|0
blitz			blitz|n|2|0;blitz|v|1|0
blizzard	PROPN=1	Blizzard=1	blizzard|n|2|0
bloated			bloated|a|1|0
bloc			bloc|n|1|0
block	NOUN=11,PROPN=5,VERB=3	block=13,Block=6	block|n|12|0;block|v|16|0
blockade	NOUN=2	blockade=2	blockade|n|2|0;blockade|v|4|0
blockbuster			blockbuster|n|2|0
blocked	VERB=2	blocked=2	blocked|a|2|0
blocker			blocker|n|2|0
blockers	NOUN=1	blockers=1	
blocking			blocking|n|1|0
blocks	NOUN=11,PROPN=1	blocks=11,Blocks=1	
blog	NOUN=19,VERB=1	blog=20	blog|n|1|0;blog|v|1|0
blogger	NOUN=3,PROPN=3	blogger=5,Blogger=1	blogger|n|1|0
blogging	VERB=2	blogging=1	
blogs	NOUN=3	blogs=3	
bloke	NOUN=1	bloke=1	bloke|n|1|0
blond			blond|a|1|0;blond|n|2|0
blonde	ADJ=2,NOUN=1	blonde=3	blonde|a|1|0;blonde|n|2|0
blood	NOUN=42,PROPN=1	blood=39,Blood=1	blood|n|5|0;blood|v|1|0
blooded	VERB=2,ADJ=1	blooded=3	blooded|a|1|0
bloodshed	NOUN=1	bloodshed=1	bloodshed|n|2|0
bloodstream			bloodstream|n|1|0
bloody	ADJ=8	bloody=7,Bloody=1	bloody|a|2|0;bloody|r|1|0;bloody|v|1|0
bloom	PROPN=2	Bloom=1	bloom|n|6|0;bloom|v|1|0
bloomberg	PROPN=1		
blooming	VERB=5	blooming=4	blooming|a|1|0;blooming|n|1|0
bloomington			Bloomington|n|1|1
blossom	NOUN=1	blossom=1	blossom|n|2|0;blossom|v|2|0
blossoms	NOUN=1	blossoms=1	
blouse	NOUN=2	blouse=2	blouse|n|1|0
blow	VERB=12,NOUN=3	blow=15	blow|n|7|0;blow|v|23|0
blower	NOUN=2	blower=2	blower|n|3|0
blowing	VERB=8,ADJ=1,NOUN=1	blowing=10	blowing|n|1|0
blowjob			blowjob|n|1|0
blown	VERB=11,PROPN=1	blown=11,Blown=1	blown|a|2|0
blowout	NOUN=1	blowout=1	blowout|n|3|0
blows	VERB=5,NOUN=2	blows=7	
blu	NOUN=1	blu=1	
blue	ADJ=43,NOUN=5,PROPN=3	blue=37,Blue=11	blue|a|8|0;blue|n|7|0;blue|v|1|0
blueberry			blueberry|n|2|0
bluegrass	NOUN=1	bluegrass=1	Bluegrass|n|1|1;bluegrass|n|2|0
blueprint			blueprint|n|2|0;blueprint|v|1|0
blueprints	NOUN=1	blueprints=1	
blues	NOUN=3	blues=3	blues|n|2|0
bluff	NOUN=2	bluff=2	bluff|a|2|0;bluff|n|3|0;bluff|v|2|0
blunder	NOUN=1	blunder=1	blunder|n|1|0;blunder|v|3|0
blunt			blunt|a|4|0;blunt|v|5|0
blur	VERB=2	blur=2	blur|n|1|0;blur|v|6|0
blurred	VERB=2	blurred=2	blurred|a|2|0
blurry			blurry|a|1|0
blush	NOUN=1,VERB=1	blush=2	blush|n|3|0;blush|v|2|0
blvd	PROPN=3	Blvd=3	
bm			BM|n|1|0;bm|n|1|0
bmi			BMI|n|1|0
bmw	PROPN=3	BMW=2,bmw=1	
bn	NUM=3	bn=3	
boa			boa|n|2|0
boar			boar|n|2|0
board	NOUN=43,VERB=7,PROPN=4,ADP=2	board=45,Board=9,BOARD=1	board|n|9|0;board|v|4|0
boarding	NOUN=5,VERB=4	boarding=9	boarding|n|2|0
boards	NOUN=7	boards=7	boards|n|2|0
boardwalk			boardwalk|n|1|0
boast	VERB=1	boast=1	boast|n|1|0;boast|v|2|0
boasted	VERB=1	boasted=1	
boasting	VERB=1	boasting=1	boasting|n|1|0
boasts	VERB=3,NOUN=1	boasts=4	
boat	NOUN=29,PROPN=6	boat=32,Boat=3	boat|n|2|0;boat|v|1|0
boating			boating|n|1|0
boats	NOUN=5	boats=5	
bob	PROPN=22	Bob=17	bob|n|7|0;bob|v|5|0
bobby	PROPN=7	Bobby=5	bobby|n|1|0
bodied			bodied|a|2|0
bodies	NOUN=18	bodies=18	
bodily	ADJ=2	bodily=2	bodily|a|3|0;bodily|r|1|0
body	NOUN=70,PROPN=4	body=69,Body=5	body|n|11|0;body|v|1|0
bodybuilding	NOUN=1	bodybuilding=1	bodybuilding|n|1|0
bodyguard			bodyguard|n|2|0
bodyguards	NOUN=1	bodyguards=1	
bog			bog|n|1|0;bog|v|2|0
bogus	ADJ=2	bogus=2	bogus|a|1|0
bohemian			Bohemian|a|1|0;Bohemian|n|2|0;bohemian|a|1|0;bohemian|n|1|0
boi	PROPN=2	Boi=2	
boil	NOUN=4,VERB=2	boil=5,Boil=1	boil|n|2|0;boil|v|5|0
boiled	VERB=3	boiled=2	boiled|a|1|0
boiler	NOUN=1	boiler=1	boiler|n|2|0
boiling			boiling|n|2|0;boiling|r|1|0
boils	VERB=1	boils=1	
boise			Boise|n|1|1
bold	ADJ=3	bold=3	bold|a|3|0;bold|n|1|0
boldly			boldly|r|1|0
bolivia	PROPN=3	Bolivia=2	Bolivia|n|1|1;bolivia|n|1|0
bollocks			bollocks|v|1|0
bollywood			Bollywood|n|1|0
bologna			Bologna|n|1|1;bologna|n|1|0
bolster			bolster|n|1|0;bolster|v|3|0
bolt			bolt|n|7|0;bolt|r|2|0;bolt|v|7|0
bomb	NOUN=8,VERB=2	bomb=10	bomb|n|3|0;bomb|v|2|0
bombardment			bombardment|n|4|0
bombay			Bombay|n|1|1
bombed	VERB=4	bombed=4	
bomber	NOUN=2	bomber=2	bomber|n|3|0
bombers	NOUN=2	bombers=2	
bombing	NOUN=7	bombing=7	bombing|n|2|0
bombings	NOUN=8	bombings=8	
bombs	NOUN=12	bombs=12	
bombshell			bombshell|n|3|0
bon	INTJ=1,X=1	bon=1	
bona	X=1	bona=1	
bond	NOUN=7,PROPN=1	bond=6,Bond=2	Bond|n|2|2;bond|n|8|0;bond|v|4|0
bondage			bondage|n|3|0
bonded	VERB=2	bonded=2	
bonding	NOUN=1	Bonding=1	bonding|n|3|0
bonds	NOUN=2	bonds=2	
bone	NOUN=7	bone=7	bone|a|1|0;bone|n|3|0;bone|v|2|0
boner			boner|n|1|0
bones	NOUN=9,PROPN=1	bones=8,BONES=1,Bones=1	bones|n|1|0
bonfire			bonfire|n|1|0
bong			bong|n|1|0;bong|v|1|0
bonkers			bonkers|a|1|0
bonn			Bonn|n|1|1
bonnet			bonnet|n|2|0;bonnet|v|1|0
bonnie	PROPN=1	Bonnie=1	bonnie|a|1|0
bono	X=1	bono=1	
bonus	NOUN=5	bonus=3,Bonus=1	bonus|n|2|0
bonuses	NOUN=1	bonuses=1	
bony	ADJ=1	bony=1	bony|a|3|0
boo			boo|n|1|0;boo|v|1|0
boob	VERB=2,NOUN=1	boob=2	boob|n|2|0;boob|v|1|0
boogie			boogie|n|1|0;boogie|v|1|0
book	NOUN=87,VERB=14,PROPN=2	book=101,Book=2	Book|n|2|1;book|n|9|0;book|v|4|0
booked	VERB=21	booked=21	booked|a|1|0
booker	PROPN=1	Booker=1	booker|n|1|0
booking	NOUN=3,VERB=3	booking=6	booking|n|2|0
bookings	NOUN=1	bookings=1	
booklet			booklet|n|1|0
books	NOUN=39,PROPN=1	books=36,Books=3	
bookshop			bookshop|n|1|0
bookstore	NOUN=5	bookstore=5	bookstore|n|1|0
boom	NOUN=8,INTJ=1,PROPN=1	boom=8,Boom=1	boom|n|5|0;boom|v|5|0
boomer			boomer|n|1|0
boomers	NOUN=2	boomers=2	
booming	ADJ=2,VERB=1	booming=3	booming|a|2|0
boon			boon|a|1|0;boon|n|1|0
boone	PROPN=1	Boone=1	Boone|n|1|1
boost	VERB=4,NOUN=3	boost=7	boost|n|3|0;boost|v|5|0
boosted	VERB=1	boosted=1	
booster	NOUN=3	booster=3	booster|n|6|0
boosts	VERB=2	boosts=2	
boot	VERB=2,NOUN=1,PROPN=1	boot=3,Boot=1	boot|n|7|0;boot|v|2|0
booted			booted|a|1|0
booth	NOUN=3,PROPN=1	booth=3,Booth=1	Booth|n|1|1;booth|n|3|0
booths	NOUN=1	booths=1	
boots	NOUN=5	boots=5	
booty			booty|n|1|0
booze			booze|n|1|0;booze|v|1|0
bop			BoP|n|1|0;bop|n|1|0;bop|v|2|0
bordeaux			Bordeaux|n|2|1
border	NOUN=27,PROPN=1	border=26,Border=2	border|n|5|0;border|v|5|0
bordered	VERB=3	bordered=3	bordered|a|1|0
bordering	VERB=1	bordering=1	
borderline	ADJ=1,ADV=1	borderline=2	borderline|a|1|0;borderline|n|1|0
borders	NOUN=9,PROPN=1	borders=9,Borders=1	
bore	VERB=3,NOUN=1	bore=4	bore|n|4|0;bore|v|2|0
bored	ADJ=3	bored=3	bored|a|2|0
boredom	NOUN=2	boredom=2	boredom|n|1|0
boring	ADJ=4	boring=4	boring|a|1|0;boring|n|2|0
boris	PROPN=1	Boris=1	
born	VERB=66,ADJ=1	born=63	Born|n|1|1;born|a|2|0
borne	ADJ=1	borne=1	
borneo			Borneo|n|1|1
borough	NOUN=1	borough=1	borough|n|2|0
borrow	VERB=3	borrow=3	borrow|v|2|0
borrower			borrower|n|1|0
borrowers	NOUN=4	borrowers=4	
borrowing	VERB=1	borrowing=1	borrowing|n|2|0
bosch			Bosch|n|1|1
bose	PROPN=3	Bose=1,bose=1	Bose|n|1|1
bosnia	PROPN=5	Bosnia=5	Bosnia|n|2|2
bosnian	ADJ=2	Bosnian=2	Bosnian|a|1|0
boss	NOUN=5	boss=5	boss|a|1|0;boss|n|5|0;boss|v|1|0
bosses	NOUN=2	bosses=2	
boston	PROPN=20	Boston=15,boston=1	Boston|n|1|1
bot			bot|n|1|0
botanical	ADJ=1	Botanical=1	botanical|a|1|0;botanical|n|1|0
botany	NOUN=1	botany=1	botany|n|2|0
botched	VERB=1	botched=1	botched|a|1|0
both	DET=127,CCONJ=119,ADV=20	both=230,Both=3,BOTH=1	both|a|1|0
bother	VERB=17	bother=16,BOTHER=1	bother|n|2|0;bother|v|6|0
bothered	VERB=5	bothered=4,BOTHERED=1	bothered|a|1|0
bothers	VERB=2	bothers=2	
botox			Botox|n|1|0
botswana			Botswana|n|1|1
bottle	NOUN=16	bottle=13,Bottle=2	bottle|n|3|0;bottle|v|2|0
bottled	ADJ=1	bottled=1	
bottles	NOUN=19	bottles=17,Bottles=1	
bottling	NOUN=2	bottling=2	
bottom	NOUN=27,ADJ=4	bottom=28	bottom|a|2|0;bottom|n|7|0;bottom|v|3|0
bottoms	NOUN=1	bottoms=1	
bought	VERB=37	bought=35,Bought=1	
boulder	PROPN=2		Boulder|n|1|1;boulder|n|1|0
boulders	NOUN=1	boulders=1	
boulevard	NOUN=2,PROPN=1	boulevard=2,Boulevard=1	boulevard|n|1|0
bounce	NOUN=2	bounce=2	bounce|n|3|0;bounce|v|7|0
bounced	VERB=2	bounced=2	
bouncer			bouncer|n|1|0
bounces	VERB=1	bounces=1	
bouncing			bouncing|a|2|0;bouncing|n|1|0
bouncy	ADJ=1	bouncy=1	bouncy|a|2|0
bound	VERB=4,ADJ=3	bound=7	bound|a|9|0;bound|n|4|0;bound|v|4|0
boundaries	NOUN=6	boundaries=6	
boundary	NOUN=1	boundary=1	boundary|n|3|0
bounded	VERB=2	bounded=2	bounded|a|1|0
bounds	NOUN=2	bounds=2	bounds|n|1|0
bounty	NOUN=1	bounty=1	Bounty|n|1|1;bounty|n|3|0
bouquet	NOUN=1	bouquet=1	bouquet|n|2|0
bourbon	NOUN=1	bourbon=1	Bourbon|n|3|0;bourbon|n|1|0
bourgeois			bourgeois|a|3|0;bourgeois|n|2|0
bourne			bourne|n|2|0
bout	PROPN=4,NOUN=1	Bout=4,bout=1	bout|n|4|0
boutique	NOUN=1		boutique|n|1|0
bouts	NOUN=2	bouts=2	
bow	NOUN=2,PROPN=1,VERB=1	bow=3,Bow=1	bow|n|6|0;bow|n|3|0;bow|v|4|0;bow|v|1|0
bowed			bowed|a|3|0;bowed|a|1|0
bowel	NOUN=1	bowel=1	bowel|n|1|0
bowen	PROPN=2	Bowen=2	
bowie	PROPN=1	Bowie=1	Bowie|n|1|1
bowing			bowing|a|1|0;bowing|n|2|0
bowl	NOUN=21,PROPN=2	bowl=21,BOWL=1,Bowl=1	bowl|n|9|0;bowl|v|3|0
bowled	VERB=1	bowled=1	
bowler			bowler|n|3|0
bowling	VERB=1	bowling=1	bowling|n|3|0
bowls	NOUN=3	bowls=3	bowls|n|1|0
bowman			bowman|n|1|0
box	NOUN=48,PROPN=3,VERB=2	box=47,BOX=3,Box=3	box|n|10|0;box|v|3|0
boxed			boxed|a|2|0
boxer	NOUN=1,PROPN=1	Boxer=1,boxer=1	Boxer|n|1|0;boxer|n|3|0
boxers			boxers|n|1|0
boxes	NOUN=26	boxes=25	
boxing	NOUN=2,PROPN=1,VERB=1	boxing=4	boxing|n|2|0
boy	NOUN=25,INTJ=4,PROPN=2	boy=26,Boy=2	boy|n|4|0
boycott	NOUN=3	boycott=3	boycott|n|1|0;boycott|v|1|0
boyfriend	NOUN=9	boyfriend=9	boyfriend|n|1|0
boyhood			boyhood|n|1|0
boyle	PROPN=1	Boyle=1	Boyle|n|2|2
boys	NOUN=19	boys=17,Boys=2	
bp	PROPN=3	BP=3	
bpd	NOUN=5	bpd=5	
br			BR|n|1|1;Br|n|1|0
bra			bra|n|1|0
brace			brace|n|9|0;brace|v|4|0
bracelet			bracelet|n|2|0
braces			braces|n|1|0
bracing			bracing|a|1|0;bracing|n|1|0
bracket			bracket|n|4|0;bracket|v|3|0
brad	PROPN=3	Brad=2	brad|n|1|0;brad|v|1|0
bradford	PROPN=1	Bradford=1	Bradford|n|1|1
bradley	PROPN=7	Bradley=2,bradley=1	Bradley|n|2|2
brady			Brady|n|2|2
brag			brag|a|1|0;brag|n|1|0;brag|v|1|0
bragg			Bragg|n|1|1
bragging	VERB=1	bragging=1	bragging|a|1|0;bragging|n|1|0
braid	NOUN=1	braid=1	braid|n|2|0;braid|v|3|0
brain	NOUN=42,PROPN=1	brain=39,Brain=3	brain|n|5|0;brain|v|2|0
brainer	NOUN=1	brainer=1	
brains	NOUN=7	brains=7	
brainwashed	VERB=1	brainwashed=1	brainwashed|a|1|0
brake			brake|n|5|0;brake|v|2|0
brakes	NOUN=2	brakes=2	brakes|n|1|0
bran			bran|n|2|0
branch	NOUN=10,VERB=2	branch=7,Branch=4	branch|n|6|0;branch|v|2|0
branched			branched|a|2|0
branches	NOUN=7,VERB=1	branches=8	
branching	VERB=1	branching=1	branching|a|2|0;branching|n|1|0
brand	NOUN=7,ADV=2,PROPN=1,VERB=1	brand=10,Brand=1	brand|n|6|0;brand|v|4|0
branded			branded|a|2|0
branding			branding|n|1|0
brandon	PROPN=1	Brandon=1	
brandt	PROPN=1	Brandt=1	Brandt|n|1|1
brandy			brandy|n|1|0
branson	PROPN=5	Branson=5	
bras	NOUN=1	bras=1	
brasil			Brasil|n|1|1
brass	NOUN=8	brass=6	brass|n|7|0
brat			brat|n|1|0;brat|n|1|0
braun			Braun|n|2|2
brave	ADJ=6	brave=5,Brave=1	brave|a|3|0;brave|n|2|0;brave|v|1|0
bravely	ADV=2	bravely=2	bravely|r|1|0
bravery	NOUN=4	bravery=4	bravery|n|2|0
bravo	INTJ=1		bravo|n|2|0;bravo|v|1|0
brawl			brawl|n|2|0;brawl|v|1|0
bray			bray|n|1|0;bray|v|3|0
brazen	ADJ=1	brazen=1	brazen|a|2|0;brazen|v|1|0
brazil	PROPN=12	Brazil=11	Brazil|n|1|1;brazil|n|1|0
brazilian	ADJ=2	Brazilian=2	Brazilian|a|1|0;Brazilian|n|1|0
breach	NOUN=3	breach=3	breach|n|3|0;breach|v|2|0
breached	VERB=1	breached=1	
bread	NOUN=10	bread=10	bread|n|2|0;bread|v|1|0
breadth	NOUN=1	breadth=1	breadth|n|2|0
break	NOUN=19,VERB=14	break=32,Break=1	break|n|16|0;break|v|59|0
breakaway	NOUN=1	breakaway=1	breakaway|a|1|0;breakaway|n|1|0
breakdown	NOUN=3	breakdown=3	breakdown|n|6|0
breaker			breaker|n|3|0
breakers	NOUN=2	breakers=2	breakers|n|1|0
breakfast	NOUN=21,PROPN=4	breakfast=19,Breakfast=6	breakfast|n|1|0;breakfast|v|2|0
breaking	VERB=15,NOUN=4	breaking=16,Breaking=3	breaking|n|1|0
breakout	ADJ=1,PROPN=1	Breakout=1,breakout=1	breakout|n|1|0
breaks	NOUN=7,VERB=6	breaks=13	
breakthrough	NOUN=3	breakthrough=2,Breakthrough=1	breakthrough|n|3|0
breakup			breakup|n|2|0
breast	NOUN=9	breast=9	breast|n|4|0;breast|v|3|0
breastfeeding	VERB=1	breastfeeding=1	
breath	NOUN=13,VERB=1	breath=14	breath|n|5|0
breathe	VERB=13	breathe=13	breathe|v|9|0
breathed	VERB=1	breathed=1	breathed|a|1|0
breathing	NOUN=3,VERB=3	breathing=5	breathing|a|1|0;breathing|n|1|0
breathless			breathless|a|3|0
breathtaking	ADJ=4	breathtaking=3	breathtaking|a|1|0
bred	VERB=2	bred=2	
breed	NOUN=4,VERB=2	breed=6	breed|n|2|0;breed|v|4|0
breeder	NOUN=2	breeder=2	breeder|n|1|0
breeding	NOUN=5,VERB=4	breeding=7,Breeding=2	breeding|a|1|0;breeding|n|5|0
breeds	NOUN=1	breeds=1	
breeze	NOUN=3,PROPN=1	breeze=3,Breeze=1	breeze|n|2|0;breeze|v|2|0
breezy			breezy|a|2|0
brenda	PROPN=4	Brenda=3	
brendan	PROPN=2	Brendan=2	
brent	PROPN=3	Brent=3	brent|n|1|0
brethren	NOUN=2	Brethren=1,brethren=1	brethren|n|1|0
brett	PROPN=2	BRETT=1,Brett=1	
brew			brew|n|1|0;brew|v|2|0
brewer			brewer|n|2|0
brewery	NOUN=1,PROPN=1	Brewery=1,brewery=1	brewery|n|1|0
brewing	VERB=1	brewing=1	brewing|n|1|0
brian	PROPN=10	Brian=9	
bribe			bribe|n|1|0;bribe|v|1|0
bribery	NOUN=2	bribery=2	bribery|n|1|0
brick	NOUN=5,PROPN=1	brick=5,Brick=1	brick|n|2|0;brick|v|1|0
bridal	ADJ=2	bridal=2	bridal|a|2|0;bridal|n|1|0
bride	NOUN=1	bride=1	Bride|n|1|1;bride|n|2|0
brides	NOUN=1	brides=1	
bridge	NOUN=18,PROPN=11,VERB=1	bridge=19,Bridge=11	bridge|n|9|0;bridge|v|3|0
bridgeport			Bridgeport|n|1|1
bridges	NOUN=5,PROPN=1	bridges=5,Bridges=1	Bridges|n|1|1
bridget	PROPN=3	BRIDGET=1,Bridget=1	Bridget|n|1|1
brief	ADJ=14,NOUN=7,VERB=2	brief=22,BRIEF=1	brief|a|3|0;brief|n|2|0;brief|v|1|0
briefcase			briefcase|n|1|0
briefed	VERB=1	briefed=1	
briefing	NOUN=3,PROPN=1	Briefing=3,briefing=1	briefing|n|1|0
briefly	ADV=6	briefly=6	briefly|r|2|0
briefs	NOUN=1	briefs=1	briefs|n|1|0
brig			brig|n|2|0
brigade	PROPN=2,NOUN=1	Brigade=2,brigade=1	brigade|n|1|0;brigade|v|1|0
brigades	NOUN=2,PROPN=1	brigades=2,Brigades=1	
brigadier	NOUN=1	brigadier=1	brigadier|n|1|0
briggs	PROPN=3	Briggs=3	
bright	ADJ=21	bright=18,Bright=3	bright|a|10|0;bright|r|1|0
brighten			brighten|v|2|0
brighter	ADJ=1	brighter=1	
brightest	ADJ=1	brightest=1	
brightly	ADV=4	brightly=4	brightly|r|1|0
brightness	NOUN=9	brightness=9	brightness|n|3|0
brighton	PROPN=1	Brighton=1	Brighton|n|1|1
brilliance			brilliance|n|3|0
brilliant	ADJ=4	brilliant=4	brilliant|a|6|0
brilliantly	ADV=1	brilliantly=1	brilliantly|r|2|0
bring	VERB=69	bring=66,BRING=1,Bring=1	bring|v|11|0
bringing	VERB=25	bringing=22,BRINGING=1	bringing|n|1|0
brings	VERB=19	brings=17,BRINGS=1,Brings=1	
brink	NOUN=2	brink=2	brink|n|3|0
brisbane			Brisbane|n|1|1
brisk			brisk|a|3|0;brisk|v|1|0
bristol			Bristol|n|1|1
brit	PROPN=1	Brit=1	Brit|n|1|0;brit|n|2|0
britain	PROPN=13	Britain=13	Britain|n|1|1
britannia	PROPN=1	Britannia=1	
british	ADJ=29,PROPN=2	British=31	British|a|1|0;British|n|1|0
britney	PROPN=5	Britney=5	
brits			Brits|n|1|0
britt	PROPN=2	Britt=1	britt|n|2|0
brittany	PROPN=2	Brittany=1,brittany=1	Brittany|n|1|1
brittle			brittle|a|3|0;brittle|n|1|0
bro	NOUN=1		
broad	ADJ=16,PROPN=7	broad=20,Broad=2	broad|a|8|0;broad|n|1|0
broadband	PROPN=2,NOUN=1	Broadband=2,broadband=1	broadband|a|2|0
broadcast	VERB=5,NOUN=2	broadcast=7	broadcast|n|2|0;broadcast|v|3|0
broadcaster			broadcaster|n|2|0
broadcasters	NOUN=2	broadcasters=2	
broadcasting	PROPN=2,NOUN=1,VERB=1	Broadcasting=2,broadcasting=2	broadcasting|n|2|0
broadcasts	NOUN=3,VERB=1	broadcasts=4	
broaden	VERB=1	broaden=1	broaden|v|4|0
broader	ADJ=13	broader=13	
broadly	ADV=3	broadly=3	broadly|r|2|0
broadway	PROPN=6	Broadway=6	Broadway|n|1|1
broccoli	NOUN=2	broccoli=2	broccoli|n|2|0
brochure	NOUN=1	brochure=1	brochure|n|1|0
brock	PROPN=3		
broke	VERB=17,ADJ=2	broke=17	broke|a|1|0
broken	VERB=16,ADJ=9,PROPN=1	broken=21,Broken=5	broken|a|13|0
broker	NOUN=4	broker=4	broker|n|1|0;broker|v|1|0
brokerage	NOUN=2	Brokerage=1,brokerage=1	brokerage|n|3|0
brokers	NOUN=1	BROKERS=1	
bronx			Bronx|n|1|1
bronze	NOUN=10	bronze=9	bronze|a|2|0;bronze|n|2|0;bronze|v|2|0
brood			brood|n|1|0;brood|v|5|0
brooding	ADJ=1	brooding=1	brooding|a|1|0;brooding|n|2|0
brook	PROPN=2	Brook=2	brook|n|1|0;brook|v|1|0
brooke			Brooke|n|1|1
brooklyn	PROPN=9	Brooklyn=9	Brooklyn|n|1|1
brooks			Brooks|n|1|1
broom	NOUN=1	broom=1	broom|n|3|0;broom|v|2|0
broth	NOUN=3	broth=3	broth|n|2|0
brothel	NOUN=1	brothel=1	brothel|n|1|0
brother	NOUN=30,PROPN=1	brother=30	Brother|n|1|0;brother|n|4|0
brotherhood	PROPN=2	Brotherhood=2	brotherhood|n|4|0
brothers	NOUN=10,PROPN=1	brothers=10,Brothers=1	
brought	VERB=54	brought=51,BROUGHT=1	
brow			brow|n|3|0
brown	ADJ=16,PROPN=11,NOUN=1	brown=17,Brown=11	Brown|n|3|3;brown|a|2|0;brown|n|1|0;brown|v|2|0
browne			Browne|n|2|2
brownie			Brownie|n|1|0;brownie|n|2|0
browning	PROPN=3,VERB=1	Browning=2,BROWNING=1,browning=1	Browning|n|3|3;browning|n|1|0
brownish			brownish|a|1|0
browns	PROPN=2,NOUN=1	Browns=3	
browse	VERB=4,NOUN=1	browse=5	browse|n|3|0;browse|v|4|0
browser	NOUN=11	browser=11	browser|n|2|0
browsers	NOUN=2	browsers=2	
browsing	NOUN=1,VERB=1	browsing=1	browsing|n|2|0
bruce	PROPN=6	Bruce=4	Bruce|n|2|2
bruise	NOUN=1	bruise=1	bruise|n|1|0;bruise|v|4|0
bruised	VERB=1	bruised=1	
bruises	NOUN=1	bruises=1	
bruising			bruising|a|2|0
brunch	NOUN=2	brunch=2	brunch|n|1|0;brunch|v|1|0
brunei			Brunei|n|1|1
brunette			brunette|a|1|0;brunette|n|1|0
bruno			Bruno|n|3|3
brunswick			Brunswick|n|3|3
brunt	NOUN=2	brunt=2	brunt|n|1|0
brush	NOUN=1,VERB=1	brush=2	brush|n|9|0;brush|v|6|0
brushed			brushed|a|3|0
brushes	NOUN=2	brushes=2	
brushing	NOUN=1,VERB=1	brushing=2	brushing|n|2|0
brussels	PROPN=1	Brussels=1	Brussels|n|1|1
brutal	ADJ=4	brutal=4	brutal|a|4|0
brutality	NOUN=1	brutality=1	brutality|n|2|0
brutally			brutally|r|1|0
brute	NOUN=1	brute=1	brute|a|1|0;brute|n|2|0
brutus			Brutus|n|1|1
bryan	PROPN=3	Bryan=1	Bryan|n|2|2
bryant	PROPN=1	Bryant=1	
bs	NOUN=4,PROPN=1	BS=4,bs=1	BS|n|1|0
bt	PROPN=1	BT=1	
bts	PROPN=1	BTS=1	
btw	ADV=7,INTJ=1	btw=6	
bu	PROPN=3	Bu=2,BU=1	
bubble	NOUN=2	bubble=2	bubble|n|4|0;bubble|v|5|0
bubbling			bubbling|a|2|0
bubbly			bubbly|a|2|0;bubbly|n|1|0
buchanan	PROPN=3	Buchanan=3	Buchanan|n|1|1
bucharest			Bucharest|n|1|1
buck	NOUN=3,PROPN=2	buck=3,Buck=2	Buck|n|1|1;buck|n|4|0;buck|v|4|0
bucket	NOUN=1	bucket=1	bucket|n|2|0;bucket|v|2|0
buckingham	PROPN=1	Buckingham=1	
buckle			buckle|n|2|0;buckle|v|3|0
buckley	PROPN=1	Buckley=1	
bucks	NOUN=9	bucks=9	
bud	PROPN=2	Bud=2	bud|n|2|0;bud|v|2|0
budapest			Budapest|n|1|1
buddha			Buddha|n|2|1
buddhism	PROPN=2	Buddhism=2	Buddhism|n|2|0
buddhist	ADJ=7,PROPN=1	Buddhist=6	Buddhist|a|1|0;Buddhist|n|1|0
buddhists	PROPN=1	Buddhists=1	
buddies	NOUN=3	buddies=3	
budding			budding|a|1|0;budding|n|1|0
buddy	NOUN=3,PROPN=2,VERB=1	buddy=4,Buddy=1	buddy|n|1|0
budge	VERB=2	budge=2	Budge|n|1|1;budge|v|1|0
budget	NOUN=30	budget=30	budget|n|2|0;budget|v|1|0
budgetary			budgetary|a|1|0
budgets	NOUN=3	budgets=3	
buds	NOUN=3	buds=3	
buenos	PROPN=9	Buenos=9	
buff			buff|a|1|0;buff|n|5|0;buff|v|2|0
buffalo	PROPN=1	BUFFALO=1	Buffalo|n|1|1;buffalo|n|3|0;buffalo|v|1|0
buffer	NOUN=2,VERB=1	buffer=3	buffer|n|7|0;buffer|v|2|0
buffet	NOUN=3,PROPN=2	buffet=3,Buffet=2	buffet|n|3|0;buffet|v|2|0
buffett	PROPN=2	Buffett=2	
bug	NOUN=3	bug=3	bug|n|5|0;bug|v|2|0
bugged			bugged|a|1|0
buggy			buggy|a|2|0;buggy|n|1|0
bugs	NOUN=9	bugs=8	
build	VERB=55,NOUN=3	build=55,Build=1	build|n|2|0;build|v|10|0
builder			builder|n|3|0
builders	PROPN=3,NOUN=2	Builders=4	
building	NOUN=32,VERB=28,PROPN=14	building=60,Building=12,BUILDING=1	building|n|4|0
buildings	NOUN=18	buildings=18	
builds	VERB=4	builds=3,Builds=1	
buildup	NOUN=2	buildup=2	buildup|n|3|0
built	VERB=46	built=43	built|a|1|0
bulb	NOUN=16	bulb=16	bulb|n|6|0
bulbs	NOUN=7	bulbs=7	
bulgaria	PROPN=1	Bulgaria=1	Bulgaria|n|1|1
bulgarian			Bulgarian|a|1|0;Bulgarian|n|2|0
bulge			bulge|n|1|0;bulge|v|4|0
bulk	NOUN=2,VERB=1	bulk=3	bulk|n|3|0;bulk|v|3|0
bulky			bulky|a|1|0
bull	NOUN=2	bull=2	Bull|n|2|1;bull|n|9|0;bull|v|4|0
bulldog			bulldog|n|1|0;bulldog|v|2|0
bullet	NOUN=4	bullet=3	bullet|n|3|0
bulletin	NOUN=3,PROPN=1	Bulletin=2,bulletin=2	bulletin|n|1|0;bulletin|v|1|0
bulletproof			bulletproof|a|2|0;bulletproof|v|1|0
bullies	PROPN=1	Bullies=1	
bullion			bullion|n|2|0
bullish	ADJ=1	bullish=1	bullish|a|1|0
bullock			bullock|n|2|0
bullpen			bullpen|n|2|0
bullshit	NOUN=2	bullshit=2	bullshit|n|1|0;bullshit|v|1|0
bully	NOUN=2	Bully=1,bully=1	bully|a|1|0;bully|n|2|0;bully|v|2|0
bullying	VERB=2	bullying=2	bullying|a|1|0;bullying|n|1|0
bum			bum|a|1|0;bum|n|4|0;bum|v|2|0
bummer			bummer|n|2|0
bump	VERB=1	bump=1	bump|n|3|0;bump|v|7|0
bumped	VERB=1	bumped=1	
bumper	NOUN=1	bumper=1	bumper|n|2|0
bumping	VERB=1	bumping=1	
bumpy			bumpy|a|2|0
bun	NOUN=2	bun=2	bun|n|1|0
bunch	NOUN=25	bunch=23,BUNCH=2	bunch|n|3|0;bunch|v|2|0
bundle	NOUN=3	bundle=3	bundle|n|3|0;bundle|v|4|0
bundy	PROPN=1	Bundy=1	
bungalow			bungalow|n|1|0
bunk			bunk|n|6|0;bunk|v|3|0
bunker	VERB=1	bunker=1	bunker|n|3|0;bunker|v|3|0
bunny	PROPN=2	Bunny=2	bunny|n|2|0
buns			buns|n|1|0
burbank			Burbank|n|1|1
burberry			Burberry|n|1|0
burden	NOUN=11	burden=11	burden|n|4|0;burden|v|2|0
burdened			burdened|a|2|0
burdens	NOUN=1	burdens=1	
bureau	PROPN=3,NOUN=1	Bureau=3,bureau=1	bureau|n|2|0
bureaucracy			bureaucracy|n|3|0
bureaucratic	ADJ=2	bureaucratic=2	bureaucratic|a|1|0
bureaucrats	NOUN=1	bureaucrats=1	
burgeoning	VERB=2,ADJ=1	burgeoning=3	burgeoning|a|1|0
burger	NOUN=11,PROPN=6	burger=10,Burger=5,BURGER=1	Burger|n|1|1;burger|n|1|0
burgers	NOUN=3	burgers=3	
burgess			Burgess|n|1|1;burgess|n|1|0
burglar	NOUN=1	burglar=1	burglar|n|1|0
burglary			burglary|n|1|0
burgundy			Burgundy|n|2|1;burgundy|n|1|0
burial	NOUN=2	burial=2	burial|n|2|0
buried	VERB=7	buried=7	buried|a|1|0
burke	PROPN=1	Burke=1	Burke|n|2|2;burke|v|2|0
burlesque			burlesque|a|1|0;burlesque|n|2|0;burlesque|v|1|0
burlington			Burlington|n|1|1
burma			Burma|n|1|1
burmese			Burmese|a|1|0;Burmese|n|2|0
burn	VERB=5,NOUN=1	burn=6	burn|n|4|0;burn|v|15|0
burned	VERB=2	burned=2	burned|a|3|0
burner	NOUN=2	burner=2	burner|n|2|0
burnett			Burnett|n|1|1
burnham			Burnham|n|1|1
burning	VERB=6,NOUN=2	burning=7,Burning=1	burning|a|1|0;burning|n|6|0
burns	NOUN=2,VERB=2,PROPN=1	burns=4,Burns=1	Burns|n|2|2
burnt	ADJ=2,VERB=1	burnt=2,BURNT=1	burnt|a|3|0
burr			Burr|n|1|1;burr|n|4|0;burr|v|1|0
burrito	PROPN=1	Burrito=1	burrito|n|1|0
burrow	VERB=2	burrow=2	burrow|n|1|0;burrow|v|1|0
burrows	PROPN=3,NOUN=1,VERB=1	Burrows=3,burrows=2	
burst	NOUN=3,VERB=3	burst=6	burst|n|4|0;burst|v|8|0
bursting	VERB=1	bursting=1	
bursts	NOUN=2	bursts=2	
burt			Burt|n|1|1
burton			Burton|n|3|2
bury			bury|v|6|0
burying			burying|n|1|0
bus	NOUN=48,PROPN=3	bus=46,Bus=5	bus|n|4|0;bus|v|3|0
buses	NOUN=12,PROPN=1	buses=11,Buses=1	
bush	PROPN=248,NOUN=1	Bush=226,BUSH=2,bush=2	Bush|n|3|3;bush|a|1|0;bush|n|4|0;bush|v|1|0
bushes	NOUN=2	bushes=2	
busiest	ADJ=1	busiest=1	
business	NOUN=150,PROPN=10	business=145,Business=14	business|n|9|0
businesses	NOUN=20	businesses=20	
businessman	NOUN=1	businessman=1	businessman|n|1|0
businessmen	NOUN=3	businessmen=3	businessmen|n|1|0
bust	VERB=2,NOUN=1	bust=3	bust|a|1|0;bust|n|4|0;bust|v|5|0
busted	VERB=3	busted=3	busted|a|1|0
buster	NOUN=1	buster=1	buster|n|5|0
bustling	ADJ=1,VERB=1	bustling=2	bustling|a|1|0
busy	ADJ=31	busy=31	busy|a|5|0;busy|v|1|0
but	CCONJ=1809,ADP=25,SCONJ=7,ADV=3,NOUN=1	but=1421,BUT=8,But=8	but|r|1|0
butch			butch|a|2|0;butch|n|2|0
butcher	PROPN=3,VERB=1	Butcher=3,butcher=1	butcher|n|4|0;butcher|v|1|0
butler	PROPN=1	Butler=1	Butler|n|2|2;butler|n|1|0
butt	NOUN=6	butt=6	butt|n|9|0;butt|v|3|0
butte			Butte|n|1|1;butte|n|1|0
butter	NOUN=5,PROPN=1	butter=5,Butter=1	butter|n|2|0;butter|v|1|0
butterflies	NOUN=3	butterflies=3	
butterfly	NOUN=4,PROPN=2	butterfly=4,Butterfly=2	butterfly|n|2|0;butterfly|v|3|0
buttocks			buttocks|n|1|0
button	NOUN=14	button=14	button|n|8|0;button|v|2|0
buttons	NOUN=6	buttons=6	
buy	VERB=94,PROPN=2,NOUN=1,X=1	buy=91,Buy=1	buy|n|1|0;buy|v|5|0
buyer	NOUN=5	Buyer=2,buyer=1	buyer|n|1|0
buyers	NOUN=2	buyers=2	
buying	VERB=21,NOUN=3	buying=23,Buying=1	buying|n|1|0
buyout			buyout|n|1|0
buys	ADJ=1,VERB=1	buys=2	
buzz			buzz|n|2|0;buzz|v|4|0
buzzer			buzzer|n|2|0
buzzing	NOUN=1,VERB=1	buzzing=2	buzzing|a|1|0
bw	PROPN=1	BW=1	BW|n|1|0
by	ADP=1515,SCONJ=196,PROPN=15,ADV=11,AUX=1	by=1594,BY=17,By=4	by|r|2|0
bye	INTJ=8,NOUN=3	bye=6	bye|n|2|0
bypass	VERB=1	bypass=1	bypass|n|3|0;bypass|v|1|0
byrd			Byrd|n|2|2
byrne	PROPN=1	Byrne=1	
byron	PROPN=9	Byron=4	Byron|n|1|1
byte			byte|n|1|0
byzantine			Byzantine|a|3|0;Byzantine|n|1|0
ca	AUX=197,PROPN=14,NOUN=4,ADP=1	ca=183,CA=20,Ca=2	CA|n|1|1;Ca|n|1|0
cab	NOUN=4,PROPN=1	cab=4,Cab=1	cab|n|3|0;cab|v|1|0
cabaret			cabaret|n|2|0
cabbage	NOUN=1	cabbage=1	cabbage|n|3|0;cabbage|v|1|0
cabin	NOUN=8	cabin=8	cabin|n|3|0;cabin|v|1|0
cabinet	NOUN=9,PROPN=1	cabinet=9,Cabinet=1	cabinet|n|4|0
cabinets	NOUN=3	cabinets=3	
cabins	NOUN=5	cabins=5	
cable	NOUN=3	cable=3	cable|n|6|0;cable|v|2|0
cabs	NOUN=1,PROPN=1	Cabs=1,cabs=1	
cache	NOUN=1	cache=1	cache|n|3|0;cache|v|1|0
cactus	NOUN=8,PROPN=2	cactus=8,Cactus=2	cactus|n|1|0
cad			CAD|n|1|0;cad|n|1|0
cadence			cadence|n|3|0
cadet			cadet|n|1|0
caesar			Caesar|n|2|2
cafe	NOUN=7,PROPN=6	Cafe=7,cafe=6	cafe|n|1|0
cafes	NOUN=6	cafes=5	
cafeteria	NOUN=7	cafeteria=5	cafeteria|n|1|0
caffeine	NOUN=3	caffeine=3	caffeine|n|1|0
cage	NOUN=40	cage=38,Cage=2	Cage|n|1|1;cage|n|4|0;cage|v|1|0
cages	NOUN=11	cages=11	
cain			Cain|n|1|1
cairo	PROPN=1	Cairo=1	Cairo|n|2|2
caitlin	PROPN=1	Caitlin=1	
cake	NOUN=12	cake=11,Cake=1	cake|n|3|0;cake|v|1|0
cakes	NOUN=5	cakes=4,Cakes=1	
cal	PROPN=3	Cal=3	
calais			Calais|n|1|1
calamity			calamity|n|1|0
calcium	NOUN=3	calcium=3	calcium|n|1|0
calculate	VERB=5	calculate=5	calculate|v|6|0
calculated	VERB=4	calculated=4	calculated|a|1|0
calculating	VERB=4	calculating=4	calculating|a|1|0
calculation	NOUN=7	calculation=3,Calculation=2	calculation|n|3|0
calculations	NOUN=2	calculations=2	
calculator	NOUN=1		calculator|n|2|0
calculus	NOUN=1	calculus=1	calculus|n|3|0
calcutta	PROPN=2	Calcutta=2	Calcutta|n|1|1
calder			Calder|n|1|1
caldwell	PROPN=1		Caldwell|n|1|1
caleb	PROPN=2	Caleb=2	
calendar	NOUN=11,VERB=1	calendar=11	calendar|n|3|0;calendar|v|1|0
calendars	NOUN=2	calendars=2	
calf	NOUN=2	calf=2	calf|n|4|0
calgary	PROPN=8	Calgary=8	Calgary|n|1|1
cali			Cali|n|1|1
caliber			caliber|n|2|0
calibrated	VERB=1	calibrated=1	calibrated|a|1|0
calibration	NOUN=1	calibration=1	calibration|n|1|0
calibre			calibre|n|2|0
calif	PROPN=1	Calif=1	calif|n|1|0
california	PROPN=49	California=48,california=1	California|n|1|1
californian	PROPN=1	Californian=1	Californian|a|1|0;Californian|n|1|0
caliphate			Caliphate|n|1|1;caliphate|n|2|0
call	VERB=170,NOUN=105,PROPN=2	call=253,Call=9,CALL=1	Call|n|1|0;call|n|12|0;call|v|28|0
called	VERB=251	called=246,Called=2	
caller			caller|a|2|0;caller|n|7|0
calling	VERB=29,NOUN=2,PROPN=1	calling=31,Calling=1	calling|n|1|0
calls	NOUN=23,VERB=9	calls=31	
calm	ADJ=8,VERB=2	calm=10	calm|a|2|0;calm|n|2|0;calm|v|4|0
calmed	VERB=1	calmed=1	
calming	ADJ=1	calming=1	calming|n|1|0
calmly	ADV=2	calmly=2	calmly|r|2|0
calorie	NOUN=3	calorie=3	Calorie|n|1|0;calorie|n|1|0
calories	NOUN=4	calories=4	
calvert	PROPN=1	Calvert=1	
calves	NOUN=1	calves=1	
calvin	PROPN=2	Calvin=2	Calvin|n|2|2
cam	PROPN=1	Cam=1	Cam|n|1|1;cam|n|1|0
cambodia	PROPN=5	Cambodia=5	Cambodia|n|1|1
cambodian			Cambodian|a|1|0;Cambodian|n|1|0
cambridge	PROPN=6	Cambridge=6	Cambridge|n|3|3
camden			Camden|n|1|1
came	VERB=165	came=160,CAME=3	
camel	NOUN=1	camel=1	camel|n|1|0
camels	NOUN=1	camels=1	
cameo			cameo|n|1|0
camera	NOUN=39	camera=34,Camera=4,CAMERA=1	camera|n|2|0
cameraman			cameraman|n|1|0
cameras	NOUN=7	cameras=7	
cameroon			Cameroon|n|2|2
camille	PROPN=1	Camille=1	
camo			camo|n|1|0
camouflage			camouflage|n|4|0;camouflage|v|1|0
camp	NOUN=23,PROPN=6,VERB=1	camp=24,Camp=6	camp|a|1|0;camp|n|8|0;camp|v|3|0
campaign	NOUN=57	campaign=55,Campaign=2	campaign|n|4|0;campaign|v|3|0
campaigning	NOUN=2,VERB=2	campaigning=4	campaigning|n|1|0
campaigns	NOUN=5,VERB=1	campaigns=6	
campbell	PROPN=7	Campbell=6	Campbell|n|1|1
camper	NOUN=2	camper=2	camper|n|2|0
campfire	NOUN=1	campfire=1	campfire|n|1|0
camping	VERB=4,NOUN=1,PROPN=1	camping=5,Camping=1	camping|n|1|0
camps	NOUN=10,PROPN=1	camps=9,Camps=2	
campsite	NOUN=1	campsite=1	campsite|n|1|0
campus	NOUN=15,PROPN=2	campus=12,Campus=3,CAMPUS=1	campus|n|1|0
can	AUX=1462,NOUN=9,PROPN=1	can=1382,Can=5,CAN=3	can|n|6|0;can|v|2|0
canada	PROPN=62	Canada=54,canada=6,CANADA=1	Canada|n|1|1
canadian	ADJ=25,PROPN=2	Canadian=24,canadian=1	Canadian|a|1|0;Canadian|n|2|1
canadians	PROPN=1		
canal	NOUN=2,PROPN=2	Canal=2,canal=2	canal|n|3|0;canal|v|1|0
canary			canary|a|1|0;canary|n|4|0
canberra			Canberra|n|1|1
cancel	VERB=13	cancel=13	cancel|n|1|0;cancel|v|5|0
canceling	VERB=2	canceling=2	
cancellation	NOUN=4	cancellation=4	cancellation|n|2|0
cancellations	NOUN=1	cancellations=1	
cancelled	VERB=4	cancelled=4	cancelled|a|1|0
cancer	NOUN=9,PROPN=2	cancer=9,Cancer=1	Cancer|n|4|2;cancer|n|1|0
cancerous	ADJ=1	cancerous=1	cancerous|a|2|0
cancers	NOUN=1	cancers=1	
candid	ADJ=1	candid=1	candid|a|3|0
candidacy			candidacy|n|1|0
candidate	NOUN=28	candidate=28	candidate|n|2|0
candidates	NOUN=14,PROPN=1	candidates=15	
candies	NOUN=3	candies=3	
candle	NOUN=4	candle=4	candle|n|2|0;candle|v|1|0
candles	NOUN=4	candles=4	
candy	NOUN=6	candy=4,Candy=1	candy|n|1|0;candy|v|1|0
cane			cane|n|3|0;cane|v|1|0
canes	NOUN=1	canes=1	
canine			canine|a|2|0;canine|n|2|0
canister	NOUN=1	canister=1	canister|n|2|0
cannabis			cannabis|n|2|0
canned	VERB=3	canned=2	canned|a|2|0
cannes	PROPN=3	Cannes=3	Cannes|n|1|1
cannon	PROPN=12,NOUN=1	Cannon=11,CANNON=1,cannon=1	cannon|n|6|0;cannon|v|2|0
cannons	NOUN=1	cannons=1	
canoe			canoe|n|1|0;canoe|v|1|0
canon	PROPN=11	Canon=5,canon=4	canon|n|6|0
canonical			canonical|a|4|0
canopy	NOUN=3	canopy=3	canopy|n|3|0;canopy|v|1|0
cans	NOUN=9,PROPN=1	cans=9,Cans=1	
cant			cant|n|5|0;cant|v|1|0
canteen	NOUN=1	canteen=1	canteen|n|5|0
canterbury			Canterbury|n|1|1
canton			Canton|n|1|1;canton|n|1|0;canton|v|2|0
cantor			cantor|n|2|0
canvas	NOUN=5	canvas=5	canvas|n|6|0;canvas|v|1|0
canyon	PROPN=3	Canyon=3	canyon|n|1|0
cap	NOUN=14,X=4,VERB=1	cap=15,Cap=4	cap|n|9|0;cap|v|2|0
capabilities	NOUN=7	capabilities=7	
capability	NOUN=10	capability=10	capability|n|3|0
capable	ADJ=18	capable=18	capable|a|5|0
capacities	NOUN=2	capacities=2	
capacitor			capacitor|n|1|0
capacity	NOUN=20	capacity=20	capacity|n|9|0
cape	PROPN=3,NOUN=1	Cape=3	cape|n|2|0
capita	NOUN=2	capita=2	
capital	NOUN=45,ADJ=4,PROPN=4	capital=49,Capital=4	Capital|n|2|2;capital|a|3|0;capital|n|6|0
capitalism	NOUN=3	capitalism=3	capitalism|n|1|0
capitalist	ADJ=1	capitalist=1	capitalist|a|2|0;capitalist|n|2|0
capitalization	NOUN=1	capitalization=1	capitalization|n|4|0
capitalize	VERB=1	Capitalize=1	capitalize|v|6|0
capitals	NOUN=1	capitals=1	
capitol	PROPN=3	Capitol=3	Capitol|n|1|1;capitol|n|1|0
capped	VERB=1	capped=1	capped|a|2|0
caps	NOUN=8,VERB=1	caps=9	
capsule	NOUN=2	capsule=2	capsule|n|7|0;capsule|v|2|0
capsules	NOUN=3	capsules=3	
captain	NOUN=11,PROPN=7	captain=13,Captain=5	captain|n|7|0;captain|v|1|0
caption			caption|n|3|0;caption|v|1|0
captivating			captivating|a|1|0
captive	ADJ=3	captive=3	captive|a|2|0;captive|n|3|0
captivity			captivity|n|2|0
capture	VERB=10,NOUN=3	capture=13	capture|n|5|0;capture|v|6|0
captured	VERB=11	captured=10	
capturing	VERB=1	capturing=1	
car	NOUN=161,PROPN=1	car=160,Car=1	car|n|5|0
cara	PROPN=19	Cara=11	
caracas	PROPN=1	Caracas=1	Caracas|n|1|1
caramel	NOUN=2	caramel=1	caramel|a|1|0;caramel|n|3|0
carat			carat|n|2|0
caravan			caravan|n|2|0;caravan|v|1|0
carbohydrate			carbohydrate|n|1|0
carbon	NOUN=13	carbon=13	carbon|n|3|0
carbonate	NOUN=2	carbonate=2	carbonate|n|1|0;carbonate|v|2|0
carbs	NOUN=1	carbs=1	
carcass			carcass|n|1|0
carcinoma	NOUN=1	carcinoma=1	carcinoma|n|1|0
card	NOUN=29,PROPN=2	card=29,Card=2	card|n|11|0;card|v|2|0
cardboard			cardboard|a|1|0;cardboard|n|1|0
cardiac	ADJ=1	cardiac=1	cardiac|a|1|0
cardiff			Cardiff|n|1|1
cardigan			Cardigan|n|1|0;cardigan|n|1|0
cardinal	ADJ=5,NOUN=1	cardinal=6	cardinal|a|2|0;cardinal|n|4|0
cardinals	PROPN=2	Cardinals=2	
cardiovascular	ADJ=2	cardiovascular=2	cardiovascular|a|1|0
cards	NOUN=20	cards=19	cards|n|1|0
care	NOUN=83,VERB=29,PROPN=3	care=108,Care=6,CARE=1	care|n|6|0;care|v|5|0
cared	VERB=3	cared=3	
career	NOUN=36,PROPN=1	career=30	career|n|2|0;career|v|1|0
careers	NOUN=1	careers=1	
carefree			carefree|a|2|0
careful	ADJ=9	careful=8,Careful=1	careful|a|5|0
carefully	ADV=13	carefully=13	carefully|r|2|0
caregiver			caregiver|n|2|0
careless	ADJ=3	careless=3	careless|a|3|0
cares	VERB=7	cares=7	
caretaker	NOUN=1	caretaker=1	caretaker|n|2|0
cargo	NOUN=6	cargo=6	cargo|n|1|0
caribbean	PROPN=9,ADJ=3	Caribbean=11,caribbean=1	Caribbean|n|2|2
caricature			caricature|n|1|0;caricature|v|1|0
caring	ADJ=4,VERB=4,NOUN=1	caring=7,Caring=2	caring|a|1|0;caring|n|1|0
carl	PROPN=4	Carl=4	
carlo	PROPN=3	Carlo=3	
carlos	PROPN=2		Carlos|n|1|1
carly	PROPN=1	Carly=1	
carlyle			Carlyle|n|1|1
carmichael			Carmichael|n|1|1
carnage			carnage|n|1|0
carnegie	PROPN=5	Carnegie=5	Carnegie|n|2|2
carnival	PROPN=10,NOUN=2	Carnival=6,carnival=4	carnival|n|3|0
carol	PROPN=25	Carol=2	carol|n|2|0;carol|v|1|0
carolina	PROPN=14	Carolina=12,CAROLINA=1,carolina=1	Carolina|n|1|1
caroline	PROPN=2		Caroline|a|1|0
carolyn	PROPN=7	Carolyn=6	
carousel			carousel|n|2|0
carp			carp|n|2|0;carp|v|1|0
carpenter	NOUN=3	carpenter=3	carpenter|n|1|0;carpenter|v|1|0
carpet	NOUN=3	carpet=3	carpet|n|2|0;carpet|v|3|0
carpets	NOUN=1	carpets=1	
carr	PROPN=2	Carr=2	
carriage			carriage|n|5|0
carrie	PROPN=1	Carrie=1	
carried	VERB=17	carried=16,Carried=1	
carrier	NOUN=4	carrier=4	carrier|n|11|0
carriers	NOUN=2	carriers=2	
carries	VERB=5	carries=5	
carroll	PROPN=10	Carroll=8	Carroll|n|1|1
carrot	NOUN=1	carrot=1	carrot|n|4|0
carrots	NOUN=1	carrots=1	
carry	VERB=30	carry=30	carry|n|1|0;carry|v|40|0
carrying	VERB=15	carrying=15	
cars	NOUN=32,PROPN=1	cars=32,Cars=1	
carson			Carson|n|2|2
cart	NOUN=2	cart=2	cart|n|2|0;cart|v|2|0
carte	PROPN=1	Carte=1	carte|n|1|0
cartel			cartel|n|1|0
carter	PROPN=3	Carter=3	Carter|n|2|2;carter|n|1|0
cartilage			cartilage|n|1|0
carton	NOUN=1	carton=1	carton|n|2|0
cartoon	NOUN=8,PROPN=1	cartoon=8,Cartoon=1	cartoon|n|2|0;cartoon|v|1|0
cartoons	NOUN=7	cartoons=7	
cartridge			cartridge|n|4|0
cartridges	NOUN=1	cartridges=1	
carts	NOUN=1	carts=1	
cartwright			Cartwright|n|1|1;cartwright|n|1|0
carve	VERB=4	carve=3	carve|v|3|0
carved	VERB=4	carved=4	carved|a|1|0
carver			Carver|n|1|1;carver|n|3|0
carving			carving|n|3|0
cary	VERB=1	Cary=1	
cascade	NOUN=2	cascade=2	cascade|n|3|0;cascade|v|2|0
case	NOUN=171,PROPN=3,VERB=1	case=169,Case=6	case|n|20|0;case|v|2|0
cases	NOUN=49	cases=49	
cash	NOUN=30,PROPN=2,VERB=1	cash=28,CASH=3,Cash=2	Cash|n|1|1;cash|n|2|0;cash|v|1|0
cashed			cashed|a|1|0
cashier	NOUN=2	cashier=2	cashier|n|2|0;cashier|v|2|0
cashmere			Cashmere|n|1|1;cashmere|n|2|0
casing	VERB=1	casing=1	casing|n|3|0
casino			casino|n|2|0
casinos	NOUN=1		
casket			casket|n|2|0;casket|v|1|0
casper	PROPN=1	Casper=1	Casper|n|1|1
cass	PROPN=3	Cass=3	
cassandra	PROPN=1	Cassandra=1	Cassandra|n|1|1
cassette			cassette|n|1|0
cassie			cassie|n|1|0
cast	VERB=11,NOUN=9	cast=18	cast|n|9|0;cast|v|11|0
caste			caste|n|4|0
caster	NOUN=1	caster=1	caster|n|3|0
castillo	PROPN=1	Castillo=1	
casting	NOUN=3	casting=3	casting|n|4|0
castle	PROPN=4,NOUN=2	castle=3,Castle=2,CASTLE=1	castle|n|4|0;castle|v|1|0
castor			Castor|n|2|1;castor|n|3|0
castro	PROPN=1	Castro=1	Castro|n|1|1
casts	NOUN=2,VERB=1	casts=3	
casual	ADJ=3,NOUN=2	casual=5	casual|a|9|0
casually	ADV=2	casually=2	casually|r|2|0
casualties	NOUN=5	casualties=5	
casualty	NOUN=1,PROPN=1	Casualty=1,casualty=1	casualty|n|4|0
cat	NOUN=70,PROPN=3	cat=67,Cat=6	CAT|n|1|0;cat|n|7|0;cat|v|2|0
catalan			Catalan|a|2|0;Catalan|n|2|0
catalog	NOUN=7	catalog=5,Catalog=2	catalog|n|2|0;catalog|v|2|0
catalogue	NOUN=1	catalogue=1	catalogue|n|2|0;catalogue|v|2|0
catalonia			Catalonia|n|1|1
catalyst			catalyst|n|2|0
catalytic	ADJ=1	catalytic=1	catalytic|a|1|0
catastrophe	NOUN=4	catastrophe=3,Catastrophe=1	catastrophe|n|3|0
catastrophic	ADJ=2	catastrophic=2	catastrophic|a|1|0
catch	VERB=24,NOUN=3	catch=26,Catch=1	catch|n|10|0;catch|v|29|0
catcher	NOUN=2	catcher=2	catcher|n|2|0
catches	VERB=1	catches=1	
catching	VERB=1	catching=1	catching|a|1|0;catching|n|3|0
catchy			catchy|a|2|0
cate	PROPN=1	Cate=1	
categories	NOUN=19	categories=18	
categorized			categorized|a|1|0
category	NOUN=18,PROPN=1	category=16,Category=2	category|n|2|0
cater	NOUN=1,VERB=1	cater=2	cater|v|2|0
catering	NOUN=3	catering=3	catering|n|1|0
caterpillar			Caterpillar|n|1|0;caterpillar|n|1|0
caters	VERB=3	caters=3	
catfish	NOUN=1	catfish=1	catfish|n|3|0;catfish|v|1|0
cathedral	PROPN=3,NOUN=1	Cathedral=3,cathedral=1	cathedral|a|1|0;cathedral|n|2|0
catherine	PROPN=2	Catherine=2	Catherine|n|2|2
catheter			catheter|n|1|0
catholic	ADJ=8,PROPN=4	Catholic=10,catholic=1	Catholic|a|1|0;Catholic|n|1|0;catholic|a|1|0
catholicism	PROPN=2	Catholicism=2	Catholicism|n|1|0
catholics	PROPN=1	Catholics=1	
cathy	PROPN=2	Cathy=1	
cats	NOUN=45	cats=40,Cats=2	
cattle	NOUN=3	cattle=3	cattle|n|1|0
caucasian	ADJ=3	caucasian=2,Caucasian=1	Caucasian|a|2|0;Caucasian|n|2|0
caucasus			Caucasus|n|2|2
caucus	PROPN=2	Caucus=2	caucus|n|1|0;caucus|v|1|0
caught	VERB=19	caught=19	
cauliflower	NOUN=1	cauliflower=1	cauliflower|n|2|0
causal	ADJ=2	causal=2	causal|a|1|0
causation	NOUN=1	causation=1	causation|n|1|0
cause	NOUN=48,SCONJ=47,VERB=25,ADP=1	cause=103	cause|n|5|0;cause|v|2|0
caused	VERB=36	caused=36	
causes	NOUN=10,VERB=9,PROPN=1	causes=18,Causes=2	
causing	VERB=15	causing=15	causing|n|1|0
caution	NOUN=5	caution=5	caution|n|4|0;caution|v|1|0
cautious	ADJ=3	cautious=3	cautious|a|2|0;cautious|n|1|0
cautiously	ADV=2	cautiously=2	cautiously|r|2|0
cavalier			Cavalier|n|1|0;cavalier|a|1|0;cavalier|n|1|0
cavaliers	PROPN=1	Cavaliers=1	
cavalry			cavalry|n|2|0
cave	NOUN=3,PROPN=1	cave=3,Cave=1	cave|n|1|0;cave|v|2|0
caveat	NOUN=3	caveat=2	caveat|n|2|0
cavendish	PROPN=1	Cavendish=1	Cavendish|n|1|1
caves	NOUN=2	caves=2	
caviar			caviar|n|1|0
cavity	NOUN=1	cavity=1	cavity|n|4|0
cayman	PROPN=1	Cayman=1	cayman|n|1|0
cbc	PROPN=2	CBC=2	CBC|n|1|0
cbd	PROPN=1	CBD=1	
cbs	PROPN=2	CBS=2	
cc	PROPN=19,NOUN=5,VERB=2	CC=18,cc=4	cc|a|1|0;cc|n|1|0
ccc			ccc|a|1|0
cd	NOUN=4,PROPN=3	CD=3,cd=1	CD|n|2|0;Cd|n|1|0;cd|a|1|0;cd|n|1|0
cdc	PROPN=2	CDC=2	CDC|n|1|0
cds	NOUN=2	CDs=2	
ce	NOUN=3	CE=3	CE|r|1|0;Ce|n|1|0
cease	VERB=5,NOUN=3	cease=8	cease|n|1|0;cease|v|2|0
ceased	VERB=1	ceased=1	
ceasefire	NOUN=1	ceasefire=1	
ceases	VERB=2	ceases=2	
cebu			Cebu|n|2|2
cedar	PROPN=1	Cedar=1	cedar|n|3|0
ceiling	NOUN=8	ceiling=8	ceiling|n|4|0
celebrate	VERB=1	celebrate=1	celebrate|v|3|0
celebrated	VERB=6,ADJ=2	celebrated=8	celebrated|a|2|0
celebrates	VERB=2	celebrates=2	
celebration	NOUN=5	celebration=5	celebration|n|3|0
celebrations	NOUN=2	celebrations=2	
celebrities	NOUN=3	celebrities=3	
celebrity	NOUN=6	celebrity=6	celebrity|n|2|0
celery	NOUN=1	celery=1	celery|n|2|0
celeste	PROPN=1	Celeste=1	
celestial			celestial|a|3|0
cell	NOUN=24	cell=15,Cell=8	cell|n|7|0
cellar	NOUN=2	cellar=2	cellar|n|3|0
cello	NOUN=1,PROPN=1	Cello=1,cello=1	cello|n|1|0
cellphone			cellphone|n|1|0
cells	NOUN=6	cells=6	
cellular	ADJ=1	cellular=1	cellular|a|2|0
celsius	PROPN=1	Celsius=1	Celsius|n|1|1
celtic			Celtic|a|1|0;Celtic|n|1|0
cement	NOUN=1	cement=1	cement|n|5|0;cement|v|3|0
cemented	VERB=2	cemented=2	
cemetery	NOUN=5,PROPN=4	Cemetery=5,cemetery=4	cemetery|n|1|0
censor	VERB=3	censor=3	censor|n|2|0;censor|v|2|0
censored	VERB=2	censored=2	censored|a|1|0
censorship			censorship|n|2|0
census	NOUN=13,PROPN=3	census=13,Census=3	census|n|1|0;census|v|1|0
cent	NOUN=10,X=3	cent=13	cent|n|2|0
centenary			centenary|a|1|0;centenary|n|1|0
centennial	PROPN=1	Centennial=1	centennial|a|1|0;centennial|n|1|0
center	PROPN=47,NOUN=38	Center=46,center=38,CENTER=1	center|a|2|0;center|n|18|0;center|v|3|0
centered	VERB=3	centered=3	centered|a|1|0
centerpiece	NOUN=1	centerpiece=1	centerpiece|n|2|0
centers	NOUN=7,PROPN=2	centers=7,Centers=2	
central	ADJ=46,PROPN=1	central=32,Central=15	central|a|2|0;central|n|1|0
centralized	ADJ=1	centralized=1	centralized|a|1|0
centrally	ADV=1	centrally=1	centrally|r|1|0
centre	NOUN=20,PROPN=10	centre=19,Centre=11	Centre|n|1|1;centre|a|1|0;centre|n|18|0;centre|s|1|0;centre|v|3|0
centred			centred|s|1|0
centres	NOUN=3,PROPN=1	centres=3,Centres=1	
centric			centric|a|1|0
centrist			centrist|a|1|0;centrist|n|1|0
cents	NOUN=5	cents=5	
centuries	NOUN=16	centuries=15,Centuries=1	
century	NOUN=50,PROPN=2	century=46,Century=6	century|n|2|0
ceo	NOUN=12,PROPN=2	CEO=14	CEO|n|1|0
ceos	NOUN=2	CEOs=2	
ceramic	ADJ=2	ceramic=2	ceramic|a|1|0;ceramic|n|1|0
ceramics			ceramics|n|1|0
cereal	NOUN=3,PROPN=1	cereal=2,Cereal=1	cereal|a|1|0;cereal|n|3|0
cerebral			cerebral|a|2|0
ceremonial			ceremonial|a|1|0;ceremonial|n|1|0
ceremonies	NOUN=1	ceremonies=1	
ceremony	NOUN=5	ceremony=5	ceremony|n|3|0
cert			cert|n|1|0
certain	ADJ=76	certain=74	certain|a|7|0
certainly	ADV=45	certainly=40	certainly|r|1|0
certainty	NOUN=4	certainty=4	certainty|n|2|0
certificate	NOUN=15	certificate=15	certificate|n|2|0;certificate|v|2|0
certificates	NOUN=3	certificates=3	
certification	NOUN=2	certification=2	certification|n|4|0
certified	ADJ=3,VERB=1	certified=4	certified|a|3|0
cervical			cervical|a|2|0
ces	NOUN=1	CES=1	
cesar	PROPN=1	Cesar=1	
cessation			cessation|n|1|0
ceylon			Ceylon|n|2|2
cf			CF|n|1|0;Cf|n|1|0;cf|r|1|0
cfo			CFO|n|1|0
chad	PROPN=1	Chad=1	Chad|n|3|2;chad|n|1|0
chai	NOUN=1,X=1	chai=2	
chain	NOUN=15,PROPN=2	chain=15,Chain=1	Chain|n|1|1;chain|n|9|0;chain|v|2|0
chained			chained|a|1|0
chains	NOUN=4	chains=4	chains|n|1|0
chainsaw			chainsaw|n|1|0
chair	NOUN=27,PROPN=8	chair=26,Chair=9	chair|n|5|0;chair|v|2|0
chaired	VERB=1	chaired=1	
chairman	NOUN=13,PROPN=10	Chairman=13,chairman=9	chairman|n|1|0;chairman|v|1|0
chairperson			chairperson|n|1|0
chairs	NOUN=10,VERB=1	chairs=11	
chalk	NOUN=2	chalk=2	chalk|n|4|0;chalk|v|1|0
challenge	NOUN=10,VERB=4,PROPN=2	challenge=13,Challenge=2	challenge|n|5|0;challenge|v|4|0
challenged	VERB=4	challenged=4	
challenger	PROPN=2	Challenger=2	challenger|n|1|0
challenges	NOUN=24,PROPN=1,VERB=1	challenges=25,Challenges=1	
challenging	ADJ=8,VERB=8	challenging=16	challenging|a|3|0
chalmers	PROPN=9	Chalmers=7	
chamber	NOUN=3,PROPN=2	chamber=3,Chamber=2	chamber|n|5|0;chamber|v|1|0
chamberlain	PROPN=1	Chamberlain=1	Chamberlain|n|1|1;chamberlain|n|2|0
chambers	NOUN=1,PROPN=1	Chambers=1,chambers=1	Chambers|n|1|1
chameleon	NOUN=3	chameleon=3	Chameleon|n|1|1;chameleon|n|2|0
champ			champ|n|1|0;champ|v|2|0
champagne	NOUN=2,PROPN=1	champagne=2,Champagne=1	Champagne|n|1|1;champagne|n|1|0
champion	NOUN=1,PROPN=1	Champion=1,champion=1	champion|a|1|0;champion|n|4|0;champion|v|1|0
championship	NOUN=3,PROPN=2	championship=3,Championship=2	championship|n|3|0
champs	PROPN=1	Champs=1	
chan	PROPN=4	Chan=4	
chance	NOUN=50	chance=50	chance|a|1|0;chance|n|5|0;chance|v|3|0
chancellor			Chancellor|n|1|0;chancellor|n|2|0
chances	NOUN=18	chances=17	
chandelier	NOUN=1	chandelier=1	chandelier|n|1|0
chandler	PROPN=2	Chandler=2	Chandler|n|1|1;chandler|n|2|0
chang			Chang|n|1|1
change	NOUN=97,VERB=72,PROPN=4	change=160,Change=7,CHANGE=1	change|n|10|0;change|v|10|0
changed	VERB=42	changed=42	changed|a|2|0
changer	NOUN=1	changer=1	changer|n|2|0
changes	NOUN=58,VERB=10	changes=67	
changing	VERB=27,NOUN=4	changing=30	changing|a|1|0
channel	NOUN=27,PROPN=3	channel=26,Channel=3	channel|n|8|0;channel|v|3|0
channels	NOUN=3	channels=3	channels|n|1|0
channing	PROPN=1	Channing=1	
chant	PROPN=1,VERB=1	CHANT=1,chant=1	chant|n|1|0;chant|v|2|0
chanting	VERB=2	chanting=2	chanting|n|1|0
chants	NOUN=1	chants=1	
chaos	NOUN=7,PROPN=1	chaos=7,Chaos=1	Chaos|n|1|1;chaos|n|3|0
chaotic	ADJ=1	chaotic=1	chaotic|a|3|0
chap			chap|n|4|0;chap|v|1|0
chapel	NOUN=2,PROPN=1	chapel=2,Chapel=1	chapel|n|2|0
chaplain			chaplain|n|1|0
chaplin			Chaplin|n|1|1
chapman	PROPN=2	Chapman=2	Chapman|n|1|1;chapman|n|1|0
chaps	NOUN=1	chaps=1	
chapter	NOUN=20,PROPN=5	chapter=20,Chapter=4	chapter|n|5|0
chapters	NOUN=13	chapters=12,Chapters=1	
char			char|n|3|0;char|v|2|0
character	NOUN=14,PROPN=1	character=14,Character=1	character|n|9|0;character|v|1|0
characterised	VERB=1	characterised=1	
characteristic	ADJ=1,NOUN=1	characteristic=2	characteristic|a|1|0;characteristic|n|4|0
characteristics	NOUN=11	characteristics=11	
characterization	NOUN=1	characterization=1	characterization|n|3|0
characterize	VERB=1	characterize=1	characterize|v|2|0
characterized	VERB=6	characterized=6	
characters	NOUN=12	characters=11,Characters=1	
charcoal	NOUN=5,ADJ=1	charcoal=6	charcoal|a|1|0;charcoal|n|4|0;charcoal|v|1|0
charge	VERB=32,NOUN=26,PROPN=3	charge=57,Charge=4	charge|n|15|0;charge|v|25|0
charged	VERB=24,X=1	charged=25	charged|a|4|0
charger	VERB=1	charger=1	charger|n|2|0
chargers	NOUN=1	chargers=1	
charges	NOUN=12,VERB=4	charges=16	
charging	VERB=4	charging=4	
chariot			chariot|n|2|0;chariot|v|2|0
charisma			charisma|n|1|0
charismatic			charismatic|a|1|0
charitable	ADJ=4	charitable=4	charitable|a|3|0
charities	NOUN=1	charities=1	
charity	NOUN=10,PROPN=1	charity=10,Charity=1	charity|n|5|0
charles	PROPN=16	Charles=12,charles=1	Charles|n|9|9
charleston	PROPN=2	Charleston=2	Charleston|n|3|2;Charleston|v|1|0
charlie	PROPN=3	Charlie=3	
charlotte	PROPN=3	Charlotte=3	Charlotte|n|1|1;charlotte|n|1|0
charm	NOUN=7	charm=7	charm|n|4|0;charm|v|4|0
charmed			charmed|a|2|0
charming	ADJ=3,PROPN=1	charming=4	charming|a|2|0
charms	NOUN=1	charms=1	
chart	NOUN=4	chart=4	chart|n|3|0;chart|v|3|0
charter	NOUN=4,PROPN=4	Charter=4,charter=2	charter|n|2|0;charter|v|3|0
chartered	VERB=2	chartered=2	chartered|a|1|0
charts	NOUN=1	charts=1	
chase	NOUN=3,PROPN=3	Chase=3,chase=3	Chase|n|1|1;chase|n|2|0;chase|v|4|0
chased	VERB=3	chased=3	chased|n|1|0
chaser	NOUN=1	chaser=1	chaser|n|2|0
chases	VERB=1	chases=1	
chasing	VERB=5,PROPN=2	chasing=4,Chasing=2	
chassis			chassis|n|3|0
chastity			chastity|n|2|0
chat	VERB=2,NOUN=1,PROPN=1	chat=3,Chat=1	chat|n|3|0;chat|v|1|0
chateau			chateau|n|1|0
chatham	PROPN=7	Chatham=6	
chats	NOUN=1	chats=1	
chattanooga			Chattanooga|n|2|2
chatter	NOUN=1	chatter=1	chatter|n|3|0;chatter|v|5|0
chatting	VERB=3	chatting=3	
chauffeur			chauffeur|n|1|0;chauffeur|v|1|0
chavez	PROPN=2	Chavez=2	Chavez|n|2|2
che	PROPN=1	Che=1	
cheap	ADJ=41,ADV=1	cheap=34,Cheap=1	cheap|a|4|0
cheaper	ADJ=12,PROPN=1	cheaper=12,Cheaper=1	
cheapest	ADJ=15	cheapest=11	
cheaply	ADV=5	cheaply=5	cheaply|r|3|0
cheat	VERB=1	cheat=1	cheat|n|5|0;cheat|v|4|0
cheated	VERB=1	cheated=1	
cheater			cheater|n|1|0
cheating	NOUN=1	cheating=1	cheating|a|2|0;cheating|n|1|0
check	VERB=83,NOUN=18	check=90	check|n|13|0;check|v|25|0
checked	VERB=18	checked=17	checked|a|1|0
checkers			checkers|n|1|0
checking	VERB=16,NOUN=1	checking=17	
checklist			checklist|n|1|0
checkout	NOUN=3	checkout=3	checkout|n|3|0
checkpoint			checkpoint|n|1|0
checks	NOUN=14,VERB=2	checks=10,Checks=6	
cheddar			Cheddar|n|1|1;cheddar|n|1|0
cheek	NOUN=9	cheek=9	cheek|n|4|0;cheek|v|1|0
cheeks	NOUN=2	cheeks=2	
cheeky			cheeky|a|1|0
cheer	VERB=1		cheer|n|2|0;cheer|v|5|0
cheered	VERB=1	cheered=1	
cheerful			cheerful|a|2|0
cheering	VERB=1	cheering=1	cheering|a|1|0;cheering|n|1|0
cheerleader			cheerleader|n|2|0
cheerleading	VERB=1	Cheerleading=1	
cheers	NOUN=7	cheers=1	
cheese	NOUN=21	cheese=19,Cheese=1	cheese|n|2|0;cheese|v|2|0
cheeseburger			cheeseburger|n|1|0
cheesecake			cheesecake|n|2|0
cheesy			cheesy|a|1|0
cheetah			cheetah|n|1|0
chef	NOUN=7,VERB=1	chef=7,CHEF=1	chef|n|1|0
chefs	NOUN=5	chefs=5	
chelsea	PROPN=1	Chelsea=1	
chem	NOUN=3	chem=3	
chemical	ADJ=29,NOUN=3	chemical=24,Chemical=8	chemical|a|2|0;chemical|n|1|0
chemically	ADV=2	chemically=2	chemically|r|2|0
chemicals	NOUN=13	chemicals=13	
chemist	NOUN=3	chemist=3	chemist|n|2|0
chemistry	NOUN=5	chemistry=5	chemistry|n|3|0
chemotherapy			chemotherapy|n|1|0
chen			Chen|n|1|0
cheney	PROPN=18	Cheney=17	
cheng	PROPN=1	Cheng=1	
chennai	PROPN=1	Chennai=1	Chennai|n|1|1
cheque	NOUN=1	cheque=1	cheque|n|1|0;cheque|v|1|0
cheques	NOUN=2	cheques=2	
cherish			cherish|v|1|0
cherished	VERB=2	cherished=2	cherished|a|1|0
chernobyl	PROPN=16	Chernobyl=14,CHERNOBYL=1	Chernobyl|n|1|1
cherokee	PROPN=4	Cherokee=3	Cherokee|n|2|0
cherries	NOUN=1	cherries=1	
cherry	NOUN=1,PROPN=1	Cherry=1,cherry=1	cherry|a|1|0;cherry|n|4|0
cheryl	PROPN=3	Cheryl=1	
chesapeake	PROPN=1	Chesapeake=1	
chess	NOUN=16	chess=12,CHESS=2,Chess=1	chess|n|2|0
chest	NOUN=10	chest=10	chest|n|4|0
chester	PROPN=1	Chester=1	Chester|n|1|1
chesterfield			Chesterfield|n|1|1;chesterfield|n|2|0
chestnut			chestnut|a|1|0;chestnut|n|6|0
chet	PROPN=1	Chet=1	
chevrolet	PROPN=1	Chevrolet=1	
chevron	PROPN=2	Chevron=2	chevron|n|2|0
chevy	PROPN=1	Chevy=1	chevy|v|1|0
chew	VERB=2,NOUN=1,PROPN=1	chew=3,Chew=1	chew|n|2|0;chew|v|1|0
chewed	VERB=1	chewed=1	
chewing	VERB=4	chewing=3	chewing|n|1|0
cheyenne			Cheyenne|n|3|1
chi	PROPN=1	chi=1	chi|n|1|0;chi|n|1|0
chiang	PROPN=4	Chiang=4	
chic			chic|a|1|0;chic|n|1|0
chicago	PROPN=31	Chicago=25,chicago=4	Chicago|n|2|1
chick	NOUN=3	CHICK=2,chick=1	chick|n|2|0
chicken	NOUN=45,PROPN=4	chicken=39,Chicken=8	chicken|a|1|0;chicken|n|4|0
chickens	NOUN=15	chickens=15	
chicks	NOUN=4,PROPN=1	Chicks=3,chicks=2	
chico			Chico|n|1|1
chief	ADJ=18,NOUN=7,PROPN=5	chief=17,Chief=12	chief|a|1|0;chief|n|3|0
chiefly			chiefly|r|1|0
chiefs	NOUN=2,PROPN=2	chiefs=3,Chiefs=1	
chihuahua	NOUN=2,PROPN=1	chihuahua=2,Chihuahua=1	Chihuahua|n|3|2
child	NOUN=44,PROPN=2	child=40,Child=4,CHILD=1	child|n|4|0
childbirth	NOUN=2	childbirth=2	childbirth|n|1|0
childcare	NOUN=1	childcare=1	childcare|n|1|0
childhood	NOUN=7	childhood=7	childhood|n|2|0
childish	ADJ=2	Childish=1,childish=1	childish|a|1|0
children	NOUN=106,PROPN=1	children=105,Children=1	
chile			Chile|n|1|1;chile|n|1|0
chilean	ADJ=1	Chilean=1	Chilean|a|1|0;Chilean|n|1|0
chili	NOUN=3,PROPN=1	Chili=2,chili=2	chili|n|2|0
chill	VERB=5,NOUN=2,ADJ=1	chill=7	chill|n|4|0;chill|v|3|0
chilli			chilli|n|1|0
chilling	VERB=2	chilling=2	chilling|a|1|0;chilling|n|1|0
chills	NOUN=1	chills=1	
chilly	ADJ=1,NOUN=1	chilly=2	chilly|a|3|0;chilly|n|1|0
chime			chime|n|1|0;chime|v|1|0
chimney	NOUN=1	chimney=1	chimney|n|2|0
chin	PROPN=1	Chin=1	Chin|n|1|0;chin|n|1|0;chin|v|1|0
china	PROPN=108,NOUN=1	China=90	China|n|2|2;china|n|2|0
chinatown	PROPN=8	Chinatown=6,chinatown=2	
chinese	ADJ=43,PROPN=3	Chinese=41,chinese=3,CHINESE=1	Chinese|a|2|0;Chinese|n|2|0
chip	NOUN=3	chip=3	chip|n|9|0;chip|v|5|0
chipotle	PROPN=1	Chipotle=1	chipotle|n|1|0
chipped	VERB=1	chipped=1	
chipping			chipping|n|1|0
chips	NOUN=7	chips=6	chips|n|1|0
chloe	PROPN=1	Chloe=1	
chloride	NOUN=1	chloride=1	chloride|n|2|0
chlorine	NOUN=2	chlorine=2	chlorine|n|1|0
cho	PROPN=1	Cho=1	
chocolate	NOUN=19	chocolate=15,Chocolate=4	chocolate|n|3|0
choice	NOUN=45,ADJ=2,PROPN=2	choice=46,Choice=3	choice|a|2|0;choice|n|3|0
choices	NOUN=10	choices=10	
choir	NOUN=2	choir=2	choir|n|3|0;choir|v|1|0
choke			choke|n|2|0;choke|v|14|0
choked			choked|a|1|0
choking			choking|a|1|0;choking|n|2|0
cholera			cholera|n|1|0
cholesterol			cholesterol|n|1|0
chong	PROPN=1	Chong=1	
choose	VERB=44	choose=39,Choose=1	choose|v|3|0
chooses	VERB=2	chooses=2	
choosing	VERB=7	choosing=7	
chop	NOUN=1,PROPN=1,VERB=1	chop=2,Chop=1	chop|n|5|0;chop|v|6|0
chopped			chopped|a|1|0
chopper			chopper|n|4|0
chopping	VERB=1	chopping=1	
chops	NOUN=1	chops=1	
choral	ADJ=1	choral=1	choral|a|1|0;choral|n|1|0
chord			chord|n|2|0;chord|v|2|0
chords	NOUN=1	chords=1	
chore			chore|n|1|0
choreographer			choreographer|n|1|0
choreography			choreography|n|3|0
chores	NOUN=4	chores=4	
chorus	NOUN=1,PROPN=1	Chorus=1,chorus=1	chorus|n|5|0;chorus|v|2|0
chose	VERB=10	chose=10	
chosen	VERB=13	chosen=13	Chosen|n|1|1;chosen|n|2|0
chow	PROPN=1	Chow=1	Chow|n|1|0;chow|n|2|0
chris	PROPN=37	Chris=8,CHRIS=1	
christ	PROPN=7,INTJ=1	Christ=6	Christ|n|1|1;christ|n|1|0
christchurch	PROPN=8	Christchurch=7,christchurch=1	Christchurch|n|1|1
christensen	PROPN=1	Christensen=1	
christian	ADJ=13,PROPN=10	Christian=19,christian=2,CHRISTIAN=1	Christian|a|1|0;Christian|n|1|0;christian|a|1|0
christianity	PROPN=6	Christianity=6	Christianity|n|2|0
christians	PROPN=8,NOUN=1	Christians=9	
christie	PROPN=2		Christie|n|1|1
christina	PROPN=1	Christina=1	
christmas	PROPN=26	Christmas=20,christmas=4	Christmas|n|2|0
christopher	PROPN=9	Christopher=7	Christopher|n|1|1
chrome	PROPN=3,NOUN=1	Chrome=3,chrome=1	chrome|n|1|0;chrome|v|2|0
chromium	NOUN=1	chromium=1	chromium|n|1|0
chromosome	NOUN=1	chromosome=1	chromosome|n|1|0
chronic	ADJ=7	chronic=6,Chronic=1	chronic|a|3|0
chronically			chronically|r|2|0
chronicle	PROPN=2	Chronicle=2	chronicle|n|1|0;chronicle|v|1|0
chronological			chronological|a|1|0
chronology			chronology|n|3|0
chrysler	PROPN=1	Chrysler=1	
chu	PROPN=2	Chu=2	
chubby	ADJ=3	chubby=2	chubby|a|1|0
chuck	PROPN=6	Chuck=5	chuck|n|3|0;chuck|v|4|0
chuckle			chuckle|n|1|0;chuckle|v|1|0
chun	PROPN=1	Chun=1	
chung	PROPN=1	Chung=1	
chunk	NOUN=4	chunk=4	chunk|n|2|0;chunk|v|2|0
chunky			chunky|a|2|0
church	NOUN=36,PROPN=34	Church=36,church=33,CHURCH=1	church|n|4|0;church|v|1|0
churches	NOUN=1	Churches=1	
churchill	PROPN=1	Churchill=1	Churchill|n|3|3
churning			churning|a|2|0
chute	NOUN=8	chute=8	chute|n|2|0;chute|v|1|0
ci	PROPN=1	CI=1	Ci|n|1|0;ci|a|1|0
cia	PROPN=30	CIA=30	CIA|n|1|0
cicero			Cicero|n|1|1;cicero|n|1|0
cid			CID|n|1|0
cider	NOUN=4	cider=4	cider|n|1|0
cigar	NOUN=1	Cigar=1	cigar|n|1|0
cigarette	NOUN=8	cigarette=8	cigarette|n|1|0
cincinnati	PROPN=2	Cincinnati=2	Cincinnati|n|1|1
cinderella			Cinderella|n|2|1
cindy	PROPN=13	Cindy=3	
cinema	NOUN=3,PROPN=2	cinema=3,Cinema=2	cinema|n|2|0
cinematic	ADJ=1	Cinematic=1	cinematic|a|1|0
cinematography			cinematography|n|1|0
cinnamon	NOUN=5	cinnamon=3	cinnamon|n|3|0
cio			CIO|n|1|0
cipher			cipher|n|5|0;cipher|v|2|0
circa	ADP=1,ADV=1	circa=2	
circle	NOUN=24,PROPN=5,VERB=1	circle=25,Circle=5	circle|n|8|0;circle|v|3|0
circled	VERB=1	circled=1	
circles	NOUN=12,VERB=1	circles=13	
circling	VERB=5,NOUN=1	circling=6	
circuit	PROPN=8,NOUN=2	Circuit=8,circuit=2	circuit|n|7|0;circuit|v|1|0
circuits	NOUN=1	circuits=1	
circular	ADJ=2	circular=2	circular|a|2|0;circular|n|1|0
circulate	VERB=5	circulate=5	circulate|v|6|0
circulated	VERB=2	circulated=2	
circulating	VERB=1	circulating=1	circulating|a|1|0
circulation	NOUN=2	circulation=2	circulation|n|6|0
circumcision			Circumcision|n|1|0;circumcision|n|2|0
circumference	NOUN=1	circumference=1	circumference|n|3|0
circumstance			circumstance|n|4|0
circumstances	NOUN=16	circumstances=16	circumstances|n|2|0
circumstantial			circumstantial|a|1|0
circumvent	VERB=1	circumvent=1	circumvent|v|3|0
circus	PROPN=1	Circus=1	Circus|n|1|0;circus|n|5|0
cis	PROPN=1	CIS=1	CIS|n|1|0
cisco	PROPN=1		cisco|n|2|0
citadel	NOUN=1	citadel=1	citadel|n|1|0
citation	NOUN=2,PROPN=1	citation=2,Citation=1	Citation|n|1|1;citation|n|5|0
citations	NOUN=2	citations=2	
cite	VERB=2	cite=2	cite|n|1|0;cite|v|7|0
cited	VERB=8	cited=8	
cites	VERB=3	cites=3	
cities	NOUN=42,PROPN=1	cities=38,Cities=2	
citing	VERB=2	citing=1	
citizen	NOUN=12,PROPN=1	citizen=12,Citizen=1	citizen|n|1|0
citizens	NOUN=45	citizens=43	
citizenship	NOUN=2,PROPN=1	Citizenship=2,citizenship=1	citizenship|n|2|0
citrus	ADJ=4,NOUN=1	citrus=5	citrus|n|2|0
city	NOUN=186,PROPN=61	city=182,City=63,CITY=1	city|n|3|0
civic	ADJ=16	Civic=10,civic=5	civic|a|2|0
civil	ADJ=39	civil=27,Civil=11	civil|a|6|0
civilian	ADJ=6	civilian=6	civilian|a|1|0;civilian|n|1|0
civilians	NOUN=9	civilians=9	
civilisation	NOUN=1	civilisation=1	civilisation|n|4|0
civilization	NOUN=8	civilization=7,Civilization=1	civilization|n|4|0
civilizations	NOUN=5	civilizations=5	
civilized	ADJ=6	civilized=5,Civilized=1	civilized|a|2|0
cj	PROPN=1		
ck	VERB=1	ck=1	
cl			Cl|n|1|0;cl|a|1|0;cl|n|1|0
clad	ADJ=1	clad=1	clad|a|2|0
claim	NOUN=29,VERB=22,PROPN=1	claim=51,Claim=1	claim|n|6|0;claim|v|5|0
claimant			claimant|n|1|0
claimants	NOUN=1	claimants=1	
claimed	VERB=22	claimed=21	
claiming	VERB=11	claiming=10	
claims	NOUN=21,VERB=14	claims=35	
clair	PROPN=17	Clair=17	
claire	PROPN=2		
clam			clam|n|3|0;clam|v|1|0
clamp			clamp|n|1|0;clamp|v|2|0
clams			clams|n|1|0
clan	NOUN=6	clan=6	clan|n|1|0
clandestine	ADJ=1	clandestine=1	clandestine|a|1|0
clans	NOUN=1	clans=1	
clap	VERB=1		clap|n|3|0;clap|v|7|0
clapping	VERB=2	clapping=2	clapping|n|1|0
clara	PROPN=1		
clare	PROPN=3	Clare=3	
clarence			clarence|n|1|0
clarification	NOUN=4	clarification=4	clarification|n|2|0
clarified	VERB=1	clarified=1	
clarify	VERB=7	clarify=7	clarify|v|2|0
clarifying	VERB=1	clarifying=1	clarifying|a|1|0
clarinet			clarinet|n|1|0
clarity	NOUN=5	clarity=5	clarity|n|2|0
clark	PROPN=4	Clark=4	Clark|n|4|4
clarke	PROPN=3	Clarke=3	
clarkson	PROPN=1	Clarkson=1	
clash	NOUN=1,VERB=1	clash=2	clash|n|4|0;clash|v|3|0
clashed	VERB=1	clashed=1	
clashes	NOUN=3,VERB=1	clashes=4	
clasp			clasp|n|2|0;clasp|v|4|0
class	NOUN=77,PROPN=3	class=72,Class=3,CLASS=2	class|n|8|0;class|v|1|0
classes	NOUN=14	classes=14	
classic	ADJ=6,NOUN=1	classic=7	classic|a|4|0;classic|n|2|0
classical	ADJ=15	classical=14,Classical=1	classical|a|7|0;classical|n|1|0
classics	NOUN=1	classics=1	classics|n|1|0
classification			classification|n|4|0
classified	VERB=5,ADJ=1	classified=6	classified|a|2|0;classified|n|1|0
classify			classify|v|3|0
classmate	NOUN=2	classmate=2	classmate|n|1|0
classmates	NOUN=1	classmates=1	
classroom	NOUN=13	classroom=13	classroom|n|1|0
classy			classy|a|1|0
claude	PROPN=1		
claudia	PROPN=3	Claudia=2	
claudio	PROPN=1		
claus	PROPN=7	Claus=7	
clause	NOUN=9,PROPN=1	clause=9,Clause=1	clause|n|2|0
clauses	NOUN=1		
claw			claw|n|4|0;claw|v|4|0
claws	NOUN=3	claws=3	
clay	NOUN=7,ADJ=1,PROPN=1	clay=6,Clay=3	Clay|n|2|2;clay|n|3|0
clayton	PROPN=3	Clayton=1	
clean	ADJ=71,VERB=14,NOUN=2,PROPN=1	clean=76,Clean=4,CLEAN=1	clean|a|18|0;clean|n|1|0;clean|r|2|0;clean|v|10|0
cleaned	VERB=14	cleaned=14	
cleaner	NOUN=4,ADJ=2	cleaner=6	cleaner|n|3|0
cleaners	NOUN=3	cleaners=3	cleaners|n|1|0
cleaning	VERB=7,NOUN=6,PROPN=1	cleaning=13,Cleaning=1	cleaning|n|1|0
cleanliness			cleanliness|n|2|0
cleanse			cleanse|v|2|0
cleansing	VERB=1	cleansing=1	cleansing|a|2|0;cleansing|n|1|0
cleanup	NOUN=1	cleanup=1	cleanup|n|3|0
clear	ADJ=67,VERB=7,ADV=4	clear=74,Clear=4	clear|a|17|0;clear|n|2|0;clear|r|2|0;clear|v|24|0
clearance			clearance|n|3|0
cleared	VERB=6	cleared=6	cleared|a|2|0
clearer	ADJ=5	clearer=5	
clearing	VERB=1	clearing=1	clearing|n|3|0
clearly	ADV=39	clearly=37	clearly|r|4|0
cleavage			cleavage|n|5|0
clegg			clegg|n|1|0
clement	PROPN=1		clement|a|2|0
cleopatra	PROPN=1	Cleopatra=1	Cleopatra|n|1|1
clergy	NOUN=2	clergy=2	clergy|n|1|0
clergyman			clergyman|n|1|0
cleric	NOUN=4	cleric=4	cleric|n|1|0
clerical			clerical|a|3|0
clerics	NOUN=7	clerics=7	
clerk	NOUN=2	clerk=2	clerk|n|2|0;clerk|v|1|0
clerks	NOUN=1	clerks=1	
cleveland	PROPN=24	Cleveland=21	Cleveland|n|2|2
clever			clever|a|3|0
cleverly	ADV=1	cleverly=1	cleverly|r|1|0
cliche			cliche|n|1|0
click	VERB=15,NOUN=6	click=13	click|n|4|0;click|v|7|0
clicked	VERB=2	clicked=2	
clicking	VERB=2	clicking=2	
client	NOUN=23	client=17,Client=6	client|n|3|0
clientele			clientele|n|1|0
clients	NOUN=7	clients=6,Clients=1	
cliff	NOUN=4	cliff=4	cliff|n|1|0
clifford	PROPN=1	Clifford=1	
cliffs	NOUN=2,PROPN=2	Cliffs=2,cliffs=2	
clifton	PROPN=1	Clifton=1	
climate	NOUN=40,PROPN=7	climate=33,Climate=8	climate|n|2|0
climates	NOUN=1	climates=1	
climatic			climatic|a|1|0
climax			climax|n|5|0;climax|v|1|0
climb	VERB=8	climb=7	climb|n|3|0;climb|v|6|0
climbed	VERB=1	climbed=1	
climber	NOUN=2	climber=2	climber|n|5|0
climbing	VERB=7,NOUN=1	climbing=8	climbing|n|1|0
climbs	VERB=1	climbs=1	
clinch			clinch|n|5|0;clinch|v|6|0
clinched	VERB=1	clinched=1	clinched|a|1|0
cling	VERB=1	cling=1	cling|n|1|0;cling|v|3|0
clinging	VERB=2	clinging=2	
clinic	NOUN=6,PROPN=1	clinic=5,Clinic=2	clinic|n|3|0
clinical	ADJ=3	clinical=2,Clinical=1	clinical|a|2|0
clinically			clinically|r|1|0
clinics	NOUN=7,PROPN=1	clinics=7,Clinics=1	
clint	PROPN=1		
clinton	PROPN=11	Clinton=9	Clinton|n|4|4
clip	NOUN=3	clip=3	clip|n|6|0;clip|v|5|0
clipped			clipped|a|2|0
clipping			clipping|n|3|0
clips	NOUN=1	clips=1	
clique			clique|n|1|0
clit			clit|n|1|0
clive			Clive|n|1|1
cloak	NOUN=1	cloak=1	cloak|n|2|0;cloak|v|3|0
clock	NOUN=9	clock=9	clock|n|1|0;clock|v|1|0
clocks			clocks|n|1|0
clockwise			clockwise|a|1|0;clockwise|r|1|0
clockwork	PROPN=1	clockwork=1	clockwork|n|1|0
clogged	VERB=1	clogged=1	clogged|a|3|0
clone			clone|n|3|0;clone|v|1|0
clones	NOUN=1	clones=1	
cloning			cloning|n|1|0
close	ADJ=53,ADV=24,VERB=20,NOUN=6,PROPN=2	close=99,Close=2	close|a|15|0;close|n|3|0;close|r|2|0;close|v|17|0
closed	VERB=21,ADJ=4	closed=24,CLOSED=1	closed|a|9|0
closely	ADV=24	closely=24	closely|r|3|0
closeness			closeness|n|6|0
closer	ADJ=11,ADV=6	closer=17	closer|n|2|0;closer|r|1|0
closes	VERB=1	closes=1	
closest	ADJ=5	closest=5	closest|r|1|0
closet	NOUN=3	closet=3	closet|n|4|0;closet|v|1|0
closing	VERB=16,NOUN=5,ADJ=1	closing=20,CLOSING=1	closing|a|1|0;closing|n|5|0
closure			closure|n|7|0;closure|v|1|0
closures	NOUN=2	closures=2	
clot			clot|n|1|0;clot|v|4|0
cloth	NOUN=7,PROPN=1	cloth=7,Cloth=1	cloth|n|1|0
clothed			clothed|a|2|0
clothes	NOUN=25	clothes=25	clothes|n|1|0
clothing	NOUN=24	clothing=23	clothing|n|1|0
cloud	NOUN=6,PROPN=2,VERB=1	cloud=7,Cloud=1	cloud|n|6|0;cloud|v|8|0
clouds	PROPN=3,NOUN=2	Clouds=3,clouds=2	
cloudy	ADJ=2	cloudy=2	cloudy|a|3|0
clout			clout|n|4|0;clout|v|1|0
clover			clover|n|1|0
clown	NOUN=2	clown=2	clown|n|2|0;clown|v|1|0
club	NOUN=18,PROPN=16	Club=17,club=17	club|n|7|0;club|v|4|0
clubhouse	NOUN=1	clubhouse=1	clubhouse|n|1|0
clubs	NOUN=2	clubs=2	
clue	NOUN=4	clue=4	clue|n|2|0;clue|v|1|0
clueless	ADJ=1	clueless=1	clueless|a|1|0
clues	NOUN=2	clues=2	
clumsy	ADJ=1	clumsy=1	clumsy|a|4|0
cluster	NOUN=4	cluster=2,CLUSTER=1,Cluster=1	cluster|n|1|0;cluster|v|2|0
clustered	VERB=1	clustered=1	clustered|a|2|0
clutch	NOUN=1,VERB=1	clutch=2	clutch|n|7|0;clutch|v|3|0
clutches			clutches|n|1|0
clutter	NOUN=1	clutter=1	clutter|n|2|0;clutter|v|1|0
clyde			Clyde|n|1|1
cm	NOUN=7	cm=7	Cm|n|1|0;cm|n|1|0
cn	PROPN=1	cn=1	
cnn	PROPN=1	CNN=1	
co	PROPN=4,X=2	CO=3,co=2,Co=1	CO|n|3|1;Co|n|1|0
coach	NOUN=12	coach=7,Coach=5	coach|n|5|0;coach|v|2|0
coaches	NOUN=1		
coaching			coaching|n|1|0
coal	NOUN=4	coal=4	coal|n|2|0;coal|v|3|0
coalition	PROPN=11,NOUN=7	Coalition=10,coalition=7,COALITION=1	coalition|n|3|0
coarse	ADJ=1,NOUN=1	Coarse=1,coarse=1	coarse|a|3|0
coast	NOUN=24,PROPN=11	coast=19,Coast=16	coast|n|4|0;coast|v|1|0
coastal	ADJ=6,NOUN=1	coastal=7	coastal|a|3|0
coaster			coaster|n|3|0
coastline	NOUN=3	coastline=3	coastline|n|1|0
coat	NOUN=9	coat=9	coat|n|3|0;coat|v|3|0
coated	VERB=1	coated=1	coated|a|2|0
coating	NOUN=1	coating=1	coating|n|4|0
coats	NOUN=1	coats=1	
cobalt			cobalt|n|1|0
cobra			cobra|n|1|0
coca	PROPN=2	Coca=1	Coca|n|1|1;coca|n|2|0
cocaine	PROPN=1	Cocaine=1	cocaine|n|1|0
cochran			Cochran|n|1|1
cock	PROPN=1,VERB=1	Cock=1,cock=1	cock|n|5|0;cock|v|3|0
cockpit	NOUN=2	cockpit=2	cockpit|n|3|0
cockroach			cockroach|n|1|0
cocktail	NOUN=18	cocktail=18	cocktail|n|2|0
cocktails	NOUN=1	cocktails=1	
cocky			cocky|a|1|0
coco	PROPN=4	Coco=4	coco|n|1|0
cocoa	NOUN=3,PROPN=1	cocoa=3,Cocoa=1	cocoa|n|2|0
coconut	NOUN=6,PROPN=1	coconut=5,Coconut=1	coconut|n|3|0
cod	NOUN=1,PROPN=1	cod=2	COD|r|1|0;cod|a|1|0;cod|n|3|0;cod|v|2|0
code	NOUN=23,PROPN=3	code=21,Code=3	code|n|4|0;code|v|2|0
coded	VERB=4	coded=4	
codes	NOUN=2	codes=2	
codex	NOUN=2	codex=2	codex|n|2|0
coding	NOUN=3,VERB=1	coding=4	coding|n|1|0
cody			Cody|n|1|1
coefficient	NOUN=1	coefficient=1	coefficient|n|1|0
coefficients	NOUN=1	coefficients=1	
coercion	NOUN=2	coercion=2	coercion|n|2|0
coffee	NOUN=39	coffee=37,COFFEE=1	coffee|n|4|0
coffin			coffin|n|1|0;coffin|v|1|0
cognition	NOUN=10,PROPN=1	cognition=9,Cognition=1	cognition|n|1|0
cognitive	ADJ=24	cognitive=17,Cognitive=3	cognitive|a|1|0
cohen	PROPN=2	Cohen=2	
coherence	NOUN=1	coherence=1	coherence|n|2|0
coherent			coherent|a|4|0
cohesion	NOUN=1	cohesion=1	cohesion|n|4|0
cohesive	ADJ=1	cohesive=1	cohesive|a|2|0
cohort			cohort|n|3|0
coil	PROPN=2	Coil=2	coil|n|6|0;coil|v|3|0
coils	NOUN=2	coils=2	
coin	NOUN=2	coin=2	coin|n|1|0;coin|v|2|0
coincide			coincide|v|3|0
coincided	VERB=3	coincided=3	
coincidence	NOUN=9	coincidence=9	coincidence|n|3|0
coincidentally	ADV=2	coincidentally=2	coincidentally|r|1|0
coincides	VERB=4	coincides=4	
coined	VERB=3	coined=2	
coins	NOUN=2	coins=2	
coke	PROPN=5	Coke=5	Coke|n|1|0;coke|n|2|0;coke|v|1|0
col	NOUN=1	col=1	col|n|1|0
cola	PROPN=2,NOUN=1	Cola=2,cola=1	Cola|n|1|0;cola|n|1|0
colbert	PROPN=2	Colbert=2	Colbert|n|1|0
cold	ADJ=39,NOUN=5,AUX=1	cold=41,Cold=1	cold|a|13|0;cold|n|3|0
colder	ADJ=3	colder=3	
cole	PROPN=4	Cole=4	cole|n|2|0
colin	PROPN=8	Colin=8	
coliseum			coliseum|n|1|0
collaborate	VERB=3	collaborate=3	collaborate|v|2|0
collaborated	VERB=2	collaborated=2	
collaboration	NOUN=7,PROPN=1	collaboration=6,Collaboration=1	collaboration|n|2|0
collaborations	NOUN=1	collaborations=1	
collaborative	ADJ=7	collaborative=6,Collaborative=1	collaborative|a|1|0
collaborator	NOUN=1	collaborator=1	collaborator|n|3|0
collage	NOUN=2	collage=2	collage|n|2|0
collagen			collagen|n|1|0
collapse	NOUN=3,VERB=3	collapse=6	collapse|n|4|0;collapse|v|7|0
collapsed	VERB=7	collapsed=7	
collapses	VERB=1	collapses=1	
collapsing	VERB=4	collapsing=3	
collar	NOUN=2	collar=2	collar|n|9|0;collar|v|3|0
collateral	NOUN=6,ADJ=5	collateral=10,Collateral=1	collateral|a|5|0;collateral|n|1|0
colleague	NOUN=3	colleague=3	colleague|n|2|0
colleagues	NOUN=21	colleagues=21	
collect	VERB=11,ADV=1	collect=12	collect|a|1|0;collect|n|1|0;collect|r|1|0;collect|v|5|0
collected	VERB=16	collected=16	collected|a|2|0
collectible			collectible|a|1|0;collectible|n|1|0
collecting	VERB=15	collecting=13	collecting|n|1|0
collection	NOUN=30,PROPN=2	collection=30,Collection=2	collection|n|4|0
collections	NOUN=8	collections=7,Collections=1	
collective	ADJ=8	collective=6,Collective=2	collective|a|3|0;collective|n|1|0
collectively	ADV=6	collectively=6	collectively|r|1|0
collector	NOUN=3	collector=3	collector|n|4|0
collectors	NOUN=5	collectors=5	
collects	VERB=6	collects=6	
colleen			colleen|n|1|0
college	NOUN=38,PROPN=18	college=36,College=18	college|n|3|0
colleges	NOUN=15	colleges=15	
collegiate			collegiate|a|1|0
collide	VERB=1	collide=1	collide|v|3|0
collier			collier|n|1|0
collins	PROPN=7	Collins=7	Collins|n|1|1;collins|n|1|0
collision			collision|n|3|0
collisions	NOUN=1	collisions=1	
collusion	NOUN=1	collusion=1	collusion|n|2|0
cologne			Cologne|n|1|1;cologne|n|1|0
colombia	PROPN=1	Colombia=1	Colombia|n|1|1
colombian			Colombian|a|1|0;Colombian|n|1|0
colombo	PROPN=6	Colombo=4	Colombo|n|1|1
colon	NOUN=1	colon=1	Colon|n|1|1;colon|n|4|0
colonel	PROPN=2	Colonel=2	colonel|n|1|0
colonial	ADJ=6	colonial=5,Colonial=1	colonial|a|3|0;colonial|n|1|0
colonialism			colonialism|n|1|0
colonies	NOUN=6,PROPN=3	colonies=6,Colonies=3	
colonization	NOUN=3	colonization=3	colonization|n|1|0
colony	NOUN=4	colony=4	Colony|n|1|0;colony|n|5|0
color	NOUN=35,PROPN=7,VERB=1	color=33,Color=9	color|a|1|0;color|n|7|0;color|v|6|0
colorado	PROPN=5	Colorado=4	Colorado|n|3|3
colored	VERB=7,ADJ=2	colored=9	colored|a|4|0;colored|n|1|0
colorful	ADJ=10	colorful=9	colorful|a|3|0
coloring			coloring|n|3|0
colors	NOUN=13,PROPN=3	colors=13,Colors=3	colors|n|2|0
colossal			colossal|a|1|0
colour	NOUN=7	colour=7	colour|a|1|0;colour|n|7|0;colour|v|6|0
coloured	ADJ=6,PROPN=1,VERB=1	Coloured=5,coloured=3	coloured|a|4|0;coloured|n|1|0
colourful	ADJ=1	colourful=1	colourful|a|3|0
colouring			colouring|n|3|0
colours	NOUN=1	colours=1	colours|n|2|0
colt			Colt|n|1|0;colt|n|1|0
colton	PROPN=1	Colton=1	
columbia	PROPN=25	Columbia=23	Columbia|n|5|5
columbus	PROPN=3	Columbus=3	Columbus|n|4|4
column	NOUN=8	column=8	column|n|9|0
columnist	NOUN=2	columnist=2	columnist|n|1|0
columns	NOUN=8,PROPN=1	columns=8,Columns=1	
com	NOUN=10	CoM=9,com=1	
coma			coma|n|3|0
comb	NOUN=2	comb=1	comb|n|5|0;comb|v|3|0
combat	NOUN=6,VERB=3	combat=8,Combat=1	combat|n|2|0;combat|v|1|0
combatants	NOUN=1	combatants=1	
combination	NOUN=12	combination=12	combination|n|7|0
combinations	NOUN=1	combinations=1	
combine	VERB=8	combine=6	combine|n|3|0;combine|v|7|0
combined	VERB=12	combined=10,Combined=2	combined|a|1|0
combines	VERB=5	combines=5	
combining	VERB=2	combining=2	combining|n|2|0
combo	NOUN=2,PROPN=1	combo=2,Combo=1	combo|n|1|0
combs	NOUN=1	combs=1	
combustion			combustion|n|3|0
comcast	PROPN=1	COMCAST=1	
come	VERB=246	come=233,COME=2	come|n|1|0;come|v|21|0
comeback	NOUN=2,PROPN=1	comeback=2,Comeback=1	comeback|n|2|0
comedian	NOUN=4	comedian=4	comedian|n|2|0
comedians	NOUN=2	comedians=2	
comedy	NOUN=14,PROPN=1	comedy=14,Comedy=1	comedy|n|2|0
comes	VERB=93	comes=91,COMES=2	
comet	NOUN=3	comet=3	comet|n|1|0
comets	PROPN=5	Comets=5	
comfort	NOUN=5,PROPN=2,VERB=1	comfort=6,Comfort=1	comfort|n|7|0;comfort|v|2|0
comfortable	ADJ=32	comfortable=31	comfortable|a|5|0
comfortably	ADV=5	comfortably=5	comfortably|r|3|0
comforted			comforted|a|1|0
comforting	ADJ=2	comforting=2	comforting|a|2|0
comforts	NOUN=1	comforts=1	comforts|n|1|0
comfy	ADJ=2	comfy=2	comfy|a|1|0
comic	PROPN=3,ADJ=2,NOUN=1	Comic=3,comic=3	comic|a|2|0;comic|n|1|0
comical			comical|a|1|0
comics	NOUN=4,PROPN=1	comics=4,Comics=1	
coming	VERB=100,NOUN=3	coming=99,Coming=1	coming|a|1|0;coming|n|4|0
comm	NOUN=1	COMM=1	
comma	NOUN=1	comma=1	comma|n|2|0
command	NOUN=10,PROPN=2,VERB=2	command=12,Command=2	command|n|7|0;command|v|5|0
commandant	NOUN=1	commandant=1	commandant|n|1|0
commanded	VERB=1	commanded=1	
commander	NOUN=6,PROPN=1	commander=6	commander|n|4|0
commanders	NOUN=5	commanders=4	
commanding	ADJ=1	commanding=1	commanding|a|1|0
commandment			commandment|n|2|0
commando			commando|n|2|0
commands	NOUN=3	commands=3	
commemorate	VERB=1	commemorate=1	commemorate|v|3|0
commemorating	VERB=2	commemorating=2	commemorating|a|1|0
commemoration			commemoration|n|2|0
commemorative			commemorative|a|1|0;commemorative|n|1|0
commence	VERB=2	commence=2	commence|v|3|0
commenced	VERB=3	commenced=3	
commencement			commencement|n|3|0
commend	VERB=1	commend=1	commend|v|5|0
commended	VERB=1	commended=1	
comment	NOUN=18,VERB=9	comment=27	comment|n|3|0;comment|v|3|0
commentaries	NOUN=4	commentaries=4	
commentary	NOUN=5	commentary=5	commentary|n|1|0
commentator			commentator|n|2|0
commentators	NOUN=3	commentators=3	
commented	VERB=5	commented=5	
comments	NOUN=58	comments=52,Comments=2	
commerce	NOUN=3	commerce=3	Commerce|n|1|0;commerce|n|2|0
commercial	ADJ=36,NOUN=2	commercial=38	commercial|a|4|0;commercial|n|1|0
commercially	ADV=1	commercially=1	commercially|r|1|0
commission	PROPN=16,NOUN=15	Commission=25,commission=6	commission|n|9|0;commission|v|3|0
commissioned	VERB=4	commissioned=4	commissioned|a|2|0
commissioner	PROPN=1	Commissioner=1	commissioner|n|2|0
commissioners	NOUN=9,PROPN=1	commissioners=7,Commissioners=3	
commissioning			commissioning|n|1|0
commissions	NOUN=2	commissions=2	
commit	VERB=10	commit=10	commit|v|8|0
commitment	NOUN=35	commitment=34,Commitment=1	commitment|n|5|0
commitments	NOUN=8	commitments=8	
commits	VERB=3	commits=3	
committed	VERB=14,ADJ=5	committed=19	committed|a|2|0
committee	NOUN=24,PROPN=16	Committee=22,committee=18	committee|n|2|0
committees	NOUN=2,PROPN=1	committees=2,Committees=1	
committing	VERB=1	committing=1	
commodities	NOUN=1	commodities=1	
commodity	NOUN=7	commodity=4,Commodity=3	commodity|n|1|0
commodore			commodore|n|1|0
common	ADJ=71,NOUN=1	common=69,Common=1	common|a|9|0;common|n|1|0
commonly	ADV=7	commonly=7	commonly|r|1|0
commonplace	ADJ=2	commonplace=2	commonplace|a|3|0;commonplace|n|1|0
commons	PROPN=16,NOUN=2	Commons=16,commons=2	Commons|n|1|0;commons|n|3|0
commonwealth	PROPN=7,NOUN=1	Commonwealth=6,commonwealth=1	commonwealth|n|4|0
commotion			commotion|n|3|0
communal	ADJ=1	communal=1	communal|a|2|0
commune			commune|n|2|0;commune|v|2|0
communicate	VERB=6	communicate=6	communicate|v|7|0
communicated	VERB=4	communicated=4	
communicating	VERB=1	communicating=1	communicating|n|1|0
communication	NOUN=19,PROPN=1	communication=19,Communication=1	communication|n|3|0
communications	NOUN=7,X=6,PROPN=2	communications=7,COMMUNICATIONS=6,Communications=2	communications|n|1|0
communion	NOUN=1,PROPN=1	Communion=1,communion=1	Communion|n|1|0;communion|n|2|0
communism	NOUN=1	communism=1	communism|n|2|0
communist	ADJ=7,PROPN=3	Communist=9,communist=1	Communist|n|1|0;communist|a|1|0;communist|n|1|0
communists	PROPN=6,NOUN=1	Communists=6,communists=1	
communities	NOUN=39,PROPN=2	communities=39,Communities=2	
community	NOUN=64,PROPN=4	community=64,Community=4	community|n|7|0
commute			commute|n|1|0;commute|v|5|0
commuter			commuter|n|2|0
commuting	VERB=2	commuting=2	commuting|n|1|0
comp	NOUN=1	COMp=1	comp|n|1|0
compact	ADJ=10,PROPN=1	compact=8,Compact=2	compact|a|3|0;compact|n|3|0;compact|v|4|0
companies	NOUN=43	companies=42,Companies=1	
companion	NOUN=9	companion=9	companion|n|3|0;companion|v|1|0
companions	NOUN=3	companions=3	
companionship			companionship|n|1|0
company	NOUN=131,PROPN=3	company=120,Company=9,COMPANY=3	company|n|9|0;company|v|1|0
comparable	ADJ=3	comparable=3	comparable|a|2|0
comparative	ADJ=4	comparative=3,Comparative=1	comparative|a|2|0;comparative|n|1|0
comparatively			comparatively|r|1|0
compare	VERB=11	compare=6	compare|n|1|0;compare|v|4|0
compared	VERB=26	compared=25	
compares	VERB=2	compares=2	
comparing	VERB=8,PROPN=1	comparing=8,Comparing=1	comparing|n|1|0
comparison	NOUN=18	comparison=17,Comparison=1	comparison|n|3|0
comparisons	NOUN=3	comparisons=3	
compartment	NOUN=1	compartment=1	compartment|n|2|0
compass	NOUN=1	compass=1	compass|n|4|0;compass|v|3|0
compassion	NOUN=3	compassion=3	compassion|n|2|0
compassionate	ADJ=5	compassionate=5	compassionate|a|1|0;compassionate|v|1|0
compatibility	NOUN=3	compatibility=3	compatibility|n|2|0
compatible	ADJ=4	compatible=4	compatible|a|3|0
compel	VERB=5	compel=5	compel|v|2|0
compelled	VERB=3	compelled=3	
compelling	ADJ=3	compelling=3	compelling|a|2|0
compensate	VERB=6	compensate=6	compensate|v|6|0
compensated	VERB=1	compensated=1	compensated|a|1|0
compensation	NOUN=11	compensation=9,Compensation=1	compensation|n|3|0
compete	VERB=13	compete=13	compete|v|1|0
competed	VERB=1	competed=1	
competence	NOUN=1	competence=1	competence|n|1|0
competency	NOUN=1	competency=1	competency|n|1|0
competent	ADJ=3	competent=3	competent|a|3|0
competing	VERB=6	competing=6	
competition	NOUN=26	competition=26	competition|n|4|0
competitions	NOUN=2	competitions=2	
competitive	ADJ=10	competitive=10	competitive|a|3|0
competitiveness	NOUN=3	competitiveness=3	competitiveness|n|1|0
competitor			competitor|n|1|0
compilation			compilation|n|2|0
compile			compile|v|3|0
compiler			compiler|n|2|0
compiling	VERB=3	compiling=3	compiling|n|1|0
complacent			complacent|a|1|0
complain	VERB=2	complain=2	complain|v|2|0
complainant			complainant|n|1|0
complained	VERB=8	complained=8	
complaining	VERB=6	complaining=6	complaining|a|1|0
complaint	NOUN=16	complaint=15,Complaint=1	complaint|n|5|0
complaints	NOUN=7	complaints=7	
complement	VERB=2	complement=2	complement|n|6|0;complement|v|1|0
complementary	ADJ=3	complementary=3	complementary|a|2|0;complementary|n|1|0
complete	ADJ=31,VERB=17	complete=46	complete|a|5|0;complete|v|5|0
completed	VERB=24,ADJ=1	completed=24	completed|a|3|0
completely	ADV=50	completely=48	completely|r|2|0
completeness			completeness|n|2|0
completes	VERB=1	completes=1	
completing	VERB=8	completing=8	completing|a|1|0
completion	NOUN=5	completion=5	completion|n|2|0
complex	ADJ=21,NOUN=6,PROPN=1	complex=26,Complex=2	complex|a|2|0;complex|n|4|0
complexes	NOUN=2	complexes=2	
complexion			complexion|n|5|0;complexion|v|1|0
complexities	NOUN=2	complexities=1	
complexity			complexity|n|1|0
compliance	NOUN=3	compliance=3	compliance|n|3|0
compliant			compliant|a|1|0
complicate			complicate|v|2|0
complicated	ADJ=9	complicated=9	complicated|a|1|0
complication	NOUN=1	complication=1	complication|n|5|0
complications	NOUN=3	complications=3	
complicit	ADJ=1	complicit=1	complicit|a|1|0
complied	VERB=1	complied=1	
compliment	NOUN=3	compliment=3	compliment|n|1|0;compliment|v|2|0
complimentary			complimentary|a|2|0
complimented	VERB=1	complimented=1	
compliments	NOUN=7	compliments=7	compliments|n|1|0
comply	VERB=3	comply=3	comply|v|1|0
complying	VERB=1	complying=1	
component	NOUN=4	component=4	component|n|3|0
components	NOUN=3	components=3	
compose	VERB=1	compose=1	compose|v|6|0
composed	VERB=9	composed=9	composed|a|1|0
composer	NOUN=3	composer=3	composer|n|1|0
composers	PROPN=1	Composers=1	
composing	VERB=1	composing=1	composing|n|2|0
composite			composite|a|2|0;composite|n|2|0
composition	NOUN=10,PROPN=1	composition=10,Composition=1	composition|n|9|0
compost	NOUN=1	compost=1	compost|n|1|0;compost|v|1|0
composure			composure|n|1|0
compound	NOUN=8,ADJ=3,VERB=2	compound=13	compound|a|3|0;compound|n|4|0;compound|v|5|0
compounded	VERB=2	compounded=2	compounded|a|1|0
compounding	VERB=2	compounding=1	compounding|n|1|0
compounds	NOUN=2	compounds=2	
comprehend	VERB=1	comprehend=1	comprehend|v|3|0
comprehension	NOUN=3	comprehension=3	comprehension|n|2|0
comprehensive	ADJ=20	comprehensive=14,Comprehensive=6	comprehensive|a|2|0;comprehensive|n|1|0
compressed			compressed|a|3|0
compression	NOUN=2,PROPN=2	Compression=2,compression=2	compression|n|4|0
compressor	NOUN=7	compressor=7	compressor|n|2|0
comprise	VERB=2	comprise=2	comprise|v|3|0
comprised	VERB=3	comprised=3	
comprises	VERB=1	comprises=1	
comprising	VERB=1	comprising=1	
compromise	NOUN=1,VERB=1	compromise=2	compromise|n|2|0;compromise|v|3|0
compromising	VERB=1	compromising=1	compromising|a|2|0
compton			Compton|n|1|1
compulsion	NOUN=2	compulsion=2	compulsion|n|3|0
compulsive	ADJ=7	compulsive=7	compulsive|a|2|0;compulsive|n|1|0
compulsory			compulsory|a|1|0
computation			computation|n|2|0
computational	ADJ=1,PROPN=1	Computational=1,computational=1	computational|a|1|0
compute			compute|v|1|0
computer	NOUN=51,PROPN=2	computer=51,Computer=2	computer|n|2|0
computerized	ADJ=1	computerized=1	
computers	NOUN=11,PROPN=4	computers=9,Computers=4	
computing	NOUN=5,PROPN=1	computing=5,Computing=1	computing|n|2|0
comrade			Comrade|n|1|0;comrade|n|2|0
con	NOUN=2,PROPN=1	Con=2	con|n|3|0;con|r|1|0;con|v|2|0
conan	PROPN=1	Conan=1	
conceal			conceal|v|2|0
concealed			concealed|a|2|0
concealing			concealing|a|1|0;concealing|n|1|0
concede	VERB=2	concede=2	concede|v|4|0
conceded	VERB=2	conceded=2	
conceding	VERB=1	conceding=1	conceding|n|1|0
conceivable	ADJ=1	conceivable=1	conceivable|a|1|0
conceive			conceive|v|3|0
conceived	VERB=2	conceived=2	
concentrate	VERB=2	concentrate=2	concentrate|n|3|0;concentrate|v|8|0
concentrated	VERB=3	concentrated=3	concentrated|a|5|0
concentrating	VERB=3	concentrating=3	
concentration	NOUN=11	concentration=11	concentration|n|7|0
concentrations	NOUN=2	concentrations=2	
concept	NOUN=30	concept=30	concept|n|1|0
conception			conception|n|4|0
concepts	NOUN=30	concepts=25	
conceptual	ADJ=3	conceptual=3	conceptual|a|1|0
concern	NOUN=28,VERB=4	concern=31,Concern=1	concern|n|5|0;concern|v|2|0
concerned	ADJ=23,VERB=7	concerned=28,CONCERNED=1,Concerned=1	concerned|a|3|0
concerning	VERB=16,ADJ=1	concerning=16,Concerning=1	
concerns	NOUN=22	concerns=22	
concert	NOUN=4	concert=4	concert|n|1|0;concert|v|2|0
concerted	ADJ=2	concerted=2	concerted|a|1|0
concerto	PROPN=1	Concerto=1	concerto|n|1|0
concerts	NOUN=5	concerts=5	
concession	NOUN=3	concession=3	concession|n|3|0
concierge			concierge|n|1|0
concise			concise|a|1|0
conclude	VERB=9	conclude=9	conclude|v|5|0
concluded	VERB=12	concluded=12	concluded|a|1|0
concludes	VERB=1	concludes=1	
concluding	VERB=2	concluding=2	concluding|a|1|0
conclusion	NOUN=20	conclusion=16,Conclusion=1	conclusion|n|9|0
conclusions	NOUN=5	conclusions=4,Conclusions=1	
conclusive			conclusive|a|1|0
concord	PROPN=1	Concord=1	Concord|n|3|3;concord|n|3|0;concord|v|4|0
concrete	NOUN=8,ADJ=7	concrete=15	concrete|a|2|0;concrete|n|1|0;concrete|v|2|0
concur	VERB=4	concur=4	concur|v|2|0
concurrent			concurrent|a|1|0
concurrently	ADV=1	concurrently=1	concurrently|r|1|0
concussion			concussion|n|2|0
condemn	VERB=4	condemn=4	condemn|v|6|0
condemnation	NOUN=2	condemnation=2	condemnation|n|5|0
condemned	VERB=4	condemned=4	
condemning	VERB=2	condemning=2	condemning|a|1|0
condemns	VERB=2	condemns=2	
condensation			condensation|n|6|0
condensed	ADJ=2,VERB=1	condensed=3	
condescending	ADJ=1	condescending=1	condescending|a|1|0
condition	NOUN=19,VERB=3	condition=22	condition|n|8|0;condition|v|5|0
conditional			conditional|a|2|0
conditioned	VERB=2	conditioned=2	conditioned|a|2|0
conditioner	NOUN=2	conditioner=2	conditioner|n|3|0
conditioning	NOUN=2,PROPN=1	Conditioning=1,conditioning=1	conditioning|n|1|0
conditions	NOUN=33	conditions=32,Conditions=1	conditions|n|3|0
condo	NOUN=3	condo=3	condo|n|1|0
condom			condom|n|1|0
condominium	NOUN=2	condominium=2	condominium|n|2|0
condone	VERB=1	condone=1	condone|v|1|0
condos	NOUN=1	condos=1	
conducive	ADJ=1	conducive=1	conducive|a|1|0
conduct	VERB=7,NOUN=2	conduct=9	conduct|n|2|0;conduct|v|6|0
conducted	VERB=14	conducted=14	
conducting	VERB=6	conducting=6	conducting|n|2|0
conductivity			conductivity|n|1|0
conductor	NOUN=1	conductor=1	conductor|n|4|0
conduit	NOUN=1	conduit=1	conduit|n|1|0
cone	PROPN=2	Cone=2	cone|n|4|0;cone|v|1|0
confederacy	PROPN=12	Confederacy=12	Confederacy|n|1|1;confederacy|n|3|0
confederate	ADJ=2	Confederate=1	Confederate|a|1|0;Confederate|n|1|0;confederate|a|1|0;confederate|n|2|0;confederate|v|2|0
confederation			confederation|n|3|0
confer	ADJ=1,VERB=1	Confer=1,confer=1	confer|v|2|0
conference	NOUN=37,PROPN=14,VERB=1	conference=35,Conference=14	conference|n|3|0
conferences	NOUN=7	conferences=7	
confess			confess|v|3|0
confessed	VERB=2	confessed=2	
confession	NOUN=1	confession=1	confession|n|5|0
confessions	PROPN=2	Confessions=2	
confidence	NOUN=20	confidence=20	confidence|n|5|0
confident	ADJ=13	confident=13	confident|a|3|0
confidential	ADJ=18	confidential=15,CONFIDENTIAL=1,Confidential=1	confidential|a|4|0
confidentiality	NOUN=11	confidentiality=6,Confidentiality=4	confidentiality|n|2|0
confidently	ADV=2	confidently=2	confidently|r|1|0
configuration			configuration|n|2|0
configurations	NOUN=1	configurations=1	
configured			configured|a|1|0
confined	VERB=6,ADJ=1	confined=7	confined|a|3|0
confinement	NOUN=1	confinement=1	confinement|n|4|0
confines	NOUN=1	confines=1	confines|n|1|0
confirm	VERB=18,NOUN=4	confirm=22	confirm|v|5|0
confirmation	NOUN=4	confirmation=3	confirmation|n|5|0
confirmed	VERB=22	confirmed=21	confirmed|a|2|0
confirming	VERB=6	confirming=6	confirming|a|2|0
confirms	NOUN=5	confirms=5	
confiscated	VERB=3	confiscated=3	
conflict	NOUN=29,PROPN=1,VERB=1,X=1	conflict=29,Conflict=3	conflict|n|7|0;conflict|v|2|0
conflicting	VERB=2,ADJ=1	conflicting=3	conflicting|a|2|0
conflicts	NOUN=7,VERB=1	conflicts=8	
confluence	NOUN=1	confluence=1	confluence|n|3|0
conform	VERB=1	conform=1	conform|v|2|0
conforming			conforming|a|1|0
conformity	NOUN=1	conformity=1	conformity|n|5|0
confront	VERB=2	confront=2	confront|v|4|0
confrontation	NOUN=4	confrontation=4	confrontation|n|5|0
confronted	VERB=3	confronted=3	
confronting	VERB=2	Confronting=1,confronting=1	
confucius			Confucius|n|1|1
confuse	VERB=2	confuse=2	confuse|v|5|0
confused	ADJ=9,VERB=7	confused=15	confused|a|5|0
confusing	ADJ=2	confusing=2	confusing|a|2|0
confusion	NOUN=12	confusion=12	confusion|n|5|0
congenital			congenital|a|1|0
congested	ADJ=1	congested=1	congested|a|1|0
congestion	NOUN=3	congestion=3	congestion|n|2|0
conglomerate	NOUN=1	conglomerate=1	conglomerate|a|1|0;conglomerate|n|2|0;conglomerate|v|1|0
congo	PROPN=2	Congo=2	Congo|n|3|3;congo|n|1|0
congrats	NOUN=1	Congrats=1	
congratulate	VERB=5	congratulate=5	congratulate|v|4|0
congratulated	VERB=2	congratulated=2	
congratulations	NOUN=9	congratulations=1	congratulations|n|1|0
congregation	NOUN=3	congregation=3	congregation|n|3|0
congress	PROPN=54,NOUN=2	Congress=51,congress=3	Congress|n|1|0;congress|n|3|0
congressional	ADJ=5	Congressional=4	congressional|a|1|0
congressman	NOUN=3,PROPN=1	congressman=2,Congressman=1	congressman|n|1|0
congressmen	PROPN=2	Congressmen=2	
conical			conical|a|1|0
conjecture	NOUN=2	conjecture=2	conjecture|n|3|0;conjecture|v|1|0
conjunction	NOUN=2	conjunction=2	conjunction|n|6|0
conjure			conjure|v|3|0
conn			conn|v|1|0
connect	VERB=2	connect=2	connect|v|11|0
connected	VERB=15	connected=15	connected|a|5|0
connecticut	PROPN=3	Connecticut=3	Connecticut|n|3|3
connecting	VERB=3	connecting=3	
connection	NOUN=41	connection=40,Connection=1	connection|n|9|0
connections	NOUN=14	connections=13,Connections=1	
connectivity			connectivity|n|1|0
connector			connector|n|1|0
connects	VERB=5	connects=5	
connolly	PROPN=1	Connolly=1	Connolly|n|1|1
connotations	NOUN=1	connotations=1	
conquer	VERB=6	conquer=6	conquer|v|3|0
conquered	VERB=1	conquered=1	
conquering	VERB=1	conquering=1	conquering|n|1|0
conqueror			conqueror|n|1|0
conquest	PROPN=4,NOUN=1	Conquest=4,conquest=1	conquest|n|3|0
conrad	PROPN=1	Conrad=1	Conrad|n|1|1
cons	NOUN=3	cons=2	
conscience	NOUN=3	conscience=3	conscience|n|3|0
conscientious	ADJ=3	conscientious=3	conscientious|a|2|0
conscious	ADJ=12	conscious=12	conscious|a|3|0
consciously	ADV=3	consciously=3	consciously|r|1|0
consciousness	NOUN=11	Consciousness=6,consciousness=5	consciousness|n|2|0
consecrated			consecrated|a|2|0
consecutive	ADJ=2	consecutive=2	consecutive|a|3|0;consecutive|r|1|0
consensual			consensual|a|1|0
consensus	NOUN=6	consensus=6	consensus|n|1|0
consent	VERB=3,NOUN=2	consent=4,Consent=1	consent|n|1|0;consent|v|1|0
consented	VERB=2	consented=2	
consequence	NOUN=5	consequence=5	consequence|n|3|0
consequences	NOUN=20	consequences=20	
consequently	ADV=7	consequently=5	consequently|r|2|0
conservation	NOUN=5,PROPN=2	conservation=5,Conservation=2	conservation|n|3|0
conservatism			conservatism|n|1|0
conservative	ADJ=9,NOUN=1,PROPN=1	conservative=9,Conservative=2	Conservative|n|1|0;conservative|a|5|0;conservative|n|1|0
conservatives	NOUN=3	conservatives=3	
conservatory	PROPN=2,NOUN=1	Conservatory=2,conservatory=1	conservatory|n|3|0
conserve			conserve|n|1|0;conserve|v|4|0
conserved			conserved|a|1|0
consider	VERB=59	consider=47	consider|v|9|0
considerable	ADJ=12	considerable=12	considerable|a|1|0
considerably	ADV=3	considerably=3	considerably|r|1|0
considerate	ADJ=1	considerate=1	considerate|a|1|0
consideration	NOUN=11,PROPN=1	consideration=11,Consideration=1	consideration|n|6|0
considerations	NOUN=2	considerations=2	
considered	VERB=61	considered=59,Considered=2	considered|a|1|0
considering	VERB=24	considering=21	
considers	VERB=5	considers=5	
consist	VERB=7	consist=7	consist|v|4|0
consisted	VERB=4	consisted=4	
consistency	NOUN=4	consistency=4	consistency|n|4|0
consistent	ADJ=11,ADV=1	consistent=12	consistent|a|4|0
consistently	ADV=9	consistently=9	consistently|r|1|0
consisting	VERB=1	consisting=1	
consists	VERB=5	consists=5	
consolation			consolation|n|2|0
console	NOUN=3,PROPN=1	console=3,Console=1	console|n|4|0;console|v|1|0
consolidate	VERB=1	consolidate=1	consolidate|v|5|0
consolidated	VERB=1	consolidated=1	consolidated|a|2|0
consolidation	NOUN=3	consolidation=3	consolidation|n|3|0
consonant			consonant|a|2|0;consonant|n|2|0
consort			consort|n|2|0;consort|v|3|0
consortium	NOUN=3	consortium=3	consortium|n|1|0
conspicuous			conspicuous|a|2|0
conspiracy	NOUN=5	conspiracy=5	conspiracy|n|3|0
constable			Constable|n|1|1;constable|n|2|0
constance	PROPN=1		Constance|n|2|1
constant	ADJ=11,NOUN=1	constant=12	constant|a|3|0;constant|n|2|0
constantine	PROPN=1		Constantine|n|2|2
constantinople			Constantinople|n|5|1
constantly	ADV=21	constantly=21	constantly|r|2|0
constellation	PROPN=1,X=1	Constellation=2	constellation|n|2|0
constipation			constipation|n|2|0
constituencies	NOUN=4	constituencies=4	
constituency	NOUN=20	constituency=20	constituency|n|1|0
constituent	NOUN=1	constituent=1	constituent|a|1|0;constituent|n|5|0
constitute	VERB=4	constitute=4	constitute|v|4|0
constituted	VERB=1	constituted=1	constituted|a|1|0
constitutes	VERB=2	constitutes=2	
constitution	PROPN=19,NOUN=13	Constitution=27,constitution=5	Constitution|n|2|2;constitution|n|3|0
constitutional	ADJ=13	constitutional=10,Constitutional=3	constitutional|a|4|0;constitutional|n|1|0
constitutionally	ADV=4	constitutionally=4	constitutionally|r|1|0
constrained	VERB=1	constrained=1	constrained|a|1|0
constraint	NOUN=1	constraint=1	constraint|n|3|0
constraints	NOUN=3	constraints=3	
construct	NOUN=3	construct=3	construct|n|1|0;construct|v|6|0
constructed	VERB=4	constructed=4	
constructing	VERB=1	constructing=1	
construction	NOUN=16,PROPN=3	construction=15,Construction=3	construction|n|7|0
constructions	PROPN=1	Constructions=1	
constructive	ADJ=2	constructive=2	constructive|a|2|0
constructs	NOUN=1	constructs=1	
consul			consul|n|1|0
consular			consular|a|1|0
consulate	PROPN=3	Consulate=3	consulate|n|1|0
consult	VERB=2	consult=2	consult|v|4|0
consultancy			consultancy|n|1|0
consultant	NOUN=2	Consultant=2	consultant|n|1|0
consultants	PROPN=2,NOUN=1	CONSULTANTS=1,Consultants=1,consultants=1	
consultation	NOUN=4,PROPN=2	consultation=4,Consultation=2	consultation|n|3|0
consultative			consultative|a|1|0
consulted	VERB=3	consulted=3	
consulting	NOUN=4,VERB=2	consulting=6	
consume	VERB=4	consume=4	consume|v|6|0
consumed	VERB=4	consumed=4	
consumer	NOUN=10	consumer=10	consumer|n|1|0
consumers	NOUN=6,PROPN=1	consumers=6,Consumers=1	
consumes	VERB=2	consumes=2	
consuming	VERB=2	consuming=2	consuming|a|1|0
consumption	NOUN=19,PROPN=1	consumption=19,Consumption=1	consumption|n|4|0
contact	VERB=31,NOUN=30	contact=56	contact|n|9|0;contact|v|2|0
contacted	VERB=13	contacted=13	
contacting	VERB=2	contacting=2	
contacts	NOUN=10	contacts=10	
contagious	ADJ=2	contagious=2	contagious|a|2|0
contain	VERB=15	contain=15	contain|v|6|0
contained	VERB=11,ADJ=1	contained=12	contained|a|1|0
container	NOUN=19	container=19	container|n|1|0
containers	NOUN=12	containers=12	
containing	VERB=11	containing=10,CONTAINING=1	
containment	NOUN=1	containment=1	containment|n|3|0
contains	VERB=12	contains=11	
contaminated	VERB=2	contaminated=2	contaminated|a|2|0
contamination	NOUN=1	contamination=1	contamination|n|3|0
contemplate	VERB=3	contemplate=2	contemplate|v|4|0
contemplated	VERB=3	contemplated=3	
contemplating	VERB=2	contemplating=2	
contemplation			contemplation|n|2|0
contemporaries	NOUN=1	contemporaries=1	contemporaries|n|1|0
contemporary	ADJ=18	contemporary=15,Contemporary=2	contemporary|a|3|0;contemporary|n|1|0
contempt			contempt|n|4|0
contend	VERB=4	contend=4	contend|v|6|0
contended	VERB=1	contended=1	
contender			contender|n|1|0
contenders	NOUN=1	contenders=1	
contends	VERB=2	contends=2	
content	NOUN=39,ADJ=1,PROPN=1	content=40,Content=1	content|a|1|0;content|n|6|0;content|n|1|0;content|v|2|0
contention			contention|n|3|0
contentious	ADJ=1	contentious=1	contentious|a|2|0
contents	NOUN=12	contents=12	contents|n|2|0
contest	NOUN=9,PROPN=2,VERB=2	contest=11,Contest=2	contest|n|2|0;contest|v|1|0
contestant			contestant|n|2|0
contested	VERB=3	contested=3	contested|a|1|0
contesting	VERB=1	contesting=1	
contests	NOUN=1	contests=1	
context	NOUN=32	context=32	context|n|2|0
contexts	NOUN=5	contexts=5	
contextual			contextual|a|1|0
contiguous			contiguous|a|3|0
continent	NOUN=3	continent=3	Continent|n|1|1;continent|a|2|0;continent|n|1|0
continental	ADJ=6	Continental=3,continental=3	Continental|a|1|0;continental|a|3|0
continents	NOUN=5	continents=5	
contingency			contingency|n|2|0
contingent	NOUN=1	contingent=1	contingent|a|3|0;contingent|n|2|0
continual	ADJ=1	continual=1	continual|a|2|0
continually	ADV=7	continually=6	continually|r|1|0
continuation	NOUN=1	continuation=1	continuation|n|4|0
continue	VERB=72	continue=64	continue|v|10|0
continued	VERB=30,ADJ=4	continued=34	continued|a|1|0
continues	VERB=25	continues=25	
continuing	VERB=9	continuing=9	continuing|a|2|0
continuity	NOUN=1,PROPN=1	Continuity=1,continuity=1	continuity|n|3|0
continuous	ADJ=3	continuous=3	continuous|a|2|0
continuously	ADV=2	continuously=2	continuously|r|2|0
continuum			continuum|n|1|0
contour			contour|n|3|0;contour|v|1|0
contours	NOUN=1	contours=1	
contra	PROPN=3	Contra=3	Contra|n|1|0
contraband			contraband|a|1|0;contraband|n|1|0
contraception			contraception|n|1|0
contraceptive			contraceptive|a|1|0;contraceptive|n|1|0
contract	NOUN=43,PROPN=1,VERB=1,X=1	contract=41,Contract=5	contract|n|3|0;contract|v|9|0
contracted	VERB=3	contracted=3	contracted|a|1|0
contracting	NOUN=1	contracting=1	contracting|n|1|0
contraction	NOUN=1	contraction=1	contraction|n|4|0
contractor	NOUN=6	contractor=6	contractor|n|4|0
contractors	NOUN=5	contractors=5	
contracts	NOUN=19,VERB=1	contracts=17,Contracts=3	
contractual	ADJ=2	Contractual=2	contractual|a|1|0
contradict	VERB=4	contradict=4	contradict|v|4|0
contradicted	VERB=1	contradicted=1	
contradiction			contradiction|n|3|0
contradictory			contradictory|a|4|0;contradictory|n|1|0
contradicts	VERB=1	contradicts=1	
contrary	NOUN=3,ADJ=2,ADV=2	contrary=6	contrary|a|4|0;contrary|n|3|0
contrast	NOUN=11	contrast=11	contrast|n|5|0;contrast|v|2|0
contrasted	VERB=1	contrasted=1	
contrasting			contrasting|a|1|0
contrasts	NOUN=1	contrasts=1	
contribute	VERB=8	contribute=8	contribute|v|4|0
contributed	VERB=8	contributed=8	
contributes	VERB=3	contributes=3	
contributing	VERB=3	contributing=3	contributing|a|1|0
contribution	NOUN=15	contribution=15	contribution|n|5|0
contributions	NOUN=12	contributions=11	
contributor	NOUN=1	contributor=1	contributor|n|2|0
contributors	NOUN=1	contributors=1	
contrived			contrived|a|2|0
control	NOUN=67,VERB=12,PROPN=11	control=77,Control=13	control|n|11|0;control|v|9|0
controlled	VERB=4	controlled=4	controlled|a|1|0
controller	PROPN=1	Controller=1	controller|n|3|0
controllers	NOUN=3	controllers=3	
controlling	VERB=5	controlling=5	controlling|a|1|0
controls	NOUN=6,VERB=3	controls=8,Controls=1	
controversial	ADJ=5	controversial=5	controversial|a|1|0
controversy	NOUN=6	controversy=6	controversy|n|1|0
convection			convection|n|2|0
convened	VERB=1	convened=1	
convenience	NOUN=7	convenience=7	convenience|n|4|0
convenient	ADJ=11	convenient=10,CONVENIENT=1	convenient|a|2|0
conveniently	ADV=1	conveniently=1	conveniently|r|1|0
convent			convent|n|2|0
convention	PROPN=13,NOUN=9	Convention=13,convention=9	convention|n|5|0
conventional	ADJ=16	conventional=16	conventional|a|7|0
conventions	NOUN=4	conventions=4	
converge			converge|v|4|0
convergence	NOUN=4	convergence=4	convergence|n|4|0
conversation	NOUN=32,PROPN=2	conversation=32,Conversation=2	conversation|n|1|0
conversational	ADJ=7	conversational=7	conversational|a|1|0
conversations	NOUN=13	conversations=12	
converse			converse|a|2|0;converse|n|1|0;converse|v|1|0
conversely			conversely|r|1|0
conversion	NOUN=2	conversion=1	conversion|n|9|0
convert	VERB=5	convert=5	convert|n|1|0;convert|v|9|0
converted	VERB=6,ADJ=1	converted=7	
converter	NOUN=1	converter=1	converter|n|1|0
convertible	ADJ=1	convertible=1	convertible|a|3|0;convertible|n|3|0
converting	VERB=2	converting=2	
convex			convex|a|1|0
convey	VERB=4	convey=4	convey|v|7|0
conveyed	VERB=2	conveyed=2	
conveying			conveying|n|1|0
conveyor	NOUN=2	conveyor=2	conveyor|n|2|0
conveys	VERB=1	conveys=1	
convict	NOUN=2,VERB=1	convict=3	convict|n|2|0;convict|v|1|0
convicted	VERB=8	convicted=8	
conviction	NOUN=8	conviction=8	conviction|n|2|0
convictions	NOUN=3	convictions=3	
convicts	NOUN=1	convicts=1	
convince	VERB=8	convince=8	convince|v|1|0
convinced	VERB=7,ADJ=2	convinced=9	convinced|a|2|0
convincing	ADJ=4,VERB=2	convincing=6	convincing|a|1|0
convincingly	ADV=2	convincingly=2	convincingly|r|1|0
convoy			convoy|n|3|0;convoy|v|1|0
coo			coo|n|1|0;coo|v|2|0
cook	VERB=12,NOUN=1	cook=9	Cook|n|1|1;cook|n|1|0;cook|v|5|0
cookbook	NOUN=1	cookbook=1	cookbook|n|1|0
cooke			Cooke|n|2|2
cooked	VERB=13,X=2,ADJ=1	cooked=16	cooked|a|1|0
cooker	NOUN=6	cooker=5,Cooker=1	cooker|n|1|0
cookery			cookery|n|1|0
cookie	NOUN=5,PROPN=1	cookie=4,Cookie=2	cookie|n|3|0
cookies	NOUN=2	Cookies=1,cookies=1	
cooking	VERB=9,NOUN=4	cooking=10,Cooking=3	cooking|n|1|0
cooks	NOUN=1	cooks=1	
cool	ADJ=46,VERB=3,ADV=1	cool=45	cool|a|7|0;cool|n|2|0;cool|v|3|0
coolant			coolant|n|1|0
cooled	VERB=1	cooled=1	
cooler	ADJ=1	cooler=1	cooler|n|3|0
coolest	ADJ=1	coolest=1	
cooling	NOUN=1,VERB=1	cooling=2	cooling|n|2|0
coop	NOUN=1	coop=1	coop|n|2|0
cooper	PROPN=3	Cooper=3	Cooper|n|3|3;cooper|n|1|0;cooper|v|1|0
cooperate	VERB=4	cooperate=4	cooperate|v|1|0
cooperating	VERB=4	cooperating=4	
cooperation	NOUN=19,PROPN=2	cooperation=19,Cooperation=2	cooperation|n|2|0
cooperative	NOUN=1	cooperative=1	cooperative|a|3|0;cooperative|n|2|0
coordinate	NOUN=4,VERB=2	coordinate=6	coordinate|a|1|0;coordinate|n|1|0;coordinate|v|4|0
coordinated	VERB=3	coordinated=3	coordinated|a|3|0
coordinating	VERB=2	Coordinating=1,coordinating=1	coordinating|a|1|0
coordination	NOUN=4	coordination=4	coordination|n|4|0
coordinator	NOUN=10	Coordinator=5,coordinator=5	coordinator|n|1|0
cop	NOUN=4	cop=4	cop|n|1|0;cop|v|2|0
cope	VERB=2	Cope=1,cope=1	cope|n|2|0;cope|v|1|0
copeland	PROPN=1	Copeland=1	
copenhagen	PROPN=6	Copenhagen=6	Copenhagen|n|1|1
copied	VERB=5	copied=5	
copies	NOUN=22	copies=18,Copies=1	
coping	NOUN=2,VERB=1	coping=3	coping|n|1|0
copious			copious|a|2|0
copper	NOUN=9	copper=9	copper|n|5|0;copper|v|1|0
copy	NOUN=42,VERB=15	copy=56	copy|n|4|0;copy|v|4|0
copying	NOUN=3,VERB=3,PROPN=1	copying=5,Copying=1	copying|n|1|0
copyright	NOUN=14,PROPN=2	copyright=12,Copyright=1	copyright|n|1|0;copyright|v|1|0
copyrighted	VERB=5	copyrighted=5	copyrighted|a|1|0
cora			Cora|n|1|1
coral	NOUN=3,ADJ=1	coral=4	coral|a|1|0;coral|n|4|0
corbett			Corbett|n|1|1
corbyn	PROPN=1	Corbyn=1	
cord	NOUN=1	cord=1	cord|n|4|0;cord|v|2|0
cordial			cordial|a|3|0;cordial|n|1|0
cordon	NOUN=1	cordon=1	cordon|n|3|0
cords			cords|n|1|0
core	NOUN=14,ADJ=5,PROPN=1	core=18,Core=2	CORE|n|1|0;core|n|9|0;core|v|1|0
corey	PROPN=2	Corey=2	
corinthians	PROPN=1	Corinthians=1	
cork	NOUN=5	cork=5	Cork|n|1|1;cork|n|4|0;cork|v|2|0
corn	NOUN=6	corn=4	corn|n|7|0;corn|v|2|0
cornell	PROPN=2	Cornell=2	Cornell|n|2|2
corner	NOUN=28	corner=28	corner|n|11|0;corner|v|3|0
cornered			cornered|a|1|0
corners	NOUN=9	corners=9	
cornerstone			cornerstone|n|3|0
cornish			Cornish|a|1|0;Cornish|n|2|0
cornwall			Cornwall|n|1|1
corny			corny|a|1|0
corolla			corolla|n|1|0
corona	PROPN=1	Corona=1	corona|n|7|0
coronary	ADJ=1	coronary=1	coronary|a|1|0;coronary|n|1|0
coronation			coronation|n|1|0
coronavirus	NOUN=3	coronavirus=3	coronavirus|n|1|0
coroner	NOUN=1	coroner=1	coroner|n|1|0
corp	PROPN=6	Corp=6	corp|n|1|0
corporal			corporal|a|2|0;corporal|n|1|0
corporate	ADJ=29,NOUN=2	corporate=24,Corporate=5	corporate|a|4|0
corporation	PROPN=8,NOUN=6	Corporation=8,corporation=6	corporation|n|2|0
corporations	NOUN=6	corporations=6	
corps	PROPN=7,NOUN=2	Corps=7,corps=2	corps|n|2|0
corpse	PROPN=1	Corpse=1	corpse|n|1|0
corpus	NOUN=6,PROPN=1	corpus=6,Corpus=1	corpus|n|3|0
correct	ADJ=58,VERB=5	correct=50,CORRECT=2	correct|a|4|0;correct|v|8|0
corrected	VERB=4	corrected=4	corrected|a|1|0
correcting	VERB=1	correcting=1	
correction	NOUN=6	correction=5	correction|n|7|0
correctional			correctional|a|1|0
corrections	NOUN=4	corrections=4	corrections|n|2|0
corrective			corrective|a|2|0;corrective|n|1|0
correctly	ADV=12	correctly=12	correctly|r|1|0
correctness	NOUN=1	correctness=1	correctness|n|2|0
correlate			correlate|a|1|0;correlate|n|1|0;correlate|v|2|0
correlated			correlated|a|1|0
correlation	NOUN=8	correlation=8	correlation|n|3|0
correspond	VERB=1	correspond=1	correspond|v|4|0
correspondence	NOUN=8,PROPN=1	correspondence=8,Correspondence=1	correspondence|n|5|0
correspondent	NOUN=1	correspondent=1	correspondent|a|1|0;correspondent|n|2|0
correspondents	NOUN=1		
corresponding	ADJ=2,VERB=1	corresponding=3	corresponding|a|3|0
corridor	NOUN=1	corridor=1	corridor|n|1|0
corridors	NOUN=1	corridors=1	
corrosion			corrosion|n|2|0
corrosive			corrosive|a|2|0;corrosive|n|1|0
corrugated	ADJ=1	corrugated=1	corrugated|a|1|0
corrupt	ADJ=3,VERB=1	corrupt=4	corrupt|a|4|0;corrupt|v|4|0
corrupted			corrupted|a|2|0
corruption	NOUN=2	corruption=2	corruption|n|6|0
cortex	NOUN=3	cortex=2,Cortex=1	cortex|n|3|0
cortez			Cortez|n|1|1
corvette			corvette|n|1|0
cory	NOUN=2,PROPN=1	Cory=2,cory=1	
cos	SCONJ=1,X=1	COS=1	cos|n|2|0
cosmetic	ADJ=1	cosmetic=1	cosmetic|a|2|0;cosmetic|n|1|0
cosmetics	NOUN=1	cosmetics=1	
cosmic	ADJ=4,PROPN=1	cosmic=3,Cosmic=2	cosmic|a|2|0
cosmopolitan	ADJ=3	cosmopolitan=3	cosmopolitan|a|3|0;cosmopolitan|n|1|0
cosmos	NOUN=3	cosmos=3	cosmos|n|2|0
cosplay	NOUN=3,PROPN=1	cosplay=2,Cosplay=1	cosplay|v|1|0
cost	NOUN=61,VERB=16,PROPN=1	cost=75,COST=1,Cost=1	cost|n|3|0;cost|v|2|0
costa			costa|n|2|0
costello	PROPN=1	Costello=1	
costing			costing|n|1|0
costly	ADJ=6	costly=5,Costly=1	costly|a|2|0
costs	NOUN=23,VERB=11	costs=32,COSTS=1,Costs=1	costs|n|1|0
costume			costume|n|4|0;costume|v|2|0
costumes	NOUN=2	costumes=2	
cosy	ADJ=1	cosy=1	cosy|a|1|0;cosy|n|1|0;cosy|s|2|0
cot			cot|n|3|0
cottage	NOUN=11,PROPN=1	cottage=9,Cottage=3	cottage|n|1|0
cottages	NOUN=4	cottages=4	
cotton	NOUN=9,PROPN=1	cotton=8,Cotton=1	cotton|n|4|0;cotton|v|1|0
couch	NOUN=16,PROPN=1	couch=16,Couch=1	couch|n|3|0;couch|v|1|0
cougar			cougar|n|1|0
cough	NOUN=4,VERB=1	cough=5	cough|n|1|0;cough|v|1|0
coughing	NOUN=1,VERB=1	coughing=2	coughing|n|1|0
could	AUX=604	could=581,Could=2,COULD=1	
coulter			coulter|n|1|0
council	PROPN=29,NOUN=4	Council=29,council=4	council|n|3|0
councillor	NOUN=2	councillor=2	councillor|n|1|0
councillors	NOUN=3	councillors=3	
councilman			councilman|n|1|0
councils	NOUN=1	councils=1	
counsel	NOUN=18,PROPN=1	counsel=13,Counsel=4	counsel|n|2|0;counsel|v|1|0
counseling	NOUN=4,PROPN=1	counseling=3,Counseling=2	counseling|n|1|0
counselling			counselling|n|1|0
counsellor			counsellor|n|3|0
counselor	NOUN=2	counselor=1	counselor|n|3|0
counselors	NOUN=1	Counselors=1	
count	VERB=12,NOUN=6,PROPN=1	count=18,Count=1	count|n|3|0;count|v|9|0
countdown	PROPN=3,NOUN=1	Countdown=3,countdown=1	countdown|n|1|0
counted	VERB=6	counted=6	
counter	NOUN=13,X=3,VERB=2	counter=18	counter|a|1|0;counter|n|9|0;counter|r|1|0;counter|v|2|0
counteract	VERB=1	counteract=1	counteract|v|4|0
counterfeit	ADJ=1	counterfeit=1	counterfeit|a|1|0;counterfeit|n|1|0;counterfeit|v|1|0
counterpart			counterpart|n|2|0
counterparts	NOUN=3	counterparts=3	
counterpoint			counterpoint|n|1|0;counterpoint|v|2|0
counters	NOUN=2	counters=2	
countess	PROPN=1	Countess=1	countess|n|1|0
counties	NOUN=5	counties=5	
counting	VERB=4,NOUN=1	counting=5	counting|n|1|0
countless	ADJ=8	countless=8	countless|a|1|0
countries	NOUN=86	countries=83	
country	NOUN=175,PROPN=4	country=171,Country=5	country|n|5|0
countrymen	NOUN=2	countrymen=2	
countryside	NOUN=5	countryside=5	countryside|n|1|0
counts	NOUN=7,VERB=1	counts=8	
county	PROPN=26,NOUN=15	County=25,county=15	county|n|2|0
coup	NOUN=14,X=1	coup=15	coup|n|2|0
coupe			coupe|n|1|0
couple	NOUN=93,ADJ=1,PROPN=1	couple=93,COUPLE=1,Couple=1	couple|n|5|0;couple|v|4|0
coupled	VERB=4,ADJ=1	coupled=5	coupled|a|2|0
couples	NOUN=4	couples=4	
coupling			coupling|n|3|0
coupon	NOUN=1	coupon=1	coupon|n|2|0
coupons	NOUN=8	coupons=8	
courage	NOUN=7,PROPN=1,X=1	courage=8	courage|n|1|0
courageous	ADJ=3	courageous=3	courageous|a|1|0
courier			courier|n|1|0
course	NOUN=127	course=125	course|n|9|0;course|r|1|0;course|v|3|0
courses	NOUN=15	courses=15	
court	NOUN=75,PROPN=57,VERB=1	court=70,Court=60,COURT=2	Court|n|1|1;court|n|9|0;court|v|3|0
courteous	ADJ=5	courteous=4	courteous|a|2|0
courtesy	NOUN=5	courtesy=4,Courtesy=1	courtesy|n|3|0
courthouse	NOUN=1	courthouse=1	courthouse|n|2|0
courting			courting|n|1|0
courtney	PROPN=3	Courtney=1	
courtroom	NOUN=3	courtroom=3	courtroom|n|1|0
courts	NOUN=8	courts=7,Courts=1	
courtship			courtship|n|1|0
courtyard	NOUN=3	courtyard=3	courtyard|n|1|0
cousin	NOUN=5	cousin=5	cousin|n|1|0
cousins	NOUN=4	cousins=4	
couture			couture|n|1|0
cove	NOUN=1	cove=1	cove|n|2|0
covenant	NOUN=4	covenant=4	covenant|n|2|0;covenant|v|2|0
coventry	PROPN=1	Coventry=1	Coventry|n|2|1
cover	VERB=29,NOUN=19	cover=44	cover|n|10|0;cover|v|26|0
coverage	NOUN=13	coverage=13	coverage|n|3|0
covered	VERB=21,ADJ=1	covered=22	covered|a|1|0
covering	VERB=7	covering=7	covering|n|5|0
covers	NOUN=5,VERB=5	covers=10	
covert	ADJ=4,VERB=1	covert=4	covert|a|2|0;covert|n|2|0
coveted			coveted|a|1|0
covid	PROPN=14	COVID=10,Covid=4	
cow	NOUN=5	cow=4,Cow=1	cow|n|3|0;cow|v|1|0
coward	NOUN=1	coward=1	Coward|n|1|1;coward|n|1|0
cowardice			cowardice|n|1|0
cowardly	ADJ=2	cowardly=2	cowardly|a|1|0
cowboy	NOUN=1	cowboy=1	cowboy|n|3|0
cowboys	PROPN=1	Cowboys=1	
coworkers	NOUN=1	coworkers=1	
cows	NOUN=3	cows=3	cows|n|1|0
cox	PROPN=3	Cox=3	Cox|n|1|0;cox|n|1|0;cox|v|1|0
coy			coy|a|3|0
coyote			coyote|n|3|0
coz	SCONJ=1	coz=1	
cozy	ADJ=8	cozy=7	cozy|a|3|0;cozy|n|1|0
cp	NOUN=3	CP=3	
cpa	PROPN=8,NOUN=3	CPA=10,cpa=1	CPA|n|1|0
cpi	NOUN=4	CPI=4	CPI|n|2|0
cpr			CPR|n|1|0
cps	NOUN=1,PROPN=1	CPS=2	cps|n|1|0
cpu			CPU|n|1|0
cr			Cr|n|1|0
crab	NOUN=8	crab=5,Crab=2	Crab|n|2|1;crab|n|5|0;crab|v|4|0
crabs	PROPN=1	Crabs=1	crabs|n|1|0
crack	NOUN=2,VERB=2,PROPN=1	crack=4,Crack=1	crack|a|1|0;crack|n|10|0;crack|v|13|0
crackdown	NOUN=2	crackdown=1	crackdown|n|1|0
cracked	VERB=3	cracked=3	cracked|a|3|0
cracker	NOUN=1,PROPN=1	Cracker=1,cracker=1	cracker|n|5|0
crackers			crackers|a|1|0
cracking	NOUN=1,VERB=1	cracking=2	cracking|a|1|0;cracking|n|3|0
cradle			cradle|n|4|0;cradle|v|6|0
craft	NOUN=7	craft=5,Craft=1	craft|n|5|0;craft|v|1|0
crafted	VERB=1	crafted=1	
crafting	VERB=1	crafting=1	
crafts	NOUN=2	crafts=2	
craftsman			craftsman|n|3|0
craftsmanship	NOUN=2	craftsmanship=2	craftsmanship|n|1|0
craftsmen	NOUN=1	craftsmen=1	
crafty			crafty|a|1|0
craig	PROPN=13	Craig=12	
cram	VERB=1	cram=1	cram|v|4|0
cramped	ADJ=3	cramped=3	cramped|a|1|0
cranberry			cranberry|n|2|0
crane	NOUN=4	crane=4	Crane|n|3|3;crane|n|2|0;crane|v|1|0
crank			crank|a|1|0;crank|n|4|0;crank|v|5|0
cranky			cranky|a|2|0
crap	NOUN=10,ADJ=1	crap=10	crap|n|2|0;crap|v|1|0
crappy	ADJ=6	crappy=6	crappy|a|1|0
crash	NOUN=10,VERB=4	crash=14	crash|n|5|0;crash|v|13|0
crashed	VERB=2	crashed=2	
crashes	VERB=2,NOUN=1	crashes=3	
crashing	VERB=1	crashing=1	crashing|a|1|0
crate	NOUN=7	crate=7	crate|n|2|0;crate|v|1|0
crater	PROPN=1	Crater=1	Crater|n|1|1;crater|n|2|0
crave	VERB=3	crave=3	crave|v|2|0
craven			craven|a|1|0;craven|n|1|0
craving	NOUN=3	craving=2,Craving=1	craving|n|1|0
cravings	NOUN=1	cravings=1	
crawford	PROPN=3	Crawford=3	Crawford|n|2|2
crawl	VERB=1	crawl=1	crawl|n|3|0;crawl|v|5|0
crawled	VERB=1	crawled=1	
crawling	VERB=2	crawling=2	crawling|n|1|0
craze			craze|n|3|0;craze|v|2|0
crazed	VERB=1	crazed=1	crazed|a|1|0
crazier	ADJ=1	crazier=1	
craziest	ADJ=1	craziest=1	
craziness			craziness|n|3|0
crazy	ADJ=15	crazy=12,CRAZY=2,Crazy=1	crazy|a|5|0;crazy|n|1|0
cream	NOUN=18,PROPN=2	cream=15,Cream=5	cream|n|3|0;cream|v|5|0
creams	NOUN=1,PROPN=1	creams=2	
creamy			creamy|a|2|0
crease	NOUN=1	crease=1	crease|n|3|0;crease|v|4|0
create	VERB=54	create=50,Create=1	create|v|6|0
created	VERB=48	created=48	
creates	VERB=11	creates=11	
creating	VERB=26	creating=25,Creating=1	
creation	NOUN=21	creation=21	Creation|n|1|1;creation|n|5|0
creations	NOUN=4	creations=4	
creative	ADJ=36,PROPN=3	creative=21,Creative=18	creative|a|2|0
creatively	ADV=2	creatively=2	creatively|r|1|0
creativity	NOUN=9,PROPN=1	creativity=9,Creativity=1	creativity|n|1|0
creator	NOUN=2,PROPN=2	Creator=2,creator=2	Creator|n|1|1;creator|n|1|0
creators	NOUN=1	creators=1	
creature	NOUN=3	creature=3	creature|n|3|0
creatures	NOUN=2	creatures=2	
credentials	NOUN=2	credentials=2	credentials|n|1|0
credibility	NOUN=3	credibility=2,Credibility=1	credibility|n|1|0
credible	ADJ=3	credible=3	credible|a|3|0
credit	NOUN=70,VERB=2	credit=49,Credit=14	credit|n|9|0;credit|v|4|0
credited	VERB=2	credited=2	credited|a|1|0
creditor	NOUN=1	creditor=1	creditor|n|1|0
creditors	NOUN=2	creditors=2	
credits			credits|n|1|0
creed			creed|n|2|0
creek	PROPN=8	Creek=8	Creek|n|1|0;creek|n|1|0
creep	NOUN=1	creep=1	creep|n|4|0;creep|v|4|0
creeping	VERB=2	creeping=2	creeping|n|1|0
creeps			creeps|n|2|0
creepy	ADJ=1	creepy=1	creepy|a|2|0
creme	ADJ=1	creme=1	
crept	VERB=3	crept=3	
crescent	PROPN=1	Crescent=1	crescent|a|1|0;crescent|n|1|0
crest	NOUN=3	crest=2	crest|n|5|0;crest|v|2|0
cretaceous			Cretaceous|a|1|0;Cretaceous|n|1|1;cretaceous|a|1|0
crete	PROPN=1	Crete=1	Crete|n|1|1
crew	NOUN=17,PROPN=1	crew=16,Crew=2	crew|n|4|0;crew|v|1|0
crews	NOUN=4	crews=4	
crib			crib|n|5|0;crib|v|3|0
cricket	NOUN=4,PROPN=1	cricket=4,Cricket=1	cricket|n|2|0;cricket|v|1|0
cricketer	NOUN=1	cricketer=1	cricketer|n|1|0
crickets	NOUN=4	crickets=3	
cried	VERB=8	cried=8	
cries	VERB=1	cries=1	
crime	NOUN=19	crime=18,Crime=1	crime|n|2|0
crimea	PROPN=1	Crimea=1	Crimea|n|1|1
crimes	NOUN=9	crimes=9	
criminal	ADJ=14,NOUN=4	criminal=13,Criminal=3	criminal|a|3|0;criminal|n|1|0
criminally			criminally|r|2|0
criminals	NOUN=2	criminals=2	
crimson			crimson|a|3|0;crimson|n|1|0;crimson|v|1|0
cringe			cringe|n|2|0;cringe|v|2|0
cripple	VERB=1	cripple=1	cripple|n|1|0;cripple|v|2|0
crippled	ADJ=1	crippled=1	crippled|a|1|0
crippling			crippling|a|1|0
crises	NOUN=1	crises=1	
crisis	NOUN=22	crisis=22	crisis|n|2|0
crisp	ADJ=4,NOUN=2	crisp=5	crisp|a|6|0;crisp|n|1|0;crisp|v|2|0
crispy	ADJ=1	crispy=1	crispy|a|1|0
criteria	NOUN=7	criteria=7	
criterion	NOUN=1	criterion=1	criterion|n|2|0
critic	NOUN=4,PROPN=1	critic=5	critic|n|3|0
critical	ADJ=21	critical=18,Critical=3	critical|a|7|0
critically	ADV=1	critically=1	critically|r|1|0
criticise			criticise|v|2|0
criticised	VERB=1	criticised=1	
criticising	VERB=1	criticising=1	
criticism	NOUN=11	criticism=11	criticism|n|3|0
criticize			criticize|v|2|0
criticized	VERB=4	criticized=4	
critics	NOUN=7,PROPN=1	critics=6,Critics=1	
critique			critique|n|2|0;critique|v|1|0
croatia	PROPN=4	Croatia=4	Croatia|n|1|1
croatian			Croatian|a|1|0;Croatian|n|1|0
crochet			crochet|n|1|0;crochet|v|2|0
crockett	PROPN=1	Crockett=1	Crockett|n|1|1
crocodile	NOUN=1	crocodile=1	crocodile|n|1|0
croft	PROPN=1	Croft=1	croft|n|1|0
cromwell			Cromwell|n|1|1
crook			crook|n|3|0;crook|v|1|0
crooked	ADJ=1	crooked=1	crooked|a|4|0
crooks	NOUN=2	crooks=2	
crop	NOUN=14	crop=14	crop|n|6|0;crop|v|6|0
cropped	VERB=1	cropped=1	cropped|a|1|0
crops	NOUN=12	crops=12	
crore			crore|n|1|0
crosby			Crosby|n|1|1
cross	PROPN=7,NOUN=6,VERB=6,ADV=1	cross=14,Cross=6	Cross|n|1|0;cross|a|2|0;cross|n|5|0;cross|v|8|0
crossed	VERB=10	crossed=9	crossed|a|2|0
crosses	VERB=2,NOUN=1	crosses=3	
crossing	VERB=5,NOUN=4	crossing=8	crossing|n|7|0
crossings	NOUN=1	crossings=1	
crossover			crossover|n|4|0
crossroads	NOUN=1	crossroads=1	crossroads|n|3|0
crossword	NOUN=1	crossword=1	crossword|n|1|0
crotch			crotch|n|3|0
crouch			crouch|n|1|0;crouch|v|2|0
crow	NOUN=1	crow=1	Crow|n|3|1;crow|n|3|0;crow|v|3|0
crowd	NOUN=17	crowd=17	crowd|n|2|0;crowd|v|4|0
crowded	ADJ=4,VERB=3	crowded=7	crowded|a|1|0
crowdfunding			crowdfunding|n|1|0
crowds	NOUN=9	crowds=8	
crowley	PROPN=1	CROWLEY=1	
crown	PROPN=3,NOUN=1	Crown=3,crown=1	Crown|n|1|0;crown|n|11|0;crown|v|4|0
crowned			crowned|a|3|0
crowning			crowning|a|2|0
crowns	NOUN=1	crowns=1	
crows	NOUN=1	crows=1	
crucial	ADJ=14	crucial=14	crucial|a|3|0
crucible	NOUN=1	crucible=1	crucible|n|1|0
crucifixion			Crucifixion|n|1|1;crucifixion|n|2|0
crude	NOUN=6,ADJ=5	crude=10	crude|a|6|0;crude|n|1|0
cruel	ADJ=10	cruel=9,CRUEL=1	cruel|a|1|0
cruelty	NOUN=3	cruelty=3	cruelty|n|3|0
cruise	NOUN=34,PROPN=6	cruise=33,Cruise=7	cruise|n|1|0;cruise|v|4|0
cruiser			cruiser|n|3|0
cruises	NOUN=9,PROPN=1	cruises=10	
crumble	VERB=1	crumble=1	crumble|v|3|0
crumbling	VERB=3	crumbling=3	
crumbs	NOUN=1	crumbs=1	
crunch	NOUN=1	crunch=1	crunch|n|3|0;crunch|v|4|0
crunchy	ADJ=1	crunchy=1	
crusade	NOUN=1	crusade=1	Crusade|n|1|0;crusade|n|1|0;crusade|v|2|0
crusader	NOUN=1	crusader=1	Crusader|n|1|0;crusader|n|1|0
crush	NOUN=2	crush=2	crush|n|4|0;crush|v|8|0
crushed	VERB=6	crushed=5	crushed|a|2|0
crusher			crusher|n|1|0
crushes	VERB=1	crushes=1	
crushing	VERB=5	crushing=5	crushing|a|1|0;crushing|n|1|0
crust	NOUN=2,PROPN=1	crust=2,Crust=1	crust|n|3|0;crust|v|1|0
cruz	PROPN=1	Cruz=1	
cry	VERB=7,NOUN=4,PROPN=1	cry=10,CRY=1,Cry=1	cry|n|5|0;cry|v|7|0
crying	VERB=3	crying=3	crying|a|2|0;crying|n|1|0
crypt			crypt|n|1|0
cryptic			cryptic|a|3|0
crypto	NOUN=1	crypto=1	
cryptocurrency			cryptocurrency|n|1|0
crystal	PROPN=2,NOUN=1	Crystal=2,crystal=1	crystal|n|6|0
crystalline			crystalline|a|3|0
cs			Cs|n|1|0
csa	NOUN=1	CSA=1	
css	PROPN=2	CSS=2	
ct	NOUN=1	CT=1	CT|n|2|1
cu			Cu|n|1|0
cub			cub|n|3|0;cub|v|1|0
cuba	PROPN=11	Cuba=11	Cuba|n|2|2
cuban	ADJ=12	Cuban=10,cuban=1	Cuban|a|1|0;Cuban|n|1|0
cube	NOUN=1	cube=1	cube|n|5|0;cube|v|2|0
cubes	NOUN=2	Cubes=1,cubes=1	
cubic	ADJ=1	cubic=1	cubic|a|2|0
cuckoo	NOUN=1	cuckoo=1	cuckoo|n|2|0;cuckoo|v|1|0
cucumber	PROPN=1	Cucumber=1	cucumber|n|2|0
cuddle			cuddle|n|1|0;cuddle|v|2|0
cuddling			cuddling|n|1|0
cuddly	ADJ=2	cuddly=2	cuddly|a|1|0
cue	NOUN=1	cue=1	cue|n|4|0;cue|v|1|0
cues	NOUN=1	cues=1	
cuff			cuff|n|2|0;cuff|v|3|0
cuffs	NOUN=1	cuffs=1	
cuisine	NOUN=6	cuisine=5,CUISINE=1	cuisine|n|1|0
culinary	ADJ=3	culinary=3	culinary|a|1|0
cullen	PROPN=3	Cullen=2	
culminating	VERB=2	culminating=2	
culmination			culmination|n|4|0
culprit	NOUN=1	culprit=1	culprit|n|1|0
cult	NOUN=2	cult=2	cult|n|5|0
cultivate	VERB=1	cultivate=1	cultivate|v|4|0
cultivated			cultivated|a|3|0
cultivating	VERB=1	cultivating=1	
cultivation			cultivation|n|5|0
cults	NOUN=1	cults=1	
cultural	ADJ=62	cultural=60,Cultural=1	cultural|a|4|0
culturally	ADV=4	culturally=4	culturally|r|1|0
culture	NOUN=71,PROPN=6	culture=70,Culture=6	culture|n|7|0;culture|v|1|0
cultured			cultured|a|1|0
cultures	NOUN=13	cultures=13	
cum	X=1	cum=1	cum|n|1|0
cumberland			Cumberland|n|2|2
cumbersome			cumbersome|a|2|0
cumbria	PROPN=1	Cumbria=1	Cumbria|n|2|2
cummings			cummings|n|1|1
cumulative			cumulative|a|1|0
cunning			cunning|a|3|0;cunning|n|2|0
cunningham			Cunningham|n|1|1
cunt			cunt|n|2|0
cup	NOUN=19,PROPN=12	cup=19,Cup=12	cup|n|8|0;cup|v|3|0
cupboard			cupboard|n|1|0
cupcake	NOUN=11	cupcake=11	cupcake|n|1|0
cupcakes	NOUN=17	cupcakes=10,Cupcakes=7	
cupid			Cupid|n|1|1;cupid|n|1|0
cups	NOUN=8,PROPN=1	cups=8,Cups=1	
curated	VERB=2	curated=2	
curator	NOUN=6	curator=6	curator|n|1|0
curb	NOUN=3,VERB=3	curb=6	Curb|n|1|1;curb|n|3|0;curb|v|3|0
cure	NOUN=4,VERB=4	cure=7	cure|n|1|0;cure|v|4|0
cured	VERB=3	cured=3	cured|a|6|0
cures	VERB=3,PROPN=1	CURES=1	
curfew	NOUN=1	curfew=1	curfew|n|3|0
curing			curing|n|1|0
curiosity	NOUN=1	curiosity=1	curiosity|n|2|0
curious	ADJ=11	curious=11	curious|a|2|0
curiously	ADV=1	curiously=1	curiously|r|2|0
curl	PROPN=3,NOUN=1	Curl=2,curl=2	Curl|n|1|1;curl|n|2|0;curl|v|5|0
curled	VERB=2	curled=2	curled|a|1|0
curling			curling|a|1|0;curling|n|1|0
curly	ADJ=1	curly=1	curly|a|1|0
currency	NOUN=22	Currency=11,currency=10	currency|n|3|0
current	ADJ=56,NOUN=1	current=54	current|a|1|0;current|n|3|0
currently	ADV=61	currently=51	currently|r|1|0
currents	NOUN=4	currents=4	
curriculum	NOUN=3	curriculum=3	curriculum|n|1|0
curry	NOUN=5,PROPN=1	curry=3,Curry=2	curry|n|1|0;curry|v|3|0
curse	NOUN=6,VERB=1	CURSE=4,curse=3	curse|n|5|0;curse|v|4|0
cursed	VERB=2	CURSED=1,cursed=1	cursed|a|2|0
cursor	NOUN=3	cursor=3	cursor|n|1|0
curt			curt|a|2|0
curtain	NOUN=2	curtain=2	curtain|n|2|0;curtain|v|1|0
curtains	NOUN=3	curtains=3	
curtis			Curtis|n|1|1
curvature			curvature|n|3|0
curve	NOUN=3,PROPN=1,VERB=1	curve=4,Curve=1	curve|n|5|0;curve|v|5|0
curved	ADJ=1	curved=1	curved|a|1|0
curves	NOUN=9,VERB=1	curves=10	
curvy			curvy|a|2|0
cushion			cushion|n|3|0;cushion|v|1|0
cushions	NOUN=1	cushions=1	
custard			custard|n|1|0
custodial			custodial|a|1|0
custodian			custodian|n|1|0
custody	NOUN=2	custody=2	custody|n|3|0
custom	ADJ=6,NOUN=6	custom=11,Custom=1	custom|a|1|0;custom|n|4|0
customary	ADJ=1	customary=1	customary|a|2|0
customer	NOUN=73	customer=66,Customer=6	customer|n|1|0
customers	NOUN=49	customers=47,Customers=1	
customize	VERB=3	customize=3	customize|v|2|0
customs	NOUN=16	customs=15	customs|n|1|0
cut	VERB=54,NOUN=12,ADJ=1	cut=64,Cut=1	cut|a|9|0;cut|n|20|0;cut|v|41|0
cute	ADJ=18	cute=16	cute|a|2|0
cutie	NOUN=1	cutie=1	
cutler			cutler|n|1|0
cutoff	NOUN=2	cutoff=2	cutoff|n|3|0
cuts	NOUN=7,VERB=4	cuts=11	
cutter	NOUN=2	cutter=2	cutter|n|6|0
cutting	VERB=11,NOUN=4	cutting=15	cutting|a|3|0;cutting|n|10|0
cuz	SCONJ=4	cuz=3	
cv	NOUN=1	CV=1	CV|n|1|0;cv|a|1|0
cw	PROPN=1	CW=1	
cx			cx|a|1|0
cyanide	NOUN=1	cyanide=1	cyanide|n|2|0
cyber	ADJ=2	cyber=2	
cyborg	NOUN=1	cyborg=1	cyborg|n|1|0
cycle	NOUN=20,PROPN=2	cycle=20,Cycle=2	cycle|n|6|0;cycle|v|5|0
cycles	NOUN=2	cycles=2	
cyclic			cyclic|a|5|0
cyclical			cyclical|a|1|0
cycling	VERB=2,NOUN=1	cycling=3	cycling|n|1|0
cyclist			cyclist|n|1|0
cyclone	NOUN=7,PROPN=5	cyclone=7,Cyclone=4	cyclone|n|2|0
cyclops			Cyclops|n|1|0;cyclops|n|1|0
cylinder			cylinder|n|4|0
cylinders	NOUN=1	cylinders=1	
cylindrical			cylindrical|a|1|0
cynical	ADJ=2	cynical=2	cynical|a|1|0
cynicism			cynicism|n|1|0
cynthia	PROPN=1		Cynthia|n|1|1
cypress	PROPN=1	Cypress=1	cypress|n|2|0
cyprus			Cyprus|n|2|2
cyril			Cyril|n|1|0
cyrus	PROPN=1	Cyrus=1	Cyrus|n|1|1
cyst			cyst|n|2|0
czech	ADJ=5,PROPN=2	Czech=7	Czech|a|1|0;Czech|n|3|0
czechoslovakia	PROPN=1	Czechoslovakia=1	Czechoslovakia|n|1|1
da	PROPN=4,NOUN=2,DET=1	da=4,DA=2,Da=1	DA|n|1|0
dab	PROPN=8,ADV=1,NOUN=1	DAB=7,dab=1	dab|n|3|0;dab|v|4|0
dad	NOUN=38,PROPN=1	dad=27,Dad=10,DAD=1	dad|n|1|0
daddy	NOUN=1,PROPN=1	Daddy=1,daddy=1	daddy|n|1|0
dads	NOUN=1	dads=1	
daft			daft|a|1|0
dagger	PROPN=1	Dagger=1	dagger|n|2|0
dah	INTJ=1	dah=1	dah|n|1|0
dahl			dahl|n|2|0
daily	ADJ=42,ADV=13,PROPN=3,NOUN=2	daily=48,Daily=9,DAILY=1	daily|a|2|0;daily|n|1|0;daily|r|2|0
dairy	NOUN=2	dairy=2	dairy|n|1|0
daisy	NOUN=1,PROPN=1	daisy=1	daisy|n|1|0
dak			dak|n|1|0
dakota	PROPN=4	Dakota=3,DAKOTA=1	Dakota|n|3|1
dal			dal|n|1|0
dale	PROPN=7,NOUN=1	Dale=3	dale|n|1|0
dallas	PROPN=10	Dallas=9	Dallas|n|1|1
dalton	PROPN=11	Dalton=10	Dalton|n|1|1
daly	PROPN=2	Daly=1	
dam			dam|n|3|0;dam|v|1|0
damage	NOUN=27,VERB=2	damage=28	damage|n|5|0;damage|v|2|0
damaged	VERB=4,ADJ=1	damaged=5	damaged|a|2|0
damages	NOUN=2	damages=2	damages|n|1|0
damaging	ADJ=2,VERB=2	damaging=4	damaging|a|2|0
damascus	PROPN=4	Damascus=3	Damascus|n|1|1
dame	PROPN=5	Dame=4	dame|n|2|0
dammit	INTJ=1	dammit=1	
damn	ADV=5,INTJ=2,NOUN=2	damn=9	damn|a|2|0;damn|n|1|0;damn|r|1|0;damn|v|1|0
damned	ADJ=2,ADV=1	damned=2	damned|a|2|0;damned|n|1|0;damned|r|1|0
damning	ADJ=1	damning=1	damning|a|1|0
damon	PROPN=1	Damon=1	Damon|n|1|1
damp	ADJ=6	damp=6	damp|a|1|0;damp|n|1|0;damp|v|4|0
dan	PROPN=23	Dan=19	
dana			Dana|n|1|1
dance	NOUN=19,VERB=10,PROPN=2	dance=25,Dance=5	dance|n|4|0;dance|v|3|0
danced	VERB=3	danced=3	
dancer	NOUN=2	dancer=2	dancer|n|2|0
dancers	NOUN=3	dancers=3	
dances	NOUN=1,PROPN=1,VERB=1	dances=2,Dances=1	
dancing	VERB=11,NOUN=6,PROPN=1	dancing=15,DANCING=1,Dancing=1	dancing|n|1|0
dandy	NOUN=1	dandy=1	dandy|a|1|0;dandy|n|2|0
dane			Dane|n|1|0
danger	NOUN=12	danger=10,DANGER=1	danger|n|4|0
dangerous	ADJ=39	dangerous=39	dangerous|a|2|0
dangerously	ADV=2	dangerously=2	dangerously|r|1|0
dangers	NOUN=3	dangers=3	
dangling			dangling|n|1|0
daniel	PROPN=29	Daniel=15	Daniel|n|3|2
daniels	PROPN=5	Daniels=3	
danish	ADJ=5,PROPN=3	Danish=8	Danish|a|1|0;Danish|n|1|0;danish|n|1|0
dank			dank|a|2|0
danny	PROPN=5	Danny=2	
dante	PROPN=1	Dante=1	Dante|n|1|1
danube			Danube|n|1|1
daphne			Daphne|n|1|0;daphne|n|1|0
dar	PROPN=2	Dar=2	
dare	VERB=3	dare=3	dare|n|1|0;dare|v|3|0
dared	VERB=2	dared=2	
daredevil			daredevil|a|1|0;daredevil|n|1|0
daring	ADJ=1,VERB=1	daring=2	daring|a|2|0;daring|n|2|0
darius	PROPN=1	Darius=1	
dark	ADJ=30,NOUN=4	dark=29,Dark=3	dark|a|10|0;dark|n|5|0
darkened	VERB=1	darkened=1	darkened|a|2|0
darker	ADJ=6	darker=6	
darkest	ADJ=2	darkest=2	
darkness	NOUN=4	darkness=4	darkness|n|6|0
darling			Darling|n|1|1;darling|a|1|0;darling|n|2|0
darn	NOUN=2,INTJ=1	darn=2	darn|n|2|0;darn|v|1|0
darrell	PROPN=5	Darrell=1	
darren	PROPN=2	Darren=2	
dart	VERB=1	dart=1	dart|n|3|0;dart|v|3|0
dartmouth	PROPN=3	Dartmouth=3	Dartmouth|n|1|1
darts			darts|n|1|0
darwin			Darwin|n|2|2
das			das|n|1|0
dash	NOUN=1,VERB=1	dash=2	dash|n|6|0;dash|v|6|0
dashboard			dashboard|n|2|0
dashed	VERB=1	dashed=1	dashed|a|1|0
dashing			dashing|a|2|0
dat	DET=1		DAT|n|1|0
data	NOUN=95	data=92,Data=2	data|n|1|0
database	NOUN=12	database=12	database|n|1|0
databases	NOUN=3	databases=3	
date	NOUN=83,PROPN=1,VERB=1	date=67,Date=11,DATE=1	date|n|7|0;date|v|5|0
dated	VERB=13,ADJ=1	dated=14	dated|a|1|0
dates	NOUN=15,VERB=3	dates=18	
dating	NOUN=13,VERB=5	dating=18	dating|n|1|0
daughter	NOUN=33	daughter=32,DAUGHTER=1	daughter|n|1|0
daughters	NOUN=5,PROPN=1	daughters=5,Daughters=1	
daunting	ADJ=1	daunting=1	daunting|a|1|0
dave	PROPN=15	Dave=8	
davenport			Davenport|n|1|1;davenport|n|2|0
davey	PROPN=1	Davey=1	
david	PROPN=50	David=32,david=2	David|n|3|3
davidson	PROPN=2	Davidson=2	
davies	PROPN=1	Davies=1	
davis	PROPN=12	Davis=10	Davis|n|6|6
davy	PROPN=1	Davy=1	Davy|n|1|1
daw			daw|n|1|0
dawn	NOUN=2,PROPN=2	dawn=2,Dawn=1	dawn|n|3|0;dawn|v|3|0
dawson	PROPN=1	Dawson=1	Dawson|n|1|1
day	NOUN=400,PROPN=15,X=3	day=396,Day=18,DAY=3	Day|n|1|1;day|n|9|0
daycare	NOUN=3	daycare=3	daycare|n|1|0
daylight			daylight|n|2|0
days	NOUN=216,PROPN=3	days=211,Days=4,DAYS=3	days|n|1|0
daytime	NOUN=3	daytime=3	daytime|n|1|0
dayton			Dayton|n|1|1
dazed			dazed|a|2|0
dazzling	ADJ=1,VERB=1	Dazzling=1,dazzling=1	dazzling|a|2|0
db	PROPN=4	DB=4	Db|n|1|0;dB|n|1|0
dc	PROPN=9	DC=9	DC|n|2|1
dd	PROPN=3	DD=2,dD=1	DD|n|1|0
de	PROPN=38,X=13	de=44,De=7	DE|n|1|1
dea			DEA|n|1|0
deacon	NOUN=1	Deacon=1	deacon|n|2|0
dead	ADJ=60,ADV=1,NOUN=1,PROPN=1	dead=60,Dead=2	dead|a|17|0;dead|n|2|0;dead|r|2|0
deadliest	ADJ=1	deadliest=1	
deadline	NOUN=5	deadline=5	deadline|n|1|0
deadlines	NOUN=1	deadlines=1	
deadly	ADJ=6,ADV=1	deadly=7	deadly|a|6|0;deadly|r|2|0
deaf	ADJ=2	deaf=2	deaf|a|2|0;deaf|n|1|0;deaf|v|1|0
deal	NOUN=85,VERB=35	deal=112,DEAL=4,Deal=3	deal|n|9|0;deal|v|13|0
dealer	NOUN=14,PROPN=2	dealer=12,Dealer=3,DEALER=1	dealer|n|5|0
dealers	NOUN=1	dealers=1	
dealership	NOUN=8	dealership=8	dealership|n|1|0
dealing	VERB=16,NOUN=2	dealing=18	dealing|n|2|0
dealings			dealings|n|3|0
deals	NOUN=23,VERB=3	deals=25,Deals=1	
dealt	VERB=10	dealt=9,Dealt=1	
dean	PROPN=13,NOUN=2	Dean=13,dean=2	Dean|n|1|1;dean|n|3|0
dear	ADJ=37,NOUN=1	dear=8,Dear=1	dear|a|4|0;dear|n|2|0;dear|r|2|0
dearest			dearest|n|1|0
dearly			dearly|r|3|0
death	NOUN=92	death=91,Death=1	Death|n|1|1;death|n|7|0
deaths	NOUN=12	deaths=12	
deb	PROPN=6	Deb=4	deb|n|1|0
debacle			debacle|n|3|0
debatable			debatable|a|3|0
debate	NOUN=14,VERB=1	debate=15	debate|n|2|0;debate|v|4|0
debated	VERB=4	debated=4	
debates	NOUN=3,VERB=1	debates=4	
debating	VERB=1	debating=1	
debbie	PROPN=12	Debbie=11	
debilitating			debilitating|a|1|0
debit	NOUN=1	debit=1	debit|n|1|0;debit|v|1|0
deborah	PROPN=1	deborah=1	
debra	PROPN=25	Debra=1	
debris	NOUN=6	debris=6	debris|n|1|0
debt	NOUN=7	debt=7	debt|n|3|0
debts	NOUN=4	debts=4	
debut	NOUN=6	debut=6	debut|n|2|0;debut|v|3|0
debuted	VERB=2	debuted=2	
dec	PROPN=3,ADJ=1	Dec=3,dec=1	Dec|n|1|0;dec|n|1|0
decade	NOUN=21	decade=21	decade|n|2|0
decades	NOUN=36	decades=36	
decatur			Decatur|n|3|3
decay	PROPN=2	Decay=2	decay|n|5|0;decay|v|3|0
deceased			deceased|a|1|0;deceased|n|1|0
deceit	NOUN=1	deceit=1	deceit|n|3|0
deceive	VERB=1	deceive=1	deceive|v|2|0
deceiving	VERB=2	deceiving=2	
december	PROPN=31	December=30,december=1	December|n|1|0
decency			decency|n|2|0
decent	ADJ=18	decent=16,DECENT=1	decent|a|6|0;decent|r|1|0
decentralized	VERB=2,ADJ=1	decentralized=3	decentralized|a|1|0
deception	NOUN=4	deception=4	deception|n|3|0
deceptive	ADJ=1	deceptive=1	deceptive|a|2|0
decide	VERB=35	decide=33	decide|v|4|0
decided	VERB=61,NOUN=1	decided=62	decided|a|1|0
decidedly			decidedly|r|1|0
decides	VERB=2	decides=2	
deciding	VERB=2	deciding=2	deciding|a|1|0;deciding|n|1|0
decimal			decimal|a|1|0;decimal|n|2|0
decipher			decipher|v|2|0
decision	NOUN=59	decision=58,Decision=1	decision|n|5|0
decisions	NOUN=44	decisions=42,Decisions=2	
decisive	ADJ=3	decisive=3	decisive|a|4|0
decisively	ADV=2	decisively=2	decisively|r|3|0
deck	NOUN=8	deck=8	deck|n|4|0;deck|v|3|0
decker			Decker|n|1|1;decker|n|1|0
decks	NOUN=1	decks=1	
declaration	NOUN=11,PROPN=5	Declaration=13,declaration=3	declaration|n|6|0
declarations	NOUN=4	declarations=4	
declare	VERB=7	declare=7	declare|v|8|0
declared	VERB=16	declared=16	declared|a|2|0
declares	VERB=2	declares=1	
declaring	VERB=5	declaring=5	
decline	NOUN=14,VERB=8	decline=22	decline|n|4|0;decline|v|7|0
declined	VERB=7	declined=7	
declines	NOUN=2,VERB=2	declines=4	
declining	VERB=5	declining=5	
deco	PROPN=3	Deco=2	deco|n|1|0
decomposition			decomposition|n|5|0
decor	NOUN=6,PROPN=2	decor=6,DECOR=1,Decor=1	decor|n|1|0
decorate			decorate|v|4|0
decorated	VERB=4	decorated=4	decorated|a|1|0
decorating	VERB=1	decorating=1	
decoration	NOUN=1	decoration=1	decoration|n|3|0
decorative			decorative|a|1|0
decrease	NOUN=4,VERB=4	decrease=7,Decrease=1	decrease|n|4|0;decrease|v|2|0
decreased	VERB=2	decreased=2	decreased|a|1|0
decreases	VERB=1	decreases=1	
decreasing	VERB=2	decreasing=2	decreasing|a|2|0
decree	NOUN=4,PROPN=1	decree=3,Decree=2	decree|n|1|0;decree|v|2|0
decreed			decreed|a|1|0
dedicate			dedicate|v|4|0
dedicated	ADJ=7,VERB=6	dedicated=13	dedicated|a|2|0
dedication	NOUN=7	dedication=7	dedication|n|5|0
deduct	VERB=1	deduct=1	deduct|v|3|0
deducted	VERB=3	deducted=3	
deductible			deductible|a|1|0;deductible|n|2|0
deduction	NOUN=1	deduction=1	deduction|n|6|0
deductions	NOUN=3	deductions=3	
dee	PROPN=2		
deed	NOUN=2,X=1	deed=3	deed|n|2|0
deeds	NOUN=5	deeds=5	deeds|n|1|0
deem	VERB=1	deem=1	deem|v|1|0
deemed	VERB=7	deemed=5,Deemed=2	
deems	VERB=1	deems=1	
deep	ADJ=32,ADV=8,PROPN=1	deep=38,Deep=2	deep|a|15|0;deep|n|3|0;deep|r|3|0
deepen	VERB=2	deepen=2	deepen|v|4|0
deepening	NOUN=1	deepening=1	deepening|a|1|0;deepening|n|1|0
deeper	ADJ=4,ADV=1	deeper=5	
deepest	ADJ=1	deepest=1	
deeply	ADV=17	deeply=17	deeply|r|2|0
deer	NOUN=4,PROPN=1	deer=4,Deer=1	deer|n|1|0
def	ADV=2	def=1	
defamation	NOUN=1	defamation=1	defamation|n|2|0
default	NOUN=8	default=7,Default=1	default|n|4|0;default|v|1|0
defaults	NOUN=2	defaults=2	
defeat	NOUN=3,VERB=3	defeat=6	defeat|n|2|0;defeat|v|2|0
defeated	VERB=12	defeated=12	defeated|a|2|0;defeated|n|1|0
defeating	VERB=1	defeating=1	
defeats	VERB=3	defeats=3	
defect	NOUN=1	defect=1	defect|n|4|0;defect|v|1|0
defective	ADJ=1	defective=1	defective|a|3|0
defects	NOUN=3	defects=3	
defence	PROPN=5,NOUN=4	Defence=6,defence=3	defence|n|11|0
defend	VERB=9	defend=7,Defend=2	defend|v|7|0
defendant	NOUN=17	defendant=17	defendant|n|1|0
defendants	NOUN=5	defendants=5	
defended	VERB=5	defended=5	
defender	NOUN=1	defender=1	defender|n|2|0
defenders	NOUN=3	defenders=3	
defending	VERB=4	defending=4	defending|a|1|0
defense	NOUN=41,PROPN=12	defense=41,Defense=12	Defense|n|1|0;defense|n|11|0
defensive	ADJ=6	defensive=6	defensive|a|2|0;defensive|n|1|0
defensively			defensively|r|2|0
defer	VERB=5	defer=5	defer|v|2|0
deferred	VERB=1	Deferred=1	
defiance	NOUN=1	defiance=1	defiance|n|3|0
defiant			defiant|a|1|0
deficiency	NOUN=13,PROPN=1	deficiency=13,Deficiency=1	deficiency|n|2|0
deficient	ADJ=3	deficient=3	deficient|a|3|0
deficit	NOUN=4	deficit=4	deficit|n|4|0
defied	VERB=1	defied=1	
define	VERB=11	define=11	define|v|5|0
defined	VERB=20	defined=20	defined|a|2|0
defines	VERB=2	defines=2	
defining	VERB=9,ADJ=4,PROPN=1	defining=13,Defining=1	defining|n|1|0
definite	ADJ=4	Definite=2,definite=2	definite|a|2|0
definitely	ADV=70	definitely=63,DEFINITELY=1	definitely|r|1|0
definition	NOUN=20,PROPN=1	definition=20,Definition=1	definition|n|2|0
definitions	NOUN=5	definitions=5	
definitive	ADJ=2	definitive=2	definitive|a|3|0
definitively	ADV=1	definitively=1	
deflect	VERB=1	deflect=1	deflect|v|5|0
deflection			deflection|n|5|0
deforestation			deforestation|n|2|0
deformation			deformation|n|3|0
deformed	ADJ=1	deformed=1	deformed|a|1|0
defunct	ADJ=1	defunct=1	defunct|a|2|0
defy	VERB=1	defy=1	defy|v|3|0
degenerate	ADJ=4,NOUN=1	degenerate=4,Degenerate=1	degenerate|a|1|0;degenerate|n|1|0;degenerate|v|1|0
degeneration	PROPN=1	Degeneration=1	degeneration|n|3|0
degradation			degradation|n|2|0
degrade	VERB=1	degrade=1	degrade|v|3|0
degraded			degraded|a|2|0
degrading			degrading|a|2|0
degree	NOUN=27,PROPN=1	degree=27,Degree=1	degree|n|7|0
degrees	NOUN=18	degrees=18	
dehydrated	ADJ=4	dehydrated=4	dehydrated|a|2|0
dehydration			dehydration|n|3|0
deities	NOUN=2	deities=2	
deity	NOUN=1	deity=1	deity|n|1|0
del	PROPN=6,X=4	Del=6,del=4	
delaware	PROPN=3	Delaware=2,delaware=1	Delaware|n|5|3
delay	NOUN=9,VERB=1	delay=10	delay|n|2|0;delay|v|4|0
delayed	VERB=6,ADJ=1	delayed=7	delayed|a|1|0
delays	NOUN=4,VERB=1	delays=5	
delegate	NOUN=1	delegate=1	delegate|n|1|0;delegate|v|2|0
delegates	NOUN=5	delegates=5	
delegation	NOUN=2	delegation=2	delegation|n|2|0
delete	VERB=14	delete=13,Delete=1	delete|v|3|0
deleted	VERB=5	deleted=5	
deleting	VERB=1		
deletion			deletion|n|4|0
delhi	PROPN=29	Delhi=23,delhi=4,DELHI=1	Delhi|n|1|1
deli	PROPN=3,NOUN=2	deli=5	deli|n|1|0
deliberate	ADJ=6	deliberate=6	deliberate|a|3|0;deliberate|v|2|0
deliberately	ADV=9	deliberately=9	deliberately|r|2|0
delicacy	NOUN=1	delicacy=1	delicacy|n|7|0
delicate	ADJ=4	delicate=4	delicate|a|7|0
delicious	ADJ=21	delicious=21	Delicious|n|1|0;delicious|a|2|0
delight	NOUN=3,PROPN=2	delight=3,Delight=2	delight|n|2|0;delight|v|3|0
delighted	ADJ=3,VERB=1	delighted=4	delighted|a|2|0
delightful	ADJ=3	delightful=2	delightful|a|1|0
delights	NOUN=2	delights=2	
delinquent	ADJ=1	delinquent=1	delinquent|a|3|0;delinquent|n|1|0
deliver	VERB=18	deliver=18	deliver|v|12|0
delivered	VERB=21	delivered=21	
deliveries	NOUN=2	deliveries=2	
delivering	VERB=2	delivering=2	
delivers	VERB=1	delivers=1	
delivery	NOUN=36,PROPN=4	delivery=33,Delivery=6	delivery|n|7|0
dell	PROPN=1	DELL=1	dell|n|1|0
della	PROPN=1	della=1	
delta	PROPN=7,NOUN=3	Delta=5,delta=5	delta|n|3|0
deluded	VERB=1	deluded=1	
delusion			delusion|n|3|0
delusional			delusional|a|1|0
deluxe			deluxe|a|2|0
delve			delve|v|1|0
demand	NOUN=14,VERB=10	demand=23,Demand=1	demand|n|5|0;demand|v|6|0
demanded	VERB=8	demanded=8	
demanding	VERB=10	demanding=10	demanding|a|1|0
demands	NOUN=4,VERB=2	demands=5,DEMANDS=1	
demeanor			demeanor|n|1|0
dementia	NOUN=1	dementia=1	dementia|n|1|0
demise	NOUN=2	demise=2	demise|n|1|0;demise|v|1|0
demo	NOUN=3	demo=3	demo|n|1|0;demo|v|1|0
democracy	NOUN=45,PROPN=2	democracy=45,Democracy=2	democracy|n|3|0
democrat	PROPN=4,NOUN=3,ADJ=1	Democrat=4,democrat=4	Democrat|n|1|0;democrat|n|1|0
democratic	ADJ=36	Democratic=26,democratic=10	Democratic|a|1|0;democratic|a|2|0
democratically	ADV=1	democratically=1	democratically|r|1|0
democrats	PROPN=12	Democrats=9,democrats=2	
demographic	ADJ=3	demographic=2	demographic|a|1|0;demographic|n|1|0
demolish			demolish|v|4|0
demolished	VERB=1	demolished=1	demolished|a|1|0
demolition			demolition|n|2|0
demon	NOUN=1	demon=1	demon|n|3|0
demonic			demonic|a|1|0
demons	NOUN=4	demons=4	
demonstrate	VERB=12	demonstrate=12	demonstrate|v|4|0
demonstrated	VERB=8	demonstrated=8	demonstrated|a|1|0
demonstrates	VERB=4	demonstrates=4	
demonstrating	VERB=1	demonstrating=1	
demonstration	NOUN=5	demonstration=5	demonstration|n|5|0
demonstrations	NOUN=4	demonstrations=4	
demonstrators	NOUN=2	demonstrators=2	
dempsey	NOUN=2,PROPN=1	Dempsey=2,dempsey=1	Dempsey|n|1|1
dems	PROPN=1	Dems=1	
den	NOUN=1	den=1	den|n|4|0
deng	PROPN=1	Deng=1	
denial	NOUN=5	denial=4	denial|n|5|0
denied	VERB=16	denied=16	
denies	VERB=1	denies=1	
denim	NOUN=1	denim=1	denim|n|2|0
denis	PROPN=3	Denis=1	
denise	PROPN=5	DENISE=1	
denmark	PROPN=9	Denmark=9	Denmark|n|1|1
dennis	PROPN=6	Dennis=6	
denny	PROPN=1	denny=1	
denomination	NOUN=1	denomination=1	denomination|n|3|0
denominator	NOUN=1	denominator=1	denominator|n|1|0
denote	VERB=2	denote=2	denote|v|3|0
denoted	VERB=1	denoted=1	
denounce			denounce|v|4|0
dense	ADJ=2	dense=2	dense|a|5|0
densely	ADV=1	densely=1	densely|r|2|0
density	NOUN=3	density=3	density|n|2|0
dent	NOUN=1	dent=1	dent|n|3|0;dent|v|1|0
dental	ADJ=9	dental=7,Dental=2	dental|a|2|0;dental|n|1|0
dentist	NOUN=15	dentist=12,DENTIST=1,Dentist=1	dentist|n|1|0
dentistry	NOUN=1,PROPN=1	Dentistry=2	dentistry|n|1|0
dentists	NOUN=2	dentists=2	
denton	PROPN=5	Denton=5	
denver	PROPN=1	Denver=1	Denver|n|1|1
deny	VERB=13	deny=13	deny|v|7|0
denying	VERB=3,NOUN=1	denying=4	
deodorant			deodorant|n|1|0
depart	VERB=2	depart=2	depart|v|6|0
departed			departed|a|2|0;departed|n|1|0
departing	VERB=4	departing=4	departing|a|1|0
department	PROPN=32,NOUN=28	Department=34,department=26	department|n|3|0
departmental	ADJ=1	departmental=1	departmental|a|1|0
departments	NOUN=8,PROPN=1	departments=8,Departments=1	
departure	NOUN=4	departure=4	departure|n|3|0
departures	NOUN=2	departures=2	
depend	VERB=8	depend=8	depend|v|2|0
dependable	ADJ=1	dependable=1	dependable|a|4|0
dependence	NOUN=2	dependence=2	dependence|n|2|0
dependency	NOUN=1	dependency=1	dependency|n|3|0
dependent	ADJ=7	dependent=7	dependent|a|6|0;dependent|n|1|0
depending	VERB=25	depending=19	
depends	VERB=21	depends=16	
depict	VERB=1	depict=1	depict|v|3|0
depicted			depicted|a|1|0
depicting	VERB=1	depicting=1	depicting|n|1|0
depiction	NOUN=1	depiction=1	depiction|n|4|0
depictions	NOUN=1	depictions=1	
depicts	VERB=4	depicts=4	
depleted			depleted|a|1|0
depletion			depletion|n|2|0
deplorable			deplorable|a|3|0
deploy	VERB=2	deploy=1	deploy|v|1|0
deployed	VERB=9	deployed=9	
deploying	VERB=1	deploying=1	
deployment	NOUN=3	deployment=3	deployment|n|1|0
deployments	NOUN=1	deployments=1	
deport			deport|v|3|0
deportation			deportation|n|2|0
deported	VERB=1	deported=1	
deposit	NOUN=6,VERB=1	deposit=7	deposit|n|9|0;deposit|v|3|0
deposited	VERB=3	deposited=2,Deposited=1	
deposition	NOUN=3	deposition=3	deposition|n|4|0
depot	PROPN=4,NOUN=2	depot=4,Depot=2	depot|n|2|0
depreciation			depreciation|n|3|0
depressed	ADJ=1,VERB=1	depressed=2	depressed|a|3|0
depressing	ADJ=1	depressing=1	depressing|a|1|0
depression	NOUN=7,PROPN=2	depression=7,Depression=2	Depression|n|1|1;depression|n|9|0
depressive			depressive|n|1|0
deprivation			deprivation|n|3|0
deprive			deprive|v|3|0
deprived	VERB=1	deprived=1	deprived|a|1|0
dept	NOUN=1,PROPN=1	dept=2	
depth	NOUN=5	depth=4,Depth=1	depth|n|5|0
depths	NOUN=2	depths=2	depths|n|1|0
deputies	NOUN=2	deputies=2	
deputy	NOUN=3	deputy=2,Deputy=1	deputy|n|4|0
der	PROPN=1	Der=1	
deranged			deranged|a|1|0
derby			derby|n|1|0
derbyshire	PROPN=1	Derbyshire=1	
deregulation	NOUN=3	deregulation=3	deregulation|n|1|0
derelict			derelict|a|4|0;derelict|n|2|0
derivative	ADJ=3,NOUN=1	derivative=4	derivative|a|1|0;derivative|n|4|0
derivatives	NOUN=6,PROPN=1	Derivatives=5,derivatives=2	
derive			derive|v|5|0
derived	VERB=10	derived=10	derived|a|1|0
derives	VERB=1	derives=1	
derogatory			derogatory|a|1|0
derrick	PROPN=2	Derrick=1	derrick|n|2|0
des	PROPN=2,X=1	des=2,Des=1	DES|n|2|0
descend	VERB=1	descend=1	descend|v|4|0
descendant	NOUN=1	descendant=1	descendant|a|2|0;descendant|n|1|0
descendants	NOUN=5	descendants=5	descendants|n|1|0
descended	VERB=2	descended=2	
descending			descending|a|1|0
descends	VERB=1	descends=1	
descent	NOUN=2	descent=2	descent|n|6|0
describe	VERB=17	describe=13	describe|v|4|0
described	VERB=38	described=38	described|a|1|0
describes	VERB=5	describes=5	
describing	VERB=6	describing=6	
description	NOUN=20	description=16,Description=3	description|n|3|0
descriptions	NOUN=10	descriptions=9	
descriptive	ADJ=3	descriptive=2,Descriptive=1	descriptive|a|2|0
desert	NOUN=5,PROPN=5,VERB=1	desert=6,Desert=5	desert|n|1|0;desert|n|1|0;desert|v|3|0
deserted	VERB=3	deserted=3	deserted|a|1|0
deserts	NOUN=2	deserts=2	
deserve	VERB=7	deserve=7	deserve|v|1|0
deserved	VERB=2	deserved=2	deserved|a|1|0
deserves	VERB=6	deserves=6	
deserving			deserving|a|1|0
design	NOUN=36,VERB=7,PROPN=3	design=40,Design=5	design|n|7|0;design|v|6|0
designate			designate|a|1|0;designate|v|5|0
designated	VERB=7	designated=7	
designation	NOUN=1	designation=1	designation|n|3|0
designed	VERB=26	designed=25,Designed=1	designed|a|1|0
designer	NOUN=7	designer=7	designer|n|5|0
designers	NOUN=2	designers=2	
designing	VERB=1	designing=1	designing|a|1|0;designing|n|1|0
designs	NOUN=4	designs=4	
desirable	ADJ=6	desirable=6	desirable|a|2|0
desire	NOUN=11,VERB=4	desire=15	desire|n|3|0;desire|v|3|0
desired	VERB=10	desired=10	desired|a|1|0
desires	VERB=1	desires=1	
desk	NOUN=35	desk=32,Desk=2	desk|n|1|0
desks	NOUN=1	desks=1	
desktop	NOUN=2	desktop=2	desktop|n|2|0
desolate	ADJ=2	desolate=2	desolate|a|2|0;desolate|v|3|0
despair	NOUN=2	despair=2	despair|n|2|0;despair|v|1|0
desperate	ADJ=12	desperate=11,DESPERATE=1	desperate|a|6|0;desperate|n|1|0
desperately	ADV=5	desperately=5	desperately|r|2|0
desperation	NOUN=1		desperation|n|2|0
despicable			despicable|a|1|0
despise			despise|v|1|0
despised			despised|a|1|0
despite	ADP=44,SCONJ=11	despite=36	despite|n|2|0
dessert	NOUN=7	dessert=4,Dessert=1	dessert|n|1|0
desserts	NOUN=2	desserts=2	
destination	NOUN=14	destination=14	destination|n|3|0
destinations	NOUN=6	destinations=6	
destined	ADJ=1	destined=1	destined|a|2|0
destiny	NOUN=7,PROPN=1	destiny=6,Destiny=1	destiny|n|3|0
destroy	VERB=15	destroy=13,Destroy=2	destroy|v|4|0
destroyed	VERB=22	destroyed=22	destroyed|a|2|0
destroyer	NOUN=1	destroyer=1	destroyer|n|2|0
destroying	VERB=1	destroying=1	
destruction	NOUN=15,PROPN=1	destruction=15,Destruction=1	destruction|n|3|0
destructive	ADJ=4	destructive=4	destructive|a|1|0
detached			detached|a|6|0
detachment			detachment|n|5|0
detail	NOUN=16	detail=16	detail|n|5|0;detail|v|2|0
detailed	ADJ=16,VERB=1	detailed=16	detailed|a|1|0
detailing	VERB=1	detailing=1	detailing|n|1|0
details	NOUN=41,VERB=2	details=43	details|n|1|0
detain			detain|v|3|0
detained	VERB=3	detained=3	
detainees	NOUN=1	detainees=1	
detect	VERB=4	detect=3,Detect=1	detect|v|1|0
detected	VERB=2	detected=2	detected|a|2|0
detecting			detecting|n|1|0
detection	NOUN=2	Detection=1,detection=1	detection|n|4|0
detective	NOUN=4	detective=4	detective|n|2|0
detectives	NOUN=1	detectives=1	
detector	NOUN=2	detector=2	detector|n|3|0
detectors	NOUN=2	detectors=2	
detention	NOUN=1	detention=1	detention|n|2|0
deter	VERB=3	deter=3	deter|v|2|0
detergent	NOUN=1	detergent=1	detergent|a|1|0;detergent|n|2|0
deteriorate	VERB=3	deteriorate=3	deteriorate|v|2|0
deteriorated	VERB=4	deteriorated=4	
deteriorating	VERB=1		
deterioration	NOUN=4	deterioration=4	deterioration|n|2|0
determination	NOUN=4	determination=4	determination|n|5|0
determine	VERB=22	determine=21	determine|v|8|0
determined	VERB=20,ADJ=10	determined=28,Determined=1	determined|a|5|0
determines	VERB=1	determines=1	
determining	VERB=2	determining=2	determining|a|1|0
deterrent	NOUN=4	deterrent=4	deterrent|a|1|0;deterrent|n|1|0
detonated	VERB=2	detonated=2	
detour			detour|n|1|0;detour|v|1|0
detox			detox|n|1|0;detox|v|1|0
detriment			detriment|n|1|0
detrimental	ADJ=2	detrimental=2	detrimental|a|1|0
detroit	PROPN=7	Detroit=7	Detroit|n|1|1
deutsche	PROPN=1	Deutsche=1	
devastated	VERB=1	devastated=1	
devastating	ADJ=4,VERB=2	devastating=6	devastating|a|3|0
devastation			devastation|n|5|0
develop	VERB=42	develop=42	develop|v|21|0
developed	VERB=33,ADJ=5	developed=38	developed|a|3|0
developer	NOUN=5	Developer=3,developer=2	developer|n|2|0
developers	NOUN=4	developers=4	
developing	VERB=20	developing=18,Developing=1	developing|a|1|0;developing|n|1|0
development	NOUN=56,PROPN=11	development=47,Development=20	development|n|9|0
developmental	ADJ=1	developmental=1	developmental|a|1|0
developments	NOUN=17	developments=17	
develops	VERB=4	develops=4	
deviation	NOUN=3	deviation=3	deviation|n|5|0
device	NOUN=9	device=6,Device=3	device|n|5|0
devices	NOUN=3	devices=3	devices|n|1|0
devil	PROPN=18,NOUN=2	Devil=15,devil=5	Devil|n|1|1;devil|n|4|0;devil|v|2|0
devin	PROPN=1	Devin=1	
devise	VERB=1	devise=1	devise|n|2|0;devise|v|3|0
devised	VERB=4	devised=4	
devoid	ADJ=1	devoid=1	devoid|a|1|0
devon	PROPN=4	Devon=4	Devon|n|2|1
devote	VERB=2	devote=2	devote|v|3|0
devoted	VERB=6,ADJ=5	devoted=11	devoted|a|2|0
devotion			devotion|n|4|0
devotional	ADJ=1	devotional=1	devotional|a|1|0;devotional|n|1|0
devour	VERB=1	devour=1	devour|v|4|0
devout	ADJ=1	devout=1	devout|a|2|0
dew	PROPN=2	Dew=2	dew|n|1|0
dewey			Dewey|n|3|3
dexter			dexter|a|1|0
df	PROPN=8		
dg	X=2	DG=1,dg=1	dg|n|1|0
dh	PROPN=12,NOUN=1	DH=13	
dhaka	PROPN=6	Dhaka=6	Dhaka|n|1|1
dharma	PROPN=1		Dharma|n|2|0
di	NOUN=1,PROPN=1	DI=1,di=1	
dia			DIA|n|1|0
diabetes	NOUN=1	diabetes=1	diabetes|n|1|0
diabetic			diabetic|a|2|0;diabetic|n|1|0
diablo	PROPN=1	Diablo=1	
diagnose	VERB=2	diagnose=2	diagnose|v|2|0
diagnosed	VERB=3	diagnosed=3	
diagnosis			diagnosis|n|1|0
diagnostic	ADJ=3	Diagnostic=3	diagnostic|a|2|0
diagnostics			diagnostics|n|1|0
diagonal			diagonal|a|2|0;diagonal|n|5|0
diagram	NOUN=2	Diagram=1,diagram=1	diagram|n|1|0;diagram|v|1|0
diagrams	NOUN=2	diagrams=2	
dial	VERB=5,NOUN=4	dial=8,Dial=1	dial|n|4|0;dial|v|2|0
dialect	NOUN=1	dialect=1	dialect|n|1|0
dialects	NOUN=3	dialects=3	
dialog			dialog|n|3|0
dialogue	NOUN=4	dialogue=4	dialogue|n|4|0
dialysis			dialysis|n|1|0
diameter	NOUN=1	diameter=1	diameter|n|2|0
diamond			diamond|n|6|0
diamonds	NOUN=1	diamonds=1	
diana	PROPN=5	Diana=5	Diana|n|2|2
diane	PROPN=3	Diane=2	
diaper	NOUN=1	diaper=1	diaper|n|2|0
diapers	NOUN=2	diapers=2	
diaphragm			diaphragm|n|4|0
diaries	PROPN=2	Diaries=2	
diarrhea	NOUN=3	diarrhea=3	diarrhea|n|1|0
diary	PROPN=4,NOUN=2	Diary=4,diary=2	diary|n|2|0
diaspora			Diaspora|n|1|0;diaspora|n|2|0
diaz			Diaz|n|1|1
dice			dice|n|1|0;dice|v|2|0
dichotomy			dichotomy|n|1|0
dick	PROPN=5,NOUN=1	Dick=4,dick=1	dick|n|2|0
dickens			Dickens|n|1|1;dickens|n|1|0
dickhead			dickhead|n|1|0
dickinson			Dickinson|n|1|1
dictate	VERB=2	dictate=2	dictate|n|2|0;dictate|v|3|0
dictated			dictated|a|1|0
dictator	NOUN=1	Dictator=1	dictator|n|3|0
dictators	NOUN=1	dictators=1	
dictatorship	NOUN=4	dictatorship=3,Dictatorship=1	dictatorship|n|1|0
dictionary	NOUN=5	dictionary=5	dictionary|n|1|0
did	AUX=546,VERB=136	did=640,Did=5,DID=1	
die	VERB=28,ADJ=1	die=29	die|n|3|0;die|v|11|0
died	VERB=48	died=46,Died=1	
diego	PROPN=10	Diego=10	
dies	VERB=10	dies=10	
diesel	NOUN=1	diesel=1	Diesel|n|1|1;diesel|n|1|0
diet	NOUN=8	diet=8	diet|n|4|0;diet|v|2|0
dietary	ADJ=1	dietary=1	dietary|a|1|0;dietary|n|1|0
dieting			dieting|n|1|0
differ	VERB=7	differ=7	differ|v|2|0
differed	VERB=2	differed=2	
difference	NOUN=50	difference=50	difference|n|5|0
differences	NOUN=40	differences=39	
different	ADJ=213	different=209,Different=1	different|a|4|0
differential	NOUN=4,ADJ=1	differential=5	differential|a|2|0;differential|n|3|0
differentiate	VERB=1	differentiate=1	differentiate|v|6|0
differentiated			differentiated|a|2|0
differentiation			differentiation|n|3|0
differently	ADV=8	differently=8	differently|r|1|0
differing	VERB=4	differing=4	
difficult	ADJ=53	difficult=53	difficult|a|2|0
difficulties	NOUN=12	difficulties=12	
difficulty	NOUN=10	difficulty=10	difficulty|n|2|0
diffuse	VERB=1	diffuse=1	diffuse|a|3|0;diffuse|v|3|0
diffusion	NOUN=1	Diffusion=1	diffusion|n|4|0
dig	VERB=5	dig=5	dig|n|5|0;dig|v|8|0
digest	VERB=3	digest=3	digest|n|2|0;digest|v|8|0
digestion			digestion|n|3|0
digestive			digestive|a|1|0;digestive|n|1|0
digger			digger|n|2|0
digging	VERB=4	digging=4	digging|n|1|0
digit			digit|n|3|0
digital	ADJ=40	digital=30,Digital=6,DIGITAL=1	digital|a|3|0
digitally			digitally|r|2|0
digits	NOUN=1	digits=1	
dignified			dignified|a|2|0
dignitaries	NOUN=4	dignitaries=3	
dignity	NOUN=6	dignity=6	dignity|n|3|0
digs	VERB=2	digs=2	digs|n|2|0
dildo			dildo|n|1|0
dilemma	NOUN=4	dilemma=4	dilemma|n|1|0
diligence	NOUN=1		diligence|n|3|0
diligent	ADJ=2	diligent=2	diligent|a|2|0
diligently			diligently|r|1|0
dill			dill|n|2|0
dilute	ADJ=1,VERB=1	dilute=2	dilute|a|1|0;dilute|v|2|0
diluted	VERB=2	diluted=2	diluted|a|1|0
dim	ADJ=2	dim=2	dim|a|5|0;dim|v|5|0
dime	NOUN=2	dime=2	dime|n|2|0
dimension	NOUN=2	dimension=2	dimension|n|4|0;dimension|v|2|0
dimensional	ADJ=1	dimensional=1	dimensional|a|2|0
dimensions	NOUN=5	dimensions=5	
diminish	VERB=1	diminish=1	diminish|v|2|0
diminished	VERB=2,ADJ=1	diminished=3	diminished|a|4|0
diminishing	VERB=2	diminishing=2	diminishing|a|1|0
diminutive			diminutive|a|1|0;diminutive|n|1|0
dimitri	PROPN=1	Dimitri=1	
din	PROPN=1	Din=1	din|n|2|0;din|v|2|0
dine	VERB=6	dine=6	dine|v|2|0
diner	NOUN=2	diner=2	diner|n|3|0
diners	NOUN=1	diners=1	
ding	INTJ=2	ding=2	ding|n|2|0;ding|v|1|0
dining	NOUN=15,VERB=3	dining=14,DINING=1,Dining=1	dining|n|1|0
dinner	NOUN=56	dinner=52,Dinner=2	dinner|n|2|0
dinners	NOUN=3,PROPN=1	Dinners=2,dinners=2	
dinosaur	NOUN=4	dinosaur=4	dinosaur|n|1|0
dinosaurs	NOUN=4	dinosaurs=4	
diocese	NOUN=1	diocese=1	diocese|n|1|0
dior			Dior|n|1|1
dioxide	NOUN=6	dioxide=6	dioxide|n|1|0
dip	NOUN=1	dip=1	dip|n|9|0;dip|v|14|0
diploma			diploma|n|1|0
diplomacy	NOUN=9	diplomacy=8,Diplomacy=1	diplomacy|n|3|0
diplomat	NOUN=2	diplomat=2	diplomat|n|2|0
diplomatic	ADJ=5	diplomatic=5	diplomatic|a|2|0
diplomats	NOUN=4	diplomats=4	
dipped	VERB=5	dipped=5	dipped|a|1|0
dipping	VERB=4	dipping=4	
dips	NOUN=1	dips=1	
dire	ADJ=4,X=2	dire=6	dire|a|2|0
direct	ADJ=38,VERB=6	direct=40,Direct=3	direct|a|10|0;direct|r|1|0;direct|v|13|0
directed	VERB=12	directed=12	directed|a|2|0
directing	VERB=3	directing=3	directing|a|1|0
direction	NOUN=26	direction=26	direction|n|9|0
directional			directional|a|3|0
directions	NOUN=17	directions=14,DIRECTIONS=1	
directive	NOUN=2	directive=2	directive|a|1|0;directive|n|1|0
directly	ADV=40	directly=39,Directly=1	directly|r|4|0
director	NOUN=31,PROPN=10	director=25,Director=16	director|n|5|0
directorate	PROPN=2	Directorate=2	directorate|n|1|0
directories	NOUN=1	directories=1	
directors	NOUN=5	directors=4,Directors=1	
directory	NOUN=1	directory=1	directory|n|2|0
dirk			dirk|n|1|0
dirt	NOUN=8	dirt=8	dirt|a|1|0;dirt|n|4|0
dirty	ADJ=12	dirty=12	dirty|a|12|0;dirty|v|1|0
dis			Dis|n|1|1
disabilities	NOUN=3,PROPN=1	disabilities=3,Disabilities=1	
disability	NOUN=12	disability=12	disability|n|1|0
disable	VERB=1	disable=1	disable|v|2|0
disabled	ADJ=5,VERB=1	disabled=5	disabled|a|1|0;disabled|n|1|0
disabling			disabling|a|2|0
disadvantage	NOUN=1	disadvantage=1	disadvantage|n|1|0;disadvantage|v|1|0
disadvantaged	ADJ=2	disadvantaged=2	disadvantaged|a|1|0
disadvantages	NOUN=1	disadvantages=1	
disagree	VERB=7	disagree=7	disagree|v|2|0
disagreed	VERB=2	disagreed=2	
disagreement	NOUN=1	disagreement=1	disagreement|n|3|0
disagreements	NOUN=1	disagreements=1	
disappear	VERB=3	disappear=3	disappear|v|4|0
disappearance	NOUN=4	disappearance=4	disappearance|n|4|0
disappeared	VERB=9,ADJ=1	disappeared=10	
disappearing			disappearing|n|1|0
disappoint			disappoint|v|1|0
disappointed	VERB=13,ADJ=8	disappointed=20	disappointed|a|1|0
disappointing	ADJ=1	disappointing=1	disappointing|a|1|0
disappointment	NOUN=3	disappointment=3	disappointment|n|2|0
disapproval			disapproval|n|4|0
disapprove			disapprove|v|2|0
disarm	VERB=1	disarm=1	disarm|v|3|0
disarmament	PROPN=2,NOUN=1	Disarmament=2,disarmament=1	disarmament|n|1|0
disaster	NOUN=32,PROPN=1	disaster=29,Disaster=3	disaster|n|3|0
disasters	NOUN=5,PROPN=1	disasters=5,Disasters=1	
disastrous	ADJ=2	disastrous=2	disastrous|a|1|0
disbanded	VERB=1	disbanded=1	
disbelief			disbelief|n|2|0
disc	NOUN=2	disc=2	disc|n|4|0
discard	VERB=1	discard=1	discard|n|3|0;discard|v|1|0
discarded	VERB=1	discarded=1	discarded|a|1|0
discern			discern|v|1|0
discharge	NOUN=5,VERB=1	discharge=6	discharge|n|9|0;discharge|v|11|0
discharged	VERB=2	discharged=2	discharged|a|1|0
disciple			disciple|n|1|0
disciples	NOUN=2	disciples=2	
disciplinary			disciplinary|a|3|0
discipline	NOUN=7	discipline=6,Discipline=1	discipline|n|5|0;discipline|v|2|0
disciplined	ADJ=1	disciplined=1	disciplined|a|2|0
disciplines	NOUN=5	disciplines=5	
disclaimer	NOUN=2	Disclaimer=1	disclaimer|n|2|0
disclose	VERB=4	disclose=4	disclose|v|2|0
disclosed	VERB=2	disclosed=2	disclosed|a|1|0
disclosure	NOUN=2	disclosure=2	disclosure|n|1|0
disclosures	NOUN=1	disclosures=1	
disco	PROPN=5,NOUN=3	DISCO=6,Disco=1,disco=1	disco|n|2|0;disco|v|1|0
discomfort	NOUN=7	discomfort=7	discomfort|n|2|0
disconnect	VERB=3	disconnect=3	disconnect|n|1|0;disconnect|v|2|0
disconnected	VERB=1	disconnected=1	disconnected|a|5|0
discontent	NOUN=2	discontent=2	discontent|a|1|0;discontent|n|1|0;discontent|v|1|0
discontinue	VERB=3	discontinue=3	discontinue|v|2|0
discontinued	VERB=3	discontinued=3	discontinued|a|1|0
discord			discord|n|4|0;discord|v|1|0
discount	NOUN=9,ADJ=3,PROPN=2,VERB=2	discount=14,Discount=2	discount|n|4|0;discount|v|2|0
discounted	ADJ=1,VERB=1	discounted=2	
discounts	NOUN=2	discounts=2	
discourage			discourage|v|3|0
discouraged	VERB=3,ADJ=1	discouraged=4	discouraged|a|2|0
discouraging	VERB=5,ADJ=1	discouraging=5,Discouraging=1	discouraging|a|2|0
discourse	NOUN=6	discourse=4,DISCOURSE=1,Discourse=1	discourse|n|3|0;discourse|v|3|0
discover	VERB=13	discover=13	discover|v|7|0
discovered	VERB=20	discovered=20	discovered|a|1|0
discoveries	NOUN=3	discoveries=3	
discovers	VERB=1	discovers=1	
discovery	NOUN=8,PROPN=6	discovery=8,Discovery=4	discovery|n|4|0
discredit			discredit|n|1|0;discredit|v|3|0
discredited			discredited|a|2|0
discreet	ADJ=1	discreet=1	discreet|a|3|0
discrepancy	NOUN=3	discrepancy=3	discrepancy|n|2|0
discrete			discrete|a|1|0
discretion	NOUN=7	discretion=7	discretion|n|5|0
discretionary	ADJ=1	discretionary=1	discretionary|a|2|0
discriminate			discriminate|a|1|0;discriminate|v|3|0
discriminated	VERB=2	discriminated=2	
discriminating	ADJ=1	discriminating=1	discriminating|a|2|0
discrimination	NOUN=21,PROPN=1	discrimination=21,Discrimination=1	discrimination|n|2|0
discriminatory	ADJ=3	discriminatory=3	discriminatory|a|4|0
discuss	VERB=59	discuss=57	discuss|v|2|0
discussed	VERB=42	discussed=42	
discusses	VERB=2	discusses=2	
discussing	VERB=6,ADJ=1	discussing=6	
discussion	NOUN=39	discussion=37,Discussion=1	discussion|n|2|0
discussions	NOUN=12	discussions=12	
disdain	NOUN=1	disdain=1	disdain|n|2|0;disdain|v|2|0
disease	NOUN=15,PROPN=4	disease=15,Disease=4	disease|n|1|0
diseased			diseased|a|1|0
diseases	NOUN=7	diseases=7	
disgrace	NOUN=2	disgrace=2	disgrace|n|1|0;disgrace|v|3|0
disgraced			disgraced|a|1|0
disgraceful			disgraceful|a|2|0
disgruntled	ADJ=1,VERB=1	disgruntled=2	disgruntled|a|1|0
disguise	VERB=1	disguise=1	disguise|n|3|0;disguise|v|1|0
disguised			disguised|a|1|0
disgust	NOUN=2	disgust=2	disgust|n|1|0;disgust|v|2|0
disgusted			disgusted|a|1|0
disgusting	ADJ=2	disgusting=1	disgusting|a|1|0
dish	NOUN=11	dish=11	dish|n|6|0;dish|v|2|0
dishes	NOUN=12	dishes=11,DISHES=1	
dishonest	ADJ=3	dishonest=3	dishonest|a|2|0
dishonesty			dishonesty|n|2|0
dishwasher	NOUN=3	Dishwasher=2,dishwasher=1	dishwasher|n|2|0
disillusioned			disillusioned|a|1|0
disk	NOUN=3	disk=3	disk|n|4|0;disk|v|1|0
dislike	VERB=6,NOUN=3	dislike=9	dislike|n|2|0;dislike|v|1|0
disliked	VERB=3	disliked=3	disliked|a|1|0
dislikes	NOUN=3	dislikes=3	
dismal	ADJ=1	dismal=1	dismal|a|1|0
dismantle	VERB=1	dismantle=1	dismantle|v|3|0
dismantled			dismantled|a|1|0
dismantling			dismantling|n|1|0
dismay	NOUN=1	dismay=1	dismay|n|2|0;dismay|v|2|0
dismiss	VERB=1	dismiss=1	dismiss|v|6|0
dismissal	NOUN=1	dismissal=1	dismissal|n|4|0
dismissed	VERB=6	dismissed=6	dismissed|a|1|0
dismisses	VERB=1	dismisses=1	
dismissing	VERB=2	dismissing=2	
disney	PROPN=17	Disney=13	Disney|n|1|1
disneyland			Disneyland|n|1|1
disobedience	NOUN=3	disobedience=3	disobedience|n|2|0
disorder	NOUN=5	disorder=5	disorder|n|3|0;disorder|v|2|0
disorderly			disorderly|a|3|0
disorders	NOUN=3,PROPN=2	disorders=3,Disorders=2	
disparate			disparate|a|2|0
disparity			disparity|n|1|0
dispatch	NOUN=4,VERB=1	Dispatch=3,dispatch=2	dispatch|n|4|0;dispatch|v|5|0
dispatched	VERB=3	dispatched=3	
dispel			dispel|v|2|0
dispensary			dispensary|n|1|0
dispense			dispense|v|3|0
dispersal	NOUN=1	dispersal=1	dispersal|n|1|0
disperse	VERB=2	disperse=2	disperse|v|6|0
dispersed			dispersed|a|1|0
dispersion	NOUN=1	dispersion=1	dispersion|n|3|0
displaced	VERB=6	displaced=6	
displacement	NOUN=6	displacement=6	displacement|n|7|0
display	NOUN=12,VERB=1	display=13	display|n|6|0;display|v|2|0
displayed	VERB=5	displayed=5	
displaying	VERB=2	displaying=2	
displays	NOUN=3,VERB=2	displays=4	
displeasure			displeasure|n|1|0
disposable	ADJ=1	Disposable=1	disposable|a|2|0;disposable|n|1|0
disposal	NOUN=4,PROPN=1	DISPOSAL=2,disposal=2,Disposal=1	disposal|n|4|0
dispose	VERB=2	dispose=2	dispose|v|5|0
disposed	ADJ=1,VERB=1	disposed=2	disposed|a|2|0
disposition			disposition|n|4|0
disproportionate	ADJ=2	disproportionate=2	disproportionate|a|2|0
disproportionately			disproportionately|r|2|0
dispute	NOUN=5,VERB=2	dispute=6,Dispute=1	dispute|n|2|0;dispute|v|2|0
disputed	VERB=3	disputed=3	disputed|a|1|0
disputes	NOUN=1	disputes=1	
disqualification			disqualification|n|2|0
disqualified			disqualified|a|2|0
disregard	VERB=3,NOUN=2	disregard=5	disregard|n|2|0;disregard|v|3|0
disregarded			disregarded|a|1|0
disrespect	NOUN=1	disrespect=1	disrespect|n|3|0;disrespect|v|2|0
disrespectful			disrespectful|a|2|0
disrupt	VERB=4	disrupt=4	disrupt|v|3|0
disrupted			disrupted|a|1|0
disrupting	VERB=1	disrupting=1	
disruption	NOUN=2	disruption=2	disruption|n|4|0
disruptive	ADJ=6	disruptive=6	disruptive|a|1|0
diss			diss|v|1|0
dissatisfaction	NOUN=2	dissatisfaction=2	dissatisfaction|n|1|0
dissatisfied	ADJ=2	dissatisfied=2	dissatisfied|a|1|0
dissemination	NOUN=5	dissemination=5	dissemination|n|3|0
dissent			dissent|n|3|0;dissent|v|3|0
dissenting	VERB=4	dissenting=4	dissenting|a|1|0
dissertation	NOUN=4	dissertation=4	dissertation|n|1|0
dissident			dissident|a|2|0;dissident|n|1|0
dissolution			dissolution|n|5|0
dissolve	VERB=1	dissolve=1	dissolve|n|1|0;dissolve|v|11|0
dissolved	VERB=4	dissolved=3,Dissolved=1	dissolved|a|1|0
distal	ADJ=1	distal=1	distal|a|2|0
distance	NOUN=14	distance=13	distance|n|6|0;distance|v|2|0
distances	NOUN=4	distances=3	
distant	ADJ=9	distant=8	distant|a|5|0
distilled	VERB=2	distilled=2	
distillery			distillery|n|1|0
distinct	ADJ=6	distinct=6	distinct|a|5|0
distinction	NOUN=14	distinction=14	distinction|n|4|0
distinctions	NOUN=2	distinctions=2	
distinctive	ADJ=3	distinctive=3	distinctive|a|2|0
distinctly	ADV=1	distinctly=1	distinctly|r|3|0
distinguish	VERB=8	distinguish=7	distinguish|v|5|0
distinguished	ADJ=8,VERB=3	distinguished=11	distinguished|a|2|0
distinguishes	VERB=3	distinguishes=3	
distinguishing	ADJ=2,VERB=1	distinguishing=3	
distorted	VERB=3,ADJ=2	distorted=3,Distorted=1	distorted|a|2|0
distortion	NOUN=7	distortion=7	distortion|n|6|0
distract	VERB=2	DISTRACT=1,distract=1	distract|v|2|0
distracted	VERB=2	distracted=2	distracted|a|1|0
distracting	ADJ=4,VERB=1	distracting=5	
distraction	NOUN=3	distraction=2,Distraction=1	distraction|n|4|0
distractions	NOUN=4	distractions=3	
distraught			distraught|a|1|0
distress	NOUN=1	distress=1	distress|n|4|0;distress|v|2|0
distressed	VERB=1	distressed=1	distressed|a|4|0
distressing			distressing|a|2|0
distribute	VERB=6	distribute=6	distribute|v|10|0
distributed	VERB=15	distributed=15	distributed|a|1|0
distributes	VERB=1	distributes=1	
distributing	VERB=4	distributing=4	
distribution	NOUN=12	distribution=12	distribution|n|4|0
distributor	NOUN=1	distributor=1	distributor|n|4|0
distributors	NOUN=1	distributors=1	
district	NOUN=20,PROPN=18	district=20,District=17,DISTRICT=1	district|n|1|0;district|v|1|0
districts	NOUN=3	districts=3	
distrust			distrust|n|2|0;distrust|v|1|0
disturb	VERB=1	disturb=1	disturb|v|5|0
disturbance	NOUN=4	disturbance=4	disturbance|n|7|0
disturbed			disturbed|a|4|0
disturbing	ADJ=3	disturbing=3	disturbing|a|1|0
ditch	VERB=1	Ditch=1	ditch|n|2|0;ditch|v|6|0
ditto			ditto|n|1|0;ditto|v|1|0
diva			diva|n|1|0
dive	NOUN=2	dive=2	dive|n|3|0;dive|v|3|0
diver	NOUN=1	diver=1	diver|n|3|0
divergence			divergence|n|4|0
divergent	ADJ=2	divergent=2	divergent|a|2|0
divers	NOUN=1	divers=1	divers|a|1|0
diverse	ADJ=11	diverse=10,Diverse=1	diverse|a|2|0
diversification	NOUN=1	diversification=1	diversification|n|2|0
diversified	ADJ=1	diversified=1	diversified|a|1|0
diversify			diversify|v|3|0
diversion	NOUN=2	diversion=2	diversion|n|3|0
diversity	NOUN=22,PROPN=2	diversity=22,Diversity=2	diversity|n|2|0
divert	VERB=1	divert=1	divert|v|4|0
diverted	VERB=1	diverted=1	diverted|a|1|0
divide	VERB=7,NOUN=1	divide=8	divide|n|2|0;divide|v|6|0
divided	VERB=9	divided=9	divided|a|3|0
dividend	NOUN=1	dividend=1	dividend|n|3|0
dividends	NOUN=16,PROPN=1	dividends=16,Dividends=1	
divides	VERB=1	divides=1	
dividing	VERB=3	dividing=3	
divine	ADJ=4	divine=3,Divine=1	Divine|n|1|1;divine|a|6|0;divine|n|1|0;divine|v|2|0
diving	NOUN=3,VERB=1	diving=4	diving|n|2|0
divinity	NOUN=1	divinity=1	divinity|n|4|0
division	NOUN=15,PROPN=1	division=9,Division=7	division|n|12|0
divisional			divisional|a|3|0
divisions	NOUN=11	divisions=11	
divisive			divisive|a|1|0
divorce	NOUN=3	divorce=3	divorce|n|1|0;divorce|v|2|0
divorced	ADJ=1	divorced=1	divorced|a|1|0
dixie	PROPN=1	Dixie=1	Dixie|n|1|1;dixie|n|1|0
diy	ADJ=2	DIY=1	
dizziness	NOUN=1	dizziness=1	dizziness|n|1|0
dizzy	ADJ=1	dizzy=1	dizzy|a|2|0;dizzy|v|1|0
dj			DJ|n|1|0;DJ|v|1|0
dl			dl|n|1|0
dlc	NOUN=3	DLC=3	
dm	NOUN=1,VERB=1	DM=2	DM|n|1|0;dm|n|1|0
dna	NOUN=8	DNA=7	DNA|n|1|0
do	AUX=1308,VERB=640,NOUN=5,PROPN=4,ADJ=1,ADV=1,PART=1	do=1701,Do=20,DO=9	DO|n|1|0;do|n|1|0;do|n|1|0;do|v|13|0
dobson	PROPN=1	Dobson=1	dobson|n|2|0
doc	NOUN=2,PROPN=2	Doc=2,doc=1	DoC|n|1|0;doc|n|1|0
dock	NOUN=3,PROPN=1	dock=4	dock|n|7|0;dock|v|5|0
docking	NOUN=1,VERB=1	docking=2	docking|n|1|0
docks	NOUN=2	docks=2	
docs	NOUN=1	docs=1	
doctor	NOUN=55,PROPN=16	doctor=51,Doctor=13,DOCTOR=1	Doctor|n|1|0;doctor|n|3|0;doctor|v|3|0
doctoral	ADJ=1	doctoral=1	doctoral|a|1|0
doctorate	NOUN=3	doctorate=3	doctorate|n|1|0
doctors	NOUN=8	doctors=8	
doctrine	NOUN=6	doctrine=6	doctrine|n|1|0
document	NOUN=28,VERB=8	document=32,Document=3	document|n|4|0;document|v|2|0
documentary			documentary|a|2|0;documentary|n|1|0
documentation	NOUN=11	documentation=11	documentation|n|3|0
documented	VERB=8	documented=8	documented|a|2|0
documenting	VERB=4	documenting=4	
documents	NOUN=23,VERB=1	documents=24	
dod	PROPN=1	DoD=1	DoD|n|1|0
dodge	NOUN=2,PROPN=1	dodge=3	dodge|n|3|0;dodge|v|3|0
dodger			dodger|n|2|0
dodging			dodging|n|3|0
dodgy	ADJ=1	dodgy=1	dodgy|a|2|0
doe			DOE|n|1|0;doe|n|1|0
does	AUX=339,VERB=37	does=340,Does=3	
dog	NOUN=78	dog=75,Dog=2,DOG=1	dog|n|7|0;dog|v|1|0
doggy			doggy|n|1|0
dogma	NOUN=1	dogma=1	dogma|n|2|0
dogs	NOUN=34	dogs=33	
doha			Doha|n|1|1
doi			DoI|n|1|0
doing	VERB=219,AUX=3	doing=217,DOING=2	
doj	PROPN=2	DOJ=2	DoJ|n|1|0
dole			dole|n|2|0
doll	NOUN=2	doll=2	doll|n|2|0
dollar	NOUN=16	dollar=15,Dollar=1	dollar|n|4|0
dollars	NOUN=56	dollars=54,Dollars=2	
dolls	NOUN=1	dolls=1	
dolly			dolly|n|3|0
dolphin			dolphin|n|2|0
domain	NOUN=21,PROPN=5	domain=20,Domain=6	domain|n|5|0
domains	NOUN=6	domains=6	
dome	NOUN=2	dome=2	dome|n|4|0
domestic	ADJ=7,NOUN=1	domestic=8	domestic|a|5|0;domestic|n|1|0
domestically	ADV=1	domestically=1	domestically|r|2|0
domesticated	VERB=2	domesticated=2	domesticated|a|2|0
dominance	NOUN=3	dominance=3	dominance|n|4|0
dominant	ADJ=8	dominant=8	dominant|a|3|0;dominant|n|2|0
dominate	ADJ=6,VERB=1	dominate=7	dominate|v|5|0
dominated	VERB=7	dominated=7	dominated|a|2|0
dominating			dominating|a|3|0
domination	NOUN=1	domination=1	domination|n|2|0
domingo			Domingo|n|1|1
dominic			Dominic|n|1|1
dominican			Dominican|a|2|0;Dominican|n|2|0
dominion	PROPN=2	Dominion=2	Dominion|n|1|0;dominion|n|2|0
dominique	PROPN=2	Dominique=2	Dominique|n|1|0
domino			Domino|n|1|1;domino|n|3|0
don	PROPN=12,VERB=1	Don=12,don=1	Don|n|4|2;don|n|2|0;don|v|1|0
donald	PROPN=8,X=1	Donald=8,donald=1	
donaldson	PROPN=1	Donaldson=1	
donate	VERB=6	donate=6	donate|v|1|0
donated	VERB=6	donated=6	
donating	VERB=3	donating=3	
donation	NOUN=6	donation=6	donation|n|2|0
donations	NOUN=12	donations=10,DONATIONS=1	
done	VERB=168,ADJ=29,INTJ=2	done=192,Done=3,DONE=1	done|a|2|0
donetsk			Donetsk|n|1|1
dong	PROPN=1	Dong=1	dong|n|1|0;dong|v|1|0
donkey			donkey|n|2|0
donna	PROPN=1	Donna=1	donna|n|1|0
donor	NOUN=3	donor=3	donor|n|2|0
donors	NOUN=2	donors=2	
donovan	PROPN=1	Donovan=1	
donut	NOUN=1	donut=1	donut|n|1|0
donuts	NOUN=4	donuts=3,Donuts=1	
doodle			doodle|n|1|0;doodle|v|1|0
doom	NOUN=2	doom=2	doom|n|1|0;doom|v|3|0
doomed	VERB=1	doomed=1	doomed|a|4|0;doomed|n|1|0
doomsday			Doomsday|n|1|0;doomsday|n|2|0
door	NOUN=67,PROPN=1	door=65,Door=2,DOOR=1	door|n|5|0
doors	NOUN=11,PROPN=3	doors=10,Doors=3,DOORS=1	
doorstep	NOUN=2	doorstep=2	doorstep|n|1|0
doorway	NOUN=1	doorway=1	doorway|n|1|0
dopamine			dopamine|n|1|0
dope	NOUN=2	dope=2	dope|n|4|0;dope|v|3|0
doppler			Doppler|n|1|1
dorian			Dorian|a|1|0;Dorian|n|2|0
doris	PROPN=1	Doris=1	Doris|n|2|2
dork			dork|n|1|0
dorm	NOUN=1	dorm=1	dorm|n|1|0
dormant			dormant|a|4|0
dormitory			dormitory|n|2|0
dorsal			dorsal|a|2|0
dortmund			Dortmund|n|1|1
dory	PROPN=1		dory|n|3|0
dos	NOUN=1,PROPN=1	Dos=1,dos=1	DOS|n|1|0;DoS|n|1|0
dosage			dosage|n|2|0
dose	NOUN=5,PROPN=4	dose=5,Dose=4	dose|n|4|0;dose|v|2|0
doses	NOUN=1	doses=1	
dossier			dossier|n|1|0
dot	NOUN=1	dot=1	DoT|n|1|0;dot|n|3|0;dot|v|4|0
dotted	VERB=1	dotted=1	dotted|a|2|0
double	ADJ=28,ADV=2,VERB=2,NOUN=1	double=29,Double=3,DOUBLE=1	double|a|7|0;double|n|5|0;double|r|3|0;double|v|6|0
doubled	VERB=1	doubled=1	doubled|a|1|0
doubles	NOUN=1	doubles=1	doubles|n|2|0
doubling	VERB=2	doubling=2	doubling|n|2|0
doubly	ADV=1	doubly=1	doubly|r|2|0
doubt	NOUN=15,VERB=7,ADV=1	doubt=23	doubt|n|2|0;doubt|v|2|0
doubted	VERB=1	doubted=1	
doubtful			doubtful|a|3|0
doubting			doubting|a|1|0
doubtless	ADV=1	doubtless=1	doubtless|r|1|0
doubts	NOUN=7	doubts=7	
douche			douche|n|2|0;douche|v|1|0
doug	PROPN=6	Doug=3	
dough	NOUN=1	dough=1	dough|n|2|0
doughnut			doughnut|n|2|0
douglas	PROPN=3	Douglas=3	Douglas|n|1|1
douglass	PROPN=1	Douglass=1	Douglass|n|1|1
dove	NOUN=2	dove=2	Dove|n|1|1;dove|n|4|0
dover			Dover|n|1|1
doves	NOUN=1		
dow	PROPN=14	Dow=12	
down	ADP=186,ADV=128,NOUN=5,ADJ=4,PROPN=1	down=315,Down=4,DOWN=1	Down|n|1|1;down|a|9|0;down|n|4|0;down|r|6|0;down|v|6|0
downfall	NOUN=1	downfall=1	downfall|n|3|0
downgrade	VERB=1	downgrade=1	downgrade|n|1|0;downgrade|v|1|0
downhill	ADV=2	downhill=2	downhill|a|1|0;downhill|n|2|0;downhill|r|2|0
downing			Downing|n|1|1
download	NOUN=8,VERB=6	download=9,Download=5	download|v|1|0
downloaded	VERB=3	downloaded=3	
downloading	NOUN=1	downloading=1	
downloads	NOUN=2	downloads=2	
downright	ADV=2	downright=2	downright|a|2|0;downright|r|1|0
downs	NOUN=1	downs=1	
downside	NOUN=2	downside=2	downside|n|1|0
downstairs	ADV=2	downstairs=2	downstairs|a|1|0;downstairs|r|1|0
downstream	ADJ=3	downstream=3	downstream|a|1|0;downstream|r|1|0
downtime			downtime|n|1|0
downtown	NOUN=19,PROPN=11,ADJ=3,ADV=1	downtown=20,Downtown=11	downtown|a|1|0;downtown|n|1|0;downtown|r|1|0
downturn			downturn|n|1|0
downward	ADV=1	downward=1	downward|a|2|0;downward|r|1|0
downwards			downwards|r|1|0
dowry			dowry|n|1|0
dozen	NUM=9,PROPN=1	dozen=9,Dozen=1	dozen|a|1|0;dozen|n|1|0
dozens	NOUN=4	dozens=4	dozens|n|1|0
dp	PROPN=5		DP|n|1|0
dr	PROPN=8,NOUN=1	Dr=5,DR=1	
dracula			Dracula|n|2|1
draft	NOUN=48,VERB=4,PROPN=1,X=1	draft=51,Draft=2,DRAFT=1	draft|n|11|0;draft|v|3|0
drafted	VERB=7	drafted=7	
drafting	VERB=4	Drafting=2,drafting=2	drafting|n|3|0
drafts	NOUN=5	drafts=5	
drag	NOUN=3,VERB=3	drag=6	drag|n|6|0;drag|v|11|0
dragged	VERB=4	dragged=4	
dragging	VERB=1	dragging=1	dragging|a|1|0
dragon	NOUN=6,PROPN=2	dragon=6,Dragon=2	Dragon|n|1|1;dragon|n|3|0
dragons	NOUN=2	dragons=2	
drags	VERB=2	drags=2	
drain	NOUN=3	drain=3	drain|n|4|0;drain|v|4|0
drainage	NOUN=1	drainage=1	drainage|n|1|0
drained	VERB=2	drained=2	drained|a|3|0
draining			draining|a|1|0
drake	PROPN=2	Drake=2	Drake|n|1|1;drake|n|1|0
drama	NOUN=9,PROPN=1	drama=9,Drama=1	drama|n|4|0
dramatic	ADJ=13,X=1	dramatic=13,Dramatic=1	dramatic|a|4|0
dramatically	ADV=5	dramatically=5	dramatically|r|3|0
drank	VERB=7	drank=7	
draped	VERB=2	draped=2	draped|a|2|0
draper			draper|n|1|0
drastic	ADJ=1	drastic=1	drastic|a|1|0
drastically	ADV=1	drastically=1	drastically|r|1|0
draw	VERB=19,NOUN=3	draw=21	draw|n|9|0;draw|v|36|0
drawback			drawback|n|1|0
drawer	NOUN=2	drawer=2	drawer|n|3|0
drawers	NOUN=2	drawers=2	drawers|n|2|0
drawing	VERB=5,NOUN=2	drawing=7	drawing|n|6|0
drawings	NOUN=2	drawings=2	
drawn	VERB=10	drawn=10	drawn|a|2|0
draws	NOUN=1,VERB=1	draws=2	
dread			dread|a|1|0;dread|n|1|0;dread|v|1|0
dreaded	VERB=1	dreaded=1	dreaded|a|1|0
dreadful	ADJ=1	dreadful=1	dreadful|a|3|0
dream	NOUN=5,VERB=4,ADJ=1	dream=10	dream|n|6|0;dream|v|2|0
dreamed	VERB=6	dreamed=6	dreamed|a|1|0
dreamer			dreamer|n|3|0
dreaming	NOUN=1	dreaming=1	dreaming|n|2|0
dreams	NOUN=15	dreams=14,Dreams=1	
dreamy	ADJ=1	dreamy=1	dreamy|a|2|0
drenched	VERB=1	drenched=1	drenched|a|1|0
dresden			Dresden|n|1|1
dress	NOUN=29,VERB=4	dress=32	dress|a|2|0;dress|n|3|0;dress|v|16|0
dressed	VERB=6	dressed=6	dressed|a|4|0
dresser	NOUN=3	dresser=3	dresser|n|5|0
dresses	NOUN=6	dresses=6	
dressing	VERB=2,NOUN=1	dressing=3	dressing|n|7|0
drew	PROPN=4,VERB=3	drew=3,Drew=2	Drew|n|1|1
dried	VERB=11,ADJ=2	dried=13	dried|a|2|0
drier			drier|n|2|0
dries	PROPN=3,VERB=1	Dries=2,dries=1	
drift	VERB=1	drift=1	drift|n|7|0;drift|v|10|0
drifting			drifting|a|1|0;drifting|n|1|0
drill	NOUN=6	drill=6	drill|n|4|0;drill|v|5|0
drilled	VERB=1	drilled=1	drilled|a|1|0
drilling	NOUN=3,VERB=1	drilling=4	drilling|n|2|0
drills	NOUN=3	drills=3	
drink	VERB=25,NOUN=18	drink=35,Drink=4	drink|n|5|0;drink|v|5|0
drinker			drinker|n|2|0
drinking	VERB=18,NOUN=7	drinking=25	drinking|n|2|0
drinks	NOUN=15,VERB=1	drinks=14,Drinks=1	
drip	NOUN=1	drip=1	drip|n|3|0;drip|v|2|0
dripping	VERB=1	dripping=1	dripping|n|2|0;dripping|r|1|0
drive	VERB=36,NOUN=9,PROPN=1	drive=42,Drive=3,DRIVE=1	drive|n|12|0;drive|v|22|0
driven	VERB=12,ADJ=1	driven=13	driven|a|3|0
driver	NOUN=17	driver=16,Driver=1	driver|n|5|0
drivers	NOUN=5	drivers=5	
drives	NOUN=5,VERB=1	drives=6	
driveway	NOUN=5	driveway=5	driveway|n|1|0
driving	VERB=33,NOUN=6,ADJ=2,PROPN=2	driving=39,Driving=3	driving|a|2|0;driving|n|2|0
drizzle	NOUN=1,VERB=1	drizzle=1	drizzle|n|1|0;drizzle|v|2|0
drone			drone|n|5|0;drone|v|2|0
drones	NOUN=1	drones=1	
drop	VERB=13,NOUN=5,PROPN=1	drop=16,Drop=1	drop|n|9|0;drop|v|23|0
dropped	VERB=14	dropped=14	
dropping	VERB=5	dropping=5	dropping|a|1|0
drops	NOUN=9,VERB=3	drops=12	
drought	NOUN=2	drought=2	drought|n|2|0
drove	VERB=21	drove=19,Drove=1	drove|n|3|0
drown			drown|v|6|0
drowned	VERB=1	drowned=1	
drowning	VERB=3	drowning=3	
drug	NOUN=20	drug=18	drug|n|1|0;drug|v|2|0
drugged			drugged|a|1|0
drugs	NOUN=12,PROPN=1	drugs=12,Drugs=1	
drum	VERB=2,NOUN=1	drum=2	drum|n|6|0;drum|v|3|0
drummer			drummer|n|1|0
drumming	VERB=1	drumming=1	drumming|n|1|0
drums	NOUN=1	drums=1	
drunk	ADJ=7,VERB=1	drunk=8	drunk|a|2|0;drunk|n|2|0
drunken	ADJ=1	drunken=1	drunken|a|1|0
dry	ADJ=26,VERB=9,NOUN=5	dry=37,Dry=3	dry|a|16|0;dry|n|1|0;dry|v|2|0
dryer	NOUN=6	dryer=6	dryer|n|1|0
drying	NOUN=2	drying=2	
ds	PROPN=2	DS=2	DS|n|2|0;Ds|n|1|0
du	PROPN=6,AUX=2	du=8	
dual	ADJ=6	dual=6	dual|a|3|0
duality	NOUN=1	duality=1	duality|n|3|0
dub			dub|n|1|0;dub|v|3|0
dubai	PROPN=8	Dubai=8	Dubai|n|1|1
dubbed	VERB=1	dubbed=1	
dubious	ADJ=2	dubious=2	dubious|a|3|0
dublin	PROPN=3	Dublin=3	Dublin|n|1|1
duchess			duchess|n|1|0
duck	NOUN=6	duck=6	duck|n|4|0;duck|v|4|0
duct	PROPN=2,NOUN=1	Duct=2,duct=1	duct|n|3|0
dude	NOUN=4	dude=3,Dude=1	dude|n|2|0
dudes	NOUN=1	dudes=1	
dudley	PROPN=2	Dudley=1	
due	ADJ=118,VERB=1	due=106,Due=2,DUE=1	due|a|4|0;due|n|2|0;due|r|1|0
duel	NOUN=10	duel=10	duel|n|2|0;duel|v|1|0
duet			duet|n|5|0
duff			duff|n|1|0
dug	VERB=1	dug=1	dug|n|1|0
duh	INTJ=3	duh=3	
dui	NOUN=2	DUI=2	
duke	PROPN=10	Duke=10	duke|n|2|0
dull	ADJ=2	dull=2	dull|a|12|0;dull|v|7|0
duluth	PROPN=1	Duluth=1	Duluth|n|1|1
duly	ADV=2	duly=2	duly|r|1|0
dumb	ADJ=9	dumb=7,DUMB=1,Dumb=1	dumb|a|4|0
dumbass			dumbass|n|1|0
dumbest	ADJ=1		
dummy			dummy|a|1|0;dummy|n|4|0;dummy|v|1|0
dump	NOUN=3,VERB=2	dump=4,Dump=1	dump|n|4|0;dump|v|6|0
dumped	VERB=1	dumped=1	
dumping	NOUN=1,VERB=1	dumping=2	dumping|n|1|0
dumps			dumps|n|1|0
dumpster	NOUN=1	dumpster=1	Dumpster|n|1|0
dun			dun|a|1|0;dun|n|2|0;dun|v|4|0
dunbar	PROPN=1	Dunbar=1	
duncan	PROPN=1	Duncan=1	Duncan|n|1|1
dune			dune|n|1|0
dunes	NOUN=1	dunes=1	
dung	VERB=1	dung=1	dung|n|1|0;dung|v|2|0
dungeon	NOUN=1	dungeon=1	dungeon|n|2|0
dunk			dunk|n|1|0;dunk|v|3|0
dunkirk			Dunkirk|n|3|2
dunn	PROPN=10	Dunn=9	
duo	PROPN=1	Duo=1	duo|n|4|0
duplex			duplex|a|2|0;duplex|n|2|0;duplex|v|1|0
duplicate	VERB=2	duplicate=2	duplicate|a|2|0;duplicate|n|2|0;duplicate|v|4|0
duplication			duplication|n|2|0
dupont	PROPN=2	Dupont=2	
durability	NOUN=2	durability=2	durability|n|1|0
durable	ADJ=1	durable=1	durable|a|3|0
duran	PROPN=2	Duran=2	
durant			Durant|n|1|1
duration	NOUN=9	duration=9	duration|n|3|0
durban			Durban|n|1|1
durham	PROPN=5	Durham=5	Durham|n|2|1
during	ADP=191,ADV=1	during=167,DURING=1	
dusk			dusk|n|1|0;dusk|v|1|0
dust	NOUN=11,PROPN=1,VERB=1	dust=11,Dust=2	dust|n|3|0;dust|v|4|0
dusted	VERB=1	dusted=1	
dustin	PROPN=1	Dustin=1	
dusting	NOUN=3,VERB=1	dusting=4	
dusty	ADJ=6	dusty=6	dusty|a|2|0
dutch	ADJ=5,PROPN=2	Dutch=7	Dutch|a|1|0;Dutch|n|2|0
duties	NOUN=11	duties=11	
dutton	PROPN=1	Dutton=1	
duty	NOUN=19,PROPN=1	duty=19,Duty=1	duty|n|3|0
dvd	NOUN=3	DVD=2,dvd=1	DVD|n|1|0
dwarf	ADJ=7,NOUN=1	dwarf=6,Dwarf=1	dwarf|n|3|0;dwarf|v|2|0
dwarfs	NOUN=1	dwarfs=1	
dwell	VERB=2	dwell=2	dwell|v|5|0
dwellers	NOUN=2	dwellers=2	
dwelling	NOUN=1	dwelling=1	dwelling|n|1|0
dwellings	NOUN=1	dwellings=1	
dwindling			dwindling|a|1|0;dwindling|n|1|0
dye	PROPN=1	Dye=1	dye|n|1|0;dye|v|2|0
dyed	ADJ=1	dyed=1	dyed|a|1|0
dyer			dyer|n|1|0
dying	VERB=6,ADJ=1	dying=7	dying|a|2|0;dying|n|1|0
dyke			dyke|n|2|0;dyke|v|1|0
dylan	PROPN=1	Dylan=1	Dylan|n|2|2
dynamic	ADJ=8,NOUN=1	dynamic=6,Dynamic=3	dynamic|a|3|0;dynamic|n|1|0
dynamics	NOUN=4	dynamics=4	dynamics|n|1|0
dynamite			dynamite|n|1|0;dynamite|v|1|0
dynamo			dynamo|n|1|0
dynasty			dynasty|n|1|0
dysfunction	NOUN=1	dysfunction=1	dysfunction|n|1|0
dysfunctional	ADJ=3	dysfunctional=3	dysfunctional|a|2|0
dystopian			dystopian|a|2|0
ea			Ea|n|1|1
each	DET=203,ADV=1	each=183,EACH=1,Each=1	each|a|1|0;each|r|1|0
eager	ADJ=9	eager=9	eager|a|1|0;eager|n|1|0
eagerly			eagerly|r|1|0
eagle	NOUN=2,PROPN=2	Eagle=2,eagle=1	eagle|n|4|0;eagle|v|2|0
ear	NOUN=3	ear=3	ear|n|5|0
earl	PROPN=9	Earl=5	earl|n|1|0
earlier	ADV=48,ADJ=22	earlier=68	earlier|a|1|0;earlier|r|3|0
earliest	ADJ=6	earliest=6	earliest|a|1|0;earliest|r|1|0
early	ADJ=91,ADV=35	early=110,Early=3	early|a|6|0;early|r|3|0
earn	VERB=2	earn=2	earn|v|2|0
earned	VERB=20	earned=20	earned|a|1|0
earnest	NOUN=1	earnest=1	earnest|a|3|0;earnest|n|1|0
earning	VERB=2,NOUN=1	earning=3	
earnings	NOUN=2	earnings=2	earnings|n|2|0
earrings	NOUN=1	earrings=1	
ears	NOUN=7	ears=7	
earth	PROPN=39,NOUN=19	Earth=38,earth=20	Earth|n|2|1;earth|n|7|1;earth|v|2|0
earthly	ADJ=1	earthly=1	earthly|a|1|0
earthquake	NOUN=4,PROPN=1	earthquake=4,EARTHQUAKE=1	earthquake|n|2|0
earthquakes	NOUN=6	earthquakes=5,Earthquakes=1	
ease	NOUN=5,VERB=2	ease=7	ease|n|5|0;ease|v|4|0
eased			eased|a|1|0
easier	ADJ=26,ADV=1	easier=27	
easiest	ADJ=9	easiest=8	
easily	ADV=36	easily=36	easily|r|3|0
easing	VERB=1	easing=1	easing|n|2|0
east	PROPN=47,ADV=15,ADJ=11,NOUN=11	East=47,east=35,EAST=1	East|n|2|2;east|a|1|0;east|n|3|0;east|r|1|0
easter	PROPN=6	Easter=5,easter=1	Easter|n|1|0;easter|n|1|0
eastern	ADJ=27,PROPN=1	eastern=17,Eastern=11	eastern|a|5|0
eastman	PROPN=6	Eastman=6	Eastman|n|1|1
eastward	ADV=4	eastward=4	eastward|a|1|0;eastward|n|1|0;eastward|r|1|0
easy	ADJ=78,ADV=1	easy=75,Easy=2	easy|a|13|0;easy|r|3|0
eat	VERB=90	eat=87,EAT=1	eat|v|6|0
eaten	VERB=11	eaten=11	
eater	NOUN=3	eater=3	eater|n|2|0
eaters	NOUN=4	eaters=4	
eating	VERB=40,NOUN=4	eating=42	eating|n|1|0
eaton	PROPN=4	Eaton=4	
eats	VERB=6,NOUN=1	eats=6	eats|n|1|0
eau	PROPN=2		
eb	PROPN=25	EB=25	EB|n|2|0;Eb|n|1|0
ebay	PROPN=2	Ebay=1,ebay=1	
ebola	PROPN=2	Ebola=2	Ebola|n|1|0
ebony			ebony|a|1|0;ebony|n|3|0
ebook	NOUN=1	ebook=1	
ec			EC|n|1|0
eccentric	ADJ=1	eccentric=1	eccentric|a|2|0;eccentric|n|2|0
ecclesiastical			ecclesiastical|a|1|0
echo	VERB=2	echo=2	Echo|n|1|0;echo|n|5|0;echo|v|3|0
echoing	VERB=1	echoing=1	echoing|a|1|0
eclectic			eclectic|a|1|0;eclectic|n|1|0
eclipse	NOUN=1,PROPN=1,VERB=1	eclipse=2,Eclipse=1	eclipse|n|1|0;eclipse|v|2|0
eco	NOUN=3,PROPN=2,X=1	Eco=3,eco=3	
ecological	ADJ=4	ecological=4	ecological|a|2|0
ecology	NOUN=3	ecology=3	ecology|n|2|0
ecommerce	NOUN=3	eCommerce=3	
economic	ADJ=61	economic=59,ECONOMIC=1,Economic=1	economic|a|5|0
economical	ADJ=3	economical=3	economical|a|3|0
economically	ADV=6	economically=6	economically|r|3|0
economics	NOUN=7,PROPN=2	Economics=4,economics=4	economics|n|1|0
economies	NOUN=8	economies=8	
economist	NOUN=1,PROPN=1	Economist=1,economist=1	economist|n|1|0
economists	NOUN=3	economists=3	
economy	NOUN=37	economy=34,Economy=2	economy|n|4|0
ecosystem	NOUN=3	ecosystem=3	ecosystem|n|1|0
ecosystems	NOUN=3	ecosystems=3	
ecstasy			ecstasy|n|3|0
ecstatic			ecstatic|a|1|0
ect	X=3,NOUN=2,PROPN=1	ECT=4,ect=2	ECT|n|1|0
ecuador			Ecuador|n|1|1
ed	PROPN=17,NOUN=2	Ed=8,ed=1	ED|n|1|0
eddie	PROPN=2	Eddie=1	
eddy			Eddy|n|1|1;eddy|n|1|0;eddy|v|1|0
eden	PROPN=1	Eden=1	Eden|n|2|0
edgar	PROPN=1	Edgar=1	Edgar|n|1|1
edge	NOUN=17,PROPN=2	edge=17,EDGE=1,Edge=1	edge|n|6|0;edge|v|4|0
edged	ADJ=1	edged=1	edged|a|3|0
edges	NOUN=7	edges=7	
edging			edging|n|1|0
edgy			edgy|a|1|0
edible	ADJ=6	edible=5	edible|a|1|0;edible|n|1|0
edict	NOUN=1	edict=1	edict|n|2|0
edinburgh	PROPN=2	Edinburgh=2	Edinburgh|n|1|1
edison	PROPN=6	Edison=6	Edison|n|1|1
edit	NOUN=11,VERB=5,PROPN=1	edit=8	edit|v|4|0
edited	VERB=3	edited=3	edited|a|1|0
editing	NOUN=4,VERB=1	editing=5	editing|n|1|0
edition	NOUN=3	edition=3	edition|n|4|0
editions	NOUN=2	editions=2	
editor	NOUN=14,PROPN=1	editor=14,Editor=1	editor|n|2|0
editorial	ADJ=2,NOUN=1	editorial=2	editorial|a|2|0;editorial|n|1|0
editors	NOUN=7	editors=7	
edits	NOUN=1	edits=1	
edmonton	PROPN=3	Edmonton=2,edmonton=1	Edmonton|n|1|1
edmund	PROPN=3	Edmund=3	
edo			Edo|n|2|1
eds			EDS|n|1|0
edt	PROPN=3	EDT=3	
eduardo	PROPN=1	Eduardo=1	
educate	VERB=3	educate=3	educate|v|3|0
educated	VERB=4,ADJ=1,X=1	educated=6	educated|a|2|0
educating	VERB=1	educating=1	
education	NOUN=54,PROPN=13	education=49,Education=15	Education|n|1|0;education|n|5|0
educational	ADJ=18	educational=14,Educational=4	educational|a|2|0
educator			educator|n|1|0
educators	NOUN=1	educators=1	
edward	PROPN=7	Edward=6	Edward|n|10|10
edwards	PROPN=11	Edwards=9	Edwards|n|1|1
edwin	PROPN=2	Edwin=2	Edwin|n|1|1
ee			EE|n|1|0
eel			eel|n|2|0
eerie	ADJ=4	eerie=4	eerie|a|2|0
eff			eff|v|1|0
effect	NOUN=36,VERB=1	effect=37	effect|n|6|0;effect|v|2|0
effected	VERB=4	effected=4	effected|a|1|0
effective	ADJ=37	effective=34,Effective=3	effective|a|6|0
effectively	ADV=9	effectively=9	effectively|r|2|0
effectiveness	NOUN=6	effectiveness=6	effectiveness|n|2|0
effects	NOUN=37,PROPN=1	effects=37,Effects=1	effects|n|1|0
efficacy	NOUN=3	efficacy=3	efficacy|n|1|0
efficiency	NOUN=10	efficiency=10	efficiency|n|2|0
efficient	ADJ=25	efficient=24,Efficient=1	efficient|a|2|0
efficiently	ADV=4	efficiently=4	efficiently|r|1|0
effort	NOUN=51	effort=51	effort|n|4|0
effortless			effortless|a|2|0
effortlessly			effortlessly|r|1|0
efforts	NOUN=44	efforts=43	
eg	ADV=1	eg=1	
egg	NOUN=9,PROPN=2,VERB=1	egg=9,Egg=2	egg|n|3|0;egg|v|2|0
eggs	NOUN=46	eggs=46	eggs|n|1|0
ego	NOUN=3	ego=3	ego|n|3|0
egos	NOUN=1	egos=1	
egregious	ADJ=2	egregious=2	egregious|a|1|0
egypt	PROPN=13	Egypt=11	Egypt|n|2|2
egyptian	ADJ=28	Egyptian=28	Egyptian|a|1|0;Egyptian|n|2|0
egyptians	PROPN=1	Egyptians=1	
eh	INTJ=2	eh=2	
ei	PROPN=2	EI=2	
eid	NOUN=1	Eid=1	
eiffel			Eiffel|n|1|1
eight	NUM=30,PROPN=1	eight=24,EIGHT=1,Eight=1	Eight|n|1|0;eight|a|1|0;eight|n|2|0
eighteen	NUM=13	eighteen=13	eighteen|a|1|0;eighteen|n|1|0
eighteenth	ADJ=1	eighteenth=1	eighteenth|a|1|0;eighteenth|n|1|0
eighth	ADJ=2,ADV=2	eighth=4	eighth|a|1|0;eighth|n|2|0
eighties	NOUN=1	eighties=1	eighties|n|3|0
eighty			eighty|a|1|0;eighty|n|1|0
einstein	PROPN=12	Einstein=11	Einstein|n|2|1
eisenhower	PROPN=1		Eisenhower|n|1|1
either	CCONJ=73,DET=23,ADV=13	either=103	either|r|1|0
el	PROPN=9	El=7,EL=1	EL|n|1|0;el|n|1|0
elaborate	ADJ=1,VERB=1	elaborate=2	elaborate|a|2|0;elaborate|v|4|0
elaborated	VERB=1	elaborated=1	elaborated|a|1|0
elaine	PROPN=1	Elaine=1	
elastic			elastic|a|2|0;elastic|n|2|0
elasticity			elasticity|n|1|0
elbow			elbow|n|5|0;elbow|v|2|0
elbows	NOUN=1	elbows=1	
elder	NOUN=3,ADJ=2	elder=5	elder|a|1|0;elder|n|3|0
elderly	ADJ=2	elderly=1	elderly|a|1|0;elderly|n|1|0
eldest	ADJ=1	eldest=1	eldest|a|1|0;eldest|n|1|0
eleanor	PROPN=2	Eleanor=1	
elect	VERB=1	elect=1	elect|a|2|0;elect|n|1|0;elect|v|2|0
elected	VERB=47	elected=47	elected|a|1|0
electing	VERB=1	electing=1	
election	NOUN=27,ADJ=1,PROPN=1	election=27,Election=1	election|n|4|0
elections	NOUN=47	elections=47	
elective			elective|a|2|0;elective|n|1|0
electoral	ADJ=5	electoral=3,Electoral=2	electoral|a|2|0
electorate			electorate|n|1|0
electric	ADJ=10,PROPN=4,NOUN=1	electric=9,Electric=5	electric|a|3|0;electric|n|1|0
electrical	ADJ=13	electrical=12	electrical|a|2|0
electrically			electrically|r|1|0
electrician	NOUN=2	Electrician=1,electrician=1	electrician|n|1|0
electricity	NOUN=23,PROPN=2	electricity=21,Electricity=2	electricity|n|3|0
electrode			electrode|n|1|0
electromagnetic	ADJ=1	electromagnetic=1	electromagnetic|a|1|0
electron	NOUN=1	electron=1	electron|n|1|0
electronic	ADJ=5	electronic=4,Electronic=1	electronic|a|2|0
electronically	ADV=5	electronically=5	electronically|r|1|0
electronics	NOUN=3	electronics=2,ELectronics=1	electronics|n|1|0
electrons	NOUN=1	electrons=1	
elegance	NOUN=2	elegance=2	elegance|n|2|0
elegant	ADJ=4	elegant=4	elegant|a|3|0
element	NOUN=22	element=22	element|n|7|0
elemental			elemental|a|3|0
elementary	ADJ=5	elementary=5	elementary|a|3|0
elements	NOUN=36	elements=35	elements|n|1|0
elena	PROPN=10	Elena=8	
elephant	NOUN=3	elephant=3	elephant|n|2|0
elephants	NOUN=2	elephants=2	
elevate	VERB=1	elevate=1	elevate|v|3|0
elevated	VERB=1	elevated=1	elevated|a|3|0;elevated|n|1|0
elevation	NOUN=2	elevation=2	elevation|n|8|0
elevator	NOUN=25,PROPN=2	elevator=24,Elevator=2	elevator|n|2|0
elevators	NOUN=3	elevators=2,Elevators=1	
eleven	NUM=8,PROPN=5	eleven=8,Eleven=5	eleven|a|1|0;eleven|n|2|0
eleventh			eleventh|a|1|0;eleventh|n|1|0
elf			ELF|n|1|0;elf|n|1|0
elicit			elicit|v|3|0
eligibility	NOUN=2	eligibility=2	eligibility|n|1|0
eligible	ADJ=5	eligible=5	eligible|a|1|0
elijah			Elijah|n|1|1
eliminate	VERB=13	eliminate=12	eliminate|v|7|0
eliminated	VERB=4	eliminated=4	
eliminating	VERB=2	eliminating=2	
elimination	NOUN=2,PROPN=1	elimination=2,Elimination=1	elimination|n|5|0
eliot			Eliot|n|2|2
elisa			ELISA|n|1|0
elite	ADJ=15,NOUN=2	elite=15,Elite=1	elite|a|1|0;elite|n|1|0
elites	NOUN=2	elites=2	
elixir			elixir|n|3|0
elizabeth	PROPN=11	Elizabeth=7,ELIZABETH=1	Elizabeth|n|2|2
elk	NOUN=4	elk=4	elk|n|3|0
elliott	PROPN=4	Elliott=4	
elliptical			elliptical|a|2|0
ellis	PROPN=4	Ellis=4	
ellison	PROPN=1	Ellison=1	Ellison|n|1|1
elm			elm|n|2|0
elon	PROPN=1	Elon=1	
elongated			elongated|a|2|0
eloquent	ADJ=1	eloquent=1	eloquent|a|1|0
else	ADV=128	else=128	
elsewhere	ADV=13	elsewhere=13	elsewhere|r|1|0
elusive			elusive|a|4|0
elves	NOUN=1	elves=1	elves|n|1|0
elvis			Elvis|n|1|0
em	PRON=26,INTJ=1	em=26	em|n|2|0
email	NOUN=104,VERB=12	email=72,Email=13	email|n|3|0;email|v|1|0
emailed	VERB=7	emailed=7	
emails	NOUN=12	emails=11	
emancipation	PROPN=2	Emancipation=2	emancipation|n|1|0
embankment			embankment|n|1|0
embargo			embargo|n|1|0;embargo|v|2|0
embark			embark|v|3|0
embarked	VERB=2	embarked=2	
embarking	VERB=1	embarking=1	
embarrass	VERB=2	embarrass=2	embarrass|v|2|0
embarrassed	ADJ=3,VERB=1	embarrassed=4	embarrassed|a|2|0
embarrassing	ADJ=4,VERB=1	embarrassing=4	embarrassing|a|2|0
embarrassment	NOUN=5	embarrassment=5	embarrassment|n|4|0
embassies	NOUN=2,PROPN=1	embassies=2,Embassies=1	
embassy	NOUN=5	embassy=5	embassy|n|2|0
embedded	VERB=6	embedded=4	embedded|a|2|0
emblem	NOUN=2	emblem=2	emblem|n|2|0
embodied			embodied|a|1|0
embodies	VERB=2	embodies=2	
embodiment			embodiment|n|3|0
embody			embody|v|3|0
embrace	NOUN=1,VERB=1	embrace=2	embrace|n|3|0;embrace|v|3|0
embraced	VERB=1	embraced=1	
embracing	VERB=1	embracing=1	embracing|n|1|0
embroidered	VERB=2	embroidered=2	
embroidery	NOUN=1	embroidery=1	embroidery|n|2|0
embryo	NOUN=1	embryo=1	embryo|n|2|0
embryonic			embryonic|a|2|0
emerald			emerald|n|3|0
emerge	VERB=3	emerge=3	emerge|v|5|0
emerged	VERB=6	emerged=6	
emergence			emergence|n|4|0
emergencies	NOUN=2,PROPN=1	emergencies=2,Emergencies=1	
emergency	NOUN=27,PROPN=1	emergency=24,Emergency=3	emergency|n|3|0
emergent	ADJ=1	emergent=1	emergent|a|2|0
emerges	VERB=2	emerges=2	
emerging	VERB=9	emerging=9	emerging|a|2|0
emeritus	ADJ=2	Emeritus=1,emeritus=1	emeritus|a|1|0;emeritus|n|1|0
emerson			Emerson|n|1|1
emery	PROPN=2	Emery=2	emery|n|1|0
emigrated	VERB=1	emigrated=1	
emigration	NOUN=1	emigration=1	emigration|n|1|0
emile			Emile|n|1|1
emilia			Emilia|n|1|0
emily	PROPN=3	Emily=3	
eminence			eminence|n|2|0
eminent	ADJ=1	eminent=1	eminent|a|2|0
emirates	PROPN=1	Emirates=1	
emission	NOUN=6	emission=5,Emission=1	emission|n|5|0
emissions	NOUN=9	emissions=9	
emit	VERB=3	emit=3	emit|v|3|0
emitted	VERB=1	emitted=1	
emitting	VERB=3	emitting=3	
emma	PROPN=3	Emma=1	
emmy	PROPN=1	Emmy=1	Emmy|n|1|0
emoji			emoji|n|1|0
emotion	NOUN=3	emotion=2	emotion|n|1|0
emotional	ADJ=10	emotional=10	emotional|a|4|0
emotionally	ADV=1	emotionally=1	emotionally|r|2|0
emotions	NOUN=6	emotions=6	
empathy	NOUN=5	empathy=5	empathy|n|1|0
emperor	PROPN=12,NOUN=4	Emperor=10,emperor=4	emperor|n|4|0
emperors	NOUN=1	emperors=1	
emphasis	NOUN=9	emphasis=7,Emphasis=2	emphasis|n|4|0
emphasised			emphasised|a|1|0
emphasize	VERB=6	emphasize=6	emphasize|v|2|0
emphasized	VERB=3	emphasized=3	emphasized|a|1|0
emphasizes	VERB=2	emphasizes=2	
emphasizing	VERB=2	emphasizing=2	emphasizing|n|1|0
emphatic			emphatic|a|3|0
empire	PROPN=5,NOUN=2	Empire=5,empire=2	Empire|n|1|0;empire|n|4|0
empirical	ADJ=6	empirical=5	empirical|a|2|0
employ	VERB=4	employ=4	employ|n|1|0;employ|v|2|0
employed	VERB=9	employed=9	employed|a|2|0
employee	NOUN=3	employee=3	employee|n|1|0
employees	NOUN=47	employees=46	
employer	NOUN=5	employer=5	employer|n|1|0
employers	NOUN=1	employers=1	
employing	VERB=1	employing=1	
employment	NOUN=12	employment=10,Employment=1	employment|n|4|0
employs	VERB=1	employs=1	
empower			empower|v|2|0
empowered	VERB=2	empowered=2	empowered|a|1|0
empowering	ADJ=1	empowering=1	
empowerment	NOUN=2,PROPN=1	Empowerment=2,empowerment=1	empowerment|n|1|0
empress	PROPN=1	Empress=1	empress|n|1|0
emptiness	NOUN=3	emptiness=3	emptiness|n|4|0
empty	ADJ=14,VERB=1	empty=14	empty|a|4|0;empty|n|1|0;empty|v|5|0
emulate	VERB=1	emulate=1	emulate|v|3|0
en	X=2,ADP=1,PROPN=1	en=3,En=1	en|n|1|0
enable	VERB=11	enable=11	enable|v|1|0
enabled	VERB=4	enabled=4	
enables	VERB=6	enables=6	
enabling	VERB=4	enabling=4	enabling|a|1|0
enact			enact|v|2|0
enacted	VERB=2	enacted=2	
enactment	NOUN=1	enactment=1	enactment|n|3|0
enamel			enamel|n|4|0;enamel|v|1|0
enchanted			enchanted|a|1|0
enchanting	ADJ=1	enchanting=1	enchanting|a|1|0
enclave			enclave|n|1|0
enclosed	VERB=4	enclosed=3	enclosed|a|1|0
enclosure	NOUN=2	enclosure=2	enclosure|n|4|0
encoding			encoding|n|1|0
encompass	VERB=3	encompass=3	encompass|v|1|0
encompasses	VERB=2	encompasses=2	
encompassing	VERB=2	encompassing=2	encompassing|a|2|0
encore			encore|n|1|0;encore|v|1|0
encounter	NOUN=2,VERB=2	encounter=4	encounter|n|4|0;encounter|v|5|0
encountered	VERB=1	encountered=1	
encounters	NOUN=2	encounters=2	
encourage	VERB=16	encourage=16	encourage|v|3|0
encouraged	VERB=11	encouraged=11	encouraged|a|1|0
encouragement	NOUN=1	encouragement=1	encouragement|n|3|0
encourages	VERB=3	encourages=3	
encouraging	VERB=3,ADJ=2	encouraging=5	encouraging|a|2|0
encryption	NOUN=2	Encryption=2	encryption|n|1|0
encyclopedia	NOUN=1	encyclopedia=1	encyclopedia|n|1|0
end	NOUN=157,VERB=28	end=181,END=2,End=2	end|n|14|0;end|v|4|0
endanger	VERB=3	endanger=3	endanger|v|2|0
endangered	ADJ=7,NOUN=1	endangered=7,Endangered=1	endangered|a|1|0
endearing			endearing|a|1|0
endeavor	NOUN=7	endeavor=7	endeavor|n|2|0;endeavor|v|1|0
endeavors	NOUN=2	endeavors=2	
endeavour	PROPN=2,NOUN=1	Endeavour=2,endeavour=1	endeavour|n|2|0;endeavour|v|1|0
ended	VERB=37,ADJ=3	ended=40	ended|a|1|0
endemic	ADJ=2	endemic=2	endemic|a|3|0;endemic|n|2|0
endgame			endgame|n|2|0
ending	VERB=5,NOUN=3	ending=7	ending|n|5|0
endless	ADJ=5	endless=4,Endless=1	endless|a|4|0
endlessly	ADV=1	endlessly=1	endlessly|r|4|0
endorse	VERB=1	endorse=1	endorse|v|4|0
endorsed	VERB=5	endorsed=5	
endorsement			endorsement|n|5|0
endorsements	NOUN=1	endorsements=1	
endowed			endowed|a|1|0
endowment	NOUN=2,PROPN=1	endowment=2,Endowment=1	endowment|n|3|0
ends	NOUN=8,VERB=8	ends=16	
endurance	NOUN=1	endurance=1	endurance|n|2|0
endure	VERB=3	endure=3	endure|v|7|0
endured	VERB=2	endured=2	
enduring	ADJ=1,VERB=1	enduring=2	enduring|a|2|0
enemies	NOUN=6	enemies=6	
enemy	NOUN=20,PROPN=3	enemy=17,Enemy=6	enemy|n|4|0
energetic	ADJ=3	energetic=3	energetic|a|2|0
energy	NOUN=81,PROPN=25	energy=77,Energy=28,ENERGY=1	Energy|n|1|0;energy|n|6|0
enforce	VERB=2	enforce=2	enforce|v|2|0
enforced			enforced|a|1|0
enforcement	NOUN=17,PROPN=3	enforcement=17,Enforcement=3	enforcement|n|1|0
enforcing	VERB=1	enforcing=1	
eng	PROPN=1	Eng=1	
engage	VERB=13	engage=13	engage|v|10|0
engaged	VERB=8	engaged=8	engaged|a|8|0
engagement	NOUN=8	engagement=8	engagement|n|7|0
engages	VERB=2	engages=2	
engaging	VERB=5,ADJ=1	engaging=6	engaging|a|1|0
engine	NOUN=20	engine=18,Engine=2	engine|n|4|0
engineer	NOUN=6	engineer=5,Engineer=1	engineer|n|2|0;engineer|v|2|0
engineered	VERB=1	engineered=1	
engineering	NOUN=6,PROPN=3	engineering=6,Engineering=3	engineering|n|3|0
engineers	PROPN=3,NOUN=1	Engineers=3,engineers=1	
engines	NOUN=2	engines=2	
england	PROPN=51	England=49	England|n|1|1
english	PROPN=41,ADJ=25	English=62,english=2	English|a|2|0;English|n|4|0
englishman			Englishman|n|1|0
engraved	VERB=2	engraved=2	engraved|a|1|0
engraving			engraving|n|3|0
enhance	VERB=5	enhance=5	enhance|v|2|0
enhanced	VERB=5,ADJ=1	enhanced=6	enhanced|a|1|0
enhancement	NOUN=3	enhancement=3	enhancement|n|1|0
enhancements	NOUN=1	enhancements=1	
enhancing	VERB=1	enhancing=1	
enigma	NOUN=1	enigma=1	enigma|n|2|0
enigmatic			enigmatic|a|2|0
enjoy	VERB=57	enjoy=49,Enjoy=1	enjoy|v|5|0
enjoyable	ADJ=10	enjoyable=9,ENJOYABLE=1	enjoyable|a|1|0
enjoyed	VERB=33	enjoyed=32	
enjoying	VERB=13	enjoying=13	
enjoyment	NOUN=3	enjoyment=3	enjoyment|n|3|0
enjoys	VERB=5	enjoys=4,ENJOYS=1	
enlarge	VERB=1	enlarge=1	enlarge|v|4|0
enlarged			enlarged|a|4|0
enlargement	NOUN=4	enlargement=4	enlargement|n|4|0
enlighten	VERB=1	enlighten=1	enlighten|v|3|0
enlightened	ADJ=1	enlightened=1	enlightened|a|2|0;enlightened|n|1|0
enlightening			enlightening|a|2|0
enlightenment	NOUN=1	enlightenment=1	Enlightenment|n|1|1;enlightenment|n|2|0
enlist	VERB=1	enlist=1	enlist|v|3|0
enlisted	VERB=2	enlisted=2	
enoch	PROPN=1	Enoch=1	
enormous	ADJ=11	enormous=11	enormous|a|1|0
enormously	ADV=1	enormously=1	enormously|r|1|0
enough	ADV=76,ADJ=63	enough=136,ENOUGH=1,Enough=1	enough|a|1|0;enough|n|1|0;enough|r|1|0
enquiries	NOUN=1	enquiries=1	
enquiry	NOUN=1	enquiry=1	enquiry|n|3|0
enraged	VERB=1	enraged=1	enraged|a|1|0
enrich			enrich|v|2|0
enriched	VERB=3	enriched=3	
enrichment	NOUN=2	enrichment=2	enrichment|n|2|0
enrique	PROPN=1	Enrique=1	
enroll			enroll|v|1|0
enrolled	VERB=3	enrolled=3	
enrollment	NOUN=2	enrollment=2	enrollment|n|2|0
enrolment			enrolment|n|1|0
ensemble	NOUN=1	ensemble=1	ensemble|n|5|0
ensign			ensign|n|3|0
enslaved	VERB=5	enslaved=5	
ensuing	VERB=1	ensuing=1	ensuing|a|1|0
ensure	VERB=42	ensure=41,Ensure=1	ensure|v|2|0
ensured	VERB=3	ensured=3	
ensures	VERB=2	ensures=2	
ensuring	VERB=14	ensuring=14	
entail			entail|n|2|0;entail|v|3|0
entails	VERB=2	entails=2	
entangled			entangled|a|3|0
enter	VERB=22	enter=22	enter|v|9|0
entered	VERB=10,NOUN=1	entered=11	
entering	VERB=14,NOUN=1	entering=15	entering|n|2|0
enterprise	PROPN=4,NOUN=2	Enterprise=4,enterprise=2	enterprise|n|3|0
enterprises	NOUN=2	enterprises=2	
enters	VERB=2	enters=2	
entertain			entertain|v|3|0
entertained	ADJ=1	entertained=1	entertained|a|1|0
entertainer	NOUN=1	entertainer=1	entertainer|n|1|0
entertainers	NOUN=1	entertainers=1	
entertaining	ADJ=2,NOUN=1	entertaining=3	entertaining|a|1|0
entertainment	NOUN=17	entertainment=17	entertainment|n|1|0
enthusiasm	NOUN=5	enthusiasm=5	enthusiasm|n|3|0
enthusiast	NOUN=1	enthusiast=1	enthusiast|n|2|0
enthusiastic	ADJ=2	enthusiastic=2	enthusiastic|a|1|0
enthusiastically	ADV=1	enthusiastically=1	enthusiastically|r|2|0
enthusiasts	NOUN=2	enthusiasts=2	
entice			entice|v|1|0
enticing	VERB=1	enticing=1	enticing|a|1|0
entire	ADJ=58,NOUN=1	entire=59	entire|a|4|0;entire|n|1|0
entirely	ADV=20	entirely=20	entirely|r|2|0
entirety	NOUN=1	entirety=1	entirety|n|1|0
entities	NOUN=9	entities=7,Entities=2	
entitled	VERB=9,ADJ=1	entitled=10	entitled|a|1|0
entitlement	NOUN=2	entitlement=2	entitlement|n|1|0
entity	NOUN=14	entity=14	entity|n|1|0
entourage	NOUN=3	entourage=3	entourage|n|1|0
entrance	NOUN=6	entrance=5,Entrance=1	entrance|n|3|0;entrance|v|2|0
entrances	NOUN=2	entrances=2	
entrenched	VERB=1	entrenched=1	entrenched|a|2|0
entrepreneur			entrepreneur|n|1|0
entrepreneurial	ADJ=9	entrepreneurial=7,Entrepreneurial=2	entrepreneurial|a|2|0
entrepreneurs	NOUN=1		
entrepreneurship	NOUN=1	entrepreneurship=1	
entropy			entropy|n|2|0
entry	NOUN=14	entry=11,Entry=3	entry|n|6|0
envelope	NOUN=3	envelope=3	envelope|n|6|0
envelopes	NOUN=5	envelopes=5	
envious			envious|a|1|0
environment	NOUN=46,PROPN=6	environment=45,Environment=2	environment|n|2|0
environmental	ADJ=17	environmental=14,Environmental=3	environmental|a|2|0
environmentally	ADV=2	environmentally=2	environmentally|r|1|0
environments	NOUN=10	environments=10	
envision	VERB=1	envision=1	envision|v|2|0
envisioned	VERB=2	envisioned=2	envisioned|a|1|0
envoy	NOUN=3,PROPN=1	envoy=3,Envoy=1	envoy|n|3|0
envy	NOUN=1	envy=1	envy|n|2|0;envy|v|2|0
enzyme			enzyme|n|1|0
eos	NOUN=1	EOS=1	Eos|n|1|1
ep	NOUN=1	ep=1	
epa	PROPN=3	EPA=3	EPA|n|1|0
epic	ADJ=5,PROPN=3	Epic=5,epic=2	epic|a|2|0;epic|n|1|0
epidemic	NOUN=3	epidemic=3	epidemic|a|1|0;epidemic|n|1|0
epidemiology			epidemiology|n|1|0
epilepsy	NOUN=1	epilepsy=1	epilepsy|n|1|0
epilogue			epilogue|n|2|0
epiphany			Epiphany|n|1|0;epiphany|n|1|0
episcopal	PROPN=1	Episcopal=1	Episcopal|a|1|0;episcopal|a|1|0
episode	NOUN=19	episode=18,Episode=1	episode|n|4|0
episodes	NOUN=3	episodes=3	
epitome	NOUN=1	epitome=1	epitome|n|2|0
epoch			epoch|n|3|0
epoxy			epoxy|n|1|0;epoxy|v|1|0
epstein	PROPN=3	Epstein=3	Epstein|n|1|1
eq			eq|n|1|0
equal	ADJ=28,VERB=2,NOUN=1	equal=31	equal|a|2|0;equal|n|1|0;equal|v|3|0
equality	NOUN=8,PROPN=4	equality=8,Equality=3,EQUALITY=1	equality|n|2|0
equally	ADV=14	equally=14	equally|r|2|0
equals	VERB=10	equals=8,Equals=1	
equate			equate|v|3|0
equation	NOUN=3	equation=3	equation|n|3|0
equations	NOUN=2	equations=2	
equator			equator|n|2|0
equatorial			equatorial|a|3|0;equatorial|n|1|0
equestrian	ADJ=1	equestrian=1	equestrian|a|2|0;equestrian|n|1|0
equilibrium			equilibrium|n|4|0
equip	VERB=1	equip=1	equip|v|2|0
equipment	NOUN=21	equipment=20	equipment|n|1|0
equipped	VERB=6	equipped=6	equipped|a|4|0
equitable	ADJ=2	equitable=2	equitable|a|1|0
equity	NOUN=7	equity=4,Equity=3	equity|n|3|0
equivalence	NOUN=7,PROPN=4	equivalence=7,Equivalence=4	equivalence|n|3|0
equivalent	ADJ=6,NOUN=3	equivalent=9	equivalent|a|1|0;equivalent|n|2|0
equivalents	NOUN=2	equivalents=2	
er	NOUN=4,INTJ=2,PROPN=1	ER=4,er=1	ER|n|1|0;Er|n|1|0
era	NOUN=13,PROPN=1	era=14	ERA|n|1|0;era|n|2|0
eradicate			eradicate|v|2|0
eradication			eradication|n|1|0
eras	NOUN=1	eras=1	
erase	VERB=1	erase=1	erase|v|3|0
erasmus	PROPN=9	Erasmus=9	Erasmus|n|1|1
erect			erect|a|2|0;erect|v|2|0
erected	VERB=2	erected=2	
erection			erection|n|3|0
eric	PROPN=9	Eric=7	
erica			erica|n|1|0
erie	PROPN=3	Erie=3	Erie|n|3|2
erik	PROPN=1	Erik=1	
erin	PROPN=2		Erin|n|1|1
erm	INTJ=1		
ernest	PROPN=1	Ernest=1	
ernie	PROPN=3	Ernie=2	
ernst	PROPN=1	Ernst=1	Ernst|n|1|1
eroded			eroded|a|1|0
erosion	NOUN=1	erosion=1	erosion|n|4|0
erotic			erotic|a|1|0;erotic|n|1|0
err			err|v|2|0
errands	NOUN=1	errands=1	
erratic	ADJ=2	erratic=2	erratic|a|3|0
erroneous	ADJ=3	erroneous=3	erroneous|a|1|0
error	NOUN=22	error=22	error|n|7|0
errors	NOUN=11	errors=11	
erupted	VERB=2	erupted=2	
eruption			eruption|n|6|0
es	X=1	es=1	Es|n|1|0
esa	NOUN=1,PROPN=1	ESA=2	
escalate			escalate|v|1|0
escalating	VERB=1	escalating=1	
escalation	NOUN=2	escalation=2	escalation|n|1|0
escape	VERB=20,NOUN=4	escape=24	escape|n|8|0;escape|v|7|0
escaped	VERB=5,ADJ=2	escaped=7	escaped|a|1|0
escapes	PROPN=2	Escapes=2	
escaping	VERB=4	escaping=3,Escaping=1	
escort			escort|n|4|0;escort|v|2|0
esoteric			esoteric|a|1|0
esp	ADV=2	esp=1	ESP|n|1|0
especially	ADV=90	especially=85,Especially=1	especially|r|2|0
espionage			espionage|n|1|0
esports	PROPN=1	Esports=1	esports|n|1|0
espresso			espresso|n|1|0
esq			Esq|n|1|0
esquire	PROPN=1	Esquire=1	Esquire|n|1|0;esquire|n|1|0
essay	NOUN=7	essay=7	essay|n|2|0;essay|v|2|0
essence	NOUN=10	essence=10	essence|n|4|0
essential	ADJ=17,NOUN=1	essential=17,Essential=1	essential|a|5|0;essential|n|1|0
essentially	ADV=17	essentially=14	essentially|r|1|0
essentials	NOUN=1	essentials=1	
essex	PROPN=5	Essex=5	Essex|n|1|1
est	PROPN=1,VERB=1	EST=1,est=1	EST|n|1|0
establish	VERB=18	establish=17	establish|v|8|0
established	VERB=33,ADJ=1	established=34	established|a|5|0
establishes	VERB=1	establishes=1	
establishing	VERB=5	establishing=5	
establishment	NOUN=9	establishment=9	establishment|n|7|0
establishments	NOUN=8	establishments=8	
estate	NOUN=16	estate=16	estate|n|3|0
esteem	NOUN=2	esteem=2	esteem|n|3|0;esteem|v|2|0
esteemed			esteemed|a|1|0
esther			Esther|n|2|2
estimate	VERB=12,NOUN=9	estimate=21	estimate|n|5|0;estimate|v|2|0
estimated	VERB=31	estimated=20,Estimated=10	
estimates	NOUN=8,VERB=2	estimates=8	
estimating	VERB=1	estimating=1	
estimation	NOUN=1	estimation=1	estimation|n|4|0
estonia	PROPN=1	Estonia=1	Estonia|n|1|1
estonian	ADJ=1	Estonian=1	Estonian|a|1|0;Estonian|n|1|0
estranged			estranged|a|1|0
estrogen			estrogen|n|1|0
estuary			estuary|n|1|0
et	X=19,PROPN=4,NOUN=1	et=22,ET=2	
eta	NOUN=1	ETA=1	ETA|n|1|1;eta|n|1|0
etc	NOUN=52	etc=52	
etched			etched|a|1|0
etching			etching|n|3|0
eternal	ADJ=2	eternal=2	eternal|a|2|0
eternally	ADV=2	eternally=2	eternally|r|1|0
eternity			eternity|n|3|0
etf			ETF|n|1|0
ethanol			ethanol|n|1|0
ether			ether|n|4|0
ethereal			ethereal|a|4|0
ethernet			ethernet|n|1|0
ethic			ethic|n|2|0
ethical	ADJ=4	ethical=4	ethical|a|3|0
ethically			ethically|r|1|0
ethics	NOUN=8	ethics=8	ethics|n|2|0
ethiopia	PROPN=1	Ethiopia=1	Ethiopia|n|1|1
ethiopian	ADJ=1	Ethiopian=1	Ethiopian|a|1|0;Ethiopian|n|1|0
ethnic	ADJ=11	ethnic=11	ethnic|a|2|0;ethnic|n|1|0
ethnically	ADV=2	ethnically=2	ethnically|r|1|0
ethnicity	NOUN=3	ethnicity=3	ethnicity|n|1|0
ethos			ethos|n|1|0
etiquette	NOUN=4	etiquette=4	etiquette|n|1|0
eton	PROPN=1	Eton=1	
eu	PROPN=7	EU=7	EU|n|1|0;Eu|n|1|0
eugene	PROPN=4	Eugene=2	Eugene|n|2|2
euphoria			euphoria|n|1|0
eureka	PROPN=2	Eureka=2	Eureka|n|2|1
euro	PROPN=3,NOUN=2	Euro=3,euro=1	euro|n|1|0
europa			Europa|n|1|1
europe	PROPN=48	Europe=44,EUROPE=1	Europe|n|3|1
european	ADJ=30,PROPN=1	European=27,european=1	European|a|1|0;European|n|1|0
europeans	PROPN=1	Europeans=1	
euros	NOUN=5	Euros=3,euros=2	
euthanasia			euthanasia|n|1|0
ev	PRON=1	ev=1	eV|n|1|0
eva	PROPN=2,ADV=1	Eva=2,eva=1	
evacuate	VERB=4	evacuate=4	evacuate|v|5|0
evacuated	VERB=5	evacuated=5	
evacuation	NOUN=5	evacuation=5	evacuation|n|3|0
evade	VERB=1	evade=1	evade|v|4|0
evaluate	VERB=5	evaluate=5	evaluate|v|2|0
evaluated	VERB=4	evaluated=4	
evaluating	VERB=7	evaluating=6	
evaluation	NOUN=10	evaluation=9,Evaluation=1	evaluation|n|2|0
evaluations	NOUN=2	Evaluations=1,evaluations=1	
evan	PROPN=1		
evangelical	PROPN=1	Evangelical=1	evangelical|a|3|0
evangelicals	PROPN=2	Evangelicals=2	
evangelist			Evangelist|n|1|0;evangelist|n|1|0
evans	PROPN=2	Evans=2	Evans|n|2|2
evasion			evasion|n|4|0
eve	PROPN=7	Eve=7	Eve|n|1|1;eve|n|3|0
evelyn	PROPN=1	Evelyn=1	
even	ADV=495,ADJ=4,VERB=1	even=434,EVEN=2,Even=1	even|a|6|0;even|n|1|0;even|r|4|0;even|v|3|0
evening	NOUN=33,PROPN=1	evening=33,Evening=1	evening|n|4|0
evenings	NOUN=6	evenings=6	
evenly	ADV=2	evenly=2	evenly|r|2|0
event	NOUN=60	event=60	event|n|4|0
events	NOUN=49	events=47,Events=1	
eventual	ADJ=1	eventual=1	eventual|a|1|0
eventually	ADV=31,ADJ=1	eventually=26	eventually|r|1|0
ever	ADV=175,X=4	ever=160,EVER=8,Ever=6	ever|r|3|0
everest			Everest|n|1|1
everett	PROPN=2	Everett=2	
evergreen	PROPN=3	Evergreen=3	evergreen|a|1|0;evergreen|n|1|0
everlasting			everlasting|a|2|0;everlasting|n|1|0
every	DET=246,ADV=3,ADJ=1,PRON=1	every=231,Every=2,EVERY=1	every|a|2|0
everybody	PRON=30	everybody=23,EVERYBODY=1	
everyday	ADJ=6,NOUN=4,ADV=2	everyday=11,Everyday=1	everyday|a|3|0
everyone	PRON=110	everyone=86,EVERYONE=2,Everyone=2	
everything	PRON=146	everything=122,EVERYTHING=2,Everything=2	everything|n|1|0
everywhere	ADV=15	everywhere=15	everywhere|r|1|0
eviction	NOUN=2	eviction=2	eviction|n|2|0
evidence	NOUN=45,VERB=1	evidence=45	evidence|n|3|0;evidence|v|3|0
evidenced	VERB=1	evidenced=1	evidenced|a|1|0
evident	ADJ=6	evident=6	evident|a|2|0
evidently	ADV=2		evidently|r|1|0
evil	ADJ=7,NOUN=5,ADV=1	evil=13	evil|a|3|0;evil|n|2|0
evils	NOUN=1	evils=1	
evo	PROPN=1	Evo=1	
evoke	VERB=1	evoke=1	evoke|v|5|0
evoked			evoked|a|1|0
evolution	NOUN=13,PROPN=2	evolution=13,Evolution=2	evolution|n|2|0
evolutionary	ADJ=27	evolutionary=25	evolutionary|a|1|0
evolve	VERB=5	evolve=5	evolve|v|3|0
evolved	VERB=11	evolved=10,Evolved=1	
evolves	VERB=1	evolves=1	
evolving	VERB=6	evolving=6	
ew	INTJ=2	ew=1	EW|n|1|0
ex	X=4,PROPN=1	ex=4,Ex=1	ex|a|1|0;ex|n|3|0
exacerbated	VERB=2	exacerbated=2	
exact	ADJ=20,ADV=2	exact=20,Exact=2	exact|a|3|0;exact|v|2|0
exactly	ADV=45	exactly=42,EXACTLY=1	exactly|r|3|0
exaggerate			exaggerate|v|2|0
exaggerated	VERB=4	exaggerated=4	exaggerated|a|2|0
exaggeration	NOUN=3	exaggeration=3	exaggeration|n|3|0
exalted	ADJ=1,VERB=1	exalted=2	exalted|a|1|0
exam	NOUN=18	exam=18	exam|n|1|0
examination	NOUN=6	examination=6	examination|n|5|0
examine	VERB=6	examine=6	examine|v|5|0
examined	VERB=7	examined=7	
examiner			examiner|n|2|0
examines	VERB=2	examines=2	
examining	VERB=8,NOUN=2	examining=9	
example	NOUN=148,PROPN=1	example=144,Example=1	example|n|6|0
examples	NOUN=23	examples=22,Examples=1	
exams	NOUN=3	exams=3	
excavation			excavation|n|4|0
excavations	NOUN=1	excavations=1	
exceed	VERB=7	exceed=7	exceed|v|3|0
exceeded	VERB=4	exceeded=4	
exceeding			exceeding|a|1|0
exceedingly	ADV=3	exceedingly=3	exceedingly|r|1|0
exceeds	VERB=1	exceeds=1	
excel	PROPN=4,VERB=1	excel=3,Excel=2	excel|v|1|0
excellence	NOUN=5	excellence=4	excellence|n|2|0
excellency			Excellency|n|1|0;excellency|n|1|0
excellent	ADJ=106	excellent=71,Excellent=3,EXCELLENT=2	excellent|a|1|0
except	ADP=34,SCONJ=9	except=40,EXCEPT=1,Except=1	except|v|2|0
exception	NOUN=16	exception=16	exception|n|3|0
exceptional	ADJ=5	exceptional=5	exceptional|a|3|0
exceptionally	ADV=6	exceptionally=5	exceptionally|r|1|0
exceptions	NOUN=1	exceptions=1	
excerpt	NOUN=3	excerpt=2	excerpt|n|1|0;excerpt|v|1|0
excerpts	NOUN=1	excerpts=1	
excess	ADJ=3	excess=2,Excess=1	excess|a|1|0;excess|n|4|0
excesses	NOUN=3	excesses=3	
excessive	ADJ=6	excessive=6	excessive|a|2|0
excessively			excessively|r|1|0
exchange	NOUN=14,PROPN=4,VERB=3	exchange=17,Exchange=4	exchange|n|11|0;exchange|v|6|0
exchanged	VERB=2	exchanged=2	exchanged|a|1|0
exchanges	VERB=3,NOUN=2	exchanges=5	
exchequer			exchequer|n|1|0
excise			excise|n|1|0;excise|v|3|0
excite	VERB=1	excite=1	excite|v|8|0
excited	ADJ=14,VERB=4	excited=18	excited|a|4|0
excitement	NOUN=9	excitement=8	excitement|n|4|0
exciting	ADJ=12	exciting=12	exciting|a|2|0
exclamation	NOUN=1	exclamation=1	exclamation|n|3|0
exclude	VERB=2	exclude=2	exclude|v|5|0
excluded	VERB=6	excluded=6	
excluding	VERB=2	excluding=2	
exclusion	NOUN=3	exclusion=3	exclusion|n|4|0
exclusive	ADJ=3	exclusive=3	exclusive|a|3|0;exclusive|n|1|0
exclusively	ADV=3	exclusively=3	exclusively|r|1|0
excursion			excursion|n|2|0
excuse	VERB=7,NOUN=5	excuse=10,Excuse=1	excuse|n|3|0;excuse|v|6|0
excused			excused|a|1|0
excuses	NOUN=3	excuses=3	
exec			EXEC|n|1|0
execute	VERB=17	execute=17	execute|v|7|0
executed	VERB=17	executed=17	executed|a|1|0
executing	VERB=4	executing=4	executing|n|1|0
execution	NOUN=14	execution=14	execution|n|7|0
executioner			executioner|n|1|0
executions	NOUN=1	executions=1	
executive	ADJ=35,NOUN=1	Executive=18,executive=13	executive|a|1|0;executive|n|3|0
executives	NOUN=2,PROPN=1	executives=2,Executives=1	
exemplary			exemplary|a|3|0
exemplified	VERB=2	exemplified=2	
exempt			exempt|a|2|0;exempt|v|2|0
exemption			exemption|n|3|0
exercise	NOUN=10,VERB=7,PROPN=1	exercise=17,Exercise=1	exercise|n|6|0;exercise|v|5|0
exercised	VERB=2	exercised=2	
exercises	NOUN=2,PROPN=1,VERB=1	exercises=2,Exercises=1	
exercising	NOUN=1	exercising=1	exercising|n|1|0
exert			exert|v|3|0
exeter	PROPN=4	Exeter=4	
exhale			exhale|v|2|0
exhaust	NOUN=1	exhaust=1	exhaust|n|2|0;exhaust|v|5|0
exhausted	ADJ=1,VERB=1	exhausted=2	exhausted|a|3|0
exhausting	ADJ=1	exhausting=1	exhausting|a|2|0
exhaustion	NOUN=1	exhaustion=1	exhaustion|n|3|0
exhaustive			exhaustive|a|1|0
exhibit	NOUN=24,VERB=2	exhibit=25	exhibit|n|2|0;exhibit|v|4|0
exhibited	VERB=5	exhibited=5	
exhibition	NOUN=4	exhibition=4	exhibition|n|2|0
exhibits	NOUN=7,VERB=2	exhibits=9	
exhilarating			exhilarating|a|2|0
exile	PROPN=4	Exile=1	exile|n|3|0;exile|v|1|0
exiled	VERB=2	exiled=2	
exist	VERB=31	exist=31	exist|v|2|0
existed	VERB=11	existed=11	
existence	NOUN=10	existence=10	existence|n|2|0
existent	ADJ=1	existent=1	existent|a|3|0
existential			existential|a|3|0
existing	VERB=17	existing=17	existing|a|3|0
exists	VERB=13	exists=13	
exit	NOUN=6	exit=5,Exit=1	exit|n|3|0;exit|v|3|0
exodus	NOUN=1	exodus=1	Exodus|n|1|1;exodus|n|1|0
exotic	ADJ=3	Exotic=1,exotic=1	exotic|a|2|0
expand	VERB=9	expand=9	expand|v|7|0
expanded	VERB=9,ADJ=1	expanded=10	expanded|a|1|0
expanding	VERB=14	expanding=14	
expands	VERB=1	expands=1	
expanse			expanse|n|3|0
expansion	NOUN=15,PROPN=2	expansion=14,Expansion=3	expansion|n|4|0
expansive	ADJ=1	expansive=1	expansive|a|4|0
expect	VERB=57	expect=50,Expect=1	expect|v|6|0
expectancy	NOUN=2	expectancy=2	expectancy|n|2|0
expectation	NOUN=5	expectation=5	expectation|n|4|0
expectations	NOUN=17	expectations=16	
expected	VERB=32	expected=32	expected|a|1|0
expecting	VERB=13	expecting=12,EXPECTING=1	
expects	VERB=4	expects=4	
expedition			expedition|n|5|0
expeditions	NOUN=1	expeditions=1	
expel			expel|v|4|0
expelled	VERB=1	expelled=1	
expenditure			expenditure|n|3|0
expenditures	NOUN=1	expenditures=1	
expense	NOUN=13,VERB=1	expense=14	expense|n|3|0;expense|v|1|0
expenses	NOUN=6	expenses=6	
expensive	ADJ=49	expensive=45,EXPENSIVE=1,Expensive=1	expensive|a|1|0
experience	NOUN=156,VERB=14,PROPN=1	experience=162,Experience=6,EXPERIENCE=2	experience|n|3|0;experience|v|5|0
experienced	VERB=20,ADJ=6	experienced=24,EXPERIENCED=1,Experienced=1	experienced|a|1|0
experiences	NOUN=29	experiences=28,EXPERIENCES=1	
experiencing	VERB=9	experiencing=9	
experiment	NOUN=6,VERB=5	experiment=10	experiment|n|3|0;experiment|v|2|0
experimental	ADJ=20	experimental=19	experimental|a|3|0
experimentation	NOUN=2	experimentation=2	experimentation|n|2|0
experimented	VERB=1	experimented=1	
experimenting	VERB=3	experimenting=3	
experiments	NOUN=8	experiments=8	
expert	NOUN=11,ADJ=3	expert=14	expert|a|2|0;expert|n|1|0
expertise	NOUN=20	expertise=20	expertise|n|1|0
experts	NOUN=17	experts=16,Experts=1	
expiration	NOUN=3	expiration=3	expiration|n|3|0
expire	VERB=3	expire=3	expire|v|3|0
expired	ADJ=15,VERB=5	expired=17	expired|a|1|0
expires	VERB=2	expires=1	
explain	VERB=39	explain=37	explain|v|3|0
explained	VERB=30	explained=30	
explaining	VERB=6	explaining=6	
explains	VERB=9	explains=9	
explanation	NOUN=11	explanation=11	explanation|n|3|0
explanations	NOUN=7	explanations=7	
explanatory	ADJ=2	explanatory=2	explanatory|a|1|0
explicit	ADJ=3	explicit=3	explicit|a|2|0
explicitly	ADV=6	explicitly=6	explicitly|r|1|0
explode	VERB=3	explode=3	explode|v|10|0
exploded	VERB=2	exploded=2	exploded|a|1|0
exploding	VERB=2	exploding=2	
exploit	VERB=3	exploit=3	exploit|n|1|0;exploit|v|3|0
exploitation	NOUN=2	exploitation=2	exploitation|n|2|0
exploited	VERB=4	exploited=4	exploited|a|2|0
exploiting	VERB=2	exploiting=2	
exploration	NOUN=14,PROPN=1	exploration=12,Exploration=3	exploration|n|3|0
exploratory	ADJ=1	exploratory=1	exploratory|a|1|0
explore	VERB=22	explore=21	explore|v|4|0
explored	VERB=3	explored=3	
explorer	PROPN=13	Explorer=13	Explorer|n|1|1;explorer|n|1|0
explorers	NOUN=2	explorers=2	
exploring	VERB=5,NOUN=1	exploring=6	
explosion	NOUN=1	explosion=1	explosion|n|7|0
explosions	NOUN=1	explosions=1	
explosive	ADJ=3	explosive=3	explosive|a|3|0;explosive|n|1|0
explosives	NOUN=4	explosives=4	
expo	PROPN=2	Expo=2	expo|n|1|0
exponential			exponential|a|1|0;exponential|n|1|0
exponentially	ADV=3	exponentially=3	exponentially|r|1|0
export	VERB=2,X=1	export=2,Export=1	export|n|1|0;export|v|3|0
exported	VERB=1	exported=1	
exporter	NOUN=2	exporter=2	exporter|n|1|0
exporting	VERB=1	exporting=1	exporting|n|1|0
exports	NOUN=4	exports=4	
expose	VERB=1,X=1	expose=2	expose|n|1|0;expose|v|9|0
exposed	VERB=7,ADJ=1	exposed=8	exposed|a|2|0
exposing	VERB=1	exposing=1	
exposition	PROPN=1	Exposition=1	exposition|n|4|0
exposure	NOUN=31	exposure=31	exposure|n|10|0
exposures	NOUN=1	exposures=1	
express	VERB=11,ADJ=7,PROPN=3	express=17,Express=4	express|a|2|0;express|n|3|0;express|r|1|0;express|v|7|0
expressed	VERB=24	expressed=24	expressed|a|2|0
expresses	VERB=2	expresses=2	
expressing	VERB=1	expressing=1	
expression	NOUN=11	expression=11	expression|n|9|0
expressions	NOUN=3	expressions=3	
expressive	ADJ=1	expressive=1	expressive|a|2|0
expressly	ADV=6	expressly=6	expressly|r|1|0
expressway	PROPN=4	Expressway=4	expressway|n|1|0
expulsion	NOUN=4	expulsion=4	expulsion|n|3|0
exquisite	ADJ=4	exquisite=4	exquisite|a|4|0
ext	NOUN=1	ext=1	
extant	ADJ=5	extant=5	extant|a|1|0
extend	VERB=17	extend=15	extend|v|17|0
extended	VERB=9,ADJ=3	extended=12	extended|a|5|0
extending	VERB=6	extending=6	
extends	VERB=1	extends=1	
extension	NOUN=5	extension=5	extension|n|12|0
extensions	NOUN=3	extensions=3	
extensive	ADJ=13	extensive=12	extensive|a|3|0
extensively	ADV=2	extensively=2	extensively|r|1|0
extent	NOUN=19	extent=19	extent|n|2|0
exterior	NOUN=1	exterior=1	exterior|a|1|0;exterior|n|2|0
extermination	NOUN=1	extermination=1	extermination|n|2|0
external	ADJ=9	external=9	external|a|4|0;external|n|1|0
externally			externally|r|2|0
extinct	ADJ=2	extinct=2	extinct|a|3|0
extinction	NOUN=5	extinction=5	extinction|n|6|0
extinguished			extinguished|a|1|0
extortion			extortion|n|3|0
extra	ADJ=28,ADV=2,NOUN=2	extra=31,EXTRA=1	extra|a|3|0;extra|n|3|0;extra|r|1|0
extract	NOUN=7,PROPN=3,VERB=1	extract=8	extract|n|2|0;extract|v|8|0
extracting	VERB=1	extracting=1	
extraction	NOUN=6	extraction=5,Extraction=1	extraction|n|3|0
extracts	PROPN=1,VERB=1	extracts=1	
extradition	NOUN=3	extradition=3	extradition|n|1|0
extraordinarily	ADV=1	extraordinarily=1	extraordinarily|r|1|0
extraordinary	ADJ=5	extraordinary=5	extraordinary|a|3|0
extras	NOUN=1	extras=1	
extraterrestrial	ADJ=1	extraterrestrial=1	extraterrestrial|a|1|0;extraterrestrial|n|1|0
extravagant	ADJ=1	extravagant=1	extravagant|a|2|0
extreme	ADJ=16,NOUN=1	extreme=16,Extreme=1	extreme|a|4|0;extreme|n|2|0
extremely	ADV=61	extremely=58	extremely|r|2|0
extremism	NOUN=1	extremism=1	extremism|n|1|0
extremist	NOUN=6,ADJ=1	extremist=7	extremist|a|1|0;extremist|n|1|0
extremists	NOUN=6	extremists=6	
exxon	PROPN=1		
ey	X=1	ey=1	
eye	NOUN=34,PROPN=3	eye=33,Eye=4	eye|n|5|0;eye|v|1|0
eyeball			eyeball|n|1|0;eyeball|v|1|0
eyebrow			eyebrow|n|1|0
eyebrows	NOUN=2	eyebrows=2	
eyed	ADJ=1,VERB=1	eyed=2	eyed|a|1|0
eyelids	NOUN=1	eyelids=1	
eyeliner			eyeliner|n|1|0
eyes	NOUN=40	eyes=39	eyes|n|1|0
eyeshadow			eyeshadow|n|1|0
eyesight			eyesight|n|1|0
eyewitness	NOUN=1	eyewitness=1	eyewitness|n|1|0;eyewitness|v|1|0
eyre			Eyre|n|1|1
ezekiel			Ezekiel|n|2|2
ezra			Ezra|n|2|2
fa			fa|n|1|0
faa			FAA|n|1|0
fab	ADJ=3	fab=3	fab|a|1|0
fabian			Fabian|a|1|0;Fabian|n|1|0;fabian|a|1|0
fabio	PROPN=5	Fabio=4	
fable			fable|n|3|0
fabric	NOUN=7	fabric=7	fabric|n|2|0
fabricated			fabricated|a|1|0
fabrication			fabrication|n|5|0
fabrics	PROPN=1	Fabrics=1	
fabulous	ADJ=8	fabulous=7,FABULOUS=1	fabulous|a|3|0
facade	NOUN=1	facade=1	facade|n|2|0
face	NOUN=45,VERB=31	face=76	face|n|13|0;face|v|9|0
facebook	PROPN=14	Facebook=12,facebook=1	
faced	VERB=12,ADJ=2,PROPN=1	faced=14,Faced=1	faced|a|1|0
faces	NOUN=13,VERB=4	faces=17	
facet	NOUN=3	facet=3	facet|n|2|0
facets	NOUN=2	facets=2	
facial	ADJ=1	facial=1	facial|a|2|0;facial|n|2|0
facilitate	VERB=9	facilitate=9	facilitate|v|3|0
facilitated	VERB=1	facilitated=1	
facilitating	VERB=2	facilitating=2	
facilities	NOUN=29	facilities=29	
facility	NOUN=14,PROPN=1	facility=13,Facility=2	facility|n|5|0
facing	VERB=16	facing=16	facing|n|4|0
fact	NOUN=134	fact=134	fact|n|4|0
faction	NOUN=2	faction=2	faction|n|2|0
factions	NOUN=6	factions=6	
facto	X=1	facto=1	
factor	NOUN=18,PROPN=11,VERB=1	factor=17,Factor=13	factor|n|7|0;factor|v|3|0
factories	NOUN=2	factories=2	
factors	NOUN=17	factors=16	
factory	NOUN=8,PROPN=2	factory=8,Factory=2	factory|n|1|0
facts	NOUN=36	facts=34,Facts=2	
factual	ADJ=3	factual=3	factual|a|2|0
faculties	NOUN=1,PROPN=1	Faculties=1,faculties=1	
faculty	NOUN=14,PROPN=3	faculty=14,Faculty=3	faculty|n|2|0
fad			fad|n|1|0
fade			fade|n|2|0;fade|v|4|0
faded	VERB=2	faded=2	faded|a|2|0
fades	VERB=1	fades=1	
fading	VERB=1	fading=1	fading|n|1|0
fag			fag|n|2|0;fag|v|3|0
faggot			faggot|n|2|0;faggot|v|3|0
fahrenheit	PROPN=4	Fahrenheit=3	Fahrenheit|a|1|0;Fahrenheit|n|1|1
fail	VERB=9	fail=9	fail|v|11|0
failed	VERB=23,ADJ=1	failed=23	
failing	VERB=6	failing=6	failing|a|1|0;failing|n|2|0
fails	VERB=2	fails=2	
failure	NOUN=21,PROPN=1	failure=20,Failure=2	failure|n|7|0
failures	NOUN=7	failures=7	
faint	ADJ=2	faint=2	faint|a|6|0;faint|n|1|0;faint|v|1|0
fair	ADJ=47,PROPN=5,NOUN=3	fair=45,Fair=8,FAIR=1	fair|a|10|0;fair|n|4|0;fair|r|2|0;fair|v|1|0
fairer	ADJ=2	fairer=2	
fairest	ADJ=1	fairest=1	
fairly	ADV=21	fairly=21	fairly|r|3|0
fairness	NOUN=3	fairness=3	fairness|n|4|0
fairs	NOUN=1	fairs=1	
fairy	NOUN=5,PROPN=1	fairy=5,Fairy=1	fairy|n|2|0
fairytale			fairytale|n|2|0
faith	NOUN=22	faith=22	faith|n|4|0
faithful	ADJ=4	faithful=3,Faithful=1	faithful|a|3|0;faithful|n|2|0
faithfully	ADV=3	faithfully=3	faithfully|r|1|0
fake	ADJ=8,NOUN=1,PROPN=1	fake=9,Fake=1	fake|a|2|0;fake|n|3|0;fake|v|3|0
fakes	NOUN=1	fakes=1	
falcon			falcon|n|1|0;falcon|v|1|0
fall	NOUN=26,VERB=22,PROPN=1,X=1	fall=42,Fall=7,FALL=1	Fall|n|1|1;fall|n|11|0;fall|v|32|0
fallacy	NOUN=1	fallacy=1	fallacy|n|1|0
fallen	VERB=11	fallen=10,Fallen=1	fallen|a|4|0
falling	VERB=10,NOUN=1,PROPN=1	falling=11	falling|a|3|0
fallon	PROPN=5	Fallon=5	
fallout	NOUN=4	fallout=4	fallout|n|2|0
falls	PROPN=7,VERB=7,NOUN=4	falls=11,Falls=7	falls|n|2|0
false	ADJ=17	false=17	false|a|10|0;false|r|1|0
falsely			falsely|r|2|0
fam	NOUN=1	fam=1	
fame	NOUN=7,PROPN=3	fame=7,Fame=3	fame|n|2|0
famed	ADJ=2	famed=2	famed|a|1|0
familial			familial|a|2|0
familiar	ADJ=19	familiar=19	familiar|a|4|0;familiar|n|3|0
familiarity	NOUN=2	familiarity=2	familiarity|n|5|0
families	NOUN=30	families=30	
family	NOUN=161,PROPN=6	family=155,Family=9,FAMILY=1	family|n|8|0
famine			famine|n|2|0
famous	ADJ=24	famous=24	famous|a|1|0
famously	ADV=2	famously=2	famously|r|2|0
fan	NOUN=25,PROPN=3	fan=23,Fan=5	fan|n|3|0;fan|v|4|0
fanatic	ADJ=3	fanatic=3	fanatic|a|1|0;fanatic|n|1|0
fanbase			fanbase|n|1|0
fancied			fancied|a|1|0
fancy	ADJ=6,NOUN=1,VERB=1	fancy=7,Fancy=1	fancy|a|1|0;fancy|n|3|0;fancy|v|2|0
fandom	NOUN=1	fandom=1	fandom|n|1|0
fanfare			fanfare|n|2|0
fang	PROPN=2	Fang=2	Fang|n|1|0;fang|n|3|0
fanny			fanny|n|2|0
fans	NOUN=20	fans=19,Fans=1	
fantastic	ADJ=35	fantastic=24,FANTASTIC=1	fantastic|a|5|0
fantasy	NOUN=10	fantasy=10	fantasy|n|3|0;fantasy|v|1|0
faq	NOUN=1	FAQ=1	FAQ|n|1|0
far	ADV=152,ADJ=11	far=152,Far=8,FAR=1	FAR|n|1|1;far|a|4|0;far|r|5|0
farce	NOUN=3	farce=3	farce|n|2|0;farce|v|1|0
fare	NOUN=7	fare=7	fare|n|4|0;fare|v|2|0
fares	NOUN=1	fares=1	
farewell	INTJ=1,NOUN=1	farewell=1	farewell|n|2|0
fargo			Fargo|n|1|1
farm	NOUN=10,PROPN=4	farm=10,Farm=4	farm|n|1|0;farm|v|3|0
farmer	NOUN=3,PROPN=1	farmer=3,Farmer=1	Farmer|n|2|2;farmer|n|1|0
farmers	NOUN=4	farmers=4	
farmhouse			farmhouse|n|1|0
farming	NOUN=3	farming=3	farming|a|1|0;farming|n|2|0
farmland	NOUN=1	farmland=1	farmland|n|2|0
farms	NOUN=4,PROPN=1	farms=4,Farms=1	
farrell	PROPN=2	Farrell=1	Farrell|n|2|2
fart			fart|n|1|0;fart|v|1|0
farther	ADV=2,ADJ=1	farther=3	farther|a|2|0;farther|r|2|0
fascinated			fascinated|a|1|0
fascinating	ADJ=7	fascinating=5	fascinating|a|2|0
fascination	NOUN=1	fascination=1	fascination|n|3|0
fascism	NOUN=2	fascism=2	fascism|n|1|0
fascist	ADJ=2,NOUN=1	fascist=2,Fascist=1	fascist|a|1|0;fascist|n|1|0
fascists	NOUN=2	fascists=2	
fashion	NOUN=10,ADJ=1	fashion=11	fashion|n|4|0;fashion|v|1|0
fashionable	ADJ=1	fashionable=1	fashionable|a|3|0
fashioned	ADJ=5,VERB=1	fashioned=6	fashioned|a|1|0
fast	ADJ=36,ADV=14	fast=44	fast|a|10|0;fast|n|1|0;fast|r|2|0;fast|v|2|0
faster	ADJ=7,ADV=5	faster=10,Faster=1	faster|r|1|0
fastest	ADJ=2,ADV=1	fastest=3	fastest|r|1|0
fasting			fasting|n|1|0
fat	ADJ=15,NOUN=3	fat=18	fat|a|5|0;fat|n|3|0;fat|v|1|0
fatal	ADJ=4	fatal=4	fatal|a|4|0
fatalities	NOUN=2	fatalities=2	
fatality	NOUN=1	fatality=1	fatality|n|2|0
fatally	ADV=2	fatally=2	fatally|r|1|0
fate	NOUN=7	fate=7	fate|n|3|0;fate|v|1|0
fated	ADJ=1	fated=1	fated|a|1|0
father	NOUN=70,PROPN=3	father=70,Father=3	Father|n|3|1;father|n|5|0;father|v|1|0
fathers	NOUN=2	fathers=2	
fathom	VERB=1	fathom=1	fathom|n|2|0;fathom|v|2|0
fatigue	NOUN=1	fatigue=1	fatigue|n|4|0;fatigue|v|2|0
fatima			Fatima|n|1|1
fatty	ADJ=2	fatty=1	fatty|a|1|0;fatty|n|1|0
faulkner			Faulkner|n|1|1
fault	NOUN=8	fault=8	fault|n|7|0;fault|v|1|0
faulty	ADJ=5	faulty=5	faulty|a|2|0
fauna	NOUN=2	fauna=2	fauna|n|2|0
faux			faux|a|1|0
fave	NOUN=1	fave=1	
favor	NOUN=22,VERB=4	favor=26	favor|n|5|0;favor|v|4|0
favorable	ADJ=6	favorable=6	favorable|a|4|0
favorably	ADV=1	favorably=1	favorably|r|1|0
favored	VERB=1	favored=1	favored|a|1|0
favoring	VERB=1	favoring=1	
favorite	ADJ=35,NOUN=13	favorite=43,Favorite=2	favorite|a|2|0;favorite|n|3|0;favorite|v|1|0
favorites	NOUN=3	favorites=3	
favors	VERB=2,NOUN=1	favors=3	
favour	NOUN=5	favour=5	favour|n|5|0;favour|v|4|0
favourable	ADJ=2	favourable=2	favourable|a|4|0
favoured	VERB=3	favoured=3	favoured|s|1|0
favourite	ADJ=2,NOUN=1	favourite=3	favourite|a|2|0;favourite|n|3|0;favourite|v|1|0
favours	NOUN=1	favours=1	
fax	NOUN=54,VERB=6	Fax=37,fax=21,FAX=1	fax|n|1|0;fax|v|1|0
fay			fay|n|1|0
fbi	PROPN=20	FBI=20	FBI|n|1|0
fcc			FCC|n|1|0
fda			FDA|n|1|0
fe	PROPN=4	Fe=4	Fe|n|1|0
fear	NOUN=46,VERB=8,PROPN=1	fear=48,Fear=2	fear|n|3|0;fear|v|5|0
feared	VERB=6	feared=6	
fearful			fearful|a|5|0
fearing	VERB=1	fearing=1	
fearless	ADJ=1	fearless=1	fearless|a|2|0
fears	NOUN=9	fears=9	
feasibility			feasibility|n|1|0
feasible	ADJ=6	feasible=6	feasible|a|1|0
feast	NOUN=2,VERB=2	feast=4	feast|n|4|0;feast|v|3|0
feat	NOUN=2	feat=2	feat|n|1|0
feather	NOUN=3	feather=2	feather|n|2|0;feather|v|5|0
feathers	NOUN=14	feathers=13,FEATHERS=1	
feature	NOUN=9,VERB=5	feature=14	feature|n|6|0;feature|v|2|0
featured	VERB=8	featured=8	featured|a|2|0
features	NOUN=13,VERB=5	features=18	
featuring	VERB=5	featuring=5	
feb	PROPN=7	Feb=4,feb=1	Feb|n|1|0
february	PROPN=42	February=42	February|n|1|0
feces	NOUN=3	feces=3	feces|n|1|0
fed	ADJ=2,VERB=2	fed=3,Fed=1	Fed|n|2|0
federal	ADJ=53,PROPN=4	federal=32,Federal=25	Federal|a|1|0;Federal|n|2|0;federal|a|3|0
federally	ADV=1	federally=1	federally|r|1|0
federation	NOUN=3,PROPN=1	Federation=2,federation=2	federation|n|3|0
fedex	PROPN=3	Fedex=1	
feds	NOUN=1,PROPN=1	Feds=1,feds=1	
fee	NOUN=16,PROPN=1	fee=14,Fee=3	fee|n|2|0;fee|v|1|0
feeble	ADJ=1	feeble=1	feeble|a|4|0
feed	VERB=39,NOUN=6	feed=43	feed|n|1|0;feed|v|11|0
feedback	NOUN=14	feedback=14	feedback|n|2|0
feeder	NOUN=2	feeder=2	feeder|n|6|0
feeding	VERB=7,NOUN=5	feeding=12	feeding|n|2|0
feeds	NOUN=2,VERB=2	feeds=4	
feel	VERB=203,NOUN=10	feel=202,Feel=2	feel|n|4|0;feel|v|13|0
feeling	VERB=21,NOUN=17	feeling=38	feeling|n|6|0
feelings	NOUN=7	feelings=7	feelings|n|1|0
feels	VERB=29	feels=28	
fees	NOUN=9	fees=9	
feet	NOUN=55	feet=52,Feet=1	
fei	PROPN=2	Fei=2	
felicity	NOUN=2	felicity=2	felicity|n|2|0
feline			feline|a|1|0;feline|n|1|0
felipe	PROPN=1	Felipe=1	
felix	PROPN=2	Felix=1	
fell	VERB=17	fell=17	fell|a|1|0;fell|n|3|0;fell|v|3|0
fella			fella|n|1|0
fellow	ADJ=20,NOUN=5,PROPN=3	fellow=23,Fellow=5	fellow|n|7|0
fellows	NOUN=1	fellows=1	
fellowship	PROPN=1	Fellowship=1	fellowship|n|3|0
felon			felon|n|2|0
felony	NOUN=2	felony=2	felony|n|1|0
felt	VERB=76	felt=76	felt|n|1|0;felt|v|3|0
female	NOUN=14,ADJ=13	female=27	female|a|3|0;female|n|2|0
females	NOUN=8	females=8	
feminine			feminine|a|4|0;feminine|n|1|0
femininity			femininity|n|1|0
feminism	NOUN=1	feminism=1	feminism|n|2|0
feminist			feminist|a|1|0;feminist|n|1|0
fence	NOUN=7	fence=7	fence|n|2|0;fence|v|5|0
fencing			fencing|n|3|0
fend	VERB=2	fend=2	fend|v|2|0
fender	NOUN=1	fender=1	fender|n|4|0
feng	NOUN=1,PROPN=1	Feng=2	
feral			feral|a|1|0
ferdinand			Ferdinand|n|1|1
ferguson	PROPN=1	Ferguson=1	
fermentation			fermentation|n|2|0
fermented	VERB=1	fermented=1	
fern			fern|n|1|0
fernandez	PROPN=1	Fernandez=1	
fernando	PROPN=2	Fernando=2	
ferocious			ferocious|a|1|0
ferrari	PROPN=2	Ferrari=2	
ferries	NOUN=4	ferries=4	
ferry	NOUN=8,VERB=1	ferry=8	ferry|n|2|0;ferry|v|3|0
fertile	ADJ=2	fertile=2	fertile|a|4|0
fertility			fertility|n|3|0
fertilizer	NOUN=3	fertilizer=3	fertilizer|n|1|0
fest	PROPN=1	Fest=1	
festival	PROPN=11,NOUN=9	Festival=11,festival=9	festival|n|2|0
festivals	NOUN=9	festivals=8,Festivals=1	
festive	ADJ=1	festive=1	festive|a|1|0
festivities	NOUN=1	festivities=1	
fetal			fetal|a|1|0
fetch	VERB=1	fetch=1	fetch|n|1|0;fetch|v|3|0
fetched	ADJ=1	fetched=1	
fetish			fetish|n|3|0
fetus			fetus|n|1|0
feud			feud|n|1|0;feud|v|1|0
feudal			feudal|a|1|0
fever	NOUN=6,PROPN=1	fever=6,FEVER=1	fever|n|2|0
few	ADJ=251	few=249	few|a|1|0;few|n|1|0
fewer	ADJ=7	fewer=7	fewer|a|1|0
ff	NOUN=1	ff=1	
fi	NOUN=7,PROPN=1	fi=7,Fi=1	
fiance	NOUN=1	fiance=1	fiance|n|1|0
fiancee			fiancee|n|1|0
fiasco	PROPN=1	Fiasco=1	fiasco|n|1|0
fiat			fiat|n|1|0
fiber			fiber|n|5|0
fibre			fibre|n|5|0
fibrosis			fibrosis|n|1|0
fickle			fickle|a|2|0
fiction	NOUN=18	fiction=18	fiction|n|2|0
fictional	ADJ=1	fictional=1	fictional|a|2|0
fictitious			fictitious|a|2|0
fiddle			fiddle|n|1|0;fiddle|v|7|0
fide	X=1	fide=1	
fidel	PROPN=1	Fidel=1	
fidelity	PROPN=1	Fidelity=1	fidelity|n|2|0
field	NOUN=46,PROPN=1	field=43,Field=3	field|n|17|0;field|v|4|0
fielder			fielder|n|2|0
fielding			Fielding|n|1|1;fielding|n|1|0
fields	NOUN=22	fields=22	Fields|n|1|1
fiend			fiend|n|3|0
fierce			fierce|a|4|0
fiercely	ADV=1	fiercely=1	fiercely|r|2|0
fiery			fiery|a|3|0
fiesta			fiesta|n|1|0
fifa	PROPN=4	FIFA=3	
fife			fife|n|1|0
fifteen	NUM=16	fifteen=15,Fifteen=1	fifteen|a|1|0;fifteen|n|1|0
fifteenth	NOUN=1	fifteenth=1	fifteenth|a|1|0;fifteenth|n|1|0
fifth	ADJ=8,ADV=4,NOUN=2	fifth=12	fifth|a|1|0;fifth|n|4|0
fifties	NOUN=1	fifties=1	fifties|n|2|0
fifty	NUM=20,ADJ=1,PROPN=1	fifty=18,Fifty=1	fifty|a|1|0;fifty|n|2|0
fig			FIG|n|1|1;fig|n|3|0
fight	VERB=40,NOUN=14	fight=54	fight|n|5|0;fight|v|4|0
fighter	NOUN=12	fighter=11,Fighter=1	fighter|n|3|0
fighters	NOUN=3,PROPN=2	fighters=3,Fighters=2	
fighting	VERB=26,NOUN=8	fighting=30,Fighting=4	fighting|a|1|0;fighting|n|1|0
fights	NOUN=2	fights=2	
figurative			figurative|a|2|0
figure	PROPN=48,VERB=29,NOUN=15	figure=45,Figure=19	figure|n|13|0;figure|v|5|0
figured	VERB=14	figured=13	figured|a|1|0
figures	NOUN=11,VERB=2	figures=10,Figures=1	
figuring	VERB=2	figuring=2	figuring|n|1|0
fiji	PROPN=5,NOUN=1	Fiji=5,fiji=1	Fiji|n|1|1
filament			filament|n|4|0
file	NOUN=71,VERB=5	file=52,File=14	file|n|4|0;file|v|5|0
filed	VERB=22	filed=21	
files	NOUN=18	files=18	
filing	NOUN=6,VERB=2	filing=8	filing|n|4|0
filipino	ADJ=1	Filipino=1	Filipino|a|1|0;Filipino|n|2|0
filipinos	PROPN=1	filipinos=1	
fill	VERB=36	fill=29	fill|n|2|0;fill|v|9|0
filled	VERB=27	filled=26	filled|a|3|0
filler	NOUN=1	filler=1	filler|n|5|0
filling	VERB=4,ADJ=1,NOUN=1	filling=6	filling|n|6|0
fills	VERB=2	fills=2	
filly			filly|n|1|0
film	NOUN=41,PROPN=5,VERB=4	film=45,Film=5	film|n|5|0;film|v|2|0
filmed	VERB=4	filmed=4	filmed|a|1|0
filming	VERB=3,NOUN=2	filming=5	filming|n|1|0
filmmaker	NOUN=1	filmmaker=1	filmmaker|n|1|0
films	NOUN=11,PROPN=2	films=11,Films=2	
filter	NOUN=17,VERB=1	filter=17	filter|n|2|0;filter|v|3|0
filtered	VERB=4	filtered=4	
filtering	VERB=1	filtering=1	
filters	NOUN=4,VERB=2	filters=6	
filth	NOUN=1	filth=1	filth|n|4|0
filthy	ADJ=1	filthy=1	filthy|a|3|0
filtration			filtration|n|2|0
fin			fin|n|6|0;fin|v|3|0
final	ADJ=51,NOUN=4	final=52,Final=1	final|a|3|0;final|n|2|0
finale			finale|n|3|0
finalist			finalist|n|1|0
finalists	NOUN=2	finalists=2	
finally	ADV=83	finally=51,FINALLY=2,Finally=1	finally|r|3|0
finals	NOUN=5	finals=4	
finance	NOUN=18,PROPN=4,VERB=2	finance=16,Finance=8	finance|n|3|0;finance|v|2|0
financed	VERB=5	financed=5	
finances	NOUN=4	finances=4	finances|n|1|0
financial	ADJ=38	financial=35,Financial=3	financial|a|1|0
financially	ADV=5	financially=4	financially|r|1|0
financing	NOUN=6,VERB=2	financing=8	financing|n|1|0
finch	NOUN=2	finch=2	finch|n|1|0
find	VERB=291,NOUN=1	find=283	find|n|2|0;find|v|15|0
finder			finder|n|3|0
finding	NOUN=25,VERB=24	finding=46,Finding=1	finding|n|3|0
findings	NOUN=21	findings=20	findings|n|1|0
finds	VERB=10	finds=10	
fine	ADJ=78,ADV=7,INTJ=2,NOUN=2	fine=84,Fine=5	fine|a|6|0;fine|n|1|0;fine|r|2|0;fine|v|2|0
fined	VERB=1	fined=1	
finely			finely|r|3|0
finer			finer|a|1|0
fines	NOUN=1	fines=1	
finesse	VERB=1	finesse=1	finesse|n|1|0
finest	ADJ=6	finest=3,Finest=2	
finger	NOUN=14,VERB=1	finger=15	finger|n|3|0;finger|v|4|0
fingerprint			fingerprint|n|3|0;fingerprint|v|1|0
fingers	NOUN=9	fingers=9	
finish	VERB=15,NOUN=6	finish=20	finish|n|9|0;finish|v|6|0
finished	VERB=29,ADJ=7	finished=35	finished|a|5|0
finisher			finisher|n|6|0
finishes	NOUN=1,VERB=1	finishes=2	
finishing	VERB=4	finishing=3	finishing|n|2|0
finite	ADJ=1	finite=1	finite|a|2|0
finland	PROPN=3	Finland=3	Finland|n|1|1
finn	PROPN=1	Finn=1	Finn|n|1|0
finnish			Finnish|a|1|0;Finnish|n|1|0
fins	NOUN=2	fins=2	
fiona	PROPN=1	Fiona=1	
fir			fir|n|2|0
fire	NOUN=49,PROPN=5,VERB=2	fire=51,Fire=3,FIRE=2	fire|n|9|0;fire|v|12|0
firearm	NOUN=1	firearm=1	firearm|n|1|0
fireball			fireball|n|4|0
fired	VERB=8	fired=7	fired|a|1|0
firefighter			firefighter|n|1|0
firefly			firefly|n|2|0
firefox	PROPN=12	Firefox=11,firefox=1	
fireman			fireman|n|4|0
fireplace	NOUN=1	fireplace=1	fireplace|n|1|0
firepower	NOUN=1	firepower=1	firepower|n|1|0
fires	NOUN=3	fires=3	
firewall			firewall|n|3|0
firewood			firewood|n|1|0
fireworks	NOUN=1	fireworks=1	
firing	VERB=5	firing=5	firing|n|4|0
firm	NOUN=28,ADJ=2	firm=28,Firm=2	firm|a|10|0;firm|n|1|0;firm|r|1|0;firm|v|2|0
firmly	ADV=6	firmly=6	firmly|r|3|0
firms	NOUN=6	firms=6	
firmware	NOUN=1	firmware=1	firmware|n|1|0
first	ADJ=417,ADV=157,PROPN=4,NOUN=3	first=504,First=18,FIRST=8	first|a|5|0;first|n|6|0;first|r|4|0
firsthand	ADV=2	firsthand=2	firsthand|a|1|0;firsthand|r|1|0
firstly	ADV=5	firstly=2	firstly|r|1|0
firth			Firth|n|1|1;firth|n|1|0
fiscal	ADJ=4	fiscal=4	fiscal|a|1|0
fischer	PROPN=1	Fischer=1	Fischer|n|3|3
fish	NOUN=42,PROPN=4	fish=40,Fish=4	Fish|n|2|1;fish|n|2|0;fish|v|2|0
fisher	PROPN=4	Fisher=4	fisher|n|2|0
fisheries	NOUN=3,PROPN=1	fisheries=3,Fisheries=1	
fisherman	NOUN=2	fisherman=2	fisherman|n|1|0
fishermen	NOUN=2	fishermen=2	
fishery			fishery|n|1|0
fishes	NOUN=1	fishes=1	
fishing	NOUN=8	fishing=7	fishing|n|2|0
fishy			fishy|a|2|0
fission			fission|n|2|0
fist	NOUN=3	fist=3	fist|n|1|0
fists	NOUN=1	fists=1	
fit	VERB=30,NOUN=6,ADJ=1	fit=36,FIT=1	fit|a|3|0;fit|n|4|0;fit|v|9|0
fitch			fitch|n|1|0
fitness	NOUN=5,PROPN=3	fitness=5,FITNESS=2	fitness|n|3|0
fits	VERB=4,NOUN=1	fits=4	
fitted	ADJ=2	fitted=2	fitted|a|1|0
fitting	ADJ=5,VERB=2	fitting=7	fitting|a|2|0;fitting|n|4|0
fitzgerald			Fitzgerald|n|3|3
five	NUM=104,NOUN=1,PROPN=1	five=96,Five=3	five|a|1|0;five|n|3|0
fives	NOUN=1	fives=1	fives|n|1|0
fix	VERB=24,NOUN=1,PROPN=1	fix=24,Fix=1	fix|n|5|0;fix|v|13|0
fixation	NOUN=1	fixation=1	fixation|n|4|0
fixed	VERB=35,ADJ=1	fixed=36	fixed|a|4|0
fixes	NOUN=1,VERB=1	fixes=2	
fixing	VERB=9,NOUN=1	fixing=10	fixing|n|4|0
fixture	NOUN=1	fixture=1	fixture|n|4|0
fixtures	NOUN=5	fixtures=4,Fixtures=1	
fl	ADJ=3,PROPN=1	fl=3,FL=1	FL|n|1|1;Fl|n|1|0
flag	NOUN=22,PROPN=2,VERB=1	flag=22,Flag=2	flag|n|7|0;flag|v|5|0
flags	NOUN=4	flags=4	
flagship	NOUN=1,PROPN=1	Flagship=1,flagship=1	flagship|n|2|0
flair	NOUN=1	flair=1	flair|n|3|0
flake			flake|n|3|0;flake|v|3|0
flakes	NOUN=7	flakes=6,Flakes=1	
flame			flame|n|1|0;flame|v|3|0
flaming			flaming|a|2|0;flaming|n|1|0
flammable			flammable|a|1|0
flanders			Flanders|n|1|1
flank	NOUN=2	flank=2	flank|n|4|0;flank|v|1|0
flannel			flannel|n|3|0
flap	NOUN=1	Flap=1	flap|n|5|0;flap|v|6|0
flaps			flaps|n|1|0
flare	VERB=1	flare=1	flare|n|11|0;flare|v|4|0
flash	NOUN=4,PROPN=1	flash=4,Flash=1	flash|a|1|0;flash|n|10|0;flash|v|8|0
flashback			flashback|n|2|0
flashing	VERB=1	flashing=1	flashing|n|2|0
flashlight	NOUN=1	flashlight=1	flashlight|n|1|0
flashy	ADJ=1	flashy=1	flashy|a|2|0
flask			flask|n|2|0
flat	ADJ=20,ADV=1,NOUN=1	flat=21,Flat=1	flat|a|15|0;flat|n|7|0;flat|r|2|0
flats	NOUN=3	flats=3	flats|n|1|0
flattened			flattened|a|1|0
flatter			flatter|v|1|0
flattered	ADJ=1,VERB=1	flattered=2	
flattering			flattering|a|2|0
flavor	NOUN=19,VERB=1	flavor=20	flavor|n|3|0;flavor|v|1|0
flavored	ADJ=1,VERB=1	flavored=2	
flavors	NOUN=7	flavors=7	
flavour	NOUN=1	flavour=1	flavour|n|3|0;flavour|v|1|0
flaw	NOUN=2	flaw=2	flaw|n|3|0;flaw|v|1|0
flawed			flawed|a|1|0
flawless	ADJ=4	flawless=4	flawless|a|1|0
flaws	NOUN=1	flaws=1	
flea	NOUN=1	flea=1	flea|n|1|0
fled	VERB=5	fled=5	
fledged	ADJ=1	fledged=1	fledged|a|2|0
fledgling			fledgling|a|2|0;fledgling|n|2|0
flee	VERB=2	flee=2	flee|v|1|0
fleece	NOUN=1	fleece=1	fleece|n|4|0;fleece|v|2|0
fleeing	VERB=5,NOUN=2	fleeing=7	
fleet	NOUN=4	fleet=4	fleet|a|1|0;fleet|n|4|0;fleet|v|2|0
fleeting	ADJ=1	fleeting=1	fleeting|a|1|0
fleming	PROPN=1	Fleming=1	Fleming|n|3|2
flemish			Flemish|a|1|0;Flemish|n|2|0
flesh	NOUN=7,VERB=1	flesh=8	flesh|n|3|0;flesh|v|1|0
fletcher			Fletcher|n|1|1
flew	VERB=6	flew=6	
flex	VERB=1		flex|n|1|0;flex|v|5|0
flexibility	NOUN=6	flexibility=5,Flexibility=1	flexibility|n|3|0
flexible	ADJ=4	flexible=4	flexible|a|5|0
flick	NOUN=1	flick=1	flick|n|3|0;flick|v|9|0
flicker	NOUN=1,VERB=1	flicker=2	flicker|n|3|0;flicker|v|3|0
flickr	PROPN=2	Flickr=2	
flies	VERB=2	flies=2	flies|n|1|0
flight	NOUN=40,PROPN=6	flight=39,Flight=6	flight|n|9|0;flight|v|3|0
flights	NOUN=16	flights=16	
flimsy			flimsy|a|3|0;flimsy|n|1|0
fling	VERB=1	fling=1	fling|n|3|0;fling|v|4|0
flint			Flint|n|2|2;flint|a|1|0;flint|n|1|0
flip	VERB=4,NOUN=1	flip=3	FLIP|n|1|0;flip|a|1|0;flip|n|6|0;flip|v|11|0
flipped	VERB=2	flipped=1	
flipping	VERB=2	flipping=2	
flips	VERB=1	flips=1	
flirt	VERB=3	flirt=2,Flirt=1	flirt|n|2|0;flirt|v|2|0
flirting	NOUN=5,VERB=4	flirting=7,Flirting=2	flirting|n|1|0
float	VERB=3	float=3	float|n|7|0;float|v|9|0
floated	VERB=1	floated=1	
floating	VERB=14,NOUN=1	floating=7,Floating=6	floating|a|5|0;floating|n|1|0
flock	NOUN=1,VERB=1	flock=2	flock|n|5|0;flock|v|2|0
flood	NOUN=12	flood=11,FLOOD=1	flood|n|6|0;flood|v|4|0
flooded	VERB=3	flooded=3	flooded|a|1|0
flooding	NOUN=9,VERB=1	flooding=9	flooding|n|1|0
floods	NOUN=3	floods=3	
floor	NOUN=51,PROPN=2	floor=47,Floor=5,FLOOR=1	floor|n|10|0;floor|v|2|0
flooring	NOUN=3	flooring=3	flooring|n|2|0
floors	NOUN=2	floors=2	
flop	NOUN=1	flop=1	flop|n|4|0;flop|r|2|0;flop|v|3|0
floppy			floppy|a|1|0;floppy|n|1|0
flops	VERB=2,NOUN=1	flops=3	
flora	NOUN=2	flora=1	flora|n|2|0
floral	ADJ=1	floral=1	floral|a|3|0
florence	PROPN=7	Florence=6,florence=1	Florence|n|2|2
flores	PROPN=1	Flores=1	
florida	PROPN=28	Florida=27,florida=1	Florida|n|1|1
floss			floss|n|2|0;floss|v|1|0
flotation			flotation|n|2|0
flour	NOUN=6	flour=6	flour|n|1|0;flour|v|2|0
flourish	VERB=2	flourish=2	flourish|n|5|0;flourish|v|3|0
flourished	VERB=1	flourished=1	
flourishing	VERB=3,ADJ=1	flourishing=2	flourishing|a|1|0
flow	NOUN=5,VERB=5,PROPN=1	flow=10,Flow=1	flow|n|7|0;flow|v|7|0
flowed	VERB=4	flowed=4	
flower	NOUN=7	flower=7	flower|n|3|0;flower|v|1|0
flowering			flowering|a|1|0;flowering|n|2|0
flowers	NOUN=26,PROPN=1	flowers=25,Flowers=1	
flowing	VERB=5	flowing=5	flowing|a|1|0;flowing|n|1|0
flown	VERB=5	flown=5	
flows	VERB=5,NOUN=2	flows=7	
floyd	PROPN=13	Floyd=13	
flu	NOUN=4	flu=4	flu|n|1|0
fluent	ADJ=3	fluent=3	fluent|a|2|0
fluff	VERB=2	fluff=1	fluff|n|3|0;fluff|v|3|0
fluffy	ADJ=4	fluffy=4	fluffy|a|1|0
fluid	NOUN=9,ADJ=3	fluid=12	fluid|a|5|0;fluid|n|2|0
fluids	NOUN=4	fluids=4	
fluke			fluke|n|5|0
fluorescence			fluorescence|n|1|0
fluorescent	ADJ=3	fluorescent=2,Fluorescent=1	fluorescent|a|2|0;fluorescent|n|1|0
fluoride			fluoride|n|1|0
flurry			flurry|n|2|0;flurry|v|2|0
flush	VERB=1	flush=1	flush|a|2|0;flush|n|7|0;flush|r|2|0;flush|v|7|0
flushed			flushed|a|2|0
flute			flute|n|3|0;flute|v|1|0
flux	NOUN=1	flux=1	flux|n|8|0;flux|v|3|0
fly	VERB=23,NOUN=2,PROPN=1	fly=23,Fly=2,FLY=1	fly|a|1|0;fly|n|5|0;fly|v|14|0
flyer	NOUN=1,PROPN=1	Flyer=1,flyer=1	flyer|n|3|0
flyers	NOUN=1,PROPN=1	Flyers=1,flyers=1	
flying	VERB=17,PROPN=1	flying=16,Flying=2	flying|a|2|0;flying|n|1|0
flynn	PROPN=2	Flynn=2	
fm	PROPN=1	FM=1	FM|n|1|0;Fm|n|1|0
fo	ADP=2	fo=2	FO|n|1|0
foam	NOUN=4	foam=4	foam|n|2|0;foam|v|1|0
fob			fob|n|3|0;fob|v|1|0
focal	ADJ=2	focal=2	focal|a|2|0
focus	NOUN=24,VERB=24	focus=47	focus|n|7|0;focus|v|5|0
focused	VERB=19,ADJ=3	focused=22	focused|a|3|0
focuses	VERB=8	focuses=8	
focusing	VERB=10	focusing=10	focusing|n|2|0
focussed			focussed|a|2|0
fodder	NOUN=2	fodder=2	fodder|n|2|0;fodder|v|1|0
foe	NOUN=1	foe=1	foe|n|2|0
fog	NOUN=1	fog=1	fog|n|3|0;fog|v|1|0
foggy			foggy|a|4|0
foil	NOUN=2	foil=2	foil|n|5|0;foil|v|3|0
fold	NOUN=5,VERB=1	fold=6	fold|n|7|0;fold|v|5|0
folded	VERB=5	folded=5	
folder			folder|n|2|0
folding	VERB=1	folding=1	folding|a|1|0;folding|n|3|0
folds	NOUN=1,VERB=1	folds=2	
foley	PROPN=1	Foley=1	
foliage	NOUN=2	foliage=2	foliage|n|2|0
folio			folio|n|3|0
folk	NOUN=3	folk=3	folk|n|4|0
folklore			folklore|n|1|0
folks	NOUN=32	folks=31	folks|n|2|0
follow	VERB=56,NOUN=7	follow=57,Follow=1	follow|v|26|0
followed	VERB=35	followed=35	
follower			follower|n|2|0
followers	NOUN=3	followers=3	followers|n|1|0
following	VERB=109,NOUN=1	following=101	following|a|4|0;following|n|2|0
follows	VERB=25	follows=25	
folly	NOUN=2	Folly=1,folly=1	folly|n|4|0
fond	ADJ=2	fond=2	fond|a|4|0
fondly			fondly|r|1|0
fondness			fondness|n|3|0
font			font|n|2|0
food	NOUN=340,PROPN=7,VERB=1	food=309,Food=17,FOOD=8	food|n|3|0
foods	NOUN=24,PROPN=3	foods=24,Foods=3	
fool	VERB=6,NOUN=2	fool=8	fool|n|3|0;fool|v|4|0
fooling			fooling|a|1|0
foolish	ADJ=1	foolish=1	foolish|a|2|0
foot	NOUN=20,PROPN=1,VERB=1	foot=21,Foot=1	foot|n|11|0;foot|v|3|0
footage	NOUN=7	footage=7	footage|n|2|0
football	NOUN=11,ADJ=1	football=12	football|n|2|0
footballer			footballer|n|1|0
footballers	NOUN=1	footballers=1	
footed			footed|a|1|0
footer	NOUN=1	Footer=1	footer|n|3|0
foothills	NOUN=1	foothills=1	
footing	NOUN=1	footing=1	footing|n|3|0
footnote	NOUN=2	footnote=2	footnote|n|1|0;footnote|v|1|0
footprint			footprint|n|3|0
footprints	NOUN=1	footprints=1	
footwear	NOUN=1	footwear=1	footwear|n|2|0
footwork			footwork|n|2|0
for	ADP=3756,SCONJ=351,CCONJ=6,X=5,ADV=1,VERB=1	for=3918,FOR=13,For=9	
forage			forage|n|2|0;forage|v|2|0
foraging	NOUN=2,VERB=1	foraging=3	foraging|n|1|0
forbes	PROPN=4	Forbes=4	
forbid	VERB=3	forbid=3	forbid|v|2|0
forbidden	ADJ=2	Forbidden=1,forbidden=1	forbidden|a|1|0
force	NOUN=40,PROPN=15,VERB=9,ADV=1	force=48,Force=16	force|n|10|0;force|v|8|0
forced	VERB=27	forced=27	forced|a|4|0
forceful	ADJ=3	forceful=3	forceful|a|2|0
forcefully	ADV=1	forcefully=1	forcefully|r|1|0
forces	NOUN=58,PROPN=4,VERB=1	forces=57,Forces=6	
forcibly			forcibly|r|1|0
forcing	VERB=4	forcing=4	
ford	PROPN=3	Ford=3	Ford|n|6|6;ford|n|2|0;ford|v|1|0
fore			fore|a|1|0;fore|n|1|0;fore|r|1|0
forearm	NOUN=2	forearm=2	forearm|n|1|0;forearm|v|1|0
forecast	NOUN=2,VERB=2	forecast=4	forecast|n|1|0;forecast|v|3|0
forecasting			forecasting|n|1|0
forecasts	NOUN=3	forecasts=3	
foreclosure			foreclosure|n|1|0
forefront	NOUN=4	forefront=4	forefront|n|2|0
foreground	NOUN=2	foreground=2	foreground|n|2|0;foreground|v|1|0
forehead	NOUN=2	forehead=2	forehead|n|2|0
foreign	ADJ=35	foreign=27,Foreign=8	foreign|a|4|0
foreigner	NOUN=4	foreigner=3,Foreigner=1	foreigner|n|2|0
foreigners	NOUN=12	foreigners=12	
foreman	PROPN=1	Foreman=1	foreman|n|2|0
foremost	ADV=2,ADJ=1	foremost=3	foremost|a|3|0;foremost|r|2|0
forensic	ADJ=1,NOUN=1,PROPN=1	forensic=2,Forensic=1	forensic|a|2|0
forensics			forensics|n|1|0
foresee	VERB=2	foresee=2	foresee|v|3|0
foreseeable			foreseeable|a|1|0
foresight			foresight|n|2|0
forest	PROPN=7,NOUN=5	Forest=8,forest=4	forest|n|2|0;forest|v|1|0
forestry	NOUN=1	forestry=1	forestry|n|1|0
forever	ADV=16,NOUN=1,PROPN=1	forever=17,Forever=1	forever|r|3|0
foreword			foreword|n|1|0
forex	NOUN=1	forex=1	
forfeit			forfeit|a|1|0;forfeit|n|3|0;forfeit|v|1|0
forge	PROPN=1	Forge=1	forge|n|2|0;forge|v|7|0
forged	VERB=1	forged=1	forged|a|1|0
forgery			forgery|n|2|0
forget	VERB=36	forget=32	forget|v|4|0
forgetting	VERB=2	forgetting=2	
forging	VERB=1	forging=1	forging|n|1|0
forgive	VERB=5	forgive=5	forgive|v|2|0
forgiven	VERB=3	forgiven=3	
forgiveness	NOUN=6	forgiveness=6	forgiveness|n|2|0
forgiving			forgiving|a|2|0
forgot	VERB=18	forgot=15,FORGOT=1	
forgotten	VERB=5,ADJ=1	forgotten=5	forgotten|a|1|0
fork	NOUN=3,VERB=3	fork=6	fork|n|5|0;fork|v|4|0
form	NOUN=104,VERB=11,ADP=1	form=114,FORM=1,Form=1	form|n|16|0;form|v|7|0
formal	ADJ=21	formal=19,FORMAL=1	formal|a|6|0;formal|n|2|0
formality	NOUN=1	formality=1	formality|n|3|0
formally	ADV=4	formally=4	formally|r|2|0
format	NOUN=15	format=15	format|n|2|0;format|v|3|0
formation	NOUN=4	formation=4	formation|n|7|0
formations	NOUN=1	formations=1	
formative			formative|a|2|0;formative|n|1|0
formatting	VERB=1	formatting=1	formatting|n|1|0
formed	VERB=19	formed=19	formed|a|1|0
former	ADJ=77	former=73,Former=2	former|a|4|0;former|n|1|0
formerly	ADV=4	formerly=4	formerly|r|1|0
formidable	ADJ=3	formidable=3	formidable|a|2|0
forming	VERB=5	forming=5	
forms	NOUN=30,VERB=3	forms=33	
formula	NOUN=5	formula=5	formula|n|7|0
formulate	VERB=3	formulate=3	formulate|v|4|0
formulated			formulated|a|1|0
formulation			formulation|n|3|0
forrest	PROPN=1	Forrest=1	
forster	PROPN=3	Forster=3	
forsyth	PROPN=1	forsyth=1	
fort	PROPN=36,NOUN=2	Fort=20,fort=4	fort|n|2|0;fort|v|3|0
forte	NOUN=1	forte=1	forte|a|1|0;forte|n|3|0;forte|r|1|0
forth	ADV=13,ADP=3,NOUN=1	forth=17	Forth|n|1|1;forth|r|3|0
forthcoming	ADJ=3	forthcoming=3	forthcoming|a|3|0
fortified			fortified|a|2|0
fortitude			fortitude|n|1|0
fortnight			fortnight|n|1|0
fortress	NOUN=1	fortress=1	fortress|n|1|0
fortunate	ADJ=4	fortunate=4	fortunate|a|3|0
fortunately	ADV=5	fortunately=1	fortunately|r|1|0
fortune	NOUN=9	fortune=9	fortune|n|4|0
fortunes	NOUN=1	fortunes=1	
forty	NUM=6	forty=5,Forty=1	forty|a|1|0;forty|n|1|0
forum	NOUN=9,PROPN=8	forum=10,Forum=7	forum|n|2|0
forums	NOUN=2	forums=2	
forward	ADV=62,VERB=25,ADJ=8,ADP=2	forward=97	forward|a|4|0;forward|n|2|0;forward|r|5|0;forward|v|1|0
forwarded	VERB=9	forwarded=9	
forwarding	VERB=3,NOUN=2	forwarding=5	forwarding|n|2|0
forwards			forwards|r|2|0
fossil	NOUN=2	fossil=2	fossil|a|1|0;fossil|n|2|0
foster	NOUN=2,PROPN=1,VERB=1	foster=3,Foster=1	Foster|n|1|1;foster|a|1|0;foster|v|3|0
fostering	VERB=3	fostering=2	fostering|n|2|0
fought	VERB=8	fought=8	
foul	NOUN=2	foul=2	foul|a|8|0;foul|n|1|0;foul|v|7|0
found	VERB=184,NOUN=1	found=184,FOUND=1	found|a|1|0;found|n|1|0;found|v|3|0
foundation	PROPN=17,NOUN=12	Foundation=17,foundation=12	foundation|n|7|0
foundations	NOUN=2	Foundations=1,foundations=1	
founded	VERB=12	founded=10	
founder	NOUN=13	founder=11	founder|n|3|0;founder|v|4|0
founders	NOUN=6,PROPN=2	founders=5,Founders=3	
founding	VERB=2,NOUN=1	founding=3	founding|n|1|0
foundry			foundry|n|1|0
fountain	NOUN=3,PROPN=2	Fountain=3,fountain=2	fountain|n|4|0
four	NUM=121	four=108,FOUR=2,Four=1	four|a|1|0;four|n|2|0
fours	NOUN=1	fours=1	
fourteen	NUM=2,NOUN=1	fourteen=3	fourteen|a|1|0;fourteen|n|1|0
fourteenth	ADJ=1	fourteenth=1	fourteenth|a|1|0;fourteenth|n|1|0
fourth	ADJ=14,ADV=2,NOUN=1	fourth=11,Fourth=3,FOURTH=1	fourth|a|1|0;fourth|n|3|0;fourth|r|1|0
fowler			Fowler|n|1|1;fowler|n|1|0
fox	PROPN=4	Fox=4	Fox|n|4|2;fox|n|3|0;fox|v|3|0
foxes	NOUN=1	foxes=1	
foyer			foyer|n|1|0
fps	NOUN=3	fps=3	FPS|n|1|0
fr			Fr|n|1|0
fracking	NOUN=8	fracking=6,Fracking=1	fracking|n|1|0
fraction	NOUN=3	fraction=2	fraction|n|3|0;fraction|v|1|0
fracture	NOUN=4	fracture=4	fracture|n|3|0;fracture|v|5|0
fragile	ADJ=6	fragile=4,Fragile=2	fragile|a|3|0
fragment			fragment|n|3|0;fragment|v|1|0
fragmentation			fragmentation|n|4|0
fragmented			fragmented|a|1|0
fragments	NOUN=3	fragments=2	
fragrance	NOUN=1	fragrance=1	fragrance|n|2|0
fragrant	ADJ=2	fragrant=2	fragrant|a|1|0
frail			frail|a|3|0;frail|n|2|0
frame	NOUN=9,VERB=2,PROPN=1	frame=9,Frame=2	frame|n|12|0;frame|v|6|0
framed	VERB=2	framed=2	framed|a|1|0
frames	NOUN=4	frames=3,Frames=1	
framework	NOUN=8,PROPN=2	framework=8,Framework=2	framework|n|3|0
framing			framing|n|2|0
fran	PROPN=2	Fran=2	
franc	PROPN=1	Franc=1	franc|n|1|0
france	PROPN=42	France=38,france=3,FRANCE=1	France|n|2|2
franchise	NOUN=1	franchise=1	franchise|n|3|0;franchise|v|1|0
francis	PROPN=9	Francis=9	
francisco	PROPN=38	Francisco=35,francisco=3	
franco	PROPN=1	Franco=1	Franco|n|1|1
frank	PROPN=18	Frank=14	Frank|n|1|0;frank|a|2|0;frank|n|2|0;frank|v|2|0
frankenstein			Frankenstein|n|3|2
frankfurt	PROPN=3	Frankfurt=2	Frankfurt|n|1|1
franklin	PROPN=2	Franklin=2	Franklin|n|2|2;franklin|n|1|0
frankly	ADV=6	frankly=4	frankly|r|1|0
frantic			frantic|a|2|0
frantically			frantically|r|1|0
fraser	PROPN=1	Fraser=1	
frat			frat|n|1|0
fraternity	NOUN=1	fraternity=1	fraternity|n|2|0
fraud	NOUN=4	fraud=3	fraud|n|4|0
fraudulent			fraudulent|a|1|0
fraught	ADJ=1	fraught=1	fraught|a|2|0
fray	NOUN=2	fray=2	fray|n|1|0;fray|v|2|0
frazier	PROPN=1	Frazier=1	
freak	VERB=3	freak=2,FREAK=1	freak|n|2|0;freak|v|1|0
freaked	VERB=2	freaked=2	
freakin	ADJ=1	freakin=1	
freaky	ADJ=1	freaky=1	freaky|a|2|0
fred	PROPN=4	Fred=2	
frederick	PROPN=1	Frederick=1	Frederick|n|1|1
free	ADJ=157,PROPN=2	free=143,Free=9,FREE=5	free|a|9|0;free|n|1|0;free|r|1|0;free|v|11|0
freed	VERB=1	freed=1	
freedom	NOUN=43,PROPN=2	freedom=40,Freedom=2,FREEDOM=1	freedom|n|2|0
freedoms	NOUN=1	freedoms=1	
freeing	VERB=1	freeing=1	freeing|n|1|0
freelance	ADJ=2	freelance=2	freelance|a|2|0;freelance|n|1|0;freelance|v|1|0
freely	ADV=7	freely=7	freely|r|1|0
freeman	PROPN=4	Freeman=3,FREEMAN=1	freeman|n|1|0
freestyle			freestyle|n|1|0
freeway			freeway|n|1|0
freeze	VERB=9,NOUN=5,ADJ=1	freeze=13,Freeze=1	freeze|n|4|0;freeze|v|10|0
freezer	NOUN=6,PROPN=2	freezer=6,Freezer=2	freezer|n|1|0
freezing	VERB=4,NOUN=2	freezing=4	freezing|n|1|0
freight	NOUN=3	freight=2	freight|n|3|0;freight|v|2|0
fremont	PROPN=3	Fremont=3	Fremont|n|1|1
french	ADJ=45,PROPN=16	French=52,french=4,FRENCH=2	French|a|1|0;French|n|3|1;French|v|1|0
frenchman			Frenchman|n|1|0
frenzy	NOUN=3	frenzy=3	frenzy|n|1|0
frequencies	NOUN=1	frequencies=1	
frequency	NOUN=9	frequency=9	frequency|n|3|0
frequent	ADJ=9,VERB=3	frequent=10	frequent|a|2|0;frequent|v|2|0
frequented	VERB=3	frequented=3	
frequently	ADV=23	frequently=23	frequently|r|1|0
fresco	NOUN=1	fresco=1	fresco|n|2|0;fresco|v|1|0
fresh	ADJ=51,ADV=4	fresh=51	fresh|a|12|0;fresh|r|1|0
freshly	ADV=2	freshly=1	freshly|r|2|0
freshman	NOUN=1	freshman=1	freshman|a|1|0;freshman|n|2|0
freshness	NOUN=2	freshness=2	freshness|n|5|0
freshwater	NOUN=1	freshwater=1	freshwater|n|1|0
fresno			Fresno|n|1|1
fret			fret|n|4|0;fret|v|12|0
freud	PROPN=2	Freud=2	Freud|n|1|1
fri	PROPN=5	Fri=4	Fri|n|1|0
friction	NOUN=2	friction=2	friction|n|3|0
friday	PROPN=90	Friday=77,friday=3	Friday|n|1|0
fridays	PROPN=3	Fridays=3	
fridge	NOUN=6	fridge=6	fridge|n|1|0
fried	VERB=7,PROPN=1	fried=5,Fried=2	fried|a|1|0
friedman	PROPN=1	Friedman=1	Friedman|n|1|1
friedrich	PROPN=2	Friedrich=2	
friend	NOUN=103	friend=101,Friend=1	Friend|n|1|0;friend|n|4|0
friendly	ADJ=99,ADV=1,PROPN=1	friendly=91,FRIENDLY=1,Friendly=1	friendly|a|4|0;friendly|n|1|0
friends	NOUN=116,PROPN=2	friends=116,Friends=2	
friendship	NOUN=6	friendship=6	friendship|n|1|0
friendships	NOUN=4	friendships=4	
fries	NOUN=10	fries=8,FRIES=1,Fries=1	fries|n|1|0
frigate			frigate|n|2|0
fright			fright|n|1|0;fright|v|1|0
frightened	VERB=3	frightened=3	frightened|a|2|0
frightening	ADJ=3	frightening=3	frightening|a|1|0;frightening|n|1|0
fringe	NOUN=1	fringe=1	fringe|n|6|0;fringe|v|2|0
frivolous			frivolous|a|1|0
fro	ADP=2	fro=2	
frog	NOUN=2	frog=2	frog|n|3|0;frog|v|1|0
from	ADP=1701,SCONJ=79	from=1685,From=11,FROM=5	
front	NOUN=55,ADJ=28,PROPN=7,ADV=5	front=88,Front=7	front|a|1|0;front|n|10|0;front|v|2|0
frontal	ADV=1	frontal=1	frontal|a|4|0;frontal|n|3|0
frontier	PROPN=4,NOUN=2	Frontier=4,frontier=2	frontier|n|3|0
frontiers	PROPN=4	Frontiers=3	
frontline	NOUN=1	frontline=1	
frost	NOUN=6,VERB=1	frost=6	Frost|n|1|1;frost|n|3|0;frost|v|4|0
frosty			frosty|a|3|0
frown			frown|n|1|0;frown|v|1|0
frowned	VERB=3	frowned=3	
frozen	VERB=24,ADJ=3	frozen=25,Frozen=1	frozen|a|7|0
frugal			frugal|a|1|0
fruit	NOUN=11	fruit=10	fruit|n|3|0;fruit|v|2|0
fruitful	ADJ=1	fruitful=1	fruitful|a|1|0
fruition			fruition|n|3|0
fruits	NOUN=12	fruits=12	
fruity	ADJ=2	fruity=2	fruity|a|2|0
frustrated	ADJ=4,VERB=2	frustrated=6	frustrated|a|1|0
frustrating	ADJ=3	frustrating=3	frustrating|a|2|0
frustration	NOUN=6	frustration=6	frustration|n|3|0
fry	NOUN=5,VERB=1	fry=6	Fry|n|2|2;fry|n|1|0;fry|v|3|0
frying			frying|n|1|0
ft	NOUN=6	ft=6	ft|n|1|0
ftc			FTC|n|1|0
fuck	INTJ=9,VERB=3,NOUN=1	fuck=8	fuck|n|2|0;fuck|v|1|0
fucked	VERB=2	fucked=2	fucked|a|1|0
fucker			fucker|n|1|0
fucking	INTJ=15,ADJ=2,VERB=2,ADV=1	fucking=15,FUCKING=2,Fucking=1	fucking|a|1|0;fucking|n|1|0;fucking|r|1|0
fudge			fudge|n|1|0;fudge|v|2|0
fuel	NOUN=11,VERB=3,PROPN=2	fuel=12,Fuel=4	fuel|n|1|0;fuel|v|4|0
fueled	VERB=3	fueled=3	fueled|a|1|0
fueling	VERB=1	fueling=1	fueling|n|1|0
fuels	NOUN=1	fuels=1	
fugitive			fugitive|a|1|0;fugitive|n|2|0
fugitives	NOUN=2	Fugitives=1,fugitives=1	
fuji	PROPN=2	Fuji=2	Fuji|n|1|1;fuji|n|1|0
fukushima	PROPN=2	Fukushima=2	
fulfil	VERB=3	fulfil=3	fulfil|v|3|0
fulfill	VERB=3	fulfill=3	fulfill|v|3|0
fulfilled	VERB=5	fulfilled=5	fulfilled|a|1|0
fulfilling	VERB=2,ADJ=1	fulfilling=3	
fulfillment	NOUN=1	fulfillment=1	fulfillment|n|2|0
full	ADJ=122,ADV=4,X=1	full=119,Full=3	full|a|8|0;full|n|1|0;full|r|1|0;full|v|3|0
fullback			fullback|n|2|0;fullback|v|1|0
fuller			Fuller|n|2|2;fuller|n|1|0
fullest	ADJ=3	fullest=3	
fully	ADV=44	fully=42	fully|r|3|0
fulton	PROPN=1	Fulton=1	Fulton|n|1|1
fumble			fumble|n|1|0;fumble|v|5|0
fumes	NOUN=2	fumes=2	fumes|n|1|0
fun	ADJ=52,NOUN=40,PROPN=1	fun=88,Fun=4	fun|n|4|0
function	NOUN=17,VERB=5	function=22	function|n|7|0;function|v|3|0
functional	ADJ=12	functional=11,Functional=1	functional|a|6|0
functionality	NOUN=3	functionality=3	functionality|n|1|0
functionally	ADV=1	functionally=1	functionally|r|1|0
functioning	NOUN=2,VERB=2,ADJ=1	functioning=5	functioning|a|1|0;functioning|n|1|0
functions	NOUN=10	functions=10	
fund	NOUN=15,PROPN=6,VERB=1	fund=15,Fund=7	fund|n|3|0;fund|v|6|0
fundamental	ADJ=27	fundamental=27	fundamental|a|3|0;fundamental|n|2|0
fundamentalist	ADJ=7	fundamentalist=6,Fundamentalist=1	fundamentalist|a|2|0;fundamentalist|n|2|0
fundamentally	ADV=7	fundamentally=7	fundamentally|r|1|0
fundamentals	NOUN=2,PROPN=1	fundamentals=2,Fundamentals=1	fundamentals|n|1|0
funded	VERB=16	funded=16	funded|a|1|0
funding	NOUN=9,VERB=2	funding=11	funding|n|2|0
fundraiser			fundraiser|n|2|0
fundraising	NOUN=1,VERB=1	fundraising=2	
funds	NOUN=9,VERB=2	funds=10,Funds=1	funds|n|1|0
funeral	NOUN=7	funeral=7	funeral|n|1|0
funerals	NOUN=1	funerals=1	
fungal			fungal|a|1|0
fungi			Fungi|n|1|0
fungus	NOUN=6,VERB=1	fungus=7	fungus|n|1|0
funk			Funk|n|1|1;funk|n|2|0;funk|v|1|0
funky			funky|a|4|0
funnel	NOUN=2	funnel=2	funnel|n|3|0;funnel|v|1|0
funniest	ADJ=1	funniest=1	
funny	ADJ=29	funny=26	funny|a|4|0;funny|n|1|0
fur	NOUN=2	fur=2	fur|n|3|0
furious	ADJ=1	furious=1	furious|a|3|0
furiously			furiously|r|3|0
furnace	NOUN=3	furnace=2	furnace|n|1|0
furnish			furnish|v|2|0
furnished	VERB=1	furnished=1	furnished|a|1|0
furnishings	NOUN=1,PROPN=1	Furnishings=1,furnishings=1	
furniture	NOUN=18,PROPN=2	furniture=18,Furniture=2	furniture|n|1|0
furry	ADJ=1	Furry=1	furry|a|1|0
further	ADV=47,ADJ=39,VERB=5	further=78,Further=1	further|a|1|0;further|r|3|0;further|v|2|0
furthermore	ADV=5		furthermore|r|1|0
furthest			furthest|a|1|0;furthest|r|2|0
fury	PROPN=1	FURY=1	Fury|n|1|0;fury|n|3|0
fuse	NOUN=1	fuse=1	fuse|n|2|0;fuse|v|4|0
fused	VERB=1	fused=1	fused|a|1|0
fuselage	NOUN=1	fuselage=1	fuselage|n|1|0
fusion	NOUN=1,PROPN=1	Fusion=1,fusion=1	fusion|n|7|0
fuss	NOUN=2,VERB=1	fuss=3	fuss|n|4|0;fuss|v|2|0
futile			futile|a|2|0
future	NOUN=65,ADJ=47,PROPN=4	future=107,Future=4,FUTURE=2	future|a|4|0;future|n|3|0
futures	NOUN=3,PROPN=3	Futures=3,futures=3	
futuristic	ADJ=1	futuristic=1	futuristic|a|1|0
fuzzy	ADJ=1	fuzzy=1	fuzzy|a|3|0
fx	NOUN=4	FX=4	
fyi	ADV=18		
ga	PROPN=6,NOUN=4,X=1	ga=6,GA=5	GA|n|2|1;Ga|n|1|0
gabby			gabby|a|1|0
gabriel	PROPN=1	Gabriel=1	Gabriel|n|1|0
gaddafi			Gaddafi|n|1|1
gadget			gadget|n|1|0
gadgets	NOUN=1	gadgets=1	
gaelic			Gaelic|a|1|0;Gaelic|n|1|0
gag	NOUN=1	gag=1	gag|n|2|0;gag|v|7|0
gaga			gaga|a|2|0
gage			gage|n|2|0;gage|v|1|0
gain	VERB=11,NOUN=5,ADV=1	gain=17	gain|n|4|0;gain|v|9|0
gained	VERB=9	gained=9	
gainesville			Gainesville|n|1|1
gaining	VERB=7	gaining=6	
gains	NOUN=9,VERB=1	gains=10	
gait			gait|n|3|0
gal	NOUN=4	gal=4	gal|n|3|0
gala			gala|n|1|0
galactic			galactic|a|2|0
galaxies	NOUN=1	galaxies=1	
galaxy	NOUN=2	Galaxy=1,galaxy=1	galaxy|n|3|0
gale			gale|n|1|0
galilee			Galilee|n|1|1
galileo	PROPN=1	Galileo=1	Galileo|n|1|1
gall	NOUN=3	gall=3	gall|n|6|0;gall|v|2|0
gallant			gallant|a|4|0;gallant|n|2|0
galleries	NOUN=10,PROPN=2	galleries=10,Galleries=2	
gallery	NOUN=10,PROPN=3	gallery=10,Gallery=3	gallery|n|7|0
galley			galley|n|4|0
gallon	NOUN=12	gallon=12	gallon|n|2|0
galloway			Galloway|n|2|1
gallup	PROPN=2	Gallup=2	Gallup|n|1|1
galore	ADV=1	galore=1	galore|a|2|0
gals	NOUN=1	gals=1	
galveston	PROPN=1	Galveston=1	Galveston|n|1|1
galway			Galway|n|1|1
gambit	NOUN=2	gambit=2	gambit|n|3|0
gamble	VERB=2	gamble=2	gamble|n|2|0;gamble|v|2|0
gambler			gambler|n|2|0
gamblers	NOUN=1	gamblers=1	
gambling	NOUN=8,VERB=1	gambling=9	gambling|a|1|0;gambling|n|1|0
game	NOUN=112,PROPN=8,VERB=2,ADJ=1	game=96,Game=11	game|a|2|0;game|n|11|0;game|v|1|0
gameplay	NOUN=1		
gamers	NOUN=2,PROPN=1	gamers=2,Gamers=1	
games	NOUN=51,PROPN=7	games=48,Games=10	
gaming	PROPN=4,NOUN=3,VERB=1	Gaming=5,gaming=3	gaming|n|1|0
gamma			Gamma|n|1|1;gamma|n|2|0
gandhi	PROPN=5	Gandhi=5	Gandhi|n|2|2
gang	NOUN=5,PROPN=1	gang=6	gang|n|4|0;gang|v|1|0
gangs	NOUN=1	gangs=1	
gangster	NOUN=1	gangster=1	gangster|n|1|0
gao			GAO|n|1|0
gap	NOUN=8	gap=8	gap|n|6|0;gap|v|1|0
gaping			gaping|a|1|0
gaps	NOUN=7	gaps=7	
garage	NOUN=17,PROPN=3	garage=14,Garage=6	garage|n|2|0;garage|v|1|0
garages	NOUN=1	garages=1	
garbage	NOUN=4	garbage=4	garbage|n|3|0
garcia	PROPN=3	Garcia=3	
garde	X=2,NOUN=1	garde=2,Garde=1	
garden	NOUN=20,PROPN=7	garden=20,Garden=7	garden|a|1|0;garden|n|3|0;garden|v|1|0
gardener			gardener|n|2|0
gardeners	NOUN=2	gardeners=2	
gardening	NOUN=2	gardening=2	gardening|n|1|0
gardens	NOUN=9,PROPN=2	gardens=9,Gardens=2	
gardiner			Gardiner|n|1|1
gardner			Gardner|n|2|2
garfield			Garfield|n|1|1
garland			Garland|n|2|2;garland|n|2|0;garland|v|1|0
garlic	NOUN=3	garlic=3	garlic|n|2|0
garment	PROPN=1	Garment=1	garment|n|1|0;garment|v|1|0
garments	NOUN=1	garments=1	
garner	VERB=1	garner=1	garner|n|1|0;garner|v|3|0
garnered	VERB=3	garnered=3	
garnet			garnet|n|1|0
garrison	NOUN=2	garrison=2	Garrison|n|1|1;garrison|n|2|0;garrison|v|1|0
gary	PROPN=6	Gary=5	Gary|n|1|1
gas	NOUN=88,PROPN=13,X=2,VERB=1	gas=75,Gas=26	gas|n|6|0;gas|v|2|0
gases	NOUN=1,PROPN=1	GASES=1,gases=1	
gasoline	NOUN=1	gasoline=1	gasoline|n|1|0
gasp	NOUN=1	gasp=1	gasp|n|1|0;gasp|v|1|0
gaston	PROPN=2	Gaston=2	
gastric	ADJ=1	gastric=1	gastric|a|1|0
gastrointestinal			gastrointestinal|a|1|0
gate	NOUN=7,PROPN=1	gate=7,Gate=1	gate|n|4|0;gate|v|3|0
gated	ADJ=1	gated=1	
gates	PROPN=6,NOUN=2	Gates=6,gates=1	Gates|n|1|1
gateway	NOUN=2	gateway=2	gateway|n|1|0
gather	VERB=9	gather=8	gather|n|2|0;gather|v|9|0
gathered	VERB=9	gathered=9	gathered|a|1|0
gathering	VERB=4,NOUN=1	gathering=5	gathering|n|4|0
gatherings	NOUN=1	gatherings=1	
gathers	VERB=2	gathers=2	
gator	NOUN=1	gator=1	gator|n|1|0
gauge	VERB=2	gauge=2	gauge|n|5|0;gauge|v|6|0
gauntlet			gauntlet|n|4|0
gave	VERB=88	gave=87,GAVE=1	
gay	ADJ=13,NOUN=1	gay=11,Gay=3	gay|a|6|0;gay|n|1|0
gays	NOUN=1	gays=1	
gaza	PROPN=6	Gaza=6	Gaza|n|1|1
gaze	VERB=2,NOUN=1	gaze=3	gaze|n|1|0;gaze|v|1|0
gazette	PROPN=1	Gazette=1	gazette|n|1|0;gazette|v|1|0
gazing	VERB=1	gazing=1	
gb	NOUN=1,PROPN=1	GB=1,gb=1	GB|n|4|1;Gb|n|2|0
gc			Gc|n|1|0
gcse			GCSE|n|1|0
gd			GD|n|1|0;Gd|n|1|0
gdp	NOUN=9,PROPN=3	GDP=12	GDP|n|1|0
ge	PROPN=2	GE=2	Ge|n|2|1
gear	NOUN=3	gear=3	gear|n|4|0;gear|v|1|0
gearbox	NOUN=2	gearbox=2	gearbox|n|1|0
geared	VERB=5	geared=5	geared|a|1|0
gearing	VERB=1	gearing=1	gearing|n|1|0
gears	NOUN=4	gears=4	
gee	NOUN=1	gee=1	gee|n|1|0;gee|v|2|0
geek			geek|n|2|0;geek|v|1|0
geelong	PROPN=1	Geelong=1	
geez	INTJ=1	geez=1	
gel	NOUN=9,VERB=1	gel=9,Gel=1	gel|n|3|0;gel|v|2|0
gem	NOUN=8	gem=6,GEM=1,Gem=1	gem|n|5|0
gemini	PROPN=2	Gemini=1	Gemini|n|3|2
gemma	PROPN=1	GEMMA=1	gemma|n|1|0
gen			gen|n|1|0
gender	NOUN=21	gender=20	gender|n|2|0
genders	NOUN=2	genders=2	
gene	NOUN=5	gene=5	gene|n|1|0
genealogy	NOUN=1	genealogy=1	genealogy|n|2|0
general	ADJ=88,PROPN=28,NOUN=16	general=81,General=45	general|a|6|0;general|n|3|0;general|v|1|0
generalization			generalization|n|4|0
generalized	VERB=1	generalized=1	generalized|a|1|0
generally	ADV=29	generally=27	generally|r|3|0
generals	NOUN=2,X=1	generals=2,Generals=1	
generate	VERB=9	generate=9	generate|v|4|0
generated	VERB=8	generated=8	
generates	VERB=3	generates=3	
generating	VERB=3,NOUN=2	generating=5	
generation	NOUN=26	generation=26	generation|n|7|0
generational			generational|a|1|0
generations	NOUN=15	generations=15	
generator			generator|n|4|0
generators	NOUN=15	generators=15	
generic	ADJ=5	generic=4,Generic=1	generic|a|3|0;generic|n|2|0
generosity			generosity|n|2|0
generous	ADJ=5	generous=5	generous|a|3|0
generously			generously|r|1|0
genes	NOUN=5	genes=5	
genesis	PROPN=5	Genesis=3,genesis=1	Genesis|n|1|1;genesis|n|1|0
genetic	ADJ=3	genetic=3	genetic|a|4|0
genetically	ADV=2	genetically=2	genetically|r|1|0
genetics	NOUN=1	genetics=1	genetics|n|1|0
geneva	PROPN=3	Geneva=3	Geneva|n|1|1;geneva|n|1|0
genie			genie|n|1|0
genital	NOUN=1	genital=1	genital|a|1|0
genitalia	NOUN=1	genitalia=1	genitalia|n|1|0
genitals	NOUN=2	genitals=2	genitals|n|1|0
genius	NOUN=2	Genius=1,genius=1	genius|n|5|0
geniuses	NOUN=1	geniuses=1	
genoa	PROPN=1		Genoa|n|1|1
genocide	NOUN=2	genocide=2	genocide|n|1|0
genome	NOUN=2	genome=2	genome|n|1|0
genre	NOUN=1	genre=1	genre|n|3|0
genres	NOUN=2	genres=2	
gent			Gent|n|1|1;gent|n|2|0
gentle	ADJ=8,PROPN=1	gentle=7,Gentle=2	gentle|a|7|0;gentle|v|3|0
gentleman	NOUN=4	gentleman=4	gentleman|n|2|0
gentlemen	NOUN=7	gentlemen=7	
gently	ADV=9	gently=9	gently|r|3|0
gentry			gentry|n|1|0
genuine	ADJ=5	genuine=5	genuine|a|3|0
genuinely	ADV=3	genuinely=3	genuinely|r|2|0
genus			genus|n|2|0
geoff	PROPN=1		
geographic	ADJ=7	geographic=4,Geographic=3	geographic|a|2|0
geographical	ADJ=11	geographical=11	geographical|a|2|0
geographically			geographically|r|1|0
geography	NOUN=2	geography=2	geography|n|1|0
geologic			geologic|a|1|0
geological			geological|a|1|0
geologist	NOUN=2	geologist=2	geologist|n|1|0
geologists	NOUN=1	geologists=1	
geology			geology|n|1|0
geometric	ADJ=2	Geometric=1,geometric=1	geometric|a|2|0
geometry	NOUN=8	geometry=8	geometry|n|1|0
geopolitical	ADJ=1	geopolitical=1	geopolitical|a|1|0
george	PROPN=91	George=76,GEORGE=2	George|n|7|7
georges	PROPN=1	Georges=1	
georgetown	PROPN=1	Georgetown=1	Georgetown|n|2|2
georgia	PROPN=8	Georgia=8	Georgia|n|3|3
georgian			Georgian|a|4|0;Georgian|n|3|0
geothermal			geothermal|a|1|0
gerald	PROPN=6	Gerald=5	
gerard	PROPN=1	Gerard=1	
germ	NOUN=3	germ=3	germ|n|3|0
german	ADJ=19,PROPN=6	German=24,german=1	German|a|1|0;German|n|2|0
germanic			Germanic|a|2|0;Germanic|n|1|0
germans	PROPN=1	Germans=1	
germany	PROPN=20	Germany=19	Germany|n|1|1
germs	NOUN=2	germs=2	
gerry	PROPN=9	Gerry=5	
gertrude	PROPN=1	Gertrude=1	
gestapo			Gestapo|n|1|0
gesture	NOUN=1	gesture=1	gesture|n|3|0;gesture|v|1|0
gestures	NOUN=1	gestures=1	
get	VERB=790,AUX=42,X=1	get=778,Get=6,GET=4	get|n|1|0;get|v|36|0
getaway			getaway|n|2|0
gets	VERB=38,AUX=4	gets=38,Gets=2	
getting	VERB=150,AUX=13,NOUN=1	getting=157,Getting=1	getting|n|1|0
gettysburg			Gettysburg|n|2|2
gf	NOUN=2	gf=2	
gg	PROPN=1	GG=1	
ghana	PROPN=2	Ghana=2	Ghana|n|1|1
ghanaian			Ghanaian|a|1|0
ghetto			ghetto|n|3|0
ghost	PROPN=19,NOUN=4	Ghost=17,ghost=4	ghost|n|4|0;ghost|v|3|0
ghostbusters	PROPN=1	Ghostbusters=1	
ghostly	ADJ=1	ghostly=1	ghostly|a|1|0
ghosts	NOUN=1	ghosts=1	
ghz			GHz|n|1|0
gi	PROPN=3,NOUN=1	GI=4	GI|a|1|0;GI|n|1|0;GI|v|1|0;Gi|n|1|0
giant	ADJ=6,NOUN=5	giant=11	giant|a|1|0;giant|n|7|0
giants	NOUN=5,PROPN=2	giants=5,Giants=2	
gibbons	PROPN=1	Gibbons=1	
gibbs	PROPN=1	Gibbs=1	Gibbs|n|1|1
gibraltar	PROPN=1	Gibraltar=1	Gibraltar|n|1|1
gibson	PROPN=2	Gibson=2	Gibson|n|3|3
giddy	ADJ=1	giddy=1	giddy|a|2|0
gift	NOUN=20	gift=20	gift|n|3|0;gift|v|2|0
gifted	VERB=1	gifted=1	gifted|a|1|0
gifts	NOUN=12	gifts=12	
gig			gig|n|6|0
gigantic	ADJ=2	gigantic=2	gigantic|a|1|0
giggle			giggle|n|1|0;giggle|v|1|0
giggling	VERB=1	giggling=1	
gil	PROPN=1	Gil=1	
gilbert	PROPN=1	Gilbert=1	Gilbert|n|4|4;gilbert|n|1|0
gilded	ADJ=1	gilded=1	gilded|a|4|0
gill			gill|n|4|0
gillespie			Gillespie|n|1|1
gillette	PROPN=1	Gillette=1	Gillette|n|1|1
gilmore	PROPN=2	Gilmore=2	
gilt			gilt|a|1|0;gilt|n|1|0
gimmick	NOUN=1	gimmick=1	gimmick|n|3|0
gin			gin|n|4|0;gin|v|2|0
ginger	NOUN=2,PROPN=1	Ginger=2,ginger=1	ginger|a|1|0;ginger|n|4|0;ginger|v|1|0
giorgio	PROPN=1	Giorgio=1	
giovanni	PROPN=3	Giovanni=3	
giraffe	NOUN=3	giraffe=3	giraffe|n|1|0
girl	NOUN=61,PROPN=1	girl=59,GIRL=2,Girl=1	girl|n|5|0
girlfriend	NOUN=12	girlfriend=12	girlfriend|n|2|0
girlfriends	NOUN=2	girlfriends=2	
girls	NOUN=44,PROPN=3	girls=43,Girls=3	
gis	NOUN=9,PROPN=1	GIS=10	GIS|n|1|0
gist	NOUN=1	gist=1	gist|n|2|0
git			git|n|1|0
github	PROPN=2	GitHub=2	
give	VERB=254,NOUN=1	give=240,GIVE=1	give|n|1|0;give|v|43|0
giveaway	NOUN=1	giveaway=1	giveaway|n|3|0
given	VERB=111,ADJ=1,NOUN=1	given=101,Given=1	given|a|2|0;given|n|1|0
giver			giver|n|2|0
gives	VERB=46	gives=44	
giving	VERB=42	giving=38,Giving=2	giving|a|1|0;giving|n|3|0
glacial			glacial|a|3|0
glacier	PROPN=8	Glacier=8	glacier|n|1|0
glaciers	NOUN=1	glaciers=1	
glad	ADJ=34	glad=29,GLAD=1	glad|a|4|0;glad|n|1|0
gladiator			gladiator|n|2|0
gladly	ADV=3	gladly=3	gladly|r|1|0
gladstone			Gladstone|n|2|1
glamorous	ADJ=1	glamorous=1	glamorous|a|1|0
glamour	NOUN=1	glamour=1	glamour|n|1|0;glamour|v|1|0
glance	NOUN=1	glance=1	glance|n|1|0;glance|v|2|0
glanced	VERB=3	glanced=3	
gland			gland|n|1|0
glands	NOUN=1	glands=1	
glare			glare|n|3|0;glare|v|3|0
glaring	ADJ=2	glaring=2	glaring|a|2|0
glasgow	PROPN=2	Glasgow=1,glasgow=1	Glasgow|n|1|1
glass	NOUN=29,PROPN=2	glass=29,Glass=2	glass|n|7|0;glass|v|5|0
glasses	NOUN=8	glasses=8	glasses|n|1|0
glaze	NOUN=3	glaze=3	glaze|n|3|0;glaze|v|4|0
glazed	VERB=2	glazed=2	glazed|a|4|0
gleaming	VERB=3	gleaming=3	gleaming|a|1|0;gleaming|n|2|0
glee			glee|n|2|0
glen	PROPN=3	Glen=3	glen|n|1|0
glendale	PROPN=1	Glendale=1	
glenn	PROPN=2	Glenn=2	Glenn|n|1|1
glide			glide|n|3|0;glide|v|3|0
glider			glider|n|1|0
gliding			gliding|n|1|0
glimmer	NOUN=1	glimmer=1	glimmer|n|2|0;glimmer|v|1|0
glimpse	NOUN=2	glimpse=2	glimpse|n|3|0;glimpse|v|1|0
glitch	NOUN=1	glitch=1	glitch|n|1|0;glitch|v|1|0
glitter			glitter|n|2|0;glitter|v|1|0
glittering	VERB=1	glittering=1	glittering|a|1|0
global	ADJ=78,PROPN=5	global=48,Global=34	global|a|2|0
globalization			globalization|n|1|0
globally			globally|r|2|0
globe	NOUN=6,PROPN=3	globe=6,Globe=2	globe|n|3|1
glock	PROPN=1	Glock=1	
gloom	NOUN=1	gloom=1	gloom|n|3|0
gloomy	ADJ=3	gloomy=3	gloomy|a|3|0
gloria	PROPN=9	Gloria=5	
glorified			glorified|a|1|0
glorious	ADJ=3	glorious=3	glorious|a|3|0
glory	NOUN=2	glory=2	glory|n|3|0;glory|v|1|0
gloss	NOUN=1	gloss=1	gloss|n|4|0;gloss|v|4|0
glossary			glossary|n|1|0
glossy			glossy|a|4|0;glossy|n|2|0
gloucester			Gloucester|n|2|2
gloucestershire	PROPN=1	Gloucestershire=1	Gloucestershire|n|1|1
glove	NOUN=4,PROPN=1	glove=4,Glove=1	glove|n|3|0
gloves	NOUN=2	gloves=2	
glow	NOUN=8,VERB=1	glow=9	glow|n|7|0;glow|v|5|0
glowing	VERB=5,ADJ=2	glowing=7	glowing|a|1|0;glowing|n|1|0
glucose			glucose|n|1|0
glue	NOUN=3	glue=3	glue|n|1|0;glue|v|2|0
glued			glued|a|1|0
gluten			gluten|n|1|0
gm	PROPN=5	GM=5	gm|n|1|0
gmail	PROPN=3	Gmail=3	
gmt	PROPN=2,NOUN=1	GMT=3	GMT|n|1|0
gnome			gnome|n|2|0
go	VERB=600,NOUN=7,PROPN=3	go=570,GO=7,Go=4	go|a|1|0;go|n|4|0;go|v|30|0
goa			Goa|n|1|1
goal	NOUN=37,PROPN=1	goal=36,Goal=1	goal|n|4|0
goalie			goalie|n|2|0
goalkeeper	NOUN=1	goalkeeper=1	goalkeeper|n|2|0
goals	NOUN=29,PROPN=4	goals=29,Goals=4	
goat	NOUN=2	goat=2	Goat|n|2|1;goat|n|2|0
goats	NOUN=1	goats=1	
goblin			goblin|n|1|0
god	PROPN=59,NOUN=14,INTJ=4	God=44,god=21,GOD=7	God|n|1|1;god|n|3|0
goddamn	ADJ=1	goddamn=1	goddamn|a|2|0;goddamn|r|1|0
goddard	PROPN=1	Goddard=1	Goddard|n|1|1
goddess	NOUN=2	goddess=2	goddess|n|1|0
godfather			godfather|n|2|0
godly			godly|a|2|0
gods	NOUN=5	gods=5	
godzilla	PROPN=1	Godzilla=1	
goers	NOUN=1	goers=1	
goes	VERB=57	goes=57	
goethe			Goethe|n|1|1
goggles			goggles|n|1|0
gogh			Gogh|n|1|1
goin	VERB=1	goin=1	
going	VERB=433,X=1	going=423,Going=3,GOING=1	going|a|1|0;going|n|3|0
gold	NOUN=6,PROPN=2,ADJ=1	gold=5,Gold=3	gold|a|2|0;gold|n|5|0
goldberg	PROPN=1	Goldberg=1	Goldberg|n|1|1
golden	ADJ=14,NOUN=2,PROPN=1	golden=11,Golden=5	golden|a|6|0
goldfish			goldfish|n|1|0
goldman	PROPN=4	Goldman=4	Goldman|n|1|1
goldsmith	PROPN=10	Goldsmith=6	Goldsmith|n|1|1;goldsmith|n|1|0
golf	NOUN=5	golf=5	golf|n|1|0;golf|v|1|0
golfer			golfer|n|1|0
golfers	NOUN=1	golfers=1	
golfing	VERB=1	golfing=1	golfing|n|1|0
goliath	NOUN=1	Goliath=1	Goliath|n|1|1;goliath|n|1|0
gomez	PROPN=4	Gomez=4	
gon	VERB=126	gon=124	
gone	VERB=39,ADJ=17	gone=53,Gone=1	gone|a|6|0
gong			gong|n|2|0;gong|v|1|0
gonzales	PROPN=6	Gonzales=6	
goo	NOUN=3	goo=3	goo|n|1|0
good	ADJ=666,NOUN=19,ADV=5,PROPN=2,INTJ=1	good=594,Good=10,GOOD=6	good|a|21|0;good|n|4|0;good|r|2|0
goodbye	NOUN=2,PROPN=1	Goodbye=1,goodbye=1	goodbye|n|1|0
goodies	NOUN=1	goodies=1	
goodman			Goodman|n|1|1
goodness	NOUN=5	goodness=5	goodness|n|2|0
goods	NOUN=12	goods=12	
goodwill	PROPN=1	Goodwill=1	goodwill|n|3|0
goofy	ADJ=1	goofy=1	Goofy|n|1|1;goofy|a|1|0
google	PROPN=65,VERB=3	Google=55,google=4	Google|n|1|1;google|v|1|0
googled	VERB=3	googled=3	
goon			goon|n|2|0
goose	PROPN=1	Goose=1	goose|n|3|0;goose|v|3|0
gop	PROPN=3	GOP=3	GOP|n|1|0
gordon	PROPN=22	Gordon=16	
gore	PROPN=2	Gore=1	Gore|n|1|1;gore|n|3|0;gore|v|2|0
gorge			gorge|n|3|0;gorge|v|1|0
gorgeous	ADJ=2	gorgeous=2	gorgeous|a|1|0
gorilla			gorilla|n|1|0
gorman	PROPN=1	Gorman=1	
gosh	INTJ=13	gosh=11	
gospel	PROPN=5	Gospel=5	Gospel|n|1|0;gospel|n|4|0
gospels	PROPN=1	Gospels=1	Gospels|n|1|0
gossip	NOUN=1	gossip=1	gossip|n|3|0;gossip|v|2|0
got	VERB=317,AUX=17	got=314,Got=2,GOT=1	
goth			Goth|n|2|0
gothic	PROPN=1	Gothic=1	Gothic|a|3|0;Gothic|n|3|0;gothic|a|2|0
gotten	VERB=18	gotten=18	
gould			Gould|n|2|2
gourmet	NOUN=1	gourmet=1	gourmet|n|1|0
gov	PROPN=2	Gov=2	
govern	VERB=5	govern=5	govern|v|4|0
governance	NOUN=2	governance=2	governance|n|2|0
governed			governed|n|1|0
governing	VERB=5,NOUN=1	governing=5,Governing=1	governing|a|1|0;governing|n|1|0
government	NOUN=183,PROPN=30	government=156,Government=53,GOVERNMENT=3	government|n|4|0
governmental	ADJ=5	governmental=5	governmental|a|1|0
governments	NOUN=20	governments=18,Governments=2	
governor	NOUN=23,PROPN=15	governor=22,Governor=16	governor|n|2|0
governors	NOUN=2	governors=2	
governs	VERB=1	governs=1	
govt	NOUN=1,PROPN=1	Govt=2	
gown	NOUN=3	gown=3	gown|n|5|0;gown|v|1|0
gp			GP|n|1|0
gpa	NOUN=2	GPA=1,gpa=1	GPA|n|1|0
gps	NOUN=3,PROPN=1	GPS=3,gps=1	GPS|n|1|0
grab	VERB=15	grab=14	grab|n|2|0;grab|v|6|0
grabbed	VERB=4	grabbed=4	
grabbing	VERB=3	grabbing=3	
grabs	VERB=2	grabs=2	
grace	NOUN=5,PROPN=2	grace=6,Grace=1	Grace|n|1|0;grace|n|7|0;grace|v|2|0
graceful	ADJ=1	graceful=1	graceful|a|2|0
gracefully	ADV=1	gracefully=1	gracefully|r|2|0
gracie	PROPN=1	Gracie=1	Gracie|n|1|1
gracious	ADJ=3	gracious=3	gracious|a|4|0
grad	NOUN=1	grad=1	grad|n|2|0
grade	NOUN=6	grade=6	grade|n|9|0;grade|v|4|0
graded			graded|a|1|0
grader			grader|n|1|0
grades	NOUN=9	grades=9	
gradient			gradient|n|2|0
grading			grading|n|3|0
gradual	ADJ=2	gradual=2	gradual|a|2|0;gradual|n|1|0
gradually	ADV=4	gradually=4	gradually|r|1|0
graduate	NOUN=11,VERB=6,PROPN=4,ADJ=1	graduate=18,Graduate=4	graduate|a|1|0;graduate|n|2|0;graduate|v|3|0
graduated	VERB=8	graduated=8	graduated|a|2|0
graduating	VERB=4	graduating=4	
graduation	NOUN=2	graduation=2	graduation|n|4|0
graffiti	NOUN=1	graffiti=1	graffiti|n|1|0
graft			graft|n|3|0;graft|v|2|0
graham	PROPN=2	Graham=2	Graham|n|2|2;graham|n|1|0
grail	NOUN=1	GRAIL=1	grail|n|2|1
grain	NOUN=10	grain=10	grain|n|11|0;grain|v|4|0
grains	NOUN=4	grains=4	
gram	PROPN=2	Gram=2	Gram|n|1|1;gram|n|1|0
grammar	NOUN=18,PROPN=6	grammar=16,Grammar=8	grammar|n|1|0
grammatical	ADJ=4	grammatical=3,Grammatical=1	grammatical|a|2|0
grams	NOUN=5	grams=5	
gran			gran|n|1|0
granada			Granada|n|1|1
grand	ADJ=24	Grand=11,grand=10	grand|a|8|0;grand|n|2|0
grandchild	NOUN=1	grandchild=1	grandchild|n|1|0
grandchildren	NOUN=2	grandchildren=2	
granddaughter	NOUN=3	granddaughter=3	granddaughter|n|1|0
grande	PROPN=6	Grande=4	
grandeur	NOUN=2	grandeur=2	grandeur|n|2|0
grandfather	NOUN=2	grandfather=2	grandfather|n|1|0
grandma	NOUN=4	grandma=4	grandma|n|1|0
grandmother	NOUN=10	grandmother=10	grandmother|n|1|0
grandpa	NOUN=1	grandpa=1	grandpa|n|1|0
grandparents	NOUN=3	grandparents=3	
grandson	NOUN=2	grandson=2	grandson|n|1|0
grange			grange|n|1|0
granger	PROPN=1	Granger=1	granger|n|1|0
granite			granite|n|2|0
granny			granny|n|3|0
grant	NOUN=6,VERB=4,PROPN=1	grant=9,Grant=2	Grant|n|3|3;grant|n|5|0;grant|v|7|0
granted	VERB=10	granted=10	granted|a|1|0
granting	NOUN=2,VERB=1	granting=3	
grants	NOUN=6,VERB=1	grants=7	
grape	NOUN=4	grape=4	grape|n|3|0
grapefruit	NOUN=1	grapefruit=1	grapefruit|n|2|0
grapes	NOUN=1	grapes=1	
graph			graph|n|3|0;graph|v|2|0
graphic	ADJ=13,NOUN=2	graphic=15	graphic|a|5|0;graphic|n|1|0
graphical			graphical|a|2|0
graphics	NOUN=2	graphics=2	graphics|n|2|0
graphite			graphite|n|1|0
grapple	VERB=1	grapple=1	grapple|n|3|0;grapple|v|2|0
grappling	VERB=1	grappling=1	grappling|n|2|0
gras	NOUN=2	gras=2	
grasp	VERB=2	grasp=2	grasp|n|4|0;grasp|v|2|0
grasping			grasping|a|1|0;grasping|n|2|0
grass	NOUN=7	grass=6,Grass=1	Grass|n|1|1;grass|n|4|0;grass|v|5|0
grassroots	NOUN=1	grassroots=1	grassroots|a|2|0
grassy	ADJ=2	grassy=2	grassy|a|1|0
grate			grate|n|3|0;grate|v|5|0
grateful	ADJ=13	grateful=12	grateful|a|2|0
gratification	PROPN=1	Gratification=1	gratification|n|2|0
grating			grating|a|1|0;grating|n|3|0
gratitude	NOUN=4	gratitude=4	gratitude|n|1|0
grave	NOUN=4,ADJ=2	grave=6	grave|a|3|0;grave|n|3|0;grave|v|2|0
gravel	NOUN=1	gravel=1	gravel|n|1|0;gravel|v|3|0
gravely			gravely|r|2|0
graves	NOUN=3	graves=2,Graves=1	Graves|n|1|1
graveyard	NOUN=1	graveyard=1	graveyard|n|1|0
gravitational	ADJ=1	gravitational=1	gravitational|a|1|0
gravity	NOUN=11,PROPN=1	gravity=9,Gravity=3	gravity|n|3|0
gravy	NOUN=2	gravy=2	gravy|n|3|0
gray	ADJ=8,PROPN=4,NOUN=1	gray=8,Gray=5	Gray|n|4|3;gray|a|4|0;gray|n|5|0;gray|v|2|0
grazing	VERB=1	grazing=1	grazing|n|2|0
grease	NOUN=3	grease=3	grease|n|2|0;grease|v|1|0
greasy	ADJ=3	greasy=3	greasy|a|2|0
great	ADJ=489,ADV=4,INTJ=1	great=355,Great=34,GREAT=7	great|a|6|0;great|n|1|0
greater	ADJ=52	greater=47,Greater=5	greater|a|1|0
greatest	ADJ=19	greatest=18,GREATEST=1	greatest|a|1|0
greatly	ADV=16	greatly=15	greatly|r|1|0
greatness	NOUN=2	greatness=2	greatness|n|2|0
greece	PROPN=6	Greece=5	Greece|n|2|1
greed	NOUN=1	greed=1	greed|n|2|0
greedy	ADJ=2	GREEDY=1,greedy=1	greedy|a|3|0
greek	ADJ=20,PROPN=6	Greek=21,greek=2,GREEK=1	Greek|a|1|0;Greek|n|2|0
greeks	PROPN=1	Greeks=1	
green	ADJ=45,PROPN=8,NOUN=5	green=35,Green=15,GREEN=1	Green|n|3|2;green|a|5|0;green|n|5|0;green|s|1|0;green|v|1|0
greenberg			Greenberg|n|1|1
greene			Greene|n|1|1
greenfield	PROPN=1	Greenfield=1	
greenhouse	NOUN=3	greenhouse=3	greenhouse|a|1|0;greenhouse|n|1|0
greenland	PROPN=1	Greenland=1	Greenland|n|1|1
greens	NOUN=2	greens=2	greens|n|1|0
greensboro	PROPN=3	Greensboro=3	Greensboro|n|1|1
greenville			Greenville|n|3|3
greenwich			Greenwich|n|1|1
greenwood			greenwood|n|1|0
greet	VERB=2	greet=2	greet|v|4|0
greeted	VERB=10	greeted=10	
greeting	NOUN=4	greeting=4	greeting|n|1|0
greetings	NOUN=8,INTJ=1	greetings=6	
greg	PROPN=4	Greg=2	
gregg	PROPN=12	Gregg=1	
gregory	PROPN=8	Gregory=8	Gregory|n|6|6
grenade	NOUN=2	grenade=2	grenade|n|1|0
grenades	NOUN=1	grenades=1	
grew	VERB=28	grew=28	
grey	ADJ=3,NOUN=1,PROPN=1	grey=3,Grey=1	Grey|n|3|3;grey|a|4|0;grey|n|4|0;grey|v|2|0
greyhound	PROPN=2	Greyhound=1	greyhound|n|1|0
grid	NOUN=8	grid=7,Grid=1	grid|n|5|0
grief	NOUN=2	grief=2	grief|n|2|0
grievance			grievance|n|3|0
grievances	NOUN=4	grievances=3	
grieve			grieve|v|2|0
grieving			grieving|a|1|0
grievous			grievous|a|4|0
griffin	PROPN=5	Griffin=5	griffin|n|1|0
griffith			Griffith|n|1|1
grill	NOUN=6,PROPN=5	Grill=5,grill=4,GRILL=2	grill|n|2|0;grill|v|2|0
grille	PROPN=2	Grille=2	grille|n|3|0
grilled	VERB=3	grilled=2,Grilled=1	grilled|a|2|0
grilling			grilling|n|1|0
grim	ADJ=3	grim=3	grim|a|6|0
grime			grime|n|1|0;grime|v|1|0
grimm	PROPN=1	Grimm=1	Grimm|n|2|2
grin			grin|n|1|0;grin|v|1|0
grind			grind|n|4|0;grind|v|7|0
grinder	NOUN=3	grinder=3	grinder|n|4|0
grinding			grinding|n|3|0
grinning	VERB=2	grinning=2	grinning|n|1|0
grip	NOUN=6	grip=6	grip|n|7|0;grip|v|3|0
gripped	VERB=2	gripped=2	
gripping			gripping|a|1|0
grips	NOUN=2	grips=2	
grit	NOUN=14	grit=10,Grit=3	grit|n|2|0;grit|v|2|0
gritty			gritty|a|2|0
grizzly	ADJ=3,PROPN=1	grizzly=3,Grizzly=1	grizzly|a|1|0;grizzly|n|1|0
groan	INTJ=1,NOUN=1,VERB=1	groan=3	groan|n|1|0;groan|v|1|0
groceries	NOUN=2	groceries=2	
grocery	NOUN=9	grocery=8	grocery|n|2|0
groin			groin|n|3|0;groin|v|1|0
groom	PROPN=5,VERB=3	groom=3,Groom=2,GROOM=1	groom|n|3|0;groom|v|3|0
groomed	VERB=1	groomed=1	groomed|a|1|0
grooming	NOUN=1	grooming=1	grooming|n|3|0
groove	NOUN=2	groove=2	groove|n|3|0;groove|v|2|0
groovy			groovy|a|2|0
gross	ADJ=20,NOUN=2	gross=17,Gross=3	gross|a|7|0;gross|n|2|0;gross|v|1|0
grossly	ADV=1	grossly=1	grossly|r|1|0
grotesque	ADJ=2	grotesque=2	grotesque|a|2|0;grotesque|n|1|0
ground	NOUN=42,PROPN=5,VERB=1	ground=42,Ground=6	ground|n|11|0;ground|v|11|0
groundbreaking			groundbreaking|a|1|0;groundbreaking|n|1|0
grounded	VERB=4	grounded=4	
grounding			grounding|n|2|0
grounds	NOUN=18,PROPN=1	grounds=18,Grounds=1	grounds|n|5|0
groundwork			groundwork|n|3|0
group	NOUN=173,PROPN=27	group=167,Group=29,GROUP=1	group|n|3|0;group|v|2|0
grouped	VERB=1	grouped=1	grouped|a|1|0
grouping	NOUN=1	grouping=1	grouping|n|3|0
groups	NOUN=80	groups=68,GROUPS=1	
grouse			grouse|n|2|0;grouse|v|2|0
grove	PROPN=1	Grove=1	grove|n|2|0
groves			Groves|n|1|1
grow	VERB=45	grow=43,Grow=2	grow|v|10|0
growers	NOUN=2	growers=1	
growing	VERB=43,PROPN=1	growing=41,Growing=1	growing|a|1|0;growing|n|2|0
growl			growl|n|1|0;growl|v|1|0
grown	VERB=17	grown=17	grown|a|1|0
grows	VERB=4	grows=4	
growth	NOUN=21,PROPN=3	growth=21,Growth=3	growth|n|7|0
grub			grub|n|2|0;grub|v|2|0
grudge	NOUN=1	grudge=1	grudge|n|1|0;grudge|v|2|0
gruesome			gruesome|a|1|0
grumpy			grumpy|a|1|0
grunt	NOUN=1	grunt=1	grunt|n|3|0;grunt|v|1|0
gst			GST|n|1|0
gt	PROPN=1		Gt|n|1|0
gu			GU|a|1|0;GU|n|1|1
guam			Guam|n|1|1
guangzhou	PROPN=1	Guangzhou=1	Guangzhou|n|1|1
guantanamo	PROPN=4	Guantanamo=4	Guantanamo|n|1|1
guarantee	VERB=8,NOUN=5	guarantee=10,Guarantee=2,GUARANTEE=1	guarantee|n|3|0;guarantee|v|4|0
guaranteed	VERB=8,ADJ=1	guaranteed=8,Guaranteed=1	
guaranteeing	VERB=1	guaranteeing=1	
guarantees	VERB=7,NOUN=1	guarantees=8	
guard	PROPN=19,NOUN=3,VERB=2	Guard=19,guard=5	guard|n|11|0;guard|v|4|0
guarded			guarded|a|1|0
guardian	NOUN=6,PROPN=2	guardian=6,Guardian=2	guardian|n|1|0
guardians	NOUN=2	guardians=2	
guards	NOUN=8,PROPN=2	guards=6,Guards=3,GUARDS=1	
guatemala	PROPN=2	Guatemala=1	Guatemala|n|1|1
gubernatorial	ADJ=2	gubernatorial=2	gubernatorial|a|1|0
guerrilla	NOUN=2	guerrilla=2	guerrilla|n|1|0
guerrillas	NOUN=11	guerrillas=7,Guerrillas=1	
guess	VERB=47,NOUN=5	guess=49,GUESS=1	guess|n|2|0;guess|v|4|0
guessed	VERB=5	guessed=5	
guessing	VERB=2	guessing=2	guessing|n|1|0
guest	NOUN=11,PROPN=2	guest=11,Guest=2	Guest|n|1|1;guest|n|3|0
guests	NOUN=21	guests=20	
gui	NOUN=1	GUI=1	GUI|n|1|0
guidance	NOUN=8	guidance=8	guidance|n|3|0
guide	NOUN=13,VERB=3,PROPN=2	guide=14,Guide=4	guide|n|6|0;guide|v|5|0
guided	VERB=6,ADJ=1	guided=6,Guided=1	guided|a|1|0
guideline			guideline|n|3|0
guidelines	NOUN=14,PROPN=1	guidelines=14,Guidelines=1	
guides	NOUN=1	guides=1	
guiding	VERB=3	guiding=3	guiding|a|2|0
guild	PROPN=6,NOUN=1	Guild=6,guild=1	guild|n|1|0
guilt	NOUN=7	guilt=7	guilt|n|2|0
guilty	ADJ=15,NOUN=2	guilty=17	guilty|a|2|0
guinea	NOUN=9,PROPN=1	Guinea=5,guinea=4	Guinea|n|2|1;guinea|n|2|0
guinness	PROPN=1	guinness=1	Guinness|n|2|1
guise			guise|n|1|0
guitar	NOUN=4	guitar=4	guitar|n|1|0
guitarist	NOUN=1	guitarist=1	guitarist|n|1|0
gujarat			Gujarat|n|1|1
gulf	PROPN=24,NOUN=12	Gulf=34,gulf=2	gulf|n|3|0
gullible	ADJ=2	gullible=2	gullible|a|2|0
gully			gully|n|1|0
gum			gum|n|6|0;gum|v|4|0
gums	NOUN=3	gums=3	
gun	NOUN=7	gun=7	gun|n|7|0;gun|v|1|0
gunfire	NOUN=3	gunfire=3	gunfire|n|1|0
gunman			gunman|n|2|0
gunmen	NOUN=1	gunmen=1	
gunner			gunner|n|2|0
gunpoint			gunpoint|n|1|0
gunpowder	NOUN=1	gunpowder=1	gunpowder|n|1|0
guns	NOUN=11	guns=11	
gunshot			gunshot|n|1|0
gurney			gurney|n|1|0
guru			Guru|n|1|0;guru|n|2|0
gus	PROPN=1	Gus=1	
gust			gust|n|1|0
gut	NOUN=1	gut=1	gut|n|3|0;gut|v|2|0
guthrie	PROPN=2	Guthrie=2	Guthrie|n|1|1
guts	NOUN=1	guts=1	guts|n|1|0
gutter			gutter|n|4|0;gutter|v|4|0
guy	NOUN=91,PROPN=1	guy=89,Guy=3	Guy|n|1|0;guy|n|2|0;guy|v|2|0
guyana			Guyana|n|1|1
guys	NOUN=146,PROPN=1	guys=142,GUYS=2	
gw	PROPN=5	GW=5	
gwen	PROPN=2	Gwen=1	
gym	NOUN=16	gym=15,GYM=1	gym|n|1|0
gymnasium			Gymnasium|n|1|0;gymnasium|n|1|0
gymnastics			gymnastics|n|1|0
gypsy			Gypsy|n|2|0;gypsy|n|2|0
ha	INTJ=3,PROPN=2	ha=4,HA=1	HA|n|1|0
haas	PROPN=1	Haas=1	
habit	NOUN=6	habit=5,Habit=1	habit|n|6|0;habit|v|1|0
habitable			habitable|a|1|0
habitat	NOUN=7	habitat=7	habitat|n|1|0
habits	NOUN=5,PROPN=1	habits=5,Habits=1	
habitual	ADJ=1	habitual=1	habitual|a|1|0
hack	VERB=4	hack=4	hack|n|8|0;hack|v|8|0
hacked	VERB=1	hacked=1	
hacker	NOUN=1	hacker=1	hacker|n|3|0
hackers	NOUN=4	hackers=3	
hacking	VERB=2	hacking=2	
hackney	PROPN=2	Hackney=1	hackney|n|2|0
had	VERB=632,AUX=418	had=1032,HAD=3,Had=2	
hades			Hades|n|2|1
haha	INTJ=5	haha=5	
hahaha	INTJ=2	hahaha=1	
hahn	PROPN=1	Hahn=1	Hahn|n|1|1
hai	PROPN=2	Hai=2	
hail	VERB=1	hail=1	hail|n|3|0;hail|v|5|0
hair	NOUN=84,PROPN=1	hair=84	hair|n|6|0
haircut	NOUN=6	haircut=6	haircut|n|2|0
hairdresser	NOUN=2	hairdresser=2	hairdresser|n|1|0
haired			haired|a|1|0
hairs	NOUN=1	hairs=1	
hairstyle			hairstyle|n|1|0
hairy			hairy|a|2|0
haiti	PROPN=1	Haiti=1	Haiti|n|2|2
haitian			Haitian|a|1|0;Haitian|n|1|0
hal	PROPN=1	Hal=1	
halal	ADJ=10	Halal=5,halal=5	halal|a|2|0;halal|n|1|0
hale			Hale|n|3|3;hale|a|1|0;hale|v|2|0
haley	PROPN=1	Haley=1	Haley|n|2|2
half	NOUN=72,DET=22,ADV=8,ADJ=5,NUM=4,PROPN=1	half=104,Half=2	half|a|3|0;half|n|2|0;half|r|1|0
halftime			halftime|n|1|0
halfway	ADV=5	halfway=5	halfway|a|3|0;halfway|r|1|0
halifax			Halifax|n|1|1
hall	PROPN=18,NOUN=13	Hall=17,hall=13	Hall|n|5|5;hall|n|8|0
halle			Halle|n|1|1
hallelujah			hallelujah|n|1|0
hallmark			hallmark|n|2|0
halloween	PROPN=3	Halloween=3	Halloween|n|1|0
halls	NOUN=5	halls=4,Halls=1	
hallway	NOUN=3	hallway=3	hallway|n|1|0
halo			halo|n|3|0
halt	NOUN=1	halt=1	halt|a|1|0;halt|n|3|0;halt|v|4|0
halted	VERB=1	halted=1	
halves	NOUN=1	halves=1	
ham	NOUN=4,PROPN=3,ADJ=1	ham=5,Ham=2	Ham|n|1|1;ham|n|3|0;ham|v|1|0
hamas	PROPN=26	Hamas=24	Hamas|n|1|1
hamburg	PROPN=2	Hamburg=2	Hamburg|n|1|1
hamburger	PROPN=1	Hamburger=1	hamburger|n|2|0
hamid	PROPN=3	Hamid=3	
hamilton	PROPN=4	Hamilton=4	Hamilton|n|6|6
hamlet			Hamlet|n|1|1;hamlet|n|2|0
hammer	NOUN=2,PROPN=2	Hammer=2,hammer=2	hammer|n|8|0;hammer|v|2|0
hammered			hammered|a|1|0
hammering	VERB=1	hammering=1	hammering|n|1|0
hammock			hammock|n|2|0
hammond	PROPN=2	Hammond=2	
hamper	VERB=1	hamper=1	hamper|n|2|0;hamper|v|2|0
hampered	VERB=2	hampered=2	
hampshire	PROPN=3	Hampshire=3	Hampshire|n|2|1
hampton			Hampton|n|1|1
hamster	NOUN=20,PROPN=1	hamster=15,Hamster=6	hamster|n|1|0
hamstring			hamstring|n|1|0;hamstring|v|2|0
han			Han|n|1|0
hana	X=1	Hana=1	
hancock	PROPN=1		Hancock|n|1|1
hand	NOUN=122,X=2,PROPN=1,VERB=1	hand=124,HAND=1,Hand=1	hand|n|14|0;hand|v|2|0
handbag	NOUN=1	handbag=1	handbag|n|1|0
handball			handball|n|2|0
handbook			handbook|n|1|0
handcuffs	NOUN=1	handcuffs=1	
handed	VERB=7,ADJ=2,ADV=2	handed=11	handed|a|1|0
handful	NOUN=4	handful=4	handful|n|2|0
handgun			handgun|n|1|0
handheld			handheld|a|1|0
handicap	NOUN=1	handicap=1	handicap|n|3|0;handicap|v|3|0
handicapped	ADJ=1	handicapped=1	handicapped|a|1|0;handicapped|n|1|0
handing	VERB=1	handing=1	
handkerchief	NOUN=1	handkerchief=1	handkerchief|n|1|0
handle	VERB=26,NOUN=5	handle=30,HANDLE=1	handle|n|1|0;handle|v|6|0
handled	VERB=7	handled=7	handled|a|1|0
handler			handler|n|3|0
handlers	NOUN=1	handlers=1	
handles	VERB=3	handles=3	
handling	VERB=13,NOUN=2,PROPN=1	handling=15,Handling=1	handling|n|3|0
handmade			handmade|a|1|0
hands	NOUN=64	hands=61,Hands=1	hands|n|2|0
handshake			handshake|n|1|0
handsome	ADJ=2	handsome=2	handsome|a|2|0
handwriting			handwriting|n|2|0
handwritten	ADJ=1		handwritten|a|1|0
handy	ADJ=5	handy=4,Handy=1	Handy|n|1|1;handy|a|3|0
hang	VERB=9	hang=8	hang|n|3|0;hang|v|15|0
hangar	NOUN=3	hangar=3	hangar|n|1|0
hanger			hanger|n|2|0
hanging	VERB=13,NOUN=2	hanging=15	hanging|n|3|0
hangout	NOUN=2	Hangout=1,hangout=1	hangout|n|1|0
hangover			hangover|n|3|0
hangs	VERB=1	hangs=1	
hank	PROPN=4	Hank=4	hank|n|1|0
hanks	NOUN=1,PROPN=1	Hanks=1,hanks=1	Hanks|n|1|1
hannah	PROPN=4	Hannah=2	
hannibal	PROPN=1	Hannibal=1	Hannibal|n|2|2
hanoi	PROPN=2	Hanoi=1,hanoi=1	Hanoi|n|1|1
hanover			Hanover|n|2|1
hanson	PROPN=1	Hanson=1	
happen	VERB=40	happen=39,Happen=1	happen|v|5|0
happened	VERB=51	happened=50	
happening	VERB=18	happening=18	happening|n|1|0
happens	VERB=30	happens=30	
happier	ADJ=10	happier=9,Happier=1	
happiest	ADJ=1	happiest=1	
happily	ADV=5	happily=5	happily|r|2|0
happiness	NOUN=11	happiness=10	happiness|n|2|0
happy	ADJ=83	happy=75,Happy=4	happy|a|4|0
haram	PROPN=1	Haram=1	
harass	VERB=2	harass=2	harass|v|2|0
harassed			harassed|a|1|0
harassing	VERB=1	harassing=1	
harassment			harassment|n|2|0
harbor	PROPN=5,NOUN=2	Harbor=5,harbor=2	harbor|n|2|0;harbor|v|4|0
harbour	NOUN=4,PROPN=3	harbour=4,Harbour=3	harbour|n|2|0;harbour|v|4|0
hard	ADJ=97,ADV=41	hard=132,Hard=2	hard|a|12|0;hard|r|10|0
hardcore	ADJ=1	hardcore=1	hardcore|a|2|0
hardcover			hardcover|a|1|0;hardcover|n|1|0
harden			harden|v|5|0
hardened			hardened|a|5|0
harder	ADJ=7,ADV=1	harder=8	
hardest	ADJ=7	hardest=7	
harding	PROPN=1	Harding=1	Harding|n|1|1
hardly	ADV=5	hardly=5	hardly|r|3|0
hardness	NOUN=4	hardness=4	hardness|n|5|0
hardship	NOUN=2	hardship=2	hardship|n|3|0
hardships	NOUN=2	hardships=2	
hardware	NOUN=3	hardware=3	hardware|n|3|0
hardwood			hardwood|n|1|0
hardworking			hardworking|a|1|0
hardy	ADV=1	hardy=1	Hardy|n|2|2;hardy|a|3|0
hare	NOUN=1,PROPN=1	Hare=1,hare=1	hare|n|2|0;hare|v|1|0
harem	NOUN=1	harem=1	harem|n|1|0
harlan	PROPN=1		
harlem			Harlem|n|1|1
harley	PROPN=2	Harley=2	
harm	NOUN=8,VERB=3	harm=11	harm|n|3|0;harm|v|1|0
harmful	ADJ=4	harmful=4	harmful|a|1|0
harming	VERB=1	harming=1	
harmless	ADJ=3	harmless=3	harmless|a|1|0
harmonic			harmonic|a|5|0;harmonic|n|2|0
harmonious	ADJ=1	harmonious=1	harmonious|a|4|0
harmony	NOUN=3	harmony=3	harmony|n|5|0
harms	NOUN=1,PROPN=1,VERB=1	harms=2,Harms=1	
harness	NOUN=5	harness=5	harness|n|2|0;harness|v|4|0
harold	PROPN=2	Harold=2	
harp	PROPN=1	Harp=1	harp|n|3|0;harp|v|2|0
harper	PROPN=1	Harper=1	harper|n|1|0
harris	PROPN=12	Harris=9,HARRIS=3	Harris|n|6|6
harrisburg			Harrisburg|n|1|1
harrison	PROPN=9	Harrison=7	Harrison|n|4|4
harry	PROPN=26	Harry=21,harry=1	harry|v|2|0
harsh	ADJ=6	harsh=6	harsh|a|6|0
harshly	ADV=2	harshly=2	harshly|r|2|0
hart	PROPN=1	Hart=1	Hart|n|3|2;hart|n|1|0
hartford			Hartford|n|1|1
hartley			Hartley|n|1|1;hartley|n|1|0
harvard	PROPN=21	Harvard=20	Harvard|n|2|2
harvest	NOUN=4,VERB=2,PROPN=1	harvest=4,Harvest=3	harvest|n|4|0;harvest|v|2|0
harvesting	VERB=5,NOUN=1	harvesting=4,Harvesting=2	harvesting|n|1|0
harvey	PROPN=2	Harvey=2	Harvey|n|1|1
has	AUX=797,VERB=361	has=1139,HAS=5	
hash	NOUN=1		hash|n|2|0;hash|v|1|0
hashtag	NOUN=3	hashtag=3	hashtag|n|1|0
hassan	PROPN=3	Hassan=3	
hassle	NOUN=6,VERB=1	hassle=7	hassle|n|2|0;hassle|v|1|0
haste	NOUN=1	haste=1	haste|n|3|0
hastily	ADV=1	hastily=1	hastily|r|1|0
hastings			Hastings|n|3|3
hasty	ADJ=1	hasty=1	hasty|a|2|0
hat	NOUN=4	hat=3	hat|n|2|0;hat|v|2|0
hatch	VERB=3,PROPN=1	hatch=3,Hatch=1	hatch|n|4|0;hatch|v|5|0
hatched	VERB=1	hatched=1	hatched|a|2|0
hate	VERB=21,NOUN=1	hate=20,HATE=2	hate|n|1|0;hate|v|2|0
hated	VERB=5	hated=4,HATED=1	hated|a|1|0
hateful	ADJ=3	hateful=3	hateful|a|2|0
hater			hater|n|1|0
hates	VERB=5	hates=4,HATES=1	
hathaway	PROPN=1	Hathaway=1	Hathaway|n|1|1
hating	VERB=1	HATING=1	
hatred	NOUN=4	hatred=4	hatred|n|1|0
hats	NOUN=2,PROPN=1	Hats=2,hats=1	
haul	VERB=1	haul=1	haul|n|2|0;haul|v|2|0
hauled	VERB=5	hauled=5	
hauling	VERB=3,NOUN=1	hauling=4	hauling|n|1|0
haunt	VERB=1	haunt=1	haunt|n|1|0;haunt|v|3|0
haunted			haunted|a|3|0
haunting			haunting|a|2|0
havana	PROPN=1	Havana=1	Havana|n|1|1
have	VERB=1605,AUX=1257	have=2790,HAVE=11,Have=10	have|n|1|0;have|v|18|0
haven	NOUN=6,PROPN=2	haven=5,Haven=3	haven|n|2|0
having	VERB=123,AUX=20	having=132,HAVING=1,Having=1	
havoc	NOUN=1	havoc=1	havoc|n|1|0
haw			haw|n|2|0;haw|v|1|0
hawaii	PROPN=1	Hawaii=1	Hawaii|n|2|2
hawaiian	PROPN=1	Hawaiian=1	Hawaiian|a|1|0;Hawaiian|n|2|0
hawk	PROPN=1	Hawk=1	hawk|n|3|0;hawk|v|3|0
hawking	PROPN=1	Hawking=1	Hawking|n|1|1;hawking|n|1|0
hawkins			Hawkins|n|2|2
hawthorn			hawthorn|n|1|0
hawthorne	PROPN=1	Hawthorne=1	Hawthorne|n|1|1
hay	NOUN=6,PROPN=1	hay=6,Hay=1	hay|n|1|0;hay|v|1|0
hayes	PROPN=1	Hayes=1	Hayes|n|2|2
hays			Hays|n|3|3
hazard	NOUN=1,PROPN=1	Hazard=1,hazard=1	hazard|n|3|0;hazard|v|3|0
hazardous	ADJ=1	hazardous=1	hazardous|a|1|0
hazards	NOUN=2	hazards=2	
haze			haze|n|2|0;haze|v|2|0
hazel			hazel|a|1|0;hazel|n|4|0
hazy	PROPN=2,ADJ=1	Hazy=2,hazy=1	hazy|a|2|0
hb			Hb|n|1|0
hbo	PROPN=1	HBO=1	
hd	NOUN=1	HD=1	
he	PRON=1809,DET=2,INTJ=2	he=1314,He=21,HE=4	He|n|1|0;he|n|1|0
head	NOUN=84,VERB=12	head=96	head|n|33|0;head|v|9|0
headache	NOUN=1	headache=1	headache|n|2|0
headaches	NOUN=5	headaches=5	
headed	VERB=8,ADJ=7	headed=15	headed|a|4|0
header	NOUN=3	header=3	header|n|7|0
heading	VERB=16,NOUN=1	heading=17	heading|n|3|0
headline	NOUN=7	headline=7	headline|n|1|0;headline|v|2|0
headlines	NOUN=9	headlines=9	
headmaster			headmaster|n|1|0
headphone			headphone|n|1|0
headquarters	NOUN=14	headquarters=14	headquarters|n|3|0
heads	NOUN=17,VERB=3	heads=20	
headset	NOUN=5	headset=5	headset|n|1|0
heal	VERB=1	heal=1	heal|v|3|0
healed	ADJ=1	healed=1	healed|a|1|0
healer			healer|n|1|0
healing	VERB=5,NOUN=2	healing=6	healing|a|1|0;healing|n|1|0
health	NOUN=91,PROPN=12	health=91,Health=12	health|n|2|0
healthcare	NOUN=2	healthcare=2	healthcare|n|1|0
healthier	ADJ=6	healthier=6	healthier|a|1|0
healthy	ADJ=39	healthy=39	healthy|a|5|0
heap	NOUN=1	heap=1	heap|n|3|0;heap|v|3|0
heaps	NOUN=2	heaps=1	heaps|n|1|0;heaps|r|1|0
hear	VERB=81,ADV=1,NOUN=1	hear=82	hear|v|5|0
heard	VERB=80,PROPN=3	heard=80,Heard=3	heard|a|1|0
hearing	VERB=16,NOUN=15	hearing=30	hearing|a|1|0;hearing|n|6|0
hearings	NOUN=13	hearings=13	
hears	VERB=1	hears=1	
heart	NOUN=33,PROPN=1	heart=33,Heart=1	heart|n|10|0
heartache			heartache|n|1|0
heartbeat	NOUN=1	heartbeat=1	heartbeat|n|3|0
heartbreak			heartbreak|n|1|0
heartbreaking	ADJ=2	heartbreaking=2	heartbreaking|a|1|0
heartbroken	ADJ=1	heartbroken=1	heartbroken|a|1|0
heartfelt			heartfelt|a|1|0
hearth			hearth|n|3|0
heartland	NOUN=4	heartland=4	heartland|n|1|0
heartless	ADJ=1	heartless=1	heartless|a|2|0
hearts	NOUN=6	hearts=5,Hearts=1	hearts|n|1|0
hearty			hearty|a|5|0
heat	NOUN=41,VERB=4	heat=45	heat|n|7|0;heat|v|4|0
heated	VERB=1	heated=1	heated|a|2|0
heater	NOUN=4	heater=4	heater|n|2|0
heath			heath|n|2|0
heathen			heathen|a|1|0;heathen|n|1|0
heather	PROPN=5,NOUN=1	Heather=4,heather=1	heather|n|2|0
heating	NOUN=4,PROPN=2,VERB=1	heating=4,HEATING=1,Heating=1	heating|n|2|0
heaven	NOUN=6,PROPN=5	heaven=5,Heaven=4	Heaven|n|1|0;heaven|n|1|0
heavenly	ADJ=1	heavenly=1	heavenly|a|3|0
heavens	NOUN=2	heavens=2	heavens|n|1|0
heavier	ADJ=3	heavier=3	
heavily	ADV=9	heavily=8	heavily|r|7|0
heavy	ADJ=27	heavy=26	heavy|a|27|0;heavy|n|2|0;heavy|r|1|0
heavyweight	NOUN=1	heavyweight=1	heavyweight|n|6|0
hebrew	ADJ=4,PROPN=2	Hebrew=6	Hebrew|a|2|0;Hebrew|n|2|0
hebrews	PROPN=1	Hebrews=1	Hebrews|n|2|1
heck	NOUN=3,INTJ=2	heck=3	
hectare			hectare|n|1|0
hectic	ADJ=4	hectic=4	hectic|a|1|0
hector	PROPN=1	hector=1	Hector|n|1|1;hector|v|1|0
hedge	NOUN=2,VERB=1	hedge=2,Hedge=1	hedge|n|3|0;hedge|v|4|0
hedgehog			hedgehog|n|2|0
heed	NOUN=1	heed=1	heed|n|1|0;heed|v|1|0
heel	NOUN=5,VERB=1	heel=6	heel|n|6|0;heel|v|5|0
heels	NOUN=9,PROPN=2	heels=9,Heels=2	
hefty			hefty|a|3|0
hegemony	PROPN=1	Hegemony=1	hegemony|n|1|0
heh	INTJ=1		
hehe	INTJ=1	hehe=1	
heidelberg	PROPN=2	Heidelberg=2	
height	NOUN=12	height=11	height|n|4|0
heightened	ADJ=3,VERB=3	heightened=6	
heights	NOUN=3,PROPN=2	heights=4,Heights=1	heights|n|1|0
heinous			heinous|a|1|0
heinz			Heinz|n|1|1
heir			heir|n|2|0
heirs	NOUN=1	heirs=1	
heist			heist|n|2|0;heist|v|1|0
held	VERB=54	held=54	held|a|1|0
helen	PROPN=1		Helen|n|1|1
helena			Helena|n|1|1
helicopter	NOUN=3	helicopter=3	helicopter|n|1|0
helicopters	NOUN=10	helicopters=10	
helium	NOUN=1	helium=1	helium|n|1|0
helix			Helix|n|1|0;helix|n|2|0
hell	NOUN=16,PROPN=7,INTJ=3	hell=18,Hell=7	Hell|n|2|0;hell|n|3|0
heller			Heller|n|1|1;heller|n|3|0
hello	INTJ=24	hello=6	hello|n|1|0
helm	NOUN=1	helm=1	helm|n|2|0;helm|v|1|0
helmet	NOUN=3	helmet=3	helmet|n|2|0
helmets	NOUN=1	helmets=1	
help	VERB=191,NOUN=80	help=256,HELP=8,Help=3	help|n|4|0;help|v|8|0
helped	VERB=35	helped=35	
helper			helper|n|2|0
helpers	NOUN=2	Helpers=1,helpers=1	
helpful	ADJ=72	helpful=72	helpful|a|1|0
helping	VERB=24	helping=24	helping|n|1|0
helpless			helpless|a|3|0
helps	VERB=26	helps=25	
helsinki	PROPN=2	Helsinki=2	Helsinki|n|1|1
hem			hem|n|2|0;hem|v|2|0
hemingway			Hemingway|n|1|1
hemisphere	PROPN=3,NOUN=1	Hemisphere=4	hemisphere|n|3|0
hemorrhage			hemorrhage|n|1|0;hemorrhage|v|1|0
hemp			hemp|n|3|0
hen			hen|n|4|0
hence	ADV=15	hence=11	hence|r|3|0
henderson	PROPN=1	Henderson=1	
hendrix			Hendrix|n|1|1
henley	PROPN=1	Henley=1	
henry	PROPN=7	Henry=7	Henry|n|3|3;henry|n|1|0
hens	NOUN=7	hens=4,Hens=1	
henson			Henson|n|1|1
hepatitis	NOUN=1	hepatitis=1	hepatitis|n|1|0
hepburn			Hepburn|n|1|1
her	PRON=644	her=601,Her=2,HER=1	
herald	PROPN=4	Herald=4	herald|n|2|0;herald|v|3|0
herb	NOUN=4	herb=4	herb|n|2|0
herbal			herbal|a|1|0;herbal|n|1|0
herbert	PROPN=2	Herbert=1	Herbert|n|1|1
herbs	NOUN=2	herbs=2	
hercules			Hercules|n|2|2
herd	NOUN=2,VERB=1	herd=3	herd|n|3|0;herd|v|3|0
here	ADV=497,VERB=1	here=411,HERE=7,Here=1	Here|n|1|1;here|a|1|0;here|n|1|0;here|r|4|0
hereafter			hereafter|n|2|0;hereafter|r|3|0
hereby	ADV=6	hereby=6	hereby|r|1|0
hereditary	ADJ=1	hereditary=1	hereditary|a|2|0
hereford			Hereford|n|1|0
herein	ADV=6	herein=6	herein|r|1|0
heresy	NOUN=1	heresy=1	heresy|n|2|0
heritage	PROPN=5,NOUN=3	Heritage=5,heritage=3	heritage|n|4|0
herman	PROPN=1	Herman=1	Herman|n|1|1
hermann	PROPN=1	Hermann=1	Hermann|n|1|1
hermes	PROPN=1	Hermes=1	Hermes|n|1|1
hermit	NOUN=1	hermit=1	hermit|n|2|0
hero	NOUN=3	hero=2,Hero=1	Hero|n|2|2;hero|n|5|0
heroes	PROPN=5,NOUN=3	HEROES=5,heroes=3	
heroic			heroic|a|5|0;heroic|n|1|0
heroin			heroin|n|1|0
heroine			heroine|n|2|0
heroism			heroism|n|1|0
heron			Heron|n|1|1;heron|n|1|0
herpes	NOUN=2	Herpes=1,herpes=1	herpes|n|2|0
herr			Herr|n|2|0
herring	NOUN=1	herring=1	herring|n|2|0
hers	PRON=2	hers=2	
herself	PRON=13	herself=13	
hertfordshire			Hertfordshire|n|1|1
hesitant	ADJ=3	hesitant=3	hesitant|a|1|0
hesitate	VERB=10	hesitate=10	hesitate|v|2|0
hesitation	NOUN=2	hesitation=2	hesitation|n|3|0
hess			Hess|n|4|4
het			het|a|1|0
heterosexual			heterosexual|a|1|0;heterosexual|n|1|0
hewitt	PROPN=1	Hewitt=1	
hewlett	PROPN=5	Hewlett=4	
hex			hex|a|1|0;hex|n|1|0;hex|v|1|0
hey	INTJ=44	hey=12,Hey=5	
heyday	NOUN=2	heyday=2	heyday|n|1|0
hezbollah	PROPN=9	Hezbollah=9	Hezbollah|n|1|1
hf			HF|n|1|0;Hf|n|1|0
hg			Hg|n|1|0;hg|n|1|0
hh	NOUN=3,PROPN=1	hh=3,HH=1	
hi	INTJ=63	hi=10,HI=1,Hi=1	HI|n|1|1;hi|n|1|0
hiatus	NOUN=1	hiatus=1	hiatus|n|3|0
hickey			hickey|n|2|0
hickory	PROPN=2	Hickory=2	hickory|n|2|0
hid	VERB=2,ADJ=1	hid=3	
hidden	ADJ=24,VERB=8	Hidden=18,hidden=11	hidden|a|3|0
hide	VERB=9,NOUN=3	hide=12	hide|n|2|0;hide|v|4|0
hideous	ADJ=1	hideous=1	hideous|a|2|0
hiding	VERB=6,NOUN=2	hiding=8	hiding|n|2|0
hierarchical	ADJ=1	hierarchical=1	hierarchical|a|1|0
hierarchy	NOUN=3	hierarchy=3	hierarchy|n|2|0
high	ADJ=166,ADV=7,NOUN=5,INTJ=1,PROPN=1	high=158,High=15,HIGH=4	high|a|7|0;high|n|7|0;high|r|4|0
higher	ADJ=37,ADV=4	higher=39,Higher=1	higher|a|2|0
highest	ADJ=20,ADV=1	highest=21	
highland			highland|a|1|0;highland|n|1|0
highlands	NOUN=1	highlands=1	Highlands|n|1|1
highlight	NOUN=1,VERB=1	highlight=2	highlight|n|2|0;highlight|v|2|0
highlighted	VERB=7	highlighted=7	
highlighting	VERB=6	highlighting=4,Highlighting=2	highlighting|n|1|0
highlights	NOUN=5,VERB=3	highlights=8	
highly	ADV=109	highly=85,Highly=3,HIGHLY=1	highly|r|3|0
highness			Highness|n|1|0;highness|n|2|0
highschool			highschool|n|1|0
highway	NOUN=9,PROPN=1	highway=9,Highway=1	highway|n|1|0
highways	NOUN=1	highways=1	
hijab			hijab|n|2|0
hijack			hijack|n|1|0;hijack|v|2|0
hijacking			hijacking|n|1|0
hike	VERB=2,NOUN=1	hike=3	hike|n|3|0;hike|v|2|0
hikes	NOUN=1	hikes=1	
hiking	NOUN=12,VERB=8	hiking=20	hiking|n|1|0
hilarious	ADJ=5	hilarious=5	hilarious|a|1|0
hilary	PROPN=4	Hilary=1	
hill	PROPN=11,NOUN=5,X=2	Hill=9,hill=7	Hill|n|2|2;hill|n|3|0;hill|v|1|0
hillary			Hillary|n|1|1
hills	NOUN=5,PROPN=4	hills=5,Hills=4	
hillside			hillside|n|1|0
hilly			hilly|a|1|0
hilton	PROPN=7	Hilton=7	
him	PRON=527	him=525,HIM=1	
himalayan			Himalayan|a|1|0
himalayas			Himalayas|n|1|1
himself	PRON=56	himself=56	
hind	ADJ=2	hind=2	hind|a|1|0;hind|n|2|0
hinder			hinder|a|1|0;hinder|v|3|0
hindered	VERB=1	hindered=1	
hindi	PROPN=1	Hindi=1	Hindi|a|1|0;Hindi|n|1|0
hindsight	NOUN=2	hindsight=2	hindsight|n|1|0
hindu	ADJ=11,PROPN=2	Hindu=13	Hindu|a|1|0;Hindu|n|2|0
hinduism			Hinduism|n|2|0
hinge			hinge|n|2|0;hinge|v|1|0
hinges	NOUN=1,VERB=1	hinges=2	
hint	NOUN=2,VERB=2	hint=4	hint|n|5|0;hint|v|1|0
hints	NOUN=5	hints=5	
hip	NOUN=4	hip=4	hip|a|1|0;hip|n|5|0
hippie	ADJ=1	hippie=1	hippie|n|1|0
hippo			Hippo|n|1|1;hippo|n|1|0
hipster	NOUN=3	hipster=3	hipster|n|1|0
hire	VERB=20,NOUN=1	hire=21	hire|n|2|0;hire|v|3|0
hired	VERB=6	hired=6	hired|a|2|0
hiring	VERB=5,NOUN=2	hiring=6	
hiroshima	PROPN=1	Hiroshima=1	Hiroshima|n|1|1
his	PRON=1089,DET=1	his=1008,His=5,HIS=1	
hispanic	ADJ=1,PROPN=1	Hispanic=2	Hispanic|a|1|0;Hispanic|n|1|0
historian	NOUN=5,PROPN=1	historian=4,Historian=1	historian|n|1|0
historians	NOUN=5	historians=5	
historic	ADJ=16	historic=10,Historic=5	historic|a|2|0
historical	ADJ=21	historical=20,Historical=1	historical|a|4|0
historically	ADV=8	historically=7	historically|r|2|0
histories	NOUN=2	histories=2	
history	NOUN=109,PROPN=5	history=101,History=7,HISTORY=1	history|n|5|0
hit	VERB=44,NOUN=9	hit=49	hit|n|7|0;hit|v|15|0
hitch	NOUN=2,VERB=1	hitch=3	hitch|n|7|0;hitch|v|5|0
hitchcock			Hitchcock|n|1|1
hitherto			hitherto|r|1|0
hitler	PROPN=2	Hitler=2	Hitler|n|1|1
hitman			hitman|n|1|0
hits	VERB=2,PROPN=1	hits=2,Hits=1	
hitter			hitter|n|2|0
hitting	VERB=6	hitting=6	hitting|n|1|0
hiv	PROPN=1	HIV=1	HIV|n|2|0
hive			hive|n|3|0;hive|v|3|0
hives			hives|n|1|0
hl			hl|n|1|0
hm	INTJ=13	hm=4	hm|n|1|0
hmm	INTJ=6	hmm=2	
hmmm	INTJ=4	Hmmm=1,hmmm=1	
ho	PROPN=5,INTJ=3	Ho=4,ho=3,HO=1	Ho|n|1|0;ho|n|1|0
hoard			hoard|n|1|0;hoard|v|2|0
hoarding			hoarding|n|1|0
hoax	NOUN=5	hoax=3,HOAX=1,Hoax=1	hoax|n|1|0;hoax|v|1|0
hobart			Hobart|n|1|1
hobbies	NOUN=1	hobbies=1	
hobbit	PROPN=2	Hobbit=2	hobbit|n|1|0
hobbs	PROPN=1		Hobbs|n|1|1
hobby	NOUN=5,PROPN=1	hobby=5,Hobby=1	hobby|n|3|0
hoc	X=2	hoc=2	
hockey	NOUN=4	hockey=4	hockey|n|2|0
hodge	PROPN=6	Hodge=6	
hodgson	PROPN=1	Hodgson=1	
hoe	NOUN=1	hoe=1	hoe|n|2|0;hoe|v|1|0
hoffman	PROPN=1	Hoffman=1	Hoffman|n|2|2
hog			hog|n|3|0;hog|v|1|0
hogan			Hogan|n|1|1;hogan|n|1|0
hogg	PROPN=5	Hogg=5	Hogg|n|1|1;hogg|n|1|0
hogwarts	PROPN=1	Hogwarts=1	
hoist			hoist|n|1|0;hoist|v|3|0
hold	VERB=46,NOUN=13,PROPN=1	hold=56,Hold=1	hold|n|9|0;hold|v|36|0
holden	PROPN=1	Holden=1	
holder	NOUN=5,PROPN=1	holder=5,Holder=1	holder|n|3|0
holders	NOUN=4	holders=4	
holding	VERB=22,NOUN=1	holding=22,Holding=1	holding|n|2|0
holdings	NOUN=4,PROPN=1	holdings=4,Holdings=1	
holds	VERB=14	holds=14	
hole	NOUN=15	hole=15	hole|n|8|0;hole|v|2|0
holes	NOUN=15	holes=15	
holiday	NOUN=11,VERB=1	holiday=12	holiday|n|2|0;holiday|v|1|0
holidays	NOUN=7	holidays=7	
holiness			holiness|n|1|0
holistic	ADJ=6	holistic=4,Holistic=1	holistic|a|1|0
holland	PROPN=2	Holland=1	Holland|n|1|1
hollow			hollow|a|4|0;hollow|n|3|0;hollow|v|2|0
holly	PROPN=6	Holly=3	Holly|n|1|1;holly|n|1|0
hollywood	PROPN=2	Hollywood=2	Hollywood|a|2|0;Hollywood|n|3|1
holmes			Holmes|n|4|4
holocaust	PROPN=5,NOUN=1	Holocaust=5,holocaust=1	Holocaust|n|1|1;holocaust|n|1|0
hologram			hologram|n|1|0
holt	PROPN=25	Holt=14	
holy	ADJ=17	Holy=11,holy=3,HOLY=1	holy|a|1|0;holy|n|1|0
homage	NOUN=2	homage=2	homage|n|1|0
home	NOUN=139,ADV=85,PROPN=30	home=226,Home=23,HOME=2	home|a|3|0;home|n|9|0;home|r|3|0;home|v|2|0
homecoming			homecoming|n|2|0
homeland	NOUN=10,PROPN=3	homeland=9,Homeland=3	homeland|n|1|0
homeless	ADJ=5	homeless=5	homeless|a|2|0;homeless|n|2|0
homelessness			homelessness|n|1|0
homemade	ADJ=3	homemade=3	homemade|a|1|0
homeowner			homeowner|n|1|0
homeowners	NOUN=5	homeowners=5	
homepage	NOUN=2	homepage=2	homepage|n|1|0
homer	NOUN=1,PROPN=1	Homer=1,homer=1	Homer|n|2|2;homer|n|3|0;homer|v|1|0
homes	NOUN=18,PROPN=1	homes=17,Homes=2	
homestead			homestead|n|3|0;homestead|v|1|0
hometown	NOUN=1	hometown=1	hometown|n|1|0
homework	NOUN=2	homework=2	homework|n|1|0
homicide			homicide|n|1|0
homo	NOUN=1	homo=1	homo|n|2|0
homogeneous	ADJ=1	homogeneous=1	homogeneous|a|1|0
homophobia			homophobia|n|1|0
homophobic			homophobic|a|1|0
homosexual	ADJ=1,NOUN=1	homosexual=2	homosexual|a|1|0;homosexual|n|1|0
homosexuality	NOUN=6	homosexuality=6	homosexuality|n|1|0
homosexuals	NOUN=1	homosexuals=1	
hon	NOUN=1	hon=1	
honda	PROPN=5	Honda=5	
honduras	PROPN=1	Honduras=1	Honduras|n|1|1
hone			hone|n|2|0;hone|v|2|0
honest	ADJ=19,ADV=1	honest=19,Honest=1	honest|a|6|0
honestly	ADV=12	honestly=10	honestly|r|2|0
honesty	NOUN=6	honesty=6	honesty|n|2|0
honey	NOUN=10	honey=8	honey|a|1|0;honey|n|2|0;honey|v|1|0
honeymoon	NOUN=2	honeymoon=2	honeymoon|n|2|0;honeymoon|v|1|0
hong	PROPN=11	Hong=10,HONG=1	
honolulu	PROPN=1	Honolulu=1	Honolulu|n|1|1
honor	NOUN=11,PROPN=5,VERB=3	honor=12,Honor=7	honor|n|4|0;honor|v|3|0
honorable	ADJ=6	honorable=6	honorable|a|4|0
honorary	ADJ=3	honorary=3	honorary|a|1|0
honored	VERB=2,ADJ=1	honored=3	honored|a|1|0
honoring			honoring|n|1|0
honors	NOUN=3	honors=3	
honour	NOUN=1,VERB=1	honour=2	honour|n|4|0;honour|v|3|0
honourable			honourable|a|2|0
honoured			honoured|s|1|0
honours			honours|n|1|0
hood	PROPN=3,NOUN=1	Hood=3,hood=1	hood|n|10|0;hood|v|1|0
hooded	VERB=1	hooded=1	
hoodie	NOUN=1	hoodie=1	
hoods	NOUN=1	hoods=1	
hook	VERB=4,NOUN=1	hook=5	hook|n|8|0;hook|v|12|0
hooked	VERB=1	hooked=1	hooked|a|3|0
hooker			Hooker|n|2|2;hooker|n|3|0
hookers	NOUN=2	hookers=2	
hooking	VERB=1	hooking=1	hooking|n|1|0
hooks	NOUN=1	hooks=1	hooks|n|1|0
hookup			hookup|n|2|0
hoop	PROPN=1	Hoop=1	hoop|n|4|0;hoop|v|1|0
hoops	NOUN=3	hoops=3	hoops|n|1|0
hooray	INTJ=2		hooray|n|1|0
hoover	PROPN=1	Hoover=1	Hoover|n|4|3;hoover|v|1|0
hop	VERB=6,PROPN=2,NOUN=1	Hop=4,hop=4	hop|n|3|0;hop|v|6|0
hope	VERB=112,NOUN=28,PROPN=5	hope=110,Hope=4,HOPE=2	Hope|n|1|1;hope|n|5|0;hope|v|3|0
hoped	VERB=5	hoped=4	
hopeful	ADJ=7	hopeful=7	hopeful|a|2|0;hopeful|n|1|0
hopefully	ADV=30	hopefully=20	hopefully|r|2|0
hopeless	ADJ=1	hopeless=1	hopeless|a|4|0
hopelessly	ADV=1		hopelessly|r|3|0
hopes	NOUN=10,VERB=4	hopes=14	
hoping	VERB=16	hoping=15	
hopkins			Hopkins|n|5|5
hopper	PROPN=2	Hopper=2	hopper|n|5|0
hopping	ADJ=1	hopping=1	
hops			hops|n|1|0
horace	PROPN=1	Horace=1	Horace|n|1|1
horatio	PROPN=1	Horatio=1	
horde			horde|n|3|0
horizon	NOUN=10,PROPN=1	horizon=10,Horizon=1	horizon|n|4|0
horizons	NOUN=1	horizons=1	
horizontal	ADJ=3,NOUN=1	horizontal=4	horizontal|a|1|0;horizontal|n|1|0
horizontally	ADV=1	horizontally=1	horizontally|r|1|0
hormonal	ADJ=2	hormonal=2	hormonal|a|1|0
hormone	NOUN=3	hormone=3	hormone|n|1|0
hormones	NOUN=1	hormones=1	
horn	NOUN=1,PROPN=1	Horn=1,horn=1	horn|n|11|0;horn|v|1|0
horne			Horne|n|2|2
hornet	NOUN=1	hornet=1	hornet|n|1|0
horny			horny|a|3|0
horoscope			horoscope|n|2|0
horrendous	ADJ=1	horrendous=1	horrendous|a|1|0
horrible	ADJ=33	horrible=21	horrible|a|1|0
horribly	ADV=2	Horribly=1,horribly=1	horribly|r|1|0
horrid			horrid|a|2|0
horrific	ADJ=2	horrific=2	horrific|a|2|0
horrified			horrified|a|1|0
horrifying	ADJ=1	horrifying=1	horrifying|a|1|0
horror	NOUN=12,X=1	horror=12,Horror=1	horror|n|3|0
horrors	NOUN=3	horrors=3	
horse	NOUN=81,PROPN=4,ADJ=1	horse=81,Horse=2,HORSE=1	horse|n|5|0;horse|v|1|0
horseback			horseback|n|2|0;horseback|r|1|0
horsemen	NOUN=1	horsemen=1	
horsepower			horsepower|n|1|0
horses	NOUN=23	horses=23	
horseshoe	NOUN=1	horseshoe=1	horseshoe|n|2|0;horseshoe|v|1|0
horticultural			horticultural|a|1|0
horticulture			horticulture|n|1|0
horton	PROPN=2	Horton=2	
hose	NOUN=4,VERB=1	hose=5	hose|n|3|0;hose|v|1|0
hospice			hospice|n|2|0
hospital	NOUN=28,PROPN=9	hospital=29,Hospital=8	hospital|n|2|0
hospitality	NOUN=7	hospitality=6	hospitality|n|1|0
hospitalization			hospitalization|n|4|0
hospitalized	VERB=1	hospitalized=1	
hospitals	NOUN=8,PROPN=1	hospitals=8,Hospitals=1	
host	NOUN=9,VERB=5	host=14	Host|n|1|0;host|n|9|0;host|v|1|0
hostage	NOUN=2	hostage=2	hostage|n|1|0
hostages	NOUN=1	hostages=1	
hosted	VERB=7	hosted=7	
hostel	NOUN=1,PROPN=1	Hostel=1,hostel=1	hostel|n|2|0
hostess	NOUN=3	hostess=2,HOSTESS=1	hostess|n|3|0
hostile	ADJ=6	hostile=6	hostile|a|5|0;hostile|n|1|0
hostilities	NOUN=1	hostilities=1	hostilities|n|1|0
hostility	NOUN=1	hostility=1	hostility|n|4|0
hosting	VERB=8,NOUN=1	hosting=9	
hosts	NOUN=4,VERB=3	hosts=7	
hot	ADJ=58	hot=51,HOT=2,Hot=1	hot|a|21|0
hotel	NOUN=61,PROPN=18	hotel=58,Hotel=18,HOTEL=1	hotel|n|1|0
hotels	NOUN=21	hotels=20	
hotline	NOUN=6	Hotline=6	hotline|n|1|0
hotspot			hotspot|n|3|0
hotter	ADJ=2	hotter=2	
hottest	ADJ=3	hottest=3	
houghton			Houghton|n|2|2
hound			hound|n|2|0;hound|v|1|0
hour	NOUN=63,PROPN=1	hour=60,Hour=4	hour|n|4|0
hourly	ADJ=4,ADV=1	hourly=5	hourly|a|1|0;hourly|r|1|0
hours	NOUN=95	hours=93	hours|n|2|0
house	NOUN=104,PROPN=60,VERB=3,ADJ=1	house=103,House=57,HOUSE=5	house|n|12|0;house|v|2|0
housed	VERB=4	housed=4	
household	NOUN=11,PROPN=1	household=11,Household=1	household|n|1|0
households	NOUN=4	households=4	
housekeeper			housekeeper|n|1|0
housekeeping	NOUN=2	housekeeping=2	housekeeping|n|1|0
houses	NOUN=16,VERB=1	houses=17	
housewife	NOUN=1	housewife=1	housewife|n|1|0
housing	NOUN=14,PROPN=5	housing=14,Housing=5	housing|n|3|0
houston	PROPN=59	Houston=56,houston=1	Houston|n|2|2
hover	NOUN=1	hover=1	hover|v|5|0
how	ADV=666,NOUN=1	how=470,How=17,HOW=2	
howard	PROPN=3	Howard=3	Howard|n|2|2
howe			Howe|n|4|4
however	ADV=218	however=93,However=1	however|r|4|0
howl			howl|n|3|0;howl|v|4|0
howling	VERB=1	howling=1	howling|a|1|0;howling|n|1|0
hp			HP|n|1|0
hq			HQ|n|1|0
hr	NOUN=11,PROPN=2	HR=9,hr=1	hr|n|1|0
hrs	NOUN=1	hrs=1	
hs			Hs|n|1|0
htc	PROPN=2	HTC=2	
html	NOUN=2,PROPN=1	html=2,HTML=1	HTML|n|1|0
http			HTTP|n|1|0
hu	PROPN=8	Hu=7	
hua			HUA|n|1|1
hub	NOUN=8,PROPN=2,X=2	hub=8,Hub=3,HUB=1	hub|n|2|0
hubbard	PROPN=5	Hubbard=5	Hubbard|n|2|2
hubble	PROPN=2	Hubble=2	Hubble|n|1|1
hubby			hubby|n|1|0
hubs	NOUN=1	hubs=1	
hud			HUD|n|1|0
hudson	PROPN=3	Hudson=3	Hudson|n|3|3
hue	PROPN=1	Hue=1	hue|n|1|0;hue|v|2|0
huff			huff|n|1|0;huff|v|2|0
huffington	PROPN=2	Huffington=2	
hug	NOUN=1,VERB=1	hug=2	hug|n|1|0;hug|v|2|0
huge	ADJ=61	huge=52,HUGE=4,Huge=1	huge|a|1|0
hugely			hugely|r|1|0
hugging	VERB=2	hugging=2	hugging|n|1|0
hugh	PROPN=3	Hugh=2	
hughes	PROPN=6	Hughes=6	Hughes|n|4|4
hugo	PROPN=2	Hugo=2	Hugo|n|1|1
hugs	NOUN=2,VERB=1	hugs=3	
huh	INTJ=16	huh=9,Huh=5	
hui	PROPN=2	Hui=1,hui=1	
hulk			hulk|n|2|0;hulk|v|1|0
hull	PROPN=3,NOUN=2	Hull=4,hull=1	Hull|n|3|3;hull|n|3|0;hull|v|1|0
hum	NOUN=1	hum=1	HUM|n|1|1;hum|n|2|0;hum|v|4|0
human	ADJ=96,NOUN=10,PROPN=1	human=98,Human=6	human|a|3|0;human|n|1|0
humane	ADJ=5	humane=5	humane|a|3|0
humanitarian	ADJ=5	humanitarian=5	humanitarian|a|2|0;humanitarian|n|2|0
humanities	PROPN=4,NOUN=3	Humanities=4,humanities=3	humanities|n|1|0
humanity	NOUN=13	humanity=13	humanity|n|3|0
humankind	NOUN=2	humankind=2	humankind|n|1|0
humanoid			humanoid|n|1|0
humans	NOUN=34	humans=30,Humans=1	humans|n|1|0
humble	ADJ=4	humble=4	humble|a|4|0;humble|v|2|0
humbled			humbled|a|1|0
humbly	ADV=1	humbly=1	humbly|r|2|0
humboldt			Humboldt|n|2|2
hume	PROPN=3	Hume=2	Hume|n|1|1
humid	ADJ=4	humid=4	humid|a|1|0
humidity			humidity|n|1|0
humiliated			humiliated|a|2|0
humiliating			humiliating|a|1|0
humiliation	NOUN=1	humiliation=1	humiliation|n|4|0
humility	NOUN=1	humility=1	humility|n|2|0
humming	VERB=2	humming=2	humming|n|2|0
humor	NOUN=7,VERB=1	humor=8	humor|n|6|0;humor|v|1|0
humorous	ADJ=4	humorous=4	humorous|a|1|0
humour	NOUN=1	humour=1	humour|n|6|0;humour|v|1|0
hump			hump|n|1|0;hump|v|2|0
hun			Hun|n|2|0
hundred	NUM=34	hundred=34	hundred|a|1|0;hundred|n|1|0
hundreds	NOUN=33	hundreds=26	
hung	VERB=11,ADJ=1,PROPN=1	hung=13	
hungarian			Hungarian|a|1|0;Hungarian|n|2|0
hungary			Hungary|n|1|1
hunger	NOUN=3,PROPN=1,VERB=1	hunger=4,Hunger=1	hunger|n|2|0;hunger|v|3|0
hungry	ADJ=13	hungry=13	hungry|a|2|0
hunk			hunk|n|2|0
hunt	NOUN=3,VERB=3	hunt=6	Hunt|n|3|3;hunt|n|5|0;hunt|v|7|0
hunted			hunted|a|1|0
hunter	NOUN=2,PROPN=2	Hunter=2,hunter=2	Hunter|n|1|1;hunter|n|3|0
hunters	NOUN=1	hunters=1	
hunting	VERB=7,NOUN=4,PROPN=1	hunting=10,Hunting=1	hunting|n|3|0
huntington			Huntington|n|4|4
hunts	NOUN=2	hunts=2	
hurdle			hurdle|n|3|0;hurdle|v|1|0
hurdles	NOUN=3	hurdles=3	hurdles|n|1|0
hurling	VERB=2	hurling=2	hurling|n|1|0
huron			Huron|n|1|1
hurricane	PROPN=8,NOUN=1	Hurricane=8,hurricane=1	hurricane|n|1|0
hurried	VERB=4	hurried=4	hurried|a|1|0
hurry	NOUN=5,VERB=2	hurry=7	hurry|n|3|0;hurry|v|3|0
hurt	VERB=26,PROPN=5,NOUN=1	hurt=27,Hurt=5	hurt|a|2|0;hurt|n|5|0;hurt|v|6|0
hurtful			hurtful|a|2|0
hurting	VERB=5	hurting=5	hurting|n|1|0
hurts	VERB=3	hurts=3	
husband	NOUN=22	husband=22	husband|n|1|0;husband|v|1|0
husbands	NOUN=3	husbands=2	
hush			hush|n|1|0;hush|v|5|0
husky			husky|a|2|0;husky|n|1|0
hussain	PROPN=3	Hussain=3	
hussein	PROPN=11	Hussein=11	Hussein|n|2|2
hustle	NOUN=3	hustle=3	hustle|n|2|0;hustle|v|5|0
hut	PROPN=3	Hut=3	hut|n|2|0
hutchinson			Hutchinson|n|1|1
huts	NOUN=1	huts=1	
hutton			Hutton|n|2|2
hwy	PROPN=1	Hwy=1	
hyatt	PROPN=7	Hyatt=6	
hybrid	NOUN=2,ADJ=1	hybrid=2,Hybrid=1	hybrid|a|1|0;hybrid|n|4|0
hybrids	NOUN=1	hybrids=1	
hyderabad			Hyderabad|n|2|2
hydra			Hydra|n|2|1;hydra|n|2|0
hydrated	ADJ=1,VERB=1	hydrated=2	hydrated|a|1|0
hydration	NOUN=1	hydration=1	hydration|n|1|0
hydraulic	ADJ=1	hydraulic=1	hydraulic|a|2|0
hydroelectric			hydroelectric|a|1|0
hydrogen	NOUN=6	hydrogen=4	hydrogen|n|1|0
hygiene	NOUN=2	hygiene=2	hygiene|n|2|0
hymn	NOUN=5	hymn=5	hymn|n|1|0;hymn|v|2|0
hype	NOUN=2	hype=2	hype|n|1|0;hype|v|1|0
hyper	ADJ=1	hyper=1	
hyperbolic	ADJ=1	hyperbolic=1	hyperbolic|a|2|0
hypertension			hypertension|n|1|0
hypnosis	NOUN=4	hypnosis=3	hypnosis|n|1|0
hypnotic	ADJ=1	hypnotic=1	hypnotic|a|2|0;hypnotic|n|1|0
hypocrisy	NOUN=2	hypocrisy=2	hypocrisy|n|2|0
hypocrite			hypocrite|n|1|0
hypocritical	ADJ=1	hypocritical=1	hypocritical|a|1|0
hypotheses	NOUN=1	hypotheses=1	
hypothesis	NOUN=3	hypothesis=3	hypothesis|n|3|0
hypothetical			hypothetical|a|1|0;hypothetical|n|1|0
hysteria	NOUN=1	hysteria=1	hysteria|n|3|0
hysterical	ADJ=2	hysterical=2	hysterical|a|2|0
hyundai	PROPN=1	Hyundai=1	
hz	NOUN=2	Hz=2	Hz|n|1|0
ia			IA|n|1|1
iain	PROPN=1	Iain=1	
ian	PROPN=8	Ian=5	
ibm	PROPN=4	IBM=4	
ibn	PROPN=1	Ibn=1	
ibrahim	PROPN=2	Ibrahim=1	Ibrahim|n|1|1
ic	PROPN=2	IC=2	IC|n|1|0;ic|a|1|0
icc	NOUN=1	ICC=1	ICC|n|1|0
ice	NOUN=35,PROPN=2,ADJ=1,VERB=1	ice=33,Ice=4	ICE|n|1|0;ice|n|7|0;ice|v|3|0
iceberg	NOUN=2	iceberg=2	iceberg|n|2|0
iceland	PROPN=2	Iceland=2	Iceland|n|2|2
icelandic	PROPN=1	Icelandic=1	Icelandic|a|1|0;Icelandic|n|1|0
icing	NOUN=5	icing=5	icing|n|3|0
icon	NOUN=2	icon=1	icon|n|3|0
iconic	ADJ=4	iconic=4	iconic|a|1|0
ict	PROPN=19,NOUN=1	ICT=19	
icu	NOUN=1	ICU=1	ICU|n|1|0
icy			icy|a|4|0
id	NOUN=12	ID=7,id=5	ID|n|2|1;id|n|1|0
ida			IDA|n|1|0
idaho	PROPN=2	Idaho=2	Idaho|n|1|1
ide	PROPN=1	Ide=1	
idea	NOUN=100,PROPN=1	idea=99,Idea=2	idea|n|5|0
ideal	ADJ=11,NOUN=1	ideal=12	ideal|a|3|0;ideal|n|2|0
idealism	NOUN=1	idealism=1	idealism|n|3|0
idealistic			idealistic|a|2|0
ideally	ADV=5	ideally=1	ideally|r|1|0
ideals	NOUN=3	ideals=3	
ideas	NOUN=57	ideas=53,Ideas=3	
identical	ADJ=9	identical=9	identical|a|5|0
identifiable			identifiable|a|1|0
identification	NOUN=4	identification=4	identification|n|5|0
identified	VERB=17	identified=17	identified|a|1|0
identifier			identifier|n|1|0
identifies	VERB=8	identifies=8	
identify	VERB=11	identify=10	identify|v|6|0
identifying	VERB=4	identifying=4	
identity	NOUN=15,PROPN=2	identity=13,Identity=2	identity|n|4|0
ideological	ADJ=2	ideological=2	ideological|a|2|0
ideologies	NOUN=1	ideologies=1	
ideology	NOUN=4	ideology=4	ideology|n|2|0
idf			IDF|n|1|0
idiot	NOUN=5	idiot=4	idiot|n|1|0
idiotic			idiotic|a|3|0
idiots	NOUN=4	idiots=4	
idk	VERB=3	idk=2	
idle	ADJ=5	idle=4	idle|a|7|0;idle|n|1|0;idle|v|2|0
idol			idol|n|3|0
idols	NOUN=1	idols=1	
ids	NOUN=2	IDs=1,ids=1	
ie	ADV=4,PROPN=3	ie=4,IE=2	IE|n|1|1;ie|r|1|0
if	SCONJ=1497,ADP=20,PROPN=1	if=970,If=24,IF=7	
ig	SCONJ=1	ig=1	Ig|n|1|0
ignite			ignite|v|4|0
ignited	VERB=1	ignited=1	ignited|a|1|0
ignition			ignition|n|3|0
ignorance	NOUN=5	ignorance=5	ignorance|n|1|0
ignorant	ADJ=7	ignorant=7	ignorant|a|3|0
ignore	VERB=16	ignore=15	ignore|v|4|0
ignored	VERB=8	ignored=8	ignored|a|1|0
ignores	VERB=1	ignores=1	
ignoring	VERB=6	ignoring=6	
ii	NUM=30	II=29,ii=1	II|n|1|0;ii|a|1|0
iii	NUM=10	III=8,iii=2	III|n|1|0;iii|a|1|0
ike			Ike|n|1|1
ikea	PROPN=1	Ikea=1	
il	PROPN=3	IL=2,Il=1	IL|n|1|1;il|a|1|0
ill	ADJ=13,ADV=2,PROPN=2	ill=15,Ill=2	ill|a|5|0;ill|n|1|0;ill|r|3|0
illegal	ADJ=12	illegal=12	illegal|a|1|0
illegally	ADV=4	illegally=4	illegally|r|1|0
illegals	NOUN=1	illegals=1	
illegitimate			illegitimate|a|2|0;illegitimate|n|1|0
illicit			illicit|a|2|0
illinois	PROPN=2	Illinois=2	Illinois|n|3|1
illiterate			illiterate|a|3|0;illiterate|n|1|0
illness	NOUN=4	illness=4	illness|n|1|0
illnesses	NOUN=1	illnesses=1	
illogical	ADJ=4	illogical=4	illogical|a|2|0
illuminate			illuminate|v|3|0
illuminated	VERB=2	illuminated=2	illuminated|a|1|0
illuminating	VERB=1	illuminating=1	illuminating|a|1|0
illumination			illumination|n|5|0
illusion	NOUN=2	illusion=2	illusion|n|4|0
illusions	NOUN=1	illusions=1	
illustrate	VERB=3	illustrate=3	illustrate|v|3|0
illustrated	VERB=3	illustrated=3	
illustrates	VERB=3	illustrates=3	
illustrating	VERB=2	illustrating=2	
illustration			illustration|n|4|0
illustrations	NOUN=2	illustrations=2	
illustrator	NOUN=1	illustrator=1	illustrator|n|1|0
illustrious			illustrious|a|2|0
im	NOUN=4	IM=4	
image	NOUN=75,PROPN=1	image=29,Image=3	image|n|9|0;image|v|2|0
imagery			imagery|n|1|0
images	NOUN=21	images=19,Images=1	
imaginable			imaginable|a|1|0
imaginary	ADJ=5	imaginary=3	imaginary|a|1|0;imaginary|n|1|0
imagination	NOUN=12	imagination=12	imagination|n|3|0
imaginative			imaginative|a|1|0
imagine	VERB=38,PROPN=1	imagine=28,Imagine=2	imagine|v|2|0
imagined	VERB=7	imagined=7	
imaging	NOUN=3	imaging=3	imaging|n|2|0
imam	PROPN=2	Imam=1,imam=1	imam|n|1|0
imbalance	NOUN=2	Imbalance=2	imbalance|n|2|0
imf			IMF|n|1|0
imitate			imitate|v|3|0
imitation	PROPN=1	Imitation=1	imitation|a|1|0;imitation|n|4|0
immaculate			immaculate|a|3|0
immature			immature|a|5|0
immediate	ADJ=17	immediate=16,IMMEDIATE=1	immediate|a|5|0
immediately	ADV=42	immediately=42	immediately|r|3|0
immense	ADJ=2	immense=2	immense|a|1|0
immensely	ADV=3	immensely=3	immensely|r|1|0
immersed	VERB=3	immersed=3	
immersion	NOUN=3	immersion=3	immersion|n|5|0
immigrant	NOUN=3	immigrant=2,Immigrant=1	immigrant|n|1|0
immigrants	NOUN=5,PROPN=1	immigrants=5,Immigrants=1	
immigration	NOUN=9,PROPN=8	Immigration=9,immigration=8	immigration|n|2|0
imminent	ADJ=1	imminent=1	imminent|a|1|0
immoral			immoral|a|2|0
immortal	ADJ=2	Immortal=1,immortal=1	immortal|a|1|0;immortal|n|2|0
immortality			immortality|n|2|0
immune	NOUN=1	immune=1	immune|a|4|0;immune|n|1|0
immunity	NOUN=4	immunity=4	immunity|n|4|0
immunology			immunology|n|1|0
imo	ADV=2	IMO=2	IMO|n|1|0
imp			imp|n|2|0
impact	NOUN=26,VERB=3,PROPN=1	impact=28,Impact=1	impact|n|4|0;impact|v|2|0
impacted	VERB=1	impacted=1	impacted|a|1|0
impacts	NOUN=14,PROPN=2,VERB=1	impacts=15,Impacts=2	
impaired	VERB=1	impaired=1	impaired|a|2|0
impairment	NOUN=2	impairment=2	impairment|n|5|0
impart	VERB=1	impart=1	impart|v|3|0
impartial	ADJ=9	impartial=9	impartial|a|2|0
impatient	ADJ=1	impatient=1	impatient|a|2|0
impeach			impeach|v|3|0
impeached	VERB=1	impeached=1	
impeachment	NOUN=5,PROPN=2	impeachment=5,Impeachment=2	impeachment|n|1|0
impeccable	ADJ=3	impeccable=3	impeccable|a|2|0
impedance			impedance|n|1|0
impede	VERB=1	impede=1	impede|v|2|0
impending	ADJ=2,VERB=1	impending=3	impending|a|1|0
imperative	ADJ=2	imperative=2	imperative|a|2|0;imperative|n|3|0
imperfect			imperfect|a|2|0;imperfect|n|1|0
imperfections	NOUN=1	imperfections=1	
imperial	ADJ=7	Imperial=5,imperial=1	imperial|a|4|0;imperial|n|2|0
imperialism	NOUN=3	imperialism=3	imperialism|n|3|0
imperialist			imperialist|a|1|0;imperialist|n|1|0
impetus			impetus|n|2|0
implant	NOUN=1,PROPN=1,VERB=1	implant=2,Implant=1	implant|n|1|0;implant|v|3|0
implanted	VERB=2	implanted=2	implanted|a|1|0
implants	NOUN=1	implants=1	
implement	VERB=11	implement=11	implement|n|1|0;implement|v|3|0
implementation	NOUN=16	implementation=16	implementation|n|2|0
implementations	NOUN=1	implementations=1	
implemented	VERB=11	implemented=11	implemented|a|1|0
implementing	VERB=9	implementing=8	
implements	NOUN=1	implements=1	
implicated	VERB=5	implicated=4,Implicated=1	implicated|a|1|0
implication	NOUN=2	implication=1	implication|n|5|0
implications	NOUN=9	implications=9	
implicit	ADJ=2	implicit=2	implicit|a|2|0
implicitly			implicitly|r|2|0
implied	VERB=3,ADJ=1	implied=4	
implies	VERB=3	implies=3	
imply			imply|v|5|0
implying	VERB=1	implying=1	
import	NOUN=1	import=1	import|n|5|0;import|v|3|0
importance	NOUN=17	importance=17	importance|n|2|0
important	ADJ=154,ADV=1	important=150	important|a|5|0
importantly	ADV=9	importantly=8	importantly|r|2|0
imported	VERB=2	imported=2	imported|a|1|0
importing	VERB=1	importing=1	importing|n|1|0
imports	NOUN=1	imports=1	
impose	VERB=4	impose=4	impose|v|3|0
imposed	VERB=4	imposed=4	imposed|a|1|0
imposing	VERB=4,ADJ=2	imposing=6	imposing|a|2|0
imposition	NOUN=1	imposition=1	imposition|n|2|0
impossible	ADJ=21	impossible=19,IMPOSSIBLE=1	impossible|a|3|0;impossible|n|1|0
impoverished			impoverished|a|2|0
impractical			impractical|a|2|0
impress	VERB=3	impress=3	impress|n|1|0;impress|v|7|0
impressed	ADJ=12,VERB=7	impressed=18,Impressed=1	impressed|a|1|0
impression	NOUN=6	impression=6	impression|n|9|0
impressions	NOUN=1	impressions=1	
impressive	ADJ=8	impressive=7	impressive|a|2|0
imprint	NOUN=1	imprint=1	imprint|n|5|0;imprint|v|2|0
imprisoned	VERB=10	imprisoned=10	imprisoned|a|1|0
imprisonment	NOUN=3	imprisonment=3	imprisonment|n|3|0
improbable	ADJ=1	improbable=1	improbable|a|3|0
impromptu			impromptu|a|1|0;impromptu|n|2|0;impromptu|r|1|0
improper			improper|a|3|0
improperly	ADV=1	improperly=1	improperly|r|1|0
improv	NOUN=4	improv=4	
improve	VERB=29	improve=29	improve|v|2|0
improved	VERB=9	improved=9	improved|a|3|0
improvement	NOUN=18	improvement=18	improvement|n|3|0
improvements	NOUN=5	improvements=4	
improves	VERB=3	improves=3	
improving	VERB=10	improving=10	improving|a|1|0
improvisation			improvisation|n|3|0
improvised			improvised|a|1|0
impulse	NOUN=2	impulse=2	impulse|n|6|0
impulses	NOUN=1	impulses=1	
impulsive			impulsive|a|5|0
impunity			impunity|n|1|0
in	ADP=7686,SCONJ=204,ADV=177,NOUN=8,X=7,PROPN=4,ADJ=1,AUX=1	in=7435,In=32,IN=15	IN|n|1|1;In|n|1|0;in|a|3|0;in|n|1|0;in|r|1|0
inability	NOUN=4	inability=4	inability|n|2|0
inaccessible			inaccessible|a|2|0
inaccurate	ADJ=2	inaccurate=2	inaccurate|a|1|0
inaction			inaction|n|1|0
inactive	ADJ=1	inactive=1	inactive|a|10|0
inadequate	ADJ=2	inadequate=2	inadequate|a|2|0
inadvertently	ADV=1	inadvertently=1	inadvertently|r|1|0
inappropriate	ADJ=4	inappropriate=4	inappropriate|a|2|0
inaugural	ADJ=4	inaugural=3,Inaugural=1	inaugural|a|2|0;inaugural|n|2|0
inauguration	NOUN=1	inauguration=1	inauguration|n|2|0
inbound			inbound|a|1|0
inc	PROPN=5	Inc=5	INC|n|1|0
incapable			incapable|a|4|0
incapacitated	VERB=1	incapacitated=1	incapacitated|a|1|0
incarcerated	VERB=2,ADJ=1	incarcerated=3	
incarceration	NOUN=2	incarceration=2	incarceration|n|1|0
incarnation			Incarnation|n|1|0;incarnation|n|3|0
incense			incense|n|2|0;incense|v|2|0
incentive	NOUN=7	incentive=6,Incentive=1	incentive|n|2|0
incentives	NOUN=4	incentives=4	
inception	NOUN=2	inception=2	inception|n|1|0
incest			incest|n|1|0
inch	NOUN=13	inch=13	inch|n|2|0;inch|v|1|0
inches	NOUN=10	inches=10	
incidence			incidence|n|2|0
incident	NOUN=14	incident=14	incident|a|2|0;incident|n|2|0
incidental			incidental|a|3|0;incidental|n|2|0
incidentally	ADV=1		incidentally|r|2|0
incidents	NOUN=2	incidents=2	
incision			incision|n|2|0
incite	VERB=1	incite=1	incite|v|3|0
inciting	VERB=2	inciting=2	
inclination			inclination|n|8|0
incline			incline|n|2|0;incline|v|6|0
inclined	ADJ=5	inclined=5	inclined|a|3|0
include	VERB=58	include=56	include|v|4|0
included	VERB=36	included=36	included|a|1|0
includes	VERB=28	includes=28	
including	VERB=113	including=112	
inclusion	NOUN=2	inclusion=2	inclusion|n|4|0
inclusive	ADJ=11	inclusive=10	inclusive|a|1|0
incoherent	ADJ=1	incoherent=1	incoherent|a|3|0
income	NOUN=25	income=23,Income=2	income|n|1|0
incomes	NOUN=3	incomes=3	
incoming	ADJ=1	incoming=1	incoming|a|2|0;incoming|n|1|0
incompatible	ADJ=1	incompatible=1	incompatible|a|9|0
incompetence	NOUN=6	incompetence=6	incompetence|n|2|0
incompetent	ADJ=4	incompetent=3	incompetent|a|5|0;incompetent|n|1|0
incomplete	ADV=3,ADJ=1	incomplete=4	incomplete|a|2|0
incomprehensible	ADJ=3	incomprehensible=3	incomprehensible|a|2|0
inconclusive			inconclusive|a|1|0
inconsistency	NOUN=1	inconsistency=1	inconsistency|n|2|0
inconsistent	ADJ=2	inconsistent=2	inconsistent|a|3|0
inconvenience	NOUN=1	inconvenience=1	inconvenience|n|3|0;inconvenience|v|1|0
inconvenient	ADJ=1	inconvenient=1	inconvenient|a|2|0
incorporate	VERB=2	incorporate=2	incorporate|a|1|0;incorporate|v|4|0
incorporated	VERB=8,PROPN=2	incorporated=8,Incorporated=2	incorporated|a|3|0
incorporates	VERB=3	incorporates=3	
incorporating	VERB=1	incorporating=1	
incorporation			incorporation|n|3|0
incorrect	ADJ=6	incorrect=6	incorrect|a|4|0
incorrectly	ADV=4	incorrectly=4	incorrectly|r|2|0
increase	NOUN=22,VERB=15	increase=37	increase|n|5|0;increase|v|2|0
increased	VERB=31,ADJ=1	increased=30	increased|a|1|0
increases	VERB=10,NOUN=5	increases=12,Increases=1	
increasing	VERB=16,NOUN=1	increasing=17	increasing|a|2|0
increasingly	ADV=15	increasingly=14	increasingly|r|1|0
incredible	ADJ=11	incredible=10,Incredible=1	incredible|a|1|0
incredibly	ADV=18	incredibly=17	incredibly|r|2|0
incremental	ADJ=3	incremental=3	incremental|a|1|0
incubation	NOUN=4	incubation=4	incubation|n|3|0
incubator			incubator|n|1|0
incumbent	ADJ=1	incumbent=1	incumbent|a|3|0;incumbent|n|1|0
incur			incur|v|2|0
incurred	VERB=2	incurred=2	
indebted			indebted|a|2|0
indecent			indecent|a|3|0
indeed	ADV=20	indeed=13	indeed|r|2|0
indefinite	ADJ=6	indefinite=6	indefinite|a|2|0
indefinitely	ADV=5	indefinitely=5	indefinitely|r|1|0
independence	NOUN=9,PROPN=2	independence=8,Independence=3	Independence|n|1|1;independence|n|2|0
independent	ADJ=33,NOUN=2,PROPN=2	independent=26,Independent=9	independent|a|4|0;independent|n|2|0
independently	ADV=2	independently=2	independently|r|2|0
independents	NOUN=1	independents=1	
index	NOUN=7,PROPN=1	index=5,Index=3	index|n|5|0;index|v|3|0
indexed	VERB=1	Indexed=1	
indexing			indexing|n|1|0
india	PROPN=96	India=90	India|n|1|1
indian	ADJ=67,PROPN=3	Indian=67,indian=1	Indian|a|2|0;Indian|n|2|0
indiana	PROPN=10	Indiana=10	Indiana|n|2|1
indianapolis	PROPN=2	Indianapolis=2	Indianapolis|n|1|1
indians	PROPN=7	Indians=7	
indicate	VERB=10	indicate=10	indicate|v|5|0
indicated	VERB=15	indicated=15	
indicates	VERB=10	indicates=10	
indicating	VERB=4	indicating=4	
indication	NOUN=6	indication=6	indication|n|5|0
indicative	ADJ=2	indicative=2	indicative|a|2|0;indicative|n|1|0
indicator	NOUN=2	indicator=2	indicator|n|4|0
indicators	NOUN=2	Indicators=1,indicators=1	
indices	NOUN=1	indices=1	
indictment			indictment|n|2|0
indie	ADJ=3	Indie=2,indie=1	indie|a|1|0;indie|n|2|0
indifference			indifference|n|4|0
indifferent	ADJ=2	indifferent=2	indifferent|a|10|0
indigenous	ADJ=7	indigenous=7	indigenous|a|1|0
indigo			indigo|a|1|0;indigo|n|3|0
indirect	ADJ=2	indirect=2	indirect|a|5|0
indirectly	ADV=5	indirectly=5	indirectly|r|1|0
indispensable	ADJ=3	indispensable=3	indispensable|a|3|0
indistinguishable	ADJ=1	indistinguishable=1	indistinguishable|a|2|0
individual	ADJ=22,NOUN=17,PROPN=1	individual=39,Individual=1	individual|a|3|0;individual|n|2|0
individuality			individuality|n|2|0
individually	ADV=6	individually=6	individually|r|1|0
individuals	NOUN=23	individuals=23	
indo	X=3	Indo=3	
indonesia	PROPN=9	Indonesia=9	Indonesia|n|1|1
indonesian	ADJ=4	Indonesian=4	Indonesian|a|1|0;Indonesian|n|2|0
indoor	ADJ=5	indoor=4	indoor|a|2|0
indoors	ADV=6	indoors=6	indoors|r|1|0
induce			induce|v|5|0
induced	VERB=3	induced=3	induced|a|1|0
induces	VERB=1	induces=1	
inducing			inducing|n|1|0
inducted	VERB=1	inducted=1	
induction			induction|n|6|0
indulge			indulge|v|4|0
indulgence			indulgence|n|5|0
indulgent			indulgent|a|3|0
indulging			indulging|n|1|0
industrial	ADJ=17	industrial=13,Industrial=3,INDUSTRIAL=1	industrial|a|4|0
industrialized	ADJ=1,VERB=1	industrialized=2	industrialized|a|1|0
industries	NOUN=9,PROPN=1	industries=9,Industries=1	
industry	NOUN=61,PROPN=2	industry=60,Industry=3	industry|n|3|0
ineffective	ADJ=4	ineffective=4	ineffective|a|3|0
inefficient	ADJ=1	inefficient=1	inefficient|a|2|0
ineligible			ineligible|a|2|0
inept			inept|a|3|0
inequalities	NOUN=1	inequalities=1	
inequality	NOUN=4	inequality=3	inequality|n|1|0
inert			inert|a|3|0
inertia	NOUN=3	inertia=3	inertia|n|2|0
inevitable	ADJ=9	inevitable=9	inevitable|a|2|0;inevitable|n|1|0
inevitably	ADV=5	inevitably=5	inevitably|r|2|0
inexpensive	ADJ=11	inexpensive=11	inexpensive|a|1|0
inexperienced	ADJ=1	inexperienced=1	inexperienced|a|1|0
inexplicable			inexplicable|a|1|0
infamous	ADJ=1	infamous=1	infamous|a|1|0
infancy			infancy|n|2|0
infant	NOUN=2	infant=2	infant|n|1|0
infantry	NOUN=2	infantry=2	infantry|n|1|0
infect	VERB=1	infect=1	infect|v|4|0
infected	VERB=8,ADJ=3	infected=10	infected|a|1|0
infection	NOUN=3	infection=3	infection|n|7|0
infections	NOUN=4	infections=4	
infectious	ADJ=3	infectious=3	infectious|a|3|0
infer			infer|v|5|0
inference	NOUN=1	inference=1	inference|n|1|0
inferior	ADJ=4	inferior=3,Inferior=1	inferior|a|6|0;inferior|n|2|0
inferno			Inferno|n|1|0;inferno|n|2|0
inferred	VERB=2	inferred=2	
infertility	NOUN=1	infertility=1	infertility|n|1|0
infestation	NOUN=2	infestation=2	infestation|n|2|0
infested	VERB=1	infested=1	
infidelity			infidelity|n|1|0
infiltrate	VERB=1	infiltrate=1	infiltrate|v|4|0
infiltration			infiltration|n|2|0
infinite	ADJ=10	infinite=7,Infinite=3	infinite|a|4|0;infinite|n|1|0
infinitely	ADV=1	infinitely=1	infinitely|r|2|0
infinity	NOUN=4	infinity=2,Infinity=1	infinity|n|1|0
infirmary			infirmary|n|1|0
inflamed			inflamed|a|3|0
inflammation			inflammation|n|4|0
inflammatory	ADJ=1	inflammatory=1	inflammatory|a|2|0
inflatable			inflatable|a|1|0
inflated	VERB=1	inflated=1	inflated|a|2|0
inflation	NOUN=13	inflation=13	inflation|n|4|0
inflict			inflict|v|1|0
inflicted	VERB=1	inflicted=1	
influence	NOUN=20,VERB=1	influence=21	influence|n|5|0;influence|v|3|0
influenced	VERB=9	influenced=9	
influences	NOUN=3	influences=3	
influencing	VERB=2	influencing=2	
influential	ADJ=11	influential=11	influential|a|1|0
influenza	NOUN=3	influenza=3	influenza|n|1|0
influx	NOUN=3	influx=3	influx|n|1|0
info	NOUN=28	info=28	info|n|1|0
inform	VERB=8	inform=8	inform|v|3|0
informal	ADJ=2	informal=2	informal|a|4|0
informally	ADV=1	informally=1	informally|r|2|0
informant			informant|n|2|0
information	NOUN=180,PROPN=11	information=169,Information=19	information|n|5|0
informational			informational|a|1|0
informative	ADJ=6	informative=5,Informative=1	informative|a|3|0
informed	VERB=22,ADJ=1,X=1	informed=24	informed|a|1|0
informing	VERB=1	informing=1	informing|n|2|0
infrared			infrared|a|1|0;infrared|n|2|0
infrastructure	NOUN=14	infrastructure=14	infrastructure|n|2|0
infringement	NOUN=1	infringement=1	infringement|n|2|0
infused	VERB=2	infused=2	
infusion			infusion|n|4|0
ingenious			ingenious|a|1|0
ingenuity	NOUN=1	ingenuity=1	ingenuity|n|2|0
ingested	VERB=1	ingested=1	
ingram	PROPN=2	Ingram=2	
ingredient	NOUN=3	ingredient=3	ingredient|n|3|0
ingredients	NOUN=22	ingredients=19	
inhabit			inhabit|v|3|0
inhabitants	NOUN=9	inhabitants=9	
inhabited	VERB=3	inhabited=3	inhabited|a|1|0
inhalation	NOUN=1	inhalation=1	inhalation|n|2|0
inhale			inhale|v|2|0
inherent	ADJ=6	inherent=6	inherent|a|2|0
inherently	ADV=1	inherently=1	inherently|r|1|0
inherit			inherit|v|3|0
inheritance	NOUN=2	inheritance=2	inheritance|n|4|0
inherited	VERB=1	inherited=1	inherited|a|1|0
inhibit			inhibit|v|4|0
inhibited			inhibited|a|1|0
inhibition			inhibition|n|4|0
inhibitor			inhibitor|n|1|0
inhibitors	NOUN=1	inhibitors=1	
inhuman	ADJ=1	inhuman=1	inhuman|a|2|0
inhumane			inhumane|a|1|0
initial	ADJ=41,VERB=8,NOUN=1	initial=50	initial|a|1|0;initial|n|1|0;initial|v|1|0
initially	ADV=19	initially=17	initially|r|1|0
initials	NOUN=3,VERB=1	initials=4	
initiate	VERB=7	initiate=7	initiate|n|3|0;initiate|v|5|0
initiated	VERB=14	initiated=14	
initiation	NOUN=2	initiation=2	initiation|n|4|0
initiative	NOUN=12	initiative=12	initiative|a|1|0;initiative|n|2|0
initiatives	NOUN=4	initiatives=4	
inject	VERB=3	inject=3	inject|v|6|0
injection	NOUN=4	injection=4	injection|n|3|0
injunction			injunction|n|2|0
injure	VERB=1	injure=1	injure|v|3|0
injured	VERB=6,ADJ=2	injured=8	injured|a|2|0
injuries	NOUN=9	injuries=9	
injury	NOUN=20	injury=20	injury|n|5|0
injustice	NOUN=6	injustice=6	injustice|n|2|0
ink	NOUN=2	ink=2	ink|n|2|0;ink|v|3|0
inland	ADV=3	inland=3	inland|a|1|0;inland|r|1|0
inlet			inlet|n|2|0
inmate			inmate|n|3|0
inn	PROPN=6,NOUN=2	Inn=4,inn=4	inn|n|1|0
innate	ADJ=1		innate|a|3|0
inner	ADJ=10	inner=9,Inner=1	inner|a|6|0
inning	NOUN=2	inning=2	inning|n|1|0
innings	NOUN=1	innings=1	innings|n|1|0
innocence	NOUN=3	innocence=3	innocence|n|3|0
innocent	ADJ=10	innocent=10	innocent|a|7|0;innocent|n|1|0
innocents	NOUN=1	innocents=1	
innovate	VERB=1	innovate=1	innovate|v|1|0
innovation	NOUN=11,PROPN=1	innovation=11,Innovation=1	innovation|n|3|0
innovations	NOUN=4	innovations=4	
innovative	ADJ=9	innovative=6,Innovative=2	innovative|a|2|0
inorganic			inorganic|a|2|0
inpatient			inpatient|n|1|0
input	NOUN=5	input=5	input|n|4|0;input|v|1|0
inputs	NOUN=1	inputs=1	
inquest			inquest|n|1|0
inquire	VERB=3	inquire=3	inquire|v|3|0
inquiries	NOUN=8	inquiries=8	
inquiry	NOUN=11	inquiry=11	inquiry|n|3|0
inquisition			Inquisition|n|1|0;inquisition|n|1|0
ins	PROPN=3,NOUN=2	INS=3,ins=2	INS|n|1|0
insane	ADJ=4	insane=4	insane|a|2|0
insanely	ADV=1	insanely=1	insanely|r|2|0
insanity	NOUN=5	insanity=5	insanity|n|1|0
inscribed	VERB=1	inscribed=1	inscribed|a|2|0
inscription	NOUN=2	inscription=2	inscription|n|3|0
inscriptions	NOUN=3	inscriptions=3	
insect	NOUN=1	insect=1	insect|n|2|0
insects	NOUN=13	insects=13	
insecure	ADJ=5	insecure=5	insecure|a|4|0
insecurities	NOUN=1	insecurities=1	
insecurity			insecurity|n|2|0
insensitive	ADJ=2	insensitive=2	insensitive|a|2|0
inseparable	ADJ=1	inseparable=1	inseparable|a|1|0
insert	VERB=4	insert=4	insert|n|4|0;insert|v|4|0
inserted	VERB=1	inserted=1	
insertion			insertion|n|2|0
inserts	NOUN=2	inserts=2	
inside	ADP=22,ADV=18,NOUN=7,ADJ=4,PROPN=1	inside=50,Inside=2	inside|a|4|0;inside|n|2|0;inside|r|4|0
insider	NOUN=1	insider=1	insider|n|1|0
insides	NOUN=1	insides=1	insides|n|1|0
insidious	ADJ=1	insidious=1	insidious|a|3|0
insight	NOUN=11	insight=11	insight|n|4|0
insightful			insightful|a|1|0
insights	NOUN=10	insights=9	
insignia	NOUN=2	insignia=2	insignia|n|1|0
insignificant			insignificant|a|4|0
insist	VERB=3	insist=3	insist|v|3|0
insisted	VERB=2	insisted=2	
insistence			insistence|n|3|0
insisting	VERB=1	insisting=1	insisting|n|1|0
insists	VERB=3	insists=3	
insolvency			insolvency|n|1|0
insomnia	NOUN=1	insomnia=1	insomnia|n|1|0
inspect	VERB=2	inspect=2	inspect|v|3|0
inspected	VERB=2	inspected=2	
inspection	NOUN=9	inspection=8	inspection|n|1|0
inspector	NOUN=4,PROPN=2	inspector=4,Inspector=2	inspector|n|2|0
inspectors	NOUN=1	inspectors=1	
inspiration	NOUN=4,PROPN=1	inspiration=4,Inspiration=1	inspiration|n|6|0
inspirational	ADJ=1	inspirational=1	inspirational|a|1|0
inspire	VERB=5	inspire=5	inspire|v|6|0
inspired	VERB=21,ADJ=2	inspired=22	inspired|a|1|0
inspires	VERB=1	inspires=1	
inspiring	ADJ=2,VERB=1	inspiring=3	inspiring|a|1|0
instability	NOUN=2	instability=2	instability|n|4|0
instagram	PROPN=2	Instagram=2	Instagram|n|1|1
install	VERB=4	install=4	install|v|3|0
installation	NOUN=5	installation=5	installation|n|3|0
installations	NOUN=1	installations=1	
installed	VERB=7	installed=6	
installing	VERB=7	installing=7	installing|n|1|0
installment			installment|n|4|0
instance	NOUN=33	instance=33	instance|n|2|0;instance|v|1|0
instances	NOUN=3	instances=3	
instant	ADJ=10,NOUN=2	instant=11,Instant=1	instant|a|3|0;instant|n|2|0
instantaneous			instantaneous|a|1|0
instantly	ADV=1	instantly=1	instantly|r|2|0
instead	ADV=111	instead=90	instead|r|2|0
instinct	NOUN=3,PROPN=1	instinct=3,Instinct=1	instinct|a|1|0;instinct|n|1|0
instinctively	ADV=2	instinctively=2	instinctively|r|1|0
instincts	NOUN=2	instincts=2	
institute	PROPN=14,NOUN=1	Institute=14,institute=1	institute|n|1|0;institute|v|2|0
institutes	NOUN=3	institutes=3	
institution	NOUN=4	institution=4	institution|n|5|0
institutional	ADJ=8	institutional=4,Institutional=3	institutional|a|3|0
institutionalized			institutionalized|a|2|0
institutions	NOUN=37,PROPN=1	institutions=37,Institutions=1	
instruct			instruct|v|3|0
instructed	VERB=4	instructed=4	
instruction	NOUN=12	instruction=12	instruction|n|4|0
instructional			instructional|a|1|0
instructions	NOUN=28	instructions=24,Instructions=4	instructions|n|1|0
instructor	NOUN=16	instructor=11,Instructor=4	instructor|n|1|0
instructors	NOUN=3	instructors=3	
instrument	NOUN=1	instrument=1	instrument|n|6|0;instrument|v|3|0
instrumental	ADJ=1	instrumental=1	instrumental|a|2|0
instrumentation	NOUN=1	instrumentation=1	instrumentation|n|4|0
instruments	NOUN=6,PROPN=1	instruments=6,Instruments=1	
insufficient	ADJ=2	insufficient=2	insufficient|a|1|0
insulation	NOUN=2	insulation=2	insulation|n|3|0
insulin			insulin|n|1|0
insult	NOUN=3,VERB=1	insult=4	insult|n|2|0;insult|v|1|0
insulted	VERB=2	INSULTED=1,insulted=1	
insulting	ADJ=4,VERB=2	insulting=5,INSULTING=1	insulting|a|1|0
insults	NOUN=1	insults=1	
insurance	NOUN=28,PROPN=3	insurance=28,Insurance=2	insurance|n|3|0
insure			insure|v|4|0
insured	VERB=2	insured=2	insured|a|1|0;insured|n|1|0
insurer			insurer|n|1|0
insurers	NOUN=1	insurers=1	
insurgency	NOUN=6,PROPN=1	insurgency=6,Insurgency=1	insurgency|n|1|0
insurgent			insurgent|a|1|0;insurgent|n|2|0
insurgents	NOUN=6	insurgents=6	
insurrection			insurrection|n|1|0
int	ADP=2	int=2	
intact	ADJ=5	intact=5	intact|a|4|0
intake	NOUN=5	intake=5	intake|n|3|0
intangible	ADJ=1	intangible=1	intangible|a|4|0;intangible|n|1|0
integer			integer|n|1|0
integral	ADJ=3	integral=3	integral|a|3|0;integral|n|1|0
integrate	VERB=2	integrate=2	integrate|v|4|0
integrated	VERB=4,ADJ=3	integrated=6,INTegrated=1	integrated|a|4|0
integrating			integrating|n|1|0
integration	NOUN=9	integration=9	integration|n|3|0
integrity	NOUN=8	integrity=8	integrity|n|2|0
intel	PROPN=1		
intellect	NOUN=2	intellect=2	intellect|n|3|0
intellectual	ADJ=8,NOUN=1	intellectual=8,Intellectual=1	intellectual|a|3|0;intellectual|n|1|0
intellectually	ADV=1	intellectually=1	intellectually|r|1|0
intellectuals	NOUN=2	intellectuals=2	
intelligence	NOUN=35,PROPN=9	intelligence=33,Intelligence=10	intelligence|n|5|0
intelligent	ADJ=2	intelligent=2	intelligent|a|4|0
intend	VERB=15	intend=15	intend|v|4|0
intended	VERB=32,ADJ=1	intended=33	intended|a|2|0
intending	VERB=2	intending=2	
intends	VERB=7	intends=7	
intense	ADJ=7	intense=7	intense|a|3|0
intensely	ADV=2	intensely=2	intensely|r|2|0
intensified			intensified|a|1|0
intensify	VERB=1	intensify=1	intensify|v|4|0
intensity	NOUN=3	intensity=3	intensity|n|4|0
intensive	ADJ=3	intensive=3	intensive|a|3|0;intensive|n|1|0
intent	NOUN=4	intent=4	intent|a|1|0;intent|n|2|0
intention	NOUN=9	intention=9	intention|n|3|0
intentional	ADJ=1	intentional=1	intentional|a|2|0
intentionally			intentionally|r|1|0
intentions	NOUN=5	intentions=5	
inter	X=1	Inter=1	inter|v|1|0
interact	VERB=3	interact=3	interact|v|1|0
interacting	VERB=4	interacting=4	
interaction	NOUN=8	interaction=8	interaction|n|2|0
interactions	NOUN=3	interactions=3	
interactive	ADJ=2	interactive=2	interactive|a|2|0
interacts	VERB=1	interacts=1	
intercept	NOUN=3	intercept=2	intercept|n|1|0;intercept|v|2|0
intercepted	VERB=4	intercepted=4	
interception	NOUN=1	interception=1	interception|n|2|0
interchange			interchange|n|4|0;interchange|v|4|0
interchangeable			interchangeable|a|2|0
interconnected	ADJ=1	interconnected=1	interconnected|a|2|0
intercontinental			intercontinental|a|1|0
intercourse	NOUN=1	intercourse=1	intercourse|n|2|0
interdisciplinary			interdisciplinary|a|1|0
interest	NOUN=102,VERB=2	interest=104	interest|n|7|0;interest|v|3|0
interested	ADJ=65,VERB=2	interested=65	interested|a|2|0
interesting	ADJ=56,NOUN=1	interesting=55	interesting|a|1|0
interestingly	ADV=4		interestingly|r|1|0
interests	NOUN=25	interests=25	
interface	NOUN=6,VERB=1	interface=6,Interface=1	interface|n|4|0
interfaces	NOUN=3,PROPN=1	interfaces=3,Interfaces=1	
interfere	VERB=6	interfere=6	interfere|v|2|0
interfered	VERB=1	interfered=1	
interference	NOUN=8	interference=8	interference|n|5|0
interfering	VERB=2	interfering=2	interfering|a|1|0
interim	ADJ=4,NOUN=1,PROPN=1	interim=4,Interim=1	interim|a|1|0;interim|n|1|0
interior	NOUN=4,ADJ=2,PROPN=2	interior=5,Interior=3	Interior|n|1|0;interior|a|5|0;interior|n|2|0
interiors	PROPN=1	Interiors=1	
interlude			interlude|n|2|0;interlude|v|1|0
intermediary	ADJ=1,NOUN=1	intermediary=2	intermediary|n|1|0
intermediate	ADJ=2	intermediate=2	intermediate|a|2|0;intermediate|n|1|0;intermediate|v|1|0
intermittent			intermittent|a|1|0
intern	NOUN=2	intern=2	intern|n|1|0;intern|v|1|0;intern|v|1|0
internal	ADJ=16	internal=15,Internal=1	internal|a|5|0
internally	ADV=1	internally=1	internally|r|1|0
international	ADJ=115,PROPN=12	international=73,International=49,INTERNATIONAL=3	International|n|1|0;international|a|2|0
internationally	ADV=3	internationally=2	internationally|r|1|0
internationals	NOUN=1	internationals=1	
internet	NOUN=41,PROPN=37	Internet=41,internet=34	internet|n|1|0
interns	NOUN=1	interns=1	
internship	NOUN=3	internship=3	internship|n|1|0
interpersonal	ADJ=1	interpersonal=1	interpersonal|a|1|0
interplay	NOUN=1	interplay=1	interplay|n|1|0
interpol			Interpol|n|1|0
interpret	VERB=4	interpret=4	interpret|v|6|0
interpretation	NOUN=7,PROPN=1	interpretation=7,Interpretation=1	interpretation|n|4|0
interpretations	NOUN=4	interpretations=4	
interpreted	VERB=8	interpreted=8	interpreted|a|1|0
interpreter	NOUN=1	interpreter=1	interpreter|n|4|0
interpreting	VERB=1	interpreting=1	interpreting|n|1|0
interracial	ADJ=2	interracial=2	interracial|a|2|0
interrogated	VERB=2	interrogated=2	
interrogation	NOUN=1	interrogation=1	interrogation|n|4|0
interrupt	VERB=1	interrupt=1	interrupt|n|1|0;interrupt|v|4|0
interrupted	VERB=3	interrupted=3	interrupted|a|2|0
interrupting	VERB=1	interrupting=1	
interruption	NOUN=1	interruption=1	interruption|n|3|0
interruptions	NOUN=2	interruptions=2	
intersect	VERB=2	intersect=2	intersect|v|1|0
intersection	NOUN=3	intersection=3	intersection|n|6|0
intersections	NOUN=2	intersections=2	
interspersed	VERB=1	interspersed=1	
interstate			interstate|a|1|0;interstate|n|1|0
interstellar	ADJ=9	interstellar=9	interstellar|a|1|0
intertwined	ADJ=3	intertwined=3	
interval	NOUN=2	interval=2	interval|n|4|0
intervals	NOUN=3	intervals=3	
intervene			intervene|v|3|0
intervening	VERB=9	intervening=9	intervening|a|1|0
intervention	NOUN=11	intervention=11	intervention|n|5|0
interventions	NOUN=3	interventions=3	
interview	NOUN=40,VERB=2,PROPN=1	interview=33,Interview=2	interview|n|2|0;interview|v|3|0
interviewed	VERB=11	interviewed=11	
interviewer	NOUN=1	interviewer=1	interviewer|n|1|0
interviewing	VERB=1	interviewing=1	
interviews	NOUN=17,VERB=8	interviews=23,Interviews=2	
intestinal			intestinal|a|1|0
intestine			intestine|n|1|0
intestines	NOUN=1	intestines=1	
intimacy	NOUN=2	intimacy=2	intimacy|n|3|0
intimate	ADJ=4,VERB=1	intimate=5	intimate|a|8|0;intimate|n|1|0;intimate|v|2|0
intimately	ADV=1	intimately=1	intimately|r|2|0
intimidate			intimidate|v|2|0
intimidated			intimidated|a|1|0
intimidating	ADJ=1,VERB=1	intimidating=2	intimidating|a|1|0
intimidation	NOUN=1	intimidation=1	intimidation|n|4|0
into	ADP=567,SCONJ=20,NOUN=1	into=583,Into=5	
intolerable			intolerable|a|1|0
intolerance	NOUN=5	intolerance=5	intolerance|n|2|0
intolerant	ADJ=1	intolerant=1	intolerant|a|2|0
intoxicated	VERB=3	intoxicated=3	intoxicated|a|2|0
intoxication	NOUN=2	intoxication=2	intoxication|n|3|0
intravenous			intravenous|a|1|0
intricate			intricate|a|1|0
intrigue	NOUN=2,VERB=1	intrigue=3	intrigue|n|2|0;intrigue|v|2|0
intrigued	VERB=2	intrigued=2	
intriguing	VERB=1	intriguing=1	intriguing|a|2|0
intrinsic	ADJ=1	intrinsic=1	intrinsic|a|2|0
intro			intro|n|2|0
introduce	VERB=11	introduce=11	introduce|v|10|0
introduced	VERB=20	introduced=20	
introduces	VERB=4	introduces=3	
introducing	VERB=2	introducing=2	
introduction	NOUN=13,PROPN=1	Introduction=5,introduction=4	introduction|n|7|0
introductions	NOUN=2	introductions=2	
introductory	ADJ=1	introductory=1	introductory|a|3|0
intruder	NOUN=1	intruder=1	intruder|n|1|0
intruders	NOUN=1	intruders=1	
intrusion	NOUN=1	intrusion=1	intrusion|n|5|0
intrusive			intrusive|a|3|0
intuition	NOUN=1	intuition=1	intuition|n|2|0
intuitive	ADJ=3	intuitive=3	intuitive|a|2|0
invade	VERB=2	invade=2	invade|v|4|0
invaded	VERB=1	invaded=1	
invading	VERB=1	invading=1	invading|a|1|0
invalid			invalid|a|2|0;invalid|n|1|0;invalid|v|2|0
invaluable			invaluable|a|1|0
invariably			invariably|r|1|0
invasion	NOUN=8	invasion=8	invasion|n|3|0
invasive	ADJ=2	invasive=2	invasive|a|4|0
invent	VERB=4	invent=4	invent|v|2|0
invented	VERB=8	invented=8	
invention	NOUN=3	invention=3	invention|n|3|0
inventive			inventive|a|1|0
inventor	NOUN=1	inventor=1	inventor|n|1|0
inventory	NOUN=7	inventory=7	inventory|n|5|0;inventory|v|1|0
inverse	ADJ=1	inverse=1	inverse|a|2|0;inverse|n|1|0
inversion	NOUN=3	inversion=3	inversion|n|9|0
inverted	VERB=1	inverted=1	inverted|a|2|0
invest	VERB=8	invest=8	invest|v|5|0
invested	VERB=6	invested=6	
investigate	VERB=12	investigate=12	investigate|v|2|0
investigated	VERB=4	investigated=4	
investigating	VERB=3	investigating=3	investigating|n|1|0
investigation	NOUN=12	investigation=12	investigation|n|2|0
investigations	NOUN=3	investigations=3	
investigative	ADJ=2	investigative=2	investigative|a|1|0
investigator	NOUN=1	investigator=1	investigator|n|3|0
investigators	NOUN=2	investigators=1	
investing	VERB=1	investing=1	investing|n|1|0
investment	NOUN=16,PROPN=3	investment=15,Investment=4	investment|n|6|0
investments	NOUN=1	investments=1	
investor	NOUN=2	investor=2	investor|n|1|0
investors	NOUN=8	investors=7	
invests	VERB=1	invests=1	
invincible			invincible|a|1|0
invisible	ADJ=5	Invisible=4,invisible=1	invisible|a|2|0
invitation	NOUN=13	invitation=13	invitation|n|2|0
invitational			invitational|a|1|0
invitations	NOUN=1	invitations=1	
invite	VERB=8	invite=8	invite|n|1|0;invite|v|8|0
invited	VERB=16	invited=16	
inviting	VERB=7	inviting=7	inviting|a|1|0
invoice	NOUN=8	invoice=8	invoice|n|1|0;invoice|v|1|0
invoices	NOUN=5	invoices=5	
invoke	VERB=1	invoke=1	invoke|v|3|0
invoked	VERB=4	invoked=4	
invoking	VERB=1	invoking=1	
involuntary	ADJ=3	involuntary=3	involuntary|a|2|0
involve	VERB=9	involve=9	involve|v|7|0
involved	VERB=35,ADJ=26	involved=60,Involved=1	involved|a|5|0
involvement	NOUN=12	involvement=12	involvement|n|5|0
involves	VERB=12	involves=12	
involving	VERB=11	involving=11	
inward			inward|a|2|0;inward|r|2|0
io			Io|n|2|2
ioc			IOC|n|1|0
iodine	NOUN=29,PROPN=3	iodine=25,Iodine=5	iodine|n|2|0
ion			ion|n|1|0
ionic			Ionic|a|2|0;Ionic|n|1|0;ionic|a|1|0
iot	PROPN=3	IoT=3	
iowa	PROPN=1	Iowa=1	Iowa|n|3|1
ip	NOUN=4,PROPN=3	IP=5,Ip=2	IP|n|1|0
ipa	NOUN=1	IPA=1	
ipad	PROPN=3	iPad=2	iPad|n|1|0
iphone	PROPN=5,NOUN=3	iPhone=6,iphone=2	iPhone|n|1|0
ipo	NOUN=1	IPO=1	IPO|n|1|0
ipod	PROPN=3	ipod=3	iPod|n|1|0
ips	PROPN=2	IPS=2	
iq	NOUN=6	IQ=6	IQ|n|1|0
ir			IR|n|1|0;Ir|n|1|0
ira			IRA|n|2|1;ira|n|1|0
iran	PROPN=106	Iran=92	Iran|n|1|1
iranian	ADJ=22,PROPN=1	Iranian=21	Iranian|a|1|0;Iranian|n|2|0
iranians	PROPN=2	Iranians=2	
iraq	PROPN=149	Iraq=147	Iraq|n|1|1
iraqi	ADJ=55,PROPN=2	Iraqi=56	Iraqi|a|1|0;Iraqi|n|1|0
irc	NOUN=2,PROPN=1	irc=2,IRC=1	
ire	NOUN=1	ire=1	ire|n|2|0
ireland	PROPN=24	Ireland=18,ireland=4	Ireland|n|2|2
irene	PROPN=1	irene=1	
iris	PROPN=4	Iris=2,IRIS=1	iris|n|3|0
irish	ADJ=16,PROPN=1	Irish=12,irish=5	Irish|a|1|0;Irish|n|3|0
iron	NOUN=6,ADJ=2,PROPN=1,VERB=1	iron=9,Iron=1	iron|a|1|0;iron|n|4|0;iron|v|1|0
ironic	ADJ=2	ironic=2	ironic|a|2|0
ironically	ADV=7	ironically=1	ironically|r|2|0
ironing	NOUN=1	ironing=1	ironing|n|2|0
ironman			ironman|n|1|0
irons	NOUN=1	irons=1	irons|n|1|0
irony	NOUN=6	irony=4,Irony=1	irony|n|3|0
irradiation			irradiation|n|6|0
irrational	ADJ=3	irrational=3	irrational|a|2|0;irrational|n|1|0
irregular			irregular|a|9|0;irregular|n|2|0
irregularities	NOUN=1		
irrelevant	ADJ=5	irrelevant=5	irrelevant|a|1|0
irresistible			irresistible|a|2|0
irrespective	ADV=1	irrespective=1	irrespective|r|1|0
irresponsible			irresponsible|a|1|0
irreversible			irreversible|a|1|0
irrigation	NOUN=1,PROPN=1	Irrigation=1,irrigation=1	irrigation|n|2|0
irritable	ADJ=1	irritable=1	irritable|a|3|0
irritated	VERB=2,ADJ=1	irritated=3	irritated|a|1|0
irritating			irritating|a|3|0
irritation	NOUN=2	irritation=2	irritation|n|7|0
irs	PROPN=4	IRS=4	IRS|n|1|0
irving	PROPN=3	Irving=3	Irving|n|2|2
is	AUX=5076,VERB=271,ADP=1,PRON=1,PROPN=1,X=1	is=5171,IS=40,Is=19	
isaac	PROPN=1	Isaac=1	Isaac|n|1|1
isabel	PROPN=6	Isabel=6	
isabella			Isabella|n|1|1
isabelle	PROPN=8	Isabelle=7	
isaiah			Isaiah|n|2|2
isi	PROPN=6	ISI=6	ISI|n|1|0
isis	PROPN=2	ISIS=2	Isis|n|1|1
islam	PROPN=8	Islam=8	Islam|n|2|0
islamabad	PROPN=6	Islamabad=4	Islamabad|n|1|1
islamic	ADJ=43,PROPN=1	Islamic=42	Islamic|a|1|0
islamist	PROPN=5,NOUN=3,ADJ=1	Islamist=5,islamist=4	Islamist|n|2|0
islamists	NOUN=14,PROPN=1	islamists=14,Islamists=1	
island	NOUN=53,PROPN=26	island=54,Island=25	island|n|2|0
islands	NOUN=50,PROPN=17	islands=46,Islands=19	
isle	PROPN=1	Isle=1	isle|n|1|0
iso	PROPN=20,NOUN=2	ISO=21	
isolate	VERB=2	isolate=2	isolate|v|4|0
isolated	VERB=4,ADJ=2	isolated=6	isolated|a|6|0
isolating	VERB=1	isolating=1	isolating|a|1|0
isolation	NOUN=5	isolation=5	isolation|n|5|0
isotope			isotope|n|1|0
israel	PROPN=65	Israel=61	Israel|n|2|2
israeli	ADJ=21	Israeli=21	Israeli|a|1|0;Israeli|n|1|0
israelis	PROPN=5	Israelis=5	
israelites			Israelites|n|1|0
iss	PROPN=5	ISS=5	
issuance			issuance|n|1|0
issue	NOUN=97,VERB=4	issue=101	issue|n|11|0;issue|v|5|0
issued	VERB=24	issued=24	
issues	NOUN=82,VERB=1	issues=82,Issues=1	
issuing	VERB=3	issuing=3	issuing|n|1|0
istanbul	PROPN=3	Istanbul=3	Istanbul|n|1|1
it	PRON=4957,NOUN=11,PROPN=7,ADP=1,ADV=1,AUX=1,INTJ=1,SCONJ=1	it=3911,IT=30,It=28	IT|n|1|0
italia	PROPN=1	Italia=1	Italia|n|1|1
italian	ADJ=27,PROPN=4	Italian=28,italian=2	Italian|a|1|0;Italian|n|2|0
italy	PROPN=17	Italy=17	Italy|n|1|1
itch			itch|n|3|0;itch|v|4|0
itching	NOUN=1	itching=1	itching|n|1|0
itchy	ADJ=1	itchy=1	itchy|a|2|0
item	NOUN=21	item=21	item|n|5|0;item|r|1|0
items	NOUN=47	items=47	
iteration			iteration|n|3|0
ithaca			Ithaca|n|2|2
itinerary	NOUN=4	itinerary=3	itinerary|n|3|0
its	PRON=478	its=459,Its=2,ITS=1	
itself	PRON=66	itself=66	
iv	NUM=8,NOUN=3	IV=10,iv=1	IV|n|2|0;iv|a|1|0
ivan	PROPN=3	Ivan=3	
ive	X=1	ive=1	
ives			Ives|n|2|2
ivory			ivory|n|2|0
ivy	PROPN=3,NOUN=1	Ivy=3,ivy=1	ivy|n|1|0
ix			IX|n|1|0;ix|a|1|0
ja	PROPN=2	JA=2	
jab			jab|n|3|0;jab|v|3|0
jack	PROPN=18,NOUN=3,VERB=1	Jack=14,jack=4	Jack|n|1|0;jack|n|11|0;jack|v|2|0
jackass	NOUN=1		jackass|n|2|0
jacket	NOUN=4	jacket=4	jacket|n|5|0;jacket|v|2|0
jackets	NOUN=1	jackets=1	
jackie	PROPN=3	Jackie=2	
jackpot			jackpot|n|2|0
jacks	NOUN=1	jacks=1	jacks|n|1|0
jackson	PROPN=2	Jackson=2	Jackson|n|11|11
jacksonville			Jacksonville|n|1|1
jacob	PROPN=5	Jacob=5	Jacob|n|2|1
jacobs	PROPN=2	Jacobs=2	Jacobs|n|3|3
jacques	PROPN=2		
jade	NOUN=1	jade=1	jade|a|1|0;jade|n|4|0;jade|v|2|0
jagged	ADJ=1	jagged=1	jagged|a|2|0
jagger	PROPN=1	Jagger=1	Jagger|n|1|1
jaguar			jaguar|n|1|0
jai	PROPN=1		
jail	NOUN=3	jail=3	jail|n|1|0;jail|v|1|0
jailed	VERB=1	jailed=1	jailed|a|1|0
jaime	PROPN=1	Jaime=1	
jain			Jain|a|1|0
jakarta	PROPN=1	Jakarta=1	Jakarta|n|1|1
jake	PROPN=1	Jake=1	
jam	NOUN=4,VERB=1	jam=5	jam|n|4|0;jam|v|7|0
jamaica	PROPN=3	Jamaica=2	Jamaica|n|2|2
jamaican	ADJ=4	Jamaican=4	Jamaican|a|1|0;Jamaican|n|1|0
jamal	PROPN=1	Jamal=1	
james	PROPN=33	James=23,james=1	James|n|10|10
jamie	PROPN=2	Jamie=1	
jammed			jammed|a|1|0
jamming	VERB=2	jamming=2	jamming|n|1|0
jammu	PROPN=1	Jammu=1	
jams	NOUN=1	jams=1	
jan	PROPN=10	Jan=6	Jan|n|1|0
jane	PROPN=8	Jane=4	
janeiro	PROPN=1	Janeiro=1	
janet	PROPN=3	Janet=3	
janice	PROPN=6	Janice=5	
janitor			janitor|n|1|0
january	PROPN=67	January=63,JANUARY=1	January|n|1|0
japan	PROPN=22	Japan=19	Japan|n|2|2;japan|n|2|0;japan|v|1|0
japanese	ADJ=27,PROPN=5	Japanese=30,japanese=2	Japanese|a|1|0;Japanese|n|2|0
jar	NOUN=5	jar=5	jar|n|3|0;jar|v|5|0
jared	PROPN=7	Jared=2	
jargon	NOUN=2	jargon=2	jargon|n|3|0
jasmine	PROPN=1	Jasmine=1	jasmine|n|1|0
jason	PROPN=14	Jason=10	Jason|n|1|1
jasper			jasper|n|1|0
java	PROPN=1	Java=1	Java|n|2|1;java|n|1|0
javascript	NOUN=1,PROPN=1	JavaScript=1,javascript=1	
jaw	NOUN=4	jaw=4	jaw|n|3|0;jaw|v|4|0
jaws	NOUN=3	jaws=3	
jay	PROPN=4	Jay=2	Jay|n|1|1;jay|n|1|0
jazeera	PROPN=4	Jazeera=4	
jazz	NOUN=3,PROPN=1	jazz=2,JAZZ=1,Jazz=1	jazz|n|3|0;jazz|v|2|0
jealous	ADJ=1	jealous=1	jealous|a|2|0
jealousy	NOUN=1		jealousy|n|2|0
jean	PROPN=15	Jean=12	jean|n|1|0
jeanne	PROPN=4	Jeanne=1	
jeans	NOUN=6	jeans=6	jeans|n|1|0
jeep	PROPN=1	Jeep=1	jeep|n|1|0
jeez	INTJ=3		
jeff	PROPN=54	Jeff=26,jeff=1	
jefferson	PROPN=1	Jefferson=1	Jefferson|n|1|1
jeffrey	PROPN=5	Jeffrey=2	
jehovah			Jehovah|n|2|2
jelly	NOUN=3,PROPN=1	jelly=3,Jelly=1	jelly|n|3|0;jelly|v|1|0
jellyfish			jellyfish|n|2|0
jen	PROPN=7	Jen=3,jen=1	
jenkins	PROPN=2	Jenkins=2	
jenna	PROPN=15	Jenna=9	
jenner			Jenner|n|1|1
jennifer	PROPN=7	Jennifer=6	
jennings	PROPN=1	Jennings=1	
jenny	PROPN=1	Jenny=1	Jenny|n|1|1;jenny|n|1|0
jensen	PROPN=4	Jensen=4	Jensen|n|1|1
jeopardize			jeopardize|v|2|0
jeopardy	PROPN=4,NOUN=2	Jeopardy=4,jeopardy=2	jeopardy|n|1|0
jeremiah			Jeremiah|n|2|2
jeremy	PROPN=4	Jeremy=2	
jericho			Jericho|n|1|1
jerk	NOUN=4	jerk=4	jerk|n|6|0;jerk|v|5|0
jerking			jerking|a|1|0;jerking|n|1|0
jerks	NOUN=2	jerks=2	
jerky			jerky|a|3|0;jerky|n|1|0
jerome	PROPN=16	Jerome=10	Jerome|n|1|1
jerry	PROPN=6	Jerry=6	Jerry|n|1|0
jersey	PROPN=6,NOUN=1	Jersey=6,jersey=1	Jersey|n|3|2;jersey|n|2|0
jerusalem	PROPN=4	Jerusalem=3	Jerusalem|n|1|1
jesse	PROPN=1	Jesse=1	
jessica	PROPN=3	Jessica=3	
jesuit	ADJ=1	Jesuit=1	Jesuit|a|1|0;Jesuit|n|1|0
jesus	PROPN=8	Jesus=7	Jesus|n|1|1
jet	NOUN=3,PROPN=2	Jet=3,jet=2	jet|a|1|0;jet|n|6|0;jet|v|2|0
jets	NOUN=3,PROPN=1	jets=4	
jew	PROPN=2	Jew=2	Jew|n|1|0
jewel	NOUN=2	jewel=2	jewel|n|2|0;jewel|v|1|0
jewellery			jewellery|n|1|0
jewelry	NOUN=3	jewelry=3	jewelry|n|1|0
jewels	NOUN=1	jewels=1	
jewish	ADJ=15	Jewish=14	Jewish|a|1|0
jews	PROPN=8	Jews=8	
jfk	PROPN=1	JFK=1	JFK|n|1|1
ji	PROPN=2	JI=1	JI|n|1|1
jig			jig|n|4|0;jig|v|1|0
jigsaw			jigsaw|n|2|0
jihad	PROPN=21,NOUN=7	Jihad=22,jihad=6	jihad|n|1|0
jill	PROPN=3	Jill=1	
jim	PROPN=24	Jim=12	
jimmy	PROPN=9,NOUN=1	Jimmy=7,jimmy=1	jimmy|n|1|0;jimmy|v|1|0
jingle	NOUN=1	jingle=1	jingle|n|2|0;jingle|v|1|0
jinx			jinx|n|2|0;jinx|v|2|0
jk	PROPN=1	JK=1	
jo	PROPN=2	Jo=2	
joachim	PROPN=1	Joachim=1	Joachim|n|1|1
joan	PROPN=4	Joan=3	
joanne	PROPN=1	Joanne=1	
job	NOUN=164,PROPN=4	job=149,Job=14,JOB=2	Job|n|3|2;job|n|10|0;job|v|4|0
jobless			jobless|a|1|0
jobs	NOUN=34,PROPN=1	jobs=33,Jobs=2	
jock			jock|n|2|0
jockey			jockey|n|2|0;jockey|v|3|0
joe	PROPN=27,NOUN=1	Joe=21,joe=1	
joel	PROPN=2	Joel=2	Joel|n|2|2
jog	NOUN=1	jog=1	jog|n|3|0;jog|v|6|0
jogging			jogging|n|1|0
johann	PROPN=8	Johann=6,JOHANN=1	
johannes	PROPN=1	Johannes=1	
johannesburg			Johannesburg|n|1|1
john	PROPN=111	John=66,JOHN=3	John|n|3|3;john|n|2|0
johnnie	PROPN=1	Johnnie=1	
johnny			Johnny|n|1|0
johns			Johns|n|1|1
johnson	PROPN=20	Johnson=20	Johnson|n|3|3
johnston			Johnston|n|1|1
join	VERB=32	join=32	join|n|2|0;join|v|5|0
joined	VERB=32	joined=32	joined|a|2|0
joining	VERB=8	joining=8	joining|n|1|0
joint	ADJ=11,NOUN=2	joint=8,Joint=5	joint|a|3|0;joint|n|6|0;joint|v|4|0
jointly	ADV=2	jointly=2	jointly|r|2|0
joints	NOUN=1	joints=1	
joke	NOUN=46,PROPN=1,VERB=1	joke=42,Joke=3,JOKE=1	joke|n|4|0;joke|v|2|0
joker	PROPN=1	Joker=1	joker|n|4|0
jokes	NOUN=28	jokes=28	
joking	VERB=7	joking=6	joking|a|1|0
jokingly	ADV=1	jokingly=1	jokingly|r|2|0
jolly	ADJ=1	jolly=1	jolly|a|1|0;jolly|n|2|0;jolly|r|1|0;jolly|v|1|0
jonah			Jonah|n|2|2;jonah|n|1|0
jonathan	PROPN=7	Jonathan=6	Jonathan|n|1|0
jones	PROPN=19	Jones=19	Jones|n|6|6
jong	PROPN=2	Jong=2	Jong|n|1|1
jordan	PROPN=11	Jordan=11	Jordan|n|2|2
jordanian	ADJ=1,PROPN=1	Jordanian=2	Jordanian|a|1|0;Jordanian|n|1|0
jorge	PROPN=2		
jose	PROPN=8	Jose=6	
joseph	PROPN=12	Joseph=9	Joseph|n|3|3
josh	PROPN=2	Josh=1	josh|v|1|0
joshua	PROPN=3	Joshua=2	Joshua|n|2|2
joss			joss|n|1|0
journal	NOUN=6,PROPN=5	journal=6,Journal=4	journal|n|5|0
journalism	NOUN=1	journalism=1	journalism|n|2|0
journalist	NOUN=6	journalist=6	journalist|n|2|0
journalistic	ADJ=1	journalistic=1	journalistic|a|1|0
journalists	NOUN=1	journalists=1	
journals	NOUN=15	journals=15	
journey	NOUN=11,PROPN=1	journey=11,Journey=1	journey|n|1|0;journey|v|2|0
joy	NOUN=4,PROPN=4	joy=4,Joy=3	joy|n|2|0;joy|v|2|0
joyce	PROPN=5	Joyce=4	Joyce|n|1|1
joyful			joyful|a|2|0
joyous	ADJ=1	joyous=1	joyous|a|1|0
joys	PROPN=1	Joys=1	
jr	PROPN=2	JR=1,Jr=1	Jr|n|1|0
juan	PROPN=3	Juan=1	
jubilee	PROPN=1	Jubilee=1	jubilee|n|1|0
judah			Judah|n|2|2
judaism	PROPN=1	Judaism=1	Judaism|n|2|0
judas			Judas|n|3|2;judas|n|1|0
judd	PROPN=1	Judd=1	
jude	PROPN=1	Jude=1	Jude|n|2|2
judge	NOUN=46,PROPN=8,VERB=7	judge=47,Judge=12	judge|n|2|0;judge|v|5|0
judged	VERB=3	judged=3	
judgement	NOUN=2	judgement=2	judgement|n|7|0
judges	NOUN=6	judges=4,Judges=2	Judges|n|1|1
judging	VERB=4	judging=3	judging|n|1|0
judgment	NOUN=8	judgment=8	judgment|n|7|0
judgmental			judgmental|a|1|0
judgments	NOUN=16	judgments=16	
judicial	ADJ=6	judicial=4,Judicial=2	judicial|a|4|0
judiciary	PROPN=3,ADJ=1,NOUN=1	Judiciary=4,judiciary=1	judiciary|n|2|0
judith			Judith|n|2|2
judo			judo|n|1|0
judy	PROPN=7	Judy=7	
jug	NOUN=4	jug=4	jug|n|2|0;jug|v|2|0
juggling	NOUN=1	juggling=1	juggling|n|2|0
juice	NOUN=8,PROPN=1	juice=8,Juice=1	juice|n|4|0
juicy	ADJ=3	juicy=3	juicy|a|4|0
jules	PROPN=3	Jules=3	
julia	PROPN=2	Julia=2	
julian	PROPN=1	Julian=1	Julian|a|1|0;Julian|n|1|1
julie	PROPN=7	Julie=6	
julien	PROPN=5	Julien=5	
july	PROPN=72	July=66,JULY=1,july=1	July|n|1|0
jumbo	NOUN=1	jumbo=1	jumbo|a|1|0
jump	VERB=13,NOUN=7	jump=18,Jump=1	jump|n|6|0;jump|v|15|0
jumped	VERB=4	jumped=4	
jumper	NOUN=2	jumper=2	jumper|n|8|0
jumping	VERB=4	jumping=4	jumping|n|2|0
jumps	VERB=4	jumps=4	
junction	NOUN=5,PROPN=2	junction=4,Junction=2	junction|n|5|0
junctions	NOUN=1	junctions=1	
june	PROPN=57	June=54,JUNE=1,june=1	June|n|1|0
jung	PROPN=1	Jung=1	Jung|n|1|1
jungle	NOUN=4	jungle=4	jungle|n|3|0
junior	ADJ=2,NOUN=1	junior=3	Junior|a|1|0;Junior|n|1|0;junior|a|3|0;junior|n|3|0
juniper			juniper|n|3|0
junk	NOUN=5	junk=5	junk|n|2|0;junk|v|1|0
junkie	NOUN=2	junkie=1	junkie|n|2|0
juno	PROPN=1		Juno|n|1|1
junta			junta|n|1|0
jupiter	PROPN=2	Jupiter=2	Jupiter|n|2|2
jurassic			Jurassic|a|1|0;Jurassic|n|1|1
jurisdiction	NOUN=10	jurisdiction=10	jurisdiction|n|2|0
jurisdictions	NOUN=3	jurisdictions=1	
jurisprudence			jurisprudence|n|2|0
juror	NOUN=2	juror=2	juror|n|1|0
jurors	NOUN=4	jurors=4	
jury	NOUN=48	jury=48	jury|n|2|0
just	ADV=1013,ADJ=2	just=912,Just=7,JUST=4	just|a|4|0;just|r|8|0
justice	PROPN=28,NOUN=17	Justice=26,justice=16	Justice|n|1|0;justice|n|3|0
justices	NOUN=2	justices=2	
justifiable			justifiable|a|1|0
justification	NOUN=6	justification=6	justification|n|3|0
justified	VERB=3,ADJ=2	justified=4,Justified=1	justified|a|1|0
justifies	VERB=4	justifies=3	
justify	VERB=8	justify=8	justify|v|3|0
justifying	VERB=2	justifying=2	
justin	PROPN=6	Justin=1	
justine	PROPN=1	Justine=1	
juvenile	NOUN=1	juvenile=1	juvenile|a|2|0;juvenile|n|1|0
jv			JV|n|1|0
ka			Ka|n|1|1
kabul	PROPN=8	Kabul=7	Kabul|n|1|1
kahn	PROPN=1	Kahn=1	Kahn|n|1|1
kai	PROPN=2	Kai=2	
kaiser	PROPN=1	Kaiser=1	Kaiser|n|1|0
kale	NOUN=1	kale=1	kale|n|3|0
kali			Kali|n|1|1;kali|n|1|0
kane	PROPN=6	Kane=6	
kang	PROPN=1	Kang=1	
kangaroo			kangaroo|n|1|0
kansas	PROPN=6	Kansas=6	Kansas|n|4|2
kant	PROPN=2	Kant=2	Kant|n|1|1
kaplan	PROPN=3	Kaplan=2,kaplan=1	
kappa			kappa|n|1|0
karachi	PROPN=4	Karachi=3	Karachi|n|1|1
karaoke			karaoke|n|1|0
karate	PROPN=2	Karate=2	karate|n|1|0
karen	PROPN=7	Karen=4,karen=1	Karen|n|1|0
karim	PROPN=8	Karim=3	
karl	PROPN=3	Karl=2	
karma	NOUN=3	karma=3	karma|n|1|0
karnataka			Karnataka|n|1|1
kashmir	PROPN=16	Kashmir=16	Kashmir|n|1|1
kat	PROPN=1	Kat=1	kat|n|1|0
kate	PROPN=1	Kate=1	
katherine	PROPN=2	Katherine=2	
kathleen	PROPN=5	Kathleen=2	
kathmandu			Kathmandu|n|1|1
kathryn	PROPN=2	Kathryn=1	
kathy	PROPN=7	Kathy=3	
katie	PROPN=4	Katie=1	
katrina	PROPN=14	Katrina=14	
katy	PROPN=1	Katy=1	
kaufman	PROPN=3	Kaufman=3	Kaufman|n|1|1
kay	PROPN=33	Kay=4	
kayak	NOUN=1,PROPN=1	Kayak=1,kayak=1	kayak|n|1|0;kayak|v|1|0
kazakhstan	PROPN=1	Kazakhstan=1	Kazakhstan|n|1|1
kb	NOUN=1,PROPN=1	kb=1	KB|n|2|0;kB|n|2|0;kb|n|1|0
kc	PROPN=1	kc=1	kc|n|1|0
keaton			Keaton|n|1|1
keel			keel|n|3|0;keel|v|1|0
keen	ADJ=5	keen=5	keen|a|5|0;keen|n|1|0;keen|v|1|0
keep	VERB=179,NOUN=1	keep=150,Keep=7	keep|n|3|0;keep|v|22|0
keeper	NOUN=2	Keeper=2	keeper|n|2|0
keepers	NOUN=1		
keeping	VERB=25,NOUN=2	keeping=27	keeping|n|3|0
keeps	VERB=16	keeps=16	
keller			Keller|n|1|1
kelley	PROPN=1	Kelley=1	
kellogg			Kellogg|n|1|1
kelly	PROPN=7	Kelly=4,KELLY=1	Kelly|n|3|3
kelvin	PROPN=1	kelvin=1	Kelvin|n|1|1;kelvin|n|1|0
ken	PROPN=23	Ken=13	ken|n|2|0
kendall			Kendall|n|1|1
kendra	PROPN=2	Kendra=1	
kendrick	PROPN=1	Kendrick=1	
kennedy	PROPN=16	Kennedy=13,KENNEDY=2	Kennedy|n|2|2
kennel			kennel|n|1|0;kennel|v|1|0
kenneth	PROPN=5	Kenneth=4	
kenny	PROPN=1	Kenny=1	
kent	PROPN=4	Kent=2	Kent|n|2|2
kentucky			Kentucky|n|1|1
kenya	PROPN=9	Kenya=8	Kenya|n|1|1
kenyan	ADJ=1	Kenyan=1	Kenyan|a|1|0;Kenyan|n|1|0
kepler			Kepler|n|1|1
kept	VERB=50	kept=50	kept|a|1|0
kerala	PROPN=5	kerala=3,Kerala=2	
kermit	PROPN=1	Kermit=1	
kern			Kern|n|1|1;kern|n|1|0;kern|v|2|0
kernel			kernel|n|3|0
kerr	PROPN=1	Kerr=1	
kerry	PROPN=16	Kerry=15	
kessler	PROPN=1	Kessler=1	
ketchup			ketchup|n|1|0
kettle			kettle|n|4|0
kevin	PROPN=16	Kevin=14	
key	ADJ=44,NOUN=17,PROPN=4	key=58,Key=5	Key|n|1|1;key|a|1|0;key|n|14|0;key|v|5|0
keyboard	NOUN=3	keyboard=3	keyboard|n|2|0
keynes			Keynes|n|1|1
keynote	NOUN=1	keynote=1	keynote|n|3|0;keynote|v|2|0
keys	NOUN=5,PROPN=1	keys=4,Keys=1	
keystone	NOUN=1	keystone=1	keystone|n|2|0
keyword	NOUN=1	keyword=1	
keywords	NOUN=2	keywords=1	
kg	NOUN=3	kg=3	kg|n|1|0
kgb			KGB|n|1|0
khaled	PROPN=1	Khaled=1	
khalid	PROPN=11	Khalid=9	
khan	PROPN=9	Khan=9	khan|n|2|0
khmer			Khmer|n|2|0
khz			kHz|n|1|0
ki			Ki|n|1|1;ki|n|1|0
kia	PROPN=1	Kia=1	
kick	VERB=6,NOUN=3	kick=9	kick|n|6|0;kick|v|8|0
kicked	VERB=7	kicked=7	
kicker			kicker|n|1|0
kicking	VERB=3	kicking=3	kicking|n|2|0
kickoff			kickoff|n|3|0
kicks	VERB=1	kicks=1	
kickstarter	PROPN=2	Kickstarter=2	
kid	NOUN=16,PROPN=1,VERB=1	kid=15,Kid=3	Kid|n|1|1;kid|n|4|0;kid|v|2|0
kidd			Kidd|n|1|1
kidding	VERB=8,NOUN=1	kidding=9	
kidnap			kidnap|v|1|0
kidnapped	VERB=1	kidnapped=1	
kidnapping	NOUN=1,VERB=1	kidnapping=2	kidnapping|n|1|0
kidney	NOUN=7	kidney=7	kidney|n|1|0
kids	NOUN=72,PROPN=1	kids=67,Kids=3	
kiev	PROPN=1	Kiev=1	Kiev|n|1|1
kill	VERB=28,NOUN=2	kill=29,Kill=1	kill|n|3|0;kill|v|15|0
killed	VERB=34	killed=34	
killer	NOUN=3	killer=3	killer|n|4|0
killers	NOUN=4	killers=4	
killing	VERB=22,NOUN=2	killing=24	killing|a|1|0;killing|n|3|0
killings	NOUN=2	killings=2	
kills	VERB=3	kills=3	
kiln	NOUN=1	kiln=1	kiln|n|1|0
kilo			kilo|n|1|0
kilometer	NOUN=1	kilometer=1	kilometer|n|1|0
kilometers	NOUN=5	kilometers=5	
kilometre			kilometre|n|1|0
kilometres	NOUN=3	kilometres=3	
kim	PROPN=29	Kim=14	
kimberly	PROPN=1	KIMBERLY=1	
kin	PROPN=2	kin=2	kin|a|1|0;kin|n|2|0
kinase			kinase|n|1|0
kind	NOUN=171,ADJ=14,ADV=1,PROPN=1	kind=182,Kind=1	kind|a|3|0;kind|n|1|0
kinda	ADV=28	kinda=28	kinda|r|1|0
kinder	PROPN=2	Kinder=1	
kindergarten	NOUN=1	kindergarten=1	kindergarten|n|1|0
kindle	PROPN=3	Kindle=3	kindle|v|3|0
kindly	ADV=3,ADJ=1	kindly=1	kindly|a|2|0;kindly|r|1|0
kindness	NOUN=3	kindness=3	kindness|n|3|0
kindred	ADJ=1	kindred=1	kindred|a|2|0;kindred|n|1|0
kinds	NOUN=16	kinds=16	
kinetic	ADJ=2	kinetic=2	kinetic|a|3|0
king	PROPN=22,NOUN=13	King=20,king=13	King|n|3|3;king|n|8|0
kingdom	PROPN=11,NOUN=2	Kingdom=11,kingdom=2	kingdom|n|6|0
kingdoms	NOUN=1	kingdoms=1	
kings	NOUN=4	kings=4	
kingston	PROPN=4	Kingston=3,kingston=1	Kingston|n|3|3
kink			kink|n|5|0;kink|v|2|0
kinky			kinky|a|3|0
kinship	NOUN=1	kinship=1	kinship|n|2|0
kirk	PROPN=2	Kirk=2	kirk|n|1|0
kiss	VERB=2,NOUN=1	kiss=2	kiss|n|4|0;kiss|v|2|0
kissed	VERB=2	kissed=2	
kisses	NOUN=1		
kissing	VERB=1	kissing=1	kissing|n|1|0
kit			kit|n|3|0;kit|v|1|0
kitchen	NOUN=23,PROPN=3	kitchen=22,Kitchen=3	kitchen|n|1|0
kitchens	NOUN=1	kitchens=1	
kite			kite|n|4|0;kite|v|4|0
kits	NOUN=2	kits=2	
kitten	NOUN=12	kitten=12	kitten|n|1|0;kitten|v|1|0
kittens	NOUN=11	kittens=10	
kitty	NOUN=6,PROPN=2	kitty=6,Kitty=2	kitty|n|4|0
kiwi	PROPN=1	Kiwi=1	Kiwi|n|1|0;kiwi|n|3|0
kk	PROPN=2		
kkk	PROPN=1	KKK=1	KKK|n|1|1
klan	PROPN=2	Klan=2	Klan|n|1|1
klein			Klein|n|3|3
km	NOUN=8,PROPN=1	km=8	km|n|1|0
knack			knack|n|1|0
knee	NOUN=6	knee=6	knee|n|3|0
kneel			kneel|n|1|0;kneel|v|1|0
kneeling			kneeling|n|1|0
knees	NOUN=6	knees=6	
knew	VERB=57	knew=56,KNEW=1	
knife	NOUN=9	knife=9	knife|n|3|0;knife|v|1|0
knight	PROPN=1	Knight=1	knight|n|2|0;knight|v|1|0
knights	PROPN=2	Knights=1,knights=1	
knit	VERB=1	knit=1	knit|n|3|0;knit|v|3|0
knitted			knitted|a|1|0
knitting	NOUN=1	knitting=1	knitting|n|2|0
knives	NOUN=1	knives=1	
knob			knob|n|4|0
knock	VERB=3	knock=3	knock|n|5|0;knock|v|6|0
knocked	VERB=2	knocked=2	
knocking	VERB=2	knocking=2	knocking|n|1|0
knockout			knockout|a|1|0;knockout|n|2|0
knocks	NOUN=1,VERB=1	knocks=2	
knot	NOUN=2	knot=2	knot|n|7|0;knot|v|3|0
knots	NOUN=2	knots=2	
know	VERB=905,ADV=1,NOUN=1	know=891,Know=5,KNOW=3	know|n|1|0;know|v|10|0
knowing	VERB=21,ADJ=3	knowing=23	knowing|a|4|0;knowing|n|1|0
knowingly	ADV=2	knowingly=2	knowingly|r|1|0
knowledge	NOUN=58,ADJ=1	knowledge=57,Knowledge=1	knowledge|n|1|0
knowledgeable	ADJ=12	knowledgeable=12	knowledgeable|a|3|0
known	VERB=115,ADJ=7	known=122	known|a|1|0
knows	VERB=35	knows=34,KNOWS=1	
knox			Knox|n|1|1
knoxville			Knoxville|n|1|1
knuckle	NOUN=2	knuckle=2	knuckle|n|1|0;knuckle|v|2|0
knuckles			knuckles|n|1|0
ko			KO|n|1|0
kobe			Kobe|n|1|1
koch			Koch|n|1|1
kodak	PROPN=4	Kodak=4	
kolkata	PROPN=1	Kolkata=1	Kolkata|n|1|1
kong	PROPN=10	Kong=9,KONG=1	
kool	PROPN=1	Kool=1	
koran	PROPN=2	koran=1	Koran|n|1|1
korea	PROPN=36	Korea=34	Korea|n|1|1
korean	ADJ=8,PROPN=2	Korean=9,korean=1	Korean|a|1|0;Korean|n|2|0
koreans	PROPN=2	Koreans=1,koreans=1	
kosher	ADJ=1	Kosher=1	kosher|a|2|0;kosher|n|1|0
kosovo	PROPN=4	Kosovo=4	Kosovo|n|1|1
kp			KP|n|1|0
kr	NOUN=1,SYM=1	Kr=2	KR|n|1|1;Kr|n|1|0
kraft			kraft|n|1|0
kramer	PROPN=2	Kramer=2	
kremlin			Kremlin|n|1|1;kremlin|n|1|0
kris			kris|n|1|0
krishna			Krishna|n|1|1
kristen	PROPN=8	Kristen=4	
kristin	PROPN=2	Kristin=2	
kruger			Kruger|n|1|1
ks	PROPN=2	KS=2	KS|n|1|1
kt			kt|n|1|0
ku	PROPN=2	Ku=2	
kudos	NOUN=2		kudos|n|1|0
kumar	PROPN=1	Kumar=1	
kung	NOUN=1	kung=1	
kurdish	ADJ=2	Kurdish=2	Kurdish|a|1|0;Kurdish|n|1|0
kurdistan	PROPN=1	Kurdistan=1	Kurdistan|n|2|1
kurds	PROPN=3	Kurds=3	
kuwait	PROPN=7	Kuwait=7	Kuwait|n|2|2
kv			kV|n|1|0
kw			kW|n|1|0
ky			KY|n|1|1
kyle	PROPN=8	Kyle=5	
kylie			kylie|n|1|0
kyoto	PROPN=2	Kyoto=2	Kyoto|n|1|1
kyrgyzstan			Kyrgyzstan|n|1|1
la	PROPN=28,X=3,INTJ=1	La=12,la=10,LA=9	LA|n|1|1;La|n|1|0;la|n|1|0
lab	NOUN=12,PROPN=5	lab=12,Lab=5	lab|n|1|0
label	NOUN=5,VERB=2	label=6	label|n|4|0;label|v|5|0
labeled	VERB=2	labeled=2	labeled|a|1|0
labelled	VERB=3	labelled=3	labelled|a|1|0
labels	NOUN=5	labels=5	
labor	NOUN=19,PROPN=3	labor=16,Labor=4	Labor|n|2|0;labor|n|5|0;labor|v|3|0
laboratory	PROPN=4,NOUN=1	Laboratory=4,laboratory=1	laboratory|n|2|0
laborers	NOUN=3	laborers=3	
labour	PROPN=7,NOUN=2,VERB=1	Labour=6,labour=3	Labour|n|1|0;labour|n|5|0;labour|v|3|0
labrador	PROPN=4	Labrador=4	Labrador|n|1|1
labs	NOUN=3	labs=3	
labyrinth	NOUN=1	labyrinth=1	labyrinth|n|2|0
lac			lac|n|1|0
lace	VERB=2,NOUN=1	lace=3	lace|n|2|0;lace|v|5|0
laced	VERB=1	laced=1	laced|a|2|0
laces	NOUN=1	laces=1	
lack	NOUN=51,VERB=7,ADJ=1	lack=57,Lack=2	lack|n|1|0;lack|v|2|0
lacked	VERB=4	lacked=4	
lacking	VERB=4	lacking=4	lacking|a|2|0
lacks	VERB=4	lacks=4	
lacrosse			lacrosse|n|1|0
lactose			lactose|n|1|0
lacy			lacy|a|2|0
lad			lad|n|2|0
ladder	NOUN=1	ladder=1	ladder|n|3|0;ladder|v|1|0
laden	PROPN=27,ADJ=2	Laden=27,laden=2	laden|a|2|0;laden|v|2|0
ladies	NOUN=12	ladies=7	
lady	NOUN=9,PROPN=3	lady=9,Lady=2	Lady|n|1|0;lady|n|2|0
lafayette	PROPN=3	Lafayette=3	Lafayette|n|3|3
lag			lag|n|3|0;lag|v|4|0
lager			lager|n|2|0
lagging			lagging|n|1|0
lagoon	NOUN=1	lagoon=1	lagoon|n|1|0
lagos			Lagos|n|1|1
laguna			laguna|n|1|0
lahore	PROPN=1	Lahore=1	Lahore|n|1|1
lai	PROPN=1	Lai=1	
laid	VERB=13,ADJ=3	laid=16	laid|a|1|0
lair			lair|n|1|0
laird	PROPN=1	Laird=1	laird|n|1|0
lake	PROPN=21,NOUN=8	Lake=21,lake=8	lake|n|3|0
lakes	PROPN=3,NOUN=2	Lakes=3,lakes=2	
lakeside			lakeside|n|1|0
lakh			lakh|n|1|0
lam	PROPN=1	Lam=1	lam|n|1|0;lam|v|2|0
lama			Lama|n|1|0;lama|n|1|0
lamb	NOUN=2,PROPN=1	lamb=2,Lamb=1	Lamb|n|1|1;lamb|n|4|0;lamb|v|1|0
lambert			Lambert|n|1|1;lambert|n|1|0
lambs	NOUN=1	lambs=1	
lame	ADJ=3	lame=3	lame|a|2|0;lame|n|2|0;lame|v|1|0
lament			lament|n|3|0;lament|v|2|0
lamented			lamented|a|1|0
laminated	VERB=1	laminated=1	
lamont	PROPN=1	Lamont=1	
lamp	NOUN=6	lamp=5,LAMP=1	lamp|n|2|0
lan	PROPN=1	Lan=1	LAN|n|1|0
lancashire	PROPN=1	Lancashire=1	Lancashire|n|1|1
lancaster			Lancaster|n|2|1
lance			lance|n|3|0;lance|v|3|0
land	NOUN=96,PROPN=7,VERB=4	land=99,Land=7	Land|n|1|1;land|n|10|0;land|v|7|0
landed	VERB=5	landed=5	landed|a|1|0
lander			Lander|n|1|1;lander|n|1|0
landfill	NOUN=2	landfill=2	landfill|n|1|0
landing	NOUN=5,VERB=3	landing=6,LANDING=1,Landing=1	landing|n|4|0
landings	NOUN=1	landings=1	
landlord	NOUN=3	landlord=3	landlord|n|1|0
landlords	PROPN=1	Landlords=1	
landmark	NOUN=2,ADJ=1	landmark=3	landmark|n|4|0
landmarks	NOUN=1	landmarks=1	
landowner			landowner|n|1|0
landowners	NOUN=1	landowners=1	
lands	NOUN=7,PROPN=1	lands=7,Lands=1	
landscape	NOUN=9,PROPN=2	landscape=9,Landscape=2	landscape|n|4|0;landscape|v|2|0
landscaping	NOUN=1,PROPN=1	Landscaping=2	landscaping|n|2|0
landslide			landslide|n|2|0
lane	NOUN=3,PROPN=2	lane=3,Lane=2	lane|n|2|0
lanes	NOUN=3	lanes=3	
lange	PROPN=1	Lange=1	Lange|n|1|1
langley			Langley|n|1|1;langley|n|1|0
language	NOUN=140,PROPN=8	language=137,Language=9	language|n|6|0
languages	NOUN=43,PROPN=2	languages=43,Languages=2	
lanka	PROPN=19	Lanka=19	
lankan	ADJ=2	Lankan=2	
lansing	PROPN=1	Lansing=1	Lansing|n|1|1
lantern	NOUN=6,PROPN=2	lantern=6,Lantern=1	lantern|n|1|0
lanterns	NOUN=4	lanterns=4	
lao	PROPN=2	Lao=2	Lao|a|1|0;Lao|n|2|0
laos	PROPN=6	Laos=6	Laos|n|1|1
lap	NOUN=5,X=1	lap=5	lap|n|6|0;lap|v|5|0
lapse	VERB=1	lapse=1	lapse|n|3|0;lapse|v|6|0
laptop	NOUN=8	laptop=8	laptop|n|1|0
laptops	NOUN=3	laptops=3	
lara	PROPN=2		
large	ADJ=132	large=125,Large=2	large|a|7|0;large|n|1|0;large|r|3|0
largely	ADV=18	largely=18	largely|r|2|0
larger	ADJ=47	larger=47	larger|a|1|0
largest	ADJ=49	largest=49	
lark			lark|n|4|0;lark|v|1|0
larry	PROPN=7	Larry=5	
larson	PROPN=1	Larson=1	
las	PROPN=3	Las=3	
lasagna			lasagna|n|2|0
laser	NOUN=12	laser=11	laser|n|1|0
lash	NOUN=1	lash=1	lash|n|3|0;lash|v|4|0
last	ADJ=291,VERB=15,ADV=3,NOUN=1	last=278,Last=7,LAST=1	last|a|9|0;last|n|8|0;last|r|2|0;last|v|2|0
lasted	VERB=11	lasted=11	
lasting	ADJ=4,VERB=3	lasting=7	lasting|a|4|0
lastly			lastly|r|1|0
lasts	VERB=6	lasts=6	
lat			lat|n|1|0
latch			latch|n|2|0;latch|v|1|0
late	ADJ=62,ADV=17,NOUN=1,PROPN=1	late=75,Late=3	late|a|7|0;late|r|4|0
lately	ADV=5	lately=5	lately|r|1|0
latency			latency|n|3|0
latent	ADJ=1	latent=1	latent|a|2|0
later	ADV=133,ADJ=20,NOUN=1	later=141,LATER=2,Later=1	later|a|2|0;later|r|3|0
lateral			lateral|a|2|0;lateral|n|1|0
latest	ADJ=19	latest=19	latest|a|2|0;latest|n|1|0
latex			latex|n|2|0
latin	ADJ=9,PROPN=6	Latin=13,LATIN=1,latin=1	Latin|a|4|0;Latin|n|3|0
latino	ADJ=5	Latino=5	Latino|a|1|0;Latino|n|1|0
latinos	PROPN=2	Latinos=2	
latitude	NOUN=1	latitude=1	latitude|n|4|0
latte	NOUN=2	latte=2	latte|n|1|0
latter	ADJ=11	latter=10,Latter=1	latter|a|1|0;latter|n|1|0
lattice	PROPN=2		lattice|n|3|0
latvia			Latvia|n|1|1
latvian			Latvian|a|1|0;Latvian|n|2|0
lau	PROPN=3	Lau=3	
lauded	VERB=1	lauded=1	
laugh	VERB=15,NOUN=2	laugh=17	laugh|n|3|0;laugh|v|1|0
laughable			laughable|a|2|0
laughed	VERB=5	laughed=5	
laughing	VERB=7	laughing=6,Laughing=1	laughing|a|1|0
laughs	VERB=2	laughs=2	
laughter	NOUN=6	laughter=2	laughter|n|2|0
launch	NOUN=18,VERB=14,PROPN=1	launch=30,Launch=3	launch|n|2|0;launch|v|6|0
launched	VERB=22	launched=22	
launcher	PROPN=2,NOUN=1	launcher=3	launcher|n|2|0
launchers	NOUN=3	launchers=3	
launches	VERB=2	launches=2	
launching	VERB=5,NOUN=3	launching=7	launching|n|3|0
laundering			laundering|n|1|0
laundry	NOUN=4,PROPN=3	laundry=4,Laundry=3	laundry|n|2|0
laura	PROPN=10	Laura=7,LAURA=1	
laureate	NOUN=1,PROPN=1	Laureate=1,laureate=1	laureate|a|1|0;laureate|n|1|0
laurel	PROPN=1	Laurel=1	Laurel|n|1|1;laurel|n|2|0
lauren	PROPN=2	Lauren=2	
laurent	PROPN=1	Laurent=1	
laurie	PROPN=6	Laurie=2	
lava	NOUN=1	Lava=1	lava|n|1|0
lavender			lavender|a|1|0;lavender|n|2|0
lavish			lavish|a|2|0;lavish|v|1|0
law	NOUN=114,PROPN=14	law=110,Law=17	law|n|7|0
lawful			lawful|a|4|0
lawfully			lawfully|r|2|0
lawless	ADJ=2	lawless=2	lawless|a|3|0
lawmakers	NOUN=2	lawmakers=1	
lawn	NOUN=1	lawn=1	lawn|n|1|0
lawrence	PROPN=3	Lawrence=3	Lawrence|n|7|7
laws	NOUN=39,PROPN=1	laws=38,Laws=2	Laws|n|1|1
lawsuit	NOUN=6	lawsuit=5	lawsuit|n|1|0
lawsuits	NOUN=2	lawsuits=1	
lawyer	NOUN=12	lawyer=11	lawyer|n|1|0
lawyers	NOUN=9,PROPN=1	lawyers=8,Lawyers=2	
lax	ADJ=4	lax=4	lax|a|4|0
lay	VERB=25,PROPN=15,ADJ=1	lay=24,Lay=15	lay|a|2|0;lay|n|2|0;lay|v|5|0
layer	NOUN=3,VERB=1	layer=4	layer|n|5|0;layer|v|1|0
layered			layered|a|1|0
layers	NOUN=3	layers=3	
laying	VERB=7,NOUN=1	laying=8	laying|n|1|0
layout	NOUN=6	layout=6	layout|n|2|0
lays	PROPN=1	Lays=1	
lazarus			Lazarus|n|2|2
laziness			laziness|n|3|0
lazy	ADJ=10	lazy=10	lazy|a|2|0
lb	NOUN=3,PROPN=1	lb=4	lb|n|1|0
lbs	NOUN=6	lbs=6	
lc	NOUN=1	LC=1	
lcd			LCD|n|1|0
ld	NOUN=1	LD=1	
le	PROPN=4,X=1	le=3,LE=1	LE|n|1|0
lea	PROPN=1	Lea=1	lea|n|2|0
leach	PROPN=3	Leach=3	leach|n|1|0;leach|v|3|0
lead	VERB=30,NOUN=17,ADJ=8	lead=55	lead|n|15|0;lead|n|2|0;lead|v|14|0
leader	NOUN=48,PROPN=1	leader=47,Leader=1	leader|n|2|0
leaders	NOUN=51	leaders=49,Leaders=2	leaders|n|1|0
leadership	NOUN=20,PROPN=2	leadership=20,Leadership=2	leadership|n|4|0
leading	VERB=30,ADJ=1	leading=30	leading|a|4|0;leading|n|1|0;leading|n|1|0
leads	VERB=16,NOUN=1	leads=16,Leads=1	
leaf	NOUN=5	leaf=5	leaf|n|3|0;leaf|v|3|0
leaflet			leaflet|n|3|0
leaflets	NOUN=1	leaflets=1	
leafy	ADJ=1,NOUN=1	leafy=2	leafy|a|1|0
league	PROPN=15,NOUN=4	League=13,league=6	league|n|3|0;league|v|1|0
leagues	NOUN=1	leagues=1	
leah	PROPN=4	Leah=2	
leak	NOUN=2,VERB=1	leak=3	leak|n|5|0;leak|v|4|0
leakage	NOUN=1	leakage=1	leakage|n|1|0
leaked	VERB=1	leaked=1	
leaks	NOUN=1,VERB=1	leaks=2	
lean	ADJ=3,VERB=2	lean=5	lean|a|4|0;lean|n|1|0;lean|v|5|0
leaned	VERB=2	leaned=2	
leaning	VERB=4,NOUN=1	leaning=5	leaning|a|1|0;leaning|n|4|0
leans	VERB=1	leans=1	
leap	PROPN=1,VERB=1	Leap=1,leap=1	leap|n|4|0;leap|v|4|0
leaping			leaping|n|1|0
leaps	NOUN=1,VERB=1	leaps=2	
lear			Lear|n|2|2
learn	VERB=62	learn=57,Learn=1	learn|v|6|0
learned	VERB=38	learned=38	learned|a|3|0
learner	NOUN=2	Learner=1,learner=1	learner|n|2|0
learners	NOUN=4	learners=4	
learning	NOUN=44,VERB=16	learning=52,LEARNING=2,Learning=1	learning|n|2|0
learns	VERB=1	learns=1	
learnt	VERB=3	learnt=3	
lease	NOUN=5	lease=5	lease|n|3|0;lease|v|4|0
leased			leased|a|1|0
leash	NOUN=15	leash=15	leash|n|3|0;leash|v|1|0
leasing	PROPN=1	Leasing=1	
least	ADJ=137,ADV=7	least=141,Least=2,LEAST=1	least|a|1|0;least|n|1|0;least|r|1|0
leather	NOUN=6	leather=6	leather|n|1|0;leather|v|1|0
leave	VERB=103,NOUN=3	leave=99,LEAVE=1,Leave=1	leave|n|3|0;leave|v|14|0
leaves	NOUN=14,VERB=9	leaves=23	
leaving	VERB=47	leaving=43,Leaving=1	leaving|n|1|0
lebanese	ADJ=8	Lebanese=8	Lebanese|a|1|0;Lebanese|n|1|0
lebanon	PROPN=6	Lebanon=6	Lebanon|n|1|1
lecture	NOUN=6	lecture=6	lecture|n|3|0;lecture|v|2|0
lecturer			lecturer|n|2|0
lectures	NOUN=8,PROPN=1	lectures=8,Lectures=1	
lecturing	VERB=1	lecturing=1	lecturing|n|1|0
led	VERB=35,NOUN=4	led=35,LED=4	LED|n|1|0
ledge			ledge|n|1|0
ledger	NOUN=2	ledger=2	ledger|n|2|0
lee	PROPN=45	Lee=41,lee=1	Lee|n|7|7;lee|a|1|0;lee|n|1|0
leech			leech|n|2|0;leech|v|1|0
leeds	PROPN=1	Leeds=1	Leeds|n|1|1
left	VERB=122,ADJ=15,NOUN=9,ADV=7,PROPN=2	left=152,Left=3	left|a|4|0;left|n|5|0;left|r|1|0
leftist	ADJ=1	leftist=1	leftist|a|1|0;leftist|n|1|0
leftover			leftover|a|1|0;leftover|n|1|0
leftovers	NOUN=1	leftovers=1	leftovers|n|1|0
lefty			lefty|n|2|0
leg	NOUN=21	leg=21	leg|n|9|0
legacy	NOUN=10,PROPN=4	legacy=9,Legacy=5	legacy|n|1|0
legal	ADJ=66,PROPN=4,NOUN=2	legal=53,Legal=17,LEGAL=1	legal|a|5|0
legality			legality|n|1|0
legalization			legalization|n|1|0
legalize			legalize|v|1|0
legally	ADV=11	legally=11	legally|r|2|0
legend	NOUN=8	legend=8	legend|n|2|0
legendary	ADJ=2	legendary=2	legendary|a|2|0
legged	ADJ=1	Legged=1	legged|a|1|0
legion	PROPN=3	Legion=3	legion|a|1|0;legion|n|4|0
legislation	NOUN=24	legislation=21,Legislation=3	legislation|n|2|0
legislative	ADJ=15	legislative=11,Legislative=4	legislative|a|2|0
legislator			legislator|n|1|0
legislators	NOUN=2	legislators=2	
legislature	NOUN=12,PROPN=1	legislature=12,Legislature=1	legislature|n|1|0
legislatures	NOUN=2	legislatures=2	
legit	ADJ=3	legit=2,Legit=1	
legitimacy	NOUN=6	legitimacy=6	legitimacy|n|2|0
legitimate	ADJ=16	legitimate=16	legitimate|a|4|0;legitimate|v|3|0
legitimately	ADV=1	legitimately=1	legitimately|r|2|0
lego	PROPN=2	Lego=2	Lego|n|1|0
legs	NOUN=29	legs=29	legs|n|1|0
lei			lei|n|1|0
leicester	PROPN=1	Leicester=1	Leicester|n|2|2
leigh	PROPN=3,X=3	Leigh=6	Leigh|n|1|1
leipzig			Leipzig|n|1|1
leisure	NOUN=4,PROPN=2	leisure=5,Leisure=1	leisure|n|2|0
lemon	NOUN=12	lemon=10	lemon|n|5|0
lemonade	NOUN=1	lemonade=1	lemonade|n|1|0
lemons	NOUN=1	lemons=1	
len	PROPN=3	Len=3	
lena			Lena|n|1|1
lend			lend|v|3|0
lender			lender|n|1|0
lenders	NOUN=1	lenders=1	
lending			lending|n|1|0
lends	VERB=1	lends=1	
length	NOUN=17	length=16,Length=1	length|n|5|0
lengths	NOUN=2	lengths=2	
lengthy	ADJ=6	lengthy=6	lengthy|a|1|0
lenient			lenient|a|3|0
lenin			Lenin|n|1|1
lennon	PROPN=14	Lennon=14	Lennon|n|1|1
lens	NOUN=6	lens=3,LENS=2	Lens|n|1|0;lens|n|4|0
lent	PROPN=1,VERB=1	lent=2	Lent|n|1|0
leo	PROPN=2	Leo=1	Leo|n|3|2
leon	PROPN=7	Leon=6	Leon|n|3|3
leonard	PROPN=1	Leonard=1	Leonard|n|1|1
leonardo	PROPN=7	Leonardo=3,LEONARDO=1	Leonardo|n|1|1
leone			leone|n|1|0
leopard			leopard|n|2|0
leopold	PROPN=8	Leopold=7	
leroy	PROPN=2	LeRoy=2	
les	PROPN=4	Les=2	
lesbian			Lesbian|n|1|0;lesbian|a|1|0;lesbian|n|1|0
leslie	PROPN=2	Leslie=2	
less	ADV=73,ADJ=45,X=1	less=118	less|a|3|0;less|r|2|0
lessen	VERB=1	lessen=1	lessen|v|3|0
lesser	ADJ=2,ADV=1	lesser=2,Lesser=1	lesser|a|2|0
lesson	NOUN=13	lesson=13	lesson|n|4|0
lessons	NOUN=9,PROPN=2	lessons=9,Lessons=2	
lest	SCONJ=5	lest=3,Lest=1	
let	VERB=364,PROPN=2,NOUN=1	let=244,Let=11,LET=3,LeT=1	LET|n|1|1;let|n|1|0;let|v|6|0
lethal	ADJ=2	lethal=2	lethal|a|1|0
lets	VERB=9	lets=9	
letter	NOUN=87,X=3,PROPN=1	letter=85,Letter=4,LETTER=1	letter|n|5|0;letter|v|3|0
lettering			lettering|n|1|0
letterman			letterman|n|1|0
letters	NOUN=43	letters=42	letters|n|2|0
letting	VERB=8	letting=8	letting|n|1|0
lettuce	NOUN=3	lettuce=3	lettuce|n|3|0
leukemia			leukemia|n|1|0
leung	PROPN=6	Leung=5	
lev			lev|n|1|0
levant			Levant|n|2|1;levant|v|1|0
level	NOUN=65,ADJ=2,VERB=2	level=69	level|a|5|0;level|n|8|0;level|v|6|0
leveling			leveling|n|3|0
levels	NOUN=30	levels=30	
lever	NOUN=1	lever=1	lever|n|3|0;lever|v|1|0
leverage	NOUN=2,VERB=2	leverage=4	leverage|n|3|0;leverage|v|2|0
levers	NOUN=1	levers=1	
levi	PROPN=2	Levi=2	Levi|n|1|1
leviathan			leviathan|n|2|0
levine	PROPN=2	Levine=2	
levy			levy|n|2|0;levy|v|2|0
lewd			lewd|a|2|0
lewis	PROPN=7	Lewis=7	Lewis|n|6|6
lexicon	NOUN=1	lexicon=1	lexicon|n|2|0
lexington			Lexington|n|3|3
lexus	PROPN=3	Lexus=2	
lf			LF|n|1|0
lgbt			LGBT|n|1|0
lgbtq	ADJ=1	LGBTQ=1	LGBTQ|n|1|0
li	PROPN=3,X=1	Li=3,li=1	Li|n|1|0;li|a|1|0;li|n|1|0
liabilities	NOUN=2	liabilities=2	liabilities|n|1|0
liability	NOUN=2	liability=2	liability|n|3|0
liable			liable|a|4|0
liaison	NOUN=2	liaison=2	liaison|n|2|0
liar			liar|n|1|0
liars	NOUN=2	liars=1	
libby	PROPN=1	Libby=1	Libby|n|1|1
libel	NOUN=2	libel=2	libel|n|2|0;libel|v|1|0
liberal	ADJ=10,X=1	liberal=10,Liberal=1	liberal|a|5|0;liberal|n|2|0
liberalism			liberalism|n|2|0
liberals	NOUN=5	liberals=5	
liberate	VERB=1	liberate=1	liberate|v|4|0
liberated	VERB=2	liberated=2	liberated|a|2|0
liberation	PROPN=4,NOUN=3	Liberation=4,liberation=3	liberation|n|3|0
liberia	PROPN=1	Liberia=1	Liberia|n|1|1
libertarian	ADJ=3,NOUN=1,PROPN=1	Libertarian=4,libertarian=1	libertarian|n|2|0
liberties	NOUN=3	liberties=3	
liberty	PROPN=14,NOUN=8	Liberty=12,liberty=8,LIBERTY=1	liberty|n|5|0
librarian	PROPN=9,NOUN=1	Librarian=9,librarian=1	librarian|n|1|0
librarians	NOUN=14	librarians=13,Librarians=1	
libraries	NOUN=4,PROPN=2	libraries=4,Libraries=2	
library	NOUN=13,PROPN=7	library=12,Library=7	library|n|5|0
libya	PROPN=10	Libya=10	Libya|n|1|1
libyan	ADJ=2	Libyan=2	Libyan|a|1|0;Libyan|n|1|0
licence			licence|n|3|0;licence|v|1|0
license	NOUN=17,PROPN=2	license=16,License=3	license|n|4|0;license|v|1|0
licensed	VERB=23	licensed=23	licensed|a|1|0
licenses	NOUN=4	licenses=4	
licensing	NOUN=3	licensing=3	
lick	VERB=2	lick=2	lick|n|3|0;lick|v|4|0
licked			licked|a|1|0
licking	VERB=6	licking=6	licking|n|2|0
licks	VERB=1	licks=1	
lid	NOUN=3	lid=3	lid|n|3|0
lids	NOUN=1	lids=1	
lie	VERB=21,NOUN=5	lie=25,Lie=1	Lie|n|1|1;lie|n|2|0;lie|v|7|0
lied	VERB=3	lied=2	lied|n|1|0
lien			lien|n|1|0;lien|n|1|0
lies	VERB=14,NOUN=7	lies=21	
lieu	NOUN=1	lieu=1	lieu|n|1|0
lieutenant	NOUN=4,PROPN=2	lieutenant=4,Lieutenant=2	lieutenant|n|4|0
life	NOUN=255,PROPN=4,ADJ=1	life=247,Life=7,LIFE=1	life|n|14|0
lifeboat	NOUN=2	lifeboat=2	lifeboat|n|1|0
lifeless			lifeless|a|4|0
lifeline			lifeline|n|4|0
lifelong	ADJ=4	lifelong=4	lifelong|a|1|0
lifespan	NOUN=2	lifespan=2	lifespan|n|1|0
lifestyle	NOUN=8,PROPN=1	lifestyle=8,Lifestyle=1	lifestyle|n|1|0
lifestyles	NOUN=2	lifestyles=2	
lifetime	NOUN=9,PROPN=1	lifetime=9,Lifetime=1	lifetime|n|1|0
lifetimes	NOUN=2	lifetimes=2	
lift	VERB=5,NOUN=1	lift=6	lift|n|12|0;lift|v|24|0
lifted	VERB=6	lifted=5	lifted|a|1|0
lifting	VERB=3	lifting=3	
lifts	NOUN=1,VERB=1	lifts=1	
ligament	NOUN=2	ligament=2	ligament|n|2|0
ligaments	NOUN=3	ligaments=3	
light	NOUN=91,ADJ=22,PROPN=5,VERB=2	light=112,Light=5	Light|n|1|0;light|a|25|0;light|n|14|0;light|r|1|0;light|v|7|0
lighted	VERB=1	lighted=1	lighted|a|2|0
lighten	VERB=1	lighten=1	lighten|v|6|0
lighter	ADJ=11	lighter=11	lighter|n|3|0;lighter|v|1|0
lighthouse			lighthouse|n|1|0
lighting	NOUN=22,VERB=2	lighting=19,Lighting=3	lighting|n|4|0
lightly	ADV=2	lightly=2	lightly|r|7|0
lightning	NOUN=2	lightning=2	lightning|n|2|0
lights	NOUN=16,PROPN=2,VERB=1	lights=15,Lights=2,LIGHTS=1	
lightweight			lightweight|a|2|0;lightweight|n|5|0
like	ADP=524,INTJ=322,VERB=298,SCONJ=183,ADJ=37,ADV=2,NOUN=2	like=1301,LIKE=5,Like=4	like|a|4|0;like|n|2|0;like|v|5|0
liked	VERB=30	liked=29,LIKED=1	liked|a|1|0
likelihood	NOUN=3	likelihood=3	likelihood|n|1|0
likely	ADJ=52,ADV=24	likely=76	likely|a|3|0;likely|r|1|0
likened	VERB=1	likened=1	
likeness	NOUN=1	likeness=1	likeness|n|2|0
likes	VERB=12,NOUN=5	likes=17	
likewise	ADV=6	likewise=4	likewise|r|3|0
liking	VERB=1	liking=1	liking|n|1|0
lil	ADJ=1	lil=1	
lilac			lilac|a|1|0;lilac|n|1|0
lily			lily|n|1|0
lima			Lima|n|1|1
limb	NOUN=12	limb=12	limb|n|6|0
limbo	NOUN=1	limbo=1	limbo|n|3|0
limbs	NOUN=5	limbs=5	
lime	NOUN=3,ADJ=2	lime=5	lime|n|6|0;lime|v|2|0
limelight	NOUN=1	limelight=1	limelight|n|2|0
limestone	NOUN=5	limestone=5	limestone|n|1|0
limit	VERB=9,NOUN=4	limit=12	limit|n|6|0;limit|v|3|0
limitation	NOUN=3	limitation=3	limitation|n|5|0
limitations	NOUN=10	limitations=9,LIMITATIONS=1	
limited	ADJ=34,VERB=15,PROPN=2	limited=48,Limited=3	limited|a|7|0;limited|n|1|0
limiting			limiting|a|2|0;limiting|n|1|0
limitless	ADJ=1	limitless=1	limitless|a|3|0
limits	NOUN=5	limits=3,Limits=2	
limo	NOUN=2	Limo=1,limo=1	limo|n|1|0
limousine	NOUN=1	Limousine=1	limousine|n|1|0
limp	ADJ=2	limp=2	limp|a|2|0;limp|n|1|0;limp|v|2|0
lin			Lin|n|1|1
lincoln	PROPN=2	Lincoln=2	Lincoln|n|3|2
lincolnshire			Lincolnshire|n|1|1
linda	PROPN=14	Linda=11	
linden			linden|n|2|0
lindsay	PROPN=1	Lindsay=1	Lindsay|n|2|2
lindsey	PROPN=1		
line	NOUN=122,VERB=4,PROPN=3,X=2,ADJ=1,ADV=1	line=129,Line=2,LINE=1	line|n|30|0;line|v|6|0
lineage			lineage|n|5|0
linear			linear|a|5|0
linebacker			linebacker|n|2|0
lined	VERB=7	lined=7	lined|a|3|0
lineman			lineman|n|4|0
linen	NOUN=2	linen=2	linen|n|3|0
liner	NOUN=1	liner=1	liner|n|4|0
liners	NOUN=2	liners=2	
lines	NOUN=33,PROPN=1	lines=32,Lines=2	
lineup			lineup|n|3|0
ling	ADV=2	ling=2	ling|n|5|0
linger			linger|v|5|0
lingerie	NOUN=3	lingerie=3	lingerie|n|1|0
lingering	ADJ=1,VERB=1	lingering=2	lingering|n|1|0
linguistic	ADJ=17	linguistic=12,Linguistic=5	linguistic|a|2|0
linguistics	NOUN=9,PROPN=5	Linguistics=8,linguistics=6	linguistics|n|2|0
lining			lining|n|4|0
link	NOUN=38,VERB=7,PROPN=1	link=39,Link=2	link|n|9|0;link|v|4|0
linkage			linkage|n|4|0
linked	VERB=12	linked=12	linked|a|1|0
linking	VERB=3	linking=3	
links	NOUN=17	links=16,Links=1	links|n|1|0
linux	PROPN=2	Linux=2	Linux|n|1|1
lion	NOUN=2	lion=2	Lion|n|2|1;lion|n|2|0
lionel	PROPN=1		
lions	NOUN=3	lions=3	
lip	NOUN=5	lip=5	lip|n|5|0
lipid			lipid|n|1|0
lips	NOUN=4	lips=4	
lipstick	NOUN=7,PROPN=2	lipstick=7,Lipstick=2	lipstick|n|1|0;lipstick|v|2|0
liquid	NOUN=8,ADJ=5	liquid=9,Liquid=2	liquid|a|7|0;liquid|n|4|0
liquidation	NOUN=8	liquidation=8	liquidation|n|3|0
liquidity			liquidity|n|3|0
liquids	NOUN=2	liquids=2	
liquor	NOUN=3,PROPN=1	liquor=3,Liquor=1	liquor|n|3|0
lis	PROPN=1	LIS=1	
lisa	PROPN=3	Lisa=2,lisa=1	
lisbon	PROPN=1	Lisbon=1	Lisbon|n|1|1
list	NOUN=110,VERB=8,PROPN=2	list=112,List=5,LIST=1	list|n|2|0;list|v|5|0
listed	VERB=22	listed=21	listed|a|1|0
listen	VERB=21	listen=18,LISTEN=1	listen|v|3|0
listened	VERB=7	listened=6	
listener	NOUN=1	listener=1	listener|n|1|0
listeners	NOUN=5	listeners=5	
listening	VERB=11,NOUN=2	listening=12	listening|n|1|0
listens	VERB=3	listens=3	
lister			Lister|n|1|1;lister|n|2|0
listing	PROPN=5,VERB=4,NOUN=2	listing=5,Listing=3	listing|n|2|0
listings	NOUN=3	listings=3	
lists	NOUN=11,VERB=6	lists=16,Lists=1	
lit	VERB=4	lit=4	lit|a|2|0;lit|n|1|0
lite			lite|a|1|0
liter	NOUN=2	liter=2	liter|n|1|0
literacy			literacy|n|1|0
literal	ADJ=2	literal=2	literal|a|4|0;literal|n|1|0
literally	ADV=21	literally=21	literally|r|2|0
literary	ADJ=6	literary=6	literary|a|3|0
literate	ADJ=1	literate=1	literate|a|3|0;literate|n|1|0
literature	NOUN=15,PROPN=1	literature=15,Literature=1	literature|n|4|0
liters	NOUN=2	liters=2	
lithium			lithium|n|1|0
lithuania			Lithuania|n|1|1
lithuanian			Lithuanian|a|1|0;Lithuanian|n|2|0
litigation	NOUN=4	litigation=3,Litigation=1	litigation|n|1|0
litre			litre|n|1|0
litter	NOUN=9	litter=9	litter|n|4|0;litter|v|3|0
littered			littered|a|1|0
little	ADJ=305,ADV=8,PROPN=3	little=306,Little=6,LITTLE=2	little|a|8|0;little|n|1|0;little|r|1|0
liturgy			Liturgy|n|1|0;liturgy|n|1|0
liu	PROPN=1	Liu=1	
liv			liv|a|1|0
live	VERB=120,ADJ=18,ADV=6,PROPN=1	live=138,Live=5,LIVE=1	live|a|11|0;live|r|1|0;live|v|7|0
lived	VERB=23,ADJ=2	lived=25	
livelihood			livelihood|n|1|0
lively			lively|a|6|0
liver	NOUN=2	liver=2	liver|a|1|0;liver|n|2|0;liver|n|2|0
liverpool	PROPN=5	Liverpool=5	Liverpool|n|1|1
livery			livery|a|1|0;livery|n|3|0
lives	NOUN=58,VERB=6,PROPN=2	lives=64,Lives=2	
livestock	NOUN=1	livestock=1	livestock|n|1|0
living	VERB=57,NOUN=22,PROPN=1	living=74,Living=3	living|a|6|0;living|n|4|0
livingston	PROPN=2	Livingston=2	Livingston|n|1|1
livingstone			Livingstone|n|1|1
liz	PROPN=5	Liz=4	
liza			liza|n|1|0
lizard	NOUN=1	lizard=1	lizard|n|2|0
lizards	NOUN=1	lizards=1	
lizzie	PROPN=1		
lj	PROPN=2	LJ=2	
ll	AUX=5	ll=5	
llc	PROPN=10,NOUN=3	LLC=13	
lloyd	PROPN=2	Lloyd=2	Lloyd|n|1|1
llp	PROPN=2	LLP=2	
lm			lm|n|1|0
lmao	INTJ=1	LMAO=1	
lng	NOUN=1,PROPN=1	LNG=2	
lo	INTJ=2,PROPN=2,ADJ=1,NOUN=1	Lo=2,lo=2	
load	NOUN=10,VERB=3	load=11,Load=2	load|n|9|0;load|v|5|0
loaded	VERB=3	loaded=3	loaded|a|5|0
loader			loader|n|2|0
loading	NOUN=7,VERB=3	loading=10	loading|n|5|0
loads	NOUN=5,VERB=1	loads=5	loads|n|1|0
loaf	NOUN=1	loaf=1	loaf|n|2|0;loaf|v|2|0
loan	NOUN=27	loan=26	loan|n|2|0;loan|v|1|0
loans	NOUN=13	loans=13	
loathe	ADJ=1	loathe=1	loathe|v|1|0
loathing	NOUN=1	loathing=1	loathing|n|1|0
lobby	NOUN=5,PROPN=1,VERB=1	lobby=6,Lobby=1	lobby|n|3|0;lobby|v|1|0
lobbying	NOUN=1	lobbying=1	
lobbyist	NOUN=1	lobbyist=1	lobbyist|n|1|0
lobe	PROPN=1	Lobe=1	lobe|n|4|0
lobster	NOUN=5	lobster=5	lobster|n|2|0
loc	NOUN=3	LOC=3	
local	ADJ=113,ADV=2	local=108,Local=3	local|a|3|0;local|n|2|0
localities	NOUN=2	localities=2	
locality			locality|n|1|0
localization			localization|n|2|0
localized	VERB=1	localized=1	localized|a|2|0
locally	ADV=7	locally=7	locally|r|2|0
locals	NOUN=7	locals=7	
locate	VERB=2	locate=1	locate|v|4|0
located	VERB=41	located=40	located|a|1|0
locating			locating|n|2|0
location	NOUN=68	location=58,Location=5	location|n|4|0
locations	NOUN=18	locations=18	
loch	PROPN=1	Loch=1	loch|n|2|0
lock	NOUN=8,VERB=4	lock=11,Lock=1	lock|n|6|0;lock|v|9|0
lockdown			lockdown|n|1|0
locke			Locke|n|1|1
locked	VERB=7	locked=6	
locker	NOUN=2	locker=2	locker|n|3|0
locking	VERB=1	locking=1	locking|n|1|0
lockout			lockout|n|1|0
locks	NOUN=4	locks=4	
loco			loco|a|1|0
locomotive			locomotive|a|1|0;locomotive|n|1|0
locus			locus|n|3|0
lodge	PROPN=7,NOUN=2,VERB=1	Lodge=7,lodge=3	Lodge|n|1|1;lodge|n|5|0;lodge|v|4|0
lodging	NOUN=4	lodging=4	lodging|n|3|0
loft			loft|n|4|0;loft|v|4|0
lofty			lofty|a|3|0
log	VERB=3,PROPN=1	Log=2,log=2	log|n|5|0;log|v|2|0
logan	PROPN=1	Logan=1	Logan|n|1|1
logging	NOUN=1,VERB=1	logging=2	logging|n|1|0
logic	NOUN=12	logic=11	logic|n|5|0
logical	ADJ=6	logical=6	logical|a|4|0
logically			logically|r|2|0
login	NOUN=2	LOGIN=2	
logistic			logistic|a|1|0
logistical	ADJ=1	logistical=1	logistical|a|1|0
logistics			logistics|n|1|0
logo	NOUN=3	logo=3	logo|n|1|0
logos			Logos|n|1|1
logs	NOUN=1	logs=1	
loki			Loki|n|1|1
lol	INTJ=23	lol=15	
lola	PROPN=1	lola=1	
lollipop			lollipop|n|2|0
london	PROPN=72	London=68,london=1	London|n|2|2
lone	ADJ=3,PROPN=2	Lone=3,lone=2	lone|a|3|0
loneliness			loneliness|n|3|0
lonely	ADJ=6	lonely=4,Lonely=2	lonely|a|4|0
lonesome			lonesome|a|2|0
long	ADJ=173,ADV=115,NOUN=1,PROPN=1,VERB=1	long=282,Long=4	long|a|9|0;long|r|2|0;long|v|1|0
longer	ADV=57,ADJ=16	longer=71,LONGER=1	longer|n|1|0;longer|r|1|0
longest	ADJ=7,ADV=4	longest=11	longest|r|1|0
longevity	NOUN=2	longevity=2	longevity|n|2|0
longing			longing|n|1|0
longitude	NOUN=1	longitude=1	longitude|n|1|0
longitudinal	ADJ=2	longitudinal=2	longitudinal|a|3|0
longstanding	ADJ=2	longstanding=2	longstanding|a|1|0
longtime	ADJ=1,ADV=1	longtime=2	longtime|a|1|0
loo	X=1	loo=1	loo|n|1|0
look	VERB=254,NOUN=42	look=252,Look=6	look|n|4|0;look|v|10|0
looked	VERB=55	looked=54	
looking	VERB=171,ADJ=4	looking=164,Looking=2	looking|a|1|0;looking|n|2|0
lookout	NOUN=3	lookout=2,Lookout=1	lookout|n|4|0
looks	VERB=81	looks=72	
loom	VERB=1	loom=1	loom|n|1|0;loom|v|4|0
looming	VERB=5,ADJ=1	looming=5,Looming=1	
loop	NOUN=5,PROPN=3	loop=5,Loop=2	loop|n|10|0;loop|v|5|0
loophole	NOUN=2	loophole=2	loophole|n|2|0
loopholes	NOUN=1	Loopholes=1	
loose	ADJ=10,ADV=4,VERB=4	loose=15,Loose=3	loose|a|13|0;loose|r|1|0;loose|v|4|0
loosely	ADV=2	loosely=2	loosely|r|4|0
loosen	VERB=1	loosen=1	loosen|v|7|0
loosing	VERB=1	loosing=1	
loot	NOUN=1,VERB=1	loot=2	loot|n|2|0;loot|v|2|0
looted			looted|a|1|0
looting	NOUN=2	looting=2	looting|n|1|0
lopez	PROPN=25	Lopez=19,LOPEZ=3,lopez=1	
lord	PROPN=5	Lord=5	Lord|n|2|1;lord|n|1|0;lord|v|1|0
lords	PROPN=6	Lords=6	
lordship			Lordship|n|1|0;lordship|n|1|0
lore			lore|n|1|0
lorenzo	PROPN=1	Lorenzo=1	
loretta	PROPN=3	Loretta=3	
lori	PROPN=1	Lori=1	
lorraine	PROPN=1	Lorraine=1	Lorraine|n|1|1
lorry			lorry|n|2|0
los	PROPN=18	Los=14,los=3	
lose	VERB=21	lose=21	lose|v|10|0
loser	NOUN=1		loser|n|3|0
losers	NOUN=1	losers=1	
loses	VERB=5	loses=5	
losing	VERB=13	losing=13	
loss	NOUN=29,VERB=1	loss=27,Loss=2,LOSS=1	loss|n|8|0
losses	NOUN=6	losses=6	losses|n|1|0
lost	VERB=71,ADJ=4,NOUN=1	lost=72,Lost=3,LOST=1	lost|a|9|0;lost|n|1|0
lot	NOUN=241	lot=234,LOT=6	Lot|n|1|1;lot|n|6|0;lot|v|2|0
lotion			lotion|n|2|0
lots	NOUN=67	lots=56,LOTS=1	lots|n|1|0;lots|r|1|0
lottery	NOUN=5,PROPN=3	Lottery=4,lottery=4	lottery|n|2|0
lotto			lotto|n|1|0
lotus	NOUN=1,PROPN=1	Lotus=1	Lotus|n|1|0;lotus|n|2|0
lou	PROPN=3	lou=1	
loud	ADJ=10,ADV=4	loud=13,Loud=1	loud|a|3|0;loud|r|1|0
loudly	ADV=3	loudly=3	loudly|r|3|0
louis	PROPN=13	Louis=13	Louis|n|1|1
louise	PROPN=4	Louise=2	
louisiana	PROPN=9	Louisiana=8	Louisiana|n|1|1
louisville			Louisville|n|1|1
lounge	NOUN=2,PROPN=2	Lounge=2,lounge=2	lounge|n|2|0;lounge|v|2|0
lousy	ADJ=2	lousy=2	lousy|a|3|0
louvre	PROPN=2	Louvre=2	Louvre|n|1|1;louvre|n|1|0
lovable	ADJ=2	lovable=2	lovable|a|1|0
love	VERB=131,NOUN=53,PROPN=7	love=157,LOVE=12,Love=9	love|n|6|0;love|v|4|0
loved	VERB=27	loved=24,LOVED=1	loved|a|1|0
lovely	ADJ=18	lovely=13,Lovely=1	lovely|a|2|0;lovely|n|1|0
lover	NOUN=3,PROPN=1	Lover=2,lover=2	lover|n|3|0
lovers	NOUN=2,PROPN=1	lovers=2,Lovers=1	
loves	VERB=14,NOUN=1	loves=15	
lovin	NOUN=1	lovin=1	
loving	ADJ=11,VERB=4	loving=15	loving|a|1|0
lovingly			lovingly|r|1|0
low	ADJ=34,ADV=3,NOUN=2	low=37,LOW=1	Low|n|1|1;low|a|10|0;low|n|3|0;low|r|1|0;low|v|1|0
lowell			Lowell|n|4|4
lower	ADJ=32,VERB=4	lower=36	lower|a|1|0;lower|n|1|0;lower|v|4|0;lower|v|1|0
lowered	VERB=3	lowered=3	lowered|a|1|0
lowering	VERB=1	lowering=1	lowering|a|1|0;lowering|n|2|0
lowers	VERB=1	lowers=1	
lowest	ADJ=5	lowest=5	lowest|a|1|0;lowest|r|1|0
lowly			lowly|a|4|0
lowry			Lowry|n|2|2
loyal	ADJ=4	loyal=4	loyal|a|3|0
loyalty	NOUN=5	loyalty=5	loyalty|n|3|0
lp			LP|n|1|0
lr			Lr|n|1|0
ls	PROPN=2,NOUN=1	LS=1	
lsd	NOUN=1,PROPN=1	LSD=2	LSD|n|1|0
lsu	PROPN=2	LSU=1,lsu=1	
ltd	PROPN=1	Ltd=1	
lu	INTJ=1		Lu|n|1|0
lube	NOUN=2,PROPN=1	lube=3	lube|n|1|0;lube|v|1|0
luca	PROPN=1	Luca=1	
lucas	PROPN=1	Lucas=1	Lucas|n|1|1
lucia	PROPN=1	Lucia=1	
lucid			lucid|a|4|0
lucifer			Lucifer|n|2|1;lucifer|n|1|0
lucille	PROPN=1	Lucille=1	
luck	NOUN=29	luck=29	luck|n|3|0
luckily	ADV=2		luckily|r|1|0
lucknow			Lucknow|n|2|2
lucky	ADJ=19	lucky=17	lucky|a|3|0
lucrative	ADJ=1	lucrative=1	lucrative|a|1|0
lucy	PROPN=3	Lucy=2	Lucy|n|1|1
ludicrous			ludicrous|a|2|0
lug			Lug|n|1|1;lug|n|3|0;lug|v|2|0
luggage	NOUN=4	luggage=4	luggage|n|1|0
luis	PROPN=2	Luis=2	
luke			Luke|n|2|2
lukewarm			lukewarm|a|2|0
lulu			lulu|n|1|0
lumbar			lumbar|a|1|0
lumber			lumber|n|2|0;lumber|v|2|0
lumen			lumen|n|2|0
luminous			luminous|a|1|0
lump	NOUN=3	lump=3	lump|n|4|0;lump|v|2|0
luna	NOUN=4,PROPN=1	luna=3,Luna=2	Luna|n|1|1
lunar	ADJ=7	lunar=4,Lunar=2	lunar|a|1|0
lunatic			lunatic|a|1|0;lunatic|n|2|0
lunch	NOUN=52	lunch=51	lunch|n|1|0;lunch|v|2|0
luncheon	NOUN=2	luncheon=2	luncheon|n|1|0
lunchtime			lunchtime|n|1|0
lund	PROPN=1	Lund=1	Lund|n|1|1
lung	NOUN=1,PROPN=1	Lung=1,lung=1	lung|n|1|0
lungs	NOUN=1	lungs=1	
lupus			Lupus|n|1|1;lupus|n|1|0
lure	NOUN=1	lure=1	lure|n|3|0;lure|v|1|0
lurk			lurk|v|4|0
lurking	NOUN=1	lurking=1	
lush	ADJ=2	lush=2	lush|a|4|0;lush|n|1|0
lust	NOUN=1	lust=1	lust|n|2|0;lust|v|1|0
luther	PROPN=10	Luther=9	Luther|n|1|1
lutheran	ADJ=1	Lutheran=1	Lutheran|a|2|0;Lutheran|n|1|0
luv	NOUN=4	luv=2	
lux			lux|n|1|0
luxembourg	PROPN=3	Luxembourg=3	Luxembourg|n|2|2
luxurious	ADJ=3	luxurious=3	luxurious|a|2|0
luxury	NOUN=1	luxury=1	luxury|n|3|0
lv	PROPN=1	LV=1	lv|a|1|0
lydia	PROPN=1		Lydia|n|1|1
lying	VERB=11	lying=11	lying|n|1|0
lyme	PROPN=1	Lyme=1	
lymph	NOUN=3	lymph=3	lymph|n|1|0
lymphoma	NOUN=1	lymphoma=1	lymphoma|n|1|0
lynch	PROPN=4	Lynch=4	lynch|v|1|0
lynn	PROPN=2	Lynn=2	
lynne	PROPN=2	Lynne=2	
lyon			Lyon|n|1|1
lyons	PROPN=1	Lyons=1	Lyons|n|3|1
lyric			lyric|a|4|0;lyric|n|2|0;lyric|v|1|0
lyrical			lyrical|a|2|0
lyrics	NOUN=5	lyrics=5	
ma	NOUN=2,PROPN=1	MA=1,Ma=1	MA|n|2|1;mA|n|1|0;ma|n|1|0
mac	PROPN=7,NOUN=3	Mac=4,mac=4,MAC=1	mac|n|1|0
macaroni			macaroni|n|2|0
macarthur			MacArthur|n|1|1
macau			Macau|n|1|1
macbeth			Macbeth|n|1|1
macbook	PROPN=1	macbook=1	
mace			Mace|n|1|0;mace|n|3|0
macedonia	PROPN=2	Macedonia=2	Macedonia|n|2|2
mach	NOUN=1,PROPN=1	Mach=2	Mach|n|1|1
machete			machete|n|1|0
machine	NOUN=34,PROPN=2	machine=32,Machine=4	machine|n|6|0;machine|v|2|0
machinery	NOUN=1	machinery=1	machinery|n|2|0
machines	NOUN=9	machines=8	
macho	ADJ=1,NOUN=1	macho=2	macho|a|1|0;macho|n|1|0
macintosh			macintosh|n|2|0
mack			mack|n|1|0
mackenzie	PROPN=1	MacKenzie=1	Mackenzie|n|2|2
macleod			Macleod|n|1|1
macon			Macon|n|1|1;macon|n|1|0
macro	ADJ=1	macro=1	macro|a|1|0;macro|n|1|0
mad	ADJ=19,NOUN=3	mad=17,MAD=3,Mad=1	mad|a|4|0
madagascar	PROPN=1	Madagascar=1	Madagascar|n|2|2
madam	PROPN=10,NOUN=1	Madam=7	madam|n|2|0
madame	PROPN=3	Madame=3	madame|n|1|0
madden			madden|v|3|0
made	VERB=334,AUX=1,PROPN=1	made=334	made|a|3|0
madison			Madison|n|2|2
madly			madly|r|3|0
madman	NOUN=1	madman=1	madman|n|1|0
madness			madness|n|5|0
madonna	PROPN=1	Madonna=1	Madonna|n|2|2
madras			Madras|n|2|2;madras|n|1|0
madrid	PROPN=6	Madrid=6	Madrid|n|1|1
mae	PROPN=2	Mae=1	
maestro			maestro|n|1|0
mafia			Mafia|n|2|0;mafia|n|1|0
mag			mag|n|1|0
magazine	NOUN=10,PROPN=9	magazine=11,Magazine=8	magazine|n|6|0
magazines	NOUN=6	magazines=5	
magic	NOUN=16,PROPN=10,ADJ=6	magic=20,Magic=12	magic|a|1|0;magic|n|2|0
magical	ADJ=5	magical=5	magical|a|1|0
magically			magically|r|1|0
magician	NOUN=4	magician=4	magician|n|2|0
magicians	NOUN=3,PROPN=2	magicians=3,Magicians=2	
magistrate			magistrate|n|1|0
magma			magma|n|1|0
magnesium	NOUN=1	magnesium=1	magnesium|n|1|0
magnet	NOUN=1	magnet=1	magnet|n|2|0
magnetic	ADJ=2	magnetic=2	magnetic|a|5|0
magnificent	ADJ=9	magnificent=9	magnificent|a|1|0
magnitude	NOUN=3	magnitude=3	magnitude|n|3|0
magnolia			magnolia|n|2|0
magnum	PROPN=1	Magnum=1	magnum|n|1|0
maguire	PROPN=2	Maguire=2	
mah	NOUN=1	mah=1	
mahal	PROPN=1	Mahal=1	
maharashtra			Maharashtra|n|1|1
mahmoud	PROPN=4	Mahmoud=3	
mahogany			mahogany|n|3|0
maid	NOUN=1	maid=1	maid|n|2|0
maiden	NOUN=1		maiden|a|1|0;maiden|n|2|0
maids	NOUN=2,PROPN=1	maids=2,Maids=1	
mail	NOUN=21,VERB=5,X=3,PROPN=2	mail=26,Mail=4	mail|n|5|0;mail|v|2|0
mailbox			mailbox|n|2|0
mailed	VERB=3	mailed=3	mailed|a|1|0
mailing	NOUN=5,VERB=2	mailing=4,MAILING=1,Mailing=1	mailing|n|2|0
mails	NOUN=2	Mails=2	
main	ADJ=99	main=87,Main=10,MAIN=1	main|a|3|0;main|n|2|0
maine	PROPN=2	Maine=2	Maine|n|1|1
mainland	NOUN=7,ADJ=3	mainland=10	mainland|n|1|0
mainly	ADV=20	mainly=20	mainly|r|1|0
mainstream	ADJ=6,NOUN=2	mainstream=8	mainstream|n|1|0
maintain	VERB=20	maintain=20	maintain|v|10|0
maintained	VERB=13	maintained=13	maintained|a|2|0
maintaining	VERB=15	maintaining=15	
maintains	VERB=5	maintains=3,Maintains=1	
maintenance	NOUN=8	maintenance=8	maintenance|n|5|0
maize	NOUN=5	maize=5	maize|n|2|0
majestic	ADJ=2	majestic=2	majestic|a|3|0
majesty			majesty|n|1|0
major	ADJ=105,NOUN=5,PROPN=4	major=96,Major=13,MAJOR=1	Major|n|1|1;major|a|8|0;major|n|3|0;major|v|1|0
majority	NOUN=37	majority=37	majority|n|3|0
majors	NOUN=1	majors=1	majors|n|1|0
mak	PROPN=1	Mak=1	MAK|n|1|1
make	VERB=521,PROPN=1	make=485,Make=7,MAKE=2	make|n|2|0;make|v|49|0
makeover			makeover|n|2|0
maker	NOUN=6,PROPN=1	maker=6,Maker=1	Maker|n|1|1;maker|n|2|0
makers	NOUN=4	makers=4	
makes	VERB=107	makes=103	
makeshift			makeshift|a|1|0;makeshift|n|1|0
makeup	NOUN=4	makeup=4	makeup|n|3|0
makin			Makin|n|1|1
making	VERB=132,NOUN=10	making=136,Making=4	making|n|3|0
malaria	NOUN=1	malaria=1	malaria|n|1|0
malawi			Malawi|n|1|1
malay			Malay|a|1|0;Malay|n|2|0
malaysia	PROPN=11	Malaysia=9,malaysia=1	Malaysia|n|1|1
malaysian	ADJ=4	Malaysian=4	Malaysian|a|1|0;Malaysian|n|2|0
malcolm	PROPN=1	Malcolm=1	
maldives	PROPN=1	Maldives=1	Maldives|n|2|2
male	NOUN=21,ADJ=14	male=32,Male=2	Male|n|1|1;male|a|3|0;male|n|2|0
males	NOUN=7	males=7	
malfunction	VERB=1	malfunction=1	malfunction|n|1|0;malfunction|v|1|0
mali			Mali|n|1|1
malice			malice|n|2|0
malicious			malicious|a|1|0
malignant	ADJ=1	malignant=1	malignant|a|1|0
malik			malik|n|1|0
mall	NOUN=4,PROPN=3	mall=5,Mall=2	mall|n|2|0
malls	NOUN=3	malls=3	
malnutrition	NOUN=1	malnutrition=1	malnutrition|n|1|0
malone			Malone|n|1|1
malpractice			malpractice|n|2|0
malt			malt|n|3|0;malt|v|4|0
malta			Malta|n|2|2
malware			malware|n|1|0
mam	PROPN=1	Mam=1	Mam|n|2|0
mama	NOUN=12,PROPN=2,X=1	mama=11,Mama=4	Mama|n|1|1;mama|n|1|0
mamma			mamma|n|2|0
mammal			mammal|n|1|0
mammalian			mammalian|a|1|0;mammalian|n|1|0
mammals	NOUN=2	mammals=2	
mammoth	PROPN=1	Mammoth=1	mammoth|a|1|0;mammoth|n|1|0
man	NOUN=105,PROPN=10,INTJ=7,VERB=1	man=108,Man=12	Man|n|1|1;man|n|10|0;man|v|2|0
manage	VERB=19	manage=19	manage|v|7|0
manageable	ADJ=1	manageable=1	manageable|a|2|0
managed	VERB=13	managed=13	
management	NOUN=49,PROPN=5	management=43,Management=10,MANAGEMENT=1	management|n|2|0
manager	NOUN=38,PROPN=1	manager=29,Manager=9,MANAGER=1	manager|n|2|0
managerial			managerial|a|1|0
managers	NOUN=11,PROPN=1	managers=10,Managers=2	
manages	VERB=1	manages=1	
managing	VERB=9	managing=7,Managing=1	
manchester	PROPN=4	Manchester=4	Manchester|n|2|2
mandarin			Mandarin|n|1|0;mandarin|n|5|0
mandate	NOUN=3	mandate=3	mandate|n|3|0;mandate|v|3|0
mandated	VERB=1	mandated=1	
mandatory	ADJ=10	mandatory=8	mandatory|a|1|0;mandatory|n|2|0
mandela	PROPN=2	MANDELA=1,Mandela=1	Mandela|n|1|1
mandy	PROPN=1	Mandy=1	
mane	NOUN=1	mane=1	mane|n|2|0
maneuver			maneuver|n|5|0;maneuver|v|3|0
maneuvering	NOUN=1	maneuvering=1	
manga			manga|n|1|0
manganese	NOUN=1	manganese=1	manganese|n|1|0
mango	NOUN=1,PROPN=1	Mango=1,mango=1	mango|n|2|0
manhattan	PROPN=7	Manhattan=7	Manhattan|n|1|1;manhattan|n|1|0
manhood	NOUN=1	manhood=1	manhood|n|3|0
mani	NOUN=2	mani=2	Mani|n|1|1
mania			mania|n|2|0
maniac	NOUN=2	maniac=2	maniac|a|1|0;maniac|n|2|0
manic	PROPN=1	Manic=1	manic|a|1|0
manifest	ADJ=5,VERB=1	manifest=6	manifest|a|1|0;manifest|n|1|0;manifest|v|3|0
manifestation			manifestation|n|5|0
manifestations	NOUN=1	manifestations=1	
manifesto	PROPN=1	Manifesto=1	manifesto|n|1|0
manifests	VERB=1	manifests=1	
manifold	NOUN=1	manifold=1	manifold|a|1|0;manifold|n|3|0;manifold|v|2|0
manila	PROPN=4	Manila=4	Manila|n|1|1;manila|n|1|0
manipulate	VERB=2	manipulate=2	manipulate|v|6|0
manipulated	VERB=1	manipulated=1	
manipulating	VERB=3	manipulating=3	
manipulation	NOUN=2	manipulation=2	manipulation|n|2|0
manipulative			manipulative|a|1|0
manitoba			Manitoba|n|1|1
mankind	NOUN=5,PROPN=1	mankind=5	mankind|n|1|0
manly			manly|a|2|0;manly|r|1|0
mann	PROPN=12	Mann=12	Mann|n|2|2
manned	ADJ=3,VERB=1	manned=4	manned|a|1|0
manner	NOUN=15	manner=15	manner|n|3|0
manners	NOUN=5	manners=5	manners|n|1|0
manor	NOUN=1	manor=1	manor|n|2|0
manpower	NOUN=1	manpower=1	manpower|n|1|0
mansfield			Mansfield|n|2|2
mansion	PROPN=2,NOUN=1	Mansion=2,mansion=1	mansion|n|2|0
mansions	NOUN=2	mansions=2	
manslaughter	NOUN=4	manslaughter=4	manslaughter|n|1|0
manson	PROPN=4	Manson=3	Manson|n|1|1
mantis			mantis|n|1|0
mantle			Mantle|n|1|1;mantle|n|7|0;mantle|v|2|0
mantra	NOUN=5	mantra=5	mantra|n|2|0
manual	NOUN=10,ADJ=6,PROPN=1	manual=16,Manual=1	manual|a|3|0;manual|n|2|0
manually	ADV=2	manually=2	manually|r|1|0
manuals	NOUN=1	manuals=1	
manufacture	NOUN=2,VERB=2	manufacture=4	manufacture|n|2|0;manufacture|v|4|0
manufactured	VERB=3	manufactured=3	manufactured|a|1|0
manufacturer	NOUN=5	manufacturer=5	manufacturer|n|2|0
manufacturers	NOUN=6	manufacturers=6	
manufacturing	NOUN=4,VERB=3	manufacturing=6	manufacturing|n|1|0
manure			manure|n|1|0;manure|v|1|0
manuscript	NOUN=6	manuscript=5	manuscript|n|2|0
manuscripts	NOUN=3	manuscripts=3	
many	ADJ=474,DET=2	many=417,Many=1	many|a|1|0
mao			MAO|n|1|0;Mao|n|1|1
maori	ADJ=1,PROPN=1	Maori=2	Maori|n|2|0
map	NOUN=24,VERB=1	map=21	map|n|2|0;map|v|6|0
maple	NOUN=4	maple=3,Maple=1	maple|n|2|0
mapped	VERB=1	mapped=1	
mapping	NOUN=1,VERB=1	Mapping=1,mapping=1	mapping|n|3|0
maps	NOUN=10,PROPN=2	maps=10,MAPS=1,Maps=1	
mar	PROPN=4	Mar=4	Mar|n|1|0;mar|n|1|0;mar|v|2|0
mara			Mara|n|1|1;mara|n|1|0
marathon	PROPN=1	Marathon=1	Marathon|n|1|1;marathon|n|2|0
marble	NOUN=6	marble=6	marble|n|3|0;marble|v|1|0
marbles	PROPN=23	Marbles=13	marbles|n|2|0
marc	PROPN=2	Marc=2	marc|n|1|0
marcel			marcel|n|1|0;marcel|v|1|0
marcelo	PROPN=2		
march	PROPN=68,NOUN=2	March=66,march=2,MARCH=1	MArch|n|1|0;March|n|1|0;march|n|5|0;march|v|7|0
marched	VERB=2	marched=2	
marches	NOUN=1,PROPN=1	Marches=1,marches=1	Marches|n|1|1
marching			marching|n|1|0
marcia	PROPN=3	Marcia=3	
marco	PROPN=2	Marco=2	
marcus	PROPN=2	Marcus=2	
mare	NOUN=3	Mare=2,mare=1	mare|n|1|0;mare|n|1|0
margaret	PROPN=3	Margaret=2	
margarita	NOUN=1	margarita=1	margarita|n|1|0
margin	NOUN=6	margin=4,Margin=2	margin|n|6|0
marginal	ADJ=2	marginal=2	marginal|a|4|0
marginalized	VERB=5	marginalized=5	
marginally			marginally|r|1|0
margins	NOUN=1	margins=1	
marguerite			marguerite|n|2|0
mari			Mari|n|2|0
maria	PROPN=3	Maria=2	Maria|n|1|0;maria|n|1|0
mariah	PROPN=4	Mariah=3	
marian			Marian|a|1|0
marianne	PROPN=7	Marianne=2	
marie	PROPN=19	Marie=5	
marijuana			marijuana|n|2|0
marilyn	PROPN=6	Marilyn=6	
marin	PROPN=1		
marina	PROPN=1		marina|n|1|0
marine	ADJ=3,PROPN=3,NOUN=1	marine=4,Marine=3	Marine|n|1|0;marine|a|5|0;marine|n|1|0
marines	PROPN=4	Marines=4	Marines|n|2|0
marino	PROPN=1	Marino=1	Marino|n|1|1
mario	PROPN=3	Mario=3	
marion	PROPN=3	Marion=2	
marital			marital|a|1|0
maritime	ADJ=3	maritime=3	maritime|a|2|0
mark	PROPN=53,NOUN=14,VERB=11	Mark=28,mark=25,MARK=1	Mark|n|2|2;mark|n|13|0;mark|v|15|0
marked	VERB=14,ADJ=1	marked=15	marked|a|3|0
markedly	ADV=3	markedly=3	markedly|r|1|0
marker			marker|n|3|0
markers	NOUN=4	markers=4	
market	NOUN=67,PROPN=6	market=62,Market=10	market|n|5|0;market|v|4|0
marketed	VERB=2	marketed=2	
marketers	NOUN=5	marketers=5	
marketing	NOUN=10,PROPN=5	marketing=9,Marketing=6	marketing|n|3|0
marketplace	NOUN=1	marketplace=1	marketplace|n|2|0
markets	NOUN=18,PROPN=2	markets=18,Markets=2	
marking	VERB=2	marking=2	marking|n|4|0
markings	NOUN=1	markings=1	
marks	NOUN=3,VERB=2,PROPN=1	marks=5,Marks=1	Marks|n|1|1
markup	NOUN=1	markup=1	markup|n|2|0
markus	PROPN=1		
marlene	PROPN=2		
marley			Marley|n|1|1
marlon	PROPN=1	Marlon=1	
maroon			maroon|a|1|0;maroon|n|3|0;maroon|v|2|0
marquee			marquee|n|2|0
marquis	PROPN=1	Marquis=1	Marquis|n|1|1;marquis|n|1|0
marred			marred|a|1|0
marriage	NOUN=34,PROPN=12	marriage=32,Marriage=12,MARRIAGE=1	marriage|n|4|0
marriages	NOUN=4	marriages=4	
married	VERB=14,ADJ=7	married=21	married|a|2|0;married|n|1|0
marriott	PROPN=5	Marriott=5	
marrow			marrow|n|5|0
marry	VERB=9	marry=9	marry|v|2|0
marrying	VERB=2,NOUN=1	marrying=2	
mars	PROPN=3	Mars=3	Mars|n|2|2
marseille			Marseille|n|1|1;marseille|n|1|0
marsh			Marsh|n|2|2;marsh|n|1|0
marshal	VERB=1	marshal=1	marshal|n|2|0;marshal|v|4|0
marshall	PROPN=5	Marshall=5	Marshall|n|3|3;marshall|n|2|0
marshals			Marshals|n|1|0
marshes	NOUN=1	marshes=1	
marshmallow			marshmallow|n|1|0
mart	PROPN=5	Mart=4,mart=1	mart|n|1|0
martha	PROPN=4	Martha=2	
martial	ADJ=2	martial=2	Martial|n|1|1;martial|a|3|0
martian			Martian|a|1|0;Martian|n|1|1
martin	PROPN=16	Martin=13	Martin|n|4|4;martin|n|1|0
martini			martini|n|1|0
martyr	NOUN=1	martyr=1	martyr|n|2|0;martyr|v|2|0
martyrdom			martyrdom|n|2|0
martyrs	NOUN=5,PROPN=1	martyrs=5,Martyrs=1	
marvel	PROPN=2,VERB=1	Marvel=1,marvel=1	marvel|n|1|0;marvel|v|2|0
marvellous			marvellous|a|3|0
marvelous	ADJ=6	marvelous=5	marvelous|a|3|0
marx	PROPN=2	Marx=1	Marx|n|5|5
marxism			Marxism|n|1|0
marxist			Marxist|a|1|0;Marxist|n|2|0
mary	PROPN=26,NOUN=3	Mary=17,mary=2	Mary|n|1|1
maryland	PROPN=1	maryland=1	Maryland|n|2|2
mascara			mascara|n|1|0
mascot			mascot|n|1|0
masculine			masculine|a|3|0;masculine|n|1|0
masculinity	NOUN=1	masculinity=1	masculinity|n|2|0
mash	VERB=1	mash=1	mash|n|2|0;mash|v|3|0
mask	NOUN=3,VERB=2	mask=5	mask|n|4|0;mask|v|5|0
masked			masked|a|2|0
masking	NOUN=1,VERB=1	masking=2	masking|n|3|0
masks	NOUN=5	masks=5	
mason			Mason|n|4|3;mason|n|1|0
masonic	ADJ=1	Masonic=1	Masonic|a|1|0;masonic|a|1|0
masonry			Masonry|n|1|0;masonry|n|2|0
mass	NOUN=31,ADJ=12,PROPN=2	mass=42,Mass=2,MASS=1	Mass|n|3|0;mass|a|1|0;mass|n|6|0;mass|v|1|0
massachusetts	PROPN=12	Massachusetts=11,MASSACHUSETTS=1	Massachusetts|n|4|2
massacre	NOUN=3	massacre=3	massacre|n|1|0;massacre|v|1|0
massacred	VERB=1	massacred=1	
massage	NOUN=7,VERB=1	massage=7,MASSAGE=1	massage|n|1|0;massage|v|2|0
masse	X=1	masse=1	masse|n|1|0
masses	NOUN=2	masses=2	masses|n|1|0
massive	ADJ=20	massive=20	massive|a|4|0
massively	ADV=1	massively=1	massively|r|1|0
mast			mast|n|4|0
master	NOUN=27,PROPN=10,X=1	Master=28,master=10	master|a|1|0;master|n|10|0;master|v|4|0
mastercard	PROPN=2	MasterCard=1	
mastered			mastered|a|1|0
mastering			mastering|n|2|0
mastermind			mastermind|n|2|0;mastermind|v|1|0
masterpiece	NOUN=1	masterpiece=1	masterpiece|n|2|0
masterpieces	NOUN=2	masterpieces=2	
masters	NOUN=2,PROPN=1	Masters=2,masters=1	Masters|n|1|1
mastery	NOUN=1	mastery=1	mastery|n|3|0
masturbate			masturbate|v|2|0
masturbation			masturbation|n|1|0
mat	PROPN=2,DET=1,NOUN=1	Mat=3,mat=1	MAT|n|1|0;mat|a|1|0;mat|n|7|0;mat|v|2|0
match	NOUN=24,PROPN=4,VERB=4	match=28,Match=4	match|n|9|0;match|v|9|0
matched	VERB=1	matched=1	matched|a|2|0
matches	NOUN=2,VERB=1	matches=3	
matching	VERB=2,NOUN=1	matching=3	matching|a|2|0
matchmaking			matchmaking|n|1|0
matchup	NOUN=1	matchup=1	matchup|n|1|0
mate	VERB=4,NOUN=3	mate=6,Mate=1	mate|n|10|0;mate|v|3|0
mateo	PROPN=1	Mateo=1	
mater	NOUN=1,PROPN=1,X=1	mater=2,Mater=1	mater|n|1|0
material	NOUN=37,ADJ=2	material=37,Material=2	material|a|6|0;material|n|5|0
materially			materially|r|2|0
materials	NOUN=24	materials=24	
maternal	ADJ=1	maternal=1	maternal|a|4|0
maternity			maternity|n|3|0
mates	NOUN=4	mates=4	mates|n|1|0
math	NOUN=9	math=6,Math=3	math|n|1|0
mathematical	ADJ=14	mathematical=11,Mathematical=2	mathematical|a|5|0
mathematically	ADV=2	mathematically=1	mathematically|r|1|0
mathematician	NOUN=9	mathematician=8	mathematician|n|1|0
mathematicians	NOUN=2	mathematicians=2	
mathematics	NOUN=26,PROPN=3	mathematics=26,Mathematics=3	mathematics|n|1|0
maths			maths|n|1|0
matilda	PROPN=1	Matilda=1	
mating			mating|n|1|0
matrix	NOUN=1	matrix=1	matrix|n|6|0
matt	PROPN=6	Matt=4,matt=2	matt|a|1|0;matt|n|1|0
matte	ADJ=1	Matte=1	matte|a|1|0;matte|n|2|0;matte|v|1|0
matter	NOUN=69,VERB=11,PROPN=1	matter=78,Matter=3	matter|n|6|0;matter|v|1|0
mattered	VERB=1	mattered=1	
matters	NOUN=15,VERB=5,PROPN=1	matters=20,Matters=1	
matthew	PROPN=12	Matthew=10	Matthew|n|2|2
matthews	PROPN=1	Matthews=1	
mattress			mattress|n|1|0
mature	ADJ=6,VERB=3	mature=8,Mature=1	mature|a|5|0;mature|v|6|0
matured			matured|a|2|0
maturity	NOUN=1	maturity=1	maturity|n|3|0
maui	PROPN=4	Maui=4	Maui|n|1|1
maureen	PROPN=2		
mauritius			Mauritius|n|2|2
maverick			maverick|a|1|0;maverick|n|2|0
max	PROPN=7,NOUN=3,ADJ=1	Max=5,max=4	max|n|1|0
maxi			maxi|a|1|0;maxi|n|1|0
maxim			Maxim|n|1|1;maxim|n|1|0
maximise			maximise|v|2|0
maximize			maximize|v|2|0
maximizing			maximizing|a|1|0
maximum	ADJ=7,NOUN=3	maximum=7,Maximum=3	maximum|a|1|0;maximum|n|3|0
maxwell			Maxwell|n|1|1;maxwell|n|1|0
may	AUX=419,PROPN=94	may=410,May=89,MAY=1	May|n|1|0;may|n|1|0
maya	PROPN=12	Maya=11,MAYA=1	Maya|n|3|0
mayan	ADJ=1	Mayan=1	Mayan|n|2|0
maybe	ADV=119	maybe=78	maybe|r|1|0
mayer			Mayer|n|2|2
mayhem			mayhem|n|2|0
maynard	PROPN=2	Maynard=2	
mayo			mayo|n|1|0
mayonnaise	NOUN=2	mayonnaise=2	mayonnaise|n|1|0
mayor	NOUN=16,PROPN=6	mayor=16,Mayor=6	mayor|n|1|0
mayoral			mayoral|a|1|0
mayors	NOUN=2,PROPN=1	mayors=2,Mayors=1	
mazda	PROPN=1	Mazda=1	
maze			maze|n|2|0
mb	PROPN=1		MB|n|3|0;Mb|n|1|0
mba	NOUN=4	MBA=4	MBA|n|1|0
mc	PROPN=4	Mc=2,MC=1,mc=1	MC|n|1|0;Mc|n|1|0
mcbride	PROPN=1	McBride=1	
mccarthy			McCarthy|n|2|2
mccartney	PROPN=7	McCartney=7	McCartney|n|1|1
mcconnell	PROPN=1	McConnell=1	
mccormick			McCormick|n|1|1
mcdermott	PROPN=2	McDermott=2	
mcdonald	PROPN=12	McDonald=7,Mcdonald=2,mcdonald=1	
mcdonalds	PROPN=1	McDonalds=1	
mcdonnell	PROPN=4	McDonnell=3	
mcgrath	PROPN=1	McGrath=1	
mcgraw			McGraw|n|1|1
mcguire	PROPN=2	McGuire=2	
mcintosh	PROPN=3	McIntosh=3	McIntosh|n|1|0
mckenzie	PROPN=3	McKenzie=2	
mckinley			McKinley|n|2|2
mclean	PROPN=1	McLean=1	
mcmahon	PROPN=1	McMahon=1	
mcnamara	PROPN=2	McNamara=2	
mcpherson			McPherson|n|1|1
md	PROPN=2,NOUN=1	MD=3	MD|n|3|1;Md|n|1|0
me	PRON=1122	me=1104,ME=7,Me=7	ME|n|1|1
mead			Mead|n|2|2;mead|n|1|0
meade			Meade|n|2|2
meadow			meadow|n|1|0
meal	NOUN=48,PROPN=1	meal=45,Meal=3	meal|n|3|0
meals	NOUN=14	meals=13,MEALS=1	
mean	VERB=155,ADJ=9,NOUN=7	mean=168,MEAN=2,Mean=1	mean|a|8|0;mean|n|1|0;mean|v|7|0
meaning	NOUN=37,VERB=9	meaning=46	meaning|a|1|0;meaning|n|2|0
meaningful	ADJ=5	meaningful=5	meaningful|a|1|0
meaningless			meaningless|a|2|0
meanings	NOUN=3	meanings=3	
means	VERB=95,NOUN=25,PROPN=2	means=119,Means=3	means|n|3|0
meant	VERB=28	meant=28	
meantime	NOUN=7	meantime=7	meantime|n|1|0;meantime|r|1|0
meanwhile	ADV=6,NOUN=1	meanwhile=2	meanwhile|n|1|0;meanwhile|r|2|0
measles			measles|n|1|0
measurable	ADJ=3	measurable=3	measurable|a|2|0
measure	NOUN=12,VERB=11	measure=21,Measure=1	measure|n|9|0;measure|v|4|0
measured	VERB=14	measured=14	measured|a|4|0
measurement			measurement|n|1|0
measurements	NOUN=4	measurements=4	
measures	NOUN=13,VERB=4	measures=16,Measures=1	
measuring	VERB=3,NOUN=1	measuring=3	measuring|n|1|0
meat	NOUN=33	meat=31,MEAT=1	meat|n|3|0
meats	NOUN=3	meats=2	
mecca	PROPN=11,NOUN=1	Mecca=9,mecca=3	Mecca|n|1|1;mecca|n|1|0
mechanic	NOUN=10	mechanic=10	mechanic|a|1|0;mechanic|n|2|0
mechanical	ADJ=1	mechanical=1	mechanical|a|3|0
mechanically			mechanically|r|2|0
mechanics	NOUN=8	mechanics=6,Mechanics=2	mechanics|n|2|0
mechanism	NOUN=12	mechanism=11,Mechanism=1	mechanism|n|5|0
mechanisms	NOUN=4	mechanisms=4	
med	NOUN=2,PROPN=2	Med=2,med=2	MEd|n|1|0
medal	NOUN=5,PROPN=3	medal=5,Medal=3	medal|n|1|0
medalist	NOUN=1	medalist=1	medalist|n|2|0
medallion			medallion|n|5|0
medals	NOUN=1	medals=1	
meddling			meddling|a|1|0;meddling|n|1|0
media	NOUN=61,PROPN=3	media=57,Media=5	
medial	ADJ=1	medial=1	medial|a|2|0
median	NOUN=16,ADJ=3	median=19	median|a|3|0;median|n|1|0
mediate			mediate|a|2|0;mediate|v|2|0
mediated	VERB=1	mediated=1	mediated|a|1|0
mediation	NOUN=5	mediation=5	mediation|n|2|0
mediator			mediator|n|1|0
medic	PROPN=1	Medic=1	medic|n|2|0
medicaid			Medicaid|n|1|0
medical	ADJ=42	medical=36,Medical=6	medical|a|3|0;medical|n|1|0
medically			medically|r|1|0
medicare	PROPN=5	Medicare=4	Medicare|n|1|0
medication	NOUN=3	medication=3	medication|n|2|0
medications	NOUN=1	medications=1	
medicinal	ADJ=1	Medicinal=1	medicinal|a|1|0
medicine	NOUN=20,PROPN=4	medicine=19,Medicine=5	medicine|n|4|0;medicine|v|1|0
medicines	NOUN=1	medicines=1	
medieval	ADJ=3	Medieval=2,medieval=1	medieval|a|3|0
medina	PROPN=1	Medina=1	Medina|n|1|1;medina|n|1|0
mediocre	ADJ=5	mediocre=4,Mediocre=1	mediocre|a|3|0
mediocrity			mediocrity|n|2|0
meditate	VERB=1	meditate=1	meditate|v|2|0
meditation	NOUN=4,PROPN=1	meditation=3,Meditation=1	meditation|n|2|0
mediterranean	ADJ=1,PROPN=1	Mediterranean=2	Mediterranean|a|1|0;Mediterranean|n|1|1
medium	ADJ=13,NOUN=10	medium=21,Medium=1	medium|a|2|0;medium|n|11|0
medley			medley|n|1|0
meds	NOUN=1	meds=1	
medusa	PROPN=1	Medusa=1	Medusa|n|1|0;medusa|n|1|0
meek	ADJ=1	meek=1	meek|a|3|0
meet	VERB=77,NOUN=1	meet=78	meet|a|1|0;meet|n|1|0;meet|v|11|0
meeting	NOUN=87,VERB=16,PROPN=2	meeting=99,Meeting=6	meeting|n|6|0
meetings	NOUN=14	meetings=14	
meets	VERB=3	meets=3	
meg			meg|n|1|0
mega	NOUN=2,ADV=1	mega=3	
meh	ADJ=1	meh=1	
mei	X=2	mei=2	mei|n|1|0
mein	NOUN=1	mein=1	
melancholy			melancholy|a|2|0;melancholy|n|3|0
melanie	PROPN=10	Melanie=9	
melanoma	NOUN=3	melanoma=3	melanoma|n|1|0
melbourne	PROPN=2	Melbourne=2	Melbourne|n|2|2
melee			melee|n|1|0
melinda	PROPN=3	Melinda=3	
melissa	PROPN=2	Melissa=1	Melissa|n|1|0
mellon	PROPN=1	Mellon=1	Mellon|n|1|1
mellow	ADJ=1	mellow=1	mellow|a|4|0;mellow|r|1|0;mellow|v|3|0
melodic			melodic|a|2|0
melody			melody|n|2|0
melon	PROPN=1	Melon=1	melon|n|2|0
melt	VERB=5	melt=5	melt|n|1|0;melt|v|6|0
meltdown			meltdown|n|2|0
melted	VERB=3	melted=2,Melted=1	melted|a|1|0
melting	NOUN=3,VERB=3	melting=5	melting|a|1|0;melting|n|1|0
melts	VERB=2	melts=2	
melville			Melville|n|1|1
melvin	PROPN=1	Melvin=1	
member	NOUN=46,PROPN=3	member=46,Member=2	member|n|5|0
members	NOUN=91,PROPN=4	members=90,Members=4	
membership	NOUN=10	membership=10	membership|n|2|0
membrane	NOUN=1	membrane=1	membrane|n|2|0
meme			meme|n|1|0
memo	NOUN=9	memo=9	memo|n|1|0
memoir	NOUN=3	memoir=3	memoir|n|2|0
memoirs	NOUN=7	memoirs=7	
memorabilia	NOUN=1	memorabilia=1	memorabilia|n|1|0
memorable	ADJ=5	memorable=5	memorable|a|1|0
memorandum			memorandum|n|1|0
memorial	NOUN=8,PROPN=3,ADJ=1	memorial=9,Memorial=3	memorial|n|3|0
memories	NOUN=9	memories=9	
memorize	VERB=2	memorize=2	memorize|v|1|0
memory	NOUN=40	memory=40	memory|n|5|0
memphis	PROPN=2	Memphis=1	Memphis|n|2|2
men	NOUN=71,PROPN=2	men=67,Men=2,MEN=1	men|n|1|0
menace	NOUN=1,VERB=1	menace=2	menace|n|2|0;menace|v|3|0
menacing	VERB=1	menacing=1	menacing|a|1|0
mend			mend|n|2|0;mend|v|2|0
meningitis			meningitis|n|1|0
menopause			menopause|n|1|0
menstrual			menstrual|a|1|0
mental	ADJ=26	mental=25,Mental=1	mental|a|5|0
mentality	NOUN=1	mentality=1	mentality|n|2|0
mentally	ADV=4	mentally=4	mentally|r|1|0
mention	VERB=30	mention=29	mention|n|3|0;mention|v|3|0
mentioned	VERB=41,X=2	mentioned=43	
mentioning	VERB=3	mentioning=3	
mentions	VERB=2	mentions=2	
mentor	NOUN=2	mentor=2	mentor|n|1|0;mentor|v|1|0
mentoring	NOUN=1	mentoring=1	
menu	NOUN=26	menu=26	menu|n|4|0
meow			meow|n|1|0;meow|v|1|0
mercantile			mercantile|a|3|0
mercedes	PROPN=1		
mercenaries	NOUN=1	mercenaries=1	
mercenary			mercenary|a|3|0;mercenary|n|1|0
mercer			Mercer|n|1|1;mercer|n|1|0
merchandise	NOUN=3	merchandise=3	merchandise|n|2|0;merchandise|v|1|0
merchandising			merchandising|n|3|0
merchant	NOUN=3	merchant=3	merchant|n|1|0
merchants	NOUN=1	merchants=1	
merciful			merciful|a|2|0
mercury	NOUN=7,PROPN=4	mercury=7,Mercury=3,MERCURY=1	Mercury|n|2|2;mercury|n|2|0
mercy	NOUN=3	mercy=3	mercy|n|5|0
mere	ADJ=7	mere=7	mere|a|2|0;mere|n|1|0
meredith			Meredith|n|2|2
merely	ADV=15	merely=15	merely|r|1|0
merge	VERB=3	merge=3	merge|v|3|0
merged	VERB=1	merged=1	merged|a|1|0
merger	NOUN=2	merger=2	merger|n|2|0
mergers	NOUN=1	mergers=1	
merging	VERB=2	merging=2	merging|a|1|0;merging|n|2|0
meridian			Meridian|n|1|1;meridian|a|2|0;meridian|n|2|0
merit	NOUN=8,VERB=1	merit=7,Merit=1	merit|n|2|0;merit|v|1|0
merits	NOUN=5	merits=5	
merlin			Merlin|n|1|1;merlin|n|1|0
mermaid	NOUN=5	mermaid=5	mermaid|n|1|0
merritt	PROPN=1	Merritt=1	
merry	ADJ=1		merry|a|3|0
meryl	PROPN=1	Meryl=1	
mesa	PROPN=2	Mesa=2	Mesa|n|1|1;mesa|n|1|0
mesh	NOUN=3,VERB=1	mesh=4	mesh|n|5|0;mesh|v|4|0
mess	NOUN=9,VERB=3	mess=12	mess|n|6|0;mess|v|2|0
message	NOUN=85	message=85	message|n|2|0;message|v|3|0
messages	NOUN=13	messages=12	
messaging	NOUN=2,VERB=1	messaging=2,Messaging=1	messaging|n|1|0
messed	VERB=7	messed=7	
messenger	PROPN=2	Messenger=2	messenger|n|1|0
messiah			Messiah|n|3|3;messiah|n|1|0
messing	VERB=1	messing=1	
messy	ADJ=5	messy=4,Messy=1	messy|a|1|0
met	VERB=48,PROPN=1	met=47,Met=2	
metabolic			metabolic|a|2|0
metabolism	NOUN=1	metabolism=1	metabolism|n|2|0
metadata			metadata|n|1|0
metal	NOUN=35,PROPN=1	metal=35,Metal=1	metal|a|1|0;metal|n|2|0;metal|v|1|0
metallic	ADJ=2	metallic=2	metallic|a|1|0;metallic|n|2|0
metals	PROPN=4,NOUN=1	Metals=4,metals=1	
metaphor			metaphor|n|1|0
metaphorical			metaphorical|a|1|0
metaphors	NOUN=1	metaphors=1	
metaphysical	ADJ=1	metaphysical=1	metaphysical|a|3|0
meteor			meteor|n|2|0
meteorite			meteorite|n|1|0
meteorological	ADJ=3	meteorological=3	meteorological|a|1|0
meteorology			meteorology|n|2|0
meter	NOUN=11	meter=11	meter|n|4|0;meter|v|2|0
meters	NOUN=8	meters=8	
meth			meth|n|1|0
methane	NOUN=4	methane=4	methane|n|1|0
method	NOUN=50	method=25,Method=3	method|n|2|0
methodist	ADJ=1	Methodist=1	Methodist|a|1|0;Methodist|n|1|0
methodology	NOUN=5,PROPN=1	methodology=4,Methodology=1	methodology|n|2|0
methods	NOUN=23	methods=20,Methods=3	
methyl			methyl|n|1|0
meticulous	ADJ=3	meticulous=3	meticulous|a|2|0
metre			metre|n|3|0
metres	NOUN=2	metres=2	
metric	ADJ=1	metric=1	metric|a|2|0;metric|n|3|0
metrics	NOUN=1	metrics=1	metrics|n|1|0
metro	PROPN=13,ADJ=4,NOUN=4	Metro=11,metro=10	metro|n|1|0
metropolis	NOUN=2	metropolis=2	metropolis|n|2|0
metropolitan	ADJ=8	metropolitan=4,Metropolitan=3	metropolitan|a|1|0;metropolitan|n|2|0
mets	PROPN=9	Mets=9	
mexican	ADJ=29	Mexican=24,mexican=4	Mexican|a|1|0;Mexican|n|1|0
mexicans	PROPN=2	Mexicans=2	
mexico	PROPN=53	Mexico=48,mexico=2	Mexico|n|1|1
meyers	PROPN=5	Meyers=5	
mf			MF|n|1|0
mfa			MFA|n|1|0
mg			Mg|n|1|0;mg|n|1|0
mgm	PROPN=1	MGM=1	
mh	INTJ=2	mh=1	
mhz			MHz|n|1|0
mi	PROPN=3	MI=1,Mi=1,mi=1	MI|n|4|1;mi|n|4|0
mia	PROPN=2,X=1	Mia=2,mia=1	
miami	PROPN=10	Miami=9	Miami|n|2|1
mic	NOUN=2	mic=2	mic|n|1|0
micah			Micah|n|2|2
mice	NOUN=32	mice=29,Mice=2	
michael	PROPN=47	Michael=31	Michael|n|1|0
michaels	PROPN=1	Michaels=1	
michel	PROPN=3	Michel=2	
michelangelo	PROPN=3	Michelangelo=2	Michelangelo|n|1|1
michele	PROPN=3	Michele=1	
michelin	PROPN=2	Michelin=2	
michelle	PROPN=16	Michelle=7	
michigan	PROPN=12	Michigan=12	Michigan|n|3|2
mick	PROPN=1	Mick=1	Mick|n|1|0
mickey	PROPN=2	Mickey=2	Mickey|n|1|0
micro	PROPN=1	Micro=1	micro|a|1|0
microbial			microbial|a|1|0
microbiology			microbiology|n|1|0
microphone	NOUN=2	microphone=2	microphone|n|1|0
microscope	NOUN=9,PROPN=1	microscope=8,Microscope=2	microscope|n|1|0
microscopic	ADJ=4	microscopic=4	microscopic|a|4|0
microscopy			microscopy|n|1|0
microsoft	PROPN=21	Microsoft=14	
microwave	NOUN=5	microwave=4,Microwave=1	microwave|n|2|0;microwave|v|1|0
mid	X=5,NOUN=3,ADJ=1,ADV=1	mid=8,Mid=2	mid|a|1|0
midday			midday|n|1|0
middle	ADJ=46,NOUN=24	middle=47,Middle=21	middle|a|4|0;middle|n|4|0;middle|v|1|0
middlesex	PROPN=1	Middlesex=1	
middleton			Middleton|n|1|1
midfield			midfield|n|1|0
midget	NOUN=1	midget=1	midget|a|1|0;midget|n|1|0
midi			MIDI|n|1|0;Midi|n|1|1;midi|a|1|0
midland	PROPN=1	Midland=1	Midland|n|1|1;midland|a|1|0;midland|n|1|0
midnight	NOUN=3,PROPN=2	midnight=3,Midnight=2	midnight|n|1|0
midst	NOUN=6	midst=6	midst|n|1|0
midsummer			midsummer|n|1|0
midterm	NOUN=1	midterm=1	midterm|n|3|0
midterms	NOUN=3	midterms=3	
midtown	PROPN=2	Midtown=1	
midway	ADV=1	midway=1	Midway|n|1|1;midway|a|1|0;midway|n|1|0;midway|r|1|0
midwest	PROPN=1	Midwest=1	Midwest|n|1|1
midwestern			midwestern|a|1|0
midwife	NOUN=1	midwife=1	midwife|n|1|0
might	AUX=200	might=197	might|n|1|0
mighty	ADJ=2	mighty=2	mighty|a|1|0;mighty|r|1|0
migraine			migraine|n|1|0
migrant	NOUN=4,ADJ=2	migrant=6	migrant|a|1|0;migrant|n|1|0
migrants	NOUN=8	migrants=8	
migrate	VERB=2	migrate=2	migrate|v|2|0
migrated	VERB=5	migrated=5	
migration	NOUN=6	migration=6	migration|n|4|0
migratory	ADJ=2	migratory=2	migratory|a|2|0
mike	PROPN=47	Mike=21	mike|n|1|0
mikhail	PROPN=2	Mikhail=1	
mil			mil|n|5|0
milan	PROPN=5	Milan=5	Milan|n|1|1
milano			Milano|n|1|1
mild	ADJ=7,ADV=1	mild=8	mild|a|3|0
mildly	ADV=1	mildly=1	mildly|r|2|0
mile	NOUN=16	mile=16	mile|n|8|0
mileage	NOUN=1	mileage=1	mileage|n|3|0
miles	NOUN=29,PROPN=2	miles=29,Miles=2	
milestone	NOUN=2	milestone=2	milestone|n|2|0
miley	PROPN=1	Miley=1	
milf	PROPN=1	MILF=1	
militant	ADJ=20	militant=20	militant|a|3|0;militant|n|1|0
militants	NOUN=3	militants=3	
military	ADJ=76,NOUN=35,PROPN=1	military=103,Military=8	military|a|3|0;military|n|1|0
militia			militia|n|2|0
militias	NOUN=4	militias=4	
milk	NOUN=17	milk=17	Milk|n|1|1;milk|n|3|0;milk|v|3|0
milking	VERB=1	milking=1	
milky	ADJ=1	milky=1	milky|a|1|0
mill	NOUN=1,NUM=1	mill=2	Mill|n|2|2;mill|n|3|0;mill|v|4|0
millennial			millennial|a|1|0
millennium	PROPN=3,NOUN=1	Millennium=3,millennium=1	millennium|n|3|0
miller	PROPN=6	Miller=6	Miller|n|3|3;miller|n|3|0
millimeter			millimeter|n|1|0
milling	NOUN=1,VERB=1	milling=2	milling|n|1|0
million	NUM=84,NOUN=1	million=85	million|a|1|0;million|n|2|0
millionaire	NOUN=1	millionaire=1	millionaire|n|1|0
millionaires	NOUN=1	millionaires=1	
millions	NOUN=30	millions=29,MILLIONS=1	
mills	NOUN=4,PROPN=3	mills=4,Mills=3	Mills|n|1|1
milne			Milne|n|1|1
milo			milo|n|1|0
milton	PROPN=1	Milton=1	Milton|n|1|1
milwaukee			Milwaukee|n|1|1
mimic	VERB=4	mimic=4	mimic|a|1|0;mimic|n|1|0;mimic|v|1|0
min	NOUN=3	min=3	Min|n|2|1;min|n|1|0
mina			mina|n|1|0
mind	NOUN=88,VERB=14,PROPN=1	mind=99,Mind=3,MIND=1	mind|n|7|0;mind|v|6|0
minded	ADJ=7	minded=7	minded|a|2|0
mindful	ADJ=2	mindful=2	mindful|a|1|0
mindfulness			mindfulness|n|1|0
mindless			mindless|a|5|0
minds	NOUN=4	minds=4	
mindset	NOUN=6	mindset=4,Mindset=2	mindset|n|1|0
mine	PRON=30,NOUN=2	mine=27	mine|n|2|0;mine|v|2|0
mined			mined|a|1|0
miner			miner|n|1|0
mineral	NOUN=3	mineral=3	mineral|a|2|0;mineral|n|1|0
minerals	NOUN=4	minerals=4	
miners	NOUN=1	miners=1	
mines	NOUN=4,PRON=1	mines=5	
ming			Ming|n|1|0
mingle	VERB=1	mingle=1	mingle|v|3|0
minh	PROPN=2	Minh=2	
mini	ADJ=3,X=1	mini=2,Mini=1	mini|a|1|0;mini|n|1|0
miniature	ADJ=1,NOUN=1	miniature=2	miniature|a|1|0;miniature|n|2|0
minimal	ADJ=6	minimal=6	minimal|a|1|0
minimalist			minimalist|a|2|0;minimalist|n|2|0
minimise			minimise|v|2|0
minimize	VERB=1	minimize=1	minimize|v|3|0
minimizing	VERB=2	minimizing=2	
minimum	NOUN=15,ADJ=9	minimum=23,Minimum=1	minimum|a|1|0;minimum|n|2|0
mining	NOUN=6	mining=6	mining|n|2|0
miniseries	NOUN=1	Miniseries=1	
minister	PROPN=17,NOUN=13	Minister=16,minister=13	minister|n|4|0;minister|v|2|0
ministerial	ADJ=1	ministerial=1	ministerial|a|2|0
ministers	NOUN=1	ministers=1	
ministries	NOUN=1	ministries=1	
ministry	PROPN=6,NOUN=1	Ministry=6,ministry=1	ministry|n|4|0
mink			mink|n|3|0
minneapolis	PROPN=3	Minneapolis=2,minneapolis=1	Minneapolis|n|1|1
minnesota	PROPN=4	Minnesota=4	Minnesota|n|1|1
minor	ADJ=16,PROPN=1	minor=15,Minor=1	minor|a|10|0;minor|n|1|0;minor|v|1|0
minorities	NOUN=2	minorities=2	
minority	NOUN=12,PROPN=1	minority=12,Minority=1	minority|n|3|0
minors	NOUN=1	minors=1	minors|n|1|0
mins	NOUN=8	mins=8	
minsk			Minsk|n|1|1
mint	NOUN=1	mint=1	mint|a|1|0;mint|n|6|0;mint|v|1|0
minus	CCONJ=5,ADP=2,ADV=1	minus=8	minus|a|2|0;minus|n|1|0
minute	NOUN=42,PROPN=2	minute=42,Minute=2	minute|a|2|0;minute|n|6|0
minutes	NOUN=118,PROPN=1	minutes=118,Minutes=1	minutes|n|1|0
miracle	NOUN=4,PROPN=2	miracle=4,MIRACLE=1,Miracle=1	miracle|n|2|0
miracles	NOUN=1	miracles=1	
miraculous	ADJ=1	miraculous=1	miraculous|a|2|0
miraculously			miraculously|r|1|0
mirage			mirage|n|2|0
miranda	PROPN=1	Miranda=1	
miriam	PROPN=1	Miriam=1	
mirror	NOUN=6,PROPN=1,VERB=1	mirror=7,Mirror=1	mirror|n|2|0;mirror|v|2|0
mirrored			mirrored|a|1|0
mirrors	NOUN=2	mirrors=2	
miscarriage			miscarriage|n|2|0
miscellaneous	ADJ=1	miscellaneous=1	miscellaneous|a|2|0
mischief	NOUN=1	mischief=1	mischief|n|2|0
mischievous	ADJ=1	mischievous=1	mischievous|a|2|0
misconception	NOUN=3	misconception=3	misconception|n|1|0
misconduct			misconduct|n|2|0;misconduct|v|2|0
misdemeanor			misdemeanor|n|1|0
miserable	ADJ=3	miserable=3	miserable|a|6|0
miserably			miserably|r|1|0
misery	NOUN=3	misery=3	misery|n|2|0
misfortune	NOUN=3	misfortune=3	misfortune|n|2|0
misguided	ADJ=2	misguided=2	misguided|a|2|0
misinformation	NOUN=2	misinformation=2	misinformation|n|1|0
mislead			mislead|v|2|0
misleading	ADJ=1,VERB=1	misleading=2	misleading|a|1|0
mismanagement			mismanagement|n|1|0
mismatch			mismatch|n|1|0;mismatch|v|1|0
misogyny	NOUN=1	misogyny=1	misogyny|n|1|0
misplaced	VERB=1	misplaced=1	misplaced|a|2|0
miss	VERB=15,PROPN=10,NOUN=2,ADJ=1	miss=18,Miss=4,MISS=1	Miss|n|1|0;miss|n|2|0;miss|v|9|0
missed	VERB=20	missed=19	missed|a|1|0
misses	VERB=1	misses=1	
missile	NOUN=11,PROPN=1	missile=10,Missile=1	missile|n|2|0
missiles	NOUN=11	missiles=11	
missing	VERB=15,ADJ=10	missing=25	missing|a|2|0
mission	NOUN=28,PROPN=2	mission=28,Mission=2	mission|n|5|0
missionary			missionary|a|1|0;missionary|n|2|0
missions	NOUN=5	missions=5	
mississippi	PROPN=13	Mississippi=10,MISSISSIPPI=1,mississippi=1	Mississippi|n|2|2
missouri	PROPN=1	Missouri=1	Missouri|n|4|2
missy	PROPN=1	missy=1	missy|n|1|0
mist	NOUN=3	mist=3	mist|n|1|0;mist|v|3|0
mistake	NOUN=14	mistake=12,MISTAKE=1	mistake|n|3|0;mistake|v|2|0
mistaken	ADJ=2	mistaken=2	mistaken|a|2|0
mistakenly	ADV=3	mistakenly=3	mistakenly|r|1|0
mistakes	NOUN=10	mistakes=10	
mister	PROPN=1	Mister=1	Mister|n|1|0
mistress			mistress|n|3|0
misty			misty|a|2|0
misunderstand			misunderstand|v|1|0
misunderstanding	NOUN=5	misunderstanding=5	misunderstanding|n|2|0
misunderstood			misunderstood|a|1|0
misuse			misuse|n|1|0;misuse|v|2|0
mit	PROPN=1	MIT=1	MIT|n|1|1
mitch	PROPN=1		
mitchell	PROPN=12	Mitchell=11	Mitchell|n|6|6
mitigate	VERB=1	mitigate=1	mitigate|v|2|0
mitigating	NOUN=1,VERB=1	mitigating=2	
mitigation			mitigation|n|3|0
mitt			mitt|n|2|0
mix	NOUN=7,VERB=7	mix=9	mix|n|3|0;mix|v|6|0
mixed	VERB=19,ADJ=3	mixed=20	mixed|a|2|0
mixer	NOUN=1	mixer=1	mixer|n|4|0
mixes	VERB=1	mixes=1	
mixing	NOUN=2,VERB=2	mixing=4	mixing|n|1|0
mixture	NOUN=13	mixture=13	mixture|n|5|0
mk	PROPN=1		
ml	NOUN=11	ml=9,mL=2	ml|n|1|0
mlb	PROPN=4	MLB=2	
mls			MLS|n|1|0
mm	INTJ=19,NOUN=4,NUM=2	mm=5,MM=1	mm|n|1|0
mma	PROPN=4,NOUN=2	MMA=3,mma=2	
mmm	INTJ=1		
mn			MN|n|1|1;Mn|n|1|0
mo	PROPN=4,NOUN=1	MO=2,Mo=2	MO|n|1|1;Mo|n|1|0;mo|n|1|0
moan			moan|n|1|0;moan|v|1|0
moaning	VERB=1	moaning=1	
moans	NOUN=1	moans=1	
moat			moat|n|1|0
mob	NOUN=4	mob=4	mob|n|3|0;mob|v|1|0
mobile	ADJ=9	mobile=7,Mobile=2	Mobile|n|2|2;mobile|a|5|0;mobile|n|1|0
mobility			mobility|n|1|0
mobilization			mobilization|n|2|0
mobilize			mobilize|v|4|0
mobilized	VERB=2	mobilized=2	
mobs	NOUN=1	mobs=1	
mock			mock|a|1|0;mock|n|1|0;mock|v|2|0
mocked	VERB=1	mocked=1	
mockery			mockery|n|3|0
mocking	NOUN=1	mocking=1	mocking|a|2|0
mod	PROPN=3,ADJ=1	mod=3,Mod=1	mod|a|1|0;mod|n|1|0
modal			modal|a|3|0;modal|n|1|0
mode	NOUN=7	mode=7	mode|n|6|0
model	NOUN=47,PROPN=1	model=46,Model=2	model|a|1|0;model|n|9|0;model|v|6|0
modeled			modeled|a|1|0
modeling	NOUN=3,VERB=1	modeling=4	modeling|n|3|0
modelled			modelled|s|1|0
modelling	VERB=1	modelling=1	modelling|n|3|0
models	NOUN=22	models=22	
modem	NOUN=6	modem=6	modem|n|1|0
moderate	ADJ=8,VERB=1	moderate=9	moderate|a|3|0;moderate|n|1|0;moderate|v|6|0
moderately	ADV=2	moderately=2	moderately|r|2|0
moderates	NOUN=2	moderates=2	
moderation	NOUN=2	moderation=2	moderation|n|4|0
moderator	NOUN=1	moderator=1	moderator|n|4|0
modern	ADJ=55	modern=46,Modern=5	Modern|a|1|0;modern|a|4|0;modern|n|2|0
modernism	NOUN=1	modernism=1	modernism|n|3|0
modernist			modernist|n|1|0
modernity	NOUN=4	modernity=4	modernity|n|1|0
modernization	NOUN=2	modernization=2	modernization|n|2|0
modes	NOUN=1	modes=1	
modest	ADJ=6	modest=6	modest|a|7|0
modesty			modesty|n|2|0
modification	NOUN=11	modification=11	modification|n|4|0
modifications	NOUN=1	modifications=1	
modified	VERB=8	modified=8	modified|a|2|0
modify	VERB=11	modify=11	modify|v|3|0
modifying	NOUN=1,VERB=1	modifying=2	
mods			mods|n|1|0
modular			modular|a|1|0
modulation			modulation|n|5|0
module	NOUN=1,PROPN=1	Module=1,module=1	module|n|4|0
mohamed	PROPN=23	Mohamed=21	
mohammad	PROPN=1	Mohammad=1	Mohammad|n|1|1
mohammed	PROPN=24	Mohammed=22	Mohammed|n|1|1
mohawk	PROPN=3	Mohawk=3	Mohawk|n|2|0;mohawk|n|1|0
moi	PROPN=1,X=1	MoI=1	
moines	PROPN=1	Moines=1	
moist	ADJ=3	moist=3	moist|a|1|0
moisture	NOUN=12	moisture=12	moisture|n|1|0
mojo			mojo|n|1|0
mol			mol|n|1|0
mold	NOUN=9,VERB=1	mold=10	mold|n|8|0;mold|v|6|0
molded	VERB=1	molded=1	molded|a|1|0
molding	NOUN=1	molding=1	molding|n|5|0
moldova			Moldova|n|1|1
mole	NOUN=1	mole=1	mole|n|5|0;mole|n|1|0
molecular			molecular|a|2|0
molecule			molecule|n|2|0
molecules	NOUN=2	molecules=2	
molly	PROPN=8		molly|n|1|0
molten	ADJ=1		molten|a|1|0
mom	NOUN=63,PROPN=5	mom=37,Mom=22	mom|n|1|0
moment	NOUN=41,PROPN=1	moment=41,Moment=1	moment|n|6|0
momentarily			momentarily|r|2|0
momentous	ADJ=3	momentous=3	momentous|a|1|0
moments	NOUN=9	moments=7	
momentum	NOUN=2	momentum=2	momentum|n|2|0
momma			momma|n|1|0
mommy	NOUN=1	mommy=1	mommy|n|1|0
mon	PROPN=1,X=1	Mon=1,mon=1	Mon|n|3|0
mona			Mona|n|1|1
monaco	PROPN=1	Monaco=1	Monaco|n|1|1
monarch	NOUN=1	monarch=1	monarch|n|2|0
monarchs	NOUN=2,PROPN=1	monarchs=2,MONARCHS=1	
monarchy	NOUN=3	monarchy=3	monarchy|n|1|0
monasteries	NOUN=3	monasteries=3	
monastery	NOUN=6	monastery=6	monastery|n|1|0
monastic	ADJ=3	monastic=3	monastic|a|1|0;monastic|n|1|0
monday	PROPN=62	Monday=53,monday=1	Monday|n|1|0
monetary	ADJ=3	monetary=3	monetary|a|1|0
money	NOUN=154,PROPN=1	money=143,Money=7,MONEY=2	money|n|3|0
mongolia	PROPN=1	Mongolia=1	Mongolia|n|2|2
mongolian	ADJ=1	Mongolian=1	Mongolian|a|2|0;Mongolian|n|2|0
monies	NOUN=2	monies=2	
monitor	VERB=12	monitor=12	Monitor|n|1|1;monitor|n|6|0;monitor|v|2|0
monitored	VERB=2	monitored=2	
monitoring	VERB=2,NOUN=1	monitoring=3	monitoring|n|1|0
monk	NOUN=7	monk=7	Monk|n|1|1;monk|n|1|0
monkey	NOUN=6	monkey=4,Monkey=1	monkey|n|2|0;monkey|v|2|0
monks	NOUN=9	monks=7	
mono			mono|a|1|0;mono|n|1|0
monograph			monograph|n|1|0
monologue	NOUN=3	monologue=3	monologue|n|3|0
monopoly	NOUN=2,PROPN=2	Monopoly=3,monopoly=1	Monopoly|n|1|0;monopoly|n|2|0
monoxide			monoxide|n|1|0
monroe	PROPN=3	Monroe=3	Monroe|n|4|4
monsieur			Monsieur|n|1|0
monsoon	NOUN=2	monsoon=1	monsoon|n|3|0
monster	NOUN=1	monster=1	monster|n|5|0
monstrous	ADJ=2	monstrous=2	monstrous|a|3|0
montage			montage|n|1|0
montana	PROPN=18	Montana=16	Montana|n|1|1
monte			monte|n|1|0
montenegro	PROPN=1	Montenegro=1	Montenegro|n|1|1
monterey			Monterey|n|1|1
montgomery	PROPN=5	Montgomery=5	Montgomery|n|3|3
month	NOUN=94,PROPN=4	month=94,Month=4	month|n|2|0
monthly	ADJ=11,ADV=2,PROPN=1	monthly=13,Monthly=1	monthly|a|1|0;monthly|n|1|0;monthly|r|1|0
months	NOUN=127	months=127	
montreal			Montreal|n|1|1
monument	NOUN=1	monument=1	monument|n|3|0
monumental	ADJ=5	monumental=5	monumental|a|3|0
monuments	NOUN=2	monuments=2	
moo	NOUN=1	MOO=1	moo|n|1|0;moo|v|1|0
mood	NOUN=7	mood=7	mood|n|3|0
moody			Moody|n|2|2;moody|a|2|0
moon	NOUN=32,PROPN=11	moon=32,Moon=10	Moon|n|3|2;moon|n|4|1;moon|v|3|0
mooney	PROPN=1	Mooney=1	
moonlight	NOUN=1	moonlight=1	moonlight|n|1|0;moonlight|v|1|0
moor			Moor|n|1|0;moor|n|1|0;moor|v|3|0
moore	PROPN=8	Moore=7	Moore|n|6|6
moors	NOUN=3	moors=3	
moose	NOUN=1	moose=1	moose|n|1|0
moot			moot|a|2|0;moot|n|1|0;moot|v|1|0
mop	NOUN=4	mop=4	mop|n|1|0;mop|v|2|0
moral	ADJ=63,NOUN=1	moral=60,Moral=3	moral|a|2|0;moral|n|1|0
morale	NOUN=2	morale=2	morale|n|2|0
morality	NOUN=23,PROPN=1	morality=21,Morality=2,MORALITY=1	morality|n|2|0
morally	ADV=1	morally=1	morally|r|2|0
morals			morals|n|1|0
moran	PROPN=1	Moran=1	
morbid			morbid|a|3|0
more	ADV=438,ADJ=376,X=1	more=782,MORE=5,More=3	More|n|1|1;more|a|2|0;more|r|2|0
moreover	ADV=10	moreover=1	moreover|r|1|0
morgan	PROPN=7	Morgan=7	Morgan|n|6|5
morley			Morley|n|1|1
mormon	ADJ=1,PROPN=1	Mormon=1,mormon=1	Mormon|a|1|0;Mormon|n|2|1
mormons	PROPN=1	Mormons=1	Mormons|n|1|0
morning	NOUN=116,PROPN=3,X=1	morning=113,Morning=5	morning|n|4|0
mornings	NOUN=5	mornings=5	
moroccan	PROPN=1	Moroccan=1	Moroccan|a|1|0;Moroccan|n|1|0
morocco	PROPN=2	Morocco=2	Morocco|n|1|1;morocco|n|1|0
moron			Moron|n|1|1;moron|n|1|0
morphine			morphine|n|1|0
morphological	ADJ=3	morphological=3	morphological|a|3|0
morphology	NOUN=4,PROPN=1	morphology=4,Morphology=1	morphology|n|4|0
morris	PROPN=2	Morris=2	Morris|n|4|4
morrison	PROPN=2	Morrison=2	Morrison|n|2|2
morrow			morrow|n|1|0
morse	PROPN=1	morse=1	Morse|n|2|1
mortal	ADJ=4	mortal=4	mortal|a|4|0;mortal|n|1|0
mortality	NOUN=1	mortality=1	mortality|n|2|0
mortar			mortar|n|3|0;mortar|v|1|0
mortars	NOUN=3	mortars=3	
mortgage	NOUN=1	mortgage=1	mortgage|n|1|0;mortgage|v|1|0
mortimer			Mortimer|n|1|1
morton	PROPN=2	Morton=2	Morton|n|1|1
mosaic	NOUN=2	mosaic=2	Mosaic|a|1|0;Mosaic|n|1|1;mosaic|n|5|0
moscow	PROPN=7	Moscow=7	Moscow|n|1|1
moses			Moses|n|2|2
mosque	NOUN=11,PROPN=8	mosque=10,Mosque=9	mosque|n|1|0
mosques	NOUN=10	mosques=8	
mosquito	NOUN=2	mosquito=2	mosquito|n|1|0
moss	NOUN=1	moss=1	moss|n|1|0
most	ADV=234,ADJ=187,AUX=1	most=372,Most=3	most|a|2|0;most|r|3|0
mostly	ADV=28	mostly=27	mostly|r|2|0
mosul	PROPN=6	Mosul=6	Mosul|n|1|1
mot	X=1	mot=1	MOT|n|1|0;mot|n|1|0
motel	NOUN=4,PROPN=3	motel=4,Motel=3	motel|n|1|0
moth			moth|n|1|0
mother	NOUN=64,PROPN=2	mother=63,Mother=3	mother|n|5|0;mother|v|2|0
motherboard	NOUN=1	motherboard=1	
motherfucker			motherfucker|n|1|0
motherhood			motherhood|n|1|0
mothers	NOUN=5	mothers=5	
motif			motif|n|3|0
motifs	NOUN=1	motifs=1	
motion	NOUN=13,PROPN=2	motion=12,Motion=3	motion|n|7|0;motion|v|1|0
motions	NOUN=2	motions=2	
motivate			motivate|v|1|0
motivated	VERB=4	motivated=3,Motivated=1	motivated|a|1|0
motivating	VERB=1	motivating=1	motivating|a|1|0;motivating|n|1|0
motivation	NOUN=9	motivation=9	motivation|n|3|0
motivational			motivational|a|1|0
motivations	NOUN=1	motivations=1	
motive	NOUN=8	motive=6,Motive=2	motive|a|2|0;motive|n|3|0
motives	NOUN=6	motives=6	
motley	ADJ=1	motley=1	motley|a|2|0;motley|n|3|0;motley|v|2|0
moto	NOUN=1	moto=1	
motor	NOUN=6,PROPN=1	motor=5,Motor=2	motor|a|2|0;motor|n|2|0;motor|v|1|0
motorbike			motorbike|n|1|0;motorbike|v|1|0
motorcycle	NOUN=1	motorcycle=1	motorcycle|n|1|0;motorcycle|v|1|0
motorized	VERB=2	motorized=2	motorized|a|2|0
motorola	PROPN=1		
motors	PROPN=4	Motors=4	
motorway	NOUN=1	motorway=1	motorway|n|1|0
motto	NOUN=3	motto=3	motto|n|1|0
mould	NOUN=3	mould=3	mould|n|8|0;mould|v|6|0
mound			mound|n|5|0;mound|v|1|0
mounds	NOUN=1	mounds=1	
mount	VERB=4,PROPN=3	mount=3,Mount=2,MOUNT=1	mount|n|5|0;mount|v|8|0
mountain	NOUN=11,PROPN=8	mountain=10,Mountain=9	mountain|n|2|0
mountainous	ADJ=2	mountainous=2	mountainous|a|3|0
mountains	NOUN=13,PROPN=2	mountains=12,Mountains=2	
mounted	VERB=3	mounted=3	mounted|a|2|0
mounting	VERB=2,NOUN=1	mounting=3	mounting|n|2|0
mourn			mourn|v|2|0
mourning	NOUN=1,VERB=1	mourning=2	mourning|a|1|0;mourning|n|2|0
mouse	NOUN=17,PROPN=1	mouse=17,Mouse=1	mouse|n|4|0;mouse|v|2|0
moustache			moustache|n|1|0
mouth	NOUN=27	mouth=27	mouth|n|8|0;mouth|v|3|0
mouthed	ADJ=1	mouthed=1	
mouthpiece	NOUN=1	mouthpiece=1	mouthpiece|n|6|0
mouths	NOUN=2	mouths=2	
movable			movable|a|2|0;movable|n|1|0
move	VERB=76,NOUN=21	move=92,MOVE=2,Move=1	move|n|5|0;move|v|16|0
moved	VERB=49	moved=48,MOVED=1	moved|a|1|0
movement	NOUN=31,PROPN=2	movement=31,Movement=2	movement|n|11|0
movements	NOUN=12	movements=12	
mover			mover|n|4|0
movers	PROPN=1	Movers=1	
moves	VERB=8,NOUN=5	moves=11,Moves=2	
movie	NOUN=28,PROPN=2	movie=27,Movie=3	movie|n|1|0
movies	NOUN=22,PROPN=1	movies=22,Movies=1	
moving	VERB=56,NOUN=4,ADJ=2	moving=55,MOVING=1,Moving=1	moving|a|3|0
mow			mow|n|1|0;mow|v|2|0
mower			mower|n|1|0
mozambique			Mozambique|n|1|1
mozart			Mozart|n|2|1
mozzarella	NOUN=1	mozzarella=1	mozzarella|n|1|0
mp	PROPN=2	MP=1	MP|n|2|0
mph			mph|n|2|0
mps			MPS|n|1|0
mr	PROPN=5	Mr=4	Mr|n|1|0
mri			MRI|n|1|0
mrna			mRNA|n|1|0
mrs	PROPN=1	Mrs=1	Mrs|n|1|0
ms	PROPN=5	Ms=5	MS|n|3|1;Ms|n|1|0;ms|n|1|0
msc			MSc|n|1|0
msg	NOUN=2	MSG=2	MSG|n|1|0
msm	PROPN=2	MSM=2	
msnbc	PROPN=2	MSNBC=2	
msu	PROPN=1		
mt	NOUN=1,PROPN=1	MT=1,Mt=1	MT|n|3|1;Mt|n|1|0
mtv	PROPN=1	MTV=1	
mu	PROPN=1	Mu=1	mu|n|1|0
mubarak	PROPN=1	Mubarak=1	Mubarak|n|1|1
much	ADV=214,ADJ=198	much=401,MUCH=3,Much=3	much|a|1|0;much|n|1|0;much|r|4|0
muck	PROPN=1	MUCK=1	muck|n|2|0;muck|v|3|0
mucus			mucus|n|1|0
mud	NOUN=7	mud=6,MUD=1	mud|n|2|0;mud|v|2|0
muddy	ADJ=1	muddy=1	muddy|a|4|0;muddy|v|3|0
mueller	PROPN=1	Mueller=1	
muffin	NOUN=3	muffin=3	muffin|n|1|0
mug	NOUN=1	mug=1	mug|n|4|0;mug|v|2|0
muhammad	PROPN=5	Muhammad=5	Muhammad|n|2|2
muir			Muir|n|1|1
mulberry	NOUN=1,PROPN=1	Mulberry=1,mulberry=1	mulberry|n|2|0
mule	NOUN=3	mule=3	mule|n|2|0
mules	PROPN=1	MULES=1	
muller			Muller|n|6|6;muller|n|3|0
multi	X=1	multi=1	
multicultural	ADJ=2	Multicultural=1,multicultural=1	multicultural|a|1|0
multiculturalism			multiculturalism|n|1|0
multilateral	ADJ=4	multilateral=4	multilateral|a|1|0
multimedia			multimedia|n|1|0
multinational			multinational|a|1|0
multiplayer	NOUN=1	multiplayer=1	
multiple	ADJ=23	multiple=23	multiple|a|1|0;multiple|n|1|0
multiplication			multiplication|n|3|0
multiplied	VERB=1	multiplied=1	multiplied|a|1|0
multiplier	NOUN=1	multiplier=1	multiplier|n|1|0
multiply	VERB=6	multiply=6	multiply|r|1|0;multiply|v|5|0
multitude	NOUN=2	multitude=2	multitude|n|3|0
mum	NOUN=4	mum=3	mum|a|1|0;mum|n|3|0
mumbai	PROPN=2	Mumbai=2	Mumbai|n|1|1
mummy			mummy|n|2|0
mundane			mundane|a|3|0
munich			Munich|n|1|1
municipal	ADJ=5,X=1	municipal=4,Municipal=2	municipal|a|2|0
municipalities	NOUN=7	municipalities=7	
municipality	PROPN=5,NOUN=3	Municipality=5,municipality=3	municipality|n|2|0
munro			Munro|n|1|1
mural			mural|a|1|0;mural|n|1|0
murals	NOUN=1	murals=1	
murder	NOUN=25,VERB=1	murder=26	murder|n|1|0;murder|v|2|0
murdered	VERB=6	murdered=6	murdered|a|1|0
murderer	NOUN=5	murderer=5	murderer|n|1|0
murderers	NOUN=6	murderers=6	
murdering	NOUN=1	murdering=1	
murderous	ADJ=1	murderous=1	murderous|a|1|0
murders	NOUN=13,VERB=1	murders=13,Murders=1	
murdoch	PROPN=2	Murdoch=1	Murdoch|n|2|2
murky			murky|a|2|0
murphy	PROPN=4	Murphy=4	murphy|n|1|0
murray	PROPN=2	Murray=2	Murray|n|3|3
muscle	NOUN=12	muscle=12	muscle|n|5|0;muscle|v|1|0
muscles	NOUN=14,PROPN=2	muscles=14,Muscles=2	
muscular			muscular|a|4|0
muse	NOUN=2	muse=2	Muse|n|1|0;muse|n|1|0;muse|v|1|0
museum	PROPN=24,NOUN=11	Museum=24,museum=11	museum|n|1|0
museums	NOUN=4	museums=4	
mushroom			mushroom|n|5|0;mushroom|v|2|0
mushrooms	NOUN=1	mushrooms=1	
music	NOUN=53,PROPN=6	music=52,Music=7	music|n|5|0
musical	ADJ=6,NOUN=1	musical=6,Musical=1	musical|a|4|0;musical|n|1|0
musically			musically|r|1|0
musician	NOUN=4	musician=4	musician|n|2|0
musicians	NOUN=5	musicians=5	
musk	NOUN=2,PROPN=2	Musk=2,musk=1	musk|n|2|0
muslim	ADJ=21,PROPN=1	Muslim=22	Muslim|a|1|0;Muslim|n|1|0
muslims	PROPN=15	Muslims=14	
mussels	NOUN=2	mussels=2	
mussolini			Mussolini|n|1|1
must	AUX=170,NOUN=3	must=167,MUST=2	must|a|1|0;must|n|3|0
mustache	NOUN=1	mustache=1	mustache|n|1|0
mustafa	PROPN=1	Mustafa=1	
mustang	PROPN=1	Mustang=1	mustang|n|1|0
mustard			mustard|n|3|0
muster	NOUN=2,VERB=1	muster=3	muster|n|2|0;muster|v|2|0
mutant	ADJ=2,NOUN=2	mutant=4	mutant|a|1|0;mutant|n|2|0
mutants	NOUN=3	mutants=3	
mutated	VERB=1	mutated=1	
mutation	NOUN=15,PROPN=1	mutation=13,Mutation=2	mutation|n|3|0
mute	ADJ=1	mute=1	mute|a|2|0;mute|n|2|0;mute|v|1|0
muted			muted|a|2|0
mutilated	VERB=1	mutilated=1	mutilated|a|1|0
mutilation	NOUN=2	mutilation=2	mutilation|n|2|0
mutiny			mutiny|n|1|0;mutiny|v|1|0
mutual	ADJ=9	mutual=9	mutual|a|2|0
mutually	ADV=4	mutually=4	mutually|r|1|0
muzzle			muzzle|n|4|0;muzzle|v|3|0
mv			Mv|n|1|0;mV|n|1|0
mvp	NOUN=1	MVP=1	MVP|n|1|0
mx			Mx|n|1|0
my	PRON=1739,INTJ=2,PROPN=2,AUX=1	my=1480,My=11,MY=10	
myanmar	PROPN=11	Myanmar=10	Myanmar|n|1|1
myriad	ADJ=1	myriad=1	myriad|a|1|0;myriad|n|2|0
myrtle			myrtle|n|2|0
myself	PRON=55	myself=53	
mysteries	NOUN=3,PROPN=1	mysteries=3,Mysteries=1	
mysterious	ADJ=3	mysterious=2,Mysterious=1	mysterious|a|2|0
mysteriously	ADV=1	mysteriously=1	mysteriously|r|1|0
mystery	NOUN=7	mystery=5,Mystery=2	mystery|n|2|0
mystic	PROPN=1	MYSTIC=1	mystic|a|3|0;mystic|n|1|0
mystical	ADJ=1	mystical=1	mystical|a|3|0
myth	NOUN=1	myth=1	myth|n|1|0
mythical	ADJ=4	mythical=4	mythical|a|1|0
mythology	NOUN=1	mythology=1	mythology|n|2|0
myths	NOUN=1,PROPN=1	MYTHS=1,myths=1	
na	PART=150,INTJ=6	na=154	Na|n|1|0
nab			nab|v|3|0
nada			nada|n|1|0
nadu	PROPN=3	Nadu=3	
nafta			NAFTA|n|1|0
nag			nag|n|2|0;nag|v|3|0
nagging	VERB=1	nagging=1	nagging|a|1|0
nah	INTJ=2		
nail	NOUN=17	nail=15,Nail=2	nail|n|3|0;nail|v|7|0
nailed	VERB=2	nailed=2	
nails	NOUN=11,PROPN=2	nails=10,Nails=3	
nairobi	PROPN=1	Nairobi=1	Nairobi|n|1|1
naive	ADJ=2	naive=2	naive|a|5|0
naked	ADJ=10	naked=10	naked|a|5|0
nam	NOUN=2,X=2	NAM=2,Nam=2	
name	NOUN=184,VERB=18,PROPN=1	name=192,Name=4,NAME=1	name|n|6|0;name|v|9|0
named	VERB=44	named=44	
nameless	ADJ=1	nameless=1	nameless|a|1|0
namely	ADV=6	namely=5	namely|r|1|0
names	NOUN=38,VERB=1	names=37	names|n|1|0
namesake	NOUN=1	namesake=1	namesake|n|1|0
namibia	PROPN=1	Namibia=1	Namibia|n|1|1
naming	VERB=4,NOUN=1	naming=5	naming|a|1|0;naming|n|2|0
nan			Nan|n|1|1;nan|n|3|0
nancy	PROPN=5	Nancy=1	Nancy|n|1|1
nanny			nanny|n|2|0
nano	NOUN=3,PROPN=1	nano=3,Nano=1	
naomi			Naomi|n|1|1
nap	NOUN=3	nap=3	nap|n|5|0;nap|v|1|0
napa	PROPN=2	Napa=1	napa|n|1|0
napier	PROPN=2	Napier=2	Napier|n|1|1
napkin	NOUN=2	napkin=2	napkin|n|2|0
naples			Naples|n|1|1
napoleon	PROPN=2		Napoleon|n|2|1;napoleon|n|1|0
napoli			Napoli|n|1|1
narcissistic			narcissistic|a|1|0
narcotics	NOUN=1	narcotics=1	
narration			narration|n|3|0
narrative	ADJ=7,NOUN=7	narrative=13	narrative|a|1|0;narrative|n|1|0
narratives	NOUN=2	narratives=2	
narrator	NOUN=1	narrator=1	narrator|n|1|0
narrow	ADJ=9	narrow=8	narrow|a|5|0;narrow|n|1|0;narrow|v|4|0
narrowed	VERB=3	narrowed=3	narrowed|a|2|0
narrower	ADJ=3	narrower=3	
narrowing			narrowing|a|2|0;narrowing|n|3|0
narrowly	ADV=1	narrowly=1	narrowly|r|1|0
nasa	PROPN=86	NASA=72	NASA|n|1|0
nasal			nasal|a|2|0;nasal|n|2|0
nasdaq			NASDAQ|n|1|1
nash			Nash|n|1|1
nashville	PROPN=4	Nashville=4	Nashville|n|1|1
nassau			Nassau|n|1|1
nasser	PROPN=3	Nasser=3	Nasser|n|2|2
nasty	ADJ=4	nasty=3,NASTY=1	nasty|a|4|0
nat	ADJ=1,PROPN=1	Nat=2	
natal	ADJ=2	natal=2	Natal|n|2|2;natal|a|2|0
natalie	PROPN=1		
natasha	PROPN=4	Natasha=2	
nate	PROPN=1	Nate=1	
nathan	PROPN=5	Nathan=4	
nathaniel	PROPN=1	Nathaniel=1	
nation	NOUN=47,PROPN=18	nation=46,Nation=19	Nation|n|1|1;nation|n|3|0
national	ADJ=159,NOUN=2,PROPN=1	National=103,national=57	national|a|7|0;national|n|1|0
nationalism	NOUN=4	nationalism=4	nationalism|n|4|0
nationalist	ADJ=5,NOUN=1,PROPN=1	Nationalist=4,nationalist=3	nationalist|a|1|0;nationalist|n|2|0
nationalists	NOUN=1	nationalists=1	
nationalities	NOUN=4	nationalities=4	
nationality	NOUN=5	nationality=5	nationality|n|2|0
nationally	ADV=8	nationally=7,Nationally=1	nationally|r|2|0
nationals	NOUN=1	nationals=1	
nations	PROPN=41,NOUN=17	Nations=42,nations=16	
nationwide	ADJ=2,ADV=2	Nationwide=2,nationwide=2	nationwide|a|1|0;nationwide|r|1|0
native	ADJ=17,NOUN=2	native=16,Native=2	native|a|4|0;native|n|3|0
natives	NOUN=3	natives=3	
nativity			Nativity|n|1|0;nativity|n|1|0
nato	PROPN=29	NATO=28	NATO|n|1|0
natural	ADJ=66	natural=62,Natural=4	natural|a|10|0;natural|n|3|0
naturalist	NOUN=1	naturalist=1	naturalist|n|2|0
naturally	ADV=9	naturally=7,Naturally=2	naturally|r|4|0
nature	NOUN=51,PROPN=3	nature=50,Nature=3	nature|n|5|0
naughty	ADJ=1	naughty=1	naughty|a|2|0
nausea	NOUN=3	nausea=3	nausea|n|2|0
nautical			nautical|a|1|0
navajo			Navajo|n|2|0
naval	ADJ=11	naval=6,Naval=5	naval|a|1|0
navigate	VERB=1	navigate=1	navigate|v|3|0
navigating	VERB=1		
navigation	NOUN=1	navigation=1	navigation|n|3|0
navigator	PROPN=1	Navigator=1	navigator|n|3|0
navy	NOUN=10,PROPN=4,ADJ=1	navy=9,Navy=6	Navy|n|1|0;navy|n|2|0
naw	INTJ=1	naw=1	
nawaz	PROPN=3	Nawaz=3	
nay			nay|n|1|0;nay|r|1|0
nazareth	PROPN=1	Nazareth=1	Nazareth|n|1|1
nazi	PROPN=4,ADJ=1	Nazi=4,nazi=1	Nazi|a|2|0;Nazi|n|1|0;nazi|n|1|0
nazis	PROPN=3	Nazis=3	
nazism	PROPN=1	Nazism=1	Nazism|n|1|0
nb	PROPN=1	NB=1	NB|n|1|0;Nb|n|1|0
nba	PROPN=1	NBA=1	
nbc	PROPN=3	NBC=3	
nc	PROPN=8	NC=8	NC|n|1|1
ncaa	PROPN=2	NCAA=2	
nd	PROPN=1	ND=1	ND|n|1|1;Nd|n|1|0
ne	ADV=1		NE|n|2|1;Ne|n|1|0
neal	PROPN=6	Neal=4	
near	ADP=63,ADV=9,ADJ=6,VERB=1	near=78	near|a|6|0;near|r|2|0;near|v|1|0
nearby	ADJ=6,ADV=4,ADP=2	nearby=11	nearby|a|1|0;nearby|r|1|0
nearer			nearer|r|1|0
nearest	ADJ=6	nearest=6	nearest|r|1|0
nearly	ADV=46	nearly=43,Nearly=1	nearly|r|2|0
neat	ADJ=8	neat=8	neat|a|6|0
neatly	ADV=5	neatly=5	neatly|r|1|0
nebraska	PROPN=1	Nebraska=1	Nebraska|n|1|1
nebula			nebula|n|4|0
nec			NEC|n|1|0
necessarily	ADV=24	necessarily=24	necessarily|r|3|0
necessary	ADJ=46	necessary=45,NECESSARY=1	necessary|a|2|0;necessary|n|1|0
necessities	NOUN=1	necessities=1	
necessity	NOUN=10	necessity=10	necessity|n|2|0
neck	NOUN=17	neck=17	neck|n|5|0;neck|v|1|0
necklace			necklace|n|1|0
nectar			nectar|n|3|0
nee			nee|a|1|0
need	VERB=345,NOUN=42,AUX=2	need=379,NEED=5,Need=3	need|n|4|0;need|v|3|0
needed	VERB=83,ADJ=1	needed=82,NEEDED=1,Needed=1	needed|a|1|0
needing	VERB=4	needing=4	
needle			needle|n|4|0;needle|v|2|0
needles	NOUN=1,PROPN=1	Needles=1,needles=1	
needless	ADJ=2	needless=1	needless|a|1|0
needs	VERB=68,NOUN=36	needs=99,Needs=2	needs|r|1|0
needy	ADJ=1	needy=1	needy|a|2|0;needy|n|1|0
negative	ADJ=17,NOUN=3	negative=20	negative|a|9|0;negative|n|2|0;negative|v|1|0
negatively			negatively|r|2|0
negativity			negativity|n|4|0
neglect	NOUN=1	neglect=1	neglect|n|5|0;neglect|v|4|0
neglected	VERB=3	neglected=3	neglected|a|2|0
negligence	NOUN=7	negligence=6,Negligence=1	negligence|n|2|0
negligent	ADJ=1	negligent=1	negligent|a|1|0
negligible			negligible|a|2|0
negotiable			negotiable|a|3|0
negotiate	VERB=2	negotiate=2	negotiate|v|2|0
negotiated	VERB=10	negotiated=10	
negotiating	VERB=4,NOUN=1	negotiating=5	
negotiation	NOUN=6	negotiation=5	negotiation|n|2|0
negotiations	NOUN=7	negotiations=7	
negotiator	NOUN=1	negotiator=1	negotiator|n|1|0
negro	ADJ=1	Negro=1	Negro|n|1|0;negro|a|1|0
nehru	PROPN=2	Nehru=2	Nehru|n|1|1
neighbor	NOUN=10	neighbor=10	neighbor|n|2|0;neighbor|v|2|0
neighborhood	NOUN=31,PROPN=1	neighborhood=30,Neighborhood=1	neighborhood|n|4|0
neighborhoods	NOUN=9	neighborhoods=9	
neighboring	VERB=3,ADJ=1	neighboring=4	neighboring|a|1|0
neighbors	NOUN=10	neighbors=10	
neighbour			neighbour|n|2|0;neighbour|v|2|0
neighbourhood	NOUN=6	neighbourhood=6	neighbourhood|n|2|0
neighbourhoods	NOUN=1	neighbourhoods=1	
neighbouring	VERB=5	neighbouring=5	neighbouring|s|1|0
neighbours	NOUN=8	neighbours=7,NEIGHBOURS=1	
neil	PROPN=6	Neil=4	
neither	CCONJ=17,DET=5,ADV=2	neither=18	neither|a|1|0
nell	PROPN=1	Nell=1	
nelson	PROPN=9	Nelson=7	Nelson|n|1|1;nelson|n|1|0
nemesis			Nemesis|n|1|1;nemesis|n|1|0
neo	ADJ=2,PROPN=1	neo=2,Neo=1	neo|a|1|0
neon	NOUN=1	neon=1	neon|n|1|0
neonatal	ADJ=1	neonatal=1	neonatal|a|1|0
nepal	PROPN=1	Nepal=1	Nepal|n|1|1
nephew	NOUN=8	nephew=7,Nephew=1	nephew|n|1|0
nephews	NOUN=1	nephews=1	
neptune	PROPN=1	Neptune=1	Neptune|n|2|2
nerd	NOUN=3	nerd=2,Nerd=1	nerd|n|2|0
nerds	NOUN=1	nerds=1	
nero			Nero|n|1|1
nerve	NOUN=3,PROPN=1	nerve=3,Nerve=1	nerve|n|3|0;nerve|v|1|0
nerves	NOUN=4	nerves=4	nerves|n|2|0
nervous	ADJ=15	nervous=14	nervous|a|5|0
nervously	ADV=1	nervously=1	nervously|r|2|0
ness			ness|n|1|0
nest	NOUN=12	nest=11,NEST=1	nest|n|5|0;nest|v|4|0
nesting	NOUN=2,VERB=1	nesting=3	
nests	NOUN=1,VERB=1	nests=2	
net	NOUN=14,PROPN=9,ADJ=8	net=18,Net=9,NET=2	net|a|2|0;net|n|6|0;net|v|4|0
netball			netball|n|1|0
netflix	PROPN=1	Netflix=1	
netherlands	PROPN=13	Netherlands=13	Netherlands|n|1|1
nets	NOUN=1	nets=1	
netting	NOUN=2	netting=2	netting|n|2|0
network	NOUN=22,PROPN=10	network=21,Network=11	network|n|5|0;network|v|1|0
networking	NOUN=1	networking=1	
networks	NOUN=14,PROPN=2	networks=12,Networks=4	
neural	ADJ=3	neural=3	neural|a|2|0
neurological	ADJ=4	neurological=4	neurological|a|1|0
neurology	NOUN=1	neurology=1	neurology|n|2|0
neuron	PROPN=1	Neuron=1	neuron|n|1|0
neuronal			neuronal|a|1|0
neuroscience	NOUN=5	neuroscience=4	neuroscience|n|1|0
neutral	ADJ=2	neutral=2	neutral|a|7|0;neutral|n|1|0
neutrality			neutrality|n|3|0
neutralize			neutralize|v|6|0
neutron	NOUN=2		neutron|n|1|0
nevada			Nevada|n|1|1
never	ADV=266	never=233,NEVER=12,Never=1	never|r|1|0
nevertheless	ADV=12	nevertheless=3,Nevertheless=1	nevertheless|r|1|0
new	ADJ=622,PROPN=57,VERB=3,ADV=1,NOUN=1	new=469,New=198,NEW=3	New|a|2|0;new|a|8|0;new|r|1|0
newark	PROPN=3	Newark=3	Newark|n|1|1
newbie			newbie|n|1|0
newborn	ADJ=2,NOUN=1	newborn=3	newborn|a|2|0;newborn|n|1|0
newcastle			Newcastle|n|1|1
newcomer	PROPN=1	Newcomer=1	newcomer|n|2|0
newcomers	NOUN=2	newcomers=2	
newer	ADJ=7	newer=6	
newest	ADJ=3	newest=3	
newfound	ADJ=2	newfound=2	newfound|a|1|0
newfoundland	PROPN=3	Newfoundland=3	Newfoundland|n|2|1
newly	ADV=11	newly=11	newly|r|1|0
newman	PROPN=2	Newman=2	Newman|n|2|2
newport	PROPN=2	Newport=2	Newport|n|2|2
news	NOUN=69,PROPN=25	news=59,News=30,NEWS=2	news|n|5|0
newsletter	NOUN=1	newsletter=1	newsletter|n|1|0
newspaper	NOUN=16	newspaper=15,Newspaper=1	newspaper|n|4|0
newspapers	NOUN=10	newspapers=10	
newsroom			newsroom|n|3|0
newsweek	PROPN=3	Newsweek=1	
newt	PROPN=1	Newt=1	newt|n|1|0
newton	PROPN=6	Newton=4	Newton|n|1|1;newton|n|1|0
next	ADJ=179,ADV=31,ADP=3	next=196,Next=2,NEXT=1	next|a|4|0;next|r|1|0
nexus	PROPN=3,NOUN=2	Nexus=3,nexus=2	nexus|n|2|0
nfl	PROPN=1	NFL=1	
ng			ng|n|1|0
ngo			NGO|n|1|0
nguyen	PROPN=7	Nguyen=7	
nh			NH|n|1|1
nhs	PROPN=2	NHS=2	
ni			Ni|n|1|0
niagara	PROPN=3	Niagara=3	Niagara|n|2|2
nicaragua	PROPN=1	Nicaragua=1	Nicaragua|n|1|1
nice	ADJ=135,PROPN=5,NOUN=3,ADV=1	nice=121,Nice=6	Nice|n|1|1;nice|a|5|0
nicely	ADV=8	nicely=8	nicely|r|1|0
nicer	ADJ=4	nicer=3,NICER=1	
nicest	ADJ=4	nicest=4	
niche	NOUN=1	niche=1	niche|n|4|0
nicholas	PROPN=5	Nicholas=4	Nicholas|n|1|1
nichols	PROPN=2	Nichols=2	
nick	PROPN=21	Nick=19	nick|n|3|0;nick|v|4|0
nickel			nickel|n|3|0;nickel|v|1|0
nickelodeon			nickelodeon|n|1|0
nicki	PROPN=3	Nicki=3	
nickname	NOUN=3	nickname=3	nickname|n|2|0;nickname|v|1|0
nicknamed	VERB=2	nicknamed=2	
nicole	PROPN=1	Nicole=1	
nicotine			nicotine|n|1|0
niece			niece|n|1|0
nielsen			Nielsen|n|1|1
nietzsche			Nietzsche|n|1|1
nifty			nifty|a|1|0
nigel	PROPN=2	Nigel=1	
niger	PROPN=1	Niger=1	Niger|n|2|2
nigeria	PROPN=3	Nigeria=1,nigeria=1	Nigeria|n|1|1
nigerian			Nigerian|a|2|0;Nigerian|n|1|0
nigga			nigga|n|1|0
nigger			nigger|n|1|0
nigh	ADP=1,ADV=1	nigh=2	nigh|a|2|0;nigh|r|2|0
night	NOUN=174,PROPN=3,X=1	night=167,Night=7,NIGHT=3	Night|n|1|1;night|n|7|0
nightclub	NOUN=1	nightclub=1	nightclub|n|1|0
nightclubs	NOUN=4	nightclubs=4	
nightfall			nightfall|n|1|0
nightingale			Nightingale|n|1|1;nightingale|n|1|0
nightlife	NOUN=3	nightlife=3	nightlife|n|2|0
nightly	ADJ=1	nightly=1	nightly|a|1|0;nightly|r|1|0
nightmare	NOUN=5	nightmare=4,Nightmare=1	nightmare|n|2|0
nights	NOUN=10,PROPN=1	nights=10,Nights=1	
nighttime			nighttime|n|1|0
nih			NIH|n|1|0
nike			Nike|n|1|1
nikon	PROPN=3	Nikon=2,nikon=1	
nil			nil|n|1|0
nile	PROPN=2	Nile=2	Nile|n|1|1
nina	PROPN=4	Nina=2	Nina|n|1|1
nine	NUM=31	nine=31	nine|a|1|0;nine|n|3|0
nineteen	NUM=5	nineteen=5	nineteen|a|1|0;nineteen|n|1|0
nineteenth	ADJ=2	nineteenth=2	nineteenth|a|1|0;nineteenth|n|1|0
nineties			nineties|n|3|0
ninety	NUM=2	ninety=2	ninety|a|1|0;ninety|n|1|0
ninja			ninja|n|2|0
ninth	ADJ=4,NOUN=1	ninth=3,Ninth=2	ninth|a|1|0;ninth|n|2|0
nip			Nip|n|1|0;nip|n|5|0;nip|v|3|0
nipple			nipple|n|2|0
nirvana			nirvana|n|2|0
nissan	PROPN=2	Nissan=1,nissan=1	Nissan|n|1|0
nit			nit|n|2|0
nitrate			nitrate|n|1|0;nitrate|v|1|0
nitrogen	NOUN=2,PROPN=1	nitrogen=2,Nitrogen=1	nitrogen|n|1|0
nixon	PROPN=5	Nixon=5	Nixon|n|1|1
nj	PROPN=6	NJ=6	NJ|n|1|1
nk	PROPN=1		
nm			NM|n|1|1;nm|n|1|0
no	DET=549,INTJ=180,ADV=56,NOUN=2,VERB=2,X=1	no=587,NO=14,No=8	No|n|1|0;no|a|1|0;no|n|1|0;no|r|3|0
noaa			NOAA|n|1|0
noah			Noah|n|1|1
nobel	PROPN=6	Nobel=6	Nobel|n|1|1
nobility	NOUN=2	nobility=2	nobility|n|3|0
noble	ADJ=10,PROPN=5	noble=9,Noble=5	noble|a|4|0;noble|n|1|0
nobody	PRON=15	nobody=8	nobody|n|1|0
nocturnal	ADJ=1	nocturnal=1	nocturnal|a|2|0
nod	NOUN=1,VERB=1	nod=2	nod|n|2|0;nod|v|5|0
nodding			nodding|a|1|0
node	NOUN=4	node=4	node|n|8|0
nodes	NOUN=2	nodes=2	
noel	PROPN=4	Noel=3	Noel|n|1|0
noir	PROPN=4,ADJ=1	Noir=4,noir=1	
noise	NOUN=17	noise=16,Noise=1	noise|n|6|0;noise|v|1|0
noises	NOUN=4	noises=4	
noisy	ADJ=4	noisy=4	noisy|a|2|0
nomadic	ADJ=1	nomadic=1	nomadic|a|1|0
nomenclature	NOUN=1	nomenclature=1	nomenclature|n|1|0
nominal			nominal|a|6|0;nominal|n|1|0
nominally			nominally|r|1|0
nominate			nominate|v|4|0
nominated	VERB=5	nominated=5	nominated|a|1|0
nomination	NOUN=9	nomination=7,NOMINATION=1,Nomination=1	nomination|n|3|0
nominee	NOUN=6	nominee=6	nominee|n|1|0
nominees	NOUN=1	nominees=1	
non	ADV=5,X=3,NOUN=1	non=6,NON=1	non|r|1|0
none	PRON=20,NOUN=9	none=22	none|a|1|0;none|n|2|0;none|r|1|0
nonetheless	ADV=6	nonetheless=3	nonetheless|r|1|0
nonexistent	ADJ=1	nonexistent=1	nonexistent|a|1|0
nonfiction			nonfiction|n|1|0
nonlinear			nonlinear|a|1|0
nonprofit	ADJ=1,NOUN=1	nonprofit=2	nonprofit|a|1|0;nonprofit|n|1|0
nonsense	NOUN=5	nonsense=5	nonsense|a|1|0;nonsense|n|2|0
nonstop			nonstop|a|2|0;nonstop|n|1|0;nonstop|r|1|0
noodle			noodle|n|2|0
nook	PROPN=29	Nook=26,NOOK=2	nook|n|2|0
noon	NOUN=12	noon=12	noon|n|1|0
nope	INTJ=4	nope=1	
nor	CCONJ=40	nor=36	
nord	PROPN=1	Nord=1	
nordic	ADJ=1	Nordic=1	Nordic|a|2|0;Nordic|n|1|0;nordic|a|1|0
norfolk			Norfolk|n|1|1
norm	NOUN=2,VERB=1	norm=3	norm|n|2|0
norma	PROPN=2		Norma|n|1|1
normal	ADJ=35,ADV=1,NOUN=1	normal=37	normal|a|4|0;normal|n|1|0
normally	ADV=23	normally=22	normally|r|1|0
norman	PROPN=1	Norman=1	Norman|a|2|0;Norman|n|3|2
normandy			Normandy|n|1|1
normative	ADJ=1	normative=1	normative|a|2|0
norms	NOUN=6	norms=6	
norris			Norris|n|1|1
norse			Norse|a|2|0;Norse|n|3|0
north	PROPN=89,ADV=20,NOUN=15,ADJ=4	North=78,north=40	North|n|3|3;north|a|1|0;north|n|4|0;north|r|1|0
northampton			Northampton|n|1|1
northbound	ADJ=2	northbound=2	northbound|a|1|0
northeast	NOUN=5,PROPN=5,ADJ=1,ADV=1	northeast=6,Northeast=5	Northeast|n|1|1;northeast|a|2|0;northeast|n|3|0;northeast|r|1|0
northeastern	ADJ=6	northeastern=6	northeastern|a|2|0
northern	ADJ=30	northern=20,Northern=10	Northern|n|1|0;northern|a|4|0
northumberland	PROPN=1	Northumberland=1	Northumberland|n|1|1
northward	ADV=1	northward=1	northward|a|1|0;northward|n|1|0;northward|r|1|0
northwest	NOUN=6,ADJ=2,PROPN=2,ADV=1	northwest=9,Northwest=2	Northwest|n|1|1;northwest|a|2|0;northwest|n|3|0;northwest|r|1|0
northwestern	PROPN=1	Northwestern=1	northwestern|a|2|0
norton	PROPN=22	Norton=16	
norway	PROPN=3	Norway=3	Norway|n|1|1
norwegian	ADJ=4	Norwegian=4	Norwegian|a|1|0;Norwegian|n|2|0
nose	NOUN=23	nose=23	nose|n|8|0;nose|v|6|0
nosed	ADJ=1	nosed=1	nosed|a|1|0
noses	NOUN=3	noses=3	
nostalgia	NOUN=2	nostalgia=2	nostalgia|n|1|0
nostalgic	ADJ=2	nostalgic=2	nostalgic|a|1|0
nostrils	NOUN=3	nostrils=3	
not	PART=2244	not=2097,NOT=45,Not=17	not|r|1|0
notable	ADJ=10	notable=10	notable|a|2|0;notable|n|1|0
notably	ADV=5	notably=5	notably|r|2|0
notary			notary|n|1|0
notation	NOUN=2	notation=2	notation|n|3|0
notch	NOUN=13	notch=13	notch|n|4|0;notch|v|2|0
note	NOUN=34,VERB=30	note=45,NOTE=3,Note=1	note|n|9|0;note|v|4|0
notebook	NOUN=3	notebook=2,NOTEBOOK=1	notebook|n|2|0
noted	VERB=22	noted=22	noted|a|1|0
notes	NOUN=13,VERB=7,PROPN=2	notes=19,Notes=2,NOTES=1	
noteworthy	ADJ=1	noteworthy=1	noteworthy|a|1|0
nothing	PRON=135,PROPN=1	nothing=124,NOTHING=1,Nothing=1	nothing|n|1|0;nothing|r|1|0
notice	VERB=23,NOUN=22,PROPN=1	notice=36,NOTICE=1,Notice=1	notice|n|7|0;notice|v|4|0
noticeable	ADJ=5	noticeable=5	noticeable|a|2|0
noticeably	ADV=1	noticeably=1	noticeably|r|1|0
noticed	VERB=23	noticed=22	noticed|a|1|0
notices	VERB=1	notices=1	
noticing	VERB=4	noticing=4	
notification	NOUN=6	notification=6	notification|n|3|0
notifications	NOUN=1	notifications=1	
notified	VERB=7	notified=7	
notify	VERB=8	notify=8	notify|v|1|0
noting	VERB=1	noting=1	
notion	NOUN=12	notion=12	notion|n|4|0
notions	NOUN=5	notions=5	
notoriety			notoriety|n|1|0
notorious			notorious|a|1|0
notoriously	ADV=1	notoriously=1	notoriously|r|1|0
notre	PROPN=3	Notre=3	
nottingham	PROPN=1	Nottingham=1	
notwithstanding	ADP=1	notwithstanding=1	notwithstanding|r|1|0
noun	NOUN=2	noun=2	noun|n|2|0
nov	PROPN=6	Nov=5,NOV=1	Nov|n|1|0
nova	PROPN=1	Nova=1	nova|n|1|0
novel	NOUN=21,ADJ=7	novel=28	novel|a|2|0;novel|n|2|0
novelist	NOUN=1	novelist=1	novelist|n|1|0
novels	NOUN=3	novels=3	
novelty	NOUN=3	novelty=3	novelty|n|4|0
november	PROPN=45	November=40,november=1	November|n|1|0
novice			novice|n|2|0
now	ADV=610,INTJ=12	now=496,Now=7,NOW=5	now|n|1|0;now|r|7|0
nowadays	ADV=6	nowadays=4	nowadays|n|1|0;nowadays|r|1|0
nowhere	ADV=10	nowhere=8	nowhere|n|1|0;nowhere|r|1|0
nozzle			nozzle|n|2|0
np			NP|n|1|0;Np|n|1|0
npc			NPC|n|1|0
npr	PROPN=2	NPR=1	
nra			NRA|n|1|0
nrl			NRL|n|1|1
nsa	PROPN=1	NSA=1	NSA|n|1|0
nsw	PROPN=7	NSW=7	NSW|n|1|0
nt	PART=94,NOUN=1	nt=88,NT=6,Nt=1	NT|n|1|0
nu			nu|n|1|0
nuance			nuance|n|1|0
nuanced	ADJ=1	nuanced=1	
nuclear	ADJ=48	nuclear=47,Nuclear=1	nuclear|a|4|0
nucleus			nucleus|n|6|0
nude			nude|a|1|0;nude|n|4|0
nudes	NOUN=2	nudes=2	
nudge			nudge|n|1|0;nudge|v|2|0
nudity			nudity|n|1|0
nugget			nugget|n|1|0
nuisance	NOUN=1	nuisance=1	nuisance|n|2|0
nuke			nuke|n|1|0;nuke|v|3|0
nukes	NOUN=2	nukes=2	
null			null|a|1|0;null|n|1|0
numb	VERB=1	numb=1	numb|a|3|0;numb|v|1|0
number	NOUN=288,PROPN=2	number=213,Number=76	number|n|12|0;number|v|6|0
numbered	ADJ=5,VERB=3	numbered=7	numbered|a|2|0
numbering			numbering|n|1|0
numbers	NOUN=47	numbers=45,Numbers=1	Numbers|n|1|1;numbers|n|1|0
numerical	ADJ=1	numerical=1	numerical|a|3|0
numerous	ADJ=21	numerous=21	numerous|a|1|0
nun	NOUN=1	nun=1	nun|n|2|0;nun|n|1|0
nurse	NOUN=2	nurse=2	nurse|n|2|0;nurse|v|5|0
nursery	NOUN=1	nursery=1	nursery|n|1|0
nurses	NOUN=1	nurses=1	
nursing			nursing|n|3|0
nurture	VERB=1	nurture=1	nurture|n|2|0;nurture|v|3|0
nurtured	VERB=2	nurtured=2	
nut	NOUN=1	nut=1	Nut|n|1|1;nut|n|6|0;nut|v|1|0
nutrient	NOUN=1	nutrient=1	nutrient|a|1|0;nutrient|n|2|0
nutrients	NOUN=4	nutrients=4	
nutrition	NOUN=2,PROPN=2	Nutrition=2,nutrition=2	nutrition|n|3|0
nutritional	ADJ=7	nutritional=7	nutritional|a|1|0
nutritious	ADJ=1	nutritious=1	nutritious|a|1|0
nuts	ADJ=2,NOUN=2	nuts=4	nuts|a|1|0
nutshell			nutshell|n|1|0
nutty	ADJ=1	nutty=1	nutty|a|2|0
nv			NV|n|1|1
nw	PROPN=4	NW=4	NW|n|1|0
ny	PROPN=10	NY=10	NY|n|1|1
nyc	PROPN=9	NYC=9	
nye	PROPN=2	NYE=2	
nylon	NOUN=1,PROPN=1	Nylon=1,nylon=1	nylon|n|2|0
nyse			NYSE|n|1|1
nyt	PROPN=1	NYT=1	
nz	PROPN=8	NZ=8	
oak	NOUN=4	oak=4	oak|n|2|0
oakland	PROPN=15	Oakland=13	Oakland|n|1|1
oakley	PROPN=2	Oakley=2	Oakley|n|1|1
oaks	NOUN=1	oaks=1	
oasis	PROPN=4	Oasis=4	oasis|n|2|0
oath	NOUN=16	oath=13,Oath=3	oath|n|3|0
oatmeal	NOUN=1	Oatmeal=1	oatmeal|n|2|0
oats	PROPN=1	Oats=1	
ob			OB|n|1|0;Ob|n|1|1
obama	PROPN=11	Obama=11	Obama|n|1|1
obedience	NOUN=4	obedience=4	obedience|n|3|0
obedient			obedient|a|1|0
obese	ADJ=1	obese=1	obese|a|1|0
obesity	NOUN=3	obesity=3	obesity|n|1|0
obey	VERB=1	obey=1	obey|v|1|0
obi			obi|n|2|0
obituary			obituary|n|1|0
object	NOUN=17,VERB=3	object=19,Object=1	object|n|5|0;object|v|2|0
objected	VERB=2	objected=2	
objection	NOUN=7	objection=7	objection|n|4|0
objections	NOUN=5	objections=5	
objective	ADJ=7,NOUN=2	objective=9	objective|a|4|0;objective|n|2|0
objectively	ADV=3	objectively=2	objectively|r|1|0
objectives	NOUN=10	objectives=6,Objectives=3,OBJECTIVES=1	
objectivity	NOUN=2	objectivity=2	objectivity|n|1|0
objects	NOUN=15,VERB=2	objects=15,Objects=1	
obligated	VERB=2,ADJ=1	obligated=3	obligated|a|1|0
obligation	NOUN=7,PROPN=1	obligation=7,Obligation=1	obligation|n|5|0
obligations	NOUN=6	obligations=6	
obligatory			obligatory|a|2|0
oblige			oblige|v|3|0
obliged	VERB=1	obliged=1	obliged|a|1|0
oblique			oblique|a|2|0;oblique|n|2|0
oblivion	PROPN=1	oblivion=1	oblivion|n|2|0
oblivious	ADJ=1	oblivious=1	oblivious|a|2|0
obnoxious			obnoxious|a|1|0
obscene			obscene|a|3|0
obscure	ADJ=3	obscure=3	obscure|a|6|0;obscure|v|5|0
obscurity	NOUN=1,PROPN=1	Obscurity=1,obscurity=1	obscurity|n|3|0
observable	ADJ=1	observable=1	observable|a|1|0
observance			observance|n|4|0
observation	NOUN=9	observation=8	observation|n|5|0
observational	ADJ=1	observational=1	observational|a|1|0
observations	NOUN=9	observations=9	
observatory	PROPN=1	Observatory=1	observatory|n|2|0
observe	VERB=5	observe=5	observe|v|9|0
observed	VERB=30	observed=29,Observed=1	observed|a|1|0
observer	NOUN=3	observer=3	observer|n|2|0
observers	NOUN=3	observers=3	
observes	VERB=1	observes=1	
observing	NOUN=1,VERB=1	observing=2	observing|a|1|0
obsessed	ADJ=3,VERB=1	obsessed=4	obsessed|a|2|0
obsession	NOUN=6	obsession=6	obsession|n|2|0
obsessive	ADJ=2	obsessive=2	obsessive|a|1|0;obsessive|n|1|0
obsolete			obsolete|a|2|0
obstacle	NOUN=2	obstacle=2	obstacle|n|2|0
obstacles	NOUN=2	obstacles=2	
obstruct			obstruct|v|3|0
obstruction	NOUN=2	obstruction=2	obstruction|n|5|0
obtain	VERB=15	obtain=14	obtain|v|3|0
obtained	VERB=13	obtained=13	
obtaining	VERB=3	obtaining=3	
obvious	ADJ=14	obvious=14	obvious|a|1|0
obviously	ADV=40	obviously=33	obviously|r|1|0
oc	NOUN=1	oc=1	
occasion	NOUN=11	occasion=11	occasion|n|5|0;occasion|v|1|0
occasional	ADJ=4	occasional=4	occasional|a|4|0
occasionally	ADV=8	occasionally=8	occasionally|r|1|0
occasions	NOUN=11	occasions=11	occasions|n|1|0
occult			occult|a|2|0;occult|n|2|0;occult|v|3|0
occupancy	NOUN=2	Occupancy=1,occupancy=1	occupancy|n|2|0
occupant			occupant|n|1|0
occupants	NOUN=1	occupants=1	
occupation	NOUN=19	occupation=17,Occupation=1	occupation|n|5|0
occupational			occupational|a|1|0
occupations	NOUN=1	occupations=1	
occupied	VERB=3,ADJ=1	occupied=4	occupied|a|4|0
occupies	VERB=3	occupies=3	
occupy	VERB=2	occupy=2	occupy|v|8|0
occupying	VERB=2	occupying=2	
occur	VERB=18	occur=18	occur|v|3|0
occurred	VERB=16	occurred=16	
occurrence	NOUN=4	occurrence=4	occurrence|n|2|0
occurring	VERB=6	occurring=6	
occurs	VERB=5	occurs=5	
ocd	PROPN=1	OCD=1	
ocean	NOUN=14,PROPN=3	ocean=14,Ocean=3	ocean|n|2|0
oceanic			Oceanic|n|1|0;oceanic|a|3|0
oceans	NOUN=1	oceans=1	
oct	PROPN=8,X=6	Oct=14	Oct|n|1|0
october	PROPN=45	October=40	October|n|1|0
octopus			octopus|n|2|0
oculus			oculus|n|1|0
od			OD|n|2|0
odd	ADJ=9	odd=7	odd|a|6|0
oddly	ADV=2	oddly=2	oddly|r|2|0
odds	NOUN=7	odds=7	odds|n|2|0
ode			ode|n|1|0
odessa			Odessa|n|2|2
odin			Odin|n|1|1
odor	NOUN=1	odor=1	odor|n|2|0
odyssey			Odyssey|n|1|1;odyssey|n|1|0
of	ADP=10449,SCONJ=307,ADV=3,AUX=3,CCONJ=1	of=10693,OF=23,Of=11	
off	ADP=236,ADV=34,ADJ=6,NOUN=5	off=269,Off=6,OFF=3	off|a|5|0;off|r|3|0;off|v|1|0
offence			offence|n|5|0
offend	VERB=1	offend=1	offend|v|4|0
offended	VERB=5,ADJ=2	offended=7	offended|a|1|0
offender			offender|n|1|0
offenders	NOUN=1	offenders=1	
offending			offending|a|1|0
offense	NOUN=5	offense=5	offense|n|5|0
offenses	NOUN=1	offenses=1	
offensive	ADJ=7,PROPN=3,NOUN=2	offensive=10,Offensive=2	offensive|a|6|0;offensive|n|1|0
offer	VERB=52,NOUN=19	offer=69,OFFER=1	offer|n|3|0;offer|v|13|0
offered	VERB=28	offered=28	
offering	VERB=12,NOUN=2	offering=14	offering|n|4|0
offerings	NOUN=2	offerings=2	
offers	VERB=24,NOUN=3	offers=25	
office	NOUN=120,PROPN=32	office=115,Office=36,OFFICE=1	office|n|7|0
officer	NOUN=16,PROPN=3	officer=14,Officer=5	officer|n|4|0;officer|v|1|0
officers	NOUN=20	officers=19,Officers=1	
offices	NOUN=24,PROPN=2	offices=23,Offices=3	
official	ADJ=30,NOUN=11	official=40	official|a|5|0;official|n|2|0
officially	ADV=11	officially=11	officially|r|2|0
officials	NOUN=48	officials=47	
officiating			officiating|n|1|0
offline	ADV=1	offline=1	
offs	NOUN=1	offs=1	
offset	VERB=1	offset=1	offset|n|6|0;offset|v|5|0
offshore	ADJ=3,ADV=2	offshore=5	offshore|a|2|0;offshore|r|1|0
offside			offside|a|1|0;offside|n|1|0;offside|r|1|0
offspring	NOUN=4	offspring=4	offspring|n|3|0
oft			oft|r|1|0
often	ADV=120	often=115	often|r|3|0
oftentimes	ADV=1	oftentimes=1	oftentimes|r|1|0
ogden	PROPN=2	Ogden=2	Ogden|n|2|2
ogre			ogre|n|2|0
oh	INTJ=218,ADV=1,PROPN=1	oh=38,Oh=4,OH=1	OH|n|1|1
ohh	INTJ=2	ohh=1	
ohio	PROPN=11	Ohio=11	Ohio|n|2|2
oil	NOUN=109,PROPN=2	oil=106,Oil=3	oil|n|4|0;oil|v|2|0
oiled			oiled|a|1|0
oils	NOUN=1	oils=1	
oily	ADJ=5	oily=4,OILY=1	oily|a|4|0
ok	ADJ=48,INTJ=31,PROPN=4,ADV=3	OK=28,ok=27,Ok=1	OK|n|2|1;OK|r|1|0;ok|a|1|0
okay	INTJ=115,ADJ=27,ADV=4,NOUN=1	okay=49,Okay=1	okay|a|1|0;okay|n|1|0;okay|r|1|0;okay|v|1|0
okinawa	PROPN=5	Okinawa=4	Okinawa|n|2|2
oklahoma	PROPN=7	Oklahoma=7	Oklahoma|n|1|1
old	ADJ=195,NOUN=3	old=190,Old=4	Old|a|1|0;old|a|7|0;old|n|1|0
older	ADJ=33	older=30,Older=2	older|a|3|0
oldest	ADJ=10	oldest=10	
oldham	PROPN=1	Oldham=1	
olds	NOUN=6	olds=6	
ole	ADJ=2,NOUN=1	ole=2	
olive	NOUN=3,PROPN=1	olive=2,Olive=1	olive|a|1|0;olive|n|5|0
oliver	PROPN=2	Oliver=2	Oliver|n|1|1
olives	NOUN=1	olives=1	
olivier			Olivier|n|1|1
ollie	PROPN=1	Ollie=1	
olsen	PROPN=1	Olsen=1	
olson	PROPN=1	Olson=1	
olympia	PROPN=2	Olympia=2	Olympia|n|2|2
olympian			Olympian|a|2|0;Olympian|n|2|1;olympian|a|2|0
olympic	ADJ=5,PROPN=2	Olympic=7	Olympic|a|2|0
olympics	PROPN=11	Olympics=11	Olympics|n|1|0
olympus	PROPN=4	OLYMPUS=2,olympus=1	Olympus|n|1|1
omaha	PROPN=1	Omaha=1	Omaha|n|4|2
oman			Oman|n|1|1
omar	PROPN=2	Omar=2	
ombudsman			ombudsman|n|1|0
omega			omega|n|2|0
omen			omen|n|1|0;omen|v|1|0
omg	INTJ=2		
ominous	ADJ=2	ominous=2	ominous|a|2|0
omission	NOUN=1	omission=1	omission|n|4|0
omissions	NOUN=1	omissions=1	
omitted	VERB=3	omitted=3	
omnibus	NOUN=2	omnibus=2	omnibus|a|1|0;omnibus|n|2|0
on	ADP=2944,SCONJ=107,ADV=90,ADJ=12,NOUN=3,DET=1,NUM=1,PROPN=1	on=3009,ON=16,On=14	on|a|2|0;on|r|3|0
onboard	ADV=5	onboard=5	
once	ADV=98,SCONJ=67,NOUN=1	once=129	once|r|3|0
oncology			oncology|n|1|0
one	NUM=928,NOUN=220,PRON=102,X=6,PROPN=2	one=1122,ONE=11,One=10	one|a|7|0;one|n|2|0
ones	NOUN=64	ones=64	
oneself	PRON=1	oneself=1	
ongoing	ADJ=15	ongoing=14	ongoing|a|1|0
onion	NOUN=6,PROPN=6	Onion=6,onion=5	onion|n|3|0
onions	NOUN=10	onions=10	
online	ADJ=29,ADV=22,NOUN=4,PROPN=4	online=49,ONLINE=5,Online=5	online|a|3|0;online|r|1|0
only	ADV=463,ADJ=128	only=563,ONLY=6,Only=2	only|a|2|0;only|r|6|0
ono	PROPN=4	Ono=4	Ono|n|1|1
onset	NOUN=2	onset=2	onset|n|2|0
onslaught			onslaught|n|3|0
onstage			onstage|a|1|0;onstage|r|1|0
ontario	PROPN=9	Ontario=9	Ontario|n|2|2
onto	ADP=31	onto=31	
onward	ADV=2	Onward=1,onward=1	onward|r|2|0
onwards	ADV=4	onwards=4	onwards|r|1|0
ooh	INTJ=4		ooh|v|1|0
oops	INTJ=3	Oops=1	
op	INTJ=1,NOUN=1,PROPN=1	op=2,Op=1	
opal			opal|n|1|0
opaque			opaque|a|2|0
opec	PROPN=1	OPEC=1	OPEC|n|1|0
open	ADJ=94,VERB=35,PROPN=9,NOUN=1	open=107,Open=17,OPEN=3	open|a|21|0;open|n|4|0;open|v|10|0
opened	VERB=25	opened=24	opened|a|3|0
opener	NOUN=2	opener=2	opener|n|3|0
opening	VERB=32,NOUN=23,ADJ=2	opening=55,OPENING=1	opening|a|1|0;opening|n|13|0
openings	NOUN=2	openings=2	
openly	ADV=8	openly=8	openly|r|1|0
openness			openness|n|3|0
opens	VERB=7	opens=7	
opera	PROPN=6	Opera=6	Opera|n|1|1;opera|n|2|0
operas	NOUN=3	operas=3	
operate	VERB=10	operate=10	operate|v|6|0
operated	VERB=4	operated=4	
operates	VERB=4	operates=4	
operating	NOUN=12,VERB=12,ADJ=1	operating=24	operating|a|2|0
operation	NOUN=25,PROPN=1	operation=24,Operation=2	operation|n|11|0
operational	ADJ=5	operational=4,Operational=1	operational|a|4|0
operations	NOUN=23,PROPN=2	operations=22,Operations=3	operations|n|1|0
operative	NOUN=7,ADJ=1	operative=8	operative|a|4|0;operative|n|2|0
operatives	NOUN=2	operatives=2	
operator	NOUN=8,PROPN=5	operator=8,Operator=5	operator|n|5|0
operators	NOUN=23,PROPN=2	operators=22,Operators=3	
opinion	NOUN=55	opinion=54,OPINION=1	opinion|n|6|0
opinions	NOUN=11	opinions=10	
opioid	NOUN=1	opioid=1	
opium			opium|n|1|0
opponent	NOUN=3	opponent=3	opponent|a|1|0;opponent|n|2|0
opponents	NOUN=5	opponents=5	
opportunities	NOUN=21	opportunities=21	
opportunity	NOUN=51	opportunity=49,Opportunity=2	opportunity|n|1|0
oppose	VERB=10	oppose=8,OPPOSE=1,Oppose=1	oppose|v|6|0
opposed	VERB=17,ADJ=2	opposed=19	opposed|a|1|0
opposing			opposing|a|1|0
opposite	NOUN=10,ADJ=6,ADP=4	opposite=20	opposite|a|6|0;opposite|n|4|0;opposite|r|1|0
opposition	NOUN=13,PROPN=1	opposition=12,Opposition=2	Opposition|n|1|0;opposition|n|7|0
oppressed	VERB=1	oppressed=1	oppressed|a|1|0
oppression	NOUN=1	oppression=1	oppression|n|3|0
oppressive	ADJ=1	oppressive=1	oppressive|a|2|0
oprah	PROPN=1	Oprah=1	
ops	NOUN=5	ops=4,Ops=1	Ops|n|1|1
opt	VERB=2,NOUN=1	opt=3	opt|v|1|0
opted	VERB=2	opted=2	
optic			optic|a|2|0;optic|n|1|0
optical	ADJ=4	OPTICAL=2,optical=2	optical|a|3|0
optics			optics|n|2|0
optimal	ADJ=3	optimal=3	optimal|a|1|0
optimism			optimism|n|2|0
optimistic	ADJ=5	optimistic=5	optimistic|a|2|0
optimization	NOUN=4	Optimization=2,optimization=2	optimization|n|1|0
optimize	VERB=1	optimize=1	optimize|v|3|0
optimized	VERB=1	optimized=1	
optimum			optimum|a|1|0;optimum|n|1|0
option	NOUN=41	option=40,Option=1	option|n|3|0
optional	ADJ=6	optional=4,Optional=2	optional|a|1|0
options	NOUN=49	options=48,Options=1	
opus	PROPN=1	Opus=1	opus|n|1|0
or	CCONJ=1855,ADP=1,NOUN=1,PROPN=1	or=1789,OR=6,Or=2	OR|n|2|1
oracle	PROPN=3	Oracle=2	oracle|n|3|0
oral	ADJ=3	oral=2	oral|a|4|0;oral|n|1|0
orally	ADV=1	orally=1	orally|r|2|0
orange	ADJ=12,NOUN=3,PROPN=1	orange=10,Orange=6	Orange|n|1|1;orange|a|1|0;orange|n|4|0
orb			orb|n|2|0;orb|v|1|0
orbit	NOUN=7	orbit=7	orbit|n|5|0;orbit|v|1|0
orbital	ADJ=1	orbital=1	orbital|a|2|0
orbiting	VERB=2	orbiting=2	
orchard			orchard|n|1|0
orchestra	NOUN=6,PROPN=3	orchestra=6,Orchestra=3	orchestra|n|2|0
orchestral	ADJ=2	orchestral=2	orchestral|a|1|0
orchestrated	VERB=1	orchestrated=1	orchestrated|a|1|0
orchid			orchid|n|1|0
ordained	VERB=2	ordained=2	ordained|a|2|0
ordeal	NOUN=1	ordeal=1	ordeal|n|2|0
order	NOUN=116,VERB=29,PROPN=3,ADJ=1,X=1	order=141,Order=8	Order|n|1|0;order|n|14|0;order|v|9|0
ordered	VERB=33	ordered=31	ordered|a|3|0
ordering	VERB=4,NOUN=2	ordering=6	ordering|n|2|0
orderly	ADJ=3	orderly=3	orderly|a|2|0;orderly|n|2|0
orders	NOUN=21	orders=10,Orders=6,ORDERS=1	
ordinance			ordinance|n|3|0
ordinarily	ADV=2	ordinarily=1	ordinarily|r|1|0
ordinary	ADJ=10	ordinary=9,Ordinary=1	ordinary|a|2|0;ordinary|n|5|0
ordination			ordination|n|3|0
ordnance			ordnance|n|2|0
ore			ore|n|2|0
oregon	PROPN=9	Oregon=9	Oregon|n|1|1
org	PROPN=8,NOUN=1	Org=8,org=1	
organ	NOUN=1	organ=1	organ|n|6|0
organic	ADJ=7	organic=7	organic|a|6|0;organic|n|1|0
organisation	NOUN=6,PROPN=2	organisation=6,Organisation=2	organisation|n|7|0
organisational			organisational|a|1|0
organisations	NOUN=3	organisations=3	
organise			organise|v|6|0
organised	ADJ=2	organised=2	organised|a|1|0
organiser			organiser|n|3|0
organising	VERB=1	organising=1	
organism	NOUN=1	organism=1	organism|n|2|0
organisms	NOUN=1	organisms=1	
organization	NOUN=49,PROPN=7	organization=48,Organization=8	organization|n|7|0
organizational	ADJ=1	organizational=1	organizational|a|1|0
organizations	NOUN=17	organizations=17	
organize	VERB=9	organize=9	organize|v|6|0
organized	VERB=12,ADJ=6	organized=18	organized|a|3|0
organizer	NOUN=2	organizer=2	organizer|n|3|0
organizers	NOUN=1	organizers=1	
organizing	VERB=4,NOUN=1	organizing=5	
organs	NOUN=1	organs=1	organs|n|1|0
orgasm			orgasm|n|1|0
orgy			orgy|n|3|0
orient			Orient|n|1|1;orient|n|1|0;orient|v|5|0
oriental	ADJ=1	Oriental=1	oriental|a|2|0
orientation	NOUN=9	orientation=8	orientation|n|6|0
oriented	VERB=7,ADJ=1	oriented=8	oriented|a|1|0
origin	NOUN=13,PROPN=3	origin=13,Origin=3	origin|n|6|0
original	ADJ=55,NOUN=6	original=56,Original=3	original|a|4|0;original|n|2|0
originality	NOUN=2	originality=2	originality|n|2|0
originally	ADV=23	originally=19	originally|r|3|0
originate	VERB=2	originate=2	originate|v|3|0
originated	VERB=3	originated=3	
origins	NOUN=7	origins=7	
orion			Orion|n|2|2
orlando	PROPN=5	Orlando=5	Orlando|n|1|1
orleans	PROPN=20	Orleans=20	Orleans|n|2|2
ornament	NOUN=1	ornament=1	ornament|n|1|0;ornament|v|2|0
ornamental			ornamental|a|1|0;ornamental|n|1|0
ornaments	NOUN=1	ornaments=1	
ornate			ornate|a|1|0
orphan			orphan|n|4|0;orphan|v|1|0
orphanage			orphanage|n|2|0
orphaned	VERB=1	orphaned=1	orphaned|a|1|0
orphans	NOUN=1	orphans=1	
orr	PROPN=2		Orr|n|1|1
orthodox	ADJ=2,PROPN=1	Orthodox=3	Orthodox|a|2|0;orthodox|a|1|0
orthodoxy			orthodoxy|n|2|0
orthopedic			orthopedic|a|1|0
ortiz	PROPN=1	Ortiz=1	
orwell	PROPN=1	Orwell=1	Orwell|n|1|1
os	NOUN=1,PROPN=1	OS=2	OS|n|2|0;Os|n|1|0;os|n|2|0
osaka			Osaka|n|1|1
osama	PROPN=8	Osama=7	
osborne			Osborne|n|1|1
oscar	PROPN=1	Oscar=1	Oscar|n|1|0
oscars	NOUN=1	oscars=1	
osha			OSHA|n|1|0
oslo	PROPN=2	Oslo=2	Oslo|n|1|1
ostensibly	ADV=2	ostensibly=2	ostensibly|r|1|0
osu	PROPN=2	OSU=1	
oswald			Oswald|n|1|1
ot	PART=1	ot=1	
otc	NOUN=1	OTC=1	otc|a|1|0
other	ADJ=678,NOUN=6,ADV=3	other=655,OTHER=1,Other=1	other|a|4|0
others	NOUN=114,ADJ=1	others=114	
otherwise	ADV=32	otherwise=22	otherwise|a|1|0;otherwise|r|2|0
otis			Otis|n|2|1
ottawa	PROPN=3	Ottawa=3	Ottawa|n|3|2
otter			otter|n|2|0
otto	PROPN=6	Otto=4	
ottoman	ADJ=2	Ottoman=2	Ottoman|a|1|0;Ottoman|n|2|0;ottoman|n|2|0
ought	AUX=9,VERB=1	ought=10	
ounce	NOUN=1	ounce=1	ounce|n|3|0
ounces	NOUN=4	ounces=3	
our	PRON=935	our=867,Our=4	
ours	PRON=6	ours=6	
ourselves	PRON=12	ourselves=12	
out	ADP=744,ADV=206,NOUN=11,ADJ=7,PRON=4,PROPN=3,X=2,VERB=1	out=963,OUT=4,Out=4	out|a|10|0;out|n|1|0;out|r|3|0;out|v|3|0
outage	NOUN=1	outage=1	outage|n|2|0
outback	PROPN=2	Outback=2	outback|a|1|0;outback|n|1|0
outbreak	NOUN=8	outbreak=8	outbreak|n|1|0
outbreaks	NOUN=4	outbreaks=4	
outburst			outburst|n|3|0
outcast	ADJ=1	outcast=1	outcast|a|1|0;outcast|n|1|0
outcome	NOUN=12	outcome=12	outcome|n|2|0
outcomes	NOUN=9	outcomes=9	
outcry	NOUN=1	outcry=1	outcry|n|1|0;outcry|v|2|0
outdated	ADJ=3	outdated=2	outdated|a|1|0
outdoor	ADJ=2	outdoor=2	outdoor|a|2|0
outdoors	ADV=5	outdoors=5	outdoors|n|1|0;outdoors|r|1|0
outer	ADJ=19	outer=17,Outer=2	outer|a|3|0
outfield			outfield|n|1|0
outfit	NOUN=6	outfit=6	outfit|n|3|0;outfit|v|1|0
outfits	NOUN=3	outfits=3	
outgoing	ADJ=1	outgoing=1	outgoing|a|3|0
outing	NOUN=1	outing=1	outing|n|2|0
outlaw			outlaw|a|2|0;outlaw|n|1|0;outlaw|v|1|0
outlawed	VERB=1	outlawed=1	outlawed|a|1|0
outlaws	PROPN=1	Outlaws=1	
outlet	NOUN=2	outlet=2	outlet|n|4|0
outlets	NOUN=5	outlets=5	
outline	NOUN=1,VERB=1	outline=2	outline|n|3|0;outline|v|3|0
outlined	VERB=3	outlined=3	outlined|a|1|0
outlines	NOUN=2,VERB=1	outlines=3	
outlining	VERB=1	outlining=1	
outlook	NOUN=1,PROPN=1	outlook=2	outlook|n|3|0
outnumbered	VERB=2	outnumbered=2	
outpatient			outpatient|n|1|0
outpost			outpost|n|3|0
output	NOUN=3	output=3	output|n|5|0;output|v|1|0
outrage			outrage|n|4|0;outrage|v|3|0
outraged	VERB=2	outraged=1	outraged|a|1|0
outrageous	ADJ=1	outrageous=1	outrageous|a|2|0
outreach	NOUN=2	outreach=2	outreach|n|1|0
outright	ADV=3,ADJ=1	outright=4	outright|a|1|0;outright|r|4|0
outs	NOUN=3	outs=3	
outset	NOUN=1	outset=1	outset|n|1|0
outside	ADV=44,ADP=32,ADJ=12,NOUN=2	outside=86	outside|a|10|0;outside|n|2|0;outside|r|2|0
outsider			outsider|n|2|0
outsiders	NOUN=2	outsiders=2	
outskirts			outskirts|n|1|0
outsourcing	VERB=2	outsourcing=1	
outspoken			outspoken|a|2|0
outstanding	ADJ=19	outstanding=17,Outstanding=1	outstanding|a|4|0
outward	ADJ=2,ADV=2	outward=4	outward|a|2|0;outward|r|1|0
outweigh	VERB=1	outweigh=1	outweigh|v|2|0
oval	ADJ=3,PROPN=3,NOUN=1	oval=4,Oval=3	oval|a|1|0;oval|n|1|0
ovarian			ovarian|a|1|0
ovation			ovation|n|1|0
oven	NOUN=11	oven=10,Oven=1	oven|n|1|0
over	ADP=374,ADV=151,ADJ=13,SCONJ=6,VERB=4,NOUN=1,X=1	over=515,OVER=5,Over=1	over|a|1|0;over|n|1|0;over|r|5|0
overall	ADJ=23,ADV=20	overall=29,OVERALL=1,Overall=1	overall|a|2|0;overall|n|2|0
overarching	ADJ=1	overarching=1	
overboard			overboard|r|2|0
overcome	VERB=8	overcome=8	overcome|v|4|0
overcoming	VERB=1	overcoming=1	
overcrowded	ADJ=2	overcrowded=2	
overdose	NOUN=2	overdose=2	overdose|v|1|0
overdrive			overdrive|n|2|0;overdrive|v|2|0
overdue	ADJ=3	overdue=3	overdue|a|1|0
overflow	NOUN=3	overflow=3	overflow|n|2|0;overflow|v|2|0
overflowing	VERB=1	overflowing=1	overflowing|a|1|0
overgrown			overgrown|a|2|0
overhaul			overhaul|n|2|0;overhaul|v|2|0
overhead	ADV=1		overhead|a|1|0;overhead|n|6|0;overhead|r|2|0
overheard	VERB=1	overheard=1	
overheating			overheating|n|1|0
overland	ADJ=1	overland=1	overland|a|1|0
overlap	NOUN=1	overlap=1	overlap|n|3|0;overlap|v|2|0
overlapping			overlapping|n|1|0
overlay			overlay|n|2|0;overlay|v|2|0
overload	VERB=1	overload=1	overload|n|2|0;overload|v|3|0
overloaded			overloaded|a|1|0
overlook	NOUN=1,VERB=1	overlook=2	overlook|n|1|0;overlook|v|5|0
overlooked	VERB=3	overlooked=3	overlooked|a|1|0
overlooking	VERB=1	overlooking=1	overlooking|a|1|0
overly	ADV=3	overly=3	overly|r|1|0
overnight	ADV=7,NOUN=1	overnight=8	overnight|a|1|0;overnight|r|2|0
overpriced	ADJ=11	overpriced=9	overpriced|a|1|0
overrated	VERB=1	overrated=1	
override	VERB=1	override=1	override|n|2|0;override|v|4|0
overriding			overriding|a|1|0
overrun	VERB=1	overrun=1	overrun|n|1|0;overrun|v|5|0
overs	NOUN=1	overs=1	
overseas	ADV=7,ADJ=4	overseas=11	overseas|a|2|0;overseas|r|2|0
oversee			oversee|v|1|0
overseeing	VERB=1	overseeing=1	
overseen	VERB=1	overseen=1	
oversees	VERB=1	oversees=1	
overshadowed	VERB=2	overshadowed=2	
oversight	NOUN=2	oversight=2	oversight|n|3|0
oversized			oversized|a|1|0
overt	ADJ=2,ADP=1	overt=3	overt|a|1|0
overtake			overtake|v|3|0
overthrow	NOUN=4,VERB=1	overthrow=5	overthrow|n|2|0;overthrow|v|2|0
overtime	ADV=1	overtime=1	overtime|n|2|0;overtime|r|1|0
overtly			overtly|r|1|0
overturn			overturn|n|2|0;overturn|v|6|0
overturned			overturned|a|1|0
overview	NOUN=6	overview=5	overview|n|1|0
overwatch			overwatch|n|1|0
overweight			overweight|a|1|0;overweight|n|1|0
overwhelm	VERB=1	overwhelm=1	overwhelm|v|4|0
overwhelmed	VERB=2,ADJ=1	overwhelmed=3	
overwhelming	ADJ=12	overwhelming=12	overwhelming|a|2|0
overwhelmingly	ADV=2	overwhelmingly=2	overwhelmingly|r|1|0
owe	VERB=5	owe=5	owe|v|3|0
owen	PROPN=1	Owen=1	Owen|n|2|2
owens			Owens|n|1|1
owes	VERB=3	owes=3	
owing	VERB=1		owing|a|1|0
owl	NOUN=1	owl=1	owl|n|1|0
owls	NOUN=3,PROPN=2	owls=3,Owls=2	
own	ADJ=221,VERB=24	own=243,OWN=1,Own=1	own|a|1|0;own|v|1|0
owned	VERB=27	owned=27	owned|a|1|0
owner	NOUN=49	owner=45,OWNER=2,Owner=1	owner|n|2|0
owners	NOUN=23	owners=23	
ownership	NOUN=5	ownership=5	ownership|n|3|0
owning	VERB=3	owning=3	
owns	VERB=5	owns=5	
ox			ox|n|2|0
oxford	PROPN=2	Oxford=2	Oxford|n|3|3;oxford|n|1|0
oxidation			oxidation|n|1|0
oxide	NOUN=1	oxide=1	oxide|n|1|0
oxygen	NOUN=5,PROPN=1	oxygen=5,Oxygen=1	oxygen|n|1|0
oyster			oyster|n|3|0;oyster|v|1|0
oz	NOUN=3,PROPN=1	oz=3,Oz=1	
ozone	NOUN=16	ozone=15	ozone|n|1|0
pa	PROPN=7,NOUN=1	PA=5,pa=3	PA|n|2|1;Pa|n|2|0;pa|n|1|0
pablo	PROPN=1		
pac	PROPN=2	PAC=2	PAC|n|1|0
pace	NOUN=10,PROPN=1	pace=10,Pace=1	pace|n|6|0;pace|v|4|0
paced	VERB=1	paced=1	
pacific	ADJ=7,PROPN=7	Pacific=13	Pacific|a|1|0;Pacific|n|1|1;pacific|a|2|0
pacing			pacing|n|2|0
pack	VERB=14,NOUN=5,PROPN=5	pack=13,Pack=6	pack|n|9|0;pack|v|13|0
package	NOUN=12,PROPN=1	package=12,Package=1	package|n|3|0;package|v|1|0
packaged	VERB=3,ADJ=1	packaged=4	packaged|a|1|0
packages	NOUN=6	packages=6	
packaging	NOUN=1	packaging=1	packaging|n|3|0
packard	PROPN=4	Packard=4	
packed	VERB=8,ADJ=4	packed=12	packed|a|2|0
packer	NOUN=1	packer=1	packer|n|3|0
packet	NOUN=2	packet=2	packet|n|4|0
packets	NOUN=1	packets=1	
packing	VERB=4,NOUN=1	packing=5	packing|n|3|0
packs	NOUN=2	packs=2	
pact	NOUN=3	pact=3	pact|n|1|0
pad	NOUN=11,PROPN=1	pad=10,Pad=2	pad|n|7|0;pad|v|4|0
padded	ADJ=1,VERB=1	padded=2	padded|a|1|0
padding			padding|n|1|0
paddle			paddle|n|4|0;paddle|v|6|0
paddock			paddock|n|1|0
paddy			Paddy|n|1|0;paddy|n|2|0
padre			Padre|n|1|0;padre|n|1|0
pads	NOUN=2	pads=2	
pagan	ADJ=1	pagan=1	pagan|a|1|0;pagan|n|3|0
page	NOUN=54,PROPN=1	page=51,Page=3	Page|n|2|2;page|n|4|0;page|v|3|0
pageant			pageant|n|2|0
pages	NOUN=20	pages=19	
paid	VERB=39,X=1	paid=39,PAID=1	paid|a|3|0
paige	PROPN=1	paige=1	Paige|n|1|1
pain	NOUN=33	pain=32	pain|n|4|0;pain|v|2|0
paine	PROPN=7	Paine=7	Paine|n|2|2
painful	ADJ=6	painful=6	painful|a|4|0
painfully			painfully|r|2|0
painless	ADJ=2	painless=2	painless|a|2|0
pains	NOUN=3	pains=3	pains|n|1|0
paint	NOUN=5,VERB=4	paint=8,PAINT=1	paint|n|3|0;paint|v|4|0
painted	VERB=4	painted=4	painted|a|4|0
painter	NOUN=4	painter=4	painter|n|4|0
painting	NOUN=19,VERB=2,PROPN=1	painting=21,Painting=1	painting|n|4|0
paintings	NOUN=17	paintings=17	
paints	VERB=1	paints=1	
pair	NOUN=17,VERB=1	pair=18	pair|n|4|0;pair|v|5|0
paired	VERB=2	paired=2	paired|a|3|0
pairing	VERB=2,NOUN=1	pairing=2	pairing|n|2|0
pairs	NOUN=8	pairs=8	
paisley			paisley|n|1|0
pak	PROPN=1	Pak=1	
pakistan	PROPN=56	Pakistan=54	Pakistan|n|1|1
pakistani	ADJ=26	Pakistani=24	Pakistani|a|1|0;Pakistani|n|1|0
pal	NOUN=1	PAL=1	pal|n|1|0;pal|v|1|0
palace	NOUN=8,PROPN=7	Palace=8,palace=7	palace|n|4|0
palaces	NOUN=2	palaces=1	
palate	NOUN=3	palate=3	palate|n|1|0
pale	ADJ=3,VERB=2	pale=5	pale|a|5|0;pale|n|1|0;pale|v|1|0
palermo			Palermo|n|1|1
palestine	PROPN=5	Palestine=5	Palestine|n|3|3
palestinian	ADJ=24	Palestinian=24	Palestinian|a|1|0;Palestinian|n|1|0
palestinians	PROPN=18	Palestinians=18	
palette	NOUN=2,PROPN=1	palette=2,Palette=1	palette|n|3|0
palladium			palladium|n|1|0
pallet			pallet|n|5|0
palliative			palliative|a|1|0;palliative|n|1|0
palm	NOUN=6,PROPN=2	palm=6,Palm=2	palm|n|4|0;palm|v|1|0
palmer	PROPN=1	Palmer=1	Palmer|n|1|1
palms	NOUN=1	palms=1	
palo	PROPN=1	Palo=1	
palpable			palpable|a|4|0
pals	NOUN=1,PROPN=1	PALS=1,pals=1	
palsy			palsy|n|2|0;palsy|v|1|0
pam	PROPN=3	Pam=1	
pamphlet	NOUN=1	pamphlet=1	pamphlet|n|2|0
pamphlets	NOUN=1		
pan	NOUN=21,PROPN=1	pan=17,Pan=1	Pan|n|2|1;pan|n|2|0;pan|v|3|0
panama	PROPN=8	Panama=6	Panama|n|2|1
pancake	NOUN=1	pancake=1	pancake|n|1|0
pancakes	NOUN=2	pancakes=2	
pancreas			pancreas|n|1|0
pancreatic			pancreatic|a|1|0
panda	PROPN=1	Panda=1	panda|n|2|0
pandemic	NOUN=5	pandemic=5	pandemic|a|2|0;pandemic|n|1|0
pandora			Pandora|n|1|1
pane			pane|n|3|0
panel	NOUN=16,PROPN=1	panel=15,Panel=2	panel|n|8|0;panel|v|2|0
panels	NOUN=2	Panels=1,panels=1	
pang			pang|n|3|0
panic	NOUN=3,VERB=1	panic=4	panic|n|2|0;panic|v|2|0
panicked	ADJ=1	panicked=1	panicked|a|1|0
panicking	VERB=1	panicking=1	
panorama	NOUN=1	panorama=1	panorama|n|2|0
panoramic			panoramic|a|1|0
pans	NOUN=1	pans=1	
pant			pant|n|3|0;pant|v|2|0
pantheon			pantheon|n|3|0
panther	PROPN=1	Panther=1	panther|n|3|0
panties	NOUN=1	panties=1	
pantry	NOUN=1	pantry=1	pantry|n|1|0
pants	NOUN=12	pants=11	pants|n|1|0
pao	NOUN=1	pao=1	
pap			pap|n|3|0
papa			papa|n|1|0
papal			papal|a|1|0
paper	NOUN=63,PROPN=2	paper=63,Paper=2	paper|n|7|0;paper|v|2|0
paperback	PROPN=1	Paperback=1	paperback|a|1|0;paperback|n|1|0
papers	NOUN=17	papers=17	papers|n|1|0
paperwork	NOUN=10	paperwork=10	paperwork|n|1|0
papua			Papua|n|1|0
par	ADJ=1,NOUN=1	par=2	par|n|2|0;par|v|1|0
para	NOUN=2	Para=2	Para|n|2|2;para|n|3|0
parable			parable|n|2|0
parachute	NOUN=3	parachute=2,Parachute=1	parachute|n|1|0;parachute|v|1|0
parade	NOUN=3	parade=3	parade|n|3|0;parade|v|2|0
paradigm	NOUN=1	paradigm=1	paradigm|n|4|0
paradise	NOUN=4	paradise=3,Paradise=1	Paradise|n|1|0;paradise|n|1|0
paradox	NOUN=1	paradox=1	paradox|n|1|0
paragraph	NOUN=13,PROPN=1	Paragraph=7,paragraph=7	paragraph|n|1|0;paragraph|v|3|0
paragraphs	NOUN=1	paragraphs=1	
paraguay			Paraguay|n|1|1
parallel	ADJ=6,NOUN=1	parallel=7	parallel|a|2|0;parallel|n|3|0;parallel|v|3|0
paralympic	ADJ=7	Paralympic=6	
paralympics	PROPN=9	Paralympics=9	Paralympics|n|1|0
paralysis			paralysis|n|1|0
paralyzed	VERB=1	paralyzed=1	paralyzed|a|1|0
paramedic			paramedic|n|1|0
parameter			parameter|n|4|0
parameters	NOUN=4	parameters=4	
paramilitary	NOUN=1	paramilitary=1	paramilitary|a|1|0;paramilitary|n|1|0
paramount	ADJ=1,PROPN=1	Paramount=1,paramount=1	paramount|a|1|0
paranoia			paranoia|n|1|0
paranoid	ADJ=1	paranoid=1	paranoid|a|1|0;paranoid|n|1|0
paranormal	ADJ=1	paranormal=1	paranormal|a|2|0
parasite	NOUN=1	parasite=1	parasite|n|2|0
parasitic			parasitic|a|3|0
parcel	NOUN=2,PROPN=1	parcel=2,Parcel=1	parcel|n|4|0;parcel|v|3|0
parcels	NOUN=1	Parcels=1	
parchment	NOUN=1	parchment=1	parchment|n|2|0
pardon	INTJ=1,NOUN=1,VERB=1	pardon=2	pardon|n|3|0;pardon|v|2|0
parent	NOUN=9	parent=6,Parent=3	parent|n|2|0;parent|v|1|0
parental	ADJ=2	parental=2	parental|a|2|0
parentheses	NOUN=1	parentheses=1	
parenthood			parenthood|n|1|0
parents	NOUN=62,PROPN=1	parents=60,Parents=2	
paris	PROPN=49	Paris=42,paris=2	Paris|n|4|3
parish	PROPN=2,NOUN=1	Parish=2,parish=1	parish|n|2|0
parisian	ADJ=2	Parisian=2	Parisian|a|1|0;Parisian|n|1|0
parity			parity|n|5|0
park	PROPN=31,NOUN=20,VERB=6	park=30,Park=27	Park|n|1|1;park|n|5|0;park|v|2|0
parked	VERB=1	parked=1	parked|a|1|0
parker			Parker|n|2|2
parking	NOUN=28,VERB=1	parking=28	parking|n|2|0
parkinson			Parkinson|n|2|2
parks	NOUN=13,PROPN=2	parks=11,Parks=3	Parks|n|1|1
parkway	PROPN=2	Parkway=2	parkway|n|1|0
parliament	PROPN=5,NOUN=4	Parliament=5,parliament=4	parliament|n|2|0
parliamentary	ADJ=3	Parliamentary=2,parliamentary=1	parliamentary|a|3|0
parlor			parlor|n|2|0
parlour			parlour|n|2|0
parmesan	PROPN=4,NOUN=1	Parmesan=4	Parmesan|n|1|0
parody	NOUN=2	parody=2	parody|n|2|0;parody|v|2|0
parole	NOUN=3	parole=2,Parole=1	parole|n|3|0;parole|v|1|0
parrot	NOUN=1	parrot=1	parrot|n|2|0;parrot|v|1|0
parry	PROPN=1	Parry=1	parry|n|2|0;parry|v|2|0
parsley			parsley|n|2|0
parsons			Parsons|n|1|1
part	NOUN=192,VERB=2	part=188	part|n|13|0;part|r|1|0;part|v|5|0
partake			partake|v|3|0
parted			parted|a|1|0
partial	ADJ=4	partial=4	partial|a|4|0;partial|n|2|0
partially	ADV=5	partially=4,Partially=1	partially|r|1|0
participant	NOUN=7	participant=7	participant|n|2|0
participants	NOUN=23	participants=19,Participants=3	
participate	VERB=19	participate=19	participate|v|2|0
participated	VERB=6	participated=6	
participating	VERB=9	participating=9	participating|a|1|0
participation	NOUN=17	participation=17	participation|n|2|0
participatory	ADJ=1	participatory=1	participatory|a|1|0
particle	NOUN=3	particle=3	particle|n|3|0
particles	NOUN=14	particles=13,Particles=1	
particular	ADJ=76	particular=76	particular|a|6|0;particular|n|3|0
particularly	ADV=44	particularly=42	particularly|r|3|0
parties	NOUN=30,PROPN=2	parties=28,Parties=3	
parting			parting|n|2|0
partisan			partisan|a|1|0;partisan|n|3|0
partisans	NOUN=2	partisans=2	
partition	NOUN=1,VERB=1	partition=2	partition|n|4|0;partition|v|2|0
partly	ADV=6	partly=6	partly|r|1|0
partner	NOUN=11,VERB=1	partner=12	partner|n|3|0;partner|v|2|0
partnered	VERB=2	partnered=2	
partners	NOUN=12,PROPN=1	partners=12,Partners=1	
partnership	NOUN=7	partnership=7	partnership|n|3|0
partnerships	NOUN=5,PROPN=1	partnerships=5,Partnerships=1	
partridge			partridge|n|5|0
parts	NOUN=60,PROPN=1	parts=54,Parts=6	parts|n|1|0
party	NOUN=76,PROPN=53,VERB=5	party=81,Party=52,PARTY=1	party|n|5|0;party|v|1|0
partying	VERB=1	partying=1	
pas	ADV=1,PROPN=1	pas=2	pas|n|1|0
pasadena			Pasadena|n|1|1
pascal			Pascal|n|2|1;pascal|n|1|0
pasha			pasha|n|1|0
paso	PROPN=1	Paso=1	
pass	VERB=35,NOUN=2	pass=36,Pass=1	pass|a|1|0;pass|n|16|0;pass|v|25|0
passage	NOUN=10	passage=9	passage|n|10|0
passages	NOUN=4,PROPN=1	passages=4,Passages=1	
passed	VERB=29	passed=29	
passenger	NOUN=3	passenger=3	passenger|n|1|0
passengers	NOUN=5	passengers=5	
passer			Passer|n|1|0;passer|n|4|0
passes	VERB=7,NOUN=1	passes=8	
passing	VERB=14,NOUN=4	passing=17	passing|a|4|0;passing|n|7|0;passing|r|1|0
passion	NOUN=9,PROPN=3	passion=8,Passion=4	Passion|n|1|0;passion|n|6|0
passionate	ADJ=2	passionate=2	passionate|a|1|0
passionately			passionately|r|2|0
passions	NOUN=2	passions=2	
passive	ADJ=3	passive=2,Passive=1	passive|a|3|0;passive|n|1|0
passover			Passover|n|1|0
passport	NOUN=13	passport=12	passport|n|3|0
passports	NOUN=1	passports=1	
password	NOUN=10	Password=5,password=3,PASSWORD=2	password|n|1|0
past	ADJ=55,NOUN=38,ADP=13,ADV=1,SCONJ=1	past=107	past|a|2|0;past|n|3|0;past|r|1|0
pasta	NOUN=6	pasta=5	pasta|n|2|0
paste	NOUN=3,VERB=3	paste=6	paste|n|4|0;paste|v|3|0
pastel			pastel|a|2|0;pastel|n|1|0
pastime			pastime|n|1|0
pastor	NOUN=6	pastor=4,Pastor=2	Pastor|n|1|0;pastor|n|1|0
pastoral			pastoral|a|3|0;pastoral|n|3|0
pastry			pastry|n|2|0
pasture	NOUN=3	pasture=3	pasture|n|2|0;pasture|v|2|0
pastures	NOUN=1	pastures=1	
pat	PROPN=9,NOUN=1,VERB=1	Pat=3,PAT=2	pat|a|2|0;pat|n|2|0;pat|r|1|0;pat|v|2|0
patch	NOUN=1	patch=1	patch|n|9|0;patch|v|4|0
patched			patched|a|2|0
patches	NOUN=1	patches=1	
patchwork			patchwork|n|3|0
patel	PROPN=3	Patel=3	
patent	NOUN=4	patent=3,Patent=1	patent|a|2|0;patent|n|2|0;patent|v|3|0
patented	VERB=1	patented=1	patented|a|1|0
patents	NOUN=7	patents=7	
paternal	ADJ=1	paternal=1	paternal|a|4|0
paternity			paternity|n|3|0
paterson			Paterson|n|2|2
path	NOUN=23,PROPN=1	path=23,Path=1	path|n|4|0
pathetic			pathetic|a|3|0
pathogen			pathogen|n|1|0
pathogens	NOUN=1	pathogens=1	
pathological	ADJ=1	pathological=1	pathological|a|3|0
pathologist			pathologist|n|1|0
pathology			pathology|n|2|0
paths	NOUN=7	paths=7	
pathway			pathway|n|2|0
pathways	NOUN=3	pathways=2,Pathways=1	
patience	NOUN=14	patience=12	patience|n|2|0
patient	NOUN=14,ADJ=7	patient=21	patient|a|1|0;patient|n|2|0
patiently			patiently|r|1|0
patients	NOUN=10	patients=10	
patio	NOUN=2,PROPN=1	patio=2,Patio=1	patio|n|1|0
patriarch			patriarch|n|4|0
patriarchal			patriarchal|a|2|0
patriarchy			patriarchy|n|1|0
patricia	PROPN=3	Patricia=3	
patrick	PROPN=9	Patrick=7	Patrick|n|1|1
patriot	NOUN=1,PROPN=1	Patriot=1,patriot=1	patriot|n|1|0
patriotic	ADJ=2	patriotic=2	patriotic|a|1|0
patriotism	NOUN=1	Patriotism=1	patriotism|n|1|0
patrol	NOUN=2,VERB=2	patrol=2,PATROL=1,Patrol=1	patrol|n|3|0;patrol|v|1|0
patron	NOUN=6	patron=6	patron|n|3|0
patronage	NOUN=2	patronage=2	patronage|n|5|0;patronage|v|2|0
patrons	NOUN=5	patrons=4,Patrons=1	
patsy			patsy|n|1|0
pattern	NOUN=15	pattern=14,Pattern=1	pattern|n|8|0;pattern|v|2|0
patterned			patterned|a|1|0
patterns	NOUN=12	patterns=12	
patterson	PROPN=5	Patterson=5	
patty	PROPN=6	Patty=1	patty|n|3|0
paul	PROPN=45	Paul=24	Paul|n|2|2
paula	PROPN=7		
pauline	PROPN=1	Pauline=1	Pauline|a|1|0
paulo	PROPN=11	Paulo=11	
pause	NOUN=4,VERB=2	pause=6	pause|n|2|0;pause|v|2|0
paused	VERB=1	paused=1	
pauses	NOUN=1	pauses=1	
pave			pave|n|1|0;pave|v|1|0
paved	ADJ=1	paved=1	paved|a|1|0
pavement			pavement|n|3|0
pavilion	NOUN=7	pavilion=7	pavilion|n|1|0
paving	VERB=1	paving=1	paving|n|3|0
paw	NOUN=2,VERB=1	paw=3	paw|n|2|0;paw|v|2|0
pawn	VERB=1	pawn=1	pawn|n|4|0;pawn|v|1|0
paws	NOUN=1	paws=1	
pax	PROPN=1	Pax=1	pax|n|1|0
paxton			Paxton|n|1|1
pay	VERB=115,NOUN=5	pay=115,PAY=1,Pay=1	pay|n|1|0;pay|v|11|0
payable	ADJ=3	payable=3	payable|a|1|0;payable|n|1|0
payback			payback|n|2|0
paycheck			paycheck|n|1|0
payday			payday|n|1|0
payer	NOUN=1	payer=1	payer|n|1|0
payers	NOUN=3	payers=3	
paying	VERB=22	paying=22	paying|a|2|0
payload			payload|n|2|0
payment	NOUN=33	payment=25,Payment=7	payment|n|3|0
payments	NOUN=10,PROPN=1	payments=10,Payments=1	
payne	PROPN=1	Payne=1	
payoff	NOUN=2	payoff=2	payoff|n|4|0
payout	NOUN=2	payout=2	
paypal	PROPN=2	PayPal=2	
payroll	NOUN=4	payroll=4	payroll|n|3|0
pays	VERB=9	pays=9	
pb			PB|n|2|0;Pb|n|2|0
pbs			PBS|n|1|0
pc	PROPN=3,NOUN=2	PC=3,pc=1	PC|n|1|0
pcs	NOUN=1,PROPN=1	PCs=1,pcs=1	
pct			pct|n|1|0
pd	PROPN=1	PD=1	Pd|n|1|0
pdf	NOUN=3	pdf=2,PDF=1	
pe			pe|n|1|0
pea	NOUN=2	Pea=1,pea=1	pea|n|3|0
peabody			Peabody|n|1|1
peace	NOUN=84,PROPN=4	peace=80,Peace=6	peace|n|5|0
peaceful	ADJ=18	peaceful=18	peaceful|a|2|0
peacefully	ADV=7	peacefully=7	peacefully|r|1|0
peacekeeping	NOUN=2,PROPN=1	peacekeeping=2,Peacekeeping=1	peacekeeping|a|1|0;peacekeeping|n|1|0
peach	NOUN=2,PROPN=1	peach=2,Peach=1	peach|n|4|0;peach|v|1|0
peacock			peacock|n|2|0
peak	NOUN=7,ADJ=1,PROPN=1	peak=8,Peak=1	peak|n|7|0;peak|v|1|0
peaked			peaked|a|2|0
peaking	VERB=2	peaking=2	
peaks	NOUN=1	peaks=1	
peanut	NOUN=1	peanut=1	peanut|a|1|0;peanut|n|4|0
peanuts	NOUN=2	PEANUTS=1,peanuts=1	peanuts|n|1|0
pear			pear|n|2|0
pearl	PROPN=2,NOUN=1	Pearl=2,pearl=1	pearl|n|3|0;pearl|v|1|0
pearls	NOUN=1	pearls=1	
pearson	PROPN=1	Pearson=1	
peas	NOUN=2	Peas=1,peas=1	
peasant	PROPN=1	Peasant=1	peasant|n|3|0
peasants	NOUN=2	peasants=2	
peat	NOUN=2	peat=2	peat|n|1|0
pebble	NOUN=1	pebble=1	pebble|n|1|0
pebbles	NOUN=2	pebbles=2	
peck			peck|n|5|0;peck|v|5|0
peculiar	ADJ=1	peculiar=1	peculiar|a|4|0
pedagogy			pedagogy|n|3|0
pedal			pedal|a|1|0;pedal|n|2|0;pedal|v|2|0
pedestal	NOUN=1	pedestal=1	pedestal|n|3|0
pedestrian	NOUN=2	pedestrian=2	pedestrian|a|1|0;pedestrian|n|1|0
pediatric	ADJ=2	pediatric=2	pediatric|a|1|0
pediatrics	PROPN=1	Pediatrics=1	pediatrics|n|1|0
pedigree			pedigree|a|1|0;pedigree|n|3|0
pedophile			pedophile|n|1|0
pedophilia			pedophilia|n|1|0
pee	VERB=1,X=1	pee=2	pee|n|2|0;pee|v|1|0
peeing	VERB=3	peeing=3	peeing|n|1|0
peek			peek|n|1|0;peek|v|1|0
peel			Peel|n|1|1;peel|n|1|0;peel|v|3|0
peeled	VERB=2	peeled=2	peeled|a|1|0
peeling	VERB=1	peeling=1	peeling|n|1|0
peep			peep|n|2|0;peep|v|5|0
peer	NOUN=5	peer=4	peer|n|2|0;peer|v|1|0
peers	NOUN=1	peers=1	
peg	VERB=2	peg=2	peg|n|6|0;peg|v|4|0
pegasus			Pegasus|n|2|2
peggy	PROPN=2		
peking	PROPN=1	Peking=1	Peking|n|1|1
pellet			pellet|n|2|0
pelosi	PROPN=3	Pelosi=2	
pelvic	ADJ=1	pelvic=1	pelvic|a|1|0
pelvis			pelvis|n|2|0
pen	NOUN=7,PROPN=1	pen=7,Pen=1	pen|n|5|0;pen|v|1|0
penal			penal|a|3|0
penalties	NOUN=2	penalties=2	
penalty	NOUN=8	penalty=8	penalty|n|4|0
penance	NOUN=1	penance=1	penance|n|3|0
pencil	NOUN=5	pencil=5	pencil|n|4|0;pencil|v|1|0
pencils	NOUN=1	pencils=1	
pendant			pendant|a|1|0;pendant|n|2|0
pending	VERB=4,ADJ=1,NOUN=1	pending=5,Pending=1	pending|a|1|0
pendulum	NOUN=1	pendulum=1	pendulum|n|1|0
penelope			Penelope|n|2|1
penetrate	VERB=1	penetrate=1	penetrate|v|7|0
penetrated	VERB=1	penetrated=1	
penetrating			penetrating|a|2|0
penetration	NOUN=1	penetration=1	penetration|n|6|0
penguin			penguin|n|1|0
peninsula	NOUN=8,PROPN=4	peninsula=10,Peninsula=2	peninsula|n|1|0
penis			penis|n|1|0
penitentiary	NOUN=1	penitentiary=1	penitentiary|a|2|0;penitentiary|n|1|0
penn	PROPN=17,X=1	Penn=14,penn=1	Penn|n|2|2
penned	VERB=1	penned=1	
pennies	NOUN=2	pennies=2	
pennsylvania	PROPN=15	Pennsylvania=14,PENNSYLVANIA=1	Pennsylvania|n|3|3
penny	NOUN=9	penny=8,Penny=1	penny|n|2|0
pension			pension|n|1|0;pension|v|1|0
pentagon	PROPN=8	Pentagon=8	Pentagon|n|2|1;pentagon|n|1|0
penthouse			penthouse|n|1|0
penultimate	ADJ=1	penultimate=1	penultimate|a|1|0;penultimate|n|1|0
people	NOUN=765,PROPN=18	people=722,People=32,PEOPLE=2	people|n|4|0;people|v|2|0
peoples	NOUN=22	peoples=15,Peoples=7	peoples|n|1|0
peoria	PROPN=1	Peoria=1	Peoria|n|1|1
pep	NOUN=1	PEP=1	pep|n|1|0
pepper	NOUN=5	pepper=5	pepper|n|4|0;pepper|v|2|0
peppermint	NOUN=6	peppermint=4	peppermint|n|3|0
peppers	NOUN=3	peppers=3	
pepsi	PROPN=2	Pepsi=2	Pepsi|n|1|0
peptide			peptide|n|1|0
per	ADP=106,NOUN=12,PROPN=6	per=108,Per=4	
perceive	VERB=3	perceive=3	perceive|v|2|0
perceived	VERB=14	perceived=14	perceived|a|2|0
percent	NOUN=62	percent=62	percent|n|1|0
percentage	NOUN=63	Percentage=58,percentage=5	percentage|n|2|0
percentages	NOUN=1	percentages=1	
percentile	NOUN=5	percentile=5	percentile|n|1|0
perception	NOUN=6	perception=6	perception|n|5|0
perceptions	NOUN=4	perceptions=4	
perch			perch|n|7|0;perch|v|3|0
percussion			percussion|n|4|0
percy			Percy|n|2|2
perennial	ADJ=1	perennial=1	perennial|a|3|0;perennial|n|1|0
perez	PROPN=7	PEREZ=5,Perez=2	
perfect	ADJ=53	perfect=46,Perfect=1	perfect|a|3|0;perfect|n|1|0;perfect|v|1|0
perfected	VERB=1	perfected=1	perfected|a|1|0
perfection	NOUN=4	perfection=4	perfection|n|3|0
perfectly	ADV=16	perfectly=16	perfectly|r|2|0
perform	VERB=12,X=1	perform=13	perform|v|4|0
performance	NOUN=50,VERB=1	performance=36,PERFORMANCE=11,Performance=2	performance|n|5|0
performances	NOUN=10	performances=10	
performed	VERB=15	performed=15	
performer	NOUN=1	performer=1	performer|n|1|0
performers	NOUN=2	performers=2	
performing	VERB=7,NOUN=3	performing=10	performing|n|1|0
perfume	NOUN=3	perfume=3	perfume|n|2|0;perfume|v|2|0
perhaps	ADV=60	perhaps=42	perhaps|r|1|0
peril	NOUN=1	peril=1	peril|n|3|0;peril|v|2|0
perilous			perilous|a|1|0
perils	NOUN=2	perils=2	
perimeter	NOUN=1	perimeter=1	perimeter|n|3|0
period	NOUN=90	period=84,Period=6	period|n|7|0
periodic			periodic|a|2|0
periodical			periodical|a|1|0;periodical|n|1|0
periodically	ADV=2	periodically=2	periodically|r|1|0
periods	NOUN=11	periods=11	
peripheral			peripheral|a|2|0;peripheral|n|1|0
periphery			periphery|n|1|0
perish			perish|v|1|0
perjury			perjury|n|1|0
perk			perk|n|1|0;perk|v|1|0
perkins	PROPN=3	Perkins=3	
perks	NOUN=2,VERB=1	perks=3	
perm			Perm|n|1|1;perm|n|1|0;perm|v|1|0
permanent	ADJ=13	permanent=12,Permanent=1	permanent|a|2|0;permanent|n|1|0
permanently	ADV=4	permanently=4	permanently|r|1|0
permissible	ADJ=1	permissible=1	permissible|a|2|0
permission	NOUN=8	permission=8	permission|n|2|0
permissions	NOUN=1	permissions=1	
permit	VERB=7,NOUN=6	permit=13	permit|n|3|0;permit|v|3|0
permits	VERB=4,NOUN=2	permits=5,Permits=1	
permitted	VERB=7	permitted=7	
permitting	VERB=1	permitting=1	
peroxide	NOUN=8	peroxide=8	peroxide|n|2|0;peroxide|v|1|0
perpendicular	ADJ=1	perpendicular=1	perpendicular|a|3|0;perpendicular|n|4|0
perpetrated	VERB=1	perpetrated=1	
perpetrator			perpetrator|n|1|0
perpetrators	NOUN=1	perpetrators=1	
perpetual	ADJ=2	perpetual=2	perpetual|a|2|0
perpetually			perpetually|r|2|0
perpetuate			perpetuate|v|1|0
perry	PROPN=1	Perry=1	Perry|n|3|3;perry|n|1|0
persecuted	VERB=2	persecuted=2	
persecution	NOUN=1	persecution=1	persecution|n|1|0
perseverance	NOUN=6	perseverance=4,Perseverance=2	perseverance|n|2|0
persia	PROPN=3	Persia=3	Persia|n|2|2
persian	PROPN=7,ADJ=2	Persian=9	Persian|a|1|0;Persian|n|2|0
persist	VERB=2	persist=2	persist|v|3|0
persisted	VERB=1	persisted=1	
persistence	NOUN=2	persistence=2	persistence|n|3|0
persistent	ADJ=8	persistent=8	persistent|a|4|0
person	NOUN=152	person=150,PERSON=1,Person=1	person|n|3|0
persona			persona|n|2|0
personal	ADJ=68	personal=60,Personal=3	personal|a|4|0;personal|n|1|0
personalised			personalised|a|1|0
personality	NOUN=15,PROPN=1	personality=14,Personality=1	personality|n|2|0
personalized	VERB=2	personalized=2	personalized|a|2|0
personally	ADV=30	personally=25	personally|r|5|0
personnel	NOUN=1	personnel=1	personnel|n|2|0
persons	NOUN=9	persons=9	
perspective	NOUN=13	perspective=12,Perspective=1	perspective|n|2|0
perspectives	NOUN=2	perspectives=2	
persuade	VERB=2	persuade=2	persuade|v|2|0
persuaded	VERB=3	persuaded=3	
persuading	VERB=1	persuading=1	
persuasion	NOUN=1	persuasion=1	persuasion|n|2|0
persuasive	ADJ=1	persuasive=1	persuasive|a|1|0
pertaining	VERB=1	pertaining=1	
perth			Perth|n|1|1
pertinent	ADJ=2	pertinent=2	pertinent|a|2|0
peru	PROPN=2	Peru=1,peru=1	Peru|n|1|1
peruvian	ADJ=1	Peruvian=1	Peruvian|a|1|0;Peruvian|n|1|0
pervasive	ADJ=1	pervasive=1	pervasive|a|1|0
perverse			perverse|a|3|0
pervert			pervert|n|1|0;pervert|v|3|0
perverted	ADJ=2	perverted=2	perverted|a|3|0
peshawar			Peshawar|n|1|1
pesky	ADJ=1	pesky=1	pesky|a|1|0
pessimistic			pessimistic|a|1|0
pest	PROPN=1	Pest=1	pest|n|4|0
pesticide			pesticide|n|1|0
pesticides	NOUN=1	pesticides=1	
pests	NOUN=3	pests=3	
pet	NOUN=37,PROPN=3,VERB=2	pet=41,Pet=1	PET|n|1|0;pet|a|1|0;pet|n|3|0;pet|v|2|0
pete	PROPN=11	Pete=6	
peter	PROPN=23,X=2	Peter=17	Peter|n|1|1
peters	PROPN=3	Peters=3	
petersburg	PROPN=6	Petersburg=6	Petersburg|n|2|2
petersen	PROPN=3	Petersen=2	
peterson	PROPN=7	Peterson=7	
petit	PROPN=2	Petit=1,petit=1	
petite	PROPN=2	Petite=1	petite|a|1|0;petite|n|1|0
petition	NOUN=4	petition=4	petition|n|2|0;petition|v|1|0
petitions	NOUN=2	petitions=2	
petrol	NOUN=1	petrol=1	petrol|n|1|0
petroleum	NOUN=9,PROPN=1	petroleum=9,Petroleum=1	petroleum|n|1|0
pets	NOUN=13,PROPN=2	pets=14	
petty	ADJ=4	petty=4	petty|a|3|0;petty|n|1|0
pew	PROPN=7,NOUN=1	Pew=6,pew=1	pew|n|1|0
ph	NOUN=3	Ph=1,pH=1,ph=1	pH|n|1|0
phantom	NOUN=3	phantom=2,Phantom=1	phantom|a|1|0;phantom|n|2|0
pharaoh			Pharaoh|n|1|0
pharma			pharma|n|1|0
pharmaceutical	ADJ=1	pharmaceutical=1	pharmaceutical|a|2|0;pharmaceutical|n|1|0
pharmacist	NOUN=1	pharmacist=1	pharmacist|n|1|0
pharmacology			pharmacology|n|1|0
pharmacy	NOUN=5,PROPN=1	pharmacy=5,Pharmacy=1	pharmacy|n|2|0
pharrell	PROPN=1	Pharrell=1	
phase	NOUN=10	phase=10	phase|n|4|0;phase|v|2|0
phased	VERB=1	phased=1	
phases	NOUN=2	phases=2	
phd	NOUN=4,PROPN=1	PhD=5	PhD|n|1|0
phenomena	NOUN=2	phenomena=2	
phenomenal	ADJ=2	phenomenal=2	phenomenal|a|2|0
phenomenon	NOUN=10	phenomenon=10	phenomenon|n|2|0
phi			phi|n|1|0
phil	PROPN=3	Phil=2	
philadelphia	PROPN=19	Philadelphia=18,philadelphia=1	Philadelphia|n|1|1
philanthropic			philanthropic|a|2|0
philanthropist			philanthropist|n|1|0
philanthropy			philanthropy|n|1|0
philharmonic			philharmonic|a|2|0;philharmonic|n|1|0
philip	PROPN=6	Philip=3	Philip|n|1|1
philippine	ADJ=4	Philippine=3,philippine=1	Philippine|a|1|0;Philippine|n|1|0
philippines	PROPN=19	Philippines=18	Philippines|n|2|2
phillies	PROPN=1	phillies=1	
phillip	PROPN=11	Phillip=3	
phillips	PROPN=11	Phillips=11	
philly	PROPN=7	Philly=3,PHILLY=2,philly=2	
philosopher	NOUN=5	philosopher=5	philosopher|n|2|0
philosophers	NOUN=6	philosophers=6	
philosophical	ADJ=4	philosophical=4	philosophical|a|2|0
philosophies	NOUN=1	philosophies=1	
philosophy	NOUN=10,PROPN=1	philosophy=9,Philosophy=2	philosophy|n|3|0
phobia	NOUN=1	phobia=1	phobia|n|1|0
phoebe	NOUN=1,PROPN=1	Phoebe=1,phoebe=1	Phoebe|n|2|1;phoebe|n|1|0
phoenix	PROPN=18	Phoenix=12,phoenix=1	Phoenix|n|2|2;phoenix|n|2|0
phone	NOUN=118,PROPN=1,VERB=1	phone=86,Phone=30,PHONE=2	phone|n|3|0;phone|v|1|0
phoned	VERB=4	phoned=4	
phones	NOUN=10	phones=10	
phony			phony|a|1|0;phony|n|1|0
phosphate			phosphate|n|2|0
phosphorus			Phosphorus|n|1|0;phosphorus|n|1|0
photo	NOUN=26	photo=20,Photo=2	photo|n|1|0
photograph	NOUN=6,VERB=1	photograph=7	photograph|n|1|0;photograph|v|2|0
photographed	VERB=2	photographed=2	
photographer	NOUN=9	photographer=9	photographer|n|1|0
photographers	NOUN=6	photographers=6	
photographic	ADJ=6	Photographic=4,photographic=2	photographic|a|2|0
photographing	VERB=1	photographing=1	
photographs	NOUN=7,PROPN=1	photographs=6,Photographs=1	
photography	NOUN=19	photography=18,Photography=1	photography|n|3|0
photon			photon|n|1|0
photos	NOUN=20	photos=17,Photos=1	
photoshop	PROPN=2	photoshop=2	photoshop|v|1|0
phrase	NOUN=13,VERB=1	phrase=13	phrase|n|4|0;phrase|v|2|0
phrases	NOUN=4	phrases=4	
phyllis	PROPN=4		
physical	ADJ=30,NOUN=1	physical=30	physical|a|7|0
physically	ADV=6	physically=6	physically|r|1|0
physician	NOUN=5	physician=5	physician|n|1|0
physicians	NOUN=2	physicians=2	
physicist	NOUN=2	physicist=2	physicist|n|1|0
physics	NOUN=3	physics=3	physics|n|2|0
physiological			physiological|a|2|0
physiology	NOUN=1	physiology=1	physiology|n|2|0
physique			physique|n|2|0
pi	NOUN=1,PROPN=1	PI=1,Pi=1	PI|n|3|0;pi|n|2|0
pia			pia|n|1|0
pianist			pianist|n|1|0
piano	NOUN=4	piano=4	piano|a|1|0;piano|n|2|0;piano|r|1|0
piazza			piazza|n|1|0
pic	NOUN=1	pic=1	pic|n|2|0
picasso	PROPN=2	Picasso=2	Picasso|n|1|1
pick	VERB=50,NOUN=1	pick=51	pick|n|9|0;pick|v|12|0
picked	VERB=19,ADJ=1	picked=20	
picket	VERB=2,NOUN=1	picket=3	picket|n|6|0;picket|v|2|0
picking	VERB=10	picking=10	picking|n|2|0
pickle	NOUN=1,PROPN=1	Pickle=1,pickle=1	pickle|n|2|0;pickle|v|1|0
pickled			pickled|a|1|0
picks	VERB=2,NOUN=1	picks=3	
pickup	NOUN=2	pickup=2	pickup|n|9|0
pickups	NOUN=1	pickups=1	
picky	ADJ=3	picky=3	picky|a|1|0
picnic	NOUN=1,VERB=1	picnic=2	picnic|n|3|0;picnic|v|1|0
pics	NOUN=3	pics=3	
pictorial			pictorial|a|2|0;pictorial|n|1|0
picture	NOUN=29,VERB=3,PROPN=1	picture=26,Picture=6	picture|n|10|0;picture|v|2|0
pictured	VERB=1	pictured=1	pictured|a|2|0
pictures	NOUN=47	pictures=45,Pictures=1	
picturesque	ADJ=3	picturesque=3	picturesque|a|2|0
pie	NOUN=6,PROPN=1	pie=6,Pie=1	PIE|n|1|0;pie|n|1|0
piece	NOUN=47	piece=47	piece|n|13|0;piece|v|5|0
pieces	NOUN=26	pieces=25,PIECES=1	
piedmont	PROPN=2	Piedmont=2	Piedmont|n|2|2;piedmont|n|1|0
pier			pier|n|3|0
pierce	VERB=1	pierce=1	Pierce|n|1|1;pierce|v|5|0
pierced			pierced|a|1|0
piercing			piercing|a|2|0
pierre	PROPN=9	Pierre=7	Pierre|n|1|1
pies	NOUN=3,PROPN=2	pies=5	
piety			piety|n|1|0
pig	NOUN=8	pig=7,Pig=1	pig|n|6|0;pig|v|3|0
pigeon	NOUN=2	pigeon=2	pigeon|n|1|0
piggy			piggy|a|1|0;piggy|n|1|0
pigment	NOUN=1	pigment=1	pigment|n|3|0;pigment|v|2|0
pigs	NOUN=4,PROPN=2	pigs=4,Pigs=2	
pike	PROPN=4	Pike=3	pike|n|5|0
pile	NOUN=10	pile=10	pile|n|8|0;pile|v|3|0
piled	VERB=2	piled=2	
piles	NOUN=1	piles=1	piles|n|2|0
pilgrim			Pilgrim|n|1|0;pilgrim|n|2|0
pilgrimage	NOUN=4	pilgrimage=4	pilgrimage|n|1|0
pilgrims	NOUN=5	pilgrims=4	
piling			piling|n|1|0
pill	NOUN=1,PROPN=1	Pill=1,pill=1	pill|n|5|0
pillar	NOUN=1	pillar=1	pillar|n|5|0
pillars	NOUN=4	pillars=4	
pillow	NOUN=2,PROPN=1	pillow=2,Pillow=1	pillow|n|1|0;pillow|v|1|0
pills	NOUN=2	pills=2	
pilot	NOUN=25,PROPN=5,VERB=1	pilot=24,Pilot=7	pilot|n|6|0;pilot|v|2|0
pilots	NOUN=6	pilots=6	
pimp			pimp|n|1|0;pimp|v|1|0
pin	NOUN=7,VERB=2	pin=7	PIN|n|1|0;pin|n|10|0;pin|v|4|0
pinball			pinball|n|1|0
pinch	VERB=5,NOUN=3	pinch=6,Pinch=1	pinch|n|7|0;pinch|v|5|0
pinched	VERB=1	pinched=1	pinched|a|4|0
pine	NOUN=1	pine=1	pine|n|2|0;pine|v|1|0
pineapple			pineapple|n|2|0
pines	NOUN=1	pines=1	
ping			Ping|n|1|1;ping|n|1|0;ping|v|5|0
pink	ADJ=8	pink=6,Pink=1	pink|a|1|0;pink|n|3|0;pink|v|3|0
pinky	NOUN=3	pinky=3	pinky|n|1|0
pinnacle			pinnacle|n|3|0;pinnacle|v|2|0
pinning	VERB=1	pinning=1	pinning|n|1|0
pinot	PROPN=4	Pinot=4	Pinot|n|1|0
pinpoint	VERB=1	pinpoint=1	pinpoint|n|3|0;pinpoint|v|1|0
pins	NOUN=4	pins=4	
pint	NOUN=4	pint=3,Pint=1	pint|n|3|0
pinto	PROPN=2	Pinto=2	pinto|n|1|0
pints	NOUN=3	pints=3	
pioneer	NOUN=3,PROPN=2	Pioneer=3,pioneer=2	pioneer|n|2|0;pioneer|v|3|0
pioneering	VERB=2	pioneering=2	
pioneers	PROPN=3,NOUN=2	Pioneers=3	
pious			pious|a|1|0
pip			pip|n|5|0;pip|v|3|0
pipe	NOUN=7	pipe=7	pipe|n|5|0;pipe|v|4|0
pipeline	NOUN=13	pipeline=13	pipeline|n|2|0
pipelines	NOUN=2	pipelines=2	
piper			Piper|n|1|0;piper|n|1|0
piping	NOUN=1,VERB=1	piping=2	piping|n|3|0;piping|r|1|0
piracy	NOUN=5	piracy=5	piracy|n|2|0
pirate			pirate|n|3|0;pirate|v|2|0
pirates	PROPN=10,NOUN=1	Pirates=10,pirates=1	
pisa	PROPN=1	Pisa=1	Pisa|n|1|1
piss	NOUN=1	piss=1	piss|n|2|0;piss|v|1|0
pissed	VERB=2	pissed=2	pissed|a|2|0
pissing			pissing|n|1|0
pistol			pistol|n|1|0
piston			Piston|n|1|1;piston|n|1|0
pit	NOUN=2	pit=2	pit|n|11|0;pit|v|3|0
pitch	NOUN=7	Pitch=4,pitch=3	pitch|n|11|0;pitch|v|12|0
pitched	VERB=1	pitched=1	pitched|a|2|0
pitcher	NOUN=2	pitcher=2	pitcher|n|5|0
pitches	NOUN=3	pitches=3	
pitching	NOUN=1	pitching=1	pitching|n|2|0
pitfalls	NOUN=1	pitfalls=1	
pitiful			pitiful|a|3|0
pitt	PROPN=2	Pitt=2	Pitt|n|3|3
pitted			pitted|a|1|0
pittsburgh	PROPN=12	Pittsburgh=9	Pittsburgh|n|1|1
pity	NOUN=1,VERB=1	pity=2	pity|n|3|0;pity|v|1|0
pivot			pivot|n|3|0;pivot|v|1|0
pivotal	ADJ=4	pivotal=4	pivotal|a|1|0
pixar	PROPN=2	Pixar=2	
pixel	NOUN=3,X=1	pixel=3,Pixel=1	pixel|n|1|0
pixels	NOUN=1	pixels=1	
pixie	NOUN=2	pixie=2	pixie|n|2|0
pizza	NOUN=42,PROPN=9	pizza=40,Pizza=11	pizza|n|1|0
pizzas	NOUN=3	pizzas=2,Pizzas=1	
pl	INTJ=1	pl=1	
place	NOUN=365,VERB=37,PROPN=5	place=373,Place=10,PLACE=5	place|n|16|0;place|v|16|0
placebo	NOUN=1	placebo=1	placebo|n|2|0
placed	VERB=24	placed=23	placed|a|2|0
placement	NOUN=2	placement=2	placement|n|3|0
placenta			placenta|n|2|0
places	NOUN=91,VERB=4,PROPN=1	places=94	
placing	VERB=3	placing=3	
plagiarism			plagiarism|n|2|0
plague	NOUN=1,PROPN=1	Plague=1,plague=1	plague|n|5|0;plague|v|2|0
plagued	VERB=1	plagued=1	
plaid			plaid|n|1|0
plain	ADJ=11,NOUN=1	plain=12	plain|a|7|0;plain|n|2|0;plain|r|1|0;plain|v|1|0
plainly	ADV=1	plainly=1	plainly|r|2|0
plains	PROPN=2,NOUN=1	Plains=2,plains=1	
plaintiff	NOUN=4	plaintiff=4	plaintiff|n|1|0
plaintiffs	NOUN=11	plaintiffs=11	
plan	NOUN=52,VERB=28,PROPN=6	plan=71,Plan=13,PLAN=2	plan|n|3|0;plan|v|3|0
plane	NOUN=16	plane=16	plane|a|1|0;plane|n|5|0;plane|v|3|0
planes	NOUN=5	planes=5	
planet	NOUN=13,PROPN=6	planet=13,Planet=6	planet|n|3|0
planetary	ADJ=1	planetary=1	planetary|a|4|0
planets	NOUN=2	planets=2	
plank	NOUN=1	plank=1	plank|n|2|0;plank|v|3|0
planks	NOUN=1	planks=1	
planned	VERB=21,ADJ=1	planned=22	planned|a|2|0
planner			planner|n|2|0
planners	NOUN=2	planners=2	
planning	VERB=28,NOUN=13,PROPN=2	planning=39,Planning=2	planning|n|3|0
plans	NOUN=35,VERB=4,PROPN=1	plans=38,Plans=1	
plant	NOUN=26,VERB=13,PROPN=1	plant=37,Plant=2	plant|n|4|0;plant|v|6|0
plantation	PROPN=2	Plantation=2	Plantation|n|1|0;plantation|n|2|0
planted	VERB=4	planted=4	planted|a|2|0
planter			planter|n|3|0
planting	VERB=2,NOUN=1	planting=3	planting|n|3|0
plants	NOUN=39,PROPN=1	plants=38,Plants=1	
plaque	NOUN=2	plaque=2	plaque|n|2|0
plasma			plasma|n|3|0
plaster	NOUN=13	plaster=12	plaster|n|5|0;plaster|v|6|0
plastered			plastered|a|3|0
plastic	NOUN=40,ADJ=3	plastic=39,Plastic=2	plastic|a|3|0;plastic|n|2|0
plat	NOUN=1	plat=1	plat|n|1|0;plat|v|1|0
plate	NOUN=5	plate=3,PLATE=1,Plate=1	plate|n|15|0;plate|v|1|0
plateau	NOUN=2,PROPN=1	plateau=2,Plateau=1	plateau|n|1|0
plated	VERB=1	plated=1	
plates	NOUN=3	plates=3	
platform	NOUN=8	platform=8	platform|n|6|0
platforms	NOUN=2	platforms=2	
plating			plating|n|2|0
platinum			platinum|n|1|0
plato			Plato|n|1|1
platonic			Platonic|a|1|0;platonic|a|1|0
platoon			platoon|n|3|0
platter	NOUN=4	platter=3,Platter=1	platter|n|2|0
plausible	ADJ=2	plausible=2	plausible|a|2|0
play	VERB=60,NOUN=15,PROPN=2	play=69,Play=5	play|n|17|0;play|v|35|0
playable			playable|a|1|0
playback			playback|n|2|0
playbook			playbook|n|3|0
playboy			playboy|n|1|0
played	VERB=31	played=31	played|a|1|0
player	NOUN=23,PROPN=1	player=22,Player=1	player|n|5|0
players	NOUN=16	players=16	
playful	ADJ=1	playful=1	playful|a|1|0
playground	NOUN=1	playground=1	playground|n|2|0
playhouse	PROPN=1	Playhouse=1	playhouse|n|1|0
playin	VERB=1	playin=1	
playing	VERB=44,NOUN=5	playing=49	playing|n|3|0
playlist			playlist|n|1|0
playoff			playoff|n|1|0
playoffs	NOUN=1	playoffs=1	
plays	VERB=11,NOUN=1,PROPN=1	plays=12,Plays=1	
playstation	PROPN=5	PlayStation=2,playstation=2	
playwright			playwright|n|1|0
plaza	PROPN=3,NOUN=1	Plaza=3,plaza=1	plaza|n|2|0
plea			plea|n|3|0
plead	VERB=2	plead=2	plead|v|4|0
pleaded	VERB=2	pleaded=2	
pleading			pleading|a|1|0;pleading|n|1|0
pleasant	ADJ=30	pleasant=30	pleasant|a|2|0
pleasantly	ADV=4	pleasantly=4	pleasantly|r|2|0
please	INTJ=353,VERB=12,ADJ=1	please=156,Please=6,PLEASE=1	please|r|1|0;please|v|3|0
pleased	ADJ=27	pleased=27	pleased|a|2|0
pleases	VERB=1	pleases=1	
pleasing	ADJ=1	pleasing=1	pleasing|a|2|0;pleasing|n|1|0
pleasurable	ADJ=1	pleasurable=1	pleasurable|a|1|0
pleasure	NOUN=19	pleasure=18	pleasure|n|5|0
pleasures	NOUN=1	pleasures=1	
pledge	NOUN=8,PROPN=3,VERB=2	pledge=12,Pledge=1	pledge|n|4|0;pledge|v|5|0
pledged	VERB=10	pledged=10	pledged|a|1|0
pledges	NOUN=2	pledges=2	
plenary			plenary|a|1|0
plentiful	ADJ=1	plentiful=1	plentiful|a|3|0
plenty	NOUN=26,ADJ=1,PROPN=1,X=1	plenty=27,Plenty=1	plenty|n|2|0;plenty|r|1|0
plethora			plethora|n|1|0
plight	NOUN=4	plight=4	plight|n|2|0;plight|v|2|0
plot	NOUN=14	plot=13,Plot=1	plot|n|4|0;plot|v|4|0
plots	NOUN=1	plots=1	
plotted	VERB=2	plotted=2	plotted|a|1|0
plough			Plough|n|1|1;plough|n|1|0;plough|v|2|0
plow			plow|n|1|0;plow|v|3|0
ploy	NOUN=1	ploy=1	ploy|n|2|0
pls	INTJ=3	pls=2	
pluck			pluck|n|2|0;pluck|v|6|0
plucked	VERB=2	plucked=2	plucked|a|2|0
plug			plug|n|7|0;plug|v|7|0
plugged			plugged|a|2|0
plugin	NOUN=1	plugin=1	
plugs	NOUN=1	plugs=1	
plum	NOUN=1	plum=1	plum|n|3|0;plum|r|2|0
plumber	NOUN=1	plumber=1	plumber|n|1|0
plumbing	PROPN=2,NOUN=1	Plumbing=2,plumbing=1	plumbing|n|3|0
plume			plume|n|3|0;plume|v|6|0
plump			plump|a|1|0;plump|n|1|0;plump|r|1|0;plump|v|4|0
plunder	VERB=1	plunder=1	plunder|n|1|0;plunder|v|4|0
plunge	NOUN=2,VERB=1	plunge=3	plunge|n|2|0;plunge|v|8|0
plunged	VERB=3	plunged=3	
plural	ADJ=1	plural=1	plural|a|2|0;plural|n|1|0
plurality	NOUN=1	plurality=1	plurality|n|3|0
plus	CCONJ=29,ADV=5,NOUN=4,PROPN=2	plus=27,Plus=3,PLUS=1	plus|a|2|0;plus|n|2|0
plush			plush|a|1|0;plush|n|1|0
pluto	PROPN=1	Pluto=1	Pluto|n|3|3
plutonium			plutonium|n|1|0
ply	VERB=1	ply=1	ply|n|2|0;ply|v|6|0
plymouth			Plymouth|n|1|1
plywood	NOUN=1	plywood=1	plywood|n|1|0
plz	INTJ=3	PLZ=1	
pm	NOUN=182,PROPN=1	PM=141,pm=42	PM|n|4|0;PM|r|1|0;Pm|n|1|0;pm|r|1|0
pneumatic			pneumatic|a|1|0
pneumonia			pneumonia|n|1|0
po	NOUN=2	PO=1,po=1	PO|n|2|0;Po|n|2|1
poaching			poaching|n|1|0
pocket	NOUN=15	pocket=15	pocket|n|9|0;pocket|v|2|0
pockets	NOUN=14	pockets=14	
pod	NOUN=2	pod=2	pod|n|4|0;pod|v|2|0
podcast	NOUN=7,PROPN=2	podcast=7,Podcast=2	podcast|n|1|0;podcast|v|1|0
podcasts	NOUN=1	podcasts=1	
podium	NOUN=1	podium=1	podium|n|1|0
poe			Poe|n|1|1
poem	NOUN=4	poem=4	poem|n|1|0
poems	NOUN=5	poems=5	
poet	PROPN=6,NOUN=5	Poet=7,poet=4	poet|n|1|0
poetic	ADJ=2	poetic=2	poetic|a|4|0
poetry	NOUN=17	poetry=17	poetry|n|2|0
poets	PROPN=1	Poets=1	
poignant	ADJ=1	poignant=1	poignant|a|2|0
point	NOUN=143,VERB=6,PROPN=3,PUNCT=1,SYM=1	point=150,Point=3	point|n|26|0;point|v|14|0
pointed	VERB=11,ADJ=3	pointed=14	pointed|a|2|0
pointer			pointer|n|4|0
pointing	VERB=7	pointing=7	
pointless	ADJ=1	pointless=1	pointless|a|3|0
points	NOUN=67,VERB=2	points=66,POINTS=2,Points=1	
poised			poised|a|2|0
poison	NOUN=5,ADJ=1,VERB=1	poison=7	poison|n|2|0;poison|v|5|0
poisoning	NOUN=2	poisoning=2	poisoning|n|2|0
poisonous	ADJ=1	Poisonous=1	poisonous|a|3|0
poisons	NOUN=3	poisons=3	
poke	VERB=1	poke=1	poke|n|5|0;poke|v|5|0
poked	VERB=1	poked=1	
poker	NOUN=1	poker=1	poker|n|2|0
poking	VERB=1	poking=1	poking|n|1|0
pol			pol|n|1|0
poland	PROPN=11	Poland=11	Poland|n|1|1
polar	ADJ=8	polar=8	polar|a|6|0
polarization	NOUN=1	polarization=1	polarization|n|2|0
polarized	VERB=1	polarized=1	
pole	NOUN=1	pole=1	Pole|n|1|0;pole|n|9|0;pole|v|3|0
poles	NOUN=2	poles=2	
police	NOUN=48,PROPN=3	police=44,Police=3	police|n|1|0;police|v|1|0
policeman	NOUN=2	policeman=2	policeman|n|1|0
policemen	NOUN=1	Policemen=1	
policies	NOUN=21	policies=21	
policing	PROPN=6,NOUN=4	Policing=6,policing=4	
policy	NOUN=46,PROPN=10	policy=43,Policy=13	policy|n|3|0
polio	PROPN=1	Polio=1	polio|n|1|0
polish	ADJ=5,NOUN=3,PROPN=1	Polish=6,polish=3	Polish|a|1|0;Polish|n|1|0;polish|n|3|0;polish|v|3|0
polished	ADJ=1	polished=1	polished|a|4|0
polishing	VERB=1	polishing=1	polishing|n|1|0
polite	ADJ=6,NOUN=1	polite=7	polite|a|3|0
politely	ADV=2	politely=2	politely|r|1|0
political	ADJ=107	political=103,Political=1	political|a|3|0
politically	ADV=6	politically=5,Politically=1	politically|r|2|0
politician	NOUN=4	politician=4	politician|n|3|0
politicians	NOUN=13	politicians=11	
politico			politico|n|1|0
politics	NOUN=19,PROPN=2	politics=16,Politics=4	politics|n|5|0
polk	PROPN=1	Polk=1	Polk|n|1|1
polka			polka|n|2|0;polka|v|1|0
poll	NOUN=5,VERB=2	poll=6	poll|n|4|0;poll|n|1|0;poll|v|4|0
pollard			pollard|n|2|0;pollard|v|1|0
pollen			pollen|n|1|0
polling	NOUN=2	polling=2	
pollock	PROPN=1	Pollock=1	Pollock|n|1|1;pollock|n|2|0
polls	NOUN=4	polls=4	polls|n|1|0
pollutants	NOUN=1	pollutants=1	
polluted	VERB=1	polluted=1	polluted|a|1|0
pollution	NOUN=22	pollution=22	pollution|n|3|0
polly	NOUN=1	polly=1	
polo	NOUN=2,PROPN=2	Polo=2,polo=2	Polo|n|1|1;polo|n|1|0
polyester			polyester|n|3|0
polymer			polymer|n|1|0
polynomial			polynomial|a|1|0;polynomial|n|1|0
polytechnic			polytechnic|n|1|0
pom	PROPN=1	Pom=1	pom|n|1|0
pond	PROPN=1	Pond=1	pond|n|1|0
ponder	VERB=2	ponder=2	ponder|v|1|0
pong			pong|n|1|0
ponies	NOUN=1	ponies=1	
pontiac			Pontiac|n|1|1
pony	NOUN=1	pony=1	pony|n|5|0
poo	NOUN=1	poo=1	
pool	NOUN=16,PROPN=2	pool=16,Pool=2	pool|n|9|0;pool|v|2|0
pools	NOUN=6	pools=4	
poop	NOUN=2,VERB=1	poop=2,POOP=1	poop|n|4|0
poor	ADJ=57,NOUN=1	poor=50	poor|a|5|0;poor|n|1|0
poorest	ADJ=2	poorest=2	
poorly	ADV=4	poorly=4	poorly|a|1|0;poorly|r|1|0
pop	NOUN=10,VERB=4,ADJ=2,PROPN=1	pop=10,POP=2,Pop=2,PoP=1	pop|a|1|0;pop|n|4|0;pop|r|1|0;pop|v|13|0
popcorn	NOUN=1	popcorn=1	popcorn|n|2|0
pope	PROPN=3	Pope=3	Pope|n|1|1;pope|n|1|0
popped	VERB=3	popped=3	
popping	VERB=1	popping=1	popping|n|1|0
poppy			poppy|n|1|0
pops	NOUN=1	pops=1	
populace			populace|n|1|0
popular	ADJ=44	popular=44	popular|a|4|0
popularity	NOUN=11	popularity=11	popularity|n|1|0
popularly	ADV=1	popularly=1	popularly|r|1|0
populated	VERB=8	populated=8	populated|a|1|0
population	NOUN=62	population=62	population|n|5|0
populations	NOUN=4	populations=4	
populist	ADJ=1	populist=1	populist|n|1|0
populous	ADJ=1,NOUN=1	populous=2	populous|a|1|0
porcelain			porcelain|n|1|0
porch	NOUN=7,PROPN=1	porch=7,Porch=1	porch|n|1|0
pore			pore|n|3|0;pore|v|1|0
pork	NOUN=5	pork=5	pork|n|2|0
porn			porn|n|1|0
porno			porno|n|1|0
pornographic			pornographic|a|1|0
pornography			pornography|n|1|0
porous			porous|a|3|0
porridge			porridge|n|1|0
port	NOUN=11,PROPN=11	port=12,Port=7	port|a|1|0;port|n|5|0;port|v|8|0
portable	ADJ=1	portable=1	portable|a|2|0;portable|n|1|0
portal	NOUN=1	portal=1	portal|n|3|0
portals	NOUN=1	portals=1	
porte	PROPN=5	Porte=5	Porte|n|1|0
porter			Porter|n|3|3;porter|n|4|0;porter|v|1|0
portfolio			portfolio|n|4|0
portion	NOUN=23	portion=23	portion|n|7|0;portion|v|1|0
portions	NOUN=5	portions=5	
portland	PROPN=16	Portland=15,portland=1	Portland|n|2|2
porto			Porto|n|1|1
portrait	NOUN=3	portrait=2	portrait|n|2|0
portray			portray|v|4|0
portrayal	NOUN=1	portrayal=1	portrayal|n|5|0
portrayed	VERB=4	portrayed=4	portrayed|a|1|0
portraying			portraying|n|1|0
ports	NOUN=7	ports=7	
portsmouth	PROPN=1	Portsmouth=1	Portsmouth|n|3|3
portugal	PROPN=3	Portugal=3	Portugal|n|1|1
portuguese	PROPN=1		Portuguese|a|1|0;Portuguese|n|2|0
pos	NOUN=4,PROPN=1	POS=3,pos=2	
pose	VERB=5	pose=5	pose|n|3|0;pose|v|6|0
posed	VERB=10	posed=10	posed|a|1|0
poseidon	PROPN=1	Poseidon=1	Poseidon|n|1|1
poses	NOUN=4,VERB=3	poses=7	
posh	ADJ=1	posh=1	posh|a|1|0
posing	VERB=1	posing=1	posing|n|1|0
position	NOUN=68,VERB=2	position=67,Position=2	position|n|16|0;position|v|2|0
positioned	VERB=1	positioned=1	
positioning	NOUN=3,PROPN=1	positioning=3,Positioning=1	positioning|a|1|0;positioning|n|1|0
positions	NOUN=17	positions=17	
positive	ADJ=23	positive=23	positive|a|11|0;positive|n|2|0
positively	ADV=2	positively=2	positively|r|2|0
positivity			positivity|n|5|0
posse			posse|n|1|0
possess	VERB=6	possess=6	possess|v|3|0
possessed	VERB=4	possessed=4	possessed|a|2|0
possesses	VERB=4	possesses=4	
possession	NOUN=9	possession=9	possession|n|7|0
possessions	NOUN=5	possessions=4,Possessions=1	
possessive			possessive|a|3|0;possessive|n|1|0
possibilities	NOUN=14	possibilities=13	
possibility	NOUN=18	possibility=18	possibility|n|4|0
possible	ADJ=130,ADV=1	possible=129,POSSIBLE=1,Possible=1	possible|a|2|0;possible|n|2|0
possibly	ADV=31	possibly=29	possibly|r|2|0
post	NOUN=32,VERB=18,PROPN=10,X=5,ADP=3,ADJ=1,ADV=1	post=59,Post=10,POST=1	Post|n|3|3;post|n|9|0;post|v|13|0
postage	NOUN=3	postage=3	postage|n|2|0
postal	ADJ=3	Postal=2,postal=1	postal|a|1|0
postcard			postcard|n|1|0
postcards	NOUN=3	postcards=3	
postdoctoral	ADJ=2	Postdoctoral=1,postdoctoral=1	postdoctoral|a|1|0;postdoctoral|n|1|0
posted	VERB=39,ADJ=3	posted=27	posted|a|1|0
poster	NOUN=9	poster=9	poster|n|3|0
posterior	ADJ=2	posterior=2	posterior|a|2|0;posterior|n|2|0
posters	NOUN=8	posters=8	
postgraduate			postgraduate|a|1|0;postgraduate|n|1|0
posting	NOUN=5,VERB=3	posting=8	posting|n|3|0
postings	NOUN=2	postings=2	
postman			postman|n|1|0
postmaster	PROPN=1	postmaster=1	postmaster|n|1|0
postpone	VERB=2	postpone=2	postpone|v|1|0
postponed	VERB=3	postponed=3	
posts	NOUN=9	posts=8	
postseason	NOUN=1	postseason=1	
posture	NOUN=5	posture=5	posture|n|4|0;posture|v|2|0
postwar			postwar|a|1|0
pot	NOUN=11	pot=11	pot|n|9|0;pot|v|1|0
potassium			potassium|n|1|0
potato	NOUN=5	potato=5	potato|n|2|0
potatoes	NOUN=7	potatoes=6	
potency			potency|n|4|0
potent	ADJ=1	potent=1	potent|a|4|0
potential	ADJ=26,NOUN=11	potential=36	potential|a|2|0;potential|n|2|0
potentially	ADV=8	potentially=7	potentially|r|1|0
potentials	NOUN=1	potentials=1	
potion			potion|n|1|0
potomac	PROPN=1	Potomac=1	Potomac|n|2|2
pots	NOUN=1	pots=1	
potter	PROPN=8	Potter=8	potter|n|1|0;potter|v|3|0
pottery	NOUN=2	pottery=2	pottery|n|3|0
potty	NOUN=6	potty=5	potty|a|3|0;potty|n|2|0
pouch	NOUN=2	pouch=2	pouch|n|3|0;pouch|v|3|0
poultry			poultry|n|2|0
pound	NOUN=4,VERB=1	pound=4	Pound|n|1|1;pound|n|13|0;pound|v|8|0
pounded	VERB=2	pounded=2	
pounding			pounding|n|3|0
pounds	NOUN=9	pounds=8,Pounds=1	
pour	VERB=12,X=1	pour=8	pour|v|6|0
poured	VERB=3	poured=3	
pouring	VERB=5	pouring=5	pouring|a|1|0
pov	NOUN=1	POV=1	
poverty	NOUN=17,PROPN=1	poverty=17,Poverty=1	poverty|n|1|0
pow			POW|n|1|0
powder	NOUN=7	powder=6,Powder=1	powder|n|3|0;powder|v|2|0
powdered			powdered|a|1|0
powders	NOUN=1	powders=1	
powell	PROPN=9	Powell=9	Powell|n|2|2
power	NOUN=128,PROPN=6,X=2	power=123,Power=11	power|n|10|0;power|v|1|0
powered			powered|a|1|0
powerful	ADJ=20	powerful=20	powerful|a|5|0;powerful|r|1|0
powerfully			powerfully|r|2|0
powerhouse			powerhouse|n|3|0
powerless			powerless|a|1|0
powers	NOUN=4,PROPN=1	powers=4,Powers=1	
pp	NOUN=1	pp=1	
ppl	NOUN=3	ppl=2,PPL=1	
ppm	NOUN=1	PPM=1	
ppp			PPP|n|1|0
pr	NOUN=3,PROPN=1	PR=4	PR|n|2|1;Pr|n|1|0
practical	ADJ=11	practical=11	practical|a|4|0
practically	ADV=5	practically=5	practically|r|3|0
practice	NOUN=34,VERB=10,PROPN=1	practice=42,Practice=2	practice|n|5|0;practice|v|5|0
practiced	VERB=1	practiced=1	practiced|a|2|0
practices	NOUN=14	practices=14	
practicing	VERB=8	practicing=6	
practise			practise|v|3|0
practised	VERB=1	practised=1	practised|a|1|0
practising	VERB=1	practising=1	
practitioner			practitioner|n|1|0
practitioners	NOUN=1	practitioners=1	
pragmatic	ADJ=3	pragmatic=3	pragmatic|a|3|0;pragmatic|n|1|0
prague	PROPN=5	Prague=5	Prague|n|1|1
prairie			prairie|n|1|0
praise	NOUN=6,VERB=1	praise=6	praise|n|2|0;praise|v|1|0
praised	VERB=3	praised=3	
praises	NOUN=1	praises=1	
praising			praising|a|1|0
prank			prank|n|2|0;prank|v|2|0
pranks	NOUN=2	pranks=2	
pratt	PROPN=1	Pratt=1	
pray	VERB=7	pray=7	pray|v|2|0
prayed	VERB=1	prayed=1	
prayer	NOUN=8	prayer=8	prayer|n|5|0
prayers	NOUN=2	prayers=2	
praying	VERB=1		
prc	NOUN=2,PROPN=1	PRC=3	PRC|n|1|1
pre	ADV=1,NOUN=1,VERB=1,X=1	pre=3	
preach	VERB=2	preach=2	preach|v|2|0
preached	VERB=2	preached=2	
preacher	NOUN=2	preacher=2	preacher|n|1|0
preachers	NOUN=4	preachers=3,Preachers=1	
preaching			preaching|n|2|0
precarious			precarious|a|3|0
precaution	NOUN=2	precaution=2	precaution|n|3|0
precautions	NOUN=1	precautions=1	
preceded	VERB=3	preceded=3	
precedence			precedence|n|3|0
precedent	NOUN=4	precedent=4	precedent|a|1|0;precedent|n|4|0
preceding	VERB=1	preceding=1	preceding|a|2|0
precinct			precinct|n|1|0
precious	ADJ=4	precious=4	precious|a|4|0;precious|r|1|0
precipitation	NOUN=1	precipitation=1	precipitation|n|6|0
precise	ADJ=11	precise=11	precise|a|2|0
precisely	ADV=5	precisely=5	precisely|r|3|0
precision	NOUN=1	precision=1	precision|n|1|0
precursor			precursor|n|3|0
predator	NOUN=5	predator=5	predator|n|2|0
predators	NOUN=12	predators=12	
predatory	ADJ=5	predatory=5	predatory|a|3|0
predecessor			predecessor|n|2|0
predecessors	NOUN=3	predecessors=3	
predetermined	VERB=1	predetermined=1	predetermined|a|1|0
predicament			predicament|n|1|0
predict	VERB=4	predict=4	predict|v|2|0
predictable	ADJ=3	predictable=3	predictable|a|1|0
predicted	VERB=7	predicted=7	
predicting	VERB=4	predicting=4	
prediction	NOUN=1	prediction=1	prediction|n|2|0
predictions	NOUN=1	predictions=1	
predictive			predictive|a|1|0
predictor			predictor|n|3|0
predicts	VERB=1	predicts=1	
predominant			predominant|a|2|0
predominantly	ADV=3	predominantly=3	predominantly|r|1|0
preface	NOUN=1	preface=1	preface|n|1|0;preface|v|1|0
prefect			prefect|n|1|0
prefecture			prefecture|n|2|0
prefer	VERB=22	prefer=22	prefer|v|4|0
preferable	ADJ=3	preferable=3	preferable|a|1|0
preferably	ADV=6	preferably=5	preferably|r|1|0
preference	NOUN=6	preference=6	preference|n|4|0
preferences	NOUN=5	preferences=5	
preferential	ADJ=1	preferential=1	preferential|a|1|0
preferred	VERB=6,ADJ=1	preferred=7	preferred|a|2|0
preferring	VERB=1	preferring=1	
prefers	VERB=1	prefers=1	
prefix	NOUN=1	prefix=1	prefix|n|1|0;prefix|v|1|0
pregnancy	NOUN=3	pregnancy=3	pregnancy|n|1|0
pregnant	ADJ=11	pregnant=10	pregnant|a|3|0
prehistoric			prehistoric|a|3|0
prejudice	NOUN=3,PROPN=2	prejudice=3,Prejudice=2	prejudice|n|1|0;prejudice|v|2|0
prejudices	NOUN=1	prejudices=1	
preliminary	ADJ=3	preliminary=3	preliminary|a|1|0;preliminary|n|2|0
prelude	NOUN=1	prelude=1	prelude|n|2|0;prelude|v|2|0
premature	ADJ=2	premature=2	premature|a|3|0
prematurely	ADV=1	prematurely=1	prematurely|r|2|0
premier	ADJ=2,PROPN=1	premier=2,Premier=1	premier|a|2|0;premier|n|2|0;premier|v|2|0
premiere			premiere|a|1|0;premiere|n|1|0;premiere|v|2|0
premiered	VERB=1	premiered=1	
premiership			premiership|n|1|0
premise	NOUN=4	premise=4	premise|n|1|0;premise|v|3|0
premises	NOUN=3	premises=3	premises|n|1|0
premium	NOUN=8,PROPN=1	premium=8,Premium=1	premium|a|1|0;premium|n|5|0
premiums	NOUN=1	premiums=1	
prenatal			prenatal|a|1|0
prentice			prentice|n|1|0
preoccupied	VERB=1	preoccupied=1	preoccupied|a|2|0
prep	NOUN=6,VERB=2	prep=8	prep|n|1|0
prepaid	VERB=1	prepaid=1	prepaid|a|1|0
preparation	NOUN=9	preparation=9	preparation|n|8|0
preparations	NOUN=4	preparations=4	
preparatory			preparatory|a|1|0
prepare	VERB=24	prepare=17,Prepare=2	prepare|v|8|0
prepared	VERB=22,ADJ=5	prepared=26	prepared|a|3|0
preparedness	NOUN=5	preparedness=4,Preparedness=1	preparedness|n|1|0
prepares	VERB=1	prepares=1	
preparing	VERB=13	preparing=13	
preposterous	ADJ=1	preposterous=1	preposterous|a|1|0
prepping	VERB=4,NOUN=2	prepping=6	
prequel	NOUN=1	prequel=1	
prerequisite	NOUN=1	prerequisite=1	prerequisite|a|1|0;prerequisite|n|1|0
presbyterian			Presbyterian|n|1|0
preschool	NOUN=2	Preschool=1,preschool=1	preschool|n|1|0
prescott	PROPN=1	Prescott=1	Prescott|n|1|1
prescribe	VERB=2	prescribe=2	prescribe|v|3|0
prescribed			prescribed|a|4|0
prescription	NOUN=4	prescription=4	prescription|a|1|0;prescription|n|4|0
preseason	NOUN=2		preseason|n|1|0
presence	NOUN=28	presence=28	presence|n|6|0
present	ADJ=39,VERB=26,NOUN=10	present=74,Present=1	present|a|2|0;present|n|3|0;present|v|13|0
presentation	NOUN=14,PROPN=1	presentation=12,Presentation=3	presentation|n|7|0
presentations	NOUN=1	presentations=1	
presented	VERB=20	presented=19	
presenter	NOUN=1	presenter=1	presenter|n|3|0
presenting	VERB=4	presenting=4	
presently	ADV=4	presently=4	presently|r|2|0
presents	VERB=7,NOUN=2	presents=9	
preservation	NOUN=2	preservation=2	preservation|n|4|0
preserve	VERB=10	preserve=10	preserve|n|3|0;preserve|v|6|0
preserved	VERB=11	preserved=11	preserved|a|2|0
preserves	VERB=1		preserves|n|1|0
preserving	VERB=5	preserving=5	
presided	VERB=1	presided=1	
presidency	PROPN=6,NOUN=1	Presidency=6,presidency=1	presidency|n|2|0
president	PROPN=137,NOUN=47	President=127,president=40,PRESIDENT=3	President|n|2|0;president|n|4|0
presidential	ADJ=16	Presidential=9,presidential=7	presidential|a|2|0
presidents	NOUN=1	Presidents=1	
presley			Presley|n|1|1
press	NOUN=35,PROPN=14,VERB=12	press=41,Press=11,PRESS=3	press|n|9|0;press|v|14|0
pressed	VERB=2	pressed=2	pressed|a|1|0
pressing			pressing|a|1|0;pressing|n|2|0
pressure	NOUN=30,VERB=3	pressure=32	pressure|n|7|0;pressure|v|2|0
pressured	ADJ=1,VERB=1	pressured=2	
pressures	NOUN=5	pressures=5	
pressuring	VERB=1	pressuring=1	
prestige	NOUN=4,PROPN=1	prestige=4,Prestige=1	prestige|n|1|0
prestigious	ADJ=4	prestigious=4	prestigious|a|2|0
preston	PROPN=2	Preston=1	
presumably	ADV=1	presumably=1	presumably|r|1|0
presume	VERB=2	presume=2	presume|v|4|0
presumed	VERB=2	presumed=2	
presumption	NOUN=1	presumption=1	presumption|n|4|0
pretend	VERB=4,ADJ=1	pretend=5	pretend|a|1|0;pretend|n|1|0;pretend|v|6|0
pretended	VERB=3	pretended=3	pretended|a|1|0
pretending	VERB=2	pretending=2	pretending|n|1|0
pretends	VERB=2	pretends=2	
pretentious			pretentious|a|3|0
pretext	NOUN=3	pretext=3	pretext|n|2|0
pretoria			Pretoria|n|1|1
prettier	ADJ=1	prettier=1	
pretty	ADV=113,ADJ=15	pretty=122,Pretty=2	pretty|a|2|0;pretty|r|1|0
prevail	VERB=3	prevail=3	prevail|v|5|0
prevailed	VERB=3	prevailed=3	
prevailing	VERB=5	prevailing=5	prevailing|a|1|0
prevalence	NOUN=4	prevalence=4	prevalence|n|3|0
prevalent	ADJ=3	prevalent=3	prevalent|a|1|0
prevent	VERB=24	prevent=23,Prevent=1	prevent|v|2|0
preventable	ADJ=1	preventable=1	preventable|a|1|0
preventative			preventative|a|2|0;preventative|n|3|0
prevented	VERB=7	prevented=7	
preventing	VERB=5	preventing=5	
prevention	NOUN=5,PROPN=2	prevention=5,Prevention=2	prevention|n|1|0
preventive	ADJ=2	preventive=2	preventive|a|2|0;preventive|n|3|0
prevents	VERB=3	prevents=3	
preview	VERB=2,NOUN=1	preview=2,Preview=1	preview|n|2|0;preview|v|1|0
previews	NOUN=1	previews=1	
previous	ADJ=33	previous=29	previous|a|3|0
previously	ADV=17	previously=16	previously|r|1|0
prey	NOUN=6	prey=6	prey|n|2|0;prey|v|2|0
price	NOUN=150,PROPN=3,VERB=1	price=136,Price=9,PRICE=5	Price|n|1|1;price|n|6|0;price|v|2|0
priced	VERB=4,X=4,ADJ=2	priced=9,PRICED=1	
priceless	ADJ=1	priceless=1	priceless|a|1|0
prices	NOUN=68	prices=59,Prices=3,PRICES=1	
pricey	ADJ=4	pricey=4	pricey|a|1|0
pricing	NOUN=13,X=6,VERB=2	pricing=14,Pricing=7	pricing|n|1|0
prick			prick|n|4|0;prick|v|7|0
pride	NOUN=8,PROPN=3,VERB=2	pride=10,Pride=2	pride|n|5|0;pride|v|1|0
priest	NOUN=7,PROPN=1	priest=7,Priest=1	priest|n|2|0
priesthood			priesthood|n|1|0
priests	NOUN=1,PROPN=1	Priests=1,priests=1	
prima			Prima|n|1|0;prima|a|1|0
primal			primal|a|2|0
primaries	NOUN=3	primaries=3	
primarily	ADV=16	primarily=16	primarily|r|2|0
primary	ADJ=17,NOUN=2,X=2	primary=19,Primary=1	primary|a|4|0;primary|n|4|0
primate			primate|n|2|0
primates			Primates|n|1|0
prime	ADJ=23,PROPN=2	Prime=14,prime=8	prime|a|5|0;prime|n|4|0;prime|v|3|0
primed			primed|a|1|0
primer			primer|n|3|0
primetime	PROPN=1	Primetime=1	
primitive	ADJ=4	primitive=4	primitive|a|4|0;primitive|n|3|0
prince	PROPN=12,NOUN=1	Prince=11,prince=1	prince|n|1|0
princess	NOUN=1,PROPN=1	Princess=1,princess=1	princess|n|1|0
princeton	PROPN=3	Princeton=2	Princeton|n|2|2
principal	NOUN=4,ADJ=2	principal=5,Principal=1	principal|a|1|0;principal|n|6|0
principally	ADV=3	principally=3	principally|r|1|0
principle	NOUN=12,ADJ=1	principle=13	principle|n|6|0
principles	NOUN=10,PROPN=2	principles=10,Principles=2	
print	VERB=11,NOUN=6	print=16	print|n|7|0;print|v|4|0
printed	VERB=16	printed=16	
printer	NOUN=1	printer=1	printer|n|3|0
printers	NOUN=1,PROPN=1	Printers=1,printers=1	
printing	NOUN=7,PROPN=1	printing=6,Printing=1	printing|n|4|0
prints	NOUN=3,PROPN=1	prints=3,Prints=1	
prior	ADJ=24,ADV=10	prior=33	prior|a|1|0;prior|n|1|0
priorities	NOUN=8	priorities=7,Priorities=1	
prioritize			prioritize|v|1|0
priority	NOUN=11	priority=10,Priority=1	priority|n|2|0
priscilla	PROPN=2	Priscilla=1	
prism			prism|n|2|0
prison	NOUN=4	prison=4	prison|n|2|0
prisoner	NOUN=6	prisoner=6	prisoner|n|1|0
prisoners	NOUN=4	prisoners=4	
prisons	NOUN=1	prisons=1	
pristine			pristine|a|2|0
privacy	NOUN=12	privacy=6,Privacy=5	privacy|n|2|0
private	ADJ=59	private=57,Private=2	private|a|4|0;private|n|1|0
privately	ADV=9	privately=9	privately|r|2|0
privatisation			privatisation|n|1|0
privatization	NOUN=7	privatization=5,Privatization=2	privatization|n|1|0
privilege	NOUN=2	privilege=2	privilege|n|3|0;privilege|v|1|0
privileged	ADJ=12	privileged=11	privileged|a|3|0
privileges	NOUN=3	privileges=3	
privy			privy|a|2|0;privy|n|2|0
prize	PROPN=8,NOUN=7,VERB=1	Prize=9,prize=7	prize|a|1|0;prize|n|3|0;prize|v|3|0
prized	VERB=1	prized=1	
prizes	NOUN=3	prizes=3	
pro	X=3	pro=3	pro|a|1|0;pro|n|2|0;pro|r|1|0
proactive			proactive|a|2|0
probability	NOUN=5	probability=5	probability|n|2|0
probable	ADJ=2	probable=2	probable|a|2|0;probable|n|1|0
probably	ADV=175	probably=164	probably|r|2|0
probate			probate|n|2|0;probate|v|2|0
probation	NOUN=1	probation=1	probation|n|3|0
probe	NOUN=2	probe=2	probe|n|4|0;probe|v|2|0
probing	ADJ=1,VERB=1	probing=1	probing|a|1|0
problem	NOUN=150,PROPN=1	problem=148,Problem=1	problem|n|3|0
problematic	ADJ=2	problematic=2	problematic|a|2|0
problems	NOUN=86,PROPN=1	problems=86,Problems=1	
procedural	ADJ=2	procedural=2	procedural|a|2|0
procedure	NOUN=15	procedure=15	procedure|n|4|0
procedures	NOUN=12	procedures=12	
proceed	VERB=16	proceed=14	proceed|v|5|0
proceeded	VERB=6	proceeded=6	
proceeding	NOUN=6,VERB=2	proceeding=8	proceeding|n|1|0
proceedings	NOUN=4,PROPN=1	proceedings=4,Proceedings=1	proceedings|n|2|0
proceeds	NOUN=4,VERB=1	proceeds=5	proceeds|n|1|0
process	NOUN=154,VERB=3,PROPN=1	process=155,Process=2,PROCESS=1	process|n|6|0;process|v|6|0;process|v|1|0
processed	VERB=2	processed=2	processed|a|3|0
processes	NOUN=27,VERB=1	processes=27,Processes=1	
processing	NOUN=12,VERB=5,PROPN=1	processing=16,Processing=2	processing|n|1|0
procession	NOUN=4	procession=4	procession|n|3|0
processor	NOUN=5	processor=5	processor|n|3|0
processors	NOUN=1	processors=1	
proclaim	VERB=1	proclaim=1	proclaim|v|4|0
proclaimed	VERB=4	proclaimed=4	proclaimed|a|1|0
proclaiming	VERB=2	proclaiming=2	
proclamation	PROPN=2,NOUN=1	Proclamation=2,proclamation=1	proclamation|n|2|0
proctor			proctor|n|1|0;proctor|v|1|0
procure	VERB=1	procure=1	procure|v|2|0
procurement	NOUN=1	Procurement=1	procurement|n|1|0
prod	NOUN=2	PROD=1,Prod=1	prod|n|2|0;prod|v|3|0
prodigy			prodigy|n|3|0
produce	VERB=28,NOUN=7	produce=34,Produce=1	produce|n|1|0;produce|v|7|0
produced	VERB=13	produced=13	
producer	NOUN=6	producer=5,Producer=1	producer|n|3|0
producers	NOUN=15,PROPN=1	producers=15,Producers=1	
produces	VERB=10	produces=10	
producing	VERB=6	producing=6	
product	NOUN=48	product=41,Product=5	product|n|6|0
production	NOUN=37,PROPN=2	production=34,Production=5	production|n|8|0
productive	ADJ=10	productive=10	productive|a|4|0
productivity	NOUN=7	productivity=7	productivity|n|2|0
products	NOUN=63,PROPN=1	products=60,Products=4	
prof			prof|n|1|0
professed			professed|a|3|0
profession	NOUN=3	profession=3	profession|n|4|0
professional	ADJ=69,NOUN=2,ADV=1	professional=66,Professional=3	professional|a|5|0;professional|n|3|0
professionalism	NOUN=7	professionalism=7	professionalism|n|1|0
professionally	ADV=8	professionally=8	professionally|r|1|0
professionals	NOUN=7	professionals=7	
professor	PROPN=21,NOUN=18	Professor=18,professor=14	professor|n|1|0
professors	NOUN=5,PROPN=3	Professors=4,professors=4	
proficiency	NOUN=6	proficiency=6	proficiency|n|2|0
proficient	ADJ=2	proficient=2	proficient|a|2|0
profile	NOUN=3	profile=3	profile|n|5|0;profile|v|2|0
profiles	NOUN=1	profiles=1	
profiling			profiling|n|1|0
profit	NOUN=8,VERB=1	profit=8,Profit=1	profit|n|2|0;profit|v|2|0
profitability			profitability|n|1|0
profitable	ADJ=4	profitable=4	profitable|a|1|0
profits	NOUN=8	profits=8	profits|n|2|0
profound	ADJ=3	profound=3	profound|a|6|0
profoundly	ADV=3	profoundly=3	profoundly|r|1|0
prognosis	NOUN=1	prognosis=1	prognosis|n|2|0
program	NOUN=69,PROPN=10	program=66,Program=13	program|n|8|0;program|v|2|0
programme	NOUN=5,PROPN=1	programme=5,Programme=1	programme|n|7|0;programme|v|2|0
programmed	VERB=1	programmed=1	
programmer	NOUN=1	programmer=1	programmer|n|1|0
programmers	NOUN=1	programmers=1	
programmes	NOUN=3	programmes=3	
programming	NOUN=5,ADJ=1	programming=5,Programming=1	programming|n|2|0
programs	NOUN=13,PROPN=1	programs=10,Programs=3,PROGRAMS=1	
progress	NOUN=33,VERB=2	progress=34	progress|n|3|0;progress|v|3|0
progressed	VERB=1	progressed=1	
progresses	VERB=2	progresses=2	
progression	NOUN=1	progression=1	progression|n|3|0
progressive	ADJ=5,PROPN=1	progressive=3,Progressive=2	progressive|a|6|0;progressive|n|2|0
progressively	ADV=1	progressively=1	progressively|r|1|0
prohibit	VERB=2	prohibit=2	prohibit|v|1|0
prohibited	VERB=9	prohibited=9	prohibited|a|2|0
prohibition	NOUN=3	prohibition=3	prohibition|n|5|0
prohibits	VERB=1	prohibits=1	
project	NOUN=83,PROPN=14,VERB=2	project=84,Project=15	project|n|2|0;project|v|12|0
projected	VERB=7	projected=6,Projected=1	projected|a|1|0
projectile			projectile|a|1|0;projectile|n|2|0
projecting	VERB=1	projecting=1	projecting|a|1|0
projection	NOUN=1	projection=1	projection|n|10|0
projections	NOUN=1	projections=1	
projector			projector|n|2|0
projects	NOUN=29,VERB=1	projects=29,Projects=1	
proliferation	NOUN=1	proliferation=1	proliferation|n|2|0
prolific	ADJ=4	prolific=4	prolific|a|2|0
prologue	NOUN=2		prologue|n|1|0
prolong	VERB=1	prolong=1	prolong|v|2|0
prolonged	ADJ=2,VERB=2	prolonged=4	prolonged|a|2|0
prom	PROPN=1	Prom=1	prom|n|1|0
promenade			promenade|n|5|0;promenade|v|2|0
prometheus			Prometheus|n|1|1
prominence	NOUN=4	prominence=4	prominence|n|3|0
prominent	ADJ=12	prominent=9	prominent|a|2|0
prominently			prominently|r|1|0
promise	NOUN=11,VERB=10	promise=21	promise|n|2|0;promise|v|4|0
promised	VERB=22	promised=21,Promised=1	
promises	NOUN=3,VERB=3	promises=6	
promising	ADJ=3,VERB=3	promising=6	promising|a|2|0
promo			promo|n|1|0
promote	VERB=14	promote=11,Promote=2	promote|v|5|0
promoted	VERB=9	promoted=9	
promoter			promoter|n|2|0
promoting	VERB=10	promoting=10	
promotion	NOUN=8	promotion=6,Promotion=2	promotion|n|4|0
promotional	ADJ=5,NOUN=1	promotional=5	promotional|a|2|0
prompt	ADJ=9	prompt=7,Prompt=1	prompt|a|3|0;prompt|n|2|0;prompt|v|3|0
prompted	VERB=7	prompted=5,Prompted=1	
prompting	VERB=2	prompting=2	prompting|n|2|0
promptly	ADV=3	promptly=3	promptly|r|3|0
prone	ADJ=4	prone=4	prone|a|2|0
pronoun	NOUN=2	pronoun=2	pronoun|n|1|0
pronounce	VERB=1	pronounce=1	pronounce|v|2|0
pronounced	VERB=6,ADJ=1	pronounced=6,Pronounced=1	pronounced|a|1|0
pronunciation	NOUN=5	pronunciation=5	pronunciation|n|2|0
proof	NOUN=15,ADJ=2	proof=17	proof|a|1|0;proof|n|6|0;proof|v|5|0
prop	VERB=1	prop=1	prop|n|3|0;prop|v|1|0
propaganda	NOUN=9	propaganda=9	propaganda|n|1|0
propagate			propagate|v|8|0
propagation			propagation|n|3|0
propane	NOUN=3	propane=3	propane|n|1|0
propel			propel|v|2|0
propelled	VERB=1	propelled=1	
propeller			propeller|n|1|0
propensity	NOUN=1	propensity=1	propensity|n|3|0
proper	ADJ=25,ADV=1	proper=26	proper|a|4|0
properly	ADV=31	properly=30	properly|r|3|0
properties	NOUN=14,PROPN=1	properties=14,Properties=1	
property	NOUN=93,PROPN=2	property=92,Property=3	property|n|5|0
prophecy			prophecy|n|2|0
prophet	PROPN=7,NOUN=2	Prophet=7,prophet=2	prophet|n|2|0
prophetic			prophetic|a|1|0
prophets			Prophets|n|1|1
proponent	NOUN=2	proponent=2	proponent|n|1|0
proponents	NOUN=5	proponents=5	
proportion	NOUN=6	proportion=6	proportion|n|5|0;proportion|v|2|0
proportional			proportional|a|2|0;proportional|n|1|0
proportions	NOUN=3	proportions=3	
proposal	NOUN=16,X=1	proposal=14,Proposal=3	proposal|n|3|0
proposals	NOUN=6	proposals=6	
propose	VERB=12	propose=12	propose|v|5|0
proposed	VERB=43,X=1	proposed=42,Proposed=2	
proposes	VERB=2	proposes=1	
proposing	VERB=6	proposing=6	
proposition	NOUN=5,PROPN=1	Proposition=3,proposition=3	proposition|n|5|0;proposition|v|1|0
proprietary	ADJ=7	proprietary=7	proprietary|a|1|0;proprietary|n|1|0
proprietor			proprietor|n|1|0
props	NOUN=2	props=2	props|n|1|0
propulsion			propulsion|n|2|0
pros	NOUN=6,PROPN=2	pros=5,Pros=2	
prose			prose|n|2|0
prosecute	VERB=2	prosecute=2	prosecute|v|3|0
prosecuted	VERB=1	prosecuted=1	
prosecution	NOUN=6	prosecution=6	prosecution|n|3|0
prosecutor	NOUN=3	prosecutor=3	prosecutor|n|1|0
prosecutors	NOUN=4	prosecutors=4	
prospect	NOUN=4	prospect=4	prospect|n|5|0;prospect|v|2|0
prospective	ADJ=2	prospective=2	prospective|a|1|0
prospects	NOUN=1	prospects=1	
prospectus			prospectus|n|2|0
prosper			prosper|v|1|0
prosperity	NOUN=9,PROPN=2	prosperity=9,Prosperity=1	prosperity|n|2|0
prosperous	ADJ=11	prosperous=11	prosperous|a|4|0
prostate			prostate|a|1|0;prostate|n|1|0
prosthetic	ADJ=1	prosthetic=1	prosthetic|a|2|0
prostitute	NOUN=2	prostitute=2	prostitute|n|1|0;prostitute|v|1|0
prostitution			prostitution|n|1|0
protagonist			protagonist|n|2|0
protect	VERB=30	protect=27,PROTECT=1,Protect=1	protect|v|2|0
protected	VERB=22	protected=21,Protected=1	protected|a|2|0
protecting	VERB=6	protecting=6	protecting|a|1|0
protection	NOUN=23,PROPN=4	protection=23,Protection=3	protection|n|7|0
protections	NOUN=2	protections=2	
protective	ADJ=7	protective=7	protective|a|3|0
protector	PROPN=2	Protector=2	protector|n|1|0
protects	VERB=3	protects=3	
protein	NOUN=6	protein=6	protein|n|1|0
proteins	NOUN=1	proteins=1	
protest	NOUN=6,VERB=3	protest=9	protest|n|3|0;protest|v|3|0
protestant	PROPN=4,ADJ=2	Protestant=6	Protestant|a|1|0;Protestant|n|2|0;protestant|a|1|0
protestants	PROPN=3	Protestants=2,protestants=1	
protested	VERB=3	protested=3	
protester			protester|n|2|0
protesting	VERB=2	protesting=2	
protests	NOUN=7	protests=7	
proto			proto|a|1|0
protocol	NOUN=2,PROPN=1	Protocol=3	protocol|n|3|0
proton			proton|n|1|0
prototype	NOUN=5	prototype=5	prototype|n|1|0
prototypes	NOUN=3	prototypes=2,Prototypes=1	
protracted			protracted|a|1|0
proud	ADJ=31	proud=31	proud|a|2|0
proudly	ADV=2	proudly=2	proudly|r|1|0
prove	VERB=29	prove=28	prove|v|9|0
proved	VERB=5	proved=5	proved|a|1|0
proven	VERB=9	proven=9	proven|a|1|0
provenance			provenance|n|1|0
proverb			proverb|n|1|0
proverbial	ADJ=2	proverbial=2	proverbial|a|2|0
proverbs			Proverbs|n|1|1
proves	VERB=4	proves=4	
provide	VERB=101	provide=100	provide|v|7|0
provided	VERB=51	provided=48,PROVIDED=1,Provided=1	
providence	PROPN=3	Providence=3	Providence|n|1|1;providence|n|3|0
provider	NOUN=3	provider=3	provider|n|2|0
providers	NOUN=5	providers=5	
provides	VERB=44	provides=42	
providing	VERB=25	providing=25	
province	PROPN=7,NOUN=5	Province=7,province=5	province|n|2|0
provinces	NOUN=3	provinces=3	
provincial	ADJ=4	provincial=4	provincial|a|2|0;provincial|n|2|0
proving	VERB=3	proving=3	
provision	NOUN=16	provision=16	provision|n|4|0;provision|v|1|0
provisional	ADJ=2	Provisional=1,provisional=1	provisional|a|1|0
provisions	NOUN=17	provisions=15,Provisions=2	provisions|n|1|0
provocation	NOUN=14	provocation=14	provocation|n|3|0
provocative	ADJ=1	provocative=1	provocative|a|2|0
provoke	VERB=3	provoke=3	provoke|v|4|0
provoked	VERB=5	provoked=5	provoked|a|1|0
provoking	VERB=2	provoking=2	provoking|a|1|0
provost			provost|n|1|0
prowess	NOUN=1	prowess=1	prowess|n|1|0
proximal			proximal|a|1|0
proximity	NOUN=1	proximity=1	proximity|n|3|0
proxy	NOUN=2,PROPN=2	Proxy=2,proxy=2	proxy|n|2|0
prudent	ADJ=1	prudent=1	prudent|a|1|0
prussia	PROPN=1	Prussia=1	Prussia|n|1|1
prussian			Prussian|a|1|0;Prussian|n|1|0
ps	NOUN=10,ADV=1	PS=1	PS|n|1|0
psa	NOUN=1	PSA=1	PSA|n|1|0
psalm			Psalm|n|1|1;psalm|n|1|0;psalm|v|1|0
psalms	PROPN=1	Psalms=1	Psalms|n|1|1
pseudo			pseudo|a|1|0;pseudo|n|1|0
pseudonym	NOUN=3	pseudonym=3	pseudonym|n|1|0
psi			psi|n|2|0
psp	PROPN=2	PSP=2	
pst	PROPN=3,NOUN=1	PST=4	PST|n|1|0
psyche			Psyche|n|1|1;psyche|n|2|0
psychedelic	ADJ=2	psychedelic=2	psychedelic|a|3|0
psychiatric			psychiatric|a|1|0
psychiatrist	NOUN=2	psychiatrist=2	psychiatrist|n|1|0
psychiatrists	NOUN=1	psychiatrists=1	
psychiatry	PROPN=2	Psychiatry=2	psychiatry|n|1|0
psychic	ADJ=1	psychic=1	psychic|a|2|0;psychic|n|1|0
psycho			psycho|n|1|0
psychological	ADJ=4	psychological=4	psychological|a|2|0
psychologically			psychologically|r|2|0
psychologist	NOUN=2	psychologist=2	psychologist|n|1|0
psychologists	NOUN=2	psychologists=1	
psychology	NOUN=16,PROPN=5	psychology=13,Psychology=7	psychology|n|1|0
psychopath			psychopath|n|1|0
psychosis			psychosis|n|1|0
psychotherapy			psychotherapy|n|2|0
psychotic			psychotic|a|1|0;psychotic|n|1|0
pt	NOUN=1	PT=1	Pt|n|1|0
ptsd			PTSD|n|1|0
pu			PU|n|1|0;Pu|n|1|0
pub	NOUN=10	pub=10	pub|n|1|0
puberty			puberty|n|1|0
public	ADJ=160,NOUN=17,PROPN=1	public=165,Public=12	public|a|2|0;public|n|2|0
publication	NOUN=14	publication=14	publication|n|4|0
publications	NOUN=7,PROPN=1	publications=6,Publications=1	
publicity	NOUN=1	publicity=1	publicity|n|2|0
publicized	VERB=1	publicized=1	publicized|a|1|0
publicly	ADV=8	publicly=8	publicly|r|2|0
publish	VERB=5	publish=5	publish|v|3|0
published	VERB=47	published=46	published|a|2|0
publisher	NOUN=4	publisher=4	publisher|n|3|0
publishers	NOUN=3,PROPN=1	publishers=3,Publishers=1	
publishes	VERB=1	publishes=1	
publishing	NOUN=2,VERB=2,PROPN=1	publishing=4,Publishing=1	publishing|n|1|0
pubs	NOUN=1,PROPN=1	pubs=1	
puck			Puck|n|1|0;puck|n|1|0
pudding	NOUN=2	pudding=2	pudding|n|3|0
puddle			puddle|n|3|0;puddle|v|9|0
pueblo	PROPN=2	Pueblo=2	Pueblo|n|2|1;pueblo|n|1|0
puerto	PROPN=5	Puerto=4	
puff	VERB=2,PROPN=1	puff=2,Puff=1	puff|a|1|0;puff|n|8|0;puff|v|8|0
puffy	ADJ=2	puffy=2	puffy|a|3|0
pug	PROPN=1	PUG=1	pug|n|1|0
puke	VERB=1	puke=1	puke|n|2|0;puke|v|1|0
pulitzer			Pulitzer|n|1|1
pull	VERB=21,NOUN=4	pull=24	pull|n|7|0;pull|v|17|0
pulled	VERB=21	pulled=21	
pulling	VERB=6	pulling=6	pulling|n|1|0
pullman			Pullman|n|1|0
pulls	VERB=4	pulls=4	
pulmonary			pulmonary|a|1|0
pulp			pulp|n|5|0;pulp|v|2|0
pulpit	NOUN=2	Pulpit=1,pulpit=1	pulpit|n|1|0
pulse	NOUN=1	pulse=1	pulse|n|4|0;pulse|v|3|0
puma			puma|n|1|0
pump	NOUN=2,PROPN=1,VERB=1	pump=3,Pump=1	pump|n|3|0;pump|v|8|0
pumped	VERB=1	pumped=1	pumped|a|1|0
pumping	VERB=3	pumping=3	
pumpkin	NOUN=1	pumpkin=1	pumpkin|n|2|0
pumps	VERB=1	pumps=1	
pun	NOUN=1	pun=1	pun|n|1|0;pun|v|1|0
punch	NOUN=2,VERB=1	punch=3	punch|n|3|0;punch|v|3|0
punches	NOUN=1	punches=1	
punching	VERB=1	punching=1	
punctuation	NOUN=3	punctuation=3	punctuation|n|3|0
puncture			puncture|n|3|0;puncture|v|5|0
pune	PROPN=1	Pune=1	
punish	VERB=4	punish=4	punish|v|1|0
punishable			punishable|a|2|0
punished			punished|a|1|0
punishing	VERB=1	punishing=1	punishing|a|2|0
punishment	NOUN=6	punishment=6	punishment|n|1|0
punitive	ADJ=8	punitive=8	punitive|a|1|0
punjab	PROPN=2	punjab=2	Punjab|n|1|1
punjabi			Punjabi|n|2|0
punk	NOUN=1	punk=1	punk|a|1|0;punk|n|5|0
puns	NOUN=1	puns=1	
punt			punt|n|1|0;punt|n|2|0;punt|v|3|0
pup	NOUN=5	pup=5	pup|n|2|0;pup|v|1|0
pupil	NOUN=1	pupil=1	pupil|n|3|0
pupils	NOUN=1	pupils=1	
puppet	NOUN=5,PROPN=3	puppet=5,Puppet=3	puppet|n|3|0
puppets	NOUN=6	puppets=6	
puppies	NOUN=1	puppies=1	
puppy	NOUN=9	puppy=9	puppy|n|2|0
purchase	VERB=18,NOUN=13,PROPN=1	purchase=28,Purchase=3	purchase|n|4|0;purchase|v|1|0
purchased	VERB=23	purchased=23	
purchaser			purchaser|n|1|0
purchases	NOUN=3	purchases=3	
purchasing	VERB=6	purchasing=6	purchasing|n|1|0
pure	ADJ=13	pure=11	pure|a|7|0
purely	ADV=6	purely=6	purely|r|1|0
purgatory	NOUN=1	purgatory=1	purgatory|n|2|0
purge	VERB=1	purge=1	purge|n|3|0;purge|v|7|0
purification			purification|n|4|0
purity			purity|n|3|0
purple	ADJ=11,NOUN=2	purple=10,Purple=2	purple|a|3|0;purple|n|3|0;purple|v|2|0
purported	VERB=3,ADJ=1	purported=4	
purpose	NOUN=37,ADJ=1	purpose=37,Purpose=1	purpose|n|3|0;purpose|v|2|0
purposely	ADV=2	purposely=2	purposely|r|1|0
purposes	NOUN=13	purposes=13	
purse	NOUN=4	purse=4	purse|n|4|0;purse|v|2|0
pursuant	ADV=2,ADJ=1	pursuant=2	pursuant|a|1|0
pursue	VERB=8	pursue=8	pursue|v|4|0
pursued	VERB=1	pursued=1	pursued|a|1|0;pursued|n|1|0
pursuing	VERB=2	pursuing=1	pursuing|a|1|0
pursuit	NOUN=5,PROPN=1	pursuit=5,Pursuit=1	pursuit|n|4|0
push	VERB=20,NOUN=5	push=23	push|n|5|0;push|v|10|0
pushed	VERB=16	pushed=16	
pushes	VERB=1	pushes=1	
pushing	VERB=8	pushing=8	pushing|n|1|0
pussy			pussy|a|1|0;pussy|n|2|0
put	VERB=279,ADP=1	put=260,PUT=1,Put=1	put|n|1|0;put|v|9|0
putin	PROPN=4	Putin=4	Putin|n|1|1
puts	VERB=11,NOUN=7	puts=16,PUTS=2	
putt			putt|n|1|0;putt|v|2|0
putting	VERB=47,ADJ=1	putting=44,Putting=1	putting|n|1|0
puzzle			puzzle|n|2|0;puzzle|v|2|0
puzzled	VERB=1	puzzled=1	puzzled|a|1|0
puzzles	NOUN=1	puzzles=1	
puzzling			puzzling|a|2|0
pvc			PVC|n|2|0
pvt	NOUN=1	PVT=1	
pyongyang			Pyongyang|n|1|1
pyramid	NOUN=3,PROPN=2	pyramid=3,Pyramid=2	Pyramid|n|1|1;pyramid|n|2|0;pyramid|v|4|0
pyramids	NOUN=2	pyramids=2	
python	NOUN=4	python=3,Python=1	Python|n|2|1;python|n|2|0
qaeda	PROPN=79	Qaeda=79	Qaeda|n|1|1
qatar	PROPN=3	Qatar=3	Qatar|n|2|2
qc	PROPN=1	QC=1	
qi			qi|n|1|0
qing			Qing|n|1|0
qld	PROPN=1	QLD=1	
qt	PROPN=1	QT=1	
quad	NOUN=1	quad=1	quad|n|4|0
quadrant	NOUN=2	quadrant=2	quadrant|n|4|0
quadruple			quadruple|a|2|0;quadruple|n|2|0;quadruple|v|1|0
quail			quail|n|2|0;quail|v|1|0
quaint	ADJ=2	quaint=1	quaint|a|3|0
quake			quake|n|1|0;quake|v|2|0
quaker			Quaker|n|1|0;quaker|n|1|0
qualification			qualification|n|3|0
qualifications	NOUN=5	qualifications=5	
qualified	ADJ=8,VERB=4	qualified=11,Qualified=1	qualified|a|5|0
qualifier	NOUN=1	qualifier=1	qualifier|n|2|0
qualify	VERB=2	qualify=2	qualify|v|7|0
qualifying			qualifying|n|2|0
qualitative	ADJ=3	qualitative=3	qualitative|a|2|0
qualities	NOUN=4	qualities=4	
quality	NOUN=110,ADJ=11	quality=114,Quality=3	quality|a|2|0;quality|n|5|0
quantify			quantify|v|2|0
quantitative	ADJ=2	quantitative=2	quantitative|a|3|0
quantity	NOUN=15	quantity=12,Quantity=3	quantity|n|3|0
quantum			quantum|n|2|0
quarantine			quarantine|n|2|0;quarantine|v|1|0
quarrel			quarrel|n|2|0;quarrel|v|1|0
quarry			quarry|n|3|0;quarry|v|1|0
quarter	NOUN=14,ADJ=2,PROPN=1	quarter=14,Quarter=3	quarter|n|14|0;quarter|v|4|0
quarterback			quarterback|n|2|0;quarterback|v|1|0
quarterly	ADJ=1	quarterly=1	quarterly|a|1|0;quarterly|n|1|0;quarterly|r|2|0
quarters	NOUN=3,PROPN=1	quarters=3,Quarters=1	quarters|n|1|0
quartet	PROPN=3	Quartet=3	quartet|n|5|0
quartz			quartz|n|2|0
quasi	ADJ=2	quasi=2	quasi|a|1|0
quay			quay|n|1|0
que	NOUN=1	que=1	
quebec	PROPN=3	Quebec=3	Quebec|n|2|2
queen	PROPN=3,NOUN=2	Queen=3,queen=2	queen|n|10|0;queen|v|2|0
queens	NOUN=1	queens=1	Queens|n|1|1
queensland	PROPN=3	Queensland=3	Queensland|n|1|1
queer			queer|a|2|0;queer|n|1|0;queer|v|2|0
queries	NOUN=1	queries=1	
query	NOUN=1	query=1	query|n|1|0;query|v|1|0
quest	NOUN=4	quest=4	quest|n|2|0;quest|v|5|0
question	NOUN=128,VERB=9	question=132,Question=1	question|n|6|0;question|v|5|0
questionable	ADJ=1	questionable=1	questionable|a|2|0
questioned	VERB=5	questioned=5	
questioning	VERB=4	questioning=4	questioning|a|3|0;questioning|n|1|0
questionnaire	NOUN=5	questionnaire=5	questionnaire|n|1|0
questions	NOUN=146,PROPN=1	questions=141,QUESTIONS=2,Questions=2	
queue	NOUN=2	queue=2	queue|n|3|0;queue|v|1|0
queues	NOUN=1	queues=1	
quick	ADJ=38,ADV=9,PROPN=1	quick=43,Quick=2	quick|a|6|0;quick|n|1|0;quick|r|1|0
quicker	ADJ=3,ADV=1	quicker=4	quicker|r|1|0
quickest	ADJ=1	quickest=1	quickest|r|1|0
quickly	ADV=62	quickly=61	quickly|r|3|0
quid	X=1	quid=1	quid|n|3|0
quiet	ADJ=16,NOUN=2,VERB=1	quiet=19	quiet|a|6|0;quiet|n|4|0;quiet|r|1|0;quiet|v|2|0
quieter	ADJ=2	quieter=2	
quietly	ADV=4	quietly=4	quietly|r|4|0
quill			quill|n|4|0
quilt			quilt|n|1|0;quilt|v|2|0
quincy			Quincy|n|1|1
quinn	PROPN=1	Quinn=1	
quirk			quirk|n|2|0;quirk|v|1|0
quirky			quirky|a|1|0
quit	VERB=3	quit=2	quit|v|5|0
quite	ADV=78,DET=27	quite=104	quite|r|4|0
quits			quits|a|1|0
quitting	VERB=2	quitting=2	
quiz	NOUN=3	quiz=3	quiz|n|1|0;quiz|v|1|0
quo	NOUN=2,X=1	quo=3	
quota			quota|n|3|0
quotation			quotation|n|4|0
quote	NOUN=26,VERB=9	quote=35	quote|n|2|0;quote|v|4|0
quoted	VERB=16	quoted=16	
quotes	NOUN=6	quotes=6	
quoting	VERB=4	quoting=4	
quran			Quran|n|1|1
ra	PROPN=1	RA=1	RA|n|1|0;Ra|n|2|1
rabbi	NOUN=1	rabbi=1	Rabbi|n|1|0;rabbi|n|1|0
rabbit	NOUN=15	rabbit=15	rabbit|n|3|0;rabbit|v|1|0
rabbits	NOUN=12	rabbits=9,Rabbits=1	
rabid	ADJ=1	rabid=1	rabid|a|2|0
rabies			rabies|n|1|0
raccoon			raccoon|n|2|0
race	NOUN=26,PROPN=1,VERB=1	race=26,Race=1	race|n|6|0;race|v|4|0
racer			racer|n|4|0
races	NOUN=4,VERB=1	races=5	
rachel	PROPN=8	Rachel=4	Rachel|n|1|1
racial	ADJ=22	racial=22	racial|a|2|0
racially	ADV=1	racially=1	racially|r|1|0
racing	NOUN=3,PROPN=1	racing=3,Racing=1	racing|n|1|0
racism	NOUN=5	racism=4	racism|n|2|0
racist			racist|a|2|0;racist|n|1|0
rack	NOUN=5,PROPN=1	rack=5,Rack=1	rack|n|6|0;rack|v|12|0
racket	NOUN=1	racket=1	racket|n|4|0;racket|v|3|0
racking	VERB=2	racking=2	racking|a|1|0
rad			rad|n|2|0
radar	NOUN=5	radar=5	radar|n|1|0
radcliffe	PROPN=1	Radcliffe=1	
radial			radial|a|4|0;radial|n|1|0
radiant	ADJ=1	radiant=1	radiant|a|1|0
radiation	NOUN=13,PROPN=2	radiation=10,Radiation=4	radiation|n|7|0
radiator			radiator|n|3|0
radical	ADJ=15	radical=14	radical|a|5|0;radical|n|6|0
radically			radically|r|1|0
radicals	NOUN=4	radicals=4	
radio	NOUN=11,PROPN=2	radio=11,Radio=2	radio|a|1|0;radio|n|3|0;radio|v|1|0
radioactive			radioactive|a|1|0
radiology	NOUN=1	radiology=1	radiology|n|2|0
radios	NOUN=2	radios=2	
radius	NOUN=2	radius=2	radius|n|5|0
rae	PROPN=3	Rae=3	
raf			RAF|n|2|1
rafael	PROPN=3	Rafael=2,RAFAEL=1	
raffle	NOUN=2	RAFFLE=1,raffle=1	raffle|n|1|0;raffle|v|1|0
raft	NOUN=1	raft=1	raft|n|3|0;raft|v|3|0
rag			rag|n|5|0;rag|v|6|0
rage	NOUN=1	rage=1	rage|n|5|0;rage|v|3|0
ragged			ragged|a|3|0
raging	VERB=2	Raging=2	raging|a|3|0
rags	NOUN=1	rags=1	
rahman	PROPN=7	Rahman=7	
raid	VERB=2,NOUN=1	raid=3	raid|n|2|0;raid|v|4|0
raided	VERB=1	raided=1	
raider			raider|n|2|0
raiding	VERB=2	raiding=2	raiding|a|1|0
rail	NOUN=10,PROPN=2	rail=10,Rail=2	rail|n|5|0;rail|v|10|0
railing	NOUN=2	railing=2	railing|n|2|0
railroad	NOUN=3	railroad=3	railroad|n|2|0;railroad|v|3|0
rails	NOUN=2	rails=2	rails|n|1|0
railway	NOUN=1	railway=1	railway|n|2|0
railways	NOUN=1	railways=1	
rain	NOUN=25	rain=25	rain|n|3|0;rain|v|1|0
rainbow	NOUN=2	rainbow=2	rainbow|n|2|0
rainbows	NOUN=1	Rainbows=1	
rained	VERB=5	rained=5	
rainfall	NOUN=1	rainfall=1	rainfall|n|1|0
rainforest	NOUN=1	rainforest=1	rainforest|n|1|0
raining	VERB=2	raining=2	raining|a|1|0
rains	NOUN=4,PROPN=2,VERB=1	rains=5,Rains=2	
rainy	ADJ=4	rainy=4	rainy|a|1|0
raise	VERB=20	raise=20	raise|n|4|0;raise|v|28|0
raised	VERB=32	raised=32	raised|a|3|0
raises	VERB=7	raises=7	
raising	VERB=9,NOUN=2	raising=11	raising|a|1|0;raising|n|3|0
raj			raj|n|1|0
raja			Raja|n|1|0;raja|n|1|0
rake			rake|n|3|0;rake|v|6|0
raleigh	PROPN=4	Raleigh=3	Raleigh|n|2|2
rallied	VERB=2	rallied=2	
rally	NOUN=4,VERB=2	rally=6	rally|n|5|0;rally|v|5|0
rallying	NOUN=1	rallying=1	rallying|a|1|0;rallying|n|2|0
ralph	PROPN=7	Ralph=6	
ram	PROPN=2,NOUN=1	Ram=1	RAM|n|1|0;Ram|n|2|1;ram|n|2|0;ram|v|4|0
rama			Rama|n|1|1
ramadan			Ramadan|n|2|0
rambling	ADJ=1	rambling=1	rambling|a|3|0
ramifications	NOUN=3	ramifications=3	
ramon	PROPN=4	Ramon=1	
ramos	PROPN=1	Ramos=1	
ramp	VERB=3,NOUN=1	ramp=4	ramp|n|3|0;ramp|v|5|0
rampage			rampage|n|1|0;rampage|v|1|0
rampant	ADJ=3	rampant=2	rampant|a|3|0
rams	PROPN=1	Rams=1	
ramsay	PROPN=2	Ramsay=2	
ramsey	PROPN=1	Ramsey=1	
ran	VERB=25	ran=25	
rana			Rana|n|1|0
ranch	NOUN=2	ranch=2	ranch|n|1|0;ranch|v|1|0
rand			Rand|n|2|2;rand|n|1|0
random	ADJ=12	random=11,Random=1	random|a|1|0
randomized			randomized|a|1|0
randomly	ADV=2	randomly=2	randomly|r|1|0
randy	PROPN=2	Randy=1	randy|a|1|0
rang	VERB=4	rang=4	
range	NOUN=35,VERB=3,PROPN=2	range=38,Range=1	range|n|9|0;range|v|8|0
ranged	VERB=2,ADJ=1	ranged=3	
ranger	NOUN=2,PROPN=1	Ranger=2,ranger=1	Ranger|n|1|0;ranger|n|2|0
rangers	NOUN=1	Rangers=1	
ranges	NOUN=3	ranges=3	
ranging	VERB=7	ranging=7	ranging|a|1|0
rank	NOUN=8,PROPN=2,VERB=2	rank=9,Rank=3	rank|a|5|0;rank|n|5|0;rank|v|3|0
ranked	VERB=4	ranked=4	ranked|a|1|0
rankin			Rankin|n|1|1
ranking	ADJ=1,VERB=1	ranking=2	ranking|a|1|0;ranking|n|1|0
rankings	NOUN=2	rankings=2	
ranks	NOUN=4,VERB=4	ranks=8	
ransom			ransom|n|3|0;ransom|v|1|0
rant			rant|n|2|0;rant|v|1|0
ranting			ranting|n|1|0
rao	PROPN=1	Rao=1	
rap	NOUN=1,PROPN=1	Rap=1,rap=1	rap|n|6|0;rap|v|4|0
rape	NOUN=4	rape=4	rape|n|3|0;rape|v|2|0
raped	VERB=1	RAPED=1	raped|a|1|0
raphael	PROPN=6	RAPHAEL=4	Raphael|n|2|1
rapid	ADJ=13	rapid=11,Rapid=2	rapid|a|2|0;rapid|n|1|0
rapidly	ADV=12	rapidly=12	rapidly|r|1|0
rapist			rapist|n|1|0
rapists	NOUN=1	rapists=1	
rapper			rapper|n|2|0
rappers	NOUN=1	rappers=1	
rapport			rapport|n|1|0
raptor			raptor|n|1|0
rapture			rapture|n|2|0
rare	ADJ=22	rare=22	rare|a|6|0
rarely	ADV=11	rarely=11	rarely|r|1|0
rarity	NOUN=1	rarity=1	rarity|n|3|0
ras			RAS|n|1|0
rash	ADJ=1	rash=1	rash|a|2|0;rash|n|2|0
rasmussen	PROPN=1	Rasmussen=1	Rasmussen|n|1|1
raspberry	NOUN=1,PROPN=1	Raspberry=1,raspberry=1	raspberry|n|3|0
rat	NOUN=20,PROPN=1	rat=19,Rat=2	rat|n|5|0;rat|v|6|0
ratchet	VERB=1	ratchet=1	ratchet|n|1|0;ratchet|v|1|0
rate	NOUN=62,VERB=9	rate=69	rate|n|4|0;rate|v|3|0
rated	VERB=7	rated=5,Rated=2	
rates	NOUN=28,VERB=1,X=1	rates=28,Rates=1	rates|n|1|0
rather	ADV=82,PROPN=1	rather=78,Rather=1	rather|r|4|0
ratification			ratification|n|1|0
ratified			ratified|a|1|0
rating	NOUN=6,VERB=2	rating=7,Rating=1	rating|n|4|0
ratings	NOUN=3	ratings=3	
ratio	NOUN=4	ratio=4	ratio|n|2|0
ration	NOUN=1	ration=1	ration|n|2|0;ration|v|2|0
rational	ADJ=4,NOUN=1	rational=5	rational|a|4|0;rational|n|1|0
rationale	NOUN=2	rationale=2	rationale|n|1|0
rationality			rationality|n|2|0
ratios	NOUN=1	ratios=1	
rats	NOUN=9	rats=7,Rats=1	
rattle			rattle|n|3|0;rattle|v|2|0
rattled			rattled|a|1|0
rattling	NOUN=1	rattling=1	rattling|a|2|0;rattling|n|1|0;rattling|r|1|0
ravaged	VERB=1	ravaged=1	ravaged|a|1|0
rave	NOUN=2,VERB=1	rave=3	rave|n|2|0;rave|v|3|0
raven			raven|n|1|0;raven|v|4|0
ravine			ravine|n|1|0
raving			raving|a|1|0;raving|n|1|0;raving|r|1|0
raw	ADJ=9,PROPN=3	raw=6,Raw=3,RAW=2	raw|a|13|0;raw|n|1|0
ray	PROPN=5,NOUN=2	Ray=3,ray=2	ray|n|7|0;ray|v|3|0
raymond	PROPN=2	Raymond=2	
rays	NOUN=15,PROPN=2	rays=15,Rays=2	
razor	NOUN=1	razor=1	razor|n|1|0;razor|v|1|0
rb			Rb|n|1|0
rbi	NOUN=3	RBI=3	rbi|n|1|0
rd	PROPN=2	Rd=2	
re	ADP=13,AUX=7,X=5	re=17,Re=5	Re|n|1|0;Re|n|1|1;re|n|1|0
reach	VERB=30,NOUN=7	reach=37	reach|n|4|0;reach|v|9|0
reached	VERB=13	reached=13	
reaches	VERB=4,NOUN=2	reaches=6	
reaching	VERB=4	reaching=4	reaching|n|2|0
react	VERB=8	react=8	react|v|3|0
reacted	VERB=2	reacted=2	
reacting	VERB=1	reacting=1	
reaction	NOUN=13	reaction=13	reaction|n|7|0
reactionary	ADJ=1	reactionary=1	reactionary|a|1|0;reactionary|n|1|0
reactions	NOUN=6	reactions=6	
reactive	ADJ=1	Reactive=1	reactive|a|2|0
reactor	NOUN=1	reactor=1	reactor|n|2|0
reacts	VERB=1	reacts=1	
read	VERB=118,NOUN=1	read=108,Read=2,READ=1	read|n|1|0;read|v|11|0
readable			readable|a|1|0
reader	NOUN=6,PROPN=2	reader=6,Reader=2	reader|n|8|0
readers	NOUN=17	readers=15	
readership	NOUN=1	readership=1	readership|n|1|0
readily	ADV=1	readily=1	readily|r|2|0
readiness			readiness|n|4|0
reading	VERB=29,NOUN=11	reading=39	Reading|n|1|1;reading|n|7|0
readings	NOUN=2	readings=2	
reads	VERB=6	reads=6	
ready	ADJ=70	ready=66,Ready=1	ready|a|5|0;ready|n|1|0;ready|v|2|0
reaffirmed	VERB=1	reaffirmed=1	
reagan	PROPN=5	Reagan=4	Reagan|n|1|1
real	ADJ=126,ADV=16	real=132,REAL=3,Real=2	real|a|9|0;real|n|1|0;real|n|2|0;real|r|1|0
realisation	NOUN=2	realisation=2	realisation|n|6|0
realise	VERB=3	realise=3	realise|v|6|0
realised	VERB=3	realised=3	realised|a|1|0
realises	VERB=1	realises=1	
realism	NOUN=5	realism=4	realism|n|5|0
realist	NOUN=1	realist=1	realist|n|3|0
realistic	ADJ=11	realistic=11	realistic|a|3|0
realistically	ADV=1	realistically=1	realistically|r|2|0
realities	NOUN=3	realities=3	
reality	NOUN=24	reality=23	reality|n|4|0
realization	NOUN=3	realization=3	realization|n|6|0
realize	VERB=24	realize=24	realize|v|6|0
realized	VERB=10	realized=10	realized|a|1|0
realizing	VERB=4	realizing=4	
really	ADV=432	really=409,REALLY=5,Really=4	really|r|4|0
realm	NOUN=1	realm=1	realm|n|3|0
realms	NOUN=2	realms=2	
realtor			Realtor|n|1|0
realty	PROPN=1	Realty=1	realty|n|1|0
reap	VERB=1	reap=1	reap|v|2|0
reaper			Reaper|n|1|1;reaper|n|2|0
rear	ADJ=6,NOUN=1	rear=7	rear|a|1|0;rear|n|5|0;rear|v|5|0
rearing	NOUN=1,VERB=1	rearing=2	rearing|a|1|0;rearing|n|2|0
reason	NOUN=93,VERB=1	reason=92,Reason=1	reason|n|6|0;reason|v|3|0
reasonable	ADJ=48	reasonable=46,Reasonable=1	reasonable|a|3|0
reasonably	ADV=7	reasonably=7	reasonably|r|2|0
reasoned	VERB=4,ADJ=1	reasoned=5	reasoned|a|1|0
reasoning			reasoning|a|1|0;reasoning|n|1|0
reasons	NOUN=55,PROPN=1	reasons=53,Reasons=1	
reassurance	NOUN=2	reassurance=2	reassurance|n|1|0
reassure	VERB=3	reassure=3	reassure|v|1|0
reassured	VERB=1	reassured=1	reassured|a|1|0
reassuring			reassuring|a|1|0
rebate			rebate|n|2|0;rebate|v|3|0
rebecca	PROPN=2	Rebecca=1	Rebecca|n|1|1
rebel	NOUN=2	rebel=2	Rebel|n|1|0;rebel|n|2|0;rebel|v|2|0
rebellion	PROPN=2,NOUN=1	Rebellion=2,rebellion=1	rebellion|n|2|0
rebellious			rebellious|a|3|0
rebels	NOUN=7	rebels=7	
rebirth	NOUN=2	rebirth=2	rebirth|n|4|0
reboot			reboot|v|1|0
reborn	ADJ=1	reborn=1	reborn|a|2|0
rebound			rebound|n|3|0;rebound|v|2|0
rebuild	VERB=8	rebuild=8	rebuild|v|1|0
rebuilding	NOUN=2,VERB=2	rebuilding=4	rebuilding|n|1|0
rebuilt	VERB=1	rebuilt=1	
rebuke	NOUN=1	rebuke=1	rebuke|n|1|0;rebuke|v|1|0
rebuttal	NOUN=5	rebuttal=5	rebuttal|n|2|0
recall	VERB=15,NOUN=3	recall=15	recall|n|5|0;recall|v|7|0
recalled	VERB=4	recalled=4	
recalls	VERB=2	recalls=2	
recap	NOUN=2	recap=2	recap|n|1|0;recap|n|1|0;recap|v|1|0
recapture			recapture|n|2|0;recapture|v|4|0
receipt	NOUN=12	receipt=11,Receipt=1	receipt|n|2|0;receipt|v|2|0
receipts			receipts|n|1|0
receive	VERB=40	receive=40	receive|v|13|0
received	VERB=103	received=103	received|a|2|0
receiver	NOUN=2	receiver=2	receiver|n|6|0
receives	VERB=9	receives=9	
receiving	VERB=19	receiving=19	
recent	ADJ=70	recent=66	Recent|n|1|1;recent|a|2|0
recently	ADV=70	recently=63	recently|r|1|0
reception	NOUN=6	reception=5,Reception=1	reception|n|5|0
receptionist	NOUN=7	receptionist=7	receptionist|n|1|0
receptive	ADJ=2	receptive=2	receptive|a|4|0
receptor			receptor|n|2|0
recess			recess|n|5|0;recess|v|3|0
recession	NOUN=2	recession=2	recession|n|5|0
recharge			recharge|v|2|0
recipe	NOUN=6	recipe=6	recipe|n|1|0
recipient	NOUN=16	recipient=16	recipient|n|2|0
recipients	NOUN=5	recipients=5	
reciprocal			reciprocal|a|2|0;reciprocal|n|3|0
recital			recital|n|4|0
recite	VERB=2	recite=2	recite|v|5|0
reckless	ADJ=1	reckless=1	reckless|a|2|0
reckon			reckon|v|6|0
reckoning	NOUN=1	reckoning=1	reckoning|n|3|0
reclaim	VERB=1	reclaim=1	reclaim|v|5|0
reclaimed	VERB=1	reclaimed=1	reclaimed|a|1|0
reclamation			reclamation|n|3|0
recognise			recognise|v|8|0
recognised	VERB=2	recognised=2	recognised|a|2|0
recognises	VERB=1	recognises=1	
recognising	VERB=1	recognising=1	
recognition	NOUN=13,PROPN=1	recognition=13,Recognition=1	recognition|n|8|0
recognizable	ADJ=2	recognizable=2	recognizable|a|2|0
recognize	VERB=13	recognize=12	recognize|v|9|0
recognized	VERB=16	recognized=16	recognized|a|2|0
recognizes	VERB=1	recognizes=1	
recognizing	VERB=1	recognizing=1	
recoil	NOUN=1	recoil=1	recoil|n|2|0;recoil|v|4|0
recollection			recollection|n|3|0
recommend	VERB=128	recommend=124,Recommend=3	recommend|v|3|0
recommendation	NOUN=9	recommendation=9	recommendation|n|3|0
recommendations	NOUN=11	recommendations=10,Recommendations=1	
recommended	VERB=30	recommended=28,Recommended=1	
recommending	VERB=2	recommending=2	
recommends	VERB=2	recommends=2	
reconcile	VERB=2	reconcile=2	reconcile|v|4|0
reconciled	VERB=2	reconciled=2	reconciled|a|1|0
reconciliation	NOUN=11	reconciliation=10	reconciliation|n|2|0
reconnaissance	NOUN=1	reconnaissance=1	reconnaissance|n|1|0
reconsider	VERB=4	reconsider=4	reconsider|v|2|0
reconstruct			reconstruct|v|5|0
reconstructed			reconstructed|a|1|0
reconstruction	NOUN=2	reconstruction=2	Reconstruction|n|1|1;reconstruction|n|3|0
record	NOUN=36,ADJ=7,VERB=7,PROPN=1	record=48,RECORD=1,Record=1	record|n|8|0;record|v|4|0
recorded	VERB=12	recorded=12	recorded|a|2|0
recorder	NOUN=3	recorder=3	recorder|n|4|0
recording	VERB=6,NOUN=5	recording=11	recording|n|3|0
recordings	NOUN=3	recordings=3	
records	NOUN=8,VERB=2	records=9	
recount	NOUN=1,VERB=1	recount=2	recount|n|1|0;recount|v|2|0
recourse	NOUN=2	recourse=2	recourse|n|2|0
recover	VERB=8	recover=8	recover|v|5|0;recover|v|1|0
recovered	VERB=5	recovered=5	recovered|a|2|0
recovering	VERB=3	recovering=3	recovering|a|1|0
recovery	NOUN=7,PROPN=1	recovery=7,Recovery=1	recovery|n|3|0
recreate	VERB=3	recreate=3	recreate|v|4|0;recreate|v|2|0
recreated	VERB=2	recreated=2	
recreation	NOUN=7	recreation=7	recreation|n|2|0
recreational	ADJ=3	recreational=2	recreational|a|2|0
recruit	VERB=4	recruit=4	recruit|n|2|0;recruit|v|3|0
recruited	VERB=4	recruited=4	
recruiter			recruiter|n|2|0
recruiting	NOUN=8,X=1	recruiting=5,Recruiting=4	
recruitment	NOUN=4	recruitment=4	recruitment|n|1|0
recruits	NOUN=2,VERB=1	recruits=3	
rectangle	NOUN=2	rectangle=2	rectangle|n|1|0
rectangular			rectangular|a|2|0
rectify	VERB=1	rectify=1	rectify|v|6|0
rector	NOUN=1,PROPN=1	Rector=2	rector|n|1|0
recurrence			recurrence|n|1|0
recurrent	ADJ=2	recurrent=2	recurrent|a|1|0
recurring	VERB=3	recurring=3	recurring|a|1|0
recycle			recycle|v|2|0
recycled	VERB=1	recycled=1	
recycling	NOUN=1,VERB=1	recycling=2	recycling|n|2|0
red	ADJ=64,PROPN=8,NOUN=6,ADV=2,VERB=1	red=53,Red=27	Red|n|1|1;red|a|3|0;red|n|3|0
reddish	ADJ=2	reddish=2	reddish|a|1|0
redeem	VERB=3	redeem=3	redeem|v|6|0
redeemed			redeemed|a|1|0
redefine	VERB=1	redefine=1	redefine|v|2|0
redemption			redemption|n|3|0
redesign	VERB=1	redesign=1	redesign|v|1|0
redevelopment	NOUN=1	redevelopment=1	redevelopment|n|1|0
redhead			redhead|n|3|0
redirect	VERB=1	redirect=1	redirect|v|1|0
redistribution	NOUN=3	redistribution=3	redistribution|n|1|0
redneck			redneck|n|1|0
redo			redo|v|2|0
redress			redress|n|2|0;redress|v|1|0
reduce	VERB=11	reduce=11	reduce|v|20|0
reduced	VERB=21	reduced=19,REDUCED=1	reduced|a|2|0
reduces	VERB=9	reduces=9	
reducing	VERB=9	reducing=8,Reducing=1	reducing|n|2|0
reduction	NOUN=10	reduction=10	reduction|n|3|0
reductions	NOUN=1	reductions=1	
redundancy			redundancy|n|4|0
redundant	ADJ=1	redundant=1	redundant|a|2|0
redwood	NOUN=2	Redwood=2	redwood|n|3|0
reed	PROPN=1	Reed=1	Reed|n|2|2;reed|n|3|0
reef	NOUN=7	reef=7	Reef|n|1|1;reef|n|2|0;reef|v|3|0
reefs	NOUN=3	reefs=3	
reel	NOUN=3	reel=2,Reel=1	reel|n|6|0;reel|v|3|0
reelection			reelection|n|1|0
reels	NOUN=1	reels=1	
rees	PROPN=1	Rees=1	
ref			ref|n|1|0
refer	VERB=22	refer=22	refer|v|7|0
referee	NOUN=8	referee=7	referee|n|3|0;referee|v|2|0
reference	NOUN=13,VERB=7	reference=19	reference|n|10|0;reference|v|1|0
referenced	VERB=6	referenced=6	referenced|a|1|0
references	NOUN=5	references=5	
referencing	VERB=2	referencing=2	
referendum	NOUN=3	referendum=3	referendum|n|1|0
referral	NOUN=2	referral=2	referral|n|3|0
referrals	NOUN=2	referrals=2	
referred	VERB=17	referred=17	
referring	VERB=9	referring=9	
refers	VERB=10	refers=10	
refill			refill|n|2|0;refill|v|1|0
refine	VERB=2	refine=2	refine|v|6|0
refined			refined|a|5|0
refinement	NOUN=1	refinement=1	refinement|n|5|0
refineries	NOUN=2	refineries=2	
refinery	NOUN=4	refinery=4	refinery|n|1|0
refining	VERB=2	refining=2	refining|n|1|0
reflect	VERB=20	reflect=20	reflect|v|7|0
reflected	VERB=5	reflected=5	reflected|a|1|0
reflecting	VERB=4	reflecting=4	reflecting|a|1|0
reflection	NOUN=9	reflection=8	reflection|n|8|0
reflective	ADJ=2	reflective=2	reflective|a|3|0
reflects	VERB=10	reflects=10	
reflex	NOUN=1	reflex=1	reflex|a|1|0;reflex|n|1|0
reform	NOUN=5,PROPN=1	reform=5,Reform=1	reform|n|3|0;reform|v|6|0
reformation			Reformation|n|1|0;reformation|n|2|0
reformed			Reformed|a|1|0;reformed|a|1|0
reformer	NOUN=2	reformer=2	reformer|n|2|0
reforms	NOUN=6	reforms=6	
refrain	VERB=1	refrain=1	refrain|n|1|0;refrain|v|2|0
refresh			refresh|v|4|0
refreshed			refreshed|a|1|0
refreshing	VERB=1	refreshing=1	refreshing|a|2|0
refrigerated			refrigerated|a|1|0
refrigeration			refrigeration|n|2|0
refrigerator	NOUN=4	refrigerator=4	refrigerator|n|1|0
refuge	NOUN=2,PROPN=2	Refuge=2,refuge=2	refuge|n|4|0
refugee	NOUN=6,PROPN=1	refugee=6,Refugee=1	refugee|n|1|0
refugees	NOUN=5,PROPN=1	refugees=5,Refugees=1	
refund	NOUN=6,VERB=1	refund=7	refund|n|2|0;refund|v|1|0
refunds	NOUN=3	refunds=3	
refurbishment			refurbishment|n|1|0
refusal			refusal|n|2|0
refuse	VERB=7	refuse=7	refuse|n|1|0;refuse|v|6|0
refused	VERB=31	refused=31	
refuses	VERB=3	refuses=3	
refusing	VERB=8	refusing=6,Refusing=1	
refute	VERB=1	refute=1	refute|v|2|0
reg	PROPN=1	Reg=1	
regain	VERB=1	regain=1	regain|v|2|0
regained	VERB=1	regained=1	
regal	ADJ=1	regal=1	regal|a|1|0
regard	NOUN=22,VERB=4	regard=25,Regard=1	regard|n|7|0;regard|v|3|0
regarded	VERB=7	regarded=7	
regarding	VERB=63	regarding=55,Regarding=6	
regardless	ADV=10	regardless=8	regardless|a|1|0;regardless|r|1|0
regards	NOUN=55,VERB=3	regards=24	
regency	PROPN=3	Regency=3	Regency|n|1|1;regency|n|2|0
regenerate	VERB=2	regenerate=2	regenerate|a|1|0;regenerate|v|9|0
regeneration			regeneration|n|4|0
regent	PROPN=3	Regent=3	regent|a|1|0;regent|n|2|0
reggae			reggae|n|1|0
reggie	PROPN=1		
regime	NOUN=16	regime=16	regime|n|2|0
regimen	NOUN=1	regimen=1	regimen|n|1|0
regiment	NOUN=1,PROPN=1	Regiment=1,regiment=1	regiment|n|1|0;regiment|v|3|0
regiments	NOUN=2	regiments=2	
regimes	NOUN=4	regimes=4	
regina	PROPN=2	Regina=2	Regina|n|1|1
region	NOUN=61,PROPN=1	region=61,Region=1	region|n|5|0
regional	ADJ=35	regional=33,Regional=2	regional|a|2|0
regions	NOUN=11	regions=11	
register	VERB=4,PROPN=2,NOUN=1	register=5,Register=2	register|n|7|0;register|v|10|0
registered	VERB=12	registered=12	registered|a|3|0
registering	VERB=1	registering=1	
registrar	NOUN=1,PROPN=1	Registrar=1,registrar=1	registrar|n|3|0
registration	NOUN=6	registration=6	registration|n|5|0
registry			registry|n|1|0
regression			regression|n|4|0
regret	VERB=8,NOUN=2	regret=10	regret|n|1|0;regret|v|4|0
regrets	NOUN=1	regrets=1	regrets|n|1|0
regretted	VERB=1	regretted=1	
regular	ADJ=39,NOUN=1	regular=39	regular|a|13|0;regular|n|4|0
regularly	ADV=17	regularly=17	regularly|r|3|0
regulars	NOUN=1	regulars=1	
regulate	VERB=3	regulate=3	regulate|v|4|0
regulated	VERB=4,ADJ=1	regulated=5	regulated|a|1|0
regulating			regulating|n|1|0
regulation	NOUN=10	regulation=10	regulation|a|1|0;regulation|n|6|0
regulations	NOUN=5	regulations=5	
regulator			regulator|n|3|0
regulators	NOUN=3	regulators=3	
regulatory	ADJ=10	regulatory=6,Regulatory=4	regulatory|a|1|0
rehab	NOUN=1	rehab=1	
rehabilitation	PROPN=1	Rehabilitation=1	rehabilitation|n|4|0
rehearsal	NOUN=1	rehearsal=1	rehearsal|n|2|0
reich	PROPN=3	Reich=3	Reich|n|3|2
reid			Reid|n|1|1
reign	NOUN=1,VERB=1	reign=2	reign|n|3|0;reign|v|2|0
reigned	VERB=1	reigned=1	
reigning	VERB=1	reigning=1	reigning|a|1|0
reigns	NOUN=1	reigns=1	
reilly	PROPN=1	Reilly=1	
reimbursement			reimbursement|n|1|0
rein	NOUN=2,VERB=1	rein=3	rein|n|2|0;rein|v|4|0
reincarnation			reincarnation|n|3|0
reindeer			reindeer|n|1|0
reinforce			reinforce|v|2|0
reinforced			reinforced|a|2|0
reinforcement			reinforcement|n|5|0
reinforcements	NOUN=1	reinforcements=1	
reinforces	VERB=2	reinforces=2	
reinforcing	VERB=3	reinforcing=3	
reins	NOUN=4	reins=4	
reinstate			reinstate|v|2|0
reiterate	VERB=1	reiterate=1	reiterate|v|1|0
reject	VERB=5	reject=5	reject|n|1|0;reject|v|7|0
rejected	VERB=6	rejected=6	rejected|a|1|0
rejecting	VERB=1	rejecting=1	
rejection	NOUN=7	rejection=7	rejection|n|4|0
rejects	VERB=2	rejects=2	
rejoice	VERB=1	rejoice=1	rejoice|v|3|0
rejoin			rejoin|v|2|0
relapse	NOUN=1	relapse=1	relapse|n|1|0;relapse|v|2|0
relatable			relatable|a|1|0
relate	VERB=9	relate=9	relate|v|5|0
related	ADJ=55,VERB=5	related=58,Related=1	related|a|2|0
relates	VERB=7	relates=7	
relating	VERB=7	relating=7	
relation	NOUN=12	relation=12	relation|n|6|0
relational			relational|a|1|0
relations	NOUN=16,PROPN=5	relations=16,Relations=5	relations|n|1|0
relationship	NOUN=34	relationship=33,RELATIONSHIP=1	relationship|n|4|0
relationships	NOUN=13	relationships=13	
relative	ADJ=7,NOUN=4,ADV=2	relative=13	relative|a|2|0;relative|n|2|0
relatively	ADV=24	relatively=24	relatively|r|1|0
relatives	NOUN=7	relatives=7	
relativity	NOUN=2	relativity=2	relativity|n|2|0
relax	VERB=10	relax=10	relax|v|8|0
relaxation	NOUN=1	relaxation=1	relaxation|n|7|0
relaxed	ADJ=10,VERB=1	relaxed=11	relaxed|a|1|0
relaxing	ADJ=5,VERB=3	relaxing=8	relaxing|a|1|0
relay	VERB=1	relay=1	relay|n|5|0;relay|v|2|0
release	NOUN=16,VERB=13	release=26,RELEASE=2,Release=1	release|n|12|0;release|v|10|0
released	VERB=42	released=42	
releases	X=4,NOUN=2,VERB=1	Releases=4,releases=2,RELEASES=1	
releasing	VERB=4	releasing=4	releasing|a|1|0
relegation			relegation|n|3|0
relentless	ADJ=6	relentless=6	relentless|a|2|0
relentlessly	ADV=1	relentlessly=1	relentlessly|r|1|0
relevance	NOUN=4	relevance=4	relevance|n|1|0
relevant	ADJ=22	relevant=21,Relevant=1	relevant|a|1|0
reliability	NOUN=6	reliability=6	reliability|n|1|0
reliable	ADJ=27	reliable=27	reliable|a|3|0
reliably			reliably|r|1|0
reliance	NOUN=2	reliance=2	reliance|n|2|0
reliant	PROPN=2	Reliant=2	reliant|a|1|0
relic			relic|n|2|0
relics	NOUN=1	relics=1	
relief	NOUN=21,PROPN=1	relief=20,Relief=1	relief|n|11|0
relies	VERB=2	relies=2	
relieve			relieve|v|11|0
relieved	ADJ=1,VERB=1	relieved=2	relieved|a|2|0
reliever			reliever|n|3|0
religion	NOUN=19,PROPN=1	religion=17,Religion=1	religion|n|2|0
religions	NOUN=8	religions=8	
religious	ADJ=51	religious=44,Religious=5,RELIGIOUS=1	religious|a|4|0;religious|n|1|0
religiously	ADV=1	religiously=1	religiously|r|2|0
relinquish			relinquish|v|4|0
relish	PROPN=1		relish|n|3|0;relish|v|1|0
relive			relive|v|1|0
reload			reload|v|2|0
relocate	VERB=1	relocate=1	relocate|v|2|0
relocated	VERB=2	relocated=2	relocated|a|1|0
relocating	VERB=1	relocating=1	
relocation			relocation|n|2|0
reluctance	NOUN=2	reluctance=2	reluctance|n|2|0
reluctant	ADJ=3	reluctant=3	reluctant|a|3|0
reluctantly	ADV=3	reluctantly=3	reluctantly|r|1|0
rely	VERB=9	rely=9	rely|v|1|0
relying	VERB=7	relying=7	
rem	PROPN=1	Rem=1	REM|n|1|0;rem|n|1|0
remain	VERB=48	remain=46	remain|v|4|0
remainder	NOUN=6	remainder=6	remainder|n|4|0;remainder|v|1|0
remained	VERB=18	remained=18	
remaining	VERB=15,ADJ=1	remaining=16	remaining|a|1|0
remains	VERB=24,NOUN=4	remains=28	remains|n|3|0
remake	NOUN=1	remake=1	remake|n|1|0;remake|v|1|0
remanded	VERB=3	remanded=3	
remark	NOUN=4	remark=3,REMARK=1	remark|n|2|0;remark|v|2|0
remarkable	ADJ=9	remarkable=9	remarkable|a|2|0
remarkably	ADV=7	remarkably=6	remarkably|r|2|0
remarked	VERB=3	remarked=3	
remarks	NOUN=14	remarks=13	
rematch			rematch|n|1|0
remedies	NOUN=7	remedies=6,Remedies=1	
remedy	VERB=2,NOUN=1	remedy=3	remedy|n|2|0;remedy|v|2|0
remember	VERB=115	remember=91,REMEMBER=1,Remember=1	remember|v|8|0
remembered	VERB=13	remembered=13	
remembering	VERB=1	remembering=1	remembering|n|1|0
remembers	VERB=4	remembers=4	
remembrance			remembrance|n|2|0
remind	VERB=10	remind=10	remind|v|2|0
reminded	VERB=7	reminded=7	
reminder	NOUN=14	reminder=13	reminder|n|3|0
reminding	VERB=2	reminding=2	
reminds	VERB=2	reminds=2	
reminiscent	ADJ=1	reminiscent=1	reminiscent|a|1|0
remission	NOUN=1	remission=1	remission|n|4|0
remit			remit|n|2|0;remit|v|7|0
remnant	NOUN=1	remnant=1	remnant|n|2|0
remnants	NOUN=3	remnants=3	
remodeling	NOUN=1	remodeling=1	
remorse			remorse|n|1|0
remote	ADJ=11	remote=11	remote|a|5|0;remote|n|1|0
remotely	ADV=2	remotely=2	remotely|r|2|0
removable			removable|a|2|0
removal	NOUN=5	removal=5	removal|n|2|0
remove	VERB=20	remove=16,Remove=1	remove|n|1|0;remove|v|8|0
removed	VERB=21	removed=21	removed|a|2|0
removes	VERB=3	removes=1	
removing	VERB=8	removing=7	
remuneration			remuneration|n|2|0
renaissance	PROPN=12	Renaissance=10,renaissance=2	Renaissance|n|2|1
renal	ADJ=1	renal=1	renal|a|1|0
rename	VERB=1	rename=1	rename|v|2|0
renamed	VERB=1	renamed=1	
render	VERB=2	render=2	render|n|1|0;render|v|13|0
rendered	VERB=2	rendered=2	
rendering	NOUN=1	rendering=1	rendering|n|7|0
rendezvous			rendezvous|n|3|0;rendezvous|v|1|0
rendition			rendition|n|4|0
renee	PROPN=6	Renee=2	
renegade	ADJ=2	renegade=2	renegade|a|1|0;renegade|n|2|0;renegade|v|1|0
renew	VERB=2	Renew=1,renew=1	renew|v|2|0
renewable	ADJ=3	renewable=2,Renewable=1	renewable|a|2|0
renewal	NOUN=2	renewal=2	renewal|n|3|0
renewed	VERB=5,ADJ=2	renewed=7	renewed|a|1|0
renewing	VERB=2	renewing=2	renewing|a|1|0
reno			Reno|n|1|1
renounce			renounce|v|4|0
renovated	VERB=2	renovated=2	
renovation	NOUN=4	renovation=4	renovation|n|2|0
renown			renown|n|1|0
renowned	ADJ=3,VERB=1	renowned=4	renowned|a|1|0
rent	NOUN=17,VERB=7,PROPN=1	rent=22,Rent=1	rent|n|4|0;rent|v|4|0
rental	NOUN=18,ADJ=5	rental=22	rental|a|2|0;rental|n|2|0
rentals	NOUN=12	rentals=12	
rented	VERB=3	rented=3	
renters	NOUN=2	renters=2	
renting	VERB=4	renting=4	renting|n|1|0
rents	NOUN=1	rents=1	
reopen	VERB=3	reopen=3	reopen|v|1|0
reopened	VERB=3	reopened=3	
reopening	NOUN=1,VERB=1	reopening=2	
reorganization	NOUN=1	reorganization=1	reorganization|n|2|0
rep	NOUN=6	rep=6	rep|n|2|0
repaid	VERB=4	repaid=4	
repair	NOUN=36,VERB=3	repair=35,Repair=2	repair|n|3|0;repair|v|5|0
repaired	VERB=4	repaired=4	
repairs	NOUN=6	repairs=6	
repay	VERB=5	repay=5	repay|v|4|0
repayment			repayment|n|2|0
repeal	VERB=1	repeal=1	repeal|n|1|0;repeal|v|1|0
repeat	VERB=11,ADJ=1,NOUN=1	repeat=11	repeat|n|1|0;repeat|v|6|0
repeated	VERB=8	repeated=8	repeated|a|1|0
repeatedly	ADV=11	repeatedly=11	repeatedly|r|1|0
repeating	VERB=5	repeating=5	repeating|n|1|0
repel			repel|v|5|0
repent	VERB=1	repent=1	repent|v|2|0
repentance			repentance|n|1|0
repercussions	NOUN=2	repercussions=2	
repertoire			repertoire|n|2|0
repetition	NOUN=6	repetition=6	repetition|n|3|0
repetitive	ADJ=1	repetitive=1	repetitive|a|2|0
replace	VERB=22	replace=22	replace|v|4|0
replaced	VERB=16	replaced=16	
replacement	NOUN=10	replacement=10	replacement|n|6|0
replacing	VERB=7	replacing=7	replacing|n|1|0
replay			replay|n|2|0;replay|v|4|0
replica	NOUN=1	replica=1	replica|n|1|0
replicate	VERB=1	replicate=1	replicate|v|3|0
replication	NOUN=29	replication=27	replication|n|7|0
replied	VERB=5	replied=5	
replies	NOUN=1,VERB=1	replies=2	
reply	NOUN=13,VERB=8	reply=16	reply|n|2|0;reply|v|1|0
report	NOUN=74,VERB=13,PROPN=1	report=82,Report=5,REPORT=1	report|n|7|0;report|v|6|0
reported	VERB=42	reported=41,REPORTED=1	reported|a|1|0
reportedly	ADV=15	reportedly=15	reportedly|r|1|0
reporter	NOUN=12	reporter=12	reporter|n|1|0
reporters	NOUN=5,PROPN=1	reporters=5,Reporters=1	
reporting	VERB=9,NOUN=1,PROPN=1	reporting=9,Reporting=1	reporting|n|1|0
reports	NOUN=32,VERB=12	reports=41	
repository	NOUN=1	repository=1	repository|n|3|0
repost			repost|n|1|0
represent	VERB=26	represent=26	represent|v|15|0
representation	NOUN=10	representation=9,Representation=1	representation|n|10|0
representations	NOUN=1	representations=1	
representative	ADJ=18,NOUN=9,PROPN=3	representative=26,Representative=4	representative|a|3|0;representative|n|4|0
representatives	NOUN=13,PROPN=5	representatives=13,Representatives=5	
represented	VERB=12	represented=12	represented|a|1|0
representing	VERB=6	representing=6	
represents	VERB=13	represents=13	
repressed	VERB=2,ADJ=1	repressed=3	repressed|a|1|0
repression			repression|n|3|0
reprint	NOUN=1	reprint=1	reprint|n|2|0;reprint|v|1|0
reprinted	VERB=4	reprinted=4	
reproduce	VERB=4	reproduce=4	reproduce|v|4|0
reproduced	VERB=4	reproduced=4	
reproduction	NOUN=3	reproduction=3	reproduction|n|5|0
reproductive	ADJ=4	reproductive=4	reproductive|a|1|0
reps	NOUN=1	reps=1	
reptile	NOUN=5	reptile=5	reptile|n|1|0
reptiles	NOUN=3	reptiles=3	
republic	PROPN=23,NOUN=4	Republic=22,republic=5	republic|n|2|0
republican	ADJ=26,PROPN=4	Republican=29,republican=1	Republican|n|2|1;republican|a|2|0;republican|n|1|0
republicans	PROPN=7	Republicans=7	
republics	NOUN=2,PROPN=1	Republics=2,republics=1	
repulsive	ADJ=2	repulsive=2	repulsive|a|3|0
reputable	ADJ=3	reputable=3	reputable|a|1|0
reputation	NOUN=14	reputation=14	reputation|n|3|0
reputed	VERB=1	reputed=1	
request	NOUN=44,VERB=11	request=55	request|n|2|0;request|v|3|0
requested	VERB=27	requested=27	requested|a|1|0
requesting	VERB=4	requesting=4	
requests	NOUN=16	requests=13,Requests=1	
require	VERB=37	require=37	require|v|4|0
required	VERB=47	required=47	required|a|2|0
requirement	NOUN=9	requirement=9	requirement|n|3|0
requirements	NOUN=18	requirements=17	
requires	VERB=17	requires=17	
requiring	VERB=11	requiring=10	
requisite			requisite|a|1|0;requisite|n|1|0
res			RES|n|1|0
resale	NOUN=1	resale=1	resale|n|1|0
rescheduled	VERB=2	rescheduled=2	
rescue	NOUN=11,VERB=2	rescue=13	rescue|n|1|0;rescue|v|2|0
rescued	VERB=5	rescued=5	rescued|a|1|0
research	NOUN=95,PROPN=9,VERB=5	research=96,Research=10,REsearch=1	research|n|2|0;research|v|2|0
researcher	NOUN=2	researcher=2	researcher|n|1|0
researchers	NOUN=23	researchers=21	
researching	VERB=5	researching=5	
resemblance	NOUN=1	resemblance=1	resemblance|n|1|0
resemble	VERB=1	resemble=1	resemble|v|1|0
resembled	VERB=2	resembled=2	
resembles	VERB=2	resembles=2	
resent	VERB=1	resent=1	resent|v|2|0
resentment			resentment|n|1|0
reservation	NOUN=6	reservation=5,Reservation=1	reservation|n|7|0
reservations	NOUN=2	reservations=2	
reserve	NOUN=9,PROPN=5,VERB=4	reserve=13,Reserve=5	reserve|n|7|0;reserve|v|4|0
reserved	VERB=5	reserved=5	reserved|a|2|0
reserves	NOUN=12,VERB=3,PROPN=1	reserves=15,Reserves=1	reserves|n|1|0
reservoir	NOUN=1	reservoir=1	reservoir|n|4|0
reservoirs	NOUN=1	reservoirs=1	
reset			reset|n|1|0;reset|v|3|0
resettlement			resettlement|n|1|0
reside	VERB=4	reside=4	reside|v|3|0
resided	VERB=3	resided=3	
residence	NOUN=6	residence=6	residence|n|4|0
residences	NOUN=2	residences=2	
residency	NOUN=1	residency=1	residency|n|2|0
resident	NOUN=7,ADJ=1	resident=8	resident|a|2|0;resident|n|2|0
residential	ADJ=16	residential=14,Residential=2	residential|a|2|0
residents	NOUN=19	residents=17	
resides	VERB=1	resides=1	
residing	VERB=1	residing=1	
residual	ADJ=2	Residual=1,residual=1	residual|a|1|0;residual|n|2|0
residue			residue|n|2|0
resign	VERB=3	resign=2,Resign=1	resign|v|4|0
resignation	NOUN=3	resignation=3	resignation|n|3|0
resigned	VERB=3	resigned=3	
resilience	NOUN=5	resilience=4	resilience|n|2|0
resilient			resilient|a|2|0
resin	NOUN=1	resin=1	resin|n|1|0
resist	VERB=2	resist=2	resist|v|6|0
resistance	NOUN=10	resistance=10	resistance|n|11|0
resistant	ADJ=1	resistant=1	resistant|a|5|0
resisted	VERB=2	resisted=2	
resisting	VERB=2	resisting=2	
resolute			resolute|a|2|0
resolution	NOUN=7,PROPN=3	resolution=6,Resolution=4	resolution|n|11|0
resolutions	NOUN=4	resolutions=4	
resolve	VERB=7	resolve=6,Resolve=1	resolve|n|2|0;resolve|v|7|0
resolved	VERB=8	resolved=8	resolved|a|2|0
resolving	VERB=2	resolving=1	resolving|n|1|0
resonance			resonance|n|5|0
resonant			resonant|a|2|0
resonate	VERB=1	resonate=1	resonate|v|2|0
resort	NOUN=10,PROPN=2,VERB=2	resort=12,Resort=2	resort|n|4|0;resort|v|2|0
resorted	VERB=1	resorted=1	
resorting	VERB=1	resorting=1	
resorts	NOUN=2,PROPN=1	resorts=3	
resource	NOUN=10	resource=9,Resource=1	resource|n|3|0
resources	NOUN=27,PROPN=5	resources=27,Resources=5	
respect	NOUN=44,VERB=5,X=1	respect=49	respect|n|7|0;respect|v|2|0
respectable	ADJ=3	respectable=3	respectable|a|3|0
respected	VERB=4,ADJ=1	respected=5	respected|a|1|0
respectful	ADJ=3	respectful=3	respectful|a|2|0
respectfully	ADV=8	respectfully=5	respectfully|r|1|0
respecting	VERB=3	respecting=3	
respective	ADJ=7	respective=7	respective|a|1|0
respectively	ADV=9	respectively=9	respectively|r|1|0
respects	NOUN=5	respects=5	respects|n|1|0
respiratory	ADJ=1	respiratory=1	respiratory|a|1|0
respite			respite|n|5|0;respite|v|1|0
respond	VERB=28	respond=28	respond|v|3|0
responded	VERB=9	responded=9	
respondent	NOUN=13	respondent=12	respondent|a|1|0;respondent|n|2|0
respondents	NOUN=12	respondents=9	
responders	NOUN=2	responders=2	
responding	VERB=4	responding=4	
responds	VERB=2	responds=2	
response	NOUN=66,VERB=1	response=63	response|n|7|0
responses	NOUN=18	responses=17,Responses=1	
responsibilities	NOUN=14	responsibilities=14	
responsibility	NOUN=27,PROPN=1	responsibility=28	responsibility|n|3|0
responsible	ADJ=34	responsible=34	responsible|a|3|0
responsibly	ADV=3	responsibly=3	responsibly|r|1|0
responsive	ADJ=3	responsive=2	responsive|a|3|0
rest	NOUN=50,VERB=6,ADJ=2,PROPN=1	rest=57,Rest=1	rest|n|7|0;rest|v|11|0
restart			restart|v|2|0
restaurant	NOUN=69,PROPN=3	restaurant=65,Restaurant=5,RESTAURANT=1	restaurant|n|1|0
restaurants	NOUN=36	restaurants=35,Restaurants=1	
rested	VERB=1	rested=1	rested|a|1|0
resting	NOUN=4,VERB=2	resting=5	
restitution			restitution|n|3|0
restless			restless|a|4|0
restoration	NOUN=6	restoration=5,Restoration=1	Restoration|n|2|2;restoration|n|5|0
restore	VERB=3	restore=2	restore|v|5|0
restored	VERB=6	restored=5	
restoring	VERB=1	restoring=1	
restrain	VERB=2	restrain=2	restrain|v|4|0
restrained	VERB=1	restrained=1	restrained|a|5|0
restraint	NOUN=1	restraint=1	restraint|n|6|0
restrict	VERB=2	restrict=2	restrict|v|4|0
restricted	VERB=3,ADJ=1	restricted=4	restricted|a|3|0
restricting	VERB=1	restricting=1	restricting|a|1|0
restriction	NOUN=1	restriction=1	restriction|n|3|0
restrictions	NOUN=10	restrictions=10	
restrictive	ADJ=2	restrictive=2	restrictive|a|2|0
restroom			restroom|n|1|0
restructuring	NOUN=1,PROPN=1	Restructuring=2	
rests	VERB=4	rests=4	
result	NOUN=55,VERB=11	result=66	result|n|4|0;result|v|3|0
resultant	ADJ=1	resultant=1	resultant|a|1|0;resultant|n|3|0
resulted	VERB=13	resulted=13	
resulting	VERB=12	resulting=12	
results	NOUN=59,VERB=5	results=60,Results=2	
resume	NOUN=12,VERB=1,X=1	resume=13,Resume=1	resume|n|2|0;resume|v|4|0
resumed	VERB=3	resumed=3	
resumes	NOUN=1	resumes=1	
resumption	NOUN=1	resumption=1	resumption|n|1|0
resurgence			resurgence|n|1|0
resurrection	NOUN=1	resurrection=1	Resurrection|n|1|1;resurrection|n|1|0
ret			ret|v|1|0
retail	NOUN=11,ADJ=1	retail=9,Retail=2,RETAIL=1	retail|n|1|0;retail|r|1|0;retail|v|2|0
retailer			retailer|n|1|0
retailers	NOUN=2	retailers=2	
retailing			retailing|n|1|0
retain	VERB=5	retain=5	retain|v|4|0
retained	VERB=1	retained=1	retained|a|1|0
retainer			retainer|n|3|0
retake	VERB=2	retake=2	retake|n|1|0;retake|v|3|0
retaliate	VERB=2	retaliate=2	retaliate|v|2|0
retaliation	NOUN=4	retaliation=4	retaliation|n|1|0
retard			retard|n|1|0;retard|v|4|0
retarded	ADJ=6	retarded=6	retarded|a|1|0;retarded|n|1|0
retention	NOUN=4	retention=4	retention|n|3|0
rethink			rethink|n|1|0;rethink|v|1|0
retina			retina|n|1|0
retinal			retinal|a|1|0;retinal|n|1|0
retire	VERB=2	retire=1	retire|v|11|0
retired	VERB=14,ADJ=3	retired=14,Retired=2	retired|a|1|0
retirement	NOUN=9	retirement=9	retirement|n|3|0
retiring	VERB=4	retiring=3	retiring|a|3|0
retreat	NOUN=4,VERB=2	retreat=6	retreat|n|7|0;retreat|v|4|0
retreated	VERB=2	retreated=2	retreated|n|1|0
retreats	NOUN=1	retreats=1	
retribution			retribution|n|3|0
retrieval	NOUN=3	retrieval=3	retrieval|n|3|0
retrieve	VERB=3	retrieve=3	retrieve|v|4|0
retrieved	VERB=1	retrieved=1	
retro			retro|a|1|0;retro|n|1|0
retrograde			retrograde|a|4|0;retrograde|v|5|0
retrospect	NOUN=2	retrospect=2	retrospect|n|1|0;retrospect|v|1|0
retrospective	ADJ=1	retrospective=1	retrospective|a|1|0;retrospective|n|1|0
return	VERB=51,NOUN=42	return=91	return|n|13|0;return|v|16|0
returned	VERB=45	returned=44,RETURNED=1	
returning	VERB=14	returning=13	returning|a|2|0
returns	VERB=5,NOUN=4	returns=9	
reuben			Reuben|n|2|1
reunification			reunification|n|1|0
reunion			reunion|n|2|0
reunite			reunite|v|2|0
reusable			reusable|a|1|0
reuse	NOUN=1	reuse=1	reuse|v|1|0
reused	VERB=1	reused=1	
reuters	PROPN=5	Reuters=2	
rev			rev|n|1|0;rev|v|1|0
revamp			revamp|v|2|0
reveal	VERB=10	reveal=10	reveal|v|3|0
revealed	VERB=13	revealed=13	
revealing	ADJ=1,VERB=1	revealing=2	revealing|a|2|0;revealing|n|1|0
reveals	VERB=4	reveals=4	
revel			revel|n|1|0;revel|v|2|0
revelation	NOUN=2	revelation=2	Revelation|n|1|1;revelation|n|3|0
revelations	NOUN=1	revelations=1	
revenge	NOUN=3	revenge=3	revenge|n|1|0;revenge|v|1|0
revenue	NOUN=18,PROPN=1	revenue=17,Revenue=1	revenue|n|2|0
revenues	NOUN=7	revenues=5,Revenues=1	
revere			Revere|n|1|1;revere|n|1|0;revere|v|2|0
revered	VERB=1	revered=1	revered|a|1|0
reverence	NOUN=1	reverence=1	reverence|n|3|0;reverence|v|1|0
reverend	PROPN=1	Reverend=1	Reverend|n|1|0;reverend|a|1|0;reverend|n|1|0
reversal	NOUN=4	reversal=4	reversal|n|8|0
reverse	VERB=2	reverse=2	reverse|a|3|0;reverse|n|6|0;reverse|v|5|0
reversed	VERB=4	reversed=4	reversed|a|2|0
reversible			reversible|a|4|0;reversible|n|1|0
reversing	VERB=1	reversing=1	
revert			revert|v|2|0
reverted	VERB=2	reverted=2	
review	NOUN=63,VERB=27,PROPN=4	review=87,Review=5	review|n|10|0;review|v|5|0
reviewed	VERB=8	reviewed=8	
reviewer	NOUN=3	reviewer=3	reviewer|n|2|0
reviewers	NOUN=4	reviewers=4	
reviewing	VERB=10	reviewing=10	
reviews	NOUN=37,VERB=1	reviews=37,Reviews=1	
revise	VERB=3	revise=3	revise|n|1|0;revise|v|2|0
revised	VERB=19	revised=16	revised|a|2|0
revising	VERB=2	revising=2	revising|n|1|0
revision	NOUN=7	revision=7	revision|n|3|0
revisions	NOUN=5	revisions=5	
revisit	VERB=2	revisit=2	revisit|v|1|0
revisited	PROPN=1,VERB=1	Revisited=1,revisited=1	
revival	NOUN=4,PROPN=1	revival=4,Revival=1	revival|n|2|0
revive	VERB=1	revive=1	revive|v|5|0
revived	VERB=3	revived=3	revived|a|2|0
reviving			reviving|a|1|0
revoke	VERB=1	revoke=1	revoke|n|1|0;revoke|v|2|0
revolt	NOUN=2	revolt=2	revolt|n|1|0;revolt|v|3|0
revolution	PROPN=11,NOUN=9	Revolution=11,revolution=9	revolution|n|3|0
revolutionaries	NOUN=1	revolutionaries=1	
revolutionary	ADJ=12	Revolutionary=7,revolutionary=3	revolutionary|a|4|0;revolutionary|n|1|0
revolutions	NOUN=1	revolutions=1	
revolve	VERB=1	revolve=1	revolve|v|3|0
revolver			revolver|n|2|0
revolves	VERB=3	revolves=3	
reward	NOUN=6,VERB=5	reward=10,Reward=1	reward|n|5|0;reward|v|3|0
rewarded	VERB=3	rewarded=2,REWARDED=1	
rewarding	ADJ=1	rewarding=1	rewarding|a|1|0
rewards	NOUN=5	rewards=5	
rewind	VERB=3,PROPN=1	rewind=3,Rewind=1	rewind|v|1|0
rewrite			rewrite|n|1|0;rewrite|v|2|0
rewriting			rewriting|n|1|0
rex			Rex|n|1|0
reyes			Reyes|n|1|1
reynolds	PROPN=2	Reynolds=2	Reynolds|n|1|1
rf			RF|n|2|0;Rf|n|1|0
rg			Rg|n|1|0
rh			RH|n|1|0;Rh|n|2|0
rhetoric			rhetoric|n|4|0
rhetorical	ADJ=1	rhetorical=1	rhetorical|a|2|0
rhine			Rhine|n|2|2
rhino	PROPN=1	Rhino=1	rhino|n|1|0
rhodes	PROPN=1	Rhodes=1	Rhodes|n|2|2
rhodesia			Rhodesia|n|1|1
rhyme			rhyme|n|2|0;rhyme|v|2|0
rhythm	NOUN=2	Rhythm=1,rhythm=1	rhythm|n|6|0
rhythmic			rhythmic|a|1|0
rhythms	NOUN=1	rhythms=1	
ri	PROPN=3	RI=3	RI|n|1|1
rib	PROPN=2,NOUN=1	Rib=2,rib=1	rib|n|6|0;rib|v|2|0
ribbon	NOUN=1	ribbon=1	ribbon|n|4|0
ribbons	NOUN=1	ribbons=1	
ribs	NOUN=2,PROPN=1	ribs=2,Ribs=1	
ric	PROPN=1	Ric=1	
ricardo			Ricardo|n|1|1
rice	NOUN=21,PROPN=9	rice=20,Rice=10	Rice|n|2|2;rice|n|2|0;rice|v|1|0
rich	ADJ=19,PROPN=3	rich=19,Rich=2	rich|a|13|0;rich|n|1|0
richard	PROPN=36	Richard=23	
richards	PROPN=1	Richards=1	Richards|n|1|1
richardson	PROPN=2	Richardson=2	Richardson|n|2|2
riches	NOUN=2	riches=2	riches|n|1|0
richest	ADJ=7	richest=7	
richly			richly|r|3|0
richmond	PROPN=6	Richmond=6	Richmond|n|1|1
richness			richness|n|7|0
rick	PROPN=14	Rick=10	rick|n|2|0;rick|v|2|0
rico	PROPN=3	Rico=3	RICO|n|1|0
rid	ADJ=10	rid=9,Rid=1	rid|v|1|0
ridden	VERB=3	ridden=3	
riddle	NOUN=1	riddle=1	riddle|n|2|0;riddle|v|6|0
riddled	ADJ=1	riddled=1	riddled|a|2|0
ride	NOUN=20,VERB=7,PROPN=3	ride=27,Ride=3	ride|n|2|0;ride|v|14|0
rider	NOUN=5,PROPN=1	rider=5,Rider=1	rider|n|4|0
riders	NOUN=4	riders=3	
rides	NOUN=6,VERB=1	rides=7	
ridge	PROPN=2	Ridge=2	ridge|n|6|0;ridge|v|5|0
ridicule			ridicule|n|2|0;ridicule|v|1|0
ridiculed	VERB=1	ridiculed=1	
ridiculous	ADJ=8	ridiculous=6	ridiculous|a|3|0
ridiculously	ADV=2	ridiculously=2	ridiculously|r|1|0
riding	NOUN=8,VERB=7,PROPN=2	riding=15,Riding=2	riding|n|2|0
ridley			ridley|n|1|0
rife	ADJ=1	rife=1	rife|a|2|0
riff			Riff|n|1|0;riff|n|1|0;riff|v|2|0
rifle	NOUN=1	rifle=1	rifle|n|1|0;rifle|v|2|0
rifles	NOUN=2	rifles=2	
rift	NOUN=1	rift=1	rift|n|3|0
rig	NOUN=1	rig=1	rig|n|7|0;rig|v|4|0
rigged	VERB=2	rigged=2	rigged|a|1|0
rigging			rigging|n|2|0
right	ADJ=171,ADV=156,NOUN=76,INTJ=12,X=2,PROPN=1	right=344,Right=10,RIGHT=3	right|a|15|0;right|n|8|0;right|r|10|0;right|v|4|0
righteous			righteous|a|2|0
righteousness	NOUN=1	righteousness=1	righteousness|n|1|0
rightful			rightful|a|2|0
rightfully	ADV=1	rightfully=1	rightfully|r|1|0
rightly	ADV=2	rightly=2	rightly|r|1|0
rights	NOUN=83,PROPN=5,X=2	rights=73,Rights=16	
rigid	ADJ=1	rigid=1	rigid|a|5|0
rigorous	ADJ=2	rigorous=2	rigorous|a|2|0
riley			Riley|n|1|1
rim	NOUN=1	rim=1	rim|n|5|0;rim|v|3|0
ring	NOUN=5,PROPN=5,VERB=1	ring=6,Ring=5	ring|n|9|0;ring|v|6|0
ringing			ringing|n|3|0
rings	NOUN=3	rings=2,Rings=1	rings|n|1|0
rink			rink|n|1|0
rinse	VERB=6	rinse=2	rinse|n|4|0;rinse|v|3|0
rio	PROPN=3	Rio=3	Rio|n|1|1
riot			riot|n|4|0;riot|v|2|0
rioting			rioting|n|1|0
riots	NOUN=1	riots=1	
rip	VERB=4,NOUN=3,INTJ=1	rip=5,RIP=1,Rip=1	rip|n|4|0;rip|v|5|0
ripe	ADJ=7	ripe=7	ripe|a|5|0
ripped	VERB=6	ripped=6	ripped|a|1|0
ripper			ripper|n|1|0
ripping	VERB=3	ripping=3	ripping|a|2|0
ripple	NOUN=2,PROPN=2	Ripple=2,ripple=1	ripple|n|2|0;ripple|v|2|0
rise	NOUN=16,VERB=12	rise=27	rise|n|10|0;rise|v|17|0
risen	VERB=1	risen=1	risen|a|1|0
rises	VERB=3,NOUN=1	rises=4	
rising	VERB=10,NOUN=2	rising=12	rising|a|4|0;rising|n|2|0
risk	NOUN=49,PROPN=5,VERB=5	risk=46,Risk=13	risk|n|4|0;risk|v|2|0
risked	VERB=1	risked=1	
risking	VERB=4	risking=4	
risks	NOUN=6,VERB=4	risks=10	
risky	ADJ=1	risky=1	risky|a|2|0
rita	PROPN=3	Rita=3	
rite	NOUN=1	rite=1	rite|n|2|0
rites	NOUN=1	rites=1	
ritual	NOUN=5	ritual=5	ritual|a|2|0;ritual|n|3|0
ritz			Ritz|n|2|1;ritz|n|1|0
rival	NOUN=1	rival=1	rival|a|1|0;rival|n|1|0;rival|v|2|0
rivalries	NOUN=1	rivalries=1	
rivalry	NOUN=2	rivalry=2	rivalry|n|1|0
rivals	NOUN=1	rivals=1	
river	PROPN=22,NOUN=17	River=21,river=18	river|n|1|0
rivera			Rivera|n|1|1
rivers	PROPN=3	Rivers=3	
riverside	PROPN=1	Riverside=1	Riverside|n|1|1;riverside|n|1|0
riviera			Riviera|n|1|1
riyadh			Riyadh|n|1|1
rn			RN|n|1|0;Rn|n|1|0
rna			RNA|n|1|0
ro			Ro|n|1|0
roach			roach|n|5|0;roach|v|2|0
road	NOUN=40,PROPN=18	road=41,Road=17	road|n|2|0
roads	NOUN=6	roads=6	roads|n|1|0
roadside	NOUN=3	roadside=3	roadside|n|1|0
roadway	NOUN=1	roadway=1	roadway|n|1|0
roam	VERB=3	roam=3	roam|v|1|0
roaming	VERB=1	roaming=1	
roar	NOUN=1	roar=1	roar|n|3|0;roar|v|6|0
roaring	VERB=1	Roaring=1	roaring|a|1|0;roaring|n|2|0;roaring|r|1|0
roast	ADJ=1	roast=1	roast|a|1|0;roast|n|2|0;roast|v|2|0
roasted	VERB=2	roasted=2	roasted|a|1|0
roasting			roasting|n|1|0
rob	PROPN=7,VERB=3	rob=3,Rob=2	rob|v|2|0
robbed	VERB=1	robbed=1	
robber	NOUN=1	robber=1	robber|n|1|0
robbery			robbery|n|2|0
robbie	PROPN=8	Robbie=8	
robbins			Robbins|n|1|1
robe	NOUN=4	robe=4	robe|n|2|0;robe|v|2|0
robert	PROPN=32	Robert=18,ROBERT=1	Robert|n|1|1
roberto	PROPN=1	Roberto=1	
roberts	PROPN=11	Roberts=11	Roberts|n|4|4
robertson	PROPN=3	Robertson=3	Robertson|n|1|1
robin	PROPN=5	Robin=5	robin|n|2|0
robinson	PROPN=12	Robinson=10	Robinson|n|7|7
robot	NOUN=5,PROPN=1	robot=5,Robot=1	robot|n|1|0
robotic	ADJ=1	robotic=1	robotic|a|2|0
robotics	NOUN=3	robotics=3	robotics|n|1|0
robots	NOUN=5	robots=5	
robust	ADJ=4	robust=4	robust|a|4|0
roc			roc|n|1|0
rochester	PROPN=1	Rochester=1	Rochester|n|2|2
rock	NOUN=18,PROPN=7,VERB=2	rock=16,Rock=9	Rock|n|1|1;rock|n|6|0;rock|v|3|0
rocked	VERB=2	rocked=2	
rockefeller			Rockefeller|n|1|1
rocker			rocker|n|7|0
rockers	PROPN=1	ROCKERS=1	rockers|n|1|0
rocket	NOUN=12,PROPN=1	rocket=12,Rocket=1	rocket|n|5|0;rocket|v|2|0
rockets	NOUN=6	rockets=6	
rockford			Rockford|n|1|1
rockies	PROPN=4	Rockies=4	Rockies|n|1|1
rockin	PROPN=2	Rockin=2	
rocking	VERB=1	rocking=1	
rocks	NOUN=13,VERB=2	rocks=13,Rocks=2	
rockwell			Rockwell|n|1|1
rocky	ADJ=3,PROPN=1	rocky=2,Rocky=1	rocky|a|4|0
rod	PROPN=7	Rod=7	rod|n|6|0
rode	VERB=3,NOUN=1	rode=4	
rodent	NOUN=1	rodent=1	rodent|n|1|0
rodents	NOUN=6	rodents=5	
rodeo			rodeo|n|2|0
rodgers	PROPN=1		Rodgers|n|1|1
rodney	PROPN=1		
roe			roe|n|4|0
roger	PROPN=1		
rogers	PROPN=5	Rogers=5	Rogers|n|3|3
rogue	NOUN=1	rogue=1	rogue|n|1|0
rohan	PROPN=1	Rohan=1	
roi			ROI|n|1|0
role	NOUN=58	role=58	role|n|4|0
roles	NOUN=9	roles=9	
rolf			Rolf|n|1|1
roll	NOUN=10,VERB=6,PROPN=3	roll=15,Roll=4	roll|n|15|0;roll|v|18|0
rolled	VERB=7	rolled=6,Rolled=1	rolled|a|3|0
roller			roller|n|7|0
rolling	VERB=11,ADJ=2	Rolling=8,rolling=5	rolling|a|1|0;rolling|n|3|0
rolls	NOUN=8,VERB=1	rolls=5,Rolls=2,ROLLS=1	
rom	NOUN=3	rom=2,ROM=1	ROM|n|1|0
roma	PROPN=2	Roma=2	Roma|n|2|1
roman	ADJ=9,PROPN=1	Roman=9,ROMAN=1	Roman|a|3|0;Roman|n|2|0;roman|n|1|0
romance	NOUN=5,PROPN=1	romance=4,ROMANCE=1	Romance|a|1|0;Romance|n|1|0;romance|n|4|0;romance|v|4|0
romania	PROPN=2	Romania=2	Romania|n|1|1
romanian			Romanian|a|1|0;Romanian|n|2|0
romans	PROPN=1	Romans=1	Romans|n|1|1
romantic	ADJ=16	romantic=15,Romantic=1	romantic|a|3|0;romantic|n|2|0
romantically			romantically|r|2|0
rome	PROPN=16	Rome=16	Rome|n|2|1
romeo	PROPN=1	Romeo=1	Romeo|n|1|0
romney	PROPN=1	Romney=1	
ron	PROPN=2	Ron=2	Ron|n|1|0
ronald	PROPN=7	Ronald=6	
roof	NOUN=10	roof=9,Roof=1	roof|n|4|0;roof|v|1|0
roofing	NOUN=1,PROPN=1	Roofing=1,roofing=1	roofing|n|2|0
roofs	NOUN=2	roofs=2	
rooftop			rooftop|n|1|0
rook	PROPN=1	Rook=1	rook|n|2|0;rook|v|1|0
rookie			rookie|n|1|0
room	NOUN=169,PROPN=3	room=163,Room=6	room|n|4|0;room|v|1|0
roommate	NOUN=3	roommate=3	roommate|n|1|0
rooms	NOUN=31	rooms=26	rooms|n|1|0
roosevelt	PROPN=3	Roosevelt=3	Roosevelt|n|3|3
rooster			rooster|n|1|0
root	NOUN=44,VERB=1	root=45	root|n|8|0;root|v|7|0
rooted	VERB=4	rooted=4	rooted|a|1|0
rooting	VERB=1	rooting=1	rooting|n|1|0
roots	NOUN=10	roots=10	roots|n|1|0
rope	NOUN=2	rope=2	rope|n|2|0;rope|v|2|0
ros	PROPN=6	ROS=6	
rosa	PROPN=2	Rosa=2	Rosa|n|1|0
rosario	PROPN=1		Rosario|n|1|1
rosary			rosary|n|1|0
rose	VERB=13,NOUN=8,PROPN=2	rose=20,Rose=3	rose|a|1|0;rose|n|3|0
rosemary	NOUN=1,PROPN=1	Rosemary=1,rosemary=1	rosemary|n|2|0
roses	NOUN=2	roses=2	
ross	PROPN=4	Ross=4	Ross|n|5|5
rossi	PROPN=1	Rossi=1	
roster	NOUN=1	roster=1	roster|n|1|0
rosy	ADJ=1	rosy=1	rosy|a|4|0
rot	NOUN=3,VERB=3	rot=6	rot|n|3|0;rot|v|2|0
rotary			rotary|a|2|0;rotary|n|2|0
rotate			rotate|v|6|0
rotated			rotated|a|1|0
rotating	VERB=4	rotating=4	
rotation	NOUN=5	rotation=5	rotation|n|4|0
rotational			rotational|a|1|0
roth			Roth|n|1|1
rothschild			Rothschild|n|1|1
rotor			rotor|n|3|0
rotten	ADJ=2	rotten=2	rotten|a|3|0
rotterdam			Rotterdam|n|1|1
rotting			rotting|n|1|0
rouge	NOUN=1	rouge=1	rouge|n|1|0;rouge|v|1|0
rough	ADJ=16,ADV=1	rough=16,Rough=1	rough|a|14|0;rough|n|1|0;rough|r|2|0;rough|v|1|0
roughly	ADV=15	roughly=15	roughly|r|3|0
roulette			roulette|n|3|0
round	NOUN=8,ADJ=7,ADV=7,ADP=4,PROPN=1	round=25,Round=2	round|a|3|0;round|n|14|0;round|r|1|0;round|v|7|0
roundabout			roundabout|a|2|0;roundabout|n|2|0
rounded			rounded|a|1|0
rounder			rounder|n|2|0
rounding			rounding|n|1|0
rounds	NOUN=8	rounds=8	
roundtable	NOUN=1	roundtable=1	roundtable|n|1|0
roundup			roundup|n|3|0
rouse	PROPN=1	Rouse=1	rouse|v|4|0
rout			rout|n|2|0;rout|v|4|0
route	NOUN=17,VERB=2,PROPN=1,X=1	route=20,Route=1	route|n|2|0;route|v|3|0
routed	VERB=1	routed=1	
router			router|n|2|0;router|n|1|0
routes	NOUN=13	routes=13	
routine	ADJ=5,NOUN=5	routine=10	routine|a|1|0;routine|n|3|0
routinely	ADV=5	routinely=5	routinely|r|1|0
routines	NOUN=1	routines=1	
rover	PROPN=2	Rover=2	rover|n|2|0
row	NOUN=16,PROPN=1	ROW=9,row=6,Row=2	row|n|6|0;row|n|1|0;row|v|1|0
rowan			rowan|n|1|0
rowdy	ADJ=1	rowdy=1	rowdy|a|1|0;rowdy|n|1|0
rower			rower|n|1|0
rowing			rowing|n|1|0
rowling	PROPN=1	Rowling=1	
rows	NOUN=1	rows=1	
roy	PROPN=3	Roy=2	
royal	ADJ=20,PROPN=2	Royal=13,royal=6	royal|a|5|0;royal|n|2|0
royale	ADJ=1	Royale=1	
royalties	NOUN=1	royalties=1	
royalty			royalty|n|2|0
rp	NOUN=1		
rpm			rpm|n|1|0
rs	SYM=4	Rs=3,rs=1	
rss	PROPN=1	RSS=1	
rt	PROPN=1	Rt=1	
ru			Ru|n|1|0
rub	VERB=3	rub=3	rub|n|2|0;rub|v|3|0
rubbed	VERB=1	rubbed=1	
rubber	NOUN=10	rubber=10	rubber|a|1|0;rubber|n|6|0;rubber|v|1|0
rubbing	VERB=2	rubbing=2	rubbing|n|3|0
rubbish	NOUN=2	rubbish=1	rubbish|n|2|0;rubbish|v|1|0
rubble	NOUN=7	rubble=7	rubble|n|1|0
ruby	NOUN=1,PROPN=1	Ruby=1,ruby=1	ruby|a|1|0;ruby|n|3|0
rudd			rudd|n|1|0
rudder			rudder|n|2|0
rude	ADJ=39	rude=29,Rude=3,RUDE=1	rude|a|5|0
rudimentary			rudimentary|a|3|0
rue			rue|n|4|0;rue|v|1|0
rug	NOUN=2	rug=1	rug|n|1|0
rugby			rugby|n|1|0
rugged			rugged|a|4|0
ruin	VERB=2	ruin=2	ruin|n|6|0;ruin|v|6|0
ruined	VERB=3	ruined=3	ruined|a|3|0
ruining	VERB=1	ruining=1	ruining|n|1|0
ruins	NOUN=4,VERB=1	ruins=5	
ruiz	PROPN=3	Ruiz=3	
rule	NOUN=21,VERB=8,PROPN=3,X=1	rule=27,Rule=6	rule|n|12|0;rule|v|8|0
ruled	VERB=5	ruled=5	ruled|a|1|0
ruler	NOUN=3	ruler=3	ruler|n|2|0
rulers	NOUN=3	rulers=3	
rules	NOUN=50,VERB=1	rules=49,Rules=1	
ruling	NOUN=8,VERB=3	ruling=11	ruling|a|1|0;ruling|n|1|0
rum	NOUN=5	rum=5	rum|a|1|0;rum|n|2|0
rumble			rumble|n|3|0;rumble|v|2|0
rumor	NOUN=5	rumor=3	rumor|n|1|0;rumor|v|1|0
rumored	VERB=2	rumored=2	
rumors	NOUN=2	rumors=2	
rumour			rumour|n|1|0;rumour|v|1|0
rumours	NOUN=1	rumours=1	
run	VERB=80,NOUN=14,ADJ=1,PROPN=1	run=90,Run=1	run|n|16|0;run|v|41|0
runaway	ADJ=1	runaway=1	runaway|a|1|0;runaway|n|2|0
rundown			rundown|n|1|0
rung			rung|n|2|0
runner	NOUN=8	runner=8	runner|n|10|0
runners	NOUN=2	runners=2	
running	VERB=46,NOUN=4,ADJ=1	running=51	running|a|6|0;running|n|5|0
runoff			runoff|n|2|0
runs	VERB=13,NOUN=4	runs=16	
runway	NOUN=1	runway=1	runway|n|4|0
rupert			Rupert|n|1|1
rupture			rupture|n|3|0;rupture|v|1|0
rural	ADJ=6	rural=6	rural|a|1|0
ruse	PROPN=8	Ruse=7	ruse|n|1|0
rush	VERB=7,NOUN=4	rush=11	Rush|n|1|1;rush|a|2|0;rush|n|6|0;rush|v|7|0
rushed	VERB=6	rushed=6	rushed|a|1|0
rushing	VERB=2	rushing=2	rushing|n|2|0
russ	PROPN=1		
russell	PROPN=23	Russell=20	Russell|n|7|7
russia	PROPN=35	Russia=33	Russia|n|4|4
russian	ADJ=18,PROPN=3	Russian=21	Russian|a|1|0;Russian|n|2|0
russians	PROPN=4	Russians=4	
rust	ADJ=1	rust=1	rust|a|1|0;rust|n|5|0;rust|v|3|0
rustic			rustic|a|3|0;rustic|n|1|0
rusty			rusty|a|4|0
rut			rut|n|3|0;rut|v|2|0
rutgers	PROPN=1	Rutgers=1	
ruth	PROPN=11	Ruth=7,RUTH=3	Ruth|n|3|3;ruth|n|1|0
rutherford			Rutherford|n|2|2;rutherford|n|1|0
ruthless	ADJ=2	ruthless=2	ruthless|a|1|0
rv			RV|n|1|0
rwanda			Rwanda|n|1|1
ryan	PROPN=9	Ryan=6	
ryder	PROPN=1	Ryder=1	
rye	PROPN=1	Rye=1	rye|n|3|0
sa	PROPN=7	SA=7	SA|n|1|0
saab	PROPN=1	Saab=1	
sabbath			Sabbath|n|1|0
saber	NOUN=1	saber=1	saber|n|2|0;saber|v|2|0
sabine	PROPN=1	Sabine=1	Sabine|a|1|0;Sabine|n|2|1
sabotage			sabotage|n|1|0;sabotage|v|1|0
sabrina	PROPN=1	Sabrina=1	
sac			Sac|n|1|0;sac|n|3|0
sachs	PROPN=3	Sachs=3	
sack	NOUN=1	sack=1	sack|n|9|0;sack|v|4|0
sacked			sacked|a|1|0
sacks	PROPN=1	Sacks=1	
sacrament			sacrament|n|1|0
sacramento	PROPN=3	Sacramento=2	Sacramento|n|1|1
sacred	ADJ=6	sacred=5,Sacred=1	sacred|a|5|0
sacrifice	NOUN=3,VERB=2	sacrifice=5	sacrifice|n|5|0;sacrifice|v|4|0
sacrificed	VERB=2	sacrificed=2	
sacrifices	NOUN=3	sacrifices=3	
sad	ADJ=11	sad=11	sad|a|3|0
saddam	PROPN=26	Saddam=23	Saddam|n|1|1
saddened	VERB=1	saddened=1	
saddle	NOUN=4,VERB=1	saddle=5	saddle|n|6|0;saddle|v|3|0
sadistic	ADJ=1	sadistic=1	sadistic|a|1|0
sadly	ADV=4	sadly=4	sadly|r|3|0
sadness	NOUN=2	sadness=2	sadness|n|3|0
safari	PROPN=1	Safari=1	safari|n|1|0
safe	ADJ=46	safe=46	safe|a|4|0;safe|n|3|0
safeguard	NOUN=1,VERB=1	safeguard=2	safeguard|n|2|0;safeguard|v|2|0
safeguards	NOUN=2	safeguards=2	
safely	ADV=3	safely=3	safely|r|1|0
safer	ADJ=12	safer=10,Safer=2	
safest	ADJ=1	safest=1	
safety	NOUN=20,PROPN=2	safety=20,Safety=2	safety|n|6|0
saffron			saffron|n|3|0
sag	NOUN=1	sag=1	sag|n|1|0;sag|v|2|0
saga	NOUN=1	saga=1	saga|n|1|0
sage	ADJ=1,PROPN=1	Sage=1,sage=1	sage|a|2|0;sage|n|3|0
sahara			Sahara|n|1|1
saharan			Saharan|a|1|0;Saharan|n|1|0
said	VERB=524,ADJ=1,PROPN=1	said=523,SAID=2,Said=1	said|a|1|0
saigon			Saigon|n|1|1
sail	VERB=4	sail=4	sail|n|3|0;sail|v|4|0
sailed	VERB=3	sailed=3	
sailing	VERB=4,NOUN=2	sailing=5	sailing|n|4|0
sailor			sailor|n|3|0
sailors	NOUN=2	sailors=2	
sails	NOUN=2	sails=2	
saint	PROPN=7,NOUN=2	Saint=7,saint=2	saint|n|3|0;saint|v|2|0
saints	PROPN=1	Saints=1	
sake	NOUN=13	sake=13	sake|n|2|0;sake|n|1|0
salaam			salaam|n|1|0;salaam|v|1|0
salad	NOUN=12	salad=9,SALAD=1,Salad=1	salad|n|1|0
salads	NOUN=3	salads=3	
salah	PROPN=1	Salah=1	salah|n|1|0
salaries	NOUN=3	salaries=3	
salary	NOUN=12,PROPN=1	salary=9,Salary=3	salary|n|1|0
sale	NOUN=10,VERB=2	sale=11,Sale=1	sale|n|5|0
salem	PROPN=1	Salem=1	Salem|n|3|3
sales	NOUN=27	sales=25,Sales=2	sales|n|1|0
salesman	NOUN=5	salesman=5	salesman|n|1|0
salient	ADJ=1	salient=1	salient|a|3|0;salient|n|1|0
saline			saline|a|1|0;saline|n|1|0
salisbury			Salisbury|n|1|1
saliva	NOUN=1	saliva=1	saliva|n|1|0
sally	PROPN=6	SALLY=2,Sally=2	sally|n|3|0
salmon	NOUN=1	salmon=1	Salmon|n|1|1;salmon|a|1|0;salmon|n|3|0
salmonella			salmonella|n|1|0
salon	NOUN=21,PROPN=1	salon=19,Salon=2	salon|n|3|0
saloon	NOUN=1,PROPN=1	SALOON=1,saloon=1	saloon|n|3|0
salsa	NOUN=8	salsa=7,Salsa=1	salsa|n|1|0
salt	NOUN=28,PROPN=4	salt=27,Salt=4	SALT|n|1|1;salt|a|1|0;salt|n|3|0;salt|v|4|0
salted	VERB=2	salted=2	salted|a|1|0
salty	ADJ=2	salty=2	salty|a|3|0
salute	VERB=6	salute=6	salute|n|3|0;salute|v|6|0
salvador			Salvador|n|1|1
salvage	NOUN=1	salvage=1	salvage|n|3|0;salvage|v|2|0
salvation	NOUN=3	salvation=3	salvation|n|4|0
sam	PROPN=19	Sam=12	SAM|n|1|0
samantha	PROPN=1	samantha=1	
samaritan			Samaritan|n|1|0
samba			samba|n|4|0;samba|v|1|0
same	ADJ=312	same=302,SAME=1,Same=1	Same|n|2|0;same|a|4|0
sami			Sami|n|2|0
samoa	PROPN=1	Samoa=1	Samoa|n|2|2
sample	NOUN=30,ADJ=1,VERB=1	sample=32	sample|n|3|0;sample|v|1|0
sampler	NOUN=2	sampler=2	sampler|n|4|0
samples	NOUN=13	samples=13	
sampling	NOUN=4,VERB=1	sampling=5	sampling|n|3|0
samson			Samson|n|2|1
samuel	PROPN=16	Samuel=8,SAMUEL=1	Samuel|n|1|1
samurai			samurai|n|2|0
san	PROPN=63	San=57,san=3	
sanchez			Sanchez|n|1|1
sanction			sanction|n|4|0;sanction|v|3|0
sanctioned	VERB=1	sanctioned=1	sanctioned|a|3|0
sanctions	NOUN=3	sanctions=3	
sanctuary	NOUN=2,PROPN=2	sanctuary=2	sanctuary|n|3|0
sand	NOUN=13,PROPN=4	sand=13,Sand=3	Sand|n|1|1;sand|n|2|0;sand|v|1|0
sandals	NOUN=1	sandals=1	
sanders	PROPN=8,X=2	Sanders=9	
sandra	PROPN=1		
sands	PROPN=1	Sands=1	sands|n|1|0
sandstone			sandstone|n|1|0
sandwich	NOUN=9,VERB=1	sandwich=9,Sandwich=1	sandwich|n|1|0;sandwich|v|2|0
sandwiches	NOUN=8,PROPN=1	sandwiches=8,Sandwiches=1	
sandy	ADJ=1,PROPN=1	sandy=1	sandy|a|2|0
sane			sane|a|2|0
sang	VERB=4	sang=4	sang|n|1|0
sanitary	ADJ=1	sanitary=1	sanitary|a|1|0
sanitation			sanitation|n|2|0
sanity			sanity|n|1|0
sank	VERB=3	sank=3	
sanskrit	PROPN=2	Sanskrit=2	Sanskrit|n|1|0
santa	PROPN=33	Santa=26	Santa|n|1|1
santiago	PROPN=4	Santiago=4	Santiago|n|5|5
santo	PROPN=1	Santo=1	
santos	PROPN=1	Santos=1	Santos|n|1|1
sao	PROPN=11	Sao=11	
sap	NOUN=4,PROPN=1	SAP=5	sap|n|3|0;sap|v|2|0
sapphire			sapphire|a|1|0;sapphire|n|3|0
sara	PROPN=47	Sara=7	
sarah	PROPN=5	Sarah=5	Sarah|n|1|1
sarajevo			Sarajevo|n|1|1
saratoga	PROPN=4	Saratoga=4	Saratoga|n|1|1;saratoga|n|1|0
sarcasm	NOUN=2	sarcasm=2	sarcasm|n|1|0
sarcastic	ADJ=3	sarcastic=3	sarcastic|a|1|0
sargent			Sargent|n|1|1
sas			SAS|n|1|0
sash			sash|n|2|0
saskatchewan			Saskatchewan|n|1|1
sassy			sassy|a|1|0
sat	VERB=20,PROPN=9	sat=20,Sat=5,SAT=4	Sat|n|1|0
satan	PROPN=8	Satan=7	Satan|n|1|1
satanic	ADJ=3	satanic=2,Satanic=1	Satanic|a|1|0;satanic|a|1|0
satellite	NOUN=13,PROPN=2	satellite=12,Satellite=2	satellite|a|1|0;satellite|n|3|0;satellite|v|1|0
satellites	NOUN=1	satellites=1	
satin			satin|n|1|0
satire	NOUN=2	satire=2	satire|n|2|0
satirical	ADJ=2	satirical=2	satirical|a|1|0
satisfaction	NOUN=6	satisfaction=6	satisfaction|n|5|0
satisfactory	ADJ=8	satisfactory=6,Satisfactory=1	satisfactory|a|2|0
satisfied	ADJ=10,VERB=4	satisfied=13,Satisfied=1	satisfied|a|2|0
satisfy	VERB=8	satisfy=8	satisfy|v|3|0
satisfying	VERB=3,ADJ=2	satisfying=5	satisfying|a|2|0
saturated			saturated|a|3|0
saturation			saturation|n|4|0
saturday	PROPN=45	Saturday=34,saturday=3	Saturday|n|1|0
saturdays	PROPN=3	Saturdays=3	
saturn	PROPN=6	Saturn=5	Saturn|n|2|2
sauce	NOUN=6	sauce=6	sauce|n|1|0;sauce|v|3|0
sauces	NOUN=2	sauces=2	
saudi	ADJ=22	Saudi=21	Saudi|a|1|0;Saudi|n|1|0
saudis	PROPN=3	Saudis=3	
saul			Saul|n|2|2
sauna			sauna|n|1|0
sausage	NOUN=2	Sausage=1,sausage=1	sausage|n|2|0
sausages	NOUN=6	sausages=6	
savage	PROPN=8	Savage=7	savage|a|4|0;savage|n|2|0;savage|v|2|0
savages	NOUN=1	savages=1	
savannah	PROPN=2	Savannah=2	Savannah|n|2|2;savannah|n|1|0
save	VERB=38,ADP=2,SCONJ=1	save=34,Save=2	save|n|1|0;save|v|11|0
saved	VERB=11	saved=11	saved|a|2|0
saver			saver|n|2|0
saves	VERB=1	saves=1	
saving	VERB=10,NOUN=1	saving=11	saving|a|2|0;saving|n|3|0
savings	NOUN=2	savings=2	savings|n|1|0
savior	NOUN=1	Savior=1	Savior|n|1|1;savior|n|1|0
saviour	NOUN=3,PROPN=1	Saviour=2,saviour=1	Saviour|n|1|1;saviour|n|1|0
savoy			Savoy|n|1|1;savoy|n|1|0
savvy			savvy|n|1|0;savvy|v|1|0
saw	VERB=73,NOUN=1	saw=73	saw|n|3|0;saw|v|1|0
sawyer			sawyer|n|2|0
sax			Sax|n|1|1;sax|n|1|0
saxon	ADJ=1	saxon=1	Saxon|a|1|0;Saxon|n|1|0
saxophone			saxophone|n|1|0
say	VERB=353,INTJ=12	say=357,SAY=1	say|n|1|0;say|v|11|0
saying	VERB=68,NOUN=1	saying=68	saying|n|1|0
sayings	NOUN=2	sayings=2	
says	VERB=158	says=156,SAYS=1,Says=1	
sb			SB|n|1|0;Sb|n|1|0
sc	PROPN=1	SC=1	SC|n|2|1;Sc|n|1|0
scaffolding			scaffolding|n|1|0
scale	NOUN=25	scale=25	scale|n|10|0;scale|v|8|0
scaled	VERB=1	scaled=1	scaled|a|2|0
scaling	NOUN=1	scaling=1	scaling|n|3|0
scalp			scalp|n|1|0;scalp|v|2|0
scam	NOUN=5	scam=3,SCAM=2	scam|n|1|0;scam|v|1|0
scammers	NOUN=3	scammers=2,SCAMMERS=1	
scan	VERB=2,NOUN=1	scan=3	scan|n|2|0;scan|v|7|0
scandal	NOUN=1	scandal=1	scandal|n|2|0
scandalous			scandalous|a|1|0
scandals	NOUN=1	scandals=1	
scandinavia			Scandinavia|n|2|2
scandinavian			Scandinavian|a|1|0;Scandinavian|n|2|0
scanned	VERB=2	scanned=2	
scanner			scanner|n|4|0
scanning	VERB=4,NOUN=2	scanning=6	scanning|n|2|0
scans	NOUN=2	scans=2	
scant	ADJ=1	scant=1	scant|a|1|0;scant|v|3|0
scapegoat			scapegoat|n|1|0
scar			scar|n|2|0;scar|v|1|0
scarce	ADJ=1	scarce=1	scarce|a|1|0;scarce|r|2|0
scarcely	ADV=1	scarcely=1	scarcely|r|2|0
scarcity	NOUN=2	scarcity=2	scarcity|n|1|0
scare	VERB=3,NOUN=1	scare=4	scare|n|2|0;scare|v|2|0
scarecrow			scarecrow|n|1|0
scared	ADJ=14,VERB=4	scared=18	scared|a|1|0
scarf	NOUN=4	scarf=4	scarf|n|2|0;scarf|v|3|0
scaring	VERB=3	scaring=3	
scarlet	NOUN=1	scarlet=1	scarlet|a|1|0;scarlet|n|1|0
scarred			scarred|a|2|0
scary	ADJ=9	scary=8	scary|a|1|0
scatter	VERB=3	scatter=2	scatter|n|2|0;scatter|v|6|0
scattered	ADJ=2,VERB=1	scattered=3	scattered|a|2|0
scattering	VERB=1	scattering=1	scattering|n|5|0
scenario	NOUN=13	scenario=13	scenario|n|3|0
scenarios	NOUN=2	scenarios=2	
scene	NOUN=14	scene=13,Scene=1	scene|n|10|0
scenery	NOUN=5	scenery=5	scenery|n|2|0
scenes	NOUN=11	scenes=11	
scenic	ADJ=5,PROPN=1	Scenic=4,scenic=2	scenic|a|2|0
scent	NOUN=7	scent=7	scent|n|3|0;scent|v|3|0
scented	VERB=2,ADJ=1	scented=3	scented|a|4|0
scents	NOUN=1	scents=1	
sceptical			sceptical|a|2|0
schedule	NOUN=23,VERB=7,X=2	schedule=21,Schedule=7,SCHEDULE=3	schedule|n|2|0;schedule|v|2|0
scheduled	VERB=28,NOUN=1	scheduled=28	scheduled|a|1|0
schedules	NOUN=2	schedules=2	
scheduling	VERB=2,NOUN=1	scheduling=3	scheduling|n|1|0
schema			schema|n|2|0
schematic			schematic|a|1|0;schematic|n|1|0
scheme	NOUN=7	scheme=7	scheme|n|5|0;scheme|v|2|0
schemes	NOUN=1	schemes=1	
schizophrenia			schizophrenia|n|1|0
schizophrenic	ADJ=3	schizophrenic=3	schizophrenic|a|2|0;schizophrenic|n|1|0
schmidt	PROPN=2	Schmidt=2	Schmidt|n|1|1
scholar	NOUN=2	scholar=2	scholar|n|3|0
scholarly	ADJ=3	scholarly=3	scholarly|a|1|0
scholars	NOUN=8,PROPN=4	scholars=8,Scholars=4	
scholarship	NOUN=5,PROPN=2	scholarship=5,Scholarship=2	scholarship|n|2|0
scholastic	ADJ=1	scholastic=1	Scholastic|n|1|0;scholastic|a|2|0;scholastic|n|1|0
school	NOUN=133,PROPN=39	school=126,School=44,SCHOOL=1	school|n|7|0;school|v|3|0
schoolboy	NOUN=1	schoolboy=1	schoolboy|n|1|0
schoolgirl			schoolgirl|n|1|0
schooling	NOUN=2,VERB=1	schooling=3	schooling|n|3|0
schools	NOUN=26	schools=26	
sci	NOUN=6,PROPN=1	sci=6,Sci=1	
science	NOUN=45,PROPN=18	science=45,Science=18	science|n|2|0
sciences	PROPN=3,NOUN=2	Sciences=3,sciences=1	
scientific	ADJ=31	scientific=29,Scientific=2	scientific|a|2|0
scientifically			scientifically|r|1|0
scientist	NOUN=9,PROPN=3	scientist=8,Scientist=3,SCIENTIST=1	scientist|n|1|0
scientists	NOUN=19	scientists=16	
scientology	PROPN=45,NOUN=2	Scientology=43,scientology=2	Scientology|n|1|0
scissors	NOUN=1	scissors=1	scissors|n|3|0
sclerosis			sclerosis|n|1|0
scoop	NOUN=2,VERB=1	scoop=3	scoop|n|6|0;scoop|v|2|0
scooter			scooter|n|5|0
scope	NOUN=9	scope=9	scope|n|4|0
score	NOUN=16,VERB=6	score=21,Score=1	score|n|11|0;score|v|7|0
scoreboard	NOUN=2	scoreboard=2	scoreboard|n|1|0
scored	VERB=12	scored=12	
scoreless			scoreless|a|1|0
scorer			scorer|n|3|0
scores	NOUN=12	scores=12	scores|n|1|0
scoring	NOUN=3,VERB=2	scoring=5	scoring|n|1|0
scorn	NOUN=1	scorn=1	scorn|n|2|0;scorn|v|2|0
scorpio	PROPN=2		Scorpio|n|3|2
scorpion	NOUN=1	scorpion=1	Scorpion|n|2|1;scorpion|n|1|0
scot	PROPN=1	Scot=1	Scot|n|1|0
scotch			Scotch|a|1|0;Scotch|n|1|0;scotch|a|1|0;scotch|n|1|0;scotch|v|2|0
scotia	PROPN=1	Scotia=1	
scotland	PROPN=10	Scotland=10	Scotland|n|1|1
scots	PROPN=2	Scots=2	Scots|a|1|0;Scots|n|1|0
scott	PROPN=22	Scott=15	Scott|n|5|5
scottish	ADJ=5,PROPN=1	Scottish=5,scottish=1	Scottish|a|1|0;Scottish|n|1|0
scourge			scourge|n|3|0;scourge|v|3|0
scout			Scout|n|1|0;scout|n|3|0;scout|v|1|0
scouting			scouting|n|1|0
scouts	PROPN=1	Scouts=1	
scramble	NOUN=1	scramble=1	scramble|n|2|0;scramble|v|5|0
scrambled	VERB=1	scrambled=1	scrambled|a|1|0
scrambling	VERB=1	scrambling=1	
scrap	NOUN=3,VERB=1	scrap=4	scrap|n|4|0;scrap|v|3|0
scrape	VERB=1	scrape=1	scrape|n|4|0;scrape|v|6|0
scraped	VERB=2	scraped=2	
scraping	VERB=2	scraping=2	scraping|n|3|0
scraps	NOUN=1	scraps=1	scraps|n|1|0
scratch	NOUN=2,VERB=2	scratch=3	scratch|n|10|0;scratch|v|7|0
scratched	VERB=1	scratched=1	
scratches	NOUN=1	scratches=1	
scratching	VERB=4,NOUN=1	scratching=5	scratching|n|1|0
scream	VERB=4,NOUN=1	scream=5	scream|n|3|0;scream|v|3|0
screamed	VERB=2	screamed=2	
screaming	VERB=4	screaming=4	screaming|a|3|0;screaming|n|2|0
screams	NOUN=2	screams=2	
screeching			screeching|n|2|0
screen	NOUN=29	screen=29	screen|n|8|0;screen|v|7|0
screened	VERB=2	screened=2	
screening	NOUN=1,VERB=1	screening=2	screening|n|4|0
screenplay			screenplay|n|1|0
screens	NOUN=4	screens=3,SCREENS=1	
screenshot	NOUN=3	screenshot=3	screenshot|v|1|0
screenshots	NOUN=1	screenshots=1	
screenwriter	NOUN=2	screenwriter=2	screenwriter|n|1|0
screw	NOUN=4,VERB=2	screw=6	screw|n|5|0;screw|v|5|0
screwdriver			screwdriver|n|2|0
screwed	VERB=3	screwed=3	
screwing			screwing|n|1|0
screws	NOUN=5	screws=5	
script	NOUN=2,PROPN=2	Script=2,script=2	script|n|3|0;script|v|1|0
scripted	VERB=1	scripted=1	scripted|a|1|0
scripts	NOUN=1	scripts=1	
scripture	PROPN=4	Scripture=4	Scripture|n|1|0;scripture|n|1|0
scriptures	PROPN=3	Scriptures=3	
scroll	VERB=2	scroll=1	scroll|n|2|0;scroll|v|1|0
scrub	VERB=2	scrub=2	scrub|a|1|0;scrub|n|2|0;scrub|v|3|0
scrubbing			scrubbing|n|1|0
scrubs			scrubs|n|1|0
scrum			scrum|n|1|0
scrutiny	NOUN=3	scrutiny=3	scrutiny|n|2|0
scuba	NOUN=1	scuba=1	scuba|n|1|0
sculpted	VERB=1	sculpted=1	sculpted|a|1|0
sculptor			Sculptor|n|1|1;sculptor|n|1|0
sculpture	NOUN=4,PROPN=1	sculpture=3,SCULPTURE=1,Sculpture=1	sculpture|n|2|0;sculpture|v|2|0
sculptures	NOUN=2	sculptures=2	
scum			scum|n|2|0;scum|v|1|0
scumbag			scumbag|n|1|0
sd	PROPN=1		SD|n|1|1
se	AUX=2,PROPN=1,VERB=1	se=3,SE=1	SE|n|1|0;Se|n|1|0
sea	NOUN=63,PROPN=33	sea=64,Sea=30,SEA=1	sea|n|3|0
seafood	NOUN=4	seafood=3	seafood|n|1|0
seal	NOUN=3,VERB=3	seal=6	SEAL|n|1|0;seal|n|8|0;seal|v|6|0
sealed	VERB=3	sealed=3	sealed|a|7|0
sealing			sealing|n|1|0
seals	NOUN=2	Seals=1,seals=1	
seam			seam|n|3|0;seam|v|1|0
seaman			Seaman|n|1|1;seaman|n|1|0
seamless			seamless|a|3|0
sean	PROPN=4	Sean=2	
search	NOUN=32,VERB=12,PROPN=1	search=39,Search=6	search|n|5|0;search|v|4|0
searched	VERB=1	searched=1	
searches	NOUN=2	searches=2	
searching	VERB=9,NOUN=2	searching=11	searching|a|3|0
seas	PROPN=9,NOUN=3	Seas=9,seas=3	
seaside			seaside|n|1|0
season	NOUN=44	season=44	season|n|3|0;season|v|3|0
seasonal	ADJ=1	seasonal=1	seasonal|a|1|0;seasonal|n|1|0
seasonally	ADV=1	seasonally=1	seasonally|r|1|0
seasoned	ADJ=2,VERB=1	seasoned=3	seasoned|a|2|0
seasoning			seasoning|n|2|0
seasons	NOUN=4	seasons=4	
seat	NOUN=8,VERB=2	seat=10	seat|n|9|0;seat|v|7|0
seated	VERB=6	seated=6	seated|a|1|0
seating	NOUN=3	seating=3	seating|n|2|0
seats	NOUN=12	seats=10,SEATS=1,Seats=1	seats|n|1|0
seattle	PROPN=9	Seattle=9	Seattle|n|1|1
seawater			seawater|n|1|0
seaweed	NOUN=2	seaweed=2	seaweed|n|1|0
sec	PROPN=1	SEC=1	SEC|n|1|0;sec|a|1|0;sec|n|2|0
secession	NOUN=1	secession=1	Secession|n|1|1;secession|n|2|0
secluded	ADJ=2	secluded=2	secluded|a|2|0
second	ADJ=129,ADV=28,NOUN=6,PROPN=1	second=133,Second=10,SECOND=1	second|a|2|0;second|n|10|0;second|r|1|0;second|v|1|0;second|v|1|0
secondary	ADJ=5,NOUN=1	secondary=6	secondary|a|5|0;secondary|n|2|0
secondly	ADV=4		secondly|r|1|0
seconds	NOUN=22	seconds=22	
secrecy	NOUN=1	secrecy=1	secrecy|n|2|0
secret	ADJ=13,NOUN=5	secret=15,Secret=3	secret|a|11|0;secret|n|3|0
secretariat	PROPN=1		Secretariat|n|1|1;secretariat|n|1|0
secretaries	NOUN=2	secretaries=2	
secretary	PROPN=29,NOUN=8	Secretary=28,secretary=7	secretary|n|4|0
secretion			secretion|n|2|0
secretive	ADJ=4	secretive=3	secretive|a|1|0
secretly	ADV=2	secretly=2	secretly|r|2|0
secrets	NOUN=1	secrets=1	
sect	NOUN=4	sect=4	sect|n|2|0
sectarian	ADJ=2	sectarian=1	sectarian|a|1|0;sectarian|n|1|0
section	NOUN=65,PROPN=1	section=47,Section=19	section|n|14|0;section|v|1|0
sectional	ADJ=1	sectional=1	sectional|a|3|0;sectional|n|1|0
sections	NOUN=12	sections=10,SECTIONS=2	
sector	NOUN=21,PROPN=3	sector=20,Sector=4	sector|n|6|0
sectors	NOUN=4	sectors=4	
sects	NOUN=1	sects=1	
secular	ADJ=5	secular=4	secular|a|5|0;secular|n|1|0
secure	ADJ=10,VERB=10	secure=18,Secure=2	secure|a|5|0;secure|v|6|0
secured	VERB=1	secured=1	
securely	ADV=2	securely=2	securely|r|4|0
securing	VERB=4	securing=4	
securities	PROPN=7,NOUN=2	Securities=8,securities=1	
security	NOUN=79,PROPN=22	security=73,Security=26	security|n|9|0
sedan			sedan|n|2|0
sedentary	ADJ=2	sedentary=1	sedentary|a|1|0
sediment			sediment|n|1|0;sediment|v|2|0
sedimentary			sedimentary|a|2|0
seduce			seduce|v|2|0
seduction			seduction|n|2|0
seductive			seductive|a|1|0
see	VERB=514,NOUN=1	see=448,See=12,SEE=1	see|n|1|0;see|v|24|0
seed	NOUN=10	seed=9,Seed=1	seed|n|5|0;seed|v|8|0
seeded	VERB=1	seeded=1	seeded|a|5|0
seeds	NOUN=20	seeds=17,Seeds=3	
seeing	VERB=46	seeing=44	seeing|a|1|0;seeing|n|2|0
seek	VERB=27	seek=27	seek|n|1|0;seek|v|5|0
seeker	NOUN=5	seeker=4,Seeker=1	seeker|n|2|0
seekers	NOUN=11	seekers=10	
seeking	VERB=24	seeking=23	seeking|n|2|0
seeks	VERB=6	seeks=6	
seem	VERB=77	seem=77	seem|v|2|0
seemed	VERB=27	seemed=27	
seeming	ADJ=1,VERB=1	seeming=2	seeming|a|1|0
seemingly	ADV=3	seemingly=3	seemingly|r|1|0
seems	VERB=82	seems=76,SEEMS=1	
seen	VERB=105	seen=104	
sees	VERB=9	sees=9	
sega	PROPN=1	Sega=1	
segment	NOUN=6	segment=5,Segment=1	segment|n|2|0;segment|v|2|0
segmentation			segmentation|n|2|0
segments	NOUN=1	segments=1	
segregated			segregated|a|1|0
segregation	NOUN=1	segregation=1	segregation|n|3|0
seine			Seine|n|1|1;seine|n|1|0;seine|v|1|0
seinfeld	PROPN=1	Seinfeld=1	
seismic			seismic|a|1|0
seize	VERB=1	seize=1	seize|v|8|0
seized	VERB=8	seized=7	
seizing			seizing|n|2|0
seizure	NOUN=1	seizure=1	seizure|n|4|0
seizures	NOUN=3	seizures=2	
seldom	ADV=4	seldom=4	seldom|r|1|0
select	VERB=11,ADJ=3	select=7,Select=2	select|a|2|0;select|v|1|0
selected	VERB=9	selected=9	selected|a|1|0
selecting	VERB=2	selecting=2	
selection	NOUN=19	selection=19	selection|n|5|0
selections	NOUN=2	selections=2	
selective	ADJ=6	selective=6	selective|a|2|0
selectively	ADV=1	selectively=1	selectively|r|1|0
selector			selector|n|2|0
selects	VERB=1	selects=1	
self	NOUN=64,X=3	self=66,Self=1	self|a|1|0;self|n|2|0
selfie	NOUN=2	selfie=2	
selfish	ADJ=1	selfish=1	selfish|a|1|0
selfishness			selfishness|n|1|0
selfless			selfless|a|1|0
sell	VERB=37	sell=36,SELL=1	sell|n|1|0;sell|v|8|0
seller	NOUN=5	seller=3,Seller=2	seller|n|1|0
sellers	NOUN=2	sellers=2	Sellers|n|1|1
selling	VERB=14,ADJ=1,NOUN=1	selling=14,Selling=2	selling|n|1|0
sells	PROPN=1,VERB=1	Sells=1,sells=1	
selma	PROPN=1	Selma=1	Selma|n|1|1
semantic	ADJ=8	semantic=8	semantic|a|1|0
semantics	NOUN=6,PROPN=2	semantics=6,Semantics=2	semantics|n|2|0
semblance			semblance|n|3|0
semen			semen|n|1|0
semester	NOUN=4	semester=4	semester|n|2|0
semi	ADV=1,NOUN=1	semi=2	semi|n|3|0
semiconductor			semiconductor|n|2|0
semifinal			semifinal|n|1|0
seminal	ADJ=2	seminal=2	seminal|a|2|0
seminar			seminar|n|2|0
seminary			seminary|n|2|0
semitic			Semitic|a|2|0;Semitic|n|1|0
sen			sen|n|1|0
senate	PROPN=41,NOUN=1	Senate=39,SENATE=1,senate=1	Senate|n|1|0;senate|n|1|0
senator	PROPN=19,NOUN=3	Senator=17,senator=2	senator|n|1|0
senators	NOUN=11,PROPN=5	Senators=16	
send	VERB=100,NOUN=1	send=95,Send=1	send|v|8|0
sender	NOUN=9	sender=9	sender|n|2|0
sending	VERB=26	sending=26	sending|n|1|0
sends	VERB=5	sends=5	
seneca			Seneca|n|3|1
senegal	PROPN=7	Senegal=7	Senegal|n|1|1
senior	ADJ=26	senior=13,Senior=10	senior|a|3|0;senior|n|2|0
seniority			seniority|n|2|0
seniors	NOUN=1	seniors=1	
sens			sens|n|1|0
sensation	NOUN=5	sensation=5	sensation|n|5|0
sensational	ADJ=2	sensational=2	sensational|a|3|0
sensations	NOUN=2	sensations=1	
sense	NOUN=69,VERB=2,PROPN=1	sense=70,Sense=2	sense|n|5|0;sense|v|4|0
sensed	VERB=1	sensed=1	sensed|a|1|0
senseless	ADJ=2	senseless=2	senseless|a|4|0
senses	NOUN=4	senses=4	
sensibility	NOUN=1	sensibility=1	sensibility|n|3|0
sensible	ADJ=2	sensible=2	sensible|a|4|0
sensing	NOUN=4,VERB=1	sensing=5	sensing|n|2|0
sensitive	ADJ=14	sensitive=12	sensitive|a|5|0;sensitive|n|1|0
sensitivity	NOUN=6	sensitivity=6	sensitivity|n|5|0
sensor	NOUN=7,PROPN=1	sensor=7,Sensor=1	sensor|n|1|0
sensors	NOUN=2	sensors=2	
sensory	ADJ=2	sensory=2	sensory|a|3|0
sensual			sensual|a|2|0
sent	VERB=99,ADJ=3,NOUN=1	sent=88,Sent=3	sent|a|1|0;sent|n|1|0
sentence	NOUN=20	sentence=20	sentence|n|3|0;sentence|v|1|0
sentences	NOUN=9	sentences=9	
sentencing	NOUN=1	sentencing=1	
sentient			sentient|a|2|0
sentiment	NOUN=6	sentiment=6	sentiment|n|2|0
sentimental			sentimental|a|2|0
sentiments	NOUN=2	sentiments=2	
sentinel	NOUN=1	sentinel=1	sentinel|n|1|0
seo	NOUN=2,PROPN=1	SEO=3	
seoul	PROPN=5	Seoul=5	Seoul|n|1|1
sep	PROPN=2	SEP=1,Sep=1	Sep|n|1|0
separate	ADJ=28,VERB=12	separate=36,Separate=1	separate|a|4|0;separate|n|2|0;separate|v|13|0
separated	VERB=7,ADJ=1	separated=7	separated|a|4|0
separately	ADV=9	separately=8	separately|r|1|0
separates	VERB=3	separates=3	
separating	VERB=3	separating=2	
separation	NOUN=3	separation=3	separation|n|9|0
separatist			separatist|a|1|0;separatist|n|1|0
sept	PROPN=4	Sept=3	Sept|n|1|0;sept|n|1|0
september	PROPN=99	September=93	September|n|1|0
septic			septic|a|2|0
sequel	NOUN=2	sequel=2	sequel|n|2|0
sequence	NOUN=2,VERB=1	sequence=2,SEQUENCE=1	sequence|n|5|0;sequence|v|2|0
sequences	NOUN=3	sequences=2	
sequencing	NOUN=1	sequencing=1	
sequential	ADJ=1	sequential=1	sequential|a|1|0
sera	PROPN=1	Sera=1	
serb			Serb|n|1|0
serbia	PROPN=1	Serbia=1	Serbia|n|1|1
serbian			Serbian|a|1|0;Serbian|n|1|0
serene	ADJ=1	serene=1	serene|a|2|0
serenity			serenity|n|2|0
serge			serge|n|1|0
sergeant	NOUN=1	sergeant=1	sergeant|n|3|0
sergey	PROPN=3	Sergey=3	
serial			serial|a|4|0;serial|n|2|0
series	NOUN=40,PROPN=11	series=41,Series=10	series|n|7|0
serious	ADJ=51	serious=51	serious|a|6|0
seriously	ADV=33	seriously=27,SERIOUSLY=2	seriously|r|2|0
seriousness	NOUN=1	seriousness=1	seriousness|n|3|0
sermon	NOUN=1	sermon=1	sermon|n|2|0
serotonin	NOUN=2	serotonin=1	serotonin|n|1|0
serpent	NOUN=2,PROPN=1	serpent=2,Serpent=1	serpent|n|3|0
serum			serum|n|1|0
servant	NOUN=3	servant=3	servant|n|2|0
servants	NOUN=2	servants=2	
serve	VERB=35	serve=32	serve|n|1|0;serve|v|15|0
served	VERB=43	served=43	
server	NOUN=15	server=13,Server=2	server|n|4|0
servers	NOUN=9	servers=5,Servers=3	
serves	VERB=13	serves=10,Serves=2	
service	NOUN=332,PROPN=13	service=283,Service=46,SERVICE=5	Service|n|1|1;service|n|14|0;service|v|3|0
serviced	VERB=1	serviced=1	
services	NOUN=92,PROPN=6	services=82,Services=15,SERVICES=1	services|n|1|0
servicing	NOUN=1	servicing=1	servicing|n|1|0
serving	VERB=19,NOUN=6	serving=22,Serving=2	serving|n|2|0
servings	NOUN=2	servings=1	
sesame	NOUN=2,PROPN=1	sesame=2,Sesame=1	sesame|n|1|0
session	NOUN=14	session=14	session|n|4|0
sessions	NOUN=9	sessions=9	Sessions|n|1|1
set	VERB=96,NOUN=31,ADJ=13	set=131	Set|n|1|1;set|a|7|0;set|n|12|0;set|v|25|0
setback	NOUN=4	setback=4	setback|n|1|0
seth	PROPN=3	Seth=1	Seth|n|2|2
sets	VERB=9,NOUN=6	sets=15	
setting	NOUN=9,VERB=9	setting=18	setting|n|7|0
settings	NOUN=5	settings=5	
settle	VERB=8,NOUN=1	settle=9	settle|n|1|0;settle|v|22|0
settled	VERB=14,ADJ=2	settled=16	settled|a|4|0
settlement	NOUN=33,X=1	settlement=22,Settlement=12	settlement|n|7|0
settlements	NOUN=6	settlements=5,Settlements=1	
settler			settler|n|3|0
settlers	NOUN=11	settlers=9	
settles	VERB=1	settles=1	
settling			settling|n|1|0
setup	NOUN=8	setup=8	setup|n|3|0
seven	NUM=37,PROPN=2	seven=32,Seven=4	seven|a|1|0;seven|n|2|0
sevens			sevens|n|1|0
seventeen	NUM=5	seventeen=3	seventeen|a|1|0;seventeen|n|1|0
seventeenth			seventeenth|a|1|0;seventeenth|n|1|0
seventh	ADJ=4	seventh=3,Seventh=1	seventh|a|1|0;seventh|n|3|0
seventies			seventies|n|2|0
seventy	NUM=6	seventy=5	seventy|a|1|0;seventy|n|1|0
sever			sever|v|2|0
several	ADJ=138	several=129	several|a|3|0
severance			severance|n|2|0
severe	ADJ=22	severe=22	severe|a|6|0
severed			severed|a|1|0
severely	ADV=2	severely=2	severely|r|3|0
severity			severity|n|4|0
sevilla			Sevilla|n|1|1
seville	PROPN=1	Seville=1	Seville|n|1|1
sew			sew|v|2|0
sewage	NOUN=1	sewage=1	sewage|n|1|0
sewer			sewer|n|2|0;sewer|n|1|0
sewers	NOUN=1	sewers=1	
sewing			sewing|n|2|0
sewn			sewn|a|1|0
sex	NOUN=33	sex=30,Sex=3	sex|n|4|0;sex|v|2|0
sexism			sexism|n|1|0
sexist			sexist|a|1|0;sexist|n|1|0
sexual	ADJ=39	sexual=37	sexual|a|3|0
sexuality	NOUN=2	sexuality=2	sexuality|n|1|0
sexually	ADV=4	sexually=4	sexually|r|2|0
sexy	ADJ=3	sexy=3	sexy|a|2|0
seymour			Seymour|n|1|1
sf	PROPN=7	SF=5,Sf=1,sf=1	
sg			Sg|n|1|0
shabby			shabby|a|2|0
shack			shack|n|1|0;shack|v|2|0
shade	NOUN=6,VERB=2	shade=8	shade|n|9|0;shade|v|5|0
shaded			shaded|a|2|0
shades	NOUN=1	shades=1	shades|n|2|0
shading			shading|n|2|0
shadow	NOUN=5,PROPN=2,VERB=1	shadow=6,Shadow=2	shadow|n|9|0;shadow|v|3|0
shadows	NOUN=5	shadows=5	
shadowy			shadowy|a|3|0
shady	PROPN=4,ADJ=3	Shady=4,shady=3	shady|a|4|0
shaft	NOUN=1	shaft=1	shaft|n|12|0;shaft|v|2|0
shafts	NOUN=1	shafts=1	
shaggy			shaggy|a|2|0
shah	PROPN=7	Shah=5,shah=1	Shah|n|1|0
shake	VERB=9	shake=6	shake|n|6|0;shake|v|9|0
shaken	VERB=2	shaken=2	shaken|a|1|0
shaker			Shaker|n|1|0;shaker|n|2|0
shakes	VERB=1	shakes=1	
shakespeare	PROPN=2	Shakespeare=1	Shakespeare|n|1|1
shaking	NOUN=1	shaking=1	shaking|n|2|0
shaky	ADJ=1	shaky=1	shaky|a|3|0
shale	NOUN=1	shale=1	shale|n|1|0
shall	AUX=55	shall=54	
shallow	ADJ=4	shallow=4	shallow|a|3|0;shallow|n|1|0;shallow|v|2|0
sham	NOUN=2	sham=2	sham|a|1|0;sham|n|2|0;sham|v|2|0
shaman			shaman|n|1|0
shambles			shambles|n|2|0
shame	NOUN=8	shame=8	shame|n|3|0;shame|v|4|0
shamed			shamed|a|2|0
shameful	ADJ=1	shameful=1	shameful|a|2|0
shameless			shameless|a|1|0
shampoo	NOUN=1	shampoo=1	shampoo|n|2|0;shampoo|v|1|0
shan			Shan|n|1|0
shane	PROPN=1	Shane=1	
shanghai			Shanghai|n|1|1;shanghai|v|1|0
shannon	PROPN=2	Shannon=2	Shannon|n|1|1
shape	NOUN=19,VERB=3	shape=22	SHAPE|n|1|0;shape|n|7|0;shape|v|3|0
shaped	VERB=6,ADJ=2	shaped=8	shaped|a|2|0
shapes	VERB=1	shapes=1	
shaping			shaping|a|1|0;shaping|n|2|0
shapiro	PROPN=1	Shapiro=1	
share	VERB=25,NOUN=8,PROPN=1	share=31,Share=1	share|n|5|0;share|v|5|0
shared	VERB=16,ADJ=1	shared=17	shared|a|2|0
shareholder			shareholder|n|1|0
shares	NOUN=17,VERB=1	shares=18	
sharia			sharia|n|1|0
sharif	PROPN=3	Sharif=3	
sharing	VERB=7,NOUN=3,PROPN=1	sharing=10,Sharing=1	sharing|a|1|0;sharing|n|4|0
shark	NOUN=1	shark=1	shark|n|3|0;shark|v|2|0
sharon	PROPN=19	Sharon=15	
sharp	ADJ=4,ADV=1	sharp=5	sharp|a|12|0;sharp|n|2|0;sharp|r|1|0
sharpen			sharpen|v|8|0
sharper			sharper|n|1|0
sharply			sharply|r|4|0
shatter	VERB=2	shatter=2	shatter|v|3|0
shattered	ADJ=1	shattered=1	shattered|a|1|0
shattering			shattering|a|1|0;shattering|n|1|0
shave	NOUN=1	shave=1	shave|n|1|0;shave|v|6|0
shaved			shaved|a|1|0
shaving			shaving|n|3|0
shaw	PROPN=1	Shaw=1	Shaw|n|4|4
shawl			shawl|n|1|0
shawn			Shawn|n|1|1
shay			shay|n|1|0
she	PRON=767	she=520,SHE=6,She=3	
shea	PROPN=1	Shea=1	
shear			shear|n|2|0;shear|v|4|0
sheath			sheath|n|3|0
shed	VERB=5,NOUN=2	shed=7	shed|a|1|0;shed|n|1|0;shed|v|4|0
shedding	VERB=2,NOUN=1	shedding=3	shedding|n|2|0
sheds	NOUN=3	sheds=3	
sheen			sheen|n|1|0
sheep	NOUN=5	sheep=5	sheep|n|3|0
sheer	ADJ=4	sheer=2	sheer|a|4|0;sheer|r|2|0;sheer|v|2|0
sheet	NOUN=34	sheet=32,Sheet=2	sheet|n|8|0;sheet|v|2|0
sheets	NOUN=1	sheets=1	
sheffield	PROPN=2	Sheffield=2	Sheffield|n|1|1
sheik	NOUN=4,PROPN=2	sheik=4,Sheik=2	sheik|n|2|0
sheikh	PROPN=12,NOUN=2	Sheikh=10,sheikh=2	sheikh|n|1|0
sheila	PROPN=3		
shelby	PROPN=1	Shelby=1	
shelf	NOUN=17,PROPN=1	shelf=17,Shelf=1	shelf|n|2|0
shell	PROPN=9,NOUN=5,VERB=2	Shell=9,shell=7	shell|n|10|0;shell|v|8|0
shelley			Shelley|n|2|2
shellfish			shellfish|n|2|0
shelling			shelling|n|1|0
shells	NOUN=3	shells=3	
shelter	NOUN=9	shelter=9	shelter|n|5|0;shelter|v|2|0
sheltered	VERB=4	sheltered=4	sheltered|a|1|0
shelters	NOUN=2,VERB=2	shelters=3	
shelves	NOUN=3	shelves=3	
shen	X=1	shen=1	
shepard			Shepard|n|2|2
shepherd	NOUN=3,PROPN=3	Shepherd=6	shepherd|n|2|0;shepherd|v|2|0
sheridan	PROPN=5	Sheridan=1	Sheridan|n|1|1
sheriff	PROPN=5,NOUN=3	Sheriff=5,sheriff=2	sheriff|n|1|0
sherlock			sherlock|n|1|0
sherman			Sherman|n|4|4
sherry	PROPN=2	Sherry=2	sherry|n|1|0
sherwood			Sherwood|n|1|1
shetland	PROPN=1	Shetland=1	Shetland|n|2|1
shia	PROPN=5,ADJ=2	Shia=7	Shia|n|1|0
shield	NOUN=1,PROPN=1	Shield=1,shield=1	shield|n|3|0;shield|v|2|0
shielded			shielded|a|1|0
shielding			shielding|n|3|0
shields	NOUN=1	shields=1	
shift	NOUN=8,VERB=2	shift=10	shift|n|10|0;shift|v|13|0
shifted	VERB=3	shifted=3	
shifting	NOUN=2,VERB=1	shifting=3	shifting|a|3|0;shifting|n|1|0
shilling			shilling|n|6|0
shin			shin|n|4|0;shin|v|1|0
shine	NOUN=2,VERB=2	shine=4	shine|n|1|0;shine|v|10|0
shines	VERB=2	shines=2	
shining	VERB=2	shining=2	shining|a|3|0;shining|n|1|0
shiny	ADJ=1	shiny=1	shiny|a|3|0
ship	NOUN=24,VERB=3,X=1	ship=27	ship|n|1|0;ship|v|5|0
shipbuilding			shipbuilding|n|1|0
shipment	NOUN=4	shipment=4	shipment|n|2|0
shipments	NOUN=1	shipments=1	
shipped	VERB=7	shipped=7	
shippers	NOUN=3	shippers=2,Shippers=1	
shipping	NOUN=5,VERB=1	shipping=6	shipping|n|2|0
ships	NOUN=17	ships=17	
shipwreck			shipwreck|n|3|0;shipwreck|v|4|0
shipyard	NOUN=1	shipyard=1	shipyard|n|1|0
shire			shire|n|2|0
shirley	PROPN=1	Shirley=1	
shirt	NOUN=22	shirt=22	shirt|n|1|0;shirt|v|1|0
shirts	NOUN=10	shirts=10	
shit	NOUN=11,INTJ=8	shit=16,SHIT=1	shit|n|6|0;shit|v|2|0
shite			shite|n|1|0
shitting	VERB=1	shitting=1	shitting|n|1|0
shitty	ADJ=2	shitty=2	shitty|a|1|0
shiv			shiv|n|1|0
shiva			Shiva|n|1|1;shiva|n|1|0
shivering	VERB=2	shivering=2	shivering|a|1|0;shivering|n|1|0
shock	NOUN=9,PROPN=1	shock=9,SHOCK=1	shock|n|10|0;shock|v|7|0
shocked	ADJ=6,VERB=2	shocked=7,SHOCKED=1	shocked|a|1|0
shocker			shocker|n|2|0
shocking	ADJ=1,VERB=1	shocking=2	shocking|a|2|0
shockingly			shockingly|r|3|0
shoe	NOUN=9,VERB=1	shoe=10	shoe|n|4|0;shoe|v|1|0
shoes	NOUN=27,VERB=1	shoes=28	shoes|n|1|0
shone	VERB=3	shone=3	
shook			shook|n|1|0
shoot	VERB=10,NOUN=2	shoot=12	shoot|n|2|0;shoot|v|20|0
shooter			shooter|n|5|0
shooting	VERB=6,NOUN=3	shooting=9	shooting|n|2|0
shootout			shootout|n|1|0
shoots	NOUN=1,VERB=1	shoots=2	
shop	NOUN=44,VERB=7	shop=48,Shop=1	shop|n|3|0;shop|v|4|0
shopper			shopper|n|2|0
shoppers	NOUN=1	shoppers=1	
shopping	NOUN=12,VERB=5,PROPN=1	shopping=17,Shopping=1	shopping|n|2|0
shops	NOUN=23	shops=23	
shore	NOUN=6,PROPN=1	shore=6,Shore=1	shore|n|2|0;shore|v|3|0
shoreline	NOUN=6	shoreline=6	shoreline|n|1|0
shores	NOUN=3	shores=3	
short	ADJ=94,PROPN=3,ADV=1	short=89,Short=6	short|a|11|0;short|n|3|0;short|r|7|0;short|v|2|0
shortage	NOUN=2	shortage=2	shortage|n|2|0
shortages	NOUN=2	shortages=1	
shortcut	NOUN=1	shortcut=1	shortcut|n|1|0
shorten	VERB=1	shorten=1	shorten|v|5|0
shortened	VERB=1	shortened=1	shortened|a|4|0
shortening	NOUN=1	shortening=1	shortening|n|2|0
shorter	ADJ=2	shorter=2	
shortest	ADJ=2	shortest=2	
shorthand	NOUN=2	shorthand=2	shorthand|a|1|0;shorthand|n|1|0
shortly	ADV=16	shortly=16	shortly|r|5|0
shorts	NOUN=9	shorts=7	shorts|n|2|0
shorty	PROPN=1		
shot	NOUN=16,VERB=4	shot=18,Shot=2	shot|a|1|0;shot|n|18|0
shotgun	NOUN=1	shotgun=1	shotgun|n|1|0
shots	NOUN=7,PROPN=1	shots=7,Shots=1	
should	AUX=526	should=489,SHOULD=4,Should=3	
shoulder	NOUN=7,VERB=1	shoulder=8	shoulder|n|5|0;shoulder|v|3|0
shoulders	NOUN=10	shoulders=10	
shout	VERB=3,NOUN=1	shout=4	shout|n|1|0;shout|v|4|0
shouted	VERB=2	shouted=2	shouted|a|1|0
shouting	VERB=3,NOUN=1	shouting=4	shouting|n|2|0
shouts	NOUN=1	shouts=1	
shove	VERB=2,NOUN=1	shove=3	shove|n|1|0;shove|v|3|0
shovel	NOUN=1	shovel=1	shovel|n|4|0;shovel|v|1|0
shoving	VERB=2	shoving=2	
show	VERB=105,NOUN=34	show=139	show|n|3|0;show|v|12|0
showcase	VERB=2	showcase=2	showcase|n|2|0
showcased	VERB=1	showcased=1	
showdown	NOUN=2	showdown=2	showdown|n|1|0
showed	VERB=33	showed=33	
shower	NOUN=16,VERB=1	shower=17	shower|n|5|0;shower|n|1|0;shower|v|5|0
showing	VERB=31	showing=31	showing|n|2|0
shown	VERB=31	shown=31	
showroom	NOUN=2	showroom=2	showroom|n|1|0
shows	VERB=37,NOUN=19	shows=53,SHOWS=1,Shows=1	
showtime			showtime|n|1|0
shrapnel	NOUN=2	shrapnel=2	shrapnel|n|1|0
shred			shred|n|2|0;shred|v|1|0
shredded	ADJ=1,VERB=1	shredded=2	shredded|a|1|0
shreds	NOUN=1	shreds=1	
shrek	PROPN=1	Shrek=1	
shrewd	ADJ=1	shrewd=1	shrewd|a|2|0
shrimp	NOUN=8	shrimp=4,Shrimp=3	shrimp|n|3|0;shrimp|v|1|0
shrine			shrine|n|1|0;shrine|v|1|0
shrines	NOUN=1	shrines=1	
shrink	VERB=2,NOUN=1	shrink=3	shrink|n|1|0;shrink|v|5|0
shrinking			shrinking|n|2|0
shropshire	PROPN=1	Shropshire=1	
shroud			shroud|n|3|0;shroud|v|3|0
shrub			shrub|n|1|0
shrubs	NOUN=2	shrubs=2	
shrug	NOUN=1	shrug=1	shrug|n|1|0;shrug|v|1|0
shrugged	VERB=1	shrugged=1	
shrunk	VERB=3	shrunk=3	
shu	NOUN=1	SHU=1	
shudder			shudder|n|2|0;shudder|v|2|0
shuffle			shuffle|n|2|0;shuffle|v|3|0
shun	VERB=1	shun=1	shun|v|2|0
shunned	VERB=1	shunned=1	
shut	VERB=15,ADJ=2	shut=17	shut|a|2|0;shut|v|3|0
shutdown			shutdown|n|1|0
shutout			shutout|n|1|0
shuts	VERB=1	shuts=1	
shutter	NOUN=1	shutter=1	shutter|n|2|0;shutter|v|1|0
shutters	NOUN=1	shutters=1	
shutting			shutting|n|1|0
shuttle	NOUN=26,PROPN=15	shuttle=22,Shuttle=17	shuttle|n|3|0;shuttle|v|1|0
shy	ADJ=2	shy=2	shy|a|3|0;shy|n|1|0;shy|v|2|0
si	NOUN=6,PROPN=1	SI=7	SI|n|1|0;Si|n|1|0;si|n|1|0
siam	PROPN=1	SIAM=1	Siam|n|1|1
siberia			Siberia|n|1|1
siberian			Siberian|a|1|0;Siberian|n|1|0
sibling			sibling|n|1|0
sic	ADV=1	sic=1	sic|r|1|0;sic|v|1|0
sicilian	ADJ=2	Sicilian=2	Sicilian|a|1|0;Sicilian|n|1|0
sicily	PROPN=3	Sicily=3	Sicily|n|2|2
sick	ADJ=25	sick=25	sick|a|7|0;sick|n|1|0;sick|v|1|0
sickening			sickening|a|1|0
sickle			sickle|n|1|0
sickness	NOUN=4	sickness=4	sickness|n|3|0
sid	PROPN=1		
side	NOUN=87,PROPN=2,ADJ=1,VERB=1,X=1	side=89,Side=2	side|a|1|0;side|n|12|0;side|v|1|0
sided	ADJ=1	sided=1	
sidekick			sidekick|n|1|0
sideline			sideline|n|3|0;sideline|v|1|0
sidelines	NOUN=1	sidelines=1	
sides	NOUN=24	sides=24	
sidewalk	NOUN=6	sidewalk=6	sidewalk|n|1|0
sidewalks	NOUN=3	sidewalks=3	
sideways	ADV=2	sideways=2	sideways|a|1|0;sideways|r|4|0
siding	NOUN=1,PROPN=1	Siding=1,siding=1	siding|n|2|0
sidney			Sidney|n|1|1
siege	NOUN=3,PROPN=1	siege=3,Siege=1	siege|n|1|0
siemens			Siemens|n|2|2;siemens|n|1|0
sierra	PROPN=1		sierra|n|2|0
sigh	INTJ=2		sigh|n|2|0;sigh|v|2|0
sighed	VERB=1	sighed=1	
sighs	VERB=1	sighs=1	
sight	NOUN=9,ADJ=1	sight=10	sight|n|8|0;sight|v|2|0
sighted	VERB=1	sighted=1	sighted|a|1|0
sighting			sighting|n|1|0
sights	NOUN=9	sights=9	sights|n|1|0
sightseeing	NOUN=1	sightseeing=1	sightseeing|n|1|0
sigma	NOUN=1	Sigma=1	sigma|n|1|0
sign	NOUN=24,VERB=17	sign=40	sign|a|1|0;sign|n|11|0;sign|v|8|0
signage	NOUN=1	signage=1	signage|n|1|0
signal	NOUN=3,VERB=2	signal=5	signal|a|1|0;signal|n|3|0;signal|v|2|0
signaled	VERB=1	signaled=1	
signaling	VERB=1	signaling=1	signaling|n|1|0
signalling	NOUN=1,VERB=1	signalling=2	signalling|n|1|0
signals	VERB=3,NOUN=2	signals=5	
signature	NOUN=9,PROPN=2	signature=9,Signature=2	signature|n|5|0
signatures	NOUN=2	signatures=2	
signed	VERB=32	signed=29	signed|a|2|0
significance	NOUN=5	significance=5	significance|n|3|0
significant	ADJ=52	significant=51	significant|a|4|0
significantly	ADV=14	significantly=12	significantly|r|3|0
signifies	VERB=1	signifies=1	
signify			signify|v|3|0
signing	NOUN=5,VERB=5	signing=10	signing|n|1|0
signs	NOUN=24,PROPN=2,VERB=1	signs=23,Signs=1	
sikh			Sikh|a|1|0;Sikh|n|1|0
sikhs	PROPN=1	Sikhs=1	
silence	NOUN=7,VERB=1	silence=6	silence|n|4|0;silence|v|2|0
silenced			silenced|a|1|0
silent	ADJ=10	silent=6,Silent=2	silent|a|7|0
silently	ADV=1	silently=1	silently|r|1|0
silhouette	NOUN=1	silhouette=1	silhouette|n|2|0;silhouette|v|2|0
silica			silica|n|1|0
silicon	NOUN=1	silicon=1	silicon|n|1|0
silicone	NOUN=4	silicone=4	silicone|n|1|0
silk	NOUN=7,ADJ=1	silk=8	silk|n|2|0
silky	ADJ=1	silky=1	silky|a|1|0
silly	ADJ=2	Silly=1,silly=1	silly|a|4|0;silly|n|1|0
silva			silva|n|1|0
silver	ADJ=12,NOUN=5	silver=13,Silver=4	silver|a|4|0;silver|n|5|0;silver|v|3|0
similar	ADJ=50	similar=50	similar|a|5|0
similarities	NOUN=4	similarities=4	
similarity	NOUN=2	similarity=2	similarity|n|2|0
similarly	ADV=3	similarly=1	similarly|r|1|0
simmer	VERB=1		simmer|n|1|0;simmer|v|1|0
simmons	PROPN=1	Simmons=1	
simon	PROPN=5	Simon=5	Simon|n|4|4
simone	PROPN=2		
simons	PROPN=2	Simons=2	
simple	ADJ=51,ADV=1	simple=47,Simple=3	simple|a|7|0;simple|n|2|0
simpler	ADJ=5	simpler=5	
simplest	ADJ=3	simplest=3	
simplicity	NOUN=4	simplicity=3	simplicity|n|5|0
simplified	VERB=2	simplified=2	
simplify	VERB=1	simplify=1	simplify|v|1|0
simplistic			simplistic|a|1|0
simply	ADV=70	simply=63,Simply=1	simply|r|4|0
simpson	PROPN=3	Simpson=3	Simpson|n|2|2
simulate	VERB=1	simulate=1	simulate|v|3|0
simulated			simulated|a|2|0
simulation	NOUN=3	simulation=2,Simulation=1	simulation|n|4|0
simulator	NOUN=1	simulator=1	simulator|n|1|0
simultaneous	ADJ=1	simultaneous=1	simultaneous|a|1|0
simultaneously	ADV=10	simultaneously=9	simultaneously|r|1|0
sin	NOUN=6,PROPN=1	sin=6,Sin=1	Sin|n|1|1;sin|n|4|0;sin|v|2|0
sinai			Sinai|n|3|3
sinatra	PROPN=3	Sinatra=3	Sinatra|n|1|1
since	SCONJ=157,ADP=72,ADV=15	since=198	
sincere	ADJ=2	sincere=1	sincere|a|2|0
sincerely	ADV=16	sincerely=5	sincerely|r|2|0
sincerity	NOUN=1	sincerity=1	sincerity|n|4|0
sinclair			Sinclair|n|2|2
sine			sine|n|1|0
sinful			sinful|a|3|0
sing	VERB=2	sing=2	sing|v|5|0
singapore	PROPN=8	Singapore=8	Singapore|n|3|3
singer	NOUN=3,PROPN=2	Singer=3,singer=2	Singer|n|2|2;singer|n|1|0
singers	NOUN=1	singers=1	
singh	PROPN=1	Singh=1	
singing	VERB=8,ADJ=1,NOUN=1	singing=10	singing|a|1|0;singing|n|2|0
single	ADJ=60,NOUN=2,VERB=2	single=59,Single=3	single|a|7|0;single|n|2|0;single|v|1|0
singled	VERB=2	singled=2	
singles	NOUN=3	singles=3	singles|n|2|0
singleton			singleton|n|3|0
sings	VERB=2	sings=2	
singular	ADJ=2,NOUN=1	singular=3	singular|a|6|0;singular|n|1|0
singularity	NOUN=1	singularity=1	singularity|n|2|0
sinister	ADJ=1	sinister=1	sinister|a|3|0
sink	VERB=7,NOUN=6	sink=13	sink|n|4|0;sink|v|9|0
sinking	VERB=4,NOUN=3	sinking=7	sinking|n|3|0
sinks	NOUN=1,VERB=1	sinks=2	
sinner			sinner|n|1|0
sinners	PROPN=1	Sinners=1	
sins	NOUN=2	sins=2	
sinus	NOUN=3	sinus=3	sinus|n|3|0
sioux			Sioux|n|1|0
sip			sip|n|1|0;sip|v|1|0
sipping	VERB=1	sipping=1	
sir	PROPN=9,NOUN=5	Sir=7,sir=4	Sir|n|1|0;sir|n|1|0
sire			sire|n|3|0;sire|v|1|0
siren			Siren|n|1|0;siren|n|4|0
siri	PROPN=2	Siri=2	
sirius			Sirius|n|1|1
sis			sis|n|1|0
sissy			sissy|a|1|0;sissy|n|1|0
sister	NOUN=17	sister=17	Sister|n|1|0;sister|n|2|0
sisters	NOUN=2	sisters=2	
sit	VERB=46,NOUN=2	sit=45	sit|v|10|0
sitcom	NOUN=1	sitcom=1	sitcom|n|2|0
site	NOUN=86,PROPN=3,ADV=1	site=86,Site=3	site|n|3|0;site|v|1|0
sites	NOUN=29,PROPN=1	sites=29,Sites=1	
sits	VERB=2	sits=2	
sitter			Sitter|n|1|1;sitter|n|4|0
sitting	VERB=34,NOUN=2,PROPN=1	sitting=37	sitting|a|2|0;sitting|n|4|0
situ	X=5	situ=5	
situated	VERB=7	situated=7	situated|a|1|0
situation	NOUN=68	situation=68	situation|n|5|0
situations	NOUN=13	situations=13	
six	NUM=82	six=72	six|a|1|0;six|n|2|0
sixteen	NUM=9	sixteen=8	sixteen|a|1|0;sixteen|n|1|0
sixteenth	ADJ=3	sixteenth=3	sixteenth|a|1|0;sixteenth|n|2|0
sixth	ADJ=5,ADV=1,NOUN=1,PROPN=1	sixth=7,Sixth=1	sixth|a|1|0;sixth|n|3|0
sixties	NOUN=3	sixties=2,Sixties=1	sixties|n|2|0
sixty	NUM=3	sixty=3	sixty|a|1|0;sixty|n|1|0
sizable	ADJ=2	sizable=2	sizable|a|2|0
size	NOUN=47	size=47	size|a|1|0;size|n|5|0;size|v|3|0
sizeable			sizeable|a|2|0
sized	ADJ=5,VERB=2	sized=7	sized|a|2|0
sizes	NOUN=2	sizes=2	
sizing	VERB=1	sizing=1	sizing|n|1|0
sizzling			sizzling|a|2|0
sj	PROPN=8	SJ=8	
skate			skate|n|2|0;skate|v|1|0
skateboard			skateboard|n|1|0;skateboard|v|1|0
skateboarding			skateboarding|n|1|0
skater	NOUN=1	skater=1	skater|n|1|0
skating			skating|n|1|0
skeletal			skeletal|a|2|0
skeleton	NOUN=1	skeleton=1	skeleton|n|4|0
skeptical	ADJ=4	skeptical=4	skeptical|a|2|0
skepticism			skepticism|n|2|0
sketch	NOUN=3,VERB=1	sketch=3	sketch|n|4|0;sketch|v|2|0
sketchy	ADJ=2	sketchy=1	sketchy|a|1|0
skewed			skewed|a|1|0
ski	NOUN=1,VERB=1	ski=2	ski|n|1|0;ski|v|1|0
skid			skid|n|3|0;skid|v|4|0
skier			skier|n|1|0
skies	NOUN=3,PROPN=1	skies=3,Skies=1	
skiing	VERB=1	skiing=1	skiing|n|1|0
skill	NOUN=5	skill=5	skill|n|2|0
skilled	ADJ=8,VERB=1	skilled=7,Skilled=2	skilled|a|1|0
skillful			skillful|a|2|0
skills	NOUN=32	skills=32	
skim			skim|a|1|0;skim|n|2|0;skim|v|7|0
skin	NOUN=24	skin=20,Skin=1	skin|n|8|0;skin|v|4|0
skincare	NOUN=1	skincare=1	skincare|n|1|0
skinned	ADJ=2	skinned=2	skinned|a|1|0
skinner	PROPN=2	Skinner=2	Skinner|n|3|3;skinner|n|2|0
skinny	ADJ=1	skinny=1	skinny|a|4|0;skinny|n|1|0
skip	VERB=10,NOUN=2	skip=11	skip|n|2|0;skip|v|6|0
skipped	VERB=2	skipped=2	
skipper			skipper|n|3|0;skipper|v|1|0
skipping	VERB=2	skipping=2	
skirt	NOUN=4	skirt=4	skirt|n|4|0;skirt|v|4|0
skirts	NOUN=5	skirts=5	
skis	NOUN=1	skis=1	
skit			skit|n|1|0
skull	NOUN=3,PROPN=1	skull=3,Skull=1	skull|n|1|0
skunk			skunk|n|4|0;skunk|v|1|0
sky	NOUN=26,PROPN=4	sky=26,Sky=4	sky|n|1|0;sky|v|1|0
skyline	NOUN=3	skyline=3	skyline|n|2|0
skype	PROPN=1	Skype=1	skype|v|1|0
skyscraper			skyscraper|n|1|0
skyscrapers	NOUN=1	skyscrapers=1	
sl			SL|n|1|1
slab			slab|n|1|0
slack	VERB=2	slack=2	slack|a|3|0;slack|n|6|0;slack|v|8|0
slag			slag|n|1|0;slag|v|1|0
slain			slain|a|1|0;slain|n|1|0
slalom			slalom|n|1|0;slalom|v|1|0
slam	NOUN=1	slam=1	slam|n|4|0;slam|v|4|0
slammed	VERB=3	slammed=2	
slander			slander|n|2|0;slander|v|1|0
slang	NOUN=2	slang=2	slang|n|2|0;slang|v|3|0
slant	ADJ=1,NOUN=1	slant=2	slant|n|2|0;slant|v|4|0
slap	VERB=1	slap=1	slap|n|2|0;slap|r|1|0;slap|v|2|0
slapped	VERB=1	slapped=1	
slash	CCONJ=1	slash=1	slash|n|4|0;slash|v|5|0
slashed			slashed|a|3|0
slate	PROPN=1	Slate=1	slate|n|4|0;slate|v|3|0
slater			slater|n|1|0
slaughter	VERB=1	slaughter=1	slaughter|n|3|0;slaughter|v|2|0
slave	NOUN=4	slave=4	slave|n|3|0;slave|v|1|0
slavery	NOUN=11	slavery=11	slavery|n|3|0
slaves	NOUN=5	slaves=5	
slavic			Slavic|a|1|0;Slavic|n|1|0
slay	VERB=1	slay=1	slay|v|3|0
slayer	NOUN=1	slayer=1	slayer|n|1|0
slaying			slaying|n|1|0
sled	NOUN=1	sled=1	sled|n|1|0;sled|v|1|0
sleek	ADJ=3	sleek=3	sleek|a|3|0;sleek|v|1|0
sleep	NOUN=20,VERB=15	sleep=34,Sleep=1	sleep|n|4|0;sleep|v|2|0
sleeper	NOUN=1	sleeper=1	sleeper|n|9|0
sleeping	VERB=8,NOUN=3	sleeping=11	sleeping|a|1|0;sleeping|n|3|0
sleepless			sleepless|a|2|0
sleeps	VERB=2	sleeps=2	
sleepy	ADJ=1	sleepy=1	sleepy|a|1|0
sleeve	NOUN=4	sleeve=4	sleeve|n|2|0
sleeves	NOUN=2	sleeves=2	
slender			slender|a|4|0
slept	VERB=6	slept=6	
slew			slew|n|1|0;slew|v|2|0
slice	NOUN=11,PROPN=2	slice=11,Slice=1	slice|n|6|0;slice|v|4|0
sliced	VERB=1	sliced=1	sliced|a|2|0
slices	NOUN=4	slices=4	
slicing			slicing|n|2|0
slick	ADJ=3	slick=3	slick|a|5|0;slick|n|4|0;slick|v|2|0
slide	NOUN=5,VERB=1	slide=6	slide|n|7|0;slide|v|3|0
slider			slider|n|4|0
slides	NOUN=4	slides=4	
sliding	VERB=5	sliding=5	sliding|a|1|0
slight	ADJ=13,VERB=1	slight=14	slight|a|3|0;slight|n|1|0;slight|v|1|0
slightest	ADJ=3	slightest=3	
slightly	ADV=27	slightly=27	slightly|r|2|0
slim	ADJ=3	slim=3	slim|a|2|0;slim|v|1|0
slime			slime|n|1|0;slime|v|1|0
sling			sling|n|5|0;sling|v|4|0
slip	NOUN=2,VERB=1	slip=3	slip|n|15|0;slip|v|11|0
slipped	VERB=2	slipped=2	
slippers	NOUN=2	slippers=2	
slippery			slippery|a|2|0
slipping	VERB=1	slipping=1	slipping|a|1|0
slit	VERB=1	slit=1	slit|n|4|0;slit|v|2|0
sloan	PROPN=1	Sloan=1	
slogan	NOUN=3	slogan=3	slogan|n|1|0
slogans	NOUN=4	slogans=3,Slogans=1	
slope	NOUN=5,PROPN=1	slope=4,Slope=1	slope|n|2|0;slope|v|1|0
slopes	NOUN=1	slopes=1	
sloppy			sloppy|a|6|0
slot	VERB=1	slot=1	slot|n|7|0;slot|v|1|0
sloth			sloth|n|3|0
slots	NOUN=1	slots=1	
slovak			Slovak|n|2|0
slovakia	PROPN=1	Slovakia=1	Slovakia|n|1|1
slovenia	PROPN=3	Slovenia=3	Slovenia|n|1|1
slow	ADJ=26,VERB=4,ADV=3	slow=30,Slow=2	slow|a|6|0;slow|r|2|0;slow|v|3|0
slowdown			slowdown|n|1|0
slowed	VERB=2,ADJ=1	slowed=3	
slower	ADJ=6,ADV=4	slower=9	slower|r|1|0
slowest	ADJ=2	slowest=1	slowest|r|1|0
slowing	NOUN=1	slowing=1	slowing|n|1|0
slowly	ADV=18	slowly=18	slowly|r|2|0
sludge	NOUN=1	sludge=1	sludge|n|2|0
slug	NOUN=1	slug=1	slug|n|8|0;slug|v|2|0
sluggish			sluggish|a|3|0
slum	NOUN=1	slum=1	slum|n|1|0;slum|v|1|0
slumber	NOUN=1	slumber=1	slumber|n|2|0;slumber|v|1|0
slump			slump|n|2|0;slump|v|4|0
slur			slur|n|3|0;slur|v|4|0
slut			slut|n|3|0
sluts	NOUN=1	sluts=1	
sly			sly|a|1|0
sm	DET=1	sm=1	SM|n|1|0;Sm|n|1|0
smack	PROPN=2,ADV=1	Smack=1,smack=1	smack|n|6|0;smack|r|1|0;smack|v|5|0
smackdown	PROPN=1	Smackdown=1	
smacked	VERB=1	smacked=1	
small	ADJ=171	small=167,SMALL=1	small|a|10|0;small|n|2|0;small|r|1|0
smaller	ADJ=33	smaller=33	smaller|a|1|0
smallest	ADJ=9	smallest=9	
smallpox			smallpox|n|1|0
smart	ADJ=20,PROPN=1	smart=13,Smart=4,SMART=1	smart|a|7|0;smart|n|1|0;smart|v|1|0
smarter	ADJ=1	smarter=1	
smartest	ADJ=1	smartest=1	
smartphone	NOUN=2	smartphone=2	smartphone|n|1|0
smash	VERB=2	smash=2	smash|n|5|0;smash|r|1|0;smash|v|10|0
smashed	ADJ=1,VERB=1	smashed=2	smashed|a|1|0
smashing			smashing|a|1|0;smashing|n|1|0
smear			smear|n|4|0;smear|v|4|0
smeared	VERB=3	smeared=3	
smell	VERB=14,NOUN=12	smell=26	smell|n|5|0;smell|v|5|0
smelled	VERB=6	smelled=6	
smelling	VERB=4,NOUN=1	smelling=5	smelling|a|1|0;smelling|n|1|0
smells	VERB=5,NOUN=2	smells=7	
smelly			smelly|a|1|0
smile	NOUN=4,VERB=3	smile=7	smile|n|1|0;smile|v|2|0
smiled	VERB=3	smiled=3	
smiles	VERB=2,NOUN=1	smiles=3	
smiley	ADJ=1	smiley=1	smiley|n|1|0
smiling	VERB=4	smiling=4	smiling|a|1|0;smiling|n|1|0
smith	PROPN=20	Smith=17	Smith|n|8|8;smith|n|2|0
smithsonian	PROPN=1	Smithsonian=1	
smoke	NOUN=11,VERB=3	smoke=13,SMOKE=1	smoke|n|8|0;smoke|v|2|0
smoked	VERB=3	smoked=3	smoked|a|1|0
smoker	NOUN=2	smoker=1	smoker|n|3|0
smokers	NOUN=2	smokers=2	
smoking	NOUN=7,VERB=1	smoking=8	smoking|a|1|0;smoking|n|2|0
smoky			smoky|a|2|0
smooth	ADJ=12,ADV=1,VERB=1	smooth=14	smooth|a|8|0;smooth|n|1|0;smooth|v|3|0
smoother	ADJ=2	smoother=2	smoother|n|1|0
smoothie			smoothie|n|2|0
smoothly	ADV=4	smoothly=4	smoothly|r|2|0
sms	NOUN=1,VERB=1	SMS=1	
smug	ADJ=2	smug=2	smug|a|1|0
smuggle	VERB=1	smuggle=1	smuggle|v|1|0
smuggled	VERB=2	smuggled=2	smuggled|a|1|0
smugglers	NOUN=1	smugglers=1	
smuggling	NOUN=3,VERB=1	smuggling=4	smuggling|n|1|0
sn			Sn|n|1|0
snack	NOUN=8	snack=8	snack|n|1|0;snack|v|1|0
snacks	NOUN=3	snacks=2	
snag			snag|n|4|0;snag|v|3|0
snail			snail|n|2|0;snail|v|1|0
snails	NOUN=1	snails=1	
snake	NOUN=28,PROPN=1	snake=28,Snake=1	Snake|n|2|2;snake|n|4|0;snake|v|3|0
snakes	NOUN=13	snakes=13	
snap	PROPN=3,NOUN=2,INTJ=1	SNAP=2,snap=2	snap|n|13|0;snap|v|13|0
snapchat			snapchat|v|1|0
snapping	VERB=1	snapping=1	
snaps	VERB=1	snaps=1	
snapshot	NOUN=1	snapshot=1	snapshot|n|1|0
snare			snare|n|5|0;snare|v|2|0
snatch			snatch|n|5|0;snatch|v|3|0
sneak	VERB=2	sneak=2	sneak|a|1|0;sneak|n|3|0;sneak|v|4|0
sneakers	NOUN=1	sneakers=1	
sneaking			sneaking|a|1|0
sneaky			sneaky|a|2|0
sneeze	VERB=3,NOUN=1	sneeze=4	sneeze|n|1|0;sneeze|v|1|0
sniff	VERB=1	sniff=1	sniff|n|1|0;sniff|v|2|0
sniffing	VERB=1	sniffing=1	
sniper			sniper|n|1|0
snipers	NOUN=2	snipers=2	
snippet			snippet|n|1|0
snitch	NOUN=23	snitch=20,Snitch=3	snitch|n|1|0;snitch|v|2|0
snoop			snoop|n|1|0;snoop|v|1|0
snoring			snoring|n|1|0
snow	NOUN=5	snow=5	Snow|n|1|1;snow|n|3|0;snow|v|2|0
snowball			snowball|n|4|0;snowball|v|2|0
snowboarding			snowboarding|n|1|0
snowfall			snowfall|n|1|0
snowflake			snowflake|n|2|0
snowman			snowman|n|1|0
snowy	ADJ=2	snowy=2	snowy|a|3|0
snp			SNP|n|1|0
snuff			snuff|a|1|0;snuff|n|4|0;snuff|v|2|0
snug	ADJ=2	snug=2	snug|a|4|0;snug|n|1|0
snyder	PROPN=1	Snyder=1	
so	ADV=1278,INTJ=160,SCONJ=148,ADJ=2,X=2	so=1107,SO=7,So=5	so|n|1|0;so|r|10|0
soak	VERB=3	soak=3	soak|n|2|0;soak|v|9|0
soaked	VERB=2,ADJ=1	soaked=3	soaked|a|1|0
soaking	ADJ=1,NOUN=1,VERB=1	soaking=3	soaking|n|3|0;soaking|r|1|0
soap	NOUN=2	soap=2	soap|n|3|0;soap|v|1|0
soar			soar|n|1|0;soar|v|5|0
soaring	VERB=1	soaring=1	soaring|a|2|0;soaring|n|1|0
sob			SOB|n|2|0;sob|n|1|0;sob|v|1|0
sobbing			sobbing|n|1|0
sober			sober|a|4|0;sober|v|3|0
sobriety			sobriety|n|4|0
soccer	NOUN=3	soccer=3	soccer|n|1|0
social	ADJ=80,PROPN=4	social=70,Social=13	social|a|6|0;social|n|1|0
socialism	NOUN=2	socialism=2	socialism|n|2|0
socialist	ADJ=1,NOUN=1	Socialist=2	socialist|a|1|0;socialist|n|1|0
socialists	PROPN=1	Socialists=1	
socialize	VERB=1	socialize=1	socialize|v|4|0
socially	ADV=7	socially=7	socially|r|2|0
societal	ADJ=5	societal=5	societal|a|1|0
societies	NOUN=5	societies=5	
society	NOUN=57,PROPN=15	society=56,Society=16	society|n|4|0
socio	X=1	socio=1	
socioeconomic			socioeconomic|a|1|0
sociological			sociological|a|1|0
sociology	NOUN=1	sociology=1	sociology|n|1|0
sock	NOUN=2	sock=2	sock|n|2|0;sock|v|1|0
socket			socket|n|3|0
socks	NOUN=4	socks=4	
socrates	PROPN=1		Socrates|n|1|1
sod	NOUN=1	sod=1	SOD|n|1|0;sod|n|3|0;sod|v|1|0
soda	NOUN=10	soda=10	soda|n|2|0
sodium	NOUN=2	sodium=2	sodium|n|1|0
sofa	NOUN=1	sofa=1	sofa|n|1|0
sofia			Sofia|n|1|1
soft	ADJ=23,PROPN=1	soft=22,Soft=2	soft|a|19|0;soft|r|1|0
softball	NOUN=1	softball=1	softball|n|2|0
soften	VERB=1	soften=1	soften|v|7|0
softened			softened|a|2|0
softening			softening|a|1|0;softening|n|1|0
softly			softly|r|4|0
software	NOUN=22,PROPN=1	software=20,Software=2,SOFTware=1	software|n|1|0
soggy			soggy|a|3|0
soho			SoHo|n|1|1;Soho|n|1|1
soil	NOUN=27	soil=27	soil|n|4|0;soil|v|1|0
sol	PROPN=1	SOL=1	Sol|n|1|1;sol|n|2|0
solace	NOUN=1	solace=1	solace|n|3|0;solace|v|1|0
solar	ADJ=7	solar=6,Solar=1	solar|a|1|0
sold	VERB=21	sold=21	sold|a|1|0
solder			solder|n|1|0;solder|v|1|0
soldier	NOUN=7	soldier=7	soldier|n|2|0;soldier|v|1|0
soldiers	NOUN=43,PROPN=1	soldiers=41,SOLDIERS=1,Soldiers=1	
sole	ADJ=3	sole=3	sole|a|2|0;sole|n|4|0;sole|v|1|0
solely	ADV=7	solely=7	solely|r|1|0
solemn	ADJ=2	solemn=2	solemn|a|2|0
soles	NOUN=1	soles=1	
solicitation	NOUN=1	solicitation=1	solicitation|n|3|0
solicitor	PROPN=1	Solicitor=1	solicitor|n|2|0
solid	ADJ=14,NOUN=5	solid=17,Solid=1	solid|a|15|0;solid|n|3|0
solidarity	NOUN=4	solidarity=3,Solidarity=1	solidarity|n|1|0
solidly			solidly|r|2|0
solids	NOUN=1	Solids=1	
solitary			solitary|a|5|0;solitary|n|2|0
solitude	NOUN=1	solitude=1	solitude|n|3|0
solo	ADJ=3,ADV=2	solo=5	solo|a|1|0;solo|n|3|0;solo|r|1|0;solo|v|2|0
solomon	PROPN=2	Solomon=2	Solomon|n|1|1
solstice			solstice|n|1|0
soluble			soluble|a|2|0
solution	NOUN=40	solution=39	solution|n|5|0
solutions	NOUN=13	solutions=12,Solutions=1	
solve	VERB=9	solve=8,SOLVE=1	solve|v|3|0
solved	VERB=4	solved=4	solved|a|1|0
solvent			solvent|a|1|0;solvent|n|2|0
solving	NOUN=7,VERB=1	solving=8	solving|n|1|0
som			som|n|2|0
soma			Soma|n|1|0;soma|n|2|0
somali			Somali|a|1|0;Somali|n|2|0
somalia	PROPN=1	Somalia=1	Somalia|n|1|1
some	DET=815,ADV=14,NOUN=1,PRON=1	some=754	some|a|3|0;some|r|1|0
somebody	PRON=27	somebody=24	somebody|n|1|0
someday	ADV=1,NOUN=1	someday=2	someday|r|1|0
somehow	ADV=20	somehow=15	somehow|r|2|0
someone	PRON=138	someone=129,SOMEONE=1	someone|n|1|0
someplace	ADV=3	someplace=2	someplace|r|1|0
somerset			Somerset|n|1|1;somerset|n|1|0
somethin	PRON=1	somethin=1	
something	PRON=264	something=259,SOMEthing=1	
sometime	ADV=10	sometime=9	sometime|a|1|0;sometime|r|1|0
sometimes	ADV=79	sometimes=66	sometimes|r|1|0
somewhat	ADV=22	somewhat=22	somewhat|r|2|0
somewhere	ADV=40	somewhere=39	somewhere|n|1|0;somewhere|r|1|0
son	NOUN=36,PROPN=1	son=36,Son=1	Son|n|1|1;son|n|1|0
sonar			sonar|n|1|0
sonata			sonata|n|1|0
song	NOUN=13	song=13	Song|n|1|0;song|n|5|0
songs	NOUN=9,PROPN=1	songs=9,Songs=1	
songwriter	NOUN=1	songwriter=1	songwriter|n|1|0
sonia	PROPN=6	Sonia=6	
sonic	PROPN=2	sonic=2	sonic|a|2|0
sonny	NOUN=1	sonny=1	sonny|n|1|0
sons	NOUN=5	sons=4,Sons=1	
sony	PROPN=5	sony=3,Sony=1	
soo	ADV=1,PROPN=1	SOO=1,soo=1	
soon	ADV=104	soon=98,Soon=1	soon|r|1|0
sooner	ADV=17,ADJ=1	sooner=17	Sooner|n|1|0;sooner|r|2|0
sooo	ADV=2	sooo=2	
soooo	ADV=2	soooo=1	
sooooo	ADV=3	sooooo=2	
soothe			soothe|v|2|0
soothing	ADJ=2	soothing=2	soothing|a|2|0
sophia	PROPN=1	Sophia=1	
sophie	PROPN=2	Sophie=1	
sophisticated	ADJ=5	sophisticated=5	sophisticated|a|3|0
sophistication			sophistication|n|5|0
sophomore	NOUN=2	sophomore=2	sophomore|a|1|0;sophomore|n|1|0
soprano			soprano|a|1|0;soprano|n|3|0
sorcerer			sorcerer|n|1|0
sorcery			sorcery|n|1|0
sore	ADJ=10	sore=10	sore|a|3|0;sore|n|1|0
sorely			sorely|r|2|0
sorority	NOUN=1	sorority=1	sorority|n|1|0
sorrow			sorrow|n|4|0;sorrow|v|1|0
sorrows	NOUN=1	sorrows=1	
sorry	ADJ=57,INTJ=11	sorry=37,SORRY=1,Sorry=1	sorry|a|4|0
sort	NOUN=67,VERB=5	sort=71	sort|n|4|0;sort|v|2|0
sorta	ADV=3	sorta=2	
sorted	VERB=3	sorted=3	sorted|a|2|0
sorting			sorting|n|3|0
sorts	NOUN=10	sorts=10	
sos	PROPN=1	SOS=1	SOS|n|1|0
sought	VERB=10	sought=10	sought|a|2|0
soul	NOUN=10	soul=8,Soul=1	soul|n|5|0
soulful			soulful|a|1|0
souls	NOUN=3	souls=3	
sound	NOUN=27,VERB=20,ADJ=3,PROPN=2	sound=50,SOUND=1	sound|a|10|0;sound|n|8|0;sound|v|7|0
sounded	VERB=5	sounded=5	
sounding	VERB=1	sounding=1	sounding|a|3|0;sounding|n|2|0
sounds	VERB=27,NOUN=10	sounds=29	
soundtrack	NOUN=1	soundtrack=1	soundtrack|n|1|0
soup	NOUN=5,PROPN=4	soup=5,Soup=4	soup|n|3|0;soup|v|1|0
soups	NOUN=3	soups=3	
sour	ADJ=3,VERB=1	sour=4	sour|a|6|0;sour|n|3|0;sour|v|2|0
source	NOUN=57,PROPN=2	source=56,Source=3	source|n|9|0;source|v|2|0
sourced	VERB=2	sourced=2	
sources	NOUN=28,PROPN=1	sources=27,Sources=1	
sourcing	NOUN=1,VERB=1	sourcing=2	
south	PROPN=82,NOUN=27,ADV=18,ADJ=6	South=79,south=47,SOUTH=2	South|n|2|2;south|a|1|0;south|n|3|0;south|r|1|0
southbound			southbound|a|1|0
southeast	PROPN=5,NOUN=3,ADJ=2,ADV=2	southeast=8,Southeast=4	Southeast|n|1|1;southeast|a|2|0;southeast|n|3|0;southeast|r|1|0
southeastern	ADJ=1	southeastern=1	southeastern|a|2|0
southern	ADJ=29	Southern=15,southern=13	southern|a|4|0
southwest	PROPN=11,NOUN=1	Southwest=9,southwest=3	Southwest|n|1|1;southwest|a|2|0;southwest|n|3|0;southwest|r|1|0
southwestern	ADJ=2	southwestern=2	Southwestern|n|1|0;southwestern|a|2|0
souvenir			souvenir|n|2|0
souvenirs	NOUN=1	souvenirs=1	
sovereign	ADJ=3	sovereign=3	sovereign|a|2|0;sovereign|n|1|0
sovereignty	NOUN=4,PROPN=1	sovereignty=4,Sovereignty=1	sovereignty|n|3|0
soviet	PROPN=9,ADJ=3	Soviet=12	Soviet|a|1|0;soviet|n|1|0
soviets	PROPN=1	Soviets=1	Soviets|n|1|0
sow	VERB=3	sow=3	sow|n|1|0;sow|v|3|0
sox	PROPN=12	Sox=11,sox=1	
soy	NOUN=7	soy=7	soy|n|4|0
soybean	NOUN=3	soybean=3	soybean|n|3|0
sp	NOUN=1	sp=1	
spa	NOUN=4,PROPN=1	spa=3,Spa=1	spa|n|3|0
space	NOUN=134,PROPN=46	space=131,Space=46	space|n|9|0;space|v|1|0
spacecraft	NOUN=6,PROPN=1	spacecraft=6,Spacecraft=1	spacecraft|n|1|0
spaced	ADJ=1,VERB=1	spaced=2	spaced|a|2|0
spaces	NOUN=5	spaces=5	
spaceship			spaceship|n|1|0
spacing			spacing|n|2|0
spacious	ADJ=3	spacious=3	spacious|a|2|0
spade			spade|n|2|0;spade|v|1|0
spaghetti	NOUN=4	spaghetti=3,Spaghetti=1	spaghetti|n|2|0
spain	PROPN=19	Spain=19	Spain|n|1|1
spam	NOUN=2	spam=2	Spam|n|1|0;spam|n|1|0;spam|v|1|0
span	NOUN=2,VERB=1	span=3	span|n|6|0;span|v|1|0
spanish	ADJ=24,PROPN=11	Spanish=32	Spanish|a|1|0;Spanish|n|2|0
spanking	ADV=1	spanking=1	spanking|a|1|0;spanking|n|1|0
spanned	VERB=1	spanned=1	
spanning	VERB=3	spanning=3	
spans	VERB=1	spans=1	
spare	ADJ=2,NOUN=2	spare=3,Spare=1	spare|a|6|0;spare|n|3|0;spare|v|4|0
spared	VERB=1	spared=1	
spark	NOUN=1	spark=1	Spark|n|1|1;spark|n|5|0;spark|v|2|0
sparkle			sparkle|n|3|0;sparkle|v|4|0
sparkling	ADJ=2	sparkling=2	sparkling|a|2|0;sparkling|n|1|0
sparks	PROPN=2	SPARKS=2	
sparring			sparring|n|2|0
sparrow			sparrow|n|2|0
sparse			sparse|a|1|0
sparsely	ADV=1	sparsely=1	sparsely|r|1|0
sparta			Sparta|n|1|1
spartan	ADJ=1	spartan=1	Spartan|a|1|0;Spartan|n|1|0;spartan|a|3|0
spat			spat|n|3|0;spat|v|7|0
spatial	ADJ=3	spatial=3	spatial|a|1|0
spawn	VERB=4	spawn=4	spawn|n|1|0;spawn|v|2|0
spawned	VERB=1	spawned=1	
spawning	VERB=2,NOUN=1	spawning=3	
speak	VERB=41,NOUN=1	speak=40,Speak=2	speak|v|5|0
speaker	PROPN=13,NOUN=9	Speaker=12,speaker=9	Speaker|n|1|0;speaker|n|2|0
speakers	NOUN=19	speakers=16,SPEAKERS=1	
speaking	VERB=24	speaking=21,Speaking=1	speaking|a|2|0;speaking|n|2|0
speaks	VERB=7	speaks=7	
spear	PROPN=1	Spear=1	spear|n|2|0;spear|v|2|0
spears	PROPN=4	Spears=4	
spec			spec|n|1|0
special	ADJ=74,NOUN=1	special=65,Special=8,SPECIAL=1	special|a|7|0;special|n|3|0
specialised			specialised|a|1|0
specialist	NOUN=10,ADJ=1	Specialist=6,specialist=5	specialist|n|2|0
specialists	NOUN=5	specialists=5	
speciality			speciality|n|3|0
specialization	NOUN=4	specialization=4	specialization|n|3|0
specialize	VERB=4	specialize=4	specialize|v|5|0
specialized	ADJ=9,VERB=2	specialized=9,Specialized=2	specialized|a|1|0
specializes	VERB=1	specializes=1	
specializing	VERB=5	specializing=4	
specially			specially|r|2|0
specials	NOUN=5	specials=5	
specialty	NOUN=1	specialty=1	specialty|n|3|0
species	NOUN=46,PROPN=1	species=45,Species=2	species|n|2|0
specific	ADJ=69	specific=69	specific|a|4|0;specific|n|2|0
specifically	ADV=25	specifically=22	specifically|r|1|0
specification			specification|n|4|0
specifications	NOUN=3	specifications=2,Specifications=1	
specificity			specificity|n|2|0
specifics	NOUN=3	specifics=3	
specified	VERB=3	Specified=2,specified=1	specified|a|1|0
specifies	VERB=1	specifies=1	
specify	VERB=2	specify=2	specify|v|7|0
specimen	NOUN=1	specimen=1	specimen|n|2|0
specimens	NOUN=5	specimens=5	
specs			specs|n|1|0
spectacle			spectacle|n|3|0
spectacles			spectacles|n|1|0
spectacular	ADJ=12	spectacular=12	spectacular|a|3|0;spectacular|n|1|0
spectator	NOUN=1	spectator=1	spectator|n|2|0
spectral	ADJ=2	spectral=2	spectral|a|2|0
spectre			spectre|n|2|0
spectroscopy			spectroscopy|n|1|0
spectrum	NOUN=4	spectrum=4	spectrum|n|2|0
speculate			speculate|v|4|0
speculated	VERB=1	speculated=1	
speculation	NOUN=5	speculation=5	speculation|n|4|0
speculative	ADJ=1	speculative=1	speculative|a|3|0
sped	VERB=1	sped=1	
speech	NOUN=21	speech=19,SPEECH=1,Speech=1	speech|n|8|0
speeches	NOUN=2	speeches=2	
speechless			speechless|a|1|0
speed	NOUN=26,VERB=3	speed=28,Speed=1	speed|n|5|0;speed|v|5|0
speeding	VERB=2	speeding=2	speeding|n|1|0
speeds	NOUN=2,VERB=1	speeds=3	
speedway			speedway|n|2|0
speedy	ADJ=1	speedy=1	speedy|a|2|0
spell	VERB=2,NOUN=1	spell=3	spell|n|4|0;spell|v|6|0
spelling	NOUN=6,PROPN=1,VERB=1	spelling=7,Spelling=1	spelling|n|1|0
spelt			spelt|n|1|0
spence	PROPN=1	Spence=1	
spencer	PROPN=3	Spencer=3	Spencer|n|1|1
spend	VERB=46	spend=45	spend|v|3|0
spending	VERB=11,NOUN=8	spending=19	spending|n|2|0
spends	VERB=1	spends=1	
spent	VERB=57	spent=57	spent|a|2|0
sperm			sperm|n|1|0
sphere	NOUN=4	sphere=4	sphere|n|7|0
spheres	NOUN=19	spheres=19	
spherical			spherical|a|2|0
spice	NOUN=3,VERB=1	spice=4	spice|n|3|0;spice|v|2|0
spices	NOUN=2	SPICES=1,spices=1	
spicy	ADJ=6	spicy=6	spicy|a|2|0
spider	NOUN=1,PROPN=1	Spider=1,spider=1	spider|n|3|0
spiders	NOUN=2	spiders=2	
spielberg			Spielberg|n|1|1
spies	NOUN=2	spies=2	
spike	PROPN=1,VERB=1	spike=1	spike|n|11|0;spike|v|6|0
spiked			spiked|a|1|0
spikes	NOUN=5,PROPN=1	spikes=5,Spikes=1	
spill	VERB=2	Spill=1,spill=1	spill|n|4|0;spill|v|6|0
spills	VERB=1	spills=1	
spin	NOUN=3,VERB=1	spin=4	spin|n|5|0;spin|v|8|0
spinach	NOUN=1	spinach=1	spinach|n|2|0
spinal	ADJ=4	spinal=3	spinal|a|1|0;spinal|n|1|0
spindle			spindle|n|5|0
spine	NOUN=4	spine=4	spine|n|5|0
spines	NOUN=1	spines=1	
spinner	PROPN=1	Spinner=1	spinner|n|3|0
spinning			spinning|n|1|0
spinoff	NOUN=1	spinoff=1	
spiral	ADJ=3,VERB=2,NOUN=1	spiral=5	spiral|a|1|0;spiral|n|6|0;spiral|v|3|0
spire			spire|n|1|0
spirit	NOUN=19,PROPN=2	spirit=19,Spirit=2	spirit|n|8|0;spirit|v|1|0
spirited	VERB=2	spirited=2	spirited|a|4|0
spirits	NOUN=2	spirits=2	spirits|n|1|0
spiritual	ADJ=14	spiritual=13,Spiritual=1	spiritual|a|4|0;spiritual|n|1|0
spirituality	NOUN=1	spirituality=1	spirituality|n|2|0
spiritually	ADV=1		spiritually|r|1|0
spit	VERB=3	spit=3	spit|n|4|0;spit|v|4|0
spite	NOUN=6	spite=6	spite|n|2|0;spite|v|1|0
spitting	ADV=1	spitting=1	spitting|n|1|0
splash	NOUN=3,VERB=1	splash=4	splash|n|6|0;splash|v|7|0
splashing			splashing|n|2|0
spleen			spleen|n|2|0
splendid	ADJ=2	splendid=2	splendid|a|3|0
splinter			splinter|n|1|0;splinter|v|3|0
split	VERB=9,ADJ=1,NOUN=1,PROPN=1	split=11,Split=1	Split|n|1|1;split|a|2|0;split|n|10|0;split|v|5|0
splitting	VERB=2	splitting=2	splitting|a|1|0
spoil	VERB=1	spoil=1	spoil|n|3|0;spoil|v|8|0
spoiled	ADJ=1	spoiled=1	spoiled|a|2|0
spoiler	NOUN=1	spoiler=1	spoiler|n|5|0
spoilers	NOUN=1	spoilers=1	
spoiling			spoiling|n|2|0
spoilt	VERB=1	spoilt=1	spoilt|a|3|0
spokane			Spokane|n|1|1
spoke	VERB=30	spoke=30	spoke|n|2|0
spoken	VERB=21,ADJ=1	spoken=20,Spoken=1	spoken|a|1|0
spokesman	NOUN=12	spokesman=12	spokesman|n|1|0
spokesperson	NOUN=4	spokesperson=3,Spokesperson=1	spokesperson|n|1|0
spokeswoman	NOUN=1	spokeswoman=1	spokeswoman|n|1|0
sponge	NOUN=1	sponge=1	sponge|n|4|0;sponge|v|5|0
sponsor			sponsor|n|2|0;sponsor|v|3|0
sponsored	VERB=8	sponsored=8	
sponsoring	VERB=1	sponsoring=1	
sponsors	VERB=1	sponsors=1	
sponsorship	NOUN=2	sponsorship=2	sponsorship|n|1|0
spontaneous	ADJ=1	spontaneous=1	spontaneous|a|2|0
spontaneously			spontaneously|r|2|0
spoof			spoof|n|1|0;spoof|v|1|0
spooky	ADJ=1	spooky=1	spooky|a|1|0
spoon	NOUN=3	spoon=3	spoon|n|3|0;spoon|v|2|0
sporadic	ADJ=3	sporadic=3	sporadic|a|1|0
spores	NOUN=5	spores=4	
sport	NOUN=6,PROPN=4	Sport=6,sport=4	sport|n|7|0;sport|v|2|0
sporting	NOUN=1,VERB=1	sporting=2	sporting|a|4|0
sports	NOUN=19,PROPN=3	sports=16,Sports=3	
sportsman			sportsman|n|1|0
sporty			sporty|a|3|0
spot	NOUN=31,VERB=3,ADJ=2,PROPN=2,ADV=1	spot=34,Spot=3	spot|n|13|0;spot|v|6|0
spotless			spotless|a|1|0
spotlight	NOUN=1,VERB=1	spotlight=2	spotlight|n|2|0;spotlight|v|2|0
spots	NOUN=8	spots=8	spots|n|1|0
spotted	VERB=5	spotted=5	spotted|a|1|0
spotting			spotting|n|2|0
spouse			spouse|n|1|0
spouses	NOUN=1	spouses=1	
spout			spout|n|1|0;spout|v|2|0
sprang	VERB=1	sprang=1	
sprawling			sprawling|a|1|0;sprawling|n|1|0
spray	NOUN=7,VERB=2	spray=9	spray|n|6|0;spray|v|3|0
sprayed	VERB=2	sprayed=2	
spraying	NOUN=1	spraying=1	spraying|n|3|0
sprays	NOUN=2	sprays=2	
spread	VERB=17,NOUN=8	spread=23	spread|a|3|0;spread|n|10|0;spread|v|10|0
spreading	VERB=5	spreading=5	spreading|n|3|0
spreadsheet	NOUN=8	spreadsheet=7	spreadsheet|n|1|0
spree	NOUN=1	spree=1	spree|n|1|0;spree|v|1|0
spring	NOUN=26,PROPN=5	spring=16,Spring=10,SPRING=2	spring|n|6|0;spring|v|5|0
springer	PROPN=1	springer=1	springer|n|3|0
springfield	PROPN=2	Springfield=2	Springfield|n|3|3
springs	PROPN=7,NOUN=4	Springs=7,springs=4	
sprinkle	VERB=1	sprinkle=1	sprinkle|n|2|0;sprinkle|v|4|0
sprint			sprint|n|1|0;sprint|v|1|0
sprinter			sprinter|n|1|0
sprite			sprite|n|1|0
sprout			sprout|n|2|0;sprout|v|2|0
sprouts	NOUN=2	sprouts=2	
spruce	ADJ=1	spruce=1	spruce|a|1|0;spruce|n|2|0;spruce|v|2|0
spur	NOUN=1	spur=1	spur|n|5|0;spur|v|5|0
spurred	VERB=1	spurred=1	
spurs	NOUN=2	spurs=2	
spy	NOUN=3	spy=3	spy|n|2|0;spy|v|4|0
spying	NOUN=1	spying=1	spying|n|3|0
sq	ADJ=1	sq=1	
sql	PROPN=1	SQL=1	
squad			squad|n|3|0
squadron	PROPN=1	Squadron=1	squadron|n|3|0
square	ADJ=44,PROPN=16,NOUN=14,ADV=1	square=58,Square=15	square|a|6|0;square|n|8|0;square|r|3|0;square|v|8|0
squared	VERB=5	squared=5	squared|a|1|0
squarely	ADV=1	squarely=1	squarely|r|5|0
squares	NOUN=6	squares=4,Squares=1	
squash	NOUN=2	squash=2	squash|n|3|0;squash|v|1|0
squat			squat|a|2|0;squat|n|3|0;squat|v|4|0
squats	NOUN=1	squats=1	
squeeze	VERB=3	squeeze=3	squeeze|n|8|0;squeeze|v|9|0
squeezed	VERB=1	squeezed=1	
squeezing			squeezing|n|1|0
squid			squid|n|2|0
squire			squire|n|3|0;squire|v|1|0
squirrel			squirrel|n|2|0
squirrels	PROPN=1	Squirrels=1	
squirt			squirt|n|2|0;squirt|v|2|0
sr	ADJ=2,NOUN=1	Sr=3	Sr|n|1|0;sr|n|1|0
sri	PROPN=19,ADJ=2	Sri=21	
ss	NOUN=5,PROPN=1	SS=5	SS|n|2|0
ssd	NOUN=1	SSD=1	
st	PROPN=21	St=15,ST=2	
stab			stab|n|3|0;stab|v|3|0
stabbed	VERB=3	stabbed=3	
stabbing			stabbing|a|2|0
stability	NOUN=14	stability=14	stability|n|3|0
stabilization	NOUN=3	stabilization=3	stabilization|n|2|0
stabilize	VERB=1	stabilize=1	stabilize|v|3|0
stabilized			stabilized|a|1|0
stabilizing			stabilizing|a|1|0
stable	ADJ=7,NOUN=2	stable=9	stable|a|5|0;stable|n|1|0;stable|v|1|0
stables	NOUN=1	stables=1	
stacey	PROPN=4	Stacey=2	
stack	VERB=1	stack=1	stack|n|5|0;stack|v|3|0
stacked	VERB=1	stacked=1	stacked|a|2|0
stacks	NOUN=2	stacks=2	stacks|n|2|0
stadium	NOUN=5,PROPN=4	stadium=5,Stadium=4	stadium|n|1|0
stadiums	NOUN=1	stadiums=1	
staff	NOUN=133,PROPN=2	staff=124,Staff=5	staff|n|6|0;staff|v|2|0
staffed	VERB=3	staffed=3	
staffer			staffer|n|1|0
staffs	NOUN=2	staffs=2	
stag			stag|n|2|0;stag|v|3|0
stage	NOUN=23,VERB=1	stage=23,Stage=1	stage|n|8|0;stage|v|2|0
staged	VERB=1	staged=1	staged|a|2|0
stages	NOUN=5	stages=5	
staggered	VERB=1	staggered=1	
staggering	ADJ=1,VERB=1	staggering=2	staggering|a|1|0
staging			staging|n|4|0
stagnant			stagnant|a|2|0
stagnation			stagnation|n|2|0
stain	NOUN=2	stain=2	stain|n|5|0;stain|v|4|0
stained	VERB=4	stained=4	stained|a|2|0
staining			staining|n|2|0
stainless	ADJ=2,PROPN=1	Stainless=1	stainless|a|1|0;stainless|n|1|0
stair	NOUN=1	stair=1	stair|n|1|0
staircase	NOUN=3	staircase=3	staircase|n|1|0
stairs	NOUN=6	stairs=6	stairs|n|1|0
stairway			stairway|n|1|0
stake	NOUN=1	stake=1	stake|n|5|0;stake|v|5|0
stakes	NOUN=5	stakes=5	stakes|n|1|0
stale	ADJ=2	stale=2	stale|a|2|0;stale|v|1|0
stalin			Stalin|n|1|1
stalk	NOUN=1	stalk=1	stalk|n|5|0;stalk|v|3|0
stalked	ADJ=1	stalked=1	stalked|a|1|0
stalker			stalker|n|3|0
stalking			stalking|n|2|0
stall	VERB=3,NOUN=1	stall=4	stall|n|7|0;stall|v|7|0
stalling			stalling|n|1|0
stallion			stallion|n|1|0
stalls	NOUN=4,VERB=1	stalls=5	stalls|n|1|0
stamina	NOUN=1	stamina=1	stamina|n|1|0
stamp	NOUN=3,VERB=1	stamp=4	stamp|n|9|0;stamp|v|9|0
stamped	VERB=1	stamped=1	
stampede	NOUN=5	stampede=5	stampede|n|2|0;stampede|v|4|0
stamping	VERB=1	stamping=1	
stamps	NOUN=1	stamps=1	
stan	PROPN=13	Stan=8	
stance	NOUN=1	stance=1	stance|n|2|0
stand	VERB=30,NOUN=8,X=1	stand=38	stand|n|12|0;stand|v|12|0
standard	ADJ=19,NOUN=14,PROPN=5	standard=33,Standard=5	standard|a|5|0;standard|n|6|0
standardization			standardization|n|3|0
standardized	VERB=2	standardized=2	standardized|a|2|0
standards	NOUN=30,PROPN=2	standards=30,Standards=2	
standby			standby|a|1|0;standby|n|2|0
standing	VERB=17,NOUN=7,X=1	standing=24,STANDING=1	standing|a|6|0;standing|n|3|0
standings	NOUN=1	standings=1	
standoff			standoff|n|2|0
standpoint	NOUN=3	standpoint=3	standpoint|n|1|0
stands	VERB=18,NOUN=2	stands=20	
stanford	PROPN=8	Stanford=8	Stanford|n|2|2
stanley	PROPN=2	Stanley=1	Stanley|n|2|2
stanton			Stanton|n|1|1
staple	NOUN=4	staple=4	staple|a|1|0;staple|n|5|0;staple|v|1|0
staples	NOUN=2	staples=2	
star	NOUN=25,PROPN=16	star=24,Star=15,STAR=2	star|a|1|0;star|n|8|0;star|v|3|0
starboard			starboard|a|1|0;starboard|n|1|0;starboard|v|1|0
starbucks	PROPN=10	Starbucks=8,starbucks=1	
starch	NOUN=2	starch=2	starch|n|2|0;starch|v|1|0
stardom	NOUN=1	stardom=1	stardom|n|1|0
stardust	PROPN=15	Stardust=12	stardust|n|1|0
stare	NOUN=1,VERB=1	stare=2	stare|n|1|0;stare|v|2|0
stared	VERB=1	stared=1	
stares	VERB=1	stares=1	
staring	VERB=5	staring=5	staring|a|2|0
stark	PROPN=3,ADJ=1	Stark=3,stark=1	stark|a|5|0;stark|r|1|0
starlight			starlight|n|1|0
starr	PROPN=1	Starr=1	Starr|n|1|1
starred	VERB=3	starred=3	starred|a|1|0
starring	VERB=2	starring=2	starring|a|1|0
starry	PROPN=2	Starry=2	starry|a|1|0
stars	NOUN=27,VERB=1	stars=25,Stars=2	
starship	PROPN=1	starship=1	starship|n|1|0
start	VERB=123,NOUN=31,PROPN=1	start=137,START=3,Start=1	start|n|8|0;start|v|14|0
started	VERB=113	started=111	
starter	NOUN=1	starter=1	starter|n|7|0
starters	NOUN=2	starters=2	
starting	VERB=39,NOUN=10	starting=46,Starting=2	starting|a|2|0;starting|n|1|0
startled	VERB=1	startled=1	startled|a|1|0
startling	ADJ=1	startling=1	startling|a|1|0
starts	VERB=16,NOUN=1	starts=16,Starts=1	
startup	NOUN=1	startup=1	startup|n|2|0
starvation	NOUN=2	starvation=2	starvation|n|2|0
starve	VERB=2	starve=2	starve|v|5|0
starved	VERB=1	starved=1	starved|a|2|0
starving	VERB=5	starving=5	starving|a|1|0;starving|n|1|0
stash	VERB=1	stash=1	stash|n|1|0;stash|v|1|0
state	NOUN=124,PROPN=69,VERB=8	state=119,State=79	State|n|1|0;state|n|7|0;state|v|3|0
stated	VERB=34	stated=33	stated|a|1|0
stately	ADJ=1	stately=1	stately|a|3|0
statement	NOUN=49	statement=49	statement|n|7|0
statements	NOUN=20	statements=19,STATEMENTS=1	
staten	PROPN=1		
states	PROPN=183,NOUN=32,VERB=7	States=178,states=44	
statesman			statesman|n|1|0
statewide	ADJ=1	statewide=1	statewide|a|1|0
static	NOUN=1	static=1	static|a|3|0;static|n|2|0
stating	VERB=6	stating=6	
station	NOUN=36,PROPN=11	station=35,Station=12	station|n|5|0;station|v|1|0
stationary			stationary|a|2|0
stationed	VERB=2	stationed=2	
stationery	NOUN=3	stationery=2,Stationery=1	stationery|n|1|0
stations	NOUN=5	stations=5	Stations|n|1|0
statistic	NOUN=5	statistic=5	statistic|n|1|0
statistical	ADJ=3,PROPN=1	statistical=3,Statistical=1	statistical|a|1|0
statistically	ADV=1	statistically=1	statistically|r|1|0
statistics	NOUN=9	statistics=9	statistics|n|1|0
statue	NOUN=13,PROPN=1	statue=12,Statue=2	statue|n|1|0
statues	NOUN=5	statues=5	
stature	NOUN=1	stature=1	stature|n|2|0
status	NOUN=24	status=24	status|n|2|0
statute	NOUN=9	statute=9	statute|a|1|0;statute|n|1|0
statutes	NOUN=2	statutes=2	
statutory	ADJ=7	statutory=7	statutory|a|2|0
staunch	ADJ=2	staunch=2	staunch|a|1|0;staunch|v|1|0
stay	VERB=92,NOUN=20	stay=93,Stay=7	stay|n|5|0;stay|v|9|0
stayed	VERB=34	stayed=32	
staying	VERB=18	staying=18	
stays	NOUN=3,VERB=3	stays=6	stays|n|1|0
std			STD|n|2|0
ste	NOUN=1	Ste=1	
stead			stead|n|1|0
steadfast	ADJ=1	steadfast=1	steadfast|a|2|0
steadily	ADV=6	steadily=6	steadily|r|2|0
steady	ADJ=4,VERB=1	steady=4	steady|a|6|0;steady|n|1|0;steady|r|1|0;steady|v|2|0
steak	NOUN=10,PROPN=2	steak=6,STEAK=3,Steak=3	steak|n|1|0
steaks	NOUN=2	steaks=2	
steal	VERB=5	steal=5	steal|n|2|0;steal|v|3|0
stealing	VERB=5	stealing=4,STEALING=1	stealing|n|2|0
steals	VERB=1	steals=1	
stealth			stealth|n|1|0
steam	NOUN=7	steam=7	steam|n|1|0;steam|v|6|0
steamed	VERB=2	steamed=2	steamed|a|2|0
steamer			steamer|n|4|0;steamer|v|1|0
steaming			steaming|a|1|0;steaming|r|1|0
steamy			steamy|a|3|0
steel	NOUN=8,PROPN=1	steel=7,Steel=2	steel|n|3|0;steel|v|2|0
steele	PROPN=1	Steele=1	Steele|n|1|1
steep	ADJ=2,VERB=1	steep=3	steep|a|3|0;steep|n|1|0;steep|v|2|0
steer	NOUN=1,VERB=1	steer=2	steer|n|2|0;steer|v|3|0
steered	VERB=1	steered=1	
steering	NOUN=1	steering=1	steering|n|3|0
stein	PROPN=1	Stein=1	Stein|n|1|1;stein|n|1|0
steiner	PROPN=3	Steiner=2,steiner=1	Steiner|n|1|1
stella			Stella|n|1|1
stellar	ADJ=1	stellar=1	stellar|a|2|0
stem	NOUN=3,VERB=3	stem=6	stem|n|6|0;stem|v|4|0
stemmed	VERB=2	stemmed=2	stemmed|a|3|0
stems	NOUN=3,VERB=1	stems=4	
stench	NOUN=1	stench=1	stench|n|1|0
step	NOUN=53,VERB=15	step=59,Step=2	step|n|11|0;step|v|10|0
stepfather			stepfather|n|1|0
stephanie	PROPN=11	Stephanie=5	
stephen	PROPN=7	Stephen=6	Stephen|n|1|1
stephens	PROPN=1	Stephens=1	
stephenson			Stephenson|n|1|1
stepmother			stepmother|n|1|0
stepped	VERB=8	stepped=8	
stepping	VERB=5	stepping=5	
steps	NOUN=42,VERB=2	steps=37	steps|n|2|0
stereo	NOUN=2,ADJ=1	stereo=3	stereo|a|1|0;stereo|n|2|0
stereotype	NOUN=1	stereotype=1	stereotype|n|1|0;stereotype|v|1|0
stereotypical			stereotypical|a|1|0
sterile	ADJ=1	sterile=1	sterile|a|3|0
sterilization			sterilization|n|2|0
sterling			sterling|a|1|0;sterling|n|1|0
stern			Stern|n|1|1;stern|a|4|0;stern|n|2|0
steroid			steroid|n|2|0
steve	PROPN=24	Steve=15	
steven	PROPN=22	Steven=16	
stevens	PROPN=4	Stevens=3,STEVENS=1	Stevens|n|3|3
stevenson	PROPN=1	Stevenson=1	Stevenson|n|2|2
stew			stew|n|2|0;stew|v|3|0
steward	NOUN=1	steward=1	steward|n|5|0
stewardship	NOUN=1	stewardship=1	stewardship|n|1|0
stewart	PROPN=3	Stewart=3	Stewart|n|2|2
stick	VERB=10,NOUN=8	stick=16,Stick=1	stick|n|9|0;stick|v|16|0
sticker	NOUN=2	sticker=2	sticker|n|4|0
sticking	VERB=3	sticking=3	sticking|a|1|0
sticks	NOUN=5,VERB=3	sticks=8	
sticky			sticky|a|5|0
stiff			stiff|a|7|0;stiff|n|2|0;stiff|r|2|0
stiffness			stiffness|n|5|0
stigma	NOUN=1	stigma=1	stigma|n|4|0
still	ADV=302,ADJ=3	still=295,STILL=2,Still=1	still|a|6|0;still|n|4|0;still|r|4|0;still|v|4|0
stimulate	VERB=1	stimulate=1	stimulate|v|7|0
stimulated			stimulated|a|1|0
stimulating	VERB=4	stimulating=4	stimulating|a|3|0
stimulation			stimulation|n|4|0
stimuli	NOUN=3	stimuli=3	
stimulus			stimulus|n|1|0
sting			sting|n|5|0;sting|v|5|0
stink	NOUN=1,VERB=1	stink=2	stink|n|1|0;stink|v|2|0
stinky			stinky|a|2|0
stint	NOUN=1	stint=1	stint|n|3|0;stint|v|2|0
stipulated	VERB=1	stipulated=1	
stir	VERB=6,NOUN=1	stir=2	stir|n|3|0;stir|v|8|0
stirling	PROPN=1	Stirling=1	
stirred	VERB=1	stirred=1	stirred|a|3|0
stirring	VERB=3	stirring=3	stirring|a|2|0;stirring|n|2|0
stitch			stitch|n|2|0;stitch|v|1|0
stitched			stitched|a|1|0
stitching			stitching|n|1|0
stochastic	ADJ=1	Stochastic=1	stochastic|a|1|0
stock	NOUN=34,PROPN=2,VERB=1	stock=32,Stock=5	stock|a|3|0;stock|n|17|0;stock|v|7|0
stocked	VERB=1	stocked=1	stocked|a|1|0
stockholders	NOUN=1	stockholders=1	
stockholm			Stockholm|n|1|1
stocking	NOUN=2,VERB=1	stocking=3	stocking|n|2|0
stockings	NOUN=1	stockings=1	
stockpile			stockpile|n|2|0;stockpile|v|1|0
stocks	NOUN=3	stocks=3	stocks|n|3|0
stockton			Stockton|n|1|1
stoic			Stoic|a|1|0;Stoic|n|1|0;stoic|a|1|0;stoic|n|1|0
stoke	PROPN=1	Stoke=1	stoke|v|1|0
stokes	PROPN=1	Stokes=1	
stole	VERB=3	stole=3	stole|n|1|0
stolen	VERB=11,ADJ=1	stolen=12	
stomach	NOUN=4	stomach=4	stomach|n|4|0;stomach|v|2|0
stomachs	NOUN=2	stomachs=2	
stomp			stomp|n|1|0;stomp|v|1|0
stone	NOUN=8,PROPN=3	stone=8,Stone=3	Stone|n|5|5;stone|a|1|0;stone|n|7|0;stone|v|2|0
stoned			stoned|a|1|0
stoner	NOUN=1	STONER=1	stoner|n|1|0
stones	PROPN=7,NOUN=3	Stones=7,stones=3	
stony	ADJ=3	Stony=2,stony=1	stony|a|3|0
stood	VERB=22	stood=22	
stool			stool|n|4|0;stool|v|4|0
stoop			stoop|n|3|0;stoop|v|5|0
stop	VERB=78,NOUN=8	stop=76,Stop=2,STOP=1	stop|n|11|0;stop|v|10|0
stoppage			stoppage|n|3|0
stopped	VERB=28	stopped=28	stopped|a|1|0
stopper			stopper|n|4|0;stopper|v|1|0
stopping	VERB=5	stopping=4,Stopping=1	stopping|n|2|0
stops	VERB=10,NOUN=4,PROPN=1	stops=14,Stops=1	stops|n|1|0
storage	NOUN=17,PROPN=1	storage=16,Storage=2	storage|n|6|0
store	NOUN=79,VERB=5	store=76,Store=5,STORE=1	store|n|4|0;store|v|2|0
stored	VERB=7	stored=7	
stores	NOUN=20	stores=19,Stores=1	
storey			storey|n|1|0
stories	NOUN=46	stories=45	
storing	VERB=5	storing=5	
storm	NOUN=21,PROPN=2,VERB=1	storm=22,STORM=1,Storm=1	storm|n|3|0;storm|v|5|0
storming	VERB=1	storming=1	
storms	NOUN=5	storms=5	
stormy	ADJ=2	stormy=2	stormy|a|2|0
story	NOUN=66,PROPN=2	story=65,Story=2,STORY=1	story|n|6|0
storyline			storyline|n|1|0
stout	PROPN=3	Stout=3	stout|a|3|0;stout|n|2|0
stove	NOUN=3	stove=2,Stove=1	stove|n|2|0
straight	ADJ=18,ADV=11	straight=29	straight|a|15|0;straight|n|3|0;straight|r|3|0
straighten			straighten|v|6|0
straightened	VERB=2	straightened=2	
straightforward	ADJ=4	straightforward=4	straightforward|a|4|0
strain	NOUN=13,VERB=4	strain=16	strain|n|11|0;strain|v|9|0
strained	VERB=1	strained=1	strained|a|4|0
straining			straining|a|1|0;straining|n|2|0
strains	NOUN=1		
strait	PROPN=4,NOUN=1	Strait=4,strait=1	strait|a|1|0;strait|n|2|0
straits	PROPN=3	Straits=3	straits|n|2|0
strand			Strand|n|1|1;strand|n|5|0;strand|v|3|0
stranded	VERB=1	stranded=1	stranded|a|1|0
strange	ADJ=15	strange=14,Strange=1	strange|a|3|0
strangely	ADV=3	strangely=2	strangely|r|1|0
stranger	NOUN=6,ADJ=2	stranger=7	stranger|n|2|0
strangers	NOUN=2	strangers=2	
strangled	VERB=1	strangled=1	strangled|a|1|0
strap	NOUN=3	strap=3	strap|n|4|0;strap|v|4|0
straps	NOUN=13	straps=13	
strasbourg	PROPN=1	Strasbourg=1	Strasbourg|n|1|1
strategic	ADJ=4	strategic=3,Strategic=1	strategic|a|2|0
strategically	ADV=1	strategically=1	strategically|r|1|0
strategies	NOUN=13	strategies=13	
strategist			strategist|n|1|0
strategy	NOUN=15,PROPN=1	strategy=15,Strategy=1	strategy|n|2|0
strauss			Strauss|n|3|3
straw	NOUN=3	straw=3	straw|a|1|0;straw|n|4|0;straw|v|2|0
strawberries	NOUN=3	strawberries=3	
strawberry	NOUN=3	strawberry=3	strawberry|n|3|0
straws	NOUN=1	straws=1	
stray	ADJ=2	stray=2	stray|a|2|0;stray|n|1|0;stray|v|3|0
streak	NOUN=2	streak=2	streak|n|4|0;streak|v|3|0
streaks	NOUN=1	streaks=1	
stream	NOUN=14,VERB=1	stream=15	stream|n|5|0;stream|v|5|0
streamed	VERB=1	streamed=1	
streaming	VERB=2,NOUN=1	streaming=3	streaming|a|2|0;streaming|n|1|0
streamline	VERB=1	streamline=1	streamline|v|1|0
streamlined	VERB=1	streamlined=1	streamlined|a|2|0
streams	NOUN=4	streams=4	
street	NOUN=54,PROPN=45	street=53,Street=39,STREET=4	street|n|5|0
streets	NOUN=29,PROPN=1	streets=29,Streets=1	
strength	NOUN=28	strength=28	strength|n|9|0
strengthen	VERB=15	strengthen=14	strengthen|v|3|0
strengthened	VERB=3	strengthened=3	strengthened|a|1|0
strengthening	VERB=4,NOUN=1	strengthening=5	strengthening|n|2|0
strengths	NOUN=2	strengths=2	
strenuous	ADJ=2	strenuous=2	strenuous|a|2|0
stress	NOUN=9,VERB=1	stress=9,Stress=1	stress|n|5|0;stress|v|4|0
stressed	VERB=6	stressed=6	stressed|a|2|0
stressful	ADJ=5	stressful=5	stressful|a|1|0
stressing	VERB=1	stressing=1	
stretch	VERB=8,NOUN=4	stretch=11	stretch|a|2|0;stretch|n|7|0;stretch|v|11|0
stretched	VERB=5	stretched=5	stretched|a|2|0
stretcher			stretcher|n|4|0
stretching	VERB=5	stretching=3	stretching|n|2|0
stricken	ADJ=1	stricken=1	stricken|a|3|0
strict	ADJ=10	strict=10	strict|a|5|0
strictly	ADV=6	strictly=6	strictly|r|3|0
stride	NOUN=1	stride=1	stride|n|3|0;stride|v|1|0
strife	NOUN=3	strife=3	strife|n|2|0
strike	NOUN=10,VERB=6,PROPN=1	strike=15,Strike=2	strike|n|6|0;strike|v|23|0
striker			striker|n|5|0
strikes	NOUN=7	strikes=7	
striking	ADJ=2,NOUN=2,VERB=2	striking=6	striking|a|2|0;striking|n|2|0
strikingly	ADV=1	strikingly=1	strikingly|r|1|0
string	NOUN=2,PROPN=1	string=2,String=1	string|n|10|0;string|v|7|0
stringent			stringent|a|1|0
strings	NOUN=3	strings=3	strings|n|2|0
strip	NOUN=3,PROPN=3,VERB=2	strip=5,Strip=2	strip|n|6|0;strip|v|13|0
stripe	NOUN=1	stripe=1	stripe|n|5|0;stripe|v|1|0
striped			striped|a|1|0
stripes	NOUN=2	stripes=2	stripes|n|1|0
stripped			stripped|a|3|0
stripper			stripper|n|4|0
strippers	NOUN=2	strippers=2	
stripping			stripping|n|1|0
strips	VERB=1	strips=1	
strive	VERB=7	strive=7	strive|v|2|0
striving	NOUN=2	striving=2	striving|n|1|0
stroke	NOUN=2	stroke=2	stroke|n|12|0;stroke|v|4|0
strokes	NOUN=1	strokes=1	
stroking			stroking|n|1|0
stroll	VERB=2,NOUN=1	stroll=3	stroll|n|1|0;stroll|v|1|0
strolling	VERB=1	strolling=1	
strong	ADJ=83,ADV=1	strong=82,Strong=2	strong|a|10|0
stronger	ADJ=14,ADV=2	stronger=15,Stronger=1	
strongest	ADJ=7	strongest=7	
stronghold	NOUN=1	stronghold=1	stronghold|n|1|0
strongly	ADV=20	strongly=20	strongly|r|2|0
struck	VERB=7	struck=7	struck|a|1|0
structural	ADJ=2	Structural=1,structural=1	structural|a|6|0
structurally	ADV=1	structurally=1	structurally|r|1|0
structure	NOUN=31,PROPN=1,VERB=1,X=1	structure=31,Structure=3	structure|n|5|0;structure|v|1|0
structured	VERB=4	structured=4	structured|a|2|0
structures	NOUN=16	structures=16	
struggle	NOUN=11,VERB=2	struggle=13	struggle|n|3|0;struggle|v|4|0
struggled	VERB=4	struggled=4	
struggles	NOUN=2	struggles=2	
struggling	VERB=7	struggling=7	struggling|a|1|0
strung			strung|a|1|0
strut	VERB=1	strut=1	strut|n|2|0;strut|v|1|0
sts	PROPN=5	STS=5	
stu	PROPN=1	Stu=1	
stuart	PROPN=6	Stuart=6	Stuart|n|3|1
stubborn	ADJ=1	stubborn=1	stubborn|a|2|0
stuck	VERB=10,ADJ=8	stuck=18	stuck|a|2|0
stud			stud|n|5|0;stud|v|2|0
studded			studded|a|1|0
student	NOUN=48,PROPN=7	student=46,Student=7	student|n|2|0
students	NOUN=60	students=57	
studied	VERB=16	studied=16	studied|a|1|0
studies	NOUN=59,PROPN=6,VERB=5	studies=64,Studies=6	
studio	NOUN=13,PROPN=2	studio=12,Studio=3	studio|n|3|0
studios	NOUN=2	studios=2	
study	NOUN=81,VERB=28,PROPN=4	study=107,Study=5,STUDY=1	study|n|10|0;study|v|6|0
studying	VERB=29,NOUN=1	studying=26,STUDYING=1	studying|n|1|0
stuff	NOUN=89	stuff=87,STUFF=1,Stuff=1	stuff|n|7|0;stuff|v|7|0
stuffed	VERB=3	stuffed=3	stuffed|a|2|0
stuffing	VERB=1	stuffing=1	stuffing|n|2|0
stuffs	NOUN=1	stuffs=1	
stumble	VERB=1	stumble=1	stumble|n|2|0;stumble|v|4|0
stumbled	VERB=1	stumbled=1	
stump			stump|n|4|0;stump|v|4|0
stumps	NOUN=2	stumps=2	
stun			stun|v|3|0
stung			stung|a|1|0
stunned			stunned|a|3|0
stunning	ADJ=4,VERB=1	stunning=5	stunning|a|4|0
stunt	NOUN=1	stunt=1	stunt|n|2|0;stunt|v|3|0
stupid	ADJ=18	stupid=18	stupid|a|3|0;stupid|n|1|0
stupidity	NOUN=2	stupidity=2	stupidity|n|2|0
sturdy	ADJ=2,NOUN=1	sturdy=3	sturdy|a|3|0
sturgeon			sturgeon|n|1|0
stuttering	VERB=1	stuttering=1	
stuttgart			Stuttgart|n|1|1
style	NOUN=38,VERB=2	style=39,Style=1	style|n|9|0;style|v|3|0
styled	VERB=2	styled=2	
styles	NOUN=4,PROPN=1	styles=4,Styles=1	
styling	NOUN=4	styling=4	styling|n|1|0
stylish	ADJ=1		stylish|a|2|0
stylist	NOUN=2	stylist=2	stylist|n|2|0
stylistic	ADJ=2	stylistic=2	stylistic|a|1|0
su	PROPN=1	Su=1	
suarez	PROPN=1	Suarez=1	
sub	ADV=1,NOUN=1	Sub=1,sub=1	sub|n|2|0;sub|v|1|0
subcommittee	PROPN=2,NOUN=1	Subcommittee=2,subcommittee=1	subcommittee|n|1|0
subconscious			subconscious|a|1|0;subconscious|n|1|0
subdivision			subdivision|n|5|0
subdued	ADJ=1	subdued=1	subdued|a|5|0
subject	NOUN=43,ADJ=18	subject=51	subject|a|3|0;subject|n|8|0;subject|v|3|0
subjected	VERB=3	subjected=3	
subjective	ADJ=4	subjective=4	subjective|a|2|0
subjects	NOUN=19	subjects=19	
sublime	ADJ=1	sublime=1	sublime|a|5|0;sublime|v|2|0
submarine	NOUN=3	submarine=3	submarine|a|1|0;submarine|n|2|0;submarine|v|5|0
submarines	NOUN=3	submarines=3	
submerged	VERB=2	submerged=2	submerged|a|2|0
submission	NOUN=4	submission=4	submission|n|7|0
submissive			submissive|a|2|0
submit	VERB=9	submit=9	submit|v|10|0
submitted	VERB=14	submitted=14	
submitting	VERB=2	submitting=2	
subordinate			subordinate|a|3|0;subordinate|n|2|0;subordinate|v|2|0
subordinates	NOUN=1	subordinates=1	
subpoena			subpoena|n|1|0;subpoena|v|1|0
subscribe	VERB=5	subscribe=4	subscribe|v|5|0
subscribed	VERB=2	subscribed=2	subscribed|a|1|0
subscriber			subscriber|n|3|0
subscribers	NOUN=2	subscribers=2	
subscription	NOUN=2	Subscription=2	subscription|n|4|0
subsection	NOUN=2	subsection=2	subsection|n|1|0
subsequent	ADJ=10	subsequent=10	subsequent|a|1|0
subsequently	ADV=7	subsequently=6	subsequently|r|1|0
subset			subset|n|1|0
subsidiary	NOUN=2	subsidiary=2	subsidiary|a|1|0;subsidiary|n|2|0
subsidies	NOUN=1	subsidies=1	
subsidized	VERB=1	subsidized=1	subsidized|a|1|0
subsidy			subsidy|n|1|0
subsistence	NOUN=1	subsistence=1	subsistence|n|3|0
substance	NOUN=12	substance=12	substance|n|8|0
substances	NOUN=10	substances=10	
substantial	ADJ=19	substantial=19	substantial|a|6|0
substantially	ADV=8	substantially=8	substantially|r|2|0
substantive	ADJ=6	substantive=5	substantive|a|3|0;substantive|n|1|0
substitute	NOUN=2	substitute=2	substitute|a|3|0;substitute|n|3|0;substitute|v|3|0
substituted	VERB=4	substituted=4	
substitutes	NOUN=1	substitutes=1	
substitution	NOUN=1	substitution=1	substitution|n|2|0
substrate	NOUN=1	substrate=1	substrate|n|4|0
subterranean			subterranean|a|2|0
subtitle	NOUN=1	subtitle=1	subtitle|n|2|0;subtitle|v|1|0
subtle	ADJ=6	subtle=6	subtle|a|3|0
subtlety	NOUN=1	subtlety=1	subtlety|n|2|0
subtly			subtly|r|1|0
subtract	VERB=1	subtract=1	subtract|v|2|0
suburb	NOUN=3	suburb=3	suburb|n|1|0
suburban	ADJ=4	suburban=4	suburban|a|1|0
suburbs	NOUN=7	suburbs=7	
subversive			subversive|a|1|0;subversive|n|1|0
subway	NOUN=4,PROPN=1	subway=4,Subway=1	subway|n|2|0
succeed	VERB=12	succeed=12	succeed|v|2|0
succeeded	VERB=5	succeeded=5	
succeeding	VERB=2	succeeding=2	succeeding|a|2|0
success	NOUN=31	success=29,Success=1	success|n|4|0
successes	NOUN=2	successes=2	
successful	ADJ=41	successful=40	successful|a|1|0
successfully	ADV=23,ADJ=1	successfully=24	successfully|r|1|0
succession	NOUN=3	succession=3	succession|n|5|0
successive	ADJ=3	successive=3	successive|a|1|0
successor	NOUN=4	successor=4	successor|n|3|0
successors	NOUN=1	successors=1	
succumbed	VERB=2	succumbed=2	
such	ADJ=233,DET=71	such=280,SUCH=2	such|a|1|0;such|r|1|0
suck	VERB=8	suck=7,Suck=1	suck|n|1|0;suck|v|7|0
sucked	VERB=3	sucked=3	
sucker			sucker|n|7|0
sucking	VERB=2	sucking=2	sucking|n|1|0
sucks	VERB=5	sucks=3,SUCKS=2	
suction			suction|n|2|0;suction|v|2|0
sudan	PROPN=12	Sudan=11	Sudan|n|2|2
sudanese			Sudanese|a|1|0;Sudanese|n|1|0
sudden	ADJ=5,ADV=3	sudden=8	sudden|a|1|0
suddenly	ADV=15	suddenly=14	suddenly|r|1|0
sue	PROPN=11,NOUN=1,VERB=1	Sue=9,sue=2	Sue|n|1|1;sue|v|1|0
sued	VERB=1	sued=1	
suede			suede|n|2|0
suez	PROPN=1	Suez=1	Suez|n|1|1
suffer	VERB=20	suffer=20	suffer|v|8|0
suffered	VERB=11	suffered=11	
suffering	VERB=9,NOUN=6	suffering=15	suffering|a|2|0;suffering|n|4|0
suffers	VERB=1	suffers=1	
suffice			suffice|v|1|0
sufficient	ADJ=14	sufficient=13,Sufficient=1	sufficient|a|1|0
sufficiently	ADV=5	sufficiently=5	sufficiently|r|1|0
suffolk	PROPN=2	Suffolk=2	
suffrage	NOUN=1	suffrage=1	suffrage|n|1|0
sugar	NOUN=13	sugar=13	sugar|n|3|0;sugar|v|1|0
sugary	ADJ=3	sugary=3	sugary|a|1|0
suggest	VERB=44	suggest=44	suggest|v|4|0
suggested	VERB=20	suggested=20	
suggesting	VERB=14	suggesting=14	
suggestion	NOUN=11	suggestion=10	suggestion|n|6|0
suggestions	NOUN=26	suggestions=26	
suggestive	ADJ=1	suggestive=1	suggestive|a|3|0
suggests	VERB=16	suggests=16	
suicidal			suicidal|a|1|0
suicide	NOUN=30	suicide=28	suicide|n|2|0
suing	VERB=1	suing=1	
suit	NOUN=7,VERB=5	suit=12	suit|n|6|0;suit|v|4|0
suitability			suitability|n|1|0
suitable	ADJ=8	suitable=6,SUITABLE=1,Suitable=1	suitable|a|2|0
suitably	ADV=1	suitably=1	suitably|r|1|0
suitcase	NOUN=1	suitcase=1	suitcase|n|1|0
suite	NOUN=10,PROPN=1	suite=6,Suite=5	suite|n|4|0
suited	ADJ=5	suited=5	suited|a|2|0
suites	NOUN=1	suites=1	
suits	VERB=2	suits=2	
sulfate	NOUN=1	sulfate=1	sulfate|n|1|0;sulfate|v|1|0
sulfur	NOUN=1	sulfur=1	sulfur|n|1|0;sulfur|v|1|0
sullivan	PROPN=5	Sullivan=5	Sullivan|n|5|5
sully			Sully|n|2|2;sully|v|3|0
sulphur			sulphur|n|1|0;sulphur|v|1|0
sultan			sultan|n|1|0
sum	NOUN=7,VERB=1	sum=8	sum|n|6|0;sum|v|2|0
summaries	NOUN=3	summaries=3	
summarize	VERB=1	summarize=1	summarize|v|2|0
summarized	VERB=2	summarized=2	
summary	NOUN=14	summary=13	summary|a|2|0;summary|n|1|0
summed	VERB=1	summed=1	
summer	NOUN=68,PROPN=4	summer=63,Summer=8	summer|n|2|0;summer|v|1|0
summers	NOUN=2	summers=1	
summertime	NOUN=1	summertime=1	summertime|n|1|0
summit	NOUN=3,PROPN=3	Summit=3,summit=3	summit|n|3|0;summit|v|1|0
summon			summon|v|5|0
summoned	VERB=1	summoned=1	
summons	NOUN=1	summons=1	summons|n|3|0;summons|v|1|0
sumner	PROPN=1	Sumner=1	Sumner|n|1|1
sums	NOUN=1	sums=1	
sun	NOUN=29,PROPN=20	sun=28,Sun=19,SUN=1	Sun|n|2|1;sun|n|4|1;sun|v|2|0
sunday	PROPN=49	Sunday=38,sunday=5	Sunday|n|2|1
sundays	PROPN=4	Sundays=4	
sunderland			Sunderland|n|1|1
sunflower	NOUN=1	sunflower=1	sunflower|n|1|0
sung	VERB=1	sung=1	Sung|n|1|0
sunglasses	NOUN=1	sunglasses=1	sunglasses|n|1|0
sunk	VERB=5	sunk=5	sunk|a|1|0
sunken	VERB=2	sunken=2	sunken|a|1|0
sunlight	NOUN=7	sunlight=6	sunlight|n|1|0
sunni	ADJ=28	Sunni=26	Sunni|n|2|0
sunny	ADJ=8	sunny=8	sunny|a|1|0;sunny|s|1|0
sunrise	NOUN=1	sunrise=1	sunrise|a|1|0;sunrise|n|3|0
suns	PROPN=1	Suns=1	
sunscreen	NOUN=1	sunscreen=1	sunscreen|n|1|0
sunset	NOUN=1	sunset=1	sunset|a|2|0;sunset|n|3|0
sunshine	NOUN=4,PROPN=1	sunshine=4	sunshine|n|3|0
sup			sup|n|1|0;sup|v|1|0
super	ADV=33,ADJ=2,NOUN=2,PROPN=1	super=32,SUPER=2,Super=2	super|a|3|0;super|n|1|0;super|r|1|0
superb	ADJ=9	superb=8	superb|a|2|0
superficial	ADJ=4	superficial=4	superficial|a|5|0
superhero	NOUN=3	superhero=3	superhero|n|1|0
superheroes	NOUN=1		
superhuman			superhuman|a|1|0
superintendent			superintendent|n|2|0
superior	ADJ=9,PROPN=1	superior=7,Superior=2	Superior|n|2|2;superior|a|7|0;superior|n|4|0
superiority	NOUN=3	superiority=3	superiority|n|4|0
superiors	NOUN=3	superiors=2,Superiors=1	
superman			superman|n|2|0
supermarket	NOUN=1	Supermarket=1	supermarket|n|1|0
supermarkets	NOUN=4	supermarkets=4	
supermodel			supermodel|n|1|0
supernatural	PROPN=5	Supernatural=5	supernatural|a|1|0;supernatural|n|1|0
supernova	NOUN=1		supernova|n|1|0
superpower	NOUN=1	superpower=1	superpower|n|1|0
supersonic	ADJ=1	supersonic=1	supersonic|a|2|0
superstar			superstar|n|1|0
superstars	NOUN=1		
superstition			superstition|n|1|0
superstitious			superstitious|a|1|0
supervise			supervise|v|2|0
supervised	VERB=1	supervised=1	supervised|a|1|0
supervising			supervising|n|1|0
supervision	NOUN=1	supervision=1	supervision|n|1|0
supervisor	NOUN=2	supervisor=2	supervisor|n|2|0
supervisory			supervisory|a|1|0
supper	PROPN=1	Supper=1	supper|n|2|0
supplement	NOUN=4,VERB=1	supplement=5	supplement|n|3|0;supplement|v|3|0
supplemental			supplemental|a|2|0
supplementary			supplementary|a|2|0
supplements	NOUN=2,VERB=1	supplements=3	
supplied	VERB=3	supplied=3	
supplier	NOUN=4	supplier=4	supplier|n|1|0
suppliers	NOUN=1	suppliers=1	
supplies	NOUN=22,VERB=2	supplies=24	
supply	NOUN=10,VERB=2	supply=12	supply|n|3|0;supply|v|4|0
supplying			supplying|n|1|0
support	NOUN=70,VERB=31	support=94,Support=6	support|n|11|0;support|v|11|0
supported	VERB=14	supported=14	supported|a|2|0
supporter	NOUN=5	supporter=5	supporter|n|5|0
supporters	NOUN=13	supporters=12,Supporters=1	
supporting	VERB=18	supporting=17,Supporting=1	supporting|a|2|0;supporting|n|1|0
supportive	ADJ=3	supportive=3	supportive|a|1|0
supports	VERB=12	supports=12	
suppose	VERB=20,ADJ=1	suppose=18	suppose|v|5|0
supposed	VERB=53	supposed=53	supposed|a|4|0
supposedly	ADV=5	supposedly=3,SUPPOSEDLY=1	supposedly|r|1|0
suppress			suppress|v|5|0
suppressed	VERB=3	suppressed=3	suppressed|a|3|0
suppressing	VERB=1	suppressing=1	
suppression	NOUN=1	suppression=1	suppression|n|4|0
supremacist			supremacist|n|1|0
supremacy	NOUN=1	supremacy=1	supremacy|n|1|0
supreme	ADJ=25,PROPN=1	Supreme=20,supreme=4	supreme|a|4|0
sur	PROPN=1	sur=1	Sur|n|1|1
surcharge			surcharge|n|1|0;surcharge|v|7|0
sure	ADJ=217,ADV=14,INTJ=9	sure=220	sure|a|9|0;sure|r|1|0
surely	ADV=5	surely=5	surely|r|1|0
surf			surf|n|1|0;surf|v|3|0
surface	NOUN=40	surface=40	surface|a|1|0;surface|n|6|0;surface|v|3|0
surfaced	VERB=1	surfaced=1	
surfer			surfer|n|1|0
surfing	NOUN=2	surfing=2	surfing|n|1|0
surge	NOUN=5,VERB=2	surge=7	surge|n|3|0;surge|v|5|0
surgeon	NOUN=9,PROPN=1	surgeon=8,Surgeon=2	surgeon|n|1|0
surgeons	NOUN=4	surgeons=4	
surgeries	NOUN=2	surgeries=2	
surgery	NOUN=22	surgery=21	surgery|n|4|0
surgical	ADJ=2	surgical=2	surgical|a|3|0
surname	NOUN=1	surname=1	surname|n|1|0
surpass			surpass|v|4|0
surpassed	VERB=1	surpassed=1	
surpassing	VERB=1	surpassing=1	surpassing|a|2|0
surplus	NOUN=4	surplus=4	surplus|a|1|0;surplus|n|1|0
surprise	NOUN=14,VERB=6	surprise=18	surprise|n|3|0;surprise|v|3|0
surprised	VERB=16,ADJ=8	surprised=24	surprised|a|1|0
surprises	NOUN=5,VERB=1	surprises=6	
surprising	ADJ=7,VERB=1	surprising=8	surprising|a|1|0
surprisingly	ADV=13	surprisingly=10	surprisingly|r|2|0
surreal			surreal|a|2|0
surrender	NOUN=4,VERB=4	surrender=8	surrender|n|4|0;surrender|v|2|0
surrendered	VERB=4	surrendered=4	
surrey	PROPN=1	Surrey=1	Surrey|n|1|1;surrey|n|1|0
surrogate			surrogate|a|1|0;surrogate|n|2|0
surround	VERB=2	surround=2	surround|n|1|0;surround|v|4|0
surrounded	VERB=20	surrounded=19	surrounded|a|1|0
surrounding	VERB=17	surrounding=17	surrounding|a|1|0
surroundings	NOUN=6	surroundings=6	surroundings|n|2|0
surrounds	VERB=2	surrounds=2	
surveillance	NOUN=4	surveillance=4	surveillance|n|1|0
survey	NOUN=12,PROPN=1	survey=12,Survey=1	survey|n|3|0;survey|v|6|0
surveyed	VERB=1	surveyed=1	
surveying	PROPN=1	Surveying=1	surveying|n|1|0
surveyor			surveyor|n|2|0
surveys	NOUN=5	surveys=5	
survival	NOUN=10,PROPN=1	survival=10,Survival=1	survival|n|3|0
survive	VERB=15	survive=15	survive|v|4|0
survived	VERB=10	survived=10	
surviving	VERB=3	surviving=3	surviving|a|1|0
survivor	NOUN=1	survivor=1	survivor|n|3|0
survivors	NOUN=4,PROPN=1	survivors=3,Survivors=1	
susan	PROPN=17	Susan=6	
susceptibility	NOUN=1	susceptibility=1	susceptibility|n|1|0
susceptible	ADJ=1	susceptible=1	susceptible|a|2|0
sushi	NOUN=11,PROPN=4	sushi=6,Sushi=5,SUSHI=3	sushi|n|1|0
suspect	VERB=11,NOUN=5,ADJ=1	suspect=17	suspect|a|1|0;suspect|n|2|0;suspect|v|3|0
suspected	VERB=12	suspected=12	suspected|a|1|0
suspects	NOUN=1,VERB=1	suspects=2	
suspend	VERB=3	suspend=3	suspend|v|6|0
suspended	VERB=2	suspended=2	suspended|a|1|0
suspense	NOUN=1	suspense=1	suspense|n|3|0
suspension	NOUN=5	suspension=4,Suspension=1	suspension|n|7|0
suspicion	NOUN=5	suspicion=5	suspicion|n|4|0
suspicious	ADJ=6	suspicious=6	suspicious|a|2|0
sussex	NOUN=8,PROPN=1	Sussex=4,sussex=3	Sussex|n|1|1
sustain	VERB=6	sustain=6	sustain|v|7|0
sustainability			sustainability|n|1|0
sustainable	ADJ=7	sustainable=5,Sustainable=2	sustainable|a|1|0
sustained	ADJ=4,VERB=2	sustained=6	sustained|a|2|0
sutherland			Sutherland|n|1|1
suv	NOUN=2,PROPN=1	SUV=3	SUV|n|1|0
suzanne	PROPN=2		
sw	PROPN=1	SW=1	SW|n|1|0
swag			swag|n|3|0;swag|v|3|0
swagger			swagger|a|1|0;swagger|n|2|0;swagger|v|3|0
swallow	VERB=3	swallow=3	swallow|n|3|0;swallow|v|8|0
swallowed	VERB=1	swallowed=1	
swallowing	VERB=2	swallowing=2	
swallows	NOUN=1	swallows=1	
swam	VERB=1	swam=1	
swamp	PROPN=1	Swamp=1	swamp|n|2|0;swamp|v|2|0
swan	PROPN=2	Swan=2	swan|n|1|0;swan|v|3|0
swansea			Swansea|n|1|1
swanson			Swanson|n|1|1
swap	NOUN=9	swap=7,Swap=2	swap|n|1|0;swap|v|2|0
swapped	VERB=1	swapped=1	
swaps	NOUN=1	swaps=1	
swarm	NOUN=2	swarm=2	swarm|n|2|0;swarm|v|2|0
swat			swat|n|1|0;swat|v|2|0
sway	NOUN=1,VERB=1	sway=2	sway|n|2|0;sway|v|4|0
swayed	VERB=1	swayed=1	
swear	VERB=4	swear=4	swear|v|5|0
swearing	NOUN=2,VERB=1	swearing=3	swearing|n|2|0
sweat	NOUN=2,VERB=2	sweat=3	sweat|n|4|0;sweat|v|1|0
sweater	NOUN=2	sweater=2	sweater|n|2|0
sweating	VERB=1	sweating=1	sweating|n|1|0
sweats			sweats|n|1|0
sweatshirt			sweatshirt|n|1|0
sweden	PROPN=17	Sweden=16	Sweden|n|1|1
swedish	ADJ=4	Swedish=2	Swedish|a|1|0;Swedish|n|1|0
sweep	NOUN=1	sweep=1	sweep|n|6|0;sweep|v|9|0
sweeping	ADJ=3,VERB=1	sweeping=4	sweeping|a|2|0;sweeping|n|1|0
sweet	ADJ=23,PROPN=1	sweet=23,Sweet=1	Sweet|n|1|1;sweet|a|10|0;sweet|n|4|0;sweet|r|1|0
sweetheart	NOUN=1	sweetheart=1	sweetheart|a|1|0;sweetheart|n|4|0
sweetie			sweetie|n|2|0
sweetness			sweetness|n|4|0
sweets	NOUN=2	sweets=2	
swell	ADJ=1,NOUN=1	swell=2	swell|a|1|0;swell|n|4|0;swell|v|6|0
swelling	VERB=1	swelling=1	swelling|n|3|0
swells	NOUN=1	swellS=1	
swept	VERB=5	swept=5	swept|a|1|0
swift	PROPN=5,ADJ=1	Swift=5,swift=1	Swift|n|2|2;swift|a|1|0;swift|n|2|0
swiftly	ADV=1	swiftly=1	swiftly|r|1|0
swim	VERB=3	swim=3	swim|n|1|0;swim|v|5|0
swimmer			swimmer|n|2|0
swimming	VERB=3,NOUN=1	swimming=4	swimming|a|2|0;swimming|n|1|0
swimsuit			swimsuit|n|1|0
swine			swine|n|1|0
swing	NOUN=3,VERB=1	swing=4	swing|n|9|0;swing|v|13|0
swinging	VERB=3	swinging=3	swinging|a|1|0;swinging|n|1|0
swings	VERB=2,NOUN=1	swings=3	
swipe			swipe|n|1|0;swipe|v|2|0
swirl	VERB=1	swirl=1	swirl|n|1|0;swirl|v|2|0
swirling	VERB=4	swirling=4	
swiss	ADJ=2	Swiss=2	Swiss|a|1|0;Swiss|n|1|0
switch	NOUN=7,VERB=7	switch=14	switch|n|7|0;switch|v|7|0
switched	VERB=11	switched=11	
switches	NOUN=1	switches=1	
switching	VERB=2	switching=2	switching|n|1|0
switzerland	PROPN=8	Switzerland=7	Switzerland|n|1|1
swollen	ADJ=1	swollen=1	swollen|a|2|0
swoop			swoop|n|3|0;swoop|v|3|0
sword	NOUN=1	sword=1	sword|n|1|0
swords	NOUN=1	swords=1	
swore	VERB=1	swore=1	
sworn	VERB=4	sworn=4	sworn|a|2|0
swung	VERB=3	swung=3	
syd	NOUN=1	syd=1	
sydney	PROPN=7	Sydney=6	Sydney|n|1|1
syllable			syllable|n|1|0
syllabus			syllabus|n|1|0
symbol	NOUN=4	symbol=4	symbol|n|2|0
symbolic	ADJ=1	symbolic=1	symbolic|a|3|0
symbolism	NOUN=3	symbolism=3	symbolism|n|3|0
symbols	NOUN=5	symbols=5	
symmetric			symmetric|a|1|0
symmetrical			symmetrical|a|2|0
symmetry	NOUN=2	symmetry=2	symmetry|n|3|0
sympathetic	ADJ=5	sympathetic=4,Sympathetic=1	sympathetic|a|6|0
sympathy	NOUN=5,PROPN=1	sympathy=5,Sympathy=1	sympathy|n|3|0
symphony	PROPN=5	Symphony=5	symphony|n|2|0
symposium	NOUN=1	symposium=1	symposium|n|1|0
symptom	NOUN=1	symptom=1	symptom|n|2|0
symptomatic	ADJ=2	symptomatic=2	symptomatic|a|2|0
symptoms	NOUN=7	symptoms=7	
synagogue			synagogue|n|1|0
sync			sync|v|1|0
synchronization	NOUN=1	synchronization=1	synchronization|n|3|0
synchronized			synchronized|a|1|0
syndicate			syndicate|n|3|0;syndicate|v|3|0
syndrome	PROPN=1	Syndrome=1	syndrome|n|2|0
synergy			synergy|n|1|0
synod			synod|n|1|0
synonym	NOUN=1	synonym=1	synonym|n|1|0
synonymous	ADJ=1	synonymous=1	synonymous|a|1|0
synopsis	PROPN=1	Synopsis=1	synopsis|n|1|0
syntax	NOUN=5,PROPN=2	syntax=5,Syntax=2	syntax|n|3|0
synthesis	NOUN=2	synthesis=2	synthesis|n|3|0
synthetic	ADJ=2	synthetic=2	synthetic|a|6|0;synthetic|n|1|0
syphilis			syphilis|n|1|0
syracuse	PROPN=1	Syracuse=1	Syracuse|n|4|4
syria	PROPN=28	Syria=24	Syria|n|1|1
syrian	ADJ=14,PROPN=1	Syrian=15	Syrian|a|1|0;Syrian|n|1|0
syringe			syringe|n|1|0;syringe|v|1|0
syrup	NOUN=1	syrup=1	syrup|n|1|0
system	NOUN=154,PROPN=8	system=146,System=16	system|n|9|0
systematic	ADJ=12	systematic=11,Systematic=1	systematic|a|2|0
systematically	ADV=2	systematically=1	systematically|r|1|0
systemic	ADJ=2	systemic=2	systemic|a|1|0
systems	NOUN=43,PROPN=7	systems=37,Systems=12	
ta	PART=18,ADP=8	ta=25,TA=1	Ta|n|1|0
tab	NOUN=3,PROPN=3	Tab=3,tab=3	tab|n|5|0
table	NOUN=44,PROPN=1	table=43,Table=2	table|n|6|0;table|v|2|0
tables	NOUN=6	tables=6	
tablespoon	NOUN=1	tablespoon=1	tablespoon|n|2|0
tablespoons	NOUN=2	tablespoons=2	
tablet	PROPN=7,NOUN=3	Tablet=9,tablet=1	tablet|n|5|0
tabletop	NOUN=1	tabletop=1	tabletop|n|1|0
tablets	NOUN=4	tablets=4	
tabloid			tabloid|n|2|0
taboo			taboo|a|2|0;taboo|n|2|0;taboo|v|1|0
tabs	NOUN=2	tabs=2	
tack			tack|n|6|0;tack|v|6|0
tackle	VERB=5	tackle=5	tackle|n|5|0;tackle|v|3|0
tackling	VERB=2	tackling=2	
tacky	ADJ=3	tacky=3	tacky|a|2|0
taco	PROPN=6	Taco=4,taco=2	taco|n|2|0
tacoma	PROPN=1	Tacoma=1	Tacoma|n|1|1
tacos	NOUN=6	tacos=6	
tactic	NOUN=3	tactic=3	tactic|n|1|0
tactical	ADJ=3	tactical=3	tactical|a|1|0
tactics	NOUN=5	tactics=5	tactics|n|2|0
tactile			tactile|a|2|0
tad			tad|n|1|0
taft	PROPN=1	Taft=1	Taft|n|2|2
tag	NOUN=5,VERB=1	tag=6	tag|n|5|0;tag|v|5|0
tagged			tagged|a|1|0
tai	PROPN=2	Tai=1,tai=1	Tai|a|3|0;Tai|n|2|0
tail	NOUN=20,PROPN=1	tail=20,Tail=1	tail|n|8|0;tail|v|3|0
tailed			tailed|a|1|0
tailor	NOUN=2,VERB=2	tailor=4	tailor|n|1|0;tailor|v|3|0
tailored			tailored|a|2|0
tails	NOUN=3	tails=3	tails|n|1|0
tainted			tainted|a|1|0
taipei	PROPN=5	Taipei=4	Taipei|n|1|1
taiwan	PROPN=23	Taiwan=23	Taiwan|n|2|2
taiwanese	ADJ=1	Taiwanese=1	Taiwanese|a|1|0;Taiwanese|n|2|0
taj	PROPN=4	Taj=4	
tajikistan			Tajikistan|n|1|1
take	VERB=438,NOUN=11	take=415,TAKE=2,Take=1	take|n|2|0;take|v|42|0
takeaway			takeaway|n|3|0
taken	VERB=87	taken=87	taken|a|2|0
takeoff			takeoff|n|4|0
takeover	NOUN=1	takeover=1	takeover|n|2|0
taker			taker|n|2|0
takers	NOUN=1	takers=1	
takes	VERB=73	takes=73	
takin			takin|n|1|0
taking	VERB=117,NOUN=3	taking=114,Taking=1	taking|a|1|0;taking|n|1|0
talbot	PROPN=1	Talbot=1	Talbot|n|1|1
tale	PROPN=3,NOUN=2	Tale=3,tale=2	tale|n|2|0
talent	NOUN=13	talent=13	talent|n|2|0
talented	ADJ=8	talented=8	talented|a|1|0
talents	NOUN=4	talents=4	
tales	NOUN=3	tales=3	
taliban	PROPN=35	Taliban=35	Taliban|n|1|0
talk	VERB=111,NOUN=19	talk=113,TALK=1,Talk=1	talk|n|5|0;talk|v|6|0
talked	VERB=19	talked=17	
talking	VERB=81,NOUN=4	talking=84,Talking=1	talking|n|1|0
talks	NOUN=13,VERB=7	talks=20	talks|n|1|0
tall	ADJ=12	tall=11	tall|a|5|0;tall|n|1|0
tallahassee			Tallahassee|n|1|1
taller	ADJ=4	taller=4	
tally			tally|n|3|0;tally|v|4|0
tam	PROPN=1	Tam=1	tam|n|1|0
tame	VERB=4,ADJ=3,PROPN=1	tame=6	tame|a|4|0;tame|v|5|0
tamil	ADJ=14,PROPN=1	Tamil=15	Tamil|a|1|0;Tamil|n|2|0
tammy			tammy|n|2|0
tampa	PROPN=7	Tampa=6,tampa=1	Tampa|n|1|1
tampering			tampering|n|1|0
tan	PROPN=2,VERB=1	Tan=2,tan=1	tan|a|1|0;tan|n|3|0;tan|v|2|0
tandem	NOUN=2	tandem=2	tandem|n|2|0;tandem|r|1|0
tang	PROPN=1	Tang=1	Tang|n|1|0;tang|n|6|0
tangent			tangent|n|2|0
tangible	ADJ=1	tangible=1	tangible|a|4|0
tangle			tangle|n|2|0;tangle|v|4|0
tangled			tangled|a|2|0
tango			tango|n|2|0;tango|v|1|0
tank	NOUN=44	tank=44	tank|n|5|0;tank|v|3|0
tanker	NOUN=2	Tanker=1,tanker=1	tanker|n|3|0
tankers	NOUN=2	tankers=2	
tanks	NOUN=5	tanks=5	
tanned			tanned|a|2|0
tanner			tanner|n|2|0
tanning	NOUN=1	tanning=1	tanning|n|3|0
tantrum			tantrum|n|1|0
tanya	PROPN=3	Tanya=2	
tanzania			Tanzania|n|1|1
tao			Tao|n|2|0
tap	NOUN=6,PROPN=3,VERB=1	tap=6,Tap=3,TAP=1	tap|n|8|0;tap|v|12|0
tape	NOUN=8,VERB=2	tape=8	tape|n|5|0;tape|v|3|0
taped			taped|a|2|0
taper			taper|n|4|0;taper|v|2|0
tapered			tapered|a|1|0
tapering	VERB=1	tapering=1	tapering|a|2|0;tapering|n|1|0
tapestry			tapestry|n|3|0
taping			taping|n|1|0
tapped			tapped|a|1|0
tapping	VERB=3,NOUN=1	tapping=3	tapping|n|1|0
taps			taps|n|1|0
tar			tar|n|2|0;tar|v|1|0
tara			Tara|n|1|1
target	NOUN=11,VERB=4,PROPN=1	target=14,Target=2	target|n|5|0;target|v|1|0
targeted	VERB=6	targeted=6	
targeting	VERB=3	targeting=3	
targets	NOUN=13	targets=12,Targets=1	
tariff	NOUN=6,PROPN=2	tariff=6,Tariff=2	tariff|n|1|0;tariff|v|1|0
tarot			tarot|n|1|0
tart	ADJ=1	tart=1	tart|a|2|0;tart|n|3|0
tarzan			Tarzan|n|2|1
task	NOUN=34,PROPN=3	task=34,Task=3	task|n|2|0;task|v|2|0
tasked	VERB=1	tasked=1	
tasks	NOUN=19	tasks=18,Tasks=1	
tasmania	PROPN=1		Tasmania|n|2|2
tasmanian			Tasmanian|a|1|0
taste	NOUN=21,VERB=13	taste=33,Taste=1	taste|n|7|0;taste|v|6|0
tasted	VERB=11	tasted=11	
tastes	VERB=6,NOUN=1	tastes=7	
tasting	NOUN=5,VERB=5	tasting=9,Tasting=1	tasting|n|3|0
tasty	ADJ=10	tasty=10	tasty|a|1|0
tat	PROPN=1	tat=1	TAT|n|1|0;tat|n|1|0;tat|v|1|0
tate	PROPN=1	Tate=1	Tate|n|1|1
tattoo	NOUN=5	tattoo=4,Tattoo=1	tattoo|n|3|0;tattoo|v|1|0
tattoos	NOUN=4	tattoos=4	
tatum	PROPN=1	Tatum=1	Tatum|n|2|2
tau	NOUN=1	TAU=1	tau|n|1|0
taught	VERB=20,ADJ=1	taught=20,Taught=1	
taurus	PROPN=2	Taurus=1	Taurus|n|4|3
tavern	NOUN=2	Tavern=1,tavern=1	tavern|n|1|0
tax	NOUN=47,PROPN=3,VERB=2	tax=43,Tax=9	tax|n|1|0;tax|v|4|0
taxable			taxable|a|1|0
taxation			taxation|n|3|0
taxed	VERB=1	taxed=1	
taxes	NOUN=22	taxes=22	
taxi	NOUN=7,PROPN=1,VERB=1	taxi=8,Taxi=1	taxi|n|1|0;taxi|v|2|0
taxing			taxing|a|1|0
taxis	NOUN=1	taxis=1	taxis|n|2|0
taxpayer	NOUN=1	taxpayer=1	taxpayer|n|1|0
taxpayers	NOUN=4	taxpayers=3,Taxpayers=1	
tay			Tay|n|1|0
taylor	PROPN=9	Taylor=9	Taylor|n|3|3
tb	PROPN=1	TB=1	TB|n|3|0;Tb|n|2|0
tbh	ADV=1	TBH=1	
tc	NOUN=1	TC=1	TC|n|1|0;Tc|n|1|0
tcp			TCP|n|1|0
tds	NOUN=2	TDS=1	
te	PROPN=2,DET=1	Te=2,te=1	Te|n|1|0;te|n|1|0
tea	NOUN=22	tea=19,Tea=3	tea|n|4|0
teach	VERB=12	teach=11	Teach|n|1|1;teach|v|2|0
teacher	NOUN=22	teacher=22	teacher|n|2|0
teachers	NOUN=18	teachers=16,TEACHERS=1	
teaches	VERB=2	teaches=2	
teaching	NOUN=11,VERB=5,PROPN=1	teaching=15,TEACHING=1,Teaching=1	teaching|n|3|0
teachings	NOUN=1	teachings=1	
teal			teal|a|1|0;teal|n|2|0
team	NOUN=102,PROPN=4,ADJ=1	team=93,Team=12	team|n|2|0;team|v|1|0
teammate	NOUN=1	teammate=1	teammate|n|1|0
teams	NOUN=27	teams=24	
teamwork			teamwork|n|1|0
tear	VERB=6,NOUN=3	tear=7,Tear=2	tear|n|1|0;tear|n|3|0;tear|v|4|0;tear|v|1|0
tearing	VERB=2	tearing=2	tearing|a|1|0;tearing|n|1|0
tears	NOUN=5	tears=5	tears|n|1|0
tease	VERB=1	tease=1	tease|n|3|0;tease|v|9|0
teased			teased|a|1|0
teaser			teaser|n|7|0
teasing			teasing|a|3|0;teasing|n|3|0
teaspoon	NOUN=6	teaspoon=6	teaspoon|n|2|0
tech	NOUN=5,PROPN=3	tech=5,Tech=3	tech|n|1|0
technical	ADJ=16	technical=15,Technical=1	technical|a|7|0;technical|n|2|0
technically	ADV=10	technically=9	technically|r|3|0
technician	NOUN=3	technician=3	technician|n|2|0
technique	NOUN=10	technique=10	technique|n|2|0
techniques	NOUN=13	techniques=13	
techno	NOUN=1	techno=1	techno|n|1|0
technological	ADJ=8	technological=8	technological|a|2|0
technologically	ADV=2	Technologically=1,technologically=1	technologically|r|1|0
technologies	NOUN=24,PROPN=2	technologies=24,Technologies=2	
technology	NOUN=50,PROPN=8	technology=46,Technology=10,TECHNOLOGY=1	technology|n|3|0
tectonic			tectonic|a|2|0
ted	PROPN=12	Ted=7,TED=1	Ted|n|1|0
teddy			teddy|n|2|0
tedious	ADJ=1	tedious=1	tedious|a|2|0
tee	ADJ=1	tee=1	tee|n|3|0;tee|v|2|0
teen	PROPN=2,ADJ=1,NOUN=1	Teen=2,teen=2	teen|a|1|0;teen|n|1|0
teenage	ADJ=3	teenage=3	teenage|a|1|0
teenager	NOUN=4	teenager=4	teenager|n|1|0
teenagers	NOUN=1	teenagers=1	
teens	NOUN=1	teens=1	teens|n|2|0
tees	NOUN=1	tees=1	
teeth	NOUN=19,PROPN=1	teeth=18,Teeth=1	teeth|n|1|0
tehran	PROPN=9	Tehran=8	Tehran|n|1|1
tel	NOUN=9	tel=6,Tel=3	
tele	NOUN=1		
telecom			telecom|n|1|0
telecommunication			telecommunication|n|2|0
telecommunications	NOUN=1	telecommunications=1	
telegram	NOUN=1	telegram=1	telegram|n|1|0
telegraph	NOUN=1,PROPN=1	Telegraph=1,telegraph=1	telegraph|n|1|0;telegraph|v|1|0
telephone	NOUN=10	Telephone=4,telephone=4	telephone|n|2|0;telephone|v|1|0
telephones	NOUN=1	telephones=1	
telescope	NOUN=4,PROPN=3	telescope=4,Telescope=3	telescope|n|1|0;telescope|v|2|0
televised	VERB=1	televised=1	
television	NOUN=17,PROPN=1	television=17,Television=1	television|n|3|0
tell	VERB=147	tell=143,Tell=1	Tell|n|1|1;tell|v|8|0
teller			Teller|n|1|1;teller|n|3|0
telling	VERB=30,NOUN=2	telling=31	telling|a|3|0;telling|n|3|0
tells	VERB=13	tells=13	
telly			telly|n|1|0
telugu	PROPN=1	Telugu=1	Telugu|n|2|0
temp	NOUN=3	temp=3	temp|n|1|0
temper	NOUN=2	temper=2	temper|n|4|0;temper|v|5|0
temperament	NOUN=1	Temperament=1	temperament|n|3|0
temperance	NOUN=1	temperance=1	temperance|n|3|0
temperate	ADJ=1	temperate=1	temperate|a|3|0
temperature	NOUN=29	temperature=29	temperature|n|2|0
temperatures	NOUN=9	temperatures=9	
tempered	VERB=1	tempered=1	tempered|a|2|0
tempest	NOUN=1,PROPN=1	Tempest=1,tempest=1	tempest|n|2|0
templar			Templar|n|1|0
template	NOUN=2	template=2	template|n|1|0
temple	NOUN=4,PROPN=3	temple=4,Temple=3	temple|n|4|0
temples	NOUN=9	temples=9	
tempo			tempo|n|2|0
temporal	ADJ=3	temporal=3	temporal|a|5|0;temporal|n|1|0
temporarily	ADV=3	temporarily=3	temporarily|r|1|0
temporary	ADJ=10	temporary=10	temporary|a|2|0;temporary|n|1|0
tempt			tempt|v|6|0
temptation	NOUN=3	temptation=3	temptation|n|3|0
temptations	NOUN=2	temptations=2	
tempted	VERB=3	tempted=3	
tempting	ADJ=1	tempting=1	tempting|a|2|0
ten	NUM=60,PROPN=1	ten=47,Ten=4,TEN=2	ten|a|1|0;ten|n|2|0
tenacity	NOUN=1	Tenacity=1	tenacity|n|1|0
tenant			tenant|n|3|0;tenant|v|1|0
tenants	NOUN=2	tenants=2	
tend	VERB=18	tend=17	tend|v|3|0
tended	VERB=5	tended=5	
tendencies	NOUN=3	tendencies=3	
tendency	NOUN=3	tendency=3	tendency|n|4|0
tender	ADJ=1	tender=1	tender|a|8|0;tender|n|6|0;tender|v|4|0
tenderness			tenderness|n|5|0
tending	VERB=1	tending=1	tending|a|1|0;tending|n|1|0
tendon			tendon|n|1|0
tends	VERB=1	tends=1	
tenn	PROPN=2	Tenn=2	
tennessee	PROPN=5,X=2	Tennessee=7	Tennessee|n|2|2
tennis	NOUN=6	tennis=6	tennis|n|1|0
tenor			tenor|a|2|0;tenor|n|5|0
tens	NOUN=8	tens=7	
tense	ADJ=2	tense=2	tense|a|3|0;tense|n|1|0;tense|v|4|0
tension	NOUN=5	tension=5	tension|n|6|0
tensions	NOUN=8	tensions=7	
tent	NOUN=7	tent=7	tent|n|2|0;tent|v|1|0
tentative	ADJ=1	tentative=1	tentative|a|2|0
tentatively			tentatively|r|1|0
tenth	NOUN=2,ADJ=1	tenth=3	tenth|a|1|0;tenth|n|2|0
tenure	NOUN=3	tenure=3	tenure|n|2|0;tenure|v|1|0
tequila	NOUN=2	tequila=2	tequila|n|1|0
terence			Terence|n|1|1
teresa	PROPN=2	Teresa=1	Teresa|n|1|1
term	NOUN=69,PROPN=1	term=66,TERM=1,Term=1	term|n|7|0;term|v|1|0
terminal	PROPN=6,NOUN=2,ADJ=1	Terminal=4,terminal=2	terminal|a|5|0;terminal|n|4|0
terminals	NOUN=1		
terminate	VERB=1	terminate=1	terminate|v|4|0
terminated	VERB=2	terminated=2	terminated|a|2|0
termination	NOUN=5	termination=3,Termination=2	termination|n|5|0
terminator			terminator|n|1|0
terminology	NOUN=2	terminology=2	terminology|n|1|0
terminus			terminus|n|5|0
terms	NOUN=42	terms=39,Terms=3	terms|n|2|0
terra	PROPN=1	Terra=1	Terra|n|1|1
terrace	PROPN=2	Terrace=2	terrace|n|3|0;terrace|v|2|0
terrain	NOUN=3	terrain=3	terrain|n|1|0
terrestrial	ADJ=1		terrestrial|a|5|0
terrible	ADJ=28,PROPN=1	terrible=21,TERRIBLE=3,Terrible=1	terrible|a|4|0
terribly	ADV=3	terribly=3	terribly|r|2|0
terrier			terrier|n|1|0
terrific	ADJ=2	terrific=2	terrific|a|3|0
terrified	ADJ=3,VERB=1	terrified=2,TERRIFIED=1	terrified|a|1|0
terrifying	ADJ=1	terrifying=1	terrifying|a|1|0
territorial	ADJ=3	territorial=3	territorial|a|3|0;territorial|n|2|0
territories	NOUN=3,PROPN=3	territories=4,Territories=2	
territory	NOUN=23	territory=22	territory|n|3|0
terror	NOUN=26	terror=23,Terror=3	terror|n|4|0
terrorism	NOUN=23	terrorism=23	terrorism|n|1|0
terrorist	ADJ=21,NOUN=11	terrorist=32	terrorist|n|1|0
terrorists	NOUN=17	terrorists=16,Terrorists=1	
terry	PROPN=14	Terry=12	Terry|n|1|1;terry|n|1|0
tertiary	NOUN=1	tertiary=1	Tertiary|n|1|1;tertiary|a|1|0
tesla			Tesla|n|1|1;tesla|n|1|0
test	NOUN=84,VERB=19,PROPN=1	test=99,Test=4,TEST=1	test|n|6|0;test|v|7|0
testament	NOUN=5,PROPN=1	testament=5,Testament=1	Testament|n|1|0;testament|n|3|0
tested	VERB=15	tested=15	tested|a|2|0
tester			tester|n|2|0
testified	VERB=3	testified=3	
testify	VERB=3	testify=3	testify|v|2|0
testifying	VERB=1	testifying=1	
testimony	NOUN=6	testimony=5	testimony|n|3|0
testing	NOUN=9,VERB=9,PROPN=2	testing=18,Testing=1	testing|n|3|0
testosterone	NOUN=2	testosterone=2	testosterone|n|1|0
tests	NOUN=8,VERB=1	tests=9	
texan	ADJ=1,PROPN=1	Texan=2	Texan|a|1|0;Texan|n|1|0
texans	PROPN=3	Texans=2	
texas	PROPN=95	Texas=87,TEXAS=3,texas=1	Texas|n|1|1
text	NOUN=24,VERB=5	text=27,Text=1	text|n|4|0;text|v|1|0
textbook	NOUN=2	textbook=2	textbook|a|1|0;textbook|n|1|0
textile	NOUN=8	textile=8	textile|a|1|0;textile|n|1|0
texting	NOUN=1	texting=1	texting|n|1|0
texts	NOUN=5	texts=5	
textual			textual|a|1|0
texture	NOUN=2	texture=2	texture|n|5|0
textured			textured|a|1|0
textures	NOUN=1	textures=1	
th	INTJ=1,SCONJ=1	th=1	Th|n|2|0
thai	ADJ=11,PROPN=2,NOUN=1	Thai=10,thai=2	Thai|a|3|0;Thai|n|2|0
thailand	PROPN=13	Thailand=11,thailand=1	Thailand|n|1|1
thames	PROPN=2	Thames=2	Thames|n|1|1
than	ADP=397,SCONJ=113,ADV=3,PROPN=1	than=512,Than=1	
thank	VERB=164,NOUN=2	thank=54,Thank=5,THANK=1	thank|v|1|0
thanked	VERB=1	thanked=1	
thankful	ADJ=2	thankful=2	thankful|a|1|0
thankfully	ADV=5	thankfully=3	thankfully|r|2|0
thanking	VERB=1	thanking=1	
thanks	NOUN=285	thanks=40,Thanks=4	thanks|n|2|0
thanksgiving	PROPN=7	Thanksgiving=6,thanksgiving=1	Thanksgiving|n|1|0;thanksgiving|n|1|0
that	PRON=2718,SCONJ=2317,DET=554,ADV=40,ADP=1	that=5327,That=10,THAT=9	
thatcher			Thatcher|n|1|1;thatcher|n|1|0
thaw			thaw|n|3|0;thaw|v|1|0
thc			THC|n|1|0
the	DET=23121,PRON=10,ADP=2,PART=2,X=1	the=20818,The=242,THE=51	
theater	NOUN=7,PROPN=1	theater=7,Theater=1	theater|n|3|0
theaters	NOUN=2,PROPN=1	theaters=2,Theaters=1	
theatre	NOUN=8	theatre=8	theatre|n|3|0
theatres	NOUN=1	theatres=1	
theatrical	ADJ=2	theatrical=2	theatrical|a|2|0;theatrical|n|1|0
theft	NOUN=5	theft=4,Theft=1	theft|n|1|0
their	PRON=968,ADV=2	their=933,THEIR=3	
theirs	PRON=5	theirs=4,Theirs=1	
them	PRON=767,ADV=3,DET=1	them=769,THEM=1,Them=1	
thematic	ADJ=1	thematic=1	thematic|a|2|0
theme	NOUN=15	theme=15	theme|n|5|0;theme|v|1|0
themed	ADJ=2	themed=2	
themes	NOUN=6	themes=6	
themselves	PRON=64	themselves=62,Themselves=2	
then	ADV=667,ADP=5,SCONJ=3,DET=1,PRON=1	then=584,Then=7,THEN=2	then|a|1|0;then|n|1|0;then|r|3|0
theo	PROPN=1	THEO=1	
theodore	PROPN=3	Theodore=3	
theological	ADJ=4	theological=4	theological|a|1|0
theology	NOUN=1	theology=1	theology|n|3|0
theorem			theorem|n|2|0
theoretical	ADJ=4	theoretical=3,Theoretical=1	theoretical|a|2|0
theoretically	ADV=1	theoretically=1	theoretically|r|2|0
theories	NOUN=15	theories=14	
theorist			theorist|n|1|0
theorists	NOUN=1	theorists=1	
theory	NOUN=74,PROPN=5	theory=71,Theory=8	theory|n|3|0
ther	DET=1	ther=1	
therapeutic	ADJ=1	therapeutic=1	therapeutic|a|2|0;therapeutic|n|1|0
therapeutics			therapeutics|n|1|0
therapies	NOUN=1	therapies=1	
therapist	NOUN=6	therapist=6	therapist|n|1|0
therapy	NOUN=9	therapy=9	therapy|n|1|0
there	PRON=995,ADV=478	there=1150,THERE=10,There=9	there|n|1|0;there|r|3|0
thereafter	ADV=3	thereafter=3	thereafter|r|1|0
thereby	ADV=11	thereby=11	thereby|r|1|0
therefore	ADV=46	therefore=25,THEREFORE=1	therefore|r|2|0
therein	ADV=1	therein=1	therein|r|1|0
thereof			thereof|r|2|0
theresa			Theresa|n|1|1
thermal	ADJ=1	thermal=1	thermal|a|3|0;thermal|n|1|0
thermodynamics			thermodynamics|n|1|0
thermometer	NOUN=2	thermometer=2	thermometer|n|1|0
thermostat			thermostat|n|1|0;thermostat|v|1|0
these	DET=490,PRON=106	these=486,THESE=1,These=1	
thesis	NOUN=1	thesis=1	thesis|n|2|0
theta	NOUN=1	theta=1	theta|n|1|0
they	PRON=2276	they=1734,They=12,THEY=5	
thi	INTJ=1,PROPN=1	Thi=1,thi=1	
thick	ADJ=9,ADV=1,NOUN=1	thick=10	thick|a|10|0;thick|n|1|0;thick|r|2|0
thicker	ADJ=1	thicker=1	
thickness	NOUN=1	thickness=1	thickness|n|4|0
thief	NOUN=2	thief=2	thief|n|1|0
thierry	PROPN=1		
thieves	NOUN=2	thieves=2	
thigh	NOUN=1	thigh=1	thigh|n|2|0
thin	ADJ=6	thin=5	thin|a|8|0;thin|r|1|0;thin|v|4|0
thing	NOUN=215	thing=211,THING=3	thing|n|12|0
things	NOUN=242,PROPN=3	things=231,Things=5,THINGS=1	things|n|1|0
thingy	NOUN=1	thingy=1	
think	VERB=518,NOUN=2	think=504,THINK=1,Think=1	think|n|1|0;think|v|13|0
thinker	NOUN=2	thinker=2	thinker|n|2|0
thinking	VERB=71,NOUN=16	thinking=85,Thinking=1	thinking|a|1|0;thinking|n|1|0
thinks	VERB=15	thinks=15	
thinly			thinly|r|4|0
thinner	ADJ=1	thinner=1	thinner|n|1|0
thinning			thinning|n|1|0
third	ADJ=51,NOUN=11,ADV=8,PROPN=1	third=62,Third=2	third|a|1|0;third|n|6|0;third|r|1|0
thirds	NOUN=5	thirds=5	
thirst	NOUN=1	thirst=1	thirst|n|2|0;thirst|v|2|0
thirsty			thirsty|a|4|0
thirteen	NUM=8	thirteen=6	thirteen|a|1|0;thirteen|n|1|0
thirteenth	ADJ=2	Thirteenth=1,thirteenth=1	thirteenth|a|1|0;thirteenth|n|1|0
thirties			thirties|n|2|0
thirty	NUM=18	thirty=15	thirty|a|1|0;thirty|n|1|0
this	DET=1785,PRON=1086,ADV=10,NOUN=1	this=2289,THIS=14,This=13	
thistle			thistle|n|1|0
tho	PROPN=3,SCONJ=1	Tho=3,tho=1	Tho|n|1|0
thomas	PROPN=25	Thomas=17,THOMAS=2	Thomas|n|5|5
thompson	PROPN=3	Thompson=3	Thompson|n|2|2
thomson			Thomson|n|4|4
thong			thong|n|5|0
thor			Thor|n|1|1
thorn			thorn|n|3|0
thornton			Thornton|n|1|1
thorough	ADJ=8	thorough=8	thorough|a|3|0
thoroughly	ADV=8	thoroughly=7	thoroughly|r|2|0
thorpe			Thorpe|n|1|1
those	DET=201,PRON=172	those=341,Those=2	
thou	PRON=1		thou|n|1|0
though	SCONJ=97,ADV=75,ADP=2,CCONJ=1	though=163	though|r|1|0
thought	VERB=135,NOUN=25	thought=155	thought|n|4|0
thoughtful			thoughtful|a|5|0
thoughts	NOUN=38	thoughts=37,Thoughts=1	
thousand	NUM=22	thousand=22	thousand|a|1|0;thousand|n|1|0
thousands	NOUN=47	thousands=45,THOUSANDS=1	
thrash			thrash|n|1|0;thrash|v|7|0
thread	NOUN=6	thread=6	thread|n|4|0;thread|v|5|0
threaded			threaded|a|1|0
threads	NOUN=2	threads=2	threads|n|1|0
threat	NOUN=43	threat=43	threat|n|4|0
threaten	VERB=3	threaten=3	threaten|v|3|0
threatened	VERB=11,ADJ=1,NOUN=1	threatened=12,Threatened=1	threatened|a|1|0
threatening	VERB=5,ADJ=1	threatening=6	threatening|a|2|0
threatens	VERB=5	threatens=5	
threats	NOUN=9	threats=9	
three	NUM=220,PROPN=2,X=1	three=202,Three=3,THREE=2	three|a|1|0;three|n|2|0
threesome			threesome|n|2|0
threshold	NOUN=3	threshold=3	threshold|n|5|0
thresholds	NOUN=1	thresholds=1	
threw	VERB=14	threw=14	
thrice			thrice|r|1|0
thrift	NOUN=1	thrift=1	thrift|n|2|0
thrill			thrill|n|3|0;thrill|v|4|0
thrilled	ADJ=1,VERB=1	thrilled=2	thrilled|a|1|0
thriller	NOUN=1	thriller=1	thriller|n|1|0
thrilling	ADJ=1	thrilling=1	thrilling|a|2|0
thrive	VERB=4	thrive=3,THRIVE=1	thrive|v|2|0
thrives	VERB=1	thrives=1	
thriving	ADJ=1,VERB=1	thriving=2	thriving|a|1|0
throat	NOUN=14,PROPN=1	throat=14,Throat=1	throat|n|4|0
throats	NOUN=1	throats=1	
throbbing			throbbing|a|1|0;throbbing|n|2|0
throne			throne|n|3|0;throne|v|2|0
thrones	PROPN=6	Thrones=6	
throttle			throttle|n|2|0;throttle|v|3|0
through	ADP=265,ADV=11,SCONJ=3,ADJ=1,VERB=1	through=272,Through=1	through|a|2|0;through|r|5|0
throughout	ADP=46	throughout=38	throughout|r|2|0
throughput			throughput|n|1|0
throw	VERB=33	throw=30	throw|n|5|0;throw|v|15|0
throwback			throwback|a|1|0;throwback|n|2|0
throwing	VERB=6	throwing=6	
thrown	VERB=7	thrown=7	thrown|a|2|0
throws	VERB=3	throws=2	
thru	ADP=6	thru=6	
thrust			thrust|n|5|0;thrust|v|8|0
thu	PROPN=1	Thu=1	
thug			thug|n|1|0;thug|v|1|0
thugs	NOUN=1	thugs=1	
thumb	NOUN=3	thumb=3	thumb|n|3|0;thumb|v|3|0
thumbnail			thumbnail|n|1|0
thumbs	NOUN=5	thumbs=4	
thumping			thumping|a|1|0;thumping|n|1|0
thunder	PROPN=2	Thunder=2	thunder|n|3|0;thunder|v|4|0
thunderbolt			thunderbolt|n|2|0
thunderstorm			thunderstorm|n|1|0
thunderstorms	NOUN=1	thunderstorms=1	
thursday	PROPN=55	Thursday=42,thursday=3	Thursday|n|1|0
thus	ADV=45	thus=22	thus|n|1|0;thus|r|2|0
thwarted	VERB=4	thwarted=4	thwarted|a|1|0
thx	NOUN=5	Thx=1,thx=1	
thy	PRON=3	thy=3	
thyroid	NOUN=5	thyroid=5	thyroid|a|2|0;thyroid|n|1|0
ti	PRON=1	ti=1	Ti|n|1|0;ti|n|2|0
tia			TIA|n|1|0
tibet	PROPN=1	Tibet=1	Tibet|n|1|1
tibetan			Tibetan|a|1|0;Tibetan|n|2|0
tic			tic|n|1|0
tick	VERB=1	tick=1	tick|n|4|0;tick|v|4|0
ticket	NOUN=15	ticket=14	ticket|n|5|0;ticket|v|2|0
tickets	NOUN=14	tickets=14	
ticking			ticking|n|2|0
tickle			tickle|n|2|0;tickle|v|3|0
ticks	VERB=1	ticks=1	
tidal	ADJ=1	tidal=1	tidal|a|1|0
tide	NOUN=8	tide=8	tide|n|3|0;tide|v|3|0
tides	NOUN=1	tides=1	
tidy	ADJ=1	tidy=1	tidy|a|3|0;tidy|n|1|0;tidy|v|1|0
tie	VERB=7,NOUN=4	tie=10	tie|n|9|0;tie|v|9|0
tied	VERB=9,ADJ=1	tied=10	tied|a|5|0
tier	NOUN=1	Tier=1	tier|n|3|0;tier|n|2|0
tiered			tiered|a|1|0
ties	NOUN=11	ties=11	
tiffany	PROPN=3	Tiffany=2	Tiffany|n|1|1
tiger	PROPN=5	Tiger=3,TIGER=1	tiger|n|2|0
tigers	PROPN=12	Tigers=12	Tigers|n|1|1
tight	ADJ=11,ADV=2	tight=13	tight|a|14|0;tight|r|2|0
tighten	VERB=6	tighten=5	tighten|v|4|0
tightening			tightening|n|1|0
tighter	ADJ=1	tighter=1	
tightly	ADV=1	tightly=1	tightly|r|2|0
tights	NOUN=3	tights=3	tights|n|1|0
til	ADP=2,SCONJ=1	til=3	
tile	NOUN=7	tile=7	tile|n|3|0;tile|v|1|0
tiles	NOUN=4	tiles=4	
till	SCONJ=12,ADP=9,VERB=1	till=21	till|n|3|0;till|v|1|0
tilt	ADV=1	tilt=1	tilt|n|5|0;tilt|v|4|0
tilted			tilted|a|1|0
tim	PROPN=2	Tim=1	
timber	NOUN=1	timber=1	timber|n|5|0
timbers	NOUN=1	timbers=1	
time	NOUN=850,PROPN=7,X=1	time=838,Time=12,TIME=3	time|n|10|0;time|v|5|0
timed	VERB=2	timed=2	timed|a|1|0
timeframe	NOUN=1	timeframe=1	
timeless			timeless|a|1|0
timeline			timeline|n|1|0
timelines	NOUN=1	timelines=1	
timely	ADJ=8	timely=8	timely|a|2|0;timely|r|1|0
timer	NOUN=3	timer=3	timer|n|3|0
times	NOUN=131,PROPN=15	times=128,Times=15,TIMES=2	times|n|2|0
timetable	NOUN=2	timetable=2	timetable|n|2|0
timid	ADJ=3	timid=3	timid|a|3|0;timid|n|1|0
timing	NOUN=9	timing=9	timing|n|2|0
timor			Timor|n|1|1
timothy			Timothy|n|1|1;timothy|n|2|0
tin	NOUN=3	tin=3	tin|n|4|0;tin|v|3|0
tina	PROPN=5	Tina=3	
tinder			tinder|n|1|0
ting	PROPN=1	ting=1	ting|n|1|0;ting|v|2|0
tingling			tingling|a|1|0;tingling|n|1|0
tinker			tinker|n|3|0;tinker|v|3|0
tint			tint|n|3|0;tint|v|1|0
tiny	ADJ=19	tiny=19	tiny|a|1|0
tip	NOUN=12,ADJ=2	tip=13,Tip=1	tip|n|5|0;tip|v|9|0
tipped	VERB=1	tipped=1	tipped|a|2|0
tips	NOUN=15	tips=7,Tips=1	
tire	NOUN=17,PROPN=4	tire=17,Tire=3	tire|n|1|0;tire|v|4|0
tired	ADJ=18,ADV=1	tired=17,TIRED=1	tired|a|2|0
tires	NOUN=10	tires=9	
tiring	ADJ=1	tiring=1	tiring|a|1|0
tis	PROPN=1	TIS=1	
tissue	NOUN=4	tissue=4	tissue|n|2|0;tissue|v|1|0
tissues	NOUN=1	tissues=1	
tit			tit|n|3|0
titan			Titan|n|2|1;titan|n|1|0
titanic	PROPN=7	Titanic=7	titanic|a|1|0
titanium			titanium|n|1|0
title	NOUN=20,PROPN=5	title=17,Title=7	title|n|10|0;title|v|2|0
titled	VERB=6	titled=6	titled|a|1|0
titles	NOUN=6	titles=6	
tito			Tito|n|1|1
titus			Titus|n|3|3
tk	PROPN=1	TK=1	
tl			Tl|n|1|0
tlc			TLC|n|1|0
tm	NOUN=1	TM=1	Tm|n|1|0
tn			TN|n|1|1
tna	PROPN=3	TNA=3	
tnt			TNT|n|1|0
to	PART=7508,ADP=4296,SCONJ=120,ADV=12,X=4,DET=2,PROPN=2,VERB=2,NOUN=1,NUM=1	to=11782,To=29,TO=24	
toad			toad|n|1|0
toast	NOUN=3,VERB=2	toast=4	toast|n|4|0;toast|v|2|0
toasted			toasted|a|1|0
toaster			toaster|n|2|0
tobacco			tobacco|n|2|0
tobago			Tobago|n|1|1
tobias	PROPN=2	Tobias=1	
toby	PROPN=1		toby|n|1|0
tod			tod|a|1|0;tod|n|1|0
today	NOUN=257,PROPN=1	today=220,Today=8,TODAY=1	today|n|2|0;today|r|2|0
todd	PROPN=3	Todd=2	Todd|n|2|2
toddler	NOUN=1	toddler=1	toddler|n|1|0
toe	NOUN=3	toe=3	toe|n|4|0;toe|v|5|0
toes	NOUN=10	toes=9,Toes=1	
tofu	NOUN=1	tofu=1	tofu|n|1|0
together	ADV=111,ADP=7,ADJ=2,X=2	together=120	together|a|1|0;together|r|6|0
toggle			toggle|n|3|0;toggle|v|3|0
toilet	NOUN=2	toilet=2	toilet|n|4|0
toilets	NOUN=1	toilets=1	
token	NOUN=1	token=1	token|a|1|0;token|n|4|0
tokyo	PROPN=4	Tokyo=4	Tokyo|n|1|1
told	VERB=199	told=198	
toledo	NOUN=1,PROPN=1	Toledo=2	Toledo|n|2|2
tolerable	ADJ=3	tolerable=3	tolerable|a|2|0
tolerance	NOUN=1	tolerance=1	tolerance|n|5|0
tolerant	ADJ=2	tolerant=2	tolerant|a|5|0
tolerate	VERB=8	tolerate=8	tolerate|v|4|0
tolkien			Tolkien|n|1|1
toll	NOUN=10,PROPN=1	toll=10,Toll=1	toll|n|3|0;toll|v|2|0
tolls	NOUN=1	tolls=1	
tom	PROPN=27,NOUN=1	Tom=23	Tom|n|1|0;tom|n|2|0
tomato	NOUN=1	tomato=1	tomato|n|2|0
tomatoes	NOUN=3	tomatoes=3	
tomb	NOUN=1	tomb=1	tomb|n|1|0
tombstone	NOUN=1	tombstone=1	tombstone|n|1|0
tome	NOUN=1	tome=1	tome|n|1|0
tommy	PROPN=1		
tomorrow	NOUN=55	tomorrow=51,TOMORROW=1	tomorrow|n|2|0;tomorrow|r|1|0
ton	NOUN=7	ton=7	ton|n|2|0
tonal			tonal|a|2|0
tone	NOUN=3	tone=3	tone|n|10|0;tone|v|5|0
toned	VERB=1	toned=1	toned|a|2|0
tong	PROPN=1	tong=1	
tonga	PROPN=1	Tonga=1	Tonga|n|2|1
tongue	NOUN=4	tongue=4	tongue|n|8|0;tongue|v|2|0
tongues	NOUN=2	tongues=2	
toni	PROPN=2	Toni=2	
tonic	ADJ=1	tonic=1	tonic|a|5|0;tonic|n|4|0
tonight	NOUN=22,ADV=1	tonight=20	tonight|n|1|0;tonight|r|1|0
tonne	NOUN=1	tonne=1	tonne|n|1|0
tonnes	NOUN=2	tonnes=2	
tons	NOUN=9	tons=8,Tons=1	tons|n|1|0
tony	PROPN=1	tony=1	
too	ADV=271,PART=2,ADP=1	too=261,Too=5,TOO=2	too|r|2|0
took	VERB=181	took=173,TOOK=1	
tool	NOUN=17	tool=17	tool|n|4|0;tool|v|4|0
tools	NOUN=11	tools=10	
tooth	NOUN=3	tooth=3	tooth|n|5|0
toothbrush			toothbrush|n|2|0
toothpaste			toothpaste|n|1|0
top	ADJ=48,NOUN=45,PROPN=1,VERB=1	top=84,Top=8	top|a|1|0;top|n|11|0;top|v|10|0
topeka			Topeka|n|1|1
topic	NOUN=14,PROPN=1	topic=14	topic|n|2|0
topical	ADJ=2	topical=2	topical|a|3|0
topics	NOUN=9	topics=8	
topless	ADJ=1		topless|a|2|0
topography			topography|n|2|0
topology			topology|n|4|0
topped	VERB=2	topped=2	topped|a|1|0
topper	NOUN=1	topper=1	topper|n|6|0
topping			topping|a|1|0;topping|n|1|0
tops	NOUN=3	tops=3	tops|a|1|0
tor	PROPN=1	Tor=1	tor|n|2|0
torah			Torah|n|3|2
torch	NOUN=4	torch=4	torch|n|4|0;torch|v|1|0
tore			tore|n|1|0
tori	PROPN=2		
torment			torment|n|6|0;torment|v|3|0
tormented	VERB=1	tormented=1	tormented|a|2|0
torn	VERB=2,ADJ=1	torn=3	torn|a|2|0
tornado			tornado|n|2|0
toronto	PROPN=21	Toronto=19	Toronto|n|1|1
torpedo			torpedo|n|7|0;torpedo|v|1|0
torque			torque|n|1|0
torrance	PROPN=1	torrance=1	
torrent			torrent|n|3|0
torso	NOUN=2	torso=2	torso|n|1|0
tort	NOUN=9	tort=8,Tort=1	tort|n|1|0
tortoise			tortoise|n|1|0
torture	NOUN=2,VERB=1	torture=3	torture|n|5|0;torture|v|2|0
tortured	VERB=1	tortured=1	tortured|a|1|0
torturing	VERB=1	torturing=1	torturing|a|1|0;torturing|n|1|0
tory			Tory|n|3|0
toss	VERB=3,NOUN=2	toss=5	toss|n|3|0;toss|v|6|0
tossed	VERB=3	tossed=3	
tot			tot|n|2|0;tot|v|1|0
total	ADJ=36,NOUN=11	total=43,Total=3	total|a|2|0;total|n|2|0;total|v|3|0
totaled			totaled|a|1|0
totaling	VERB=1	totaling=1	
totalitarian	ADJ=3	totalitarian=3	totalitarian|a|2|0;totalitarian|n|1|0
totally	ADV=31	totally=29,Totally=1	totally|r|1|0
totals	NOUN=1		
tote			tote|n|1|0;tote|v|1|0
totem			totem|n|2|0
touch	VERB=26,NOUN=24,ADJ=1	touch=50,Touch=1	touch|n|12|0;touch|v|15|0
touchdown			touchdown|n|2|0
touched	VERB=7	touched=7	touched|a|3|0
touches	NOUN=3,VERB=1	touches=4	
touching	VERB=6	touching=5	touching|a|1|0;touching|n|2|0
touchscreen			touchscreen|n|1|0
touchy			touchy|a|2|0
tough	ADJ=12	tough=10,Tough=1	tough|a|9|0;tough|n|3|0
toughness			toughness|n|4|0
toulouse			Toulouse|n|1|1
tour	NOUN=27,PROPN=3,VERB=3	tour=29,Tour=4	tour|n|3|0;tour|v|1|0
toured	VERB=2	toured=2	
tourism	NOUN=13,PROPN=1	tourism=13,Tourism=1	tourism|n|1|0
tourist	NOUN=26,PROPN=3	tourist=26,Tourist=2	tourist|n|1|0
tourists	NOUN=21	tourists=19	
tournament	NOUN=5,PROPN=1	tournament=5,Tournament=1	tournament|n|2|0
tourney			tourney|n|1|0;tourney|v|1|0
tours	NOUN=11,PROPN=5	tours=11,Tours=5	Tours|n|1|1
tout	X=1	tout=1	tout|n|3|0;tout|v|2|0
touted	VERB=1	touted=1	
tow	NOUN=2	tow=2	tow|n|1|0;tow|v|1|0
toward	ADP=40,SCONJ=3	toward=43	
towards	ADP=28,SCONJ=5	towards=33	
towed	VERB=7	towed=7	
towel	NOUN=3	towel=3	towel|n|1|0;towel|v|1|0
towels	NOUN=5	towels=5	
tower	PROPN=3,NOUN=2	tower=3,Tower=2	tower|n|2|0;tower|n|1|0;tower|v|1|0
towering	VERB=2	towering=2	towering|a|1|0
towers	NOUN=4,PROPN=2	towers=4,Towers=2	
towing	PROPN=3,NOUN=2	Towing=3,towing=2	
town	NOUN=113,PROPN=4	town=112,Town=3,TOWN=1	Town|n|1|0;town|n|3|0
towns	NOUN=13	towns=13	
townsend	PROPN=1		Townsend|n|1|1
township	PROPN=2,NOUN=1	TOWNSHIP=1,Township=1,township=1	township|n|1|0
toxic	ADJ=17	toxic=16,Toxic=1	toxic|a|1|0
toxicity			toxicity|n|2|0
toxicology			toxicology|n|1|0
toxin			toxin|n|1|0
toxins	NOUN=1	toxins=1	
toy	NOUN=3	toy=3	toy|n|5|0;toy|v|3|0
toyota	PROPN=8	Toyota=7	Toyota|n|1|1
toys	NOUN=13,PROPN=3	toys=13,Toys=3	
trace	NOUN=2,VERB=2	trace=4	trace|n|6|0;trace|v|8|0
traced	VERB=3	traced=3	
tracer	NOUN=1	tracer=1	tracer|n|4|0
traces	NOUN=1	traces=1	
tracing	NOUN=1,VERB=1	tracing=2	tracing|n|3|0
track	NOUN=17,VERB=13	track=30	track|n|11|0;track|v|5|0
tracked	VERB=4	tracked=4	tracked|a|1|0
tracker			tracker|n|1|0
tracking	NOUN=8,VERB=6	tracking=13,Tracking=1	tracking|n|1|0
tracks	NOUN=11	tracks=11	
tract	NOUN=2	tract=2	tract|n|4|0
traction			traction|n|2|0
tractor	NOUN=3	tractor=2,TRACTOR=1	tractor|n|2|0
tracts	PROPN=3,NOUN=1	Tracts=3,tracts=1	
tracy	PROPN=2		Tracy|n|1|1
trade	NOUN=40,PROPN=9,VERB=6	trade=45,Trade=10	trade|n|7|0;trade|v|5|0
traded	VERB=1	traded=1	
trademark	NOUN=7	trademark=7	trademark|n|2|0;trademark|v|2|0
trademarks	NOUN=2,VERB=1	trademarks=3	
trader	NOUN=9,PROPN=1	trader=9,Trader=1	trader|n|1|0
traders	NOUN=13,PROPN=1	traders=12,Traders=1	
trades	NOUN=3,VERB=1	trades=4	
trading	NOUN=25,VERB=4,PROPN=2	trading=28,Trading=3	trading|n|1|0
tradition	NOUN=17	tradition=16,Tradition=1	tradition|n|2|0
traditional	ADJ=12	traditional=12	traditional|a|2|0
traditionally	ADV=4	traditionally=3	traditionally|r|1|0
traditions	NOUN=7	traditions=7	
traffic	NOUN=24,PROPN=2	traffic=22,Traffic=2	traffic|n|4|0;traffic|v|2|0
trafficking	NOUN=5	trafficking=5	
tragedies	NOUN=1	tragedies=1	
tragedy	NOUN=10,PROPN=1	tragedy=10,Tragedy=1	tragedy|n|2|0
tragic	ADJ=3	tragic=3	tragic|a|2|0
tragically	ADV=2	tragically=2	tragically|r|1|0
trail	NOUN=16,PROPN=7,VERB=1	trail=17,Trail=7	trail|n|3|0;trail|v|5|0
trailer	NOUN=2	trailer=2	trailer|n|4|0
trailers	NOUN=2	trailers=2	
trailing			trailing|n|1|0
trails	NOUN=6,X=2	trails=6,Trails=2	
train	NOUN=22,VERB=12	train=34	train|n|6|0;train|v|11|0
trained	VERB=21,ADJ=2	trained=23	trained|a|1|0
trainee			trainee|n|1|0
trainees	NOUN=1	trainees=1	
trainer	NOUN=9	trainer=9	trainer|n|2|0
trainers	NOUN=3	trainers=3	
training	NOUN=50,VERB=5,PROPN=2	training=54,Training=3	training|n|2|0
trains	NOUN=2,VERB=1	trains=3	
trait	NOUN=2	trait=2	trait|n|1|0
traitor			traitor|n|2|0
traitors	NOUN=1	traitors=1	
traits	NOUN=2	traits=2	
trajectory	NOUN=1	trajectory=1	trajectory|n|1|0
tram			tram|n|3|0;tram|v|1|0
tramp			tramp|n|6|0;tramp|v|4|0
trampoline			trampoline|n|1|0
trance			trance|n|3|0;trance|v|1|0
tranquil			tranquil|a|2|0
transaction	NOUN=25	transaction=18,Transaction=7	transaction|n|1|0
transactions	NOUN=15	transactions=15	transactions|n|1|0
transatlantic	ADJ=2	Transatlantic=2	transatlantic|a|1|0
transcend	VERB=2	transcend=2	transcend|v|2|0
transcribed			transcribed|a|1|0
transcript	NOUN=2	transcript=2	transcript|n|2|0
transcription	NOUN=1	transcription=1	transcription|n|5|0
transcripts	NOUN=2	transcripts=2	
transfer	NOUN=13,VERB=7	transfer=19	transfer|n|6|0;transfer|v|9|0
transferred	VERB=4	transferred=4	
transferring	VERB=3	transferring=3	
transfers	NOUN=2	transfers=2	
transform	VERB=5	transform=5	transform|v|7|0
transformation	NOUN=2	transformation=2	transformation|n|5|0
transformations	NOUN=2	transformations=2	
transformative	ADJ=5	transformative=5	
transformed	VERB=2	transformed=2	transformed|a|1|0
transformer			transformer|n|1|0
transforming	VERB=2	Transforming=1,transforming=1	
transforms	VERB=2	transforms=2	
transfusion			transfusion|n|2|0
transgender			transgender|a|1|0
transient			transient|a|2|0;transient|n|2|0
transistor			transistor|n|1|0
transit	NOUN=9,ADJ=3,PROPN=1	transit=12,Transit=1	transit|n|3|0;transit|v|4|0
transition	NOUN=9,PROPN=1	transition=9,Transition=1	transition|n|5|0;transition|v|2|0
transitional	ADJ=1	transitional=1	transitional|a|1|0
transitioning	VERB=1	transitioning=1	
translate	VERB=4	translate=4	translate|v|10|0
translated	VERB=7	translated=7	
translates	VERB=6	translates=6	
translating	VERB=5	translating=5	
translation	NOUN=21,PROPN=1	translation=21,Translation=1	translation|n|7|0
translations	NOUN=2	translations=2	
translator	NOUN=2	translator=2	translator|n|3|0
translators	PROPN=1	Translators=1	
translucent	ADJ=4	translucent=4	translucent|a|1|0
transmission	X=6,NOUN=5,PROPN=3	Transmission=8,transmission=5	transmission|n|5|0
transmit	VERB=3	transmit=3	transmit|v|4|0
transmitted	VERB=8	transmitted=8	transmitted|a|1|0
transmitter			transmitter|n|3|0
transmitting			transmitting|n|1|0
transnational	ADJ=2	transnational=2	transnational|a|1|0
transparency	NOUN=2	transparency=2	transparency|n|3|0
transparent	ADJ=6	transparent=5,TRANSPARENT=1	transparent|a|4|0
transplant	VERB=2	Transplant=1,transplant=1	transplant|n|3|0;transplant|v|4|0
transplantation			transplantation|n|2|0
transplants	NOUN=1	transplants=1	
transport	NOUN=7,VERB=7,PROPN=2	transport=14,Transport=2	transport|n|6|0;transport|v|5|0
transportation	NOUN=36,PROPN=5	transportation=33,Transportation=8	Transportation|n|1|0;transportation|n|5|0
transported	VERB=6	transported=6	
transporter	NOUN=2	Transporter=2	transporter|n|3|0
transporting	VERB=3	transporting=3	
transports	VERB=1	transports=1	
transverse			transverse|a|1|0
trap	NOUN=4	trap=4	trap|n|8|0;trap|v|5|0
trapped	VERB=4,ADJ=1	trapped=5	trapped|a|1|0
trapping			trapping|n|1|0
trash	NOUN=10,VERB=1	trash=11	trash|n|4|0;trash|v|2|0
trashed	VERB=2	trashed=2	
trauma	NOUN=6	trauma=6	trauma|n|2|0
traumatic			traumatic|a|2|0
travel	NOUN=33,VERB=20,PROPN=7	travel=50,Travel=5,TRAVEL=2	travel|n|3|0;travel|v|6|0
traveled	VERB=13	traveled=13	traveled|a|2|0
traveler	NOUN=14	traveler=13	traveler|n|1|0
travelers	NOUN=8	travelers=8	
traveling	VERB=18,NOUN=1	traveling=19	traveling|n|1|0
travelled	VERB=4	travelled=2	travelled|a|1|0
traveller	PROPN=3	Traveller=3	traveller|n|1|0
travellers	NOUN=3	travellers=3	
travelling	VERB=9,NOUN=5	travelling=13	travelling|n|1|0
travels	VERB=4,NOUN=2,PROPN=2	travels=6,Travels=2	
traverse			traverse|n|4|0;traverse|v|3|0
travis	PROPN=10	Travis=9	
tray	NOUN=2	tray=2	tray|n|1|0
tre	PROPN=2	Tre=2	
treacherous	ADJ=1	treacherous=1	treacherous|a|2|0
treachery			treachery|n|2|0
tread	VERB=2	tread=2	tread|n|4|0;tread|v|6|0
treadmill	NOUN=1	treadmill=1	treadmill|n|3|0
treason			treason|n|3|0
treasure	NOUN=3,PROPN=1	Treasure=2,treasure=2	treasure|n|4|0;treasure|v|2|0
treasured			treasured|a|1|0
treasurer	NOUN=1	treasurer=1	treasurer|n|1|0
treasures	NOUN=3	treasures=3	
treasury	PROPN=1	Treasury=1	Treasury|n|3|0;treasury|n|3|0
treat	VERB=23,NOUN=9,ADJ=1	treat=32	treat|n|2|0;treat|v|8|0
treated	VERB=31,ADJ=1	treated=32	treated|a|3|0
treaties	NOUN=1	treaties=1	
treating	VERB=4	treating=4	
treatise	NOUN=4	treatise=4	treatise|n|1|0
treatment	NOUN=37	treatment=37	treatment|n|5|0
treatments	NOUN=18	treatments=18	
treats	NOUN=3,VERB=2	treats=5	
treaty	NOUN=4,PROPN=4	Treaty=4,treaty=4	treaty|n|1|0
treble			treble|a|4|0;treble|n|1|0;treble|v|2|0
tree	NOUN=17,PROPN=2	tree=16,Tree=2	Tree|n|1|1;tree|n|2|0;tree|v|4|0
trees	NOUN=17	trees=16,Trees=1	
trek	PROPN=2,NOUN=1	Trek=1,trek=1	trek|n|2|0;trek|v|2|0
trembling	VERB=1	trembling=1	trembling|a|1|0;trembling|n|1|0
tremendous	ADJ=11	tremendous=11	tremendous|a|3|0
tremendously	ADV=1	tremendously=1	tremendously|r|1|0
trench			trench|n|3|0;trench|v|6|0
trenches	NOUN=1	trenches=1	
trend	NOUN=8	trend=8	trend|n|4|0;trend|v|2|0
trends	NOUN=10	trends=10	
trendy	ADJ=1	trendy=1	trendy|a|1|0
trent	PROPN=1		Trent|n|2|2
trenton			Trenton|n|1|1
trespass	NOUN=5	trespass=5	trespass|n|2|0;trespass|v|5|0
trespassing			trespassing|a|1|0
trey	PROPN=1	Trey=1	trey|n|2|0
triad			triad|n|4|0
trial	NOUN=54,PROPN=1	trial=54,Trial=1	trial|n|6|0
trials	NOUN=5	trials=5	
triangle			Triangle|n|1|1;triangle|n|4|0
triangular	ADJ=1	triangular=1	triangular|a|2|0
tribal	ADJ=9	tribal=9	tribal|a|1|0
tribe	NOUN=12	tribe=12	tribe|n|4|0
tribes	NOUN=7	tribes=7	
tribunal			tribunal|n|1|0
tribune	PROPN=1	Tribune=1	tribune|n|2|0
tributaries	NOUN=1	tributaries=1	
tributary			tributary|a|3|0;tributary|n|1|0
tribute	NOUN=1	tribute=1	tribute|n|3|0
trick	NOUN=4,VERB=1	trick=4,Trick=1	trick|n|7|0;trick|v|1|0
trickle	NOUN=2,VERB=2	trickle=4	trickle|n|1|0;trickle|v|1|0
tricks	NOUN=5,PROPN=2	tricks=5,Tricks=2	
tricky	ADJ=4	tricky=3	tricky|a|3|0
trident			trident|n|1|0
tried	VERB=84	tried=82	tried|a|2|0
tries	VERB=6,NOUN=2	tries=8	
trigger	VERB=5	trigger=5	trigger|n|3|0;trigger|v|2|0
triggered	VERB=2	triggered=2	
triggering	VERB=2	triggering=2	
trillion	NUM=10	trillion=10	trillion|a|2|0;trillion|n|3|0
trilogy			trilogy|n|1|0
trim	VERB=5	trim=5	trim|a|4|0;trim|n|4|0;trim|v|9|0
trimmed	VERB=1	trimmed=1	trimmed|a|1|0
trimming			trimming|n|3|0
trinidad			Trinidad|n|1|1
trinity	PROPN=3,NOUN=1	Trinity=3,trinity=1	Trinity|n|1|1;trinity|n|2|0
trio	PROPN=2	Trio=2	trio|n|5|0
trip	NOUN=49,VERB=2	trip=50,Trip=1	trip|n|7|0;trip|v|5|0
triple	ADJ=5	Triple=4,triple=1	triple|a|2|0;triple|n|3|0;triple|v|2|0
tripod			tripod|n|1|0
tripoli			Tripoli|n|2|2;tripoli|n|1|0
tripped	VERB=5	tripped=4,TRIPPED=1	
tripping	VERB=1	tripping=1	tripping|a|2|0
trips	NOUN=10	trips=10	
tristan	PROPN=1	Tristan=1	Tristan|n|1|1
triumph	NOUN=2	triumph=2	triumph|n|2|0;triumph|v|4|0
triumphant	ADJ=1	Triumphant=1	triumphant|a|2|0
triumphs	NOUN=1	triumphs=1	
trivia	NOUN=5	trivia=3,Trivia=1	trivia|n|1|0
trivial	ADJ=3	trivial=2,Trivial=1	trivial|a|3|0
trojan			Trojan|a|1|0;Trojan|n|1|0;trojan|n|1|0
troll			troll|n|4|0;troll|v|7|0
trolley			trolley|n|1|0
trolling			trolling|n|1|0
troop	NOUN=1	troop=1	troop|n|4|0;troop|v|2|0
trooper	NOUN=1	trooper=1	trooper|n|4|0
troops	NOUN=30	troops=30	troops|n|1|0
trope			trope|n|1|0
trophy	NOUN=2,PROPN=1	trophy=2,Trophy=1	trophy|n|2|0
tropical	ADJ=13	tropical=10	tropical|a|4|0
tropics	PROPN=1	tropics=1	tropics|n|1|1
trot	NOUN=5,VERB=3	trot=8	Trot|n|1|0;trot|n|3|0;trot|v|3|0
trouble	NOUN=32,VERB=1	trouble=31,TROUBLE=1	trouble|n|6|0;trouble|v|5|0
troubled	ADJ=3,VERB=2	troubled=4,Troubled=1	troubled|a|2|0
troubles	NOUN=4	troubles=3	
troublesome	ADJ=1	troublesome=1	troublesome|a|1|0
troubling	ADJ=3,VERB=1	troubling=4	troubling|a|1|0
trough			trough|n|6|0
troupe	NOUN=1	troupe=1	troupe|n|1|0
trousers	NOUN=1	trousers=1	trousers|n|1|0
trout			trout|n|2|0
troy	PROPN=3	Troy=2	Troy|n|1|1;troy|n|1|0
truce			truce|n|1|0
truck	NOUN=14	truck=14	truck|n|2|0;truck|v|1|0
trucking			trucking|n|1|0
true	ADJ=73	true=66,TRUE=1,True=1	true|a|12|0;true|n|1|0;true|r|1|0;true|v|1|0
truly	ADV=20,PROPN=1	truly=18,Truly=1	truly|r|4|0
truman	PROPN=3	Truman=3	Truman|n|1|1
trump	PROPN=15	Trump=15	trump|n|3|0;trump|v|4|0
trumpet			trumpet|n|1|0;trumpet|v|3|0
trumpets	NOUN=1	trumpets=1	trumpets|n|1|0
trunk			trunk|n|5|0
trunks	NOUN=1	trunks=1	trunks|n|1|0
truss			truss|n|3|0;truss|v|3|0
trust	VERB=36,NOUN=15	trust=46,TRUST=1,Trust=1	trust|n|6|0;trust|v|6|0
trusted	VERB=3,ADJ=1	trusted=4	trusted|a|1|0
trustee	NOUN=4	Trustee=3,trustee=1	trustee|n|2|0
trusting	VERB=2	trusting=2	trusting|a|1|0
trusts	VERB=1	trusts=1	
trustworthy	ADJ=3	trustworthy=3	trustworthy|a|2|0
truth	NOUN=33,PROPN=1	truth=33,Truth=1	Truth|n|1|1;truth|n|4|0
truthful			truthful|a|2|0
truthfully			truthfully|r|1|0
truths	NOUN=4	truths=4	
try	VERB=201,NOUN=7,INTJ=1	try=170,TRY=2	try|n|1|0;try|v|9|0
trying	VERB=139,ADJ=1	trying=133,TRYING=2,Trying=1	trying|a|2|0
tsa			TSA|n|1|0
tsar	PROPN=6,NOUN=1	Tsar=6,tsar=1	tsar|n|1|0
tsunami	NOUN=3	tsunami=3	tsunami|n|1|0
tt			TT|n|3|2
tu	PROPN=1	Tu=1	
tub	PROPN=3,NOUN=2	Tub=3,tub=2	tub|n|3|0
tube	NOUN=4,PROPN=1	tube=4,Tube=1	tube|n|5|0;tube|v|4|0
tuberculosis	NOUN=1	tuberculosis=1	tuberculosis|n|1|0
tubes	NOUN=5	tubes=5	
tubing			tubing|n|1|0
tubular			tubular|a|1|0
tuck	VERB=1	tuck=1	tuck|n|4|0;tuck|v|3|0
tucked	VERB=2	tucked=2	tucked|a|1|0
tucker			Tucker|n|2|2;tucker|n|2|0;tucker|v|1|0
tucson	PROPN=1	Tucson=1	Tucson|n|1|1
tudor			Tudor|a|1|0;Tudor|n|3|1
tuesday	PROPN=45	Tuesday=38	Tuesday|n|1|0
tug	NOUN=4	tug=4	tug|n|2|0;tug|v|7|0
tuition			tuition|n|2|0
tulip			tulip|n|1|0
tulsa	PROPN=23	Tulsa=14	Tulsa|n|1|1
tumble			tumble|n|2|0;tumble|v|11|0
tumbling	VERB=1	tumbling=1	tumbling|n|1|0
tumblr	PROPN=1	Tumblr=1	
tummy	NOUN=1	tummy=1	tummy|n|2|0
tumor	NOUN=4	tumor=4	tumor|n|1|0
tumour			tumour|n|1|0
tuna	NOUN=3	tuna=3	tuna|n|4|0
tune	NOUN=2	tune=2	tune|n|3|0;tune|v|2|0
tuned	VERB=2	tuned=2	
tung			tung|n|1|0
tungsten			tungsten|n|1|0
tuning	NOUN=1	tuning=1	tuning|n|1|0
tunisia	PROPN=7	Tunisia=6	Tunisia|n|1|1
tunisian			Tunisian|a|2|0;Tunisian|n|1|0
tunnel	NOUN=3	tunnel=3	tunnel|n|2|0;tunnel|v|2|0
turbine	NOUN=5	Turbine=5	turbine|n|1|0
turbines	NOUN=1	turbines=1	
turbulence			turbulence|n|3|0
turbulent			turbulent|a|2|0
turd			turd|n|1|0
turf			turf|n|3|0;turf|v|1|0
turin			Turin|n|1|1
turing			Turing|n|1|1
turk	PROPN=1	Turk=1	Turk|n|1|0
turkey	PROPN=5,NOUN=2	Turkey=4,turkey=2	Turkey|n|1|1;turkey|n|4|0
turkish	ADJ=1	Turkish=1	Turkish|a|1|0;Turkish|n|1|0
turks	PROPN=1	Turks=1	
turmoil	NOUN=1	turmoil=1	turmoil|n|3|0
turn	VERB=65,NOUN=23	turn=84	turn|n|12|0;turn|v|26|0
turnaround	NOUN=1	turnaround=1	turnaround|n|5|0
turned	VERB=50	turned=50	turned|a|2|0
turner	PROPN=1	Turner=1	Turner|n|4|4;turner|n|4|0
turning	VERB=16,NOUN=3	turning=19	turning|n|6|0
turnout	NOUN=4	turnout=4	turnout|n|7|0
turnover	NOUN=2	turnover=2	turnover|n|4|0
turnpike	PROPN=7	Turnpike=7	turnpike|n|2|0
turns	VERB=7,NOUN=2	turns=7,Turns=1	
turquoise			turquoise|n|2|0
turret			turret|n|2|0
turtle	NOUN=1	turtle=1	turtle|n|2|0;turtle|v|2|0
tuscany	PROPN=1	Tuscany=1	Tuscany|n|1|1
tutor	NOUN=1	tutor=1	tutor|n|1|0;tutor|v|2|0
tutorial	NOUN=2	tutorial=2	tutorial|a|1|0;tutorial|n|1|0
tutorials	NOUN=1	tutorials=1	
tutoring	NOUN=2	tutoring=2	
tuxedo			tuxedo|n|1|0
tv	NOUN=32,PROPN=4	TV=26,tv=10	TV|n|1|0;tv|n|1|0
tw	PROPN=11	TW=11	
twain	PROPN=2	Twain=1	twain|n|1|0
twat			twat|n|2|0
tweak	VERB=1	tweak=1	tweak|n|1|0;tweak|v|4|0
tweed	PROPN=2	Tweed=2	tweed|n|2|0
tweet	NOUN=1,VERB=1	tweet=2	tweet|n|2|0;tweet|v|3|0
tweeted	VERB=3	tweeted=3	
twelfth	ADJ=1	twelfth=1	twelfth|a|1|0;twelfth|n|2|0
twelve	NUM=14,NOUN=1,PROPN=1	twelve=15	twelve|a|1|0;twelve|n|1|0
twenties	NOUN=1	twenties=1	twenties|n|2|0
twentieth	ADJ=3	twentieth=3	twentieth|a|1|0;twentieth|n|1|0
twenty	NUM=40	twenty=32	twenty|a|1|0;twenty|n|2|0
twice	ADV=48	twice=46	twice|r|2|0
twilight	NOUN=4	twilight=4	twilight|a|1|0;twilight|n|3|0
twin	NOUN=3	twin=3	Twin|n|2|1;twin|a|1|0;twin|n|2|0;twin|v|4|0
twinkle	VERB=2	Twinkle=1	twinkle|n|2|0;twinkle|v|2|0
twins			Twins|n|1|1;twins|n|1|0
twist	NOUN=8,VERB=2	twist=9	twist|n|13|0;twist|v|10|0
twisted	VERB=6,ADJ=1	twisted=7	twisted|a|1|0
twisting	VERB=3	twisting=3	twisting|a|1|0;twisting|n|2|0
twists	NOUN=1,VERB=1	twists=2	
twitch			twitch|n|1|0;twitch|v|5|0
twitter	PROPN=8	Twitter=7	Twitter|n|1|0;twitter|n|1|0;twitter|v|1|0
two	NUM=554,PROPN=2,X=1	two=510,Two=9,TWO=4	two|a|1|0;two|n|2|0
tx	PROPN=7	TX=7	TX|n|1|1
ty	INTJ=2		
tycoon	NOUN=1	Tycoon=1	tycoon|n|1|0
tying	VERB=1	tying=1	tying|n|1|0
tyler	PROPN=9	Tyler=6	Tyler|n|2|2
tyne			Tyne|n|1|1
type	NOUN=66,VERB=5	type=66,Type=4,TYPE=1	type|n|6|0;type|v|2|0
typed	VERB=1	typed=1	
types	NOUN=35	types=33,TYPES=1,Types=1	
typewriter			typewriter|n|1|0
typhoon			typhoon|n|1|0
typical	ADJ=15	typical=14	typical|a|3|0
typically	ADV=18	typically=15	typically|r|1|0
typing			typing|n|1|0
typo	NOUN=1	typo=1	typo|n|1|0
tyranny			tyranny|n|2|0
tyrant			tyrant|n|3|0
tyre	PROPN=1	Tyre=1	Tyre|n|1|1;tyre|n|1|0
tyson			Tyson|n|1|1
ubiquitous			ubiquitous|a|1|0
uc	PROPN=1,X=1	UC=2	
ufc	PROPN=1	ufc=1	
ufo			UFO|n|1|0
uganda			Uganda|n|1|1
ugandan			Ugandan|a|1|0;Ugandan|n|1|0
ugh	INTJ=6		
ugly	ADJ=8	ugly=5,Ugly=2,UGLY=1	ugly|a|4|0
uh	INTJ=230,PROPN=1	uh=178,UH=2	
uhh	INTJ=2	uhh=2	
uhm	INTJ=1	uhm=1	
uk	PROPN=29	UK=27,uk=1	UK|n|1|1
ukraine	PROPN=4	Ukraine=4	Ukraine|n|1|1
ukrainian			Ukrainian|a|1|0;Ukrainian|n|1|0
ul	PROPN=1	ul=1	
ulster	PROPN=1	Ulster=1	Ulster|n|1|1;ulster|n|1|0
ultimate	ADJ=12	ultimate=12	ultimate|a|2|0;ultimate|n|1|0
ultimately	ADV=16	ultimately=15	ultimately|r|1|0
ultimatum			ultimatum|n|1|0
ultra	ADV=1	ultra=1	ultra|a|1|0
ultrasonic	ADJ=3,PROPN=2	ultrasonic=3,UltraSonic=2	ultrasonic|a|1|0
ultrasound	NOUN=1	ultrasound=1	ultrasound|n|2|0
ultraviolet	ADJ=1	Ultraviolet=1	ultraviolet|a|1|0;ultraviolet|n|1|0
ulysses	PROPN=1	Ulysses=1	Ulysses|n|1|1
um	INTJ=186,NOUN=1	um=102	
umbrella	NOUN=2	umbrella=2	umbrella|a|1|0;umbrella|n|3|0
umm	INTJ=2		
umpire	NOUN=6	umpire=6	umpire|n|2|0;umpire|v|1|0
umpires	NOUN=2	umpires=2	
un	PROPN=13	UN=11,un=1	UN|n|1|0
unable	ADJ=25	unable=24	unable|a|3|0
unacceptable	ADJ=4	unacceptable=4	unacceptable|a|4|0
unaffected	ADJ=2	unaffected=2	unaffected|a|4|0
unanimous	ADJ=1	unanimous=1	unanimous|a|2|0
unanimously	ADV=3	unanimously=3	unanimously|r|1|0
unanswered			unanswered|a|1|0
unarmed			unarmed|a|2|0
unattended	ADJ=1	unattended=1	unattended|a|3|0
unattractive			unattractive|a|3|0
unauthorized	ADJ=1	unauthorized=1	unauthorized|a|2|0
unavailable	ADJ=1	unavailable=1	unavailable|a|1|0
unavoidable	ADJ=1	unavoidable=1	unavoidable|a|1|0
unaware	ADJ=3	unaware=3	unaware|a|1|0
unbalanced			unbalanced|a|3|0
unbearable	ADJ=1	unbearable=1	unbearable|a|1|0
unbeatable	ADJ=2	unbeatable=2	unbeatable|a|2|0
unbeaten	ADJ=1	unbeaten=1	unbeaten|a|1|0
unbelievable	ADJ=5	unbelievable=5	unbelievable|a|2|0
unbelievably	ADV=1		unbelievably|r|2|0
unbiased			unbiased|a|2|0
unborn			unborn|a|1|0
unbreakable			unbreakable|a|1|0
unbroken			unbroken|a|5|0
unc	PROPN=1	UNC=1	
uncanny			uncanny|a|2|0
uncertain	ADJ=6	uncertain=6	uncertain|a|7|0
uncertainties	NOUN=1	uncertainties=1	
uncertainty	NOUN=7	uncertainty=7	uncertainty|n|2|0
unchanged	ADJ=2	unchanged=2	unchanged|a|2|0
uncharted			uncharted|a|1|0
unchecked			unchecked|a|1|0
uncle	NOUN=6	uncle=5,Uncle=1	uncle|n|2|0
unclear	ADJ=4	unclear=4	unclear|a|3|0
uncomfortable	ADJ=3	uncomfortable=3	uncomfortable|a|2|0
uncommon	ADJ=5	uncommon=5	uncommon|a|2|0
unconditional			unconditional|a|3|0
unconditionally			unconditionally|r|2|0
unconscious	ADJ=5	unconscious=5	unconscious|a|3|0;unconscious|n|1|0
unconstitutional	ADJ=1	unconstitutional=1	unconstitutional|a|1|0
uncontrollable			uncontrollable|a|4|0
uncontrolled	ADJ=2	uncontrolled=2	uncontrolled|a|1|0
unconventional			unconventional|a|3|0
uncover	VERB=3	uncover=2	uncover|v|3|0
uncovered	VERB=5	uncovered=5	uncovered|a|1|0
uncut	ADJ=2	uncut=2	uncut|a|7|0
undecided	ADJ=3	undecided=3	undecided|a|3|0
undefeated			undefeated|a|1|0
undeniable	ADJ=1	undeniable=1	undeniable|a|1|0
undeniably			undeniably|r|1|0
under	ADP=241,ADJ=2,ADV=1,VERB=1	under=235,Under=1	under|a|2|0;under|r|8|0
underage	ADJ=3	underage=3	underage|a|2|0
undercover			undercover|a|1|0
undercut	VERB=1	undercut=1	undercut|n|5|0;undercut|v|5|0
underdog	NOUN=1	underdog=1	underdog|n|1|0
underestimate	VERB=1	underestimate=1	underestimate|n|1|0;underestimate|v|3|0
undergo			undergo|v|1|0
undergoing	VERB=3	undergoing=3	
undergone	VERB=1	undergone=1	
undergraduate	PROPN=5,ADJ=3,NOUN=2	Undergraduate=5,undergraduate=4	undergraduate|n|1|0
undergraduates	NOUN=1	undergraduates=1	
underground	ADJ=4,PROPN=2,ADV=1,NOUN=1	underground=6,Underground=2	underground|a|2|0;underground|n|2|0;underground|r|2|0
underlying	VERB=3,ADJ=1	underlying=4	underlying|a|3|0
undermine	VERB=2	undermine=2	undermine|v|2|0
undermined	VERB=1	undermined=1	
undermines	VERB=2	undermines=2	
undermining	VERB=3	undermining=3	
underneath	ADP=2,ADV=2	underneath=4	underneath|r|2|0
underside			underside|n|1|0
understand	VERB=124	understand=108	understand|v|5|0
understandable	ADJ=2	understandable=2	understandable|a|1|0
understandably	ADV=2	understandably=1	understandably|r|1|0
understanding	NOUN=37,VERB=3,ADJ=2	understanding=42	understanding|a|1|0;understanding|n|4|0
understands	VERB=5	understands=5	
understated			understated|a|1|0
understatement	NOUN=1	understatement=1	understatement|n|1|0
understood	VERB=15	understood=15	understood|a|2|0
undertake	VERB=3	undertake=3	undertake|v|5|0
undertaken	VERB=6	undertaken=6	
undertaker	PROPN=3	Undertaker=3	undertaker|n|1|0
undertaking	VERB=1	undertaking=1	undertaking|n|2|0
undertook	VERB=1	undertook=1	
underwater	ADJ=1	underwater=1	underwater|a|2|0
underway	ADJ=4,ADV=1	underway=5	underway|a|1|0
underwear	NOUN=4	Underwear=2,underwear=2	underwear|n|1|0
underwent	VERB=2	underwent=2	
underwood			underwood|n|1|0
underworld			underworld|n|2|0
underwriting	NOUN=1	Underwriting=1	
undesirable	ADJ=1	undesirable=1	undesirable|a|2|0;undesirable|n|1|0
undeveloped			undeveloped|a|2|0
undisclosed	ADJ=1	undisclosed=1	undisclosed|a|1|0
undisputed	ADJ=4	undisputed=4	undisputed|a|1|0
undo	VERB=3	undo=3	undo|v|5|0
undocumented	ADJ=1	undocumented=1	undocumented|a|1|0
undone			undone|a|4|0
undoubtedly	ADV=4	undoubtedly=4	undoubtedly|r|1|0
undue	ADJ=2	undue=2	undue|a|4|0
une	DET=1	Une=1	
unearthed	VERB=1	unearthed=1	
uneasy	ADJ=1	uneasy=1	uneasy|a|5|0
uneducated	ADJ=1	uneducated=1	uneducated|a|1|0
unemployed	ADJ=6	unemployed=6	unemployed|a|1|0;unemployed|n|1|0
unemployment	NOUN=6	unemployment=6	unemployment|n|1|0
unequal	ADJ=5	unequal=5	unequal|a|2|0
unesco	PROPN=8	UNESCO=8	UNESCO|n|1|0
unethical			unethical|a|1|0
uneven	ADJ=3	uneven=3	uneven|a|5|0
unexpected	ADJ=6	unexpected=6	unexpected|a|1|0
unexpectedly	ADV=2	unexpectedly=2	unexpectedly|r|2|0
unexplained			unexplained|a|2|0
unfair	ADJ=3	unfair=2	unfair|a|1|0
unfairly			unfairly|r|1|0
unfamiliar	ADJ=5	unfamiliar=5	unfamiliar|a|1|0
unfavorable	ADJ=1	unfavorable=1	unfavorable|a|3|0
unfinished	ADJ=1	unfinished=1	unfinished|a|3|0
unfit			unfit|a|3|0;unfit|v|1|0
unfold	VERB=2	unfold=2	unfold|v|4|0
unfolded	VERB=1	unfolded=1	
unfolding	VERB=1	unfolding=1	unfolding|n|1|0
unfolds	VERB=1	unfolds=1	
unforeseen			unforeseen|a|1|0
unforgettable			unforgettable|a|1|0
unfortunate	ADJ=3	unfortunate=3	unfortunate|a|3|0;unfortunate|n|1|0
unfortunately	ADV=28	unfortunately=8	unfortunately|r|1|0
unfounded			unfounded|a|1|0
unfriendly	ADJ=2	Unfriendly=1,unfriendly=1	unfriendly|a|4|0
ungrateful			ungrateful|a|2|0
unhappiness			unhappiness|n|2|0
unhappy	ADJ=5	unhappy=5	unhappy|a|4|0
unharmed			unharmed|a|1|0
unhealthy	ADJ=1	unhealthy=1	unhealthy|a|3|0
unheard	ADJ=2	unheard=2	unheard|a|1|0
uni	NOUN=2	uni=2	
unicef			UNICEF|n|1|0
unicorn			unicorn|n|1|0
unidentified			unidentified|a|2|0
unification	PROPN=1	Unification=1	unification|n|3|0
unified	VERB=1	unified=1	unified|a|2|0
uniform	NOUN=5,ADJ=3	uniform=8	uniform|a|4|0;uniform|n|1|0;uniform|v|1|0
uniformed			uniformed|a|1|0
uniformly			uniformly|r|1|0
uniforms	NOUN=4	uniforms=4	
unifying			unifying|a|2|0
unilateral	ADJ=1	unilateral=1	unilateral|a|2|0
unilaterally	ADV=1	unilaterally=1	unilaterally|r|1|0
unimaginable			unimaginable|a|1|0
unimportant	ADJ=2	unimportant=2	unimportant|a|2|0
uninsured	ADJ=1	uninsured=1	uninsured|a|1|0
unintended			unintended|a|1|0
unintentional			unintentional|a|2|0
unintentionally			unintentionally|r|1|0
uninterrupted	ADJ=1	uninterrupted=1	uninterrupted|a|2|0
union	PROPN=44,NOUN=15	Union=49,union=8	Union|a|1|0;Union|n|1|1;union|a|1|0;union|n|10|0
unionist			unionist|n|1|0
unions	NOUN=1	unions=1	
unique	ADJ=36	unique=33	unique|a|4|0
uniquely	ADV=6	uniquely=6	uniquely|r|1|0
uniqueness			uniqueness|n|1|0
unison			unison|n|3|0
unit	NOUN=28	unit=26,Unit=1	unit|n|6|0
unite	VERB=2	unite=2	unite|v|6|0
united	VERB=147,ADJ=100	United=235,united=9,UNITED=1	united|a|3|0
uniting			uniting|n|2|0
units	NOUN=19	units=18,Units=1	
unity	NOUN=13,PROPN=1	unity=12,Unity=2	unity|n|3|0
universal	ADJ=19,PROPN=1	universal=19,Universal=1	universal|a|3|0;universal|n|4|0
universally	ADV=1	universally=1	universally|r|1|0
universe	NOUN=10,PROPN=2	universe=10,Universe=2	universe|n|3|0
universities	NOUN=21,PROPN=1	universities=20,Universities=1	
university	PROPN=119,NOUN=19	University=118,university=16	university|n|3|0
unix	PROPN=1	UNIX=1	UNIX|n|1|0
unjust	ADJ=1	unjust=1	unjust|a|3|0
unknowingly			unknowingly|r|1|0
unknown	ADJ=16	unknown=16	unknown|a|5|0;unknown|n|3|0
unlawful	ADJ=1	unlawful=1	unlawful|a|5|0
unlawfully	ADV=1	unlawfully=1	unlawfully|r|1|0
unleash			unleash|v|3|0
unleashed	VERB=1	unleashed=1	
unless	SCONJ=53	unless=44,UNLESS=1	
unlicensed			unlicensed|a|1|0
unlike	ADP=16	unlike=8	unlike|a|2|0
unlikely	ADJ=15	unlikely=15	unlikely|a|3|0
unlimited	ADJ=9,PROPN=2	unlimited=7,UNLIMITED=2,Unlimited=2	unlimited|a|3|0
unload	VERB=1	unload=1	unload|v|2|0
unloaded			unloaded|a|1|0
unloading	VERB=3,NOUN=1	unloading=4	unloading|n|1|0
unlock	VERB=1	unlock=1	unlock|v|3|0
unlocked	VERB=2	unlocked=2	unlocked|a|1|0
unlucky			unlucky|a|2|0
unmanned	ADJ=1	unmanned=1	unmanned|a|1|0
unmarked			unmarked|a|2|0
unmarried	ADJ=1	unmarried=1	unmarried|a|1|0
unmatched			unmatched|a|2|0
unnamed	ADJ=3	unnamed=3	unnamed|a|1|0
unnatural	ADJ=1	unnatural=1	unnatural|a|3|0
unnecessarily	ADV=1	unnecessarily=1	unnecessarily|r|2|0
unnecessary	ADJ=5	unnecessary=5	unnecessary|a|1|0
unnoticed			unnoticed|a|1|0
uno	NOUN=2,PROPN=2	Uno=3,uno=1	
unofficial	ADJ=2	unofficial=2	unofficial|a|2|0
unorthodox	ADJ=2	unorthodox=2	unorthodox|a|2|0
unpaid	ADJ=1	unpaid=1	unpaid|a|3|0
unparalleled	ADJ=1	unparalleled=1	unparalleled|a|1|0
unplanned			unplanned|a|2|0
unpleasant	ADJ=3	unpleasant=3	unpleasant|a|1|0
unpopular	ADJ=5	unpopular=5	unpopular|a|1|0
unprecedented	ADJ=9	unprecedented=9	unprecedented|a|1|0
unpredictable	ADJ=2	unpredictable=2	unpredictable|a|3|0
unprepared			unprepared|a|1|0
unproductive	ADJ=1	unproductive=1	unproductive|a|2|0
unprofessional	ADJ=2	unprofessional=2	unprofessional|a|1|0
unprotected			unprotected|a|1|0
unpublished			unpublished|a|1|0
unqualified			unqualified|a|4|0
unquestionably	ADV=1	unquestionably=1	unquestionably|r|2|0
unravel			unravel|v|3|0
unreal			unreal|a|4|0
unrealistic	ADJ=1	unrealistic=1	unrealistic|a|1|0
unreasonable	ADJ=1	unreasonable=1	unreasonable|a|2|0
unrelated	ADJ=5	unrelated=5	unrelated|a|2|0
unreleased			unreleased|a|1|0
unreliable	ADJ=3	unreliable=3	unreliable|a|4|0
unresolved	ADJ=2	unresolved=2	unresolved|a|3|0
unrest	NOUN=1	unrest=1	unrest|n|2|0
unrestricted	ADJ=2	unrestricted=2	unrestricted|a|5|0
unsafe	ADJ=2	unsafe=2	unsafe|a|3|0
unsecured			unsecured|a|2|0
unseen			unseen|a|3|0;unseen|n|1|0
unsettled			unsettled|a|4|0
unsettling	ADJ=1	unsettling=1	
unsigned			unsigned|a|1|0
unsolicited	ADJ=1	unsolicited=1	unsolicited|a|1|0
unsolved	ADJ=1	unsolved=1	unsolved|a|1|0
unspeakable			unspeakable|a|3|0
unspecified	ADJ=1	unspecified=1	unspecified|a|1|0
unspoken	ADJ=1	unspoken=1	unspoken|a|2|0
unstable	ADJ=4	unstable=4	unstable|a|6|0
unstoppable			unstoppable|a|1|0
unsuccessful	ADJ=2	unsuccessful=2	unsuccessful|a|2|0
unsuccessfully			unsuccessfully|r|1|0
unsuitable			unsuitable|a|4|0
unsure	ADJ=7	unsure=7	unsure|a|2|0
unsuspecting	ADJ=1	unsuspecting=1	unsuspecting|a|2|0
unsustainable	ADJ=1	unsustainable=1	
unthinkable	ADJ=3	unthinkable=3	unthinkable|a|1|0
until	SCONJ=96,ADP=58	until=144,Until=1	
untimely			untimely|a|2|0;untimely|r|1|0
untitled			untitled|a|1|0
unto	ADP=2	unto=2	
untold			untold|a|1|0
untouchable	ADJ=1	untouchable=1	untouchable|a|5|0;untouchable|n|1|0
untouched	ADJ=1	untouched=1	untouched|a|4|0
untreated	ADJ=1	untreated=1	untreated|a|3|0
untrue	ADJ=2	UNTRUE=1,untrue=1	untrue|a|4|0
unused	ADJ=3	unused=3	unused|a|3|0
unusual	ADJ=10	unusual=10	unusual|a|3|0
unusually	ADV=1	unusually=1	unusually|r|1|0
unveil			unveil|v|3|0
unveiled	VERB=2	unveiled=2	unveiled|a|1|0
unveiling	NOUN=1	unveiling=1	unveiling|n|2|0
unwanted	ADJ=2	unwanted=2	unwanted|a|2|0
unwarranted			unwarranted|a|3|0
unwelcome			unwelcome|a|2|0
unwell			unwell|a|1|0
unwilling	ADJ=1	unwilling=1	unwilling|a|2|0
unwillingness	NOUN=2	unwillingness=2	unwillingness|n|1|0
unwind			unwind|v|4|0
unwise			unwise|a|2|0
unworthy	ADJ=1	unworthy=1	unworthy|a|3|0
up	ADP=724,ADV=149,NOUN=23,ADJ=9,PROPN=4,VERB=1	up=899,UP=6,Up=3	up|a|8|0;up|r|5|0;up|v|1|0
upbeat			upbeat|a|1|0;upbeat|n|2|0
upbringing	NOUN=1	upbringing=1	upbringing|n|2|0
upcoming	ADJ=8	upcoming=8	upcoming|a|1|0
update	NOUN=16,VERB=10	update=23	update|n|2|0;update|v|3|0
updated	VERB=8,ADJ=2	updated=10	
updates	NOUN=7	updates=7	
updating	VERB=1		updating|n|1|0
upfront			upfront|a|1|0
upgrade	NOUN=4	upgrade=4	upgrade|n|6|0;upgrade|v|5|0
upgraded	VERB=3	upgraded=3	
upheaval	NOUN=2	upheaval=2	upheaval|n|4|0
uphill	ADV=2	uphill=2	uphill|a|1|0;uphill|n|1|0;uphill|r|2|0
uphold	VERB=1	uphold=1	uphold|v|3|0
upholding	VERB=2	upholding=2	
upkeep			upkeep|n|2|0
uplift			uplift|n|2|0;uplift|v|3|0
uplifting	ADJ=1	uplifting=1	uplifting|n|1|0
upload	VERB=2	upload=2	upload|v|1|0
uploaded	VERB=1	uploaded=1	
uploads	VERB=3	uploads=3	
upon	ADP=94,SCONJ=15,ADV=1	upon=98	
upper	ADJ=19	upper=17,Upper=2	upper|a|3|0;upper|n|3|0
upright	ADJ=4	upright=4	upright|a|3|0;upright|n|2|0
uprising	NOUN=3	uprising=3	uprising|n|1|0
uproar			uproar|n|2|0
ups	NOUN=6,PROPN=3	ups=6,UPS=2	
upscale	ADJ=4	upscale=4	upscale|a|1|0
upset	ADJ=4,VERB=2	upset=6	upset|a|5|0;upset|n|6|0;upset|v|6|0
upsetting	ADJ=1	upsetting=1	upsetting|a|1|0
upside	NOUN=4	upside=4	upside|n|1|0
upstairs	ADV=5,ADJ=1	upstairs=6	upstairs|a|1|0;upstairs|n|1|0;upstairs|r|2|0
upstate			upstate|r|1|0
upstream	PROPN=1	Upstream=1	upstream|a|1|0;upstream|r|1|0
uptake			uptake|n|2|0
uptown	PROPN=3	Uptown=2	uptown|a|1|0;uptown|n|1|0;uptown|r|1|0
upward			upward|a|2|0;upward|r|2|0
upwards	ADV=1	upwards=1	upwards|r|2|0
ur	PRON=6	ur=5	Ur|n|1|1
uranium	NOUN=1	uranium=1	uranium|n|1|0
urban	ADJ=25	urban=21,Urban=4	urban|a|2|0
urbana			Urbana|n|1|1
urdu			Urdu|n|1|0
urge	VERB=8,NOUN=4	urge=12	urge|n|2|0;urge|v|3|0
urged	VERB=6	urged=6	
urgency	NOUN=1	urgency=1	urgency|n|4|0
urgent	ADJ=7	urgent=6,URGENT=1	urgent|a|1|0
urgently	ADV=2	urgently=2	urgently|r|1|0
urges	NOUN=1	urges=1	
urging	VERB=3,NOUN=1	urging=4	urging|n|3|0
urinary	ADJ=3	urinary=2,Urinary=1	urinary|a|2|0
urine	NOUN=6	urine=6	urine|n|1|0
url	NOUN=2	url=2	URL|n|1|0
urn			urn|n|2|0
ursula	X=2,PROPN=1	URSULA=2,Ursula=1	
uruguay			Uruguay|n|1|1
us	PRON=420,PROPN=254,NOUN=1	us=416,US=242,Us=7	US|n|1|1
usa	PROPN=18	USA=18	USA|n|2|1
usable			usable|a|3|0
usage	NOUN=6	usage=5	usage|n|3|0
usb	NOUN=6	USB=6	
usd	NOUN=5,SYM=3	USD=8	
usda	PROPN=1		USDA|n|1|0
use	VERB=273,NOUN=110,ADJ=1,PRON=1	use=364,USE=2,Use=2	use|n|7|0;use|v|6|0
used	VERB=238,ADJ=7	used=242	used|a|3|0
useful	ADJ=22	useful=21	useful|a|2|0
usefulness	NOUN=1	usefulness=1	usefulness|n|1|0
useless	ADJ=5	useless=5	useless|a|1|0
user	NOUN=17	user=14,User=2	user|n|3|0
username	NOUN=2	username=2	
users	NOUN=19,PROPN=2	users=18,Users=2	
uses	VERB=12,NOUN=7,PROPN=1	uses=19,Uses=1	
usher			Usher|n|1|1;usher|n|2|0;usher|v|1|0
using	VERB=155	using=140,Using=5	using|n|1|0
usps	PROPN=6	USPS=3	USPS|n|1|0
uss	PROPN=6	USS=6	
ussr			USSR|n|1|1
usual	ADJ=20	usual=19,USUAL=1	usual|a|2|0
usually	ADV=83	usually=72,Usually=1	usually|r|1|0
ut	PROPN=6	UT=6	UT|n|2|1;ut|n|1|0
utah	PROPN=5	Utah=5	Utah|n|1|1
utc	PROPN=1	UTC=1	UTC|n|1|0
utensils	NOUN=3	utensils=3	
uterus			uterus|n|1|0
utilised			utilised|a|1|0
utilities	NOUN=7	utilities=7	
utility	NOUN=7,PROPN=1	utility=7,Utility=1	utility|a|2|0;utility|n|6|0
utilization	NOUN=2	utilization=1	utilization|n|2|0
utilize	VERB=3	utilize=3	utilize|v|2|0
utilized	VERB=1	utilized=1	utilized|a|1|0
utilizes	VERB=1	utilizes=1	
utmost			utmost|a|2|0;utmost|n|1|0
utopia			Utopia|n|2|1;utopia|n|2|0
utopian			Utopian|a|1|0;Utopian|n|1|0;utopian|a|2|0
utter	ADJ=4	utter=4	utter|a|2|0;utter|v|4|0
uttered			uttered|a|1|0
utterly	ADV=2	utterly=2	utterly|r|1|0
uv	NOUN=4,ADJ=2	UV=5,uv=1	UV|n|1|0
uva	NOUN=3,PROPN=2	UVA=5	
uw	PROPN=1	UW=1	
uzbekistan	PROPN=2	Uzbekistan=2	Uzbekistan|n|1|1
va	PROPN=1	VA=1	VA|n|2|1
vacancy	NOUN=1	vacancy=1	vacancy|n|2|0
vacant			vacant|a|2|0
vacate			vacate|v|3|0
vacated	VERB=1	vacated=1	
vacation	NOUN=27	vacation=27	vacation|n|2|0;vacation|v|1|0
vacations	NOUN=2	vacations=2	
vaccinated			vaccinated|a|1|0
vaccination			vaccination|n|2|0
vaccine	NOUN=12	vaccine=12	vaccine|n|1|0
vaccines	NOUN=3	vaccines=3	
vacuum	NOUN=5	vacuum=5	vacuum|n|4|0;vacuum|v|1|0
vagina			vagina|n|1|0
vaginal			vaginal|a|1|0
vague	ADJ=2	vague=2	vague|a|3|0
vaguely	ADV=3	vaguely=3	vaguely|r|1|0
vain	ADJ=2	vain=2	vain|a|2|0
val	PROPN=2	Val=1,val=1	
vale			vale|n|1|0
valencia	PROPN=1	Valencia=1	Valencia|n|2|2
valentine	PROPN=2	Valentine=1,valentine=1	Valentine|n|1|0;valentine|n|1|0
valerie	PROPN=1	Valerie=1	
valet	NOUN=1	valet=1	valet|n|1|0;valet|v|1|0
valiant	ADJ=1	valiant=1	valiant|a|1|0
valid	ADJ=11	valid=11	valid|a|2|0
validate	VERB=2	validate=2	validate|v|4|0
validated			validated|a|1|0
validation			validation|n|2|0
validity	NOUN=5	validity=5	validity|n|2|0
valley	PROPN=13,NOUN=10	Valley=12,valley=10	valley|n|1|0
valleys	NOUN=1	valleys=1	
valor			valor|n|1|0
valuable	ADJ=16	valuable=16	valuable|a|2|0;valuable|n|1|0
valuation	NOUN=5	valuation=5	valuation|n|2|0
value	NOUN=78,VERB=5	value=82,Value=1	value|n|6|0;value|v|5|0
valued	VERB=3	valued=3	valued|a|2|0
values	NOUN=46,VERB=2	values=48	values|n|1|0
valve	NOUN=1	valve=1	valve|n|5|0
vampire			vampire|n|1|0
vampires	NOUN=1	vampires=1	
van	PROPN=3,NOUN=2	Van=3,VAN=1,van=1	van|n|5|0
vancouver	PROPN=1	Vancouver=1	Vancouver|n|3|3
vandalism			vandalism|n|1|0
vanderbilt			Vanderbilt|n|1|1
vanessa			Vanessa|n|1|0
vanguard	PROPN=1	vanguard=1	vanguard|n|3|0
vanilla	NOUN=10,ADJ=1	vanilla=8,Vanilla=3	vanilla|a|2|0;vanilla|n|3|0
vanish	VERB=3	vanish=3	vanish|v|5|0
vanished	VERB=2	vanished=2	vanished|a|1|0
vanishing			vanishing|n|2|0
vanity			vanity|n|4|0
vans	PROPN=4,NOUN=2	Vans=4,vans=2	
vantage			vantage|n|2|0
vape			vape|n|1|0;vape|v|1|0
vaping			vaping|n|1|0
vapor	NOUN=1	vapor=1	vapor|n|2|0
var	NOUN=1	VAR=1	var|n|1|0
vargas			Vargas|n|1|1
variability	NOUN=3	variability=3	variability|n|2|0
variable	ADJ=1,NOUN=1	variable=2	variable|a|3|0;variable|n|4|0
variables	NOUN=4	variables=4	
variance			variance|n|7|0
variant	NOUN=1	variant=1	variant|a|2|0;variant|n|4|0
variants	NOUN=1	variants=1	
variation	NOUN=6	variation=6	variation|n|11|0
varied	ADJ=1,VERB=1	varied=2	varied|a|3|0
varies	VERB=6	varies=6	
varieties	NOUN=7	varieties=7	
variety	NOUN=24	variety=22,Variety=2	variety|n|6|0
various	ADJ=45	various=41	various|a|4|0
variously			variously|r|1|0
varsity			varsity|n|2|0
vary	VERB=7	vary=7	vary|v|4|0
varying	VERB=4	varying=4	varying|a|1|0
vascular			vascular|a|1|0
vase	NOUN=1	vase=1	vase|n|1|0
vast	ADJ=23	vast=23	vast|a|1|0
vastly	ADV=1	vastly=1	vastly|r|1|0
vat			VAT|n|1|0;vat|n|1|0
vatican			Vatican|n|1|1
vaughan			Vaughan|n|1|1
vaughn	PROPN=1	Vaughn=1	
vault			vault|n|4|0;vault|v|2|0
vc	PROPN=3	VC=3	
ve	AUX=15	ve=14,VE=1	
vector			vector|n|4|0
veg	NOUN=1	veg=1	veg|n|1|0
vega			Vega|n|2|2
vegan	ADJ=16,NOUN=1	vegan=8,Vegan=7,VEGAN=1	vegan|a|1|0;vegan|n|1|0
vegas	PROPN=3	Vegas=3	
vegetable	NOUN=8	vegetable=8	vegetable|n|2|0
vegetables	NOUN=10	vegetables=10	
vegetarian	ADJ=4,NOUN=1	vegetarian=5	vegetarian|a|1|0;vegetarian|n|1|0
vegetation	NOUN=5	vegetation=5	vegetation|n|4|0
veggie	NOUN=2	veggie=2	veggie|n|1|0
veggies	NOUN=4	veggies=4	
vehemently	ADV=1	vehemently=1	vehemently|r|1|0
vehicle	NOUN=19,PROPN=1	vehicle=17,Vehicle=3	vehicle|n|4|0
vehicles	NOUN=9	vehicles=9	
veil			veil|n|4|0;veil|v|2|0
veiled	ADJ=1	veiled=1	veiled|a|2|0
vein			vein|n|5|0;vein|v|1|0
veins	NOUN=1	veins=1	
velocity	NOUN=7	velocity=7	velocity|n|1|0
velvet	PROPN=1	Velvet=1	velvet|a|2|0;velvet|n|1|0
vendetta			vendetta|n|1|0
vending			vending|n|1|0
vendor	NOUN=2	Vendor=1,vendor=1	vendor|n|1|0
vendors	NOUN=12	vendors=11,Vendors=1	
veneer			veneer|n|2|0;veneer|v|1|0
venerable			venerable|a|2|0
venetian			Venetian|a|1|0;Venetian|n|1|0
venezuela	PROPN=5	Venezuela=4	Venezuela|n|1|1
venezuelan	ADJ=1	Venezuelan=1	Venezuelan|a|1|0;Venezuelan|n|1|0
vengeance	NOUN=2,PROPN=1	Vengeance=2,vengeance=1	vengeance|n|1|0
venice	PROPN=2	Venice=2	Venice|n|1|1
venom			venom|n|2|0
vent	NOUN=2	vent=2	vent|n|5|0;vent|v|2|0
ventilation	NOUN=1	ventilation=1	ventilation|n|4|0
venting			venting|n|1|0
vents	NOUN=1	vents=1	
venture	NOUN=8,VERB=5	venture=13	venture|n|3|0;venture|v|3|0
ventured	VERB=1	ventured=1	
ventures	NOUN=2,PROPN=1	ventures=2,Ventures=1	
venue	NOUN=2	venue=2	venue|n|2|0
venues	NOUN=2	venues=2	
venus	PROPN=5	Venus=5	Venus|n|3|2
vera	NOUN=1,PROPN=1	Vera=1,vera=1	
verb	NOUN=5	verb=5	verb|n|2|0
verbal	ADJ=2	verbal=2	verbal|a|6|0
verbally	ADV=1	verbally=1	verbally|r|2|0
verbs	NOUN=2	verbs=2	
verde	NOUN=1,PROPN=1	Verde=1,verde=1	
verdict	NOUN=4	verdict=4	verdict|n|1|0
verge	NOUN=2	verge=2	verge|n|4|0;verge|v|1|0
verification	NOUN=1	verification=1	verification|n|2|0
verified	VERB=3	verified=3	verified|a|1|0
verify	VERB=5	verify=5	verify|v|4|0
verifying	VERB=1	verifying=1	verifying|a|1|0
verizon	PROPN=3	Verizon=2,verizon=1	
vermont			Vermont|n|1|1
vernacular			vernacular|a|1|0;vernacular|n|2|0
vernon	PROPN=2	Vernon=2	
verona			Verona|n|1|1
veronica	PROPN=1	Veronica=1	veronica|n|1|0
versa	ADV=4	versa=4	
versailles	NOUN=1	Versailles=1	Versailles|n|2|2
versatile	ADJ=1	versatile=1	versatile|a|4|0
versatility			versatility|n|1|0
verse	NOUN=1	verse=1	verse|n|3|0;verse|v|2|0
versed			Versed|n|1|0;versed|a|1|0
version	NOUN=38	version=38	version|n|6|0
versions	NOUN=11	versions=11	
versus	ADP=15	versus=15	
vertex			vertex|n|2|0
vertical	ADJ=3	vertical=3	vertical|a|4|0;vertical|n|2|0
vertically	ADV=2	vertically=2	vertically|r|1|0
vertigo			vertigo|n|1|0
very	ADV=679,ADJ=18,VERB=1	very=629,VERY=14,Very=1	very|a|2|0;very|r|2|0
vessel	NOUN=3	vessel=3	vessel|n|3|0
vessels	NOUN=3	vessels=2	
vest			vest|n|2|0;vest|v|5|0
vested	ADJ=2,VERB=1	vested=3	vested|a|1|0
vests	NOUN=3	vests=3	
vet	NOUN=39	vet=38,Vet=1	vet|n|2|0;vet|v|4|0
veteran	ADJ=5,NOUN=5	veteran=10	veteran|a|1|0;veteran|n|3|0
veterans	NOUN=3,PROPN=3	veterans=5,Veterans=1	
veterinarian	NOUN=1	veterinarian=1	veterinarian|n|1|0
veterinary	ADJ=2	Veterinary=2	veterinary|a|1|0;veterinary|n|1|0
veto	VERB=3,NOUN=2	veto=5	veto|n|2|0;veto|v|2|0
vets	NOUN=4	vets=4	
vhs	NOUN=1	VHS=1	
vi	NUM=8	VI=8	VI|n|2|1;vi|a|1|0
via	ADP=34	via=33	
viability	NOUN=3	viability=3	viability|n|2|0
viable	ADJ=8	viable=8	viable|a|2|0
viagra			Viagra|n|1|0
vial	NOUN=3	vial=3	vial|n|1|0
vibe	NOUN=4	vibe=4	vibe|n|1|0;vibe|v|1|0
vibes	NOUN=1	vibes=1	vibes|n|1|0
vibrant	ADJ=2	vibrant=2	vibrant|a|3|0
vibrating	VERB=1	vibrating=1	
vibration			vibration|n|4|0
vibrator			vibrator|n|2|0
vic	PROPN=2	VIC=1,Vic=1	
vicar			vicar|n|3|0
vice	PROPN=17,NOUN=9,ADV=3	Vice=21,vice=6,VICE=1	vice|n|3|0
vicinity			vicinity|n|1|0
vicious	ADJ=1	vicious=1	vicious|a|4|0
vicki	PROPN=1	Vicki=1	
vicky	PROPN=1	Vicky=1	
victim	NOUN=6	victim=5	victim|n|2|0
victims	NOUN=10	victims=10	
victor	PROPN=5	Victor=3,VICTOR=1	victor|n|2|0
victoria	PROPN=2	Victoria=2	Victoria|n|7|7
victorian	ADJ=1	Victorian=1	Victorian|a|2|0;Victorian|n|1|0;victorian|a|1|0
victories	NOUN=2	victories=2	
victorious			victorious|a|2|0
victory	NOUN=12,PROPN=2	victory=12,Victory=2	victory|n|1|0
vidal			Vidal|n|1|1
video	NOUN=81	video=75	video|n|4|0
videos	NOUN=17	videos=17	
vie			vie|v|1|0
vienna	PROPN=8	Vienna=8	Vienna|n|1|1
viet	PROPN=1	Viet=1	
vietnam	PROPN=29	Vietnam=27,vietnam=1	Vietnam|n|2|2
vietnamese	ADJ=8	Vietnamese=6,VIETNAMESE=1	Vietnamese|a|1|0;Vietnamese|n|2|0
view	NOUN=46,VERB=13,PROPN=5	view=58,View=5	view|n|10|0;view|v|3|0
viewed	VERB=6	viewed=6	
viewer	NOUN=2	viewer=2	viewer|n|2|0
viewers	NOUN=6	viewers=6	viewers|n|1|0
viewership	NOUN=1	viewership=1	
viewing	VERB=3,NOUN=2	viewing=5	viewing|n|2|0
viewpoint	NOUN=1	viewpoint=1	viewpoint|n|2|0
viewpoints	NOUN=4	viewpoints=4	
views	NOUN=32,VERB=1	views=33	
vigil			vigil|n|3|0
vigilance			vigilance|n|2|0
vigilant	ADJ=2	vigilant=2	vigilant|a|1|0
vigilante			vigilante|n|1|0
vigorous	ADJ=2	vigorous=2	vigorous|a|2|0
vigorously	ADV=5	vigorously=5	vigorously|r|1|0
vii	NUM=2	VII=2	VII|n|1|0;vii|a|1|0
viii	NUM=1	VIII=1	VIII|n|1|0;viii|a|1|0
vijay	PROPN=1		
viking	PROPN=3	Viking=3	Viking|n|1|0
vikings	PROPN=2	Vikings=2	
vile	ADJ=1	vile=1	vile|a|2|0
villa	NOUN=2	villa=2	Villa|n|1|1;villa|n|3|0
village	NOUN=25,PROPN=7	village=24,Village=7	Village|n|1|1;village|n|2|0
villages	NOUN=9	villages=9	
villain			villain|n|2|0
villas	NOUN=1	villas=1	
vince	PROPN=46	Vince=3	
vincent	PROPN=4	Vincent=3	
vine			vine|n|1|0
vinegar	NOUN=7	vinegar=7	vinegar|n|2|0
vineyard			vineyard|n|1|0
vineyards	NOUN=1	vineyards=1	
vintage	NOUN=8,ADJ=2,PROPN=1	vintage=9,Vintage=2	vintage|n|2|0
vinyl	NOUN=1	vinyl=1	vinyl|n|2|0
viola	PROPN=1	Viola=1	Viola|n|1|0;viola|n|1|0;viola|n|1|0
violate	VERB=5	violate=5	violate|v|6|0
violated	VERB=1	violated=1	violated|a|1|0
violates	VERB=2	violates=2	
violating	VERB=3	violating=3	
violation	NOUN=12	violation=12	violation|n|5|0
violations	NOUN=3	violations=3	
violence	NOUN=21	violence=21	violence|n|3|0
violent	ADJ=15	violent=15	violent|a|5|0
violently	ADV=1	violently=1	violently|r|1|0
violet			violet|a|1|0;violet|n|2|0
violin	NOUN=1	violin=1	violin|n|1|0
violinist			violinist|n|1|0
vip	NOUN=2	VIP=2	VIP|n|1|0
viper			viper|n|1|0
viral	ADJ=2	Viral=1,viral=1	viral|a|1|0
virgil	PROPN=1	Virgil=1	Virgil|n|1|1
virgin			Virgin|n|2|1;virgin|a|2|0;virgin|n|1|0
virginia	PROPN=18	Virginia=15,virginia=1	Virginia|n|3|3
virginity			virginity|n|1|0
virtual	ADJ=8	virtual=6,Virtual=2	virtual|a|2|0
virtually	ADV=11	virtually=9	virtually|r|2|0
virtue	NOUN=5	virtue=5	virtue|n|4|0
virtues	NOUN=2	virtues=2	
virtuous	ADJ=3	virtuous=3	virtuous|a|2|0
virus	NOUN=12	virus=12	virus|n|3|0
viruses	NOUN=1	viruses=1	
visa	NOUN=34,PROPN=5,ADV=1,X=1	visa=34,Visa=4,VISA=2	visa|n|1|0;visa|v|2|0
visas	NOUN=5	visas=4	
visceral			visceral|a|2|0
viscosity			viscosity|n|1|0
viscount			viscount|n|2|0
visibility	NOUN=2	visibility=2	visibility|n|3|0
visible	ADJ=13	visible=13	visible|a|3|0
visibly			visibly|r|2|0
vision	NOUN=14,PROPN=2	vision=12,Vision=4	vision|n|5|0
visionary			visionary|a|1|0;visionary|n|2|0
visions	NOUN=1	visions=1	
visit	VERB=55,NOUN=25,PROPN=3	visit=75,VISIT=1,Visit=1	visit|n|5|0;visit|v|8|0
visitation			visitation|n|3|0
visited	VERB=40	visited=39	
visiting	VERB=20	visiting=19	visiting|n|1|0
visitor	NOUN=5,PROPN=1	visitor=5,Visitor=1	visitor|n|1|0
visitors	NOUN=28,PROPN=2	visitors=27,Visitors=2	
visits	NOUN=11,VERB=1	visits=12	
vista			vista|n|1|0
visual	ADJ=16	visual=13,Visual=3	visual|a|2|0
visualization	NOUN=3	Visualization=2,visualization=1	visualization|n|1|0
visualize	VERB=2		visualize|v|4|0
visually	ADV=3	visually=3	visually|r|1|0
vital	ADJ=13	vital=13	vital|a|4|0
vitality			vitality|n|4|0
vitamin	NOUN=2	vitamin=2	vitamin|n|1|0
vitamins	NOUN=2	vitamins=2	
viva	PROPN=1	Viva=1	viva|n|1|0
vivid	ADJ=2	vivid=2	vivid|a|4|0
vividly			vividly|r|1|0
vladimir	PROPN=3	Vladimir=3	
vm	NOUN=1,PROPN=1	VM=1,vm=1	
vo	PROPN=1	Vo=1	
vocabulary	NOUN=1	vocabulary=1	vocabulary|n|3|0
vocal	ADJ=2	vocal=2	vocal|a|4|0;vocal|n|2|0
vocalist	NOUN=1	vocalist=1	vocalist|n|1|0
vocals	NOUN=2	vocals=2	
vocation			vocation|n|2|0
vocational			vocational|a|1|0
vodka	NOUN=27	vodka=24,Vodka=2	vodka|n|1|0
vogel	X=1		
vogue			vogue|n|2|0
voice	NOUN=38,PROPN=4,VERB=1	voice=40,Voice=3	voice|n|12|0;voice|v|2|0
voiced	VERB=1	voiced=1	voiced|a|2|0
voicemail	NOUN=6	voicemail=6	voicemail|n|1|0
voices	NOUN=6,PROPN=5	Voices=5,voices=5	
voicing	VERB=1	voicing=1	voicing|n|1|0
void	NOUN=2,ADJ=1,VERB=1	void=4	void|a|2|0;void|n|2|0;void|v|4|0
volatile			volatile|a|4|0;volatile|n|1|0
volatility	NOUN=2	volatility=1	volatility|n|3|0
volcanic	ADJ=1	volcanic=1	volcanic|a|3|0
volcano	NOUN=2	volcano=2	volcano|n|2|0
volley	NOUN=2	volley=2	volley|n|2|0;volley|v|5|0
volleyball	NOUN=4	volleyball=4	volleyball|n|2|0
vols	NOUN=2	vols=2	
volt			volt|n|1|0
voltage	PROPN=1	Voltage=1	voltage|n|2|0
volume	NOUN=6,PROPN=1	volume=6,Volume=1	volume|n|6|0
volumes	NOUN=5	volumes=4,Volumes=1	
voluntarily	ADV=2	voluntarily=2	voluntarily|r|1|0
voluntary	ADJ=10	voluntary=10	voluntary|a|2|0;voluntary|n|2|0
volunteer	NOUN=6,VERB=3	volunteer=8	Volunteer|n|1|0;volunteer|a|1|0;volunteer|n|2|0;volunteer|v|3|0
volunteered	VERB=6	volunteered=6	
volunteering	NOUN=1	volunteering=1	
volunteers	NOUN=7,PROPN=1	volunteers=7,Volunteers=1	
vomit	VERB=3	vomit=3	vomit|n|3|0;vomit|v|1|0
vomiting	VERB=5,NOUN=1	vomiting=5	vomiting|n|1|0
voodoo			voodoo|n|3|0;voodoo|v|1|0
vortex			vortex|n|2|0
vote	VERB=21,NOUN=14	vote=35	vote|n|5|0;vote|v|5|0
voted	VERB=16	voted=16	
voter			voter|n|1|0
voters	NOUN=11	voters=6	
votes	NOUN=13	votes=13	
voting	NOUN=4,VERB=3	voting=7	voting|n|1|0
vouch			vouch|v|4|0
voucher			voucher|n|3|0
vouchers	NOUN=1	vouchers=1	
vow			vow|n|1|0;vow|v|2|0
vowed	VERB=1	vowed=1	
vowel	NOUN=2	vowel=2	vowel|n|2|0
vowels	NOUN=1	vowels=1	
vox			vox|n|1|0
voyage			voyage|n|2|0;voyage|v|1|0
voyager			voyager|n|1|0
vp	NOUN=1	VP=1	
vr	PROPN=4	VR=4	
vs	ADP=6	vs=4,VS=1,Vs=1	
vt			VT|n|1|1
vu	X=1	vu=1	
vulcan			Vulcan|n|1|1
vulgar			vulgar|a|4|0
vulnerabilities	NOUN=3	vulnerabilities=3	
vulnerability	NOUN=3	vulnerability=3	vulnerability|n|2|0
vulnerable	ADJ=8	vulnerable=8	vulnerable|a|3|0
vulture			vulture|n|2|0
wa	PROPN=5,NOUN=1	WA=3,wa=2,Wa=1	WA|n|1|1
wacky			wacky|a|2|0
wade	PROPN=4	Wade=3	Wade|n|1|1;wade|v|1|0
wafer	NOUN=2	wafer=2	wafer|n|3|0
waffle	NOUN=1	waffle=1	waffle|n|1|0;waffle|v|1|0
wage	NOUN=5,VERB=1	wage=5,Wage=1	wage|n|1|0;wage|v|1|0
wager	NOUN=2	wager=2	wager|n|2|0;wager|v|2|0
wages	NOUN=3	wages=3	wages|n|1|0
wagner	PROPN=1	Wagner=1	Wagner|n|3|2
wagon	NOUN=2	wagon=2	Wagon|n|1|1;wagon|n|4|0
wai	NOUN=5,VERB=2	wai=7	wai|n|1|0;wai|v|1|0
wailing	VERB=2	wailing=2	wailing|a|1|0;wailing|n|1|0
waist	NOUN=3	waist=3	waist|n|2|0
wait	VERB=89,NOUN=11	wait=87,WAIT=2	wait|n|2|0;wait|v|4|0
waited	VERB=17	waited=17	
waiter	NOUN=5	waiter=5	waiter|n|2|0
waiters	NOUN=1	waiters=1	
waiting	VERB=33,NOUN=6	waiting=38,WAITING=1	waiting|a|1|0;waiting|n|1|0
waitress	NOUN=5	waitress=4,WAITRESS=1	waitress|n|1|0;waitress|v|1|0
waits	VERB=1	waits=1	
waive	VERB=14	waive=14	waive|v|2|0
waived	VERB=2	waived=2	
waiver	NOUN=14	waiver=14	waiver|n|1|0
waivers	NOUN=1	waivers=1	
wake	VERB=13,NOUN=7	wake=18,Wake=1	Wake|n|1|1;wake|n|3|0;wake|v|5|0
wakes	VERB=4,NOUN=1	wakes=4	
waking	VERB=3	waking=3	waking|a|1|0;waking|n|1|0
wal	PROPN=2	Wal=1,wal=1	
wales	PROPN=1	Wales=1	Wales|n|1|1
walk	VERB=59,NOUN=20,PROPN=3	walk=72,Walk=6	walk|n|7|0;walk|v|10|0
walked	VERB=32	walked=30,Walked=1	
walker	PROPN=9	Walker=7,WALKER=2	Walker|n|2|2;walker|n|4|0
walking	NOUN=28,VERB=25,PROPN=4	walking=47,Walking=6	walking|a|1|0;walking|n|1|0
walks	VERB=8,NOUN=1,PROPN=1	walks=9,Walks=1	
walkway	NOUN=1	walkway=1	walkway|n|1|0
wall	NOUN=25,PROPN=4	wall=25,Wall=4	wall|n|8|0;wall|v|1|0
wallace			Wallace|n|3|3
waller			Waller|n|1|1
wallet	NOUN=5	wallet=5	wallet|n|1|0
wallis	PROPN=1	Wallis=1	
wallpaper			wallpaper|n|1|0;wallpaper|v|1|0
walls	NOUN=12	walls=11	
wally			wally|n|1|0
walmart	PROPN=7	WalMart=3,Walmart=3,walmart=1	
walnut	NOUN=3,PROPN=2	walnut=4,Walnut=1	walnut|n|3|0
walt	PROPN=1		
walter	PROPN=2	Walter=2	Walter|n|1|1
walters	PROPN=2	Walters=2	
walton	PROPN=2	Walton=2	Walton|n|3|3
waltz			waltz|n|3|0;waltz|v|1|0
wan	VERB=25,ADJ=1,PROPN=1	wan=26,Wan=1	WAN|n|1|0;wan|a|3|0;wan|v|1|0
wand	NOUN=2	wand=2	wand|n|4|0
wander	VERB=3	wander=3	wander|v|5|0
wandered	VERB=3	wandered=3	
wandering	VERB=2	wandering=2	wandering|a|3|0;wandering|n|1|0
wang	NOUN=4	wang=3,Wang=1	
wannabe			wannabe|n|1|0
want	VERB=503,NOUN=1	want=496,WANT=4,Want=1	want|n|4|0;want|v|5|0
wanted	VERB=140	wanted=137,Wanted=2	wanted|a|2|0
wanting	VERB=16	wanting=16	wanting|a|2|0
wants	VERB=52	wants=51,WANTS=1	
war	NOUN=107,PROPN=40	war=104,War=42	war|n|4|0;war|v|1|0
ward	NOUN=2,VERB=2,PROPN=1,X=1	ward=4,Ward=2	Ward|n|3|3;ward|n|4|0;ward|v|1|0
warden			warden|n|1|0
wardrobe			wardrobe|n|3|0
ware	PROPN=1	Ware=1	ware|n|2|0;ware|v|1|0
warehouse	NOUN=7	warehouse=7	warehouse|n|1|0;warehouse|v|1|0
warehouses	NOUN=1	warehouses=1	
wares	NOUN=1	wares=1	
warfare	NOUN=6	warfare=6	warfare|n|2|0
warhol	PROPN=49	Warhol=44	Warhol|n|1|1
warlord	NOUN=2	warlord=2	warlord|n|1|0
warm	ADJ=32,VERB=2,NOUN=1	warm=31,Warm=1	warm|a|9|0;warm|r|1|0;warm|v|2|0
warmed	VERB=1	warmed=1	warmed|a|1|0
warmer	ADJ=6	warmer=6	warmer|n|1|0
warming	NOUN=19,VERB=5	warming=23,Warming=1	warming|a|2|0;warming|n|2|0
warmly	ADV=2	warmly=2	warmly|r|2|0
warms	VERB=1	warms=1	
warmth	NOUN=6	warmth=6	warmth|n|5|0
warn	VERB=6	warn=6	warn|v|4|0
warned	VERB=11	warned=11	
warner	PROPN=3	Warner=3	Warner|n|1|1;warner|n|1|0
warning	NOUN=9	warning=8	warning|a|1|0;warning|n|3|0
warnings	NOUN=5	warnings=1	
warp	VERB=1	warp=1	warp|n|4|0;warp|v|2|0
warped	VERB=1	warped=1	warped|a|1|0
warrant	VERB=3	warrant=3	warrant|n|4|0;warrant|v|2|0
warranted	VERB=1	warranted=1	
warrants	NOUN=2,VERB=1	warrants=3	
warranty	NOUN=7	warranty=7	warranty|n|1|0
warren	PROPN=3	Warren=2	Warren|n|2|2;warren|n|3|0
warring			warring|a|1|0
warrior	NOUN=1	warrior=1	warrior|n|1|0
wars	NOUN=10,PROPN=9	wars=10,Wars=9	
warsaw	PROPN=2	Warsaw=2	Warsaw|n|1|1
warship	NOUN=1	warship=1	warship|n|1|0
wartime	NOUN=3,ADJ=1	wartime=4	wartime|n|1|0
warwick	PROPN=11	Warwick=9,WARWICK=2	Warwick|n|1|1
warwickshire	PROPN=1	Warwickshire=1	
wary	ADJ=4	wary=4	wary|a|2|0
was	AUX=2842,VERB=118	was=2935,WAS=9,Was=1	
wash	VERB=17,NOUN=11,PROPN=1	wash=26,Wash=1	wash|n|8|0;wash|v|14|0
washed	VERB=8	washed=8	washed|a|2|0
washer	NOUN=2	washer=2	washer|n|3|0
washes	NOUN=1	washes=1	
washing	VERB=9,NOUN=3	washing=11,Washing=1	washing|n|2|0
washington	PROPN=66	Washington=60	Washington|n|5|5
wasp	NOUN=2	wasp=2	WASP|n|1|0;wasp|n|1|0
waste	NOUN=31,VERB=15,PROPN=1	waste=40,WASTE=5,Waste=2	waste|a|1|0;waste|n|5|0;waste|v|10|0
wasted	VERB=6,ADJ=3	wasted=9	wasted|a|4|0
wasteful			wasteful|a|3|0
wasteland			wasteland|n|1|0
wastes	NOUN=2	wastes=2	
wastewater			wastewater|n|1|0
wasting	VERB=2	wasting=2	wasting|n|2|0
wat	PROPN=1	Wat=1	
watch	VERB=45,NOUN=6,PROPN=1	watch=39,Watch=2	watch|n|6|0;watch|v|7|0
watchdog			watchdog|n|2|0
watched	VERB=20	watched=19	
watchers	NOUN=1	watchers=1	
watches	VERB=1	watches=1	
watchful	ADJ=1	watchful=1	watchful|a|3|0
watching	VERB=45,NOUN=3	watching=47	watching|n|1|0
water	NOUN=167,VERB=5,PROPN=4,ADJ=1	water=164,Water=7	water|n|6|0;water|v|4|0
watercolor			watercolor|n|4|0;watercolor|v|1|0
watered	VERB=2	watered=2	watered|a|1|0
waterfall	NOUN=2	waterfall=2	waterfall|n|1|0
waterfalls	NOUN=3	waterfalls=2,Waterfalls=1	
waterford			Waterford|n|1|1
waterfront	NOUN=3	waterfront=3	waterfront|n|1|0
watergate	PROPN=2	Watergate=2	Watergate|n|1|1
watering	VERB=2,ADJ=1	watering=3	watering|n|2|0
waterloo			Waterloo|n|2|2;waterloo|n|1|0
watermelon	NOUN=1	watermelon=1	watermelon|n|2|0
waterproof	ADJ=4	waterproof=3	waterproof|a|1|0;waterproof|n|2|0;waterproof|v|1|0
waters	NOUN=22,PROPN=5	waters=22,Waters=5	Waters|n|1|1;waters|n|1|0
watershed			watershed|n|3|0
waterway			waterway|n|2|0
watery	ADJ=2	watery=2	watery|a|4|0
watkins	PROPN=1	Watkins=1	
watson	PROPN=1	Watson=1	Watson|n|3|3
watt	NOUN=1,PROPN=1	Watt=1,watt=1	Watt|n|1|1;watt|n|1|0
watts			Watts|n|1|1
wave	NOUN=13,PROPN=12,VERB=2	wave=15,Wave=11	Wave|n|1|0;wave|n|8|0;wave|v|5|0
waved	VERB=2	waved=2	
wavelength	NOUN=1	wavelength=1	wavelength|n|2|0
waves	NOUN=8,VERB=1	waves=8	
waving	VERB=4,NOUN=1	waving=5	waving|n|1|0
wavy	ADJ=2	wavy=2	wavy|a|2|0
wax	NOUN=5,PROPN=3	wax=5,Wax=2	wax|n|1|0;wax|v|3|0
way	NOUN=433,ADV=21,PROPN=7,X=3	way=452,Way=6,WAY=4	way|n|12|0;way|r|1|0
wayne	PROPN=9	Wayne=3	Wayne|n|2|2
ways	NOUN=78,PROPN=3	ways=78,Ways=3	ways|n|1|0
wayward			wayward|a|1|0
wb	PROPN=1	WB=1	Wb|n|1|0
wd	PROPN=1	WD=1	
we	PRON=2488,NOUN=2,AUX=1	we=1746,We=30,WE=4	
weak	ADJ=7	weak=7	weak|a|12|0
weaken	VERB=2	weaken=2	weaken|v|5|0
weakened	VERB=5	weakened=5	weakened|a|5|0
weakening	VERB=3	weakening=3	weakening|a|2|0;weakening|n|2|0
weaker	ADJ=3	weaker=3	
weakest	ADJ=2	weakest=2	
weakly			weakly|a|1|0;weakly|r|1|0
weakness	NOUN=1	weakness=1	weakness|n|5|0
weaknesses	NOUN=1	weaknesses=1	
wealth	NOUN=25,PROPN=2	wealth=25,Wealth=2	wealth|n|4|0
wealthiest	ADJ=1	wealthiest=1	
wealthy	ADJ=8	wealthy=8	wealthy|a|1|0
weapon	NOUN=15	weapon=15	weapon|n|2|0
weaponry			weaponry|n|1|0
weapons	NOUN=52,PROPN=1	weapons=51,Weapons=1	
wear	VERB=36,NOUN=3	wear=37	wear|n|3|0;wear|v|9|0
wearable			wearable|a|1|0;wearable|n|1|0
wearing	VERB=18	wearing=18	wearing|a|1|0;wearing|n|2|0
wears	VERB=1	wears=1	
weary	ADJ=1	weary=1	weary|a|1|0;weary|v|2|0
weasel	NOUN=1	weasel=1	weasel|n|2|0
weather	NOUN=34,VERB=3	weather=35,Weather=1	weather|a|1|0;weather|n|1|0;weather|v|4|0
weathered	ADJ=1,VERB=1	weathered=2	weathered|a|1|0
weave	VERB=1	weave=1	weave|n|1|0;weave|v|4|0
weaver			weaver|n|2|0
weaving	VERB=1	weaving=1	weaving|n|1|0
web	NOUN=48,PROPN=8	web=40,Web=13	web|n|7|0;web|v|1|0
webb	PROPN=3	Webb=3	Webb|n|2|2
webber	PROPN=1	Webber=1	
webcam			webcam|n|1|0
weber			Weber|n|5|5;weber|n|1|0
webpage	NOUN=2	webpage=2	webpage|n|1|0
website	NOUN=81	website=73,Website=7	website|n|1|0
websites	NOUN=15	websites=15	
webster			Webster|n|3|3
wed	VERB=2,PROPN=1	Wed=2,wed=1	Wed|n|1|0;wed|a|1|0;wed|v|2|0
wedding	NOUN=28,PROPN=8	wedding=26,Wedding=10	wedding|n|3|0
wedge			wedge|n|7|0;wedge|v|2|0
wedges	NOUN=1	wedges=1	
wednesday	PROPN=46	Wednesday=37	Wednesday|n|1|0
wednesdays	PROPN=1	Wednesdays=1	
wee	ADJ=1	wee=1	wee|a|2|0;wee|n|1|0;wee|v|1|0
weed	NOUN=2,VERB=1	Weed=1,weed=1	weed|n|3|0;weed|v|1|0
weeds	NOUN=5	weeds=5	weeds|n|1|0
week	NOUN=177	week=175,WEEK=2	week|n|3|0
weekday	NOUN=2	weekday=2	weekday|n|1|0
weekend	NOUN=49	weekend=49	weekend|n|1|0;weekend|v|1|0
weekends	NOUN=13	weekends=11,Weekends=1	
weekly	ADJ=18,PROPN=4,ADV=2,NOUN=1	weekly=20,Weekly=5	weekly|a|1|0;weekly|n|1|0;weekly|r|1|0
weeks	NOUN=85	weeks=84,WEEKS=1	
weep			weep|v|1|0
weeping	VERB=2,NOUN=1	weeping=3	weeping|a|2|0;weeping|n|1|0
wei	PROPN=6	Wei=3	Wei|n|1|0
weigh	VERB=1	weigh=1	weigh|v|5|0
weighed	VERB=2	weighed=2	
weighing			weighing|n|1|0
weight	NOUN=33,PROPN=1	weight=32,Weight=2	weight|n|8|0;weight|v|2|0
weighted	VERB=3	weighted=3	weighted|a|2|0
weights	NOUN=2	weights=2	
weiner	PROPN=2	Weiner=2	
weir			weir|n|2|0
weird	ADJ=17	weird=17	Weird|n|1|0;weird|a|2|0
weirdo	NOUN=1	weirdo=1	weirdo|n|2|0
weiss	PROPN=1	Weiss=1	
welch	PROPN=2	Welch=1,welch=1	welch|v|1|0
welcome	INTJ=15,ADJ=8,VERB=6,NOUN=1	welcome=24,Welcome=1	welcome|a|1|0;welcome|n|2|0;welcome|v|3|0
welcomed	VERB=10	welcomed=10	
welcomes	VERB=3	welcomes=3	
welcoming	ADJ=5,VERB=2	welcoming=7	welcoming|a|1|0
weld			Weld|n|1|1;weld|n|2|0;weld|v|2|0
welding			welding|n|1|0
welfare	NOUN=7,PROPN=3	welfare=7,Welfare=3	welfare|n|3|0
well	ADV=377,INTJ=240,ADJ=11,NOUN=3,PROPN=1	well=433,WELL=3,Well=3	well|a|3|0;well|n|5|0;well|r|13|0;well|v|1|0
wellbeing			wellbeing|n|1|0
wellington	PROPN=4	Wellington=3	Wellington|n|3|2
wellness			wellness|n|1|0
wells	NOUN=2,PROPN=1	wells=2,Wells=1	Wells|n|1|1
welsh			Welsh|a|1|0;Welsh|n|3|0;welsh|v|1|0
wembley			Wembley|n|1|1
wen	PROPN=1	Wen=1	wen|n|1|0
wendy	PROPN=3	Wendy=1,wendy=1	
went	VERB=167	went=163	
were	AUX=852,VERB=59,ADV=4,X=2	were=911,Were=2,WERE=1	
werewolf	PROPN=1	werewolf=1	werewolf|n|1|0
werner	PROPN=1	Werner=1	
wesley	PROPN=1	Wesley=1	Wesley|n|2|2
west	PROPN=39,NOUN=21,ADV=16,ADJ=11	West=43,west=40	West|n|5|5;west|a|1|0;west|n|3|0;west|r|1|0
westchester	PROPN=1	Westchester=1	
western	ADJ=43	Western=34,western=7	Western|n|1|0;western|a|4|0;western|n|1|0
westerners	NOUN=1,PROPN=1	Westerners=2	
westfield	PROPN=1		
westminster			Westminster|n|1|1
weston	PROPN=1	Weston=1	Weston|n|1|1
westward			westward|a|1|0;westward|n|1|0;westward|r|1|0
wet	ADJ=18,VERB=1	wet=19	wet|a|6|0;wet|n|1|0;wet|v|2|0
wetland	NOUN=1	wetland=1	wetland|n|1|0
wetlands	NOUN=1	wetlands=1	
whack	VERB=1	whack=1	whack|n|2|0;whack|v|1|0
whale	NOUN=4	whale=4	whale|n|2|0;whale|v|1|0
whales	NOUN=3	whales=3	
wharf	NOUN=1	wharf=1	wharf|n|1|0;wharf|v|5|0
wharton	PROPN=1	WHARTON=1	Wharton|n|1|1
what	PRON=1112,DET=118,VERB=1	what=914,What=12,WHAT=2	
whatever	PRON=63,DET=16,INTJ=2	whatever=67	whatever|a|1|0
whatsoever	ADV=9	whatsoever=9	whatsoever|a|1|0
wheat	NOUN=5	wheat=5	wheat|n|3|0
wheel	NOUN=15,PROPN=1	wheel=14,Wheel=2	wheel|n|7|0;wheel|v|4|0
wheelchair	NOUN=3	wheelchair=3	wheelchair|n|1|0
wheeled			wheeled|a|1|0
wheeler	PROPN=2,NOUN=1	Wheeler=2,wheeler=1	Wheeler|n|1|1;wheeler|n|4|0
wheeling			Wheeling|n|1|1;wheeling|n|1|0
wheels	NOUN=5	wheels=4	
when	ADV=934	when=706,When=7,WHEN=3	
whence			whence|r|1|0
whenever	ADV=22	whenever=19	
where	ADV=391,AUX=6,NOUN=1,VERB=1,X=1	where=360,Where=6	
whereabouts	NOUN=3	whereabouts=3	whereabouts|n|1|0
whereas	SCONJ=15,ADV=1	whereas=10	
whereby	ADV=1	whereby=1	
wherein	ADV=1	wherein=1	
wherever	ADV=7	wherever=6	wherever|r|1|0
whether	SCONJ=117,CCONJ=3	whether=112	
which	PRON=915,DET=62	which=940,Which=4,WHICH=1	
whiff			whiff|n|3|0;whiff|v|5|0
while	SCONJ=232,NOUN=41	while=210	while|n|1|0
whilst	SCONJ=9	whilst=6	
whim	NOUN=2	whim=2	whim|n|2|0
whimsical	ADJ=1	whimsical=1	whimsical|a|1|0
whine			whine|n|1|0;whine|v|4|0
whip	PROPN=1,VERB=1	whip=2	whip|n|5|0;whip|v|6|0
whipped	VERB=1	whipped=1	
whipping			whipping|a|1|0;whipping|n|4|0
whips	NOUN=1,VERB=1	whips=2	
whirlwind	NOUN=1	whirlwind=1	whirlwind|n|1|0
whisk	VERB=1		whisk|n|2|0;whisk|v|4|0
whiskey			whiskey|n|1|0
whisky	PROPN=1	Whisky=1	whisky|n|1|0
whisper	VERB=1	whisper=1	whisper|n|2|0;whisper|v|1|0
whispered	VERB=1	whispered=1	whispered|a|1|0
whispering	VERB=2	whispering=2	whispering|a|1|0;whispering|n|2|0
whispers	NOUN=1,VERB=1	whispers=2	
whistle	VERB=1	whistle=1	whistle|n|5|0;whistle|v|6|0
whistleblower			whistleblower|n|1|0
whistler			Whistler|n|1|1;whistler|n|4|0
whistling			whistling|n|3|0
whit			whit|n|1|0
white	ADJ=86,PROPN=7,NOUN=2	white=55,White=35,WHITE=2	White|n|8|7;white|a|12|0;white|n|4|0;white|v|1|0
whitehall			Whitehall|n|2|1
whitehead			Whitehead|n|1|1;whitehead|n|1|0
whitman	PROPN=3	Whitman=3	Whitman|n|2|2
whitney			Whitney|n|2|2
who	PRON=803,PROPN=4,ADV=1	who=756,Who=11,WHO=5	WHO|n|1|0
whoa	INTJ=4	whoa=2	
whoever	PRON=4	whoever=2	
whole	ADJ=116,NOUN=13,ADV=3	whole=131,Whole=1	whole|a|5|0;whole|n|2|0;whole|r|1|0
wholeheartedly	ADV=1	wholeheartedly=1	wholeheartedly|r|1|0
wholesale	ADJ=9,PROPN=1	Wholesale=5,wholesale=4,WHOLESALE=1	wholesale|a|1|0;wholesale|n|1|0;wholesale|r|2|0;wholesale|v|1|0
wholesome	ADJ=2	wholesome=2	wholesome|a|2|0
wholly	ADV=4	wholly=4	wholly|r|1|0
whom	PRON=39	whom=38,Whom=1	
whomever	PRON=1	whomever=1	
whoop			whoop|n|1|0;whoop|v|1|0;whoop|v|1|0
whopping			whopping|a|1|0;whopping|r|1|0
whore	PROPN=2,NOUN=1	Whore=2,whore=1	whore|n|1|0;whore|v|3|0
whose	PRON=40	whose=40	
why	ADV=222	why=145,Why=6,WHY=4	why|n|1|0
wi			WI|n|1|1
wichita			Wichita|n|3|1
wick			wick|n|2|0
wicked	ADJ=1	wicked=1	wicked|a|5|0
wicket			wicket|n|4|0
wickets	NOUN=4	wickets=4	
wide	ADJ=18,ADV=6,PROPN=1	wide=24,Wide=1	wide|a|7|0;wide|r|4|0
widely	ADV=21	widely=20	widely|r|3|0
widen	VERB=1	widen=1	widen|v|4|0
widening			widening|n|3|0
wider	ADJ=8,ADV=1	wider=9	
widespread	ADJ=5	widespread=5	widespread|a|2|0
widest	ADJ=1	widest=1	
widow	PROPN=1	Widow=1	widow|n|1|0;widow|v|1|0
widowed			widowed|a|1|0
width	NOUN=4	width=4	width|n|1|0
wield	VERB=1	wield=1	wield|v|2|0
wielding	VERB=2	wielding=2	
wiener			Wiener|n|1|1;wiener|n|1|0
wife	NOUN=51,PROPN=1	wife=50,Wife=1	wife|n|1|0
wifi	NOUN=5	wifi=4,WiFi=1	WiFi|n|1|0
wig	NOUN=1	wig=1	wig|n|2|0
wiggle	VERB=1		wiggle|n|1|0;wiggle|v|1|0
wight	NOUN=1	wight=1	Wight|n|1|1;wight|n|2|0
wii	PROPN=4	Wii=2,wii=1	
wiki	NOUN=12,PROPN=7	wiki=12,Wiki=6	
wikipedia	PROPN=10	Wikipedia=9,wikipedia=1	
wil	AUX=1	wil=1	
wild	ADJ=14,NOUN=5,PROPN=2	wild=17,Wild=4	wild|a|13|0;wild|n|2|0;wild|r|2|0
wilde			Wilde|n|1|1
wilder			Wilder|n|2|2
wilderness	NOUN=2	wilderness=2	Wilderness|n|1|1;wilderness|n|3|0
wildest	ADJ=1	wildest=1	
wildfire			wildfire|n|1|0
wildlife	NOUN=11,PROPN=3	wildlife=11,Wildlife=3	wildlife|n|1|0
wildly	ADV=1	wildly=1	wildly|r|3|0
wilkes			Wilkes|n|2|2
wilkins	PROPN=10	Wilkins=6	Wilkins|n|3|3
wilkinson			Wilkinson|n|1|1
will	AUX=1530,NOUN=26,PROPN=6,VERB=2,SCONJ=1	will=1514,Will=6,WILL=4	will|n|3|0;will|v|3|0
willard			Willard|n|2|2
william	PROPN=21	William=20	
williams	PROPN=7	Williams=6	Williams|n|6|6
williamson	PROPN=5	Williamson=5	
willie	PROPN=1	Willie=1	
willing	ADJ=46	willing=45,WILLING=1	willing|a|2|0;willing|n|1|0
willingly	ADV=4	willingly=4	willingly|r|1|0
willingness	NOUN=4	willingness=4	willingness|n|1|0
willis	PROPN=1	Willis=1	Willis|n|1|1
willow	NOUN=3,PROPN=2	willow=3,Willow=2	willow|n|2|0
wilmington			Wilmington|n|2|2
wilson	PROPN=13	Wilson=11	Wilson|n|11|11
wilt	AUX=2	wilt=2	wilt|n|2|0;wilt|v|2|0
wimbledon			Wimbledon|n|1|1
win	VERB=20,ADP=1,NOUN=1	win=22	win|n|2|0;win|v|5|0
winchester	PROPN=2	Winchester=2	Winchester|n|2|1
wind	NOUN=20,VERB=3,PROPN=1	wind=23,Wind=1	wind|n|7|0;wind|n|1|0;wind|v|6|0;wind|v|1|0
winding	VERB=2	winding=2	winding|a|2|0;winding|n|1|0
windmill			windmill|n|2|0
window	NOUN=27,PROPN=1	window=26,Window=2	window|n|8|0
windows	NOUN=20,PROPN=3	windows=18,Windows=4,WINDOWS=1	Windows|n|1|0
winds	NOUN=11,VERB=1	winds=12	
windshield			windshield|n|1|0
windsor	PROPN=1	Windsor=1	Windsor|n|2|1
windy	ADJ=1	windy=1	windy|a|4|0
wine	NOUN=41	wine=38,Wine=2	wine|n|2|0;wine|v|2|0
winery	NOUN=1	winery=1	winery|n|1|0
wines	NOUN=9	wines=9	
wing	NOUN=12	wing=12	wing|n|11|0;wing|v|1|0
winged			winged|a|2|0
winger	NOUN=1	winger=1	winger|n|1|0
wings	NOUN=6	WINGS=3,wings=3	wings|n|2|0
wink	NOUN=6,VERB=1	wink=7	wink|n|3|0;wink|v|4|0
winner	NOUN=4	winner=4	winner|n|3|0
winners	NOUN=1	winners=1	
winning	VERB=17	winning=15,Winning=1	winning|a|2|0;winning|n|1|0
winnings			winnings|n|1|0
winnipeg			Winnipeg|n|2|2
wins	VERB=5	wins=5	
winslow			Winslow|n|1|1
winston	PROPN=8	Winston=6	
winter	NOUN=34,PROPN=17	winter=34,Winter=13	winter|n|1|0;winter|v|1|0
winters	NOUN=3	winters=3	
wipe	VERB=2	wipe=2	wipe|n|1|0;wipe|v|1|0
wiped	VERB=5	wiped=5	
wire	NOUN=7,PROPN=2	wire=6,Wire=2	wire|n|4|0;wire|v|5|0
wired	VERB=2	wired=2	wired|a|4|0
wireless	ADJ=4,PROPN=1	wireless=4,WIRELESS=1	wireless|a|1|0;wireless|n|4|0
wires	NOUN=3	wires=3	
wiring	NOUN=2	wiring=2	wiring|n|2|0
wisconsin	PROPN=4	Wisconsin=3,wisconsin=1	Wisconsin|n|2|2
wisdom	NOUN=7	wisdom=7	Wisdom|n|1|1;wisdom|n|4|0
wise	ADJ=14,ADV=1,PROPN=1	wise=13,WISE=1,Wise=1	Wise|n|2|2;wise|a|4|0;wise|n|1|0
wisely	ADV=1	wisely=1	wisely|r|1|0
wiser	ADJ=1	wiser=1	
wish	VERB=48,NOUN=5,PRON=1,PROPN=1	wish=51,Wish=1	wish|n|4|0;wish|v|5|0
wished	VERB=9	wished=9	
wishes	NOUN=8,VERB=5	wishes=12,Wishes=1	
wishful			wishful|a|2|0
wishing	VERB=2	wishing=1	wishing|n|1|0
wit	NOUN=2,VERB=1	wit=3	wit|n|3|0
witch	NOUN=2,VERB=1	witch=3	witch|n|4|0;witch|v|1|0
witchcraft			witchcraft|n|1|0
witches	PROPN=1	Witches=1	
with	ADP=2641,SCONJ=175,ADV=3,AUX=1	with=2724,WITH=8,With=5	
withdraw	VERB=4	withdraw=4	withdraw|v|12|0
withdrawal	NOUN=2	withdrawal=2	withdrawal|n|9|0
withdrawing	VERB=2	withdrawing=2	
withdrawn	VERB=5	withdrawn=5	withdrawn|a|2|0
withdrew	VERB=3	withdrew=3	
withheld	VERB=2	withheld=2	
withhold	VERB=2	withhold=2	withhold|v|2|0
withholding	NOUN=1	withholding=1	withholding|n|3|0
within	ADP=109	within=101,Within=1	within|r|1|0
without	ADP=98,SCONJ=54	without=140,WITHOUT=1,Without=1	
withstand			withstand|v|2|0
witness	NOUN=5,VERB=4,PROPN=1	witness=9,Witness=1	witness|n|5|0;witness|v|2|0
witnessed	VERB=5	witnessed=5	
witnesses	NOUN=12	witnesses=12	
witnessing	VERB=2	witnessing=2	
wits			wits|n|1|0
witty			witty|a|1|0
wives	NOUN=5	wives=5	
wiz			wiz|n|1|0
wizard	NOUN=1	wizard=1	wizard|a|1|0;wizard|n|2|0
wo	AUX=95	wo=94	
woe			woe|n|2|0
woke	VERB=6	woke=6	
woken	VERB=1	woken=1	
wolf	NOUN=18,PROPN=3	wolf=17,Wolf=3	Wolf|n|2|2;wolf|n|3|0;wolf|v|1|0
wolfe			Wolfe|n|2|2
wolff			Wolff|n|1|1
wolverine			Wolverine|n|1|0;wolverine|n|2|0
wolves	NOUN=20	wolves=18	
woman	NOUN=56	woman=55,WOMAN=1	woman|n|4|0
womb			womb|n|1|0
women	NOUN=75,PROPN=1	women=70,Women=2	
won	VERB=24	won=24	won|a|1|0;won|n|2|0
wonder	VERB=19,NOUN=6,PROPN=1	wonder=24,Wonder=2	wonder|n|4|0;wonder|v|3|0
wondered	VERB=4	wondered=4	
wonderful	ADJ=62,ADV=1	wonderful=51,Wonderful=2	wonderful|a|1|0
wonderfully	ADV=2	wonderfully=2	wonderfully|r|1|0
wondering	VERB=29	wondering=29	wondering|a|1|0
wonderland	NOUN=1,PROPN=1	Wonderland=2	wonderland|n|2|0
wonders	NOUN=4	wonders=4	
wondrous			wondrous|a|1|0;wondrous|r|1|0
wong	PROPN=7	Wong=6	
wont			wont|n|1|0
woo	INTJ=1		woo|v|2|0
wood	NOUN=17,PROPN=5	wood=15,Wood=5	Wood|n|4|4;wood|n|4|0
wooded	ADJ=1	wooded=1	wooded|a|1|0
wooden	ADJ=7	wooden=7	wooden|a|2|0
woodland	NOUN=2,PROPN=1	woodland=2,Woodland=1	woodland|n|1|0
woodrow	PROPN=1	woodrow=1	
woods	NOUN=1,PROPN=1	Woods=1,woods=1	woods|n|1|0
woodward	PROPN=1	Woodward=1	Woodward|n|2|2
woodwork			woodwork|n|2|0
woody	PROPN=2	Woody=2	woody|a|3|0
woof			woof|n|1|0
wool	NOUN=2	wool=1	wool|n|3|0
woolf			Woolf|n|1|1
worcester			Worcester|n|3|3
word	NOUN=97,PROPN=5	word=98,Word=4	Word|n|2|1;word|n|8|0;word|v|1|0
wording	NOUN=4	wording=4	wording|n|1|0
words	NOUN=77,PROPN=2	words=76,Words=2	words|n|5|0
wore	VERB=2	wore=2	
work	NOUN=274,VERB=205	work=473,Work=2,WORK=1	work|n|7|0;work|v|27|0
workable	ADJ=4	workable=4	workable|a|1|0
worked	VERB=62	worked=62	
worker	NOUN=10,PROPN=2	worker=8,Worker=3	worker|n|4|0
workers	NOUN=51	workers=49,WORKERS=1	
workflow			workflow|n|1|0
workforce	NOUN=14	workforce=14	workforce|n|1|0
working	VERB=135,NOUN=8,ADJ=2,PROPN=1	working=141,Working=2	working|a|5|0;working|n|1|0
workings			workings|n|2|0
workload	NOUN=1	workload=1	workload|n|1|0
workmanship	NOUN=4	workmanship=3,Workmanship=1	workmanship|n|1|0
workout	NOUN=3	workout=3	workout|n|1|0
workplace	NOUN=4	workplace=4	workplace|n|1|0
works	NOUN=39,VERB=32,PROPN=9	works=70,Works=9	works|n|4|0
workshop	NOUN=2,PROPN=1	Workshop=2,workshop=1	workshop|n|2|0
workshops	NOUN=2,PROPN=1	workshops=2,Workshops=1	
world	NOUN=300,PROPN=66	world=296,World=68,WORLD=1	world|a|1|0;world|n|8|1
worldly	ADJ=1	worldly=1	worldly|a|2|0
worlds	NOUN=7	worlds=7	
worldview	NOUN=2	worldview=2	
worldwide	ADV=8,ADJ=5	worldwide=13	worldwide|a|3|0
worm	NOUN=1,PROPN=1	Worm=1,worm=1	worm|n|4|0;worm|v|1|0
worms	NOUN=13	worms=12	
worn	VERB=7,ADJ=1	worn=8	worn|a|2|0
worried	ADJ=14,VERB=3	worried=17	worried|a|2|0
worries	NOUN=4,VERB=1	worries=5	
worry	VERB=22,NOUN=4	worry=25,WORRY=1	worry|n|2|0;worry|v|6|0
worrying	VERB=2,ADJ=1	worrying=3	worrying|a|1|0;worrying|n|2|0
worse	ADJ=25,ADV=4	worse=26	worse|a|2|0;worse|n|1|0;worse|r|1|0
worsened	VERB=1	worsened=1	worsened|a|2|0
worsening	VERB=1	worsening=1	worsening|a|1|0;worsening|n|2|0
worship	NOUN=7,VERB=2	worship=9	worship|n|2|0;worship|v|3|0
worshipped	VERB=1	worshipped=1	worshipped|a|1|0
worst	ADJ=47,ADV=4	worst=41,Worst=2,WORST=1	worst|a|1|0;worst|n|3|0;worst|r|1|0;worst|v|1|0
worth	ADJ=47,PROPN=12,NOUN=9,ADP=1	worth=54,Worth=12,WORTH=1	Worth|n|1|1;worth|a|2|0;worth|n|2|0
worthless	ADJ=1	worthless=1	worthless|a|2|0
worthwhile	ADJ=5	worthwhile=5	worthwhile|a|1|0
worthy	ADJ=5,PROPN=1	worthy=5,Worthy=1	worthy|a|3|0;worthy|n|1|0
would	AUX=1230	would=1189,Would=6,WOULD=4	
wound	NOUN=1,VERB=1	wound=2	wound|a|1|0;wound|n|4|0;wound|v|2|0
wounded	VERB=5,ADJ=3	wounded=8	wounded|a|1|0;wounded|n|1|0
wounding	VERB=1	wounding=1	wounding|a|1|0;wounding|n|1|0
wounds	NOUN=5	wounds=5	
woven	VERB=1	woven=1	woven|a|1|0
wow	INTJ=33,NOUN=1	wow=9,Wow=2,WOW=1	wow|n|1|0;wow|v|1|0
wrap	VERB=7,NOUN=6	wrap=13	wrap|n|3|0;wrap|v|4|0
wrapped	VERB=5,ADJ=1	wrapped=6	wrapped|a|3|0
wrapper	NOUN=1	wrapper=1	wrapper|n|3|0
wrapping	NOUN=2,VERB=2	wrapping=4	wrapping|n|2|0
wrath	NOUN=1	wrath=1	wrath|n|2|0
wreath			wreath|n|1|0
wreck	NOUN=2	wreck=2	wreck|n|4|0;wreck|v|1|0
wreckage			wreckage|n|1|0
wrecked			wrecked|a|1|0
wrecking	PROPN=1	Wrecking=1	wrecking|n|2|0
wren			Wren|n|1|1;wren|n|1|0
wrench			wrench|n|3|0;wrench|v|4|0
wrenching			wrenching|a|1|0
wrestle	VERB=1	wrestle=1	wrestle|n|1|0;wrestle|v|4|0
wrestled	VERB=1	wrestled=1	
wrestlemania	PROPN=4	Wrestlemania=2,WrestleMania=1	
wrestler	NOUN=1	wrestler=1	wrestler|n|1|0
wrestling	NOUN=2	wrestling=2	wrestling|n|2|0
wretched			wretched|a|5|0
wright	PROPN=1	Wright=1	Wright|n|6|6;wright|n|1|0
wrinkle			wrinkle|n|3|0;wrinkle|v|4|0
wrinkles	NOUN=3	wrinkles=3	
wrist			wrist|n|1|0
wrists	NOUN=1	wrists=1	
writ			writ|n|1|0
write	VERB=58,PROPN=1	write=52,Write=2	write|v|8|0
writer	NOUN=23	writer=23	writer|n|2|0
writers	NOUN=21	writers=20	
writes	VERB=14	writes=14	
writing	VERB=32,NOUN=19	writing=48	writing|n|5|0
writings	NOUN=4	writings=4	Writings|n|1|1
written	VERB=47,ADJ=1	written=48	written|a|3|0
wrong	ADJ=58,ADV=7,NOUN=3	wrong=66	wrong|a|9|0;wrong|n|2|0;wrong|r|1|0;wrong|v|1|0
wrongdoing	NOUN=4	wrongdoing=4	wrongdoing|n|2|0
wrongful	ADJ=2	wrongful=2	wrongful|a|3|0
wrongly			wrongly|r|2|0
wrote	VERB=45	wrote=45	
wrought	ADJ=1	wrought=1	wrought|a|1|0
wt	PROPN=1		
wtf	PRON=1		
wto			WTO|n|1|0
wu	PROPN=3	Wu=2	Wu|n|1|0
wv			WV|n|1|1
ww	PROPN=1	WW=1	
wwii	PROPN=2	WWII=2	
www	NOUN=1,PROPN=1	WWW=1	WWW|n|1|0
wyatt	PROPN=1	Wyatt=1	Wyatt|n|2|2
wyoming	PROPN=4	Wyoming=4	Wyoming|n|1|1
xanax			Xanax|n|1|0
xavier			Xavier|n|1|1
xbox	PROPN=4,NOUN=1	Xbox=4	
xi			XI|n|1|0;xi|a|1|0;xi|n|1|0
xii			XII|n|1|0;xii|a|1|0
xiii	NUM=3	XIII=3	XIII|n|1|0;xiii|a|1|0
xinjiang			Xinjiang|n|1|1
xiv	NUM=1	XIV=1	XIV|n|1|0;xiv|a|1|0
xl			XL|n|1|0;xl|a|1|0
xmas	PROPN=3	Xmas=2,XMAS=1	Xmas|n|1|0
xml	PROPN=1	XML=1	
xp	PROPN=1	XP=1	
xu	PROPN=1	Xu=1	
xv	NUM=1	XV=1	XV|n|1|0;xv|a|1|0
xvi			XVI|n|1|0;xvi|a|1|0
xx			XX|n|2|0;xx|a|1|0
xxx	NOUN=1	xxx=1	XXX|n|2|0;xxx|a|1|0
ya	PRON=5,INTJ=2	ya=4	
yacht			yacht|n|1|0;yacht|v|1|0
yachts	NOUN=2	yachts=2	
yah	X=1	yah=1	
yahoo	PROPN=2	Yahoo=2	Yahoo|n|2|2;yahoo|n|1|0
yak	PROPN=1	Yak=1	yak|n|2|0;yak|v|1|0
yale	PROPN=8	Yale=8	Yale|n|2|2
yan	PROPN=2	yan=2	
yang	PROPN=5	Yang=5	yang|n|1|0
yankee	PROPN=2	Yankee=2	Yankee|a|1|0;Yankee|n|3|0
yard	NOUN=4	yard=4	yard|n|9|0
yards	NOUN=1,PROPN=1	Yards=1,yards=1	
yarn	NOUN=2	yarn=2	yarn|n|2|0;yarn|v|1|0
yay	INTJ=4		Yay|n|1|0
ye	PRON=6,NOUN=1	ye=6	
yea	INTJ=3		yea|n|1|0;yea|r|1|0
yeah	INTJ=289,ADV=1	yeah=75,Yeah=3	yeah|r|1|0
year	NOUN=382,PROPN=16	year=371,Year=26,YEAR=1	year|n|4|0
yearbook			yearbook|n|2|0
yearly	ADJ=7,ADV=1	yearly=8	yearly|a|1|0;yearly|n|1|0;yearly|r|1|0
yearning	VERB=1	yearning=1	yearning|n|1|0
years	NOUN=367,PROPN=1	years=363,Years=3,YEARS=1	years|n|3|0
yeast			yeast|n|2|0
yell	VERB=5,NOUN=1	yell=6	yell|n|2|0;yell|v|2|0
yelled	VERB=4	yelled=4	yelled|a|1|0
yelling	VERB=3,NOUN=1	yelling=4	yelling|n|1|0
yellow	ADJ=30,NOUN=2	yellow=31,Yellow=1	yellow|a|6|0;yellow|n|1|0;yellow|v|1|0
yellowish			yellowish|a|1|0
yellowstone	PROPN=9	Yellowstone=8	Yellowstone|n|1|1
yells	NOUN=1	yells=1	
yelp	PROPN=1	Yelp=1	yelp|n|1|0;yelp|v|1|0
yemen	PROPN=5	Yemen=5	Yemen|n|1|1
yemeni			Yemeni|a|1|0;Yemeni|n|1|0
yen	X=1	yen=1	yen|n|2|0;yen|v|1|0
yep	INTJ=12	Yep=2,yep=2	
yer			yer|n|1|0
yes	INTJ=159,NOUN=1	yes=45,Yes=4,YES=2	yes|n|1|0
yesterday	NOUN=48	yesterday=43	yesterday|n|2|0;yesterday|r|2|0
yet	ADV=96,CCONJ=40	yet=116,YET=1	yet|r|6|0
yi			Yi|n|1|0
yield	VERB=6,NOUN=2	yield=8	yield|n|4|0;yield|v|13|0
yielded	VERB=1	yielded=1	
yielding	VERB=2	yielding=2	yielding|a|3|0;yielding|n|2|0
yields	NOUN=6,VERB=1	yields=7	
yikes	INTJ=2		
yin			yin|n|1|0
yo	PRON=10,INTJ=1	Yo=2	
yoga	NOUN=20	yoga=16,Yoga=3	yoga|n|2|0
yogi	PROPN=1	Yogi=1	Yogi|n|1|1;yogi|n|1|0
yogurt	NOUN=1	yogurt=1	yogurt|n|1|0
yoke	NOUN=1	yoke=1	yoke|n|7|0;yoke|v|3|0
yoko	PROPN=6	Yoko=6	
york	PROPN=89	York=79	York|n|1|0
yorker	PROPN=1	Yorker=1	
yorkshire	PROPN=5	Yorkshire=3,yorkshire=2	Yorkshire|n|1|1
yoruba			Yoruba|n|2|0
yosemite			Yosemite|n|1|1
you	PRON=5229,PROPN=2,NOUN=1	you=4553,You=49,YOU=29	
young	ADJ=78,NOUN=2,ADV=1,PROPN=1	young=77,Young=4	Young|n|7|7;young|a|5|0;young|n|2|0
younger	ADJ=19	younger=18,Younger=1	younger|a|1|0
youngest	ADJ=7	youngest=7	
youngster	NOUN=1	youngster=1	youngster|n|1|0
youngsters	NOUN=1	youngsters=1	
your	PRON=1455	your=1363,Your=26,YOUR=8	
youre	PRON=1	youre=1	
yours	PRON=15	yours=12	
yourself	PRON=76	yourself=76	
yourselves	PRON=3	yourselves=3	
youth	NOUN=9	youth=8	youth|n|6|0
youthful	ADJ=1	youthful=1	youthful|a|1|0
youths	NOUN=1	youths=1	
youtube	PROPN=27	YouTube=23,youtube=3	
youtuber	PROPN=1	YouTuber=1	
youtubers	PROPN=2	YouTubers=2	
yr	NOUN=2	yr=2	yr|n|1|0
yrs	NOUN=3	yrs=3	
yu	PROPN=1	yu=1	
yuan			Yuan|n|1|0;yuan|n|1|0
yugoslavia	PROPN=1	Yugoslavia=1	Yugoslavia|n|2|2
yukon			Yukon|n|2|2
yum	INTJ=3	yum=1	
yummy	ADJ=3,PROPN=1	yummy=3,YUMMY=1	yummy|a|1|0
yung	PROPN=1	Yung=1	
yup	INTJ=1		
yuri	PROPN=1	Yuri=1	
zach	PROPN=3	Zach=2	
zambia			Zambia|n|1|1
zane	PROPN=5	Zane=5	
zeal			zeal|n|3|0
zealand	PROPN=44	Zealand=44	Zealand|n|1|1
zebra	NOUN=1	zebra=1	zebra|n|1|0
zee			zee|n|1|0
zen			Zen|n|3|0
zenith			zenith|n|1|0
zeppelin			Zeppelin|n|1|1;zeppelin|n|1|1
zero	NUM=11,PROPN=5	zero=10,Zero=5	zero|a|4|0;zero|n|4|0;zero|v|2|0
zest			zest|n|2|0;zest|v|1|0
zeus	PROPN=1	Zeus=1	Zeus|n|2|1
zhou	PROPN=1	Zhou=1	Zhou|n|1|0
zimbabwe			Zimbabwe|n|1|1
zimmer			Zimmer|n|1|0
zinc	NOUN=3	zinc=3	zinc|n|1|0;zinc|v|1|0
zion	PROPN=1	Zion=1	Zion|n|3|2
zionism			Zionism|n|2|0
zionist	ADJ=1	Zionist=1	Zionist|a|2|0;Zionist|n|1|0
zip	NOUN=1	zip=1	ZIP|n|1|0;zip|n|3|0;zip|v|2|0
zipper			zipper|n|1|0;zipper|v|1|0
zodiac	NOUN=1	zodiac=1	zodiac|n|2|0
zombie	NOUN=3	zombie=2	zombie|n|5|0
zone	NOUN=9,PROPN=2	zone=10,Zone=1	zone|n|4|0;zone|v|2|0
zones	NOUN=1	zones=1	
zoning	PROPN=1	Zoning=1	zoning|n|1|0
zoo	NOUN=4	zoo=4	zoo|n|1|0
zoology			zoology|n|2|0
zoom	PROPN=9,NOUN=3,VERB=1	Zoom=9,zoom=4	zoom|n|2|0;zoom|v|3|0
zu			Zu|n|1|1
zuckerberg	PROPN=2	Zuckerberg=2	
zulu			Zulu|n|3|1
zurich			Zurich|n|1|1
