word,translation
aa,"[计] 绝对地址, 农业自动化, 自动应答\n[医] 各, 各个"
aaa,[医] 急性焦虑发作
aap,"[计] 分析员辅助程序, 相联阵列处理机, 附加应用处理机"
aaron,"n. 亚伦（男子名）；[圣经]亚伦（摩西之兄, 犹太教的第一祭司长）"
ab,"prep. 从, 自\n[计] 地址总线"
aba,"n. 宽大无袖长袍, 驼毛织物"
abandon,"vt. 放弃, 抛弃, 遗弃, 使屈从, 沉溺, 放纵\nn. 放任, 无拘束, 狂热"
abandoned,"a. 被抛弃的, 无约束的, 恣意放荡的"
abandoning,v. 放弃；屈服（abandon的现在分词）
abandonment,"n. 放弃, 抛弃, 放纵\n[经] 委付, 废弃, 放弃(采矿权)"
abba,n. 阿爸父(耶稣对上帝的尊称)
abbas,"n. 阿巴斯（地名, 伊朗最大港口）；阿巴斯王朝"
abbey,n. 大修道院
abbot,"n. 男修道院院长, 大寺院男住持"
abbott,n. 阿尔伯特（人名）；雅培（公司名）
abbreviated,"[计] 缩写的, 短缩的, 简写的, 简略的, 缩略的\n[医] 减短的, 缩减的, 省略的"
abbreviation,"n. 缩写词, 缩写, 缩短, 节略"
abby,n. 艾比（女子名）
abc,"预定章程, 美国广播公司, 澳大利亚广播公司, 字母表, 基础知识\n[计] 记帐预算计价系统, 通用插件板计算机, 美国广播公司, 自动编码系统"
abd,abbr. [俚]准博士（All But Dissertation）
abdel,n. (Abdel)人名；(阿拉伯、哈萨、塔吉、吉尔、乌兹、阿塞、土库、乍、塞)阿卜杜勒
abdomen,n. 腹部\n[医] 腹[部]
abdominal,"a. 腹部的, 有腹鳍的\n[医] 腹[部]的"
abducted,[法] 诱拐
abduction,"n. 诱拐, 绑架, 外展\n[医] 外展, 展"
abdul,n. 阿卜杜勒（人名）
abdullah,n. 阿布杜拉（人名）
abe,"n. 亚伯（男子名, 等于Abraham）"
abel,n. 亚伯（亚当和夏娃的次子）；艾贝尔（男子名）
aberdeen,n. 亚伯丁（英国苏格兰一郡 ）；苏格兰粗毛猎狐狗（等于Aberdeenterrier）
abi,abbr. 联合商业情报（Allied Business Intelligence）；英国保险业协会（The Association of British Insurers）；踝肱指数（Ankle Brachial Index）；应用系统二进制接口（application binary interfaces）
abide,"vi. 停留, 遵守, 居留, 继续下去\nvt. 忍受, 经受, 屈从于"
abiding,"a. 永久的, 持久的, 不变的"
abigail,n. 贴身使女
abilities,"n. 能力, 才能（ability的复数形式）"
ability,"n. 能力, 才干\n[经] 能力, 才能"
able,"a. 能干的, 能够的"
abnormal,"a. 反常的, 不规则的, 变态的, 畸形的\nn. 畸形的人"
abnormalities,n. 畸形；异常情况（abnormality的复数形式）
aboard,"adv. 在船上, 在火车上, 在飞机上\nprep. 在...之上"
abode,"n. 住所, 住处\nabide的过去式和过去分词"
abolish,"vt. 废止, 革除, 消灭\n[经] 废除, 取消, 裁撤"
abolished,v. 彻底废除；摧毁（abolish的过去分词）\na. 废除的
abolishing,"vt. 废除, 废止；取消, 革除"
abolition,"n. 废除, 废奴运动\n[医] 禁止, 消失"
abomination,"n. 厌恶, 痛恶, 令人厌恶的事物"
aboriginal,"a. 原始的, 土著的\nn. 土著居民, 土生生物"
abort,"vi. 流产, 中途失败\nvt. 使流产, 使失败, 使中止"
aborted,"a. 流产的, 中途失败的"
abortion,"n. 流产, 堕胎, 失败, 夭折, 中止\n[医] 流产, 小产; 顿挫"
abortions,n. 小产( abortion的复数形式 ); 小产胎儿; （计划）等中止或夭折; <生>败育
abound,"vi. 大量存在, 富于, 充满"
about,"prep. 在...周围, 大约, 有关, 关于\nadv. 大约, 四处, 在附近, 周围"
above,"prep. 在上方, 超出\nadv. 在上面\na. 上述的, 上面的"
abraham,n. 亚伯拉罕（男子名）
abrams,n. 艾布拉姆斯（公司名称）
abrasive,n. 研磨料\na. 有研磨作用的
abroad,"adv. 往国外, 到室外, 到处\na. 往国外的, 在室外的, 广泛四散的"
abrupt,"a. 突然的, 唐突的, 陡峭的, 不连贯的"
abruptly,"adv. 突然地, 唐突地"
abs,"[计] 绝对, 美国标准局"
absence,"n. 缺席, 缺乏, 没有\n[医] 失神"
absent,"a. 缺席的, 不在的, 缺乏的, 漫不经心的\nvt. 使缺席"
absentee,"n. 缺席者, 不在者\n[经] 缺勤者, 缺席者, 未到工者"
absolute,"a. 绝对的, 专制的, 完全的, 独立的\nn. 绝对事物"
absolutely,"adv. 完全地, 绝对地, 确确实实地"
absorb,"vt. 吸收, 使全神贯注, 同化, 买进, 理解, 承受, 忍受, 承担\n[医] 吸收"
absorbed,"a. 全神贯注的, 一心一意的\n[机] 被吸收的"
absorbing,"a. 吸引人的, 非常有趣的\n[机] 吸收的"
absorbs,v. 吸收（液体、气体等）( absorb的第三人称单数 ); 支付; 吞并; 理解
absorption,"n. 吸收, 专心, 全神贯注\n[化] 吸收; 吸收作用"
abstinence,"n. 节制, 禁欲, 戒酒\n[医] 节制, 禁戒(如禁酒,节欲)"
abstract,"a. 抽象的, 深奥的\nn. 摘要, 抽象概念\nvt. 摘要, 提炼, 使抽象化\n[计] 摘录; 摘要; 抽象"
abstraction,"n. 抽象化, 心不在焉, 空想, 提炼, 抽象派作品\n[化] 提取; 抽取; 夺取; 夺取反应; 除去"
abstracts,n. 抽象概念( abstract的名词复数 ); 抽象派艺术作品; 摘要
absurd,"a. 荒谬的, 不合理的, 可笑的\nn. 荒诞"
absurdity,"n. 荒谬, 悖理, 荒谬的言行"
abt,abbr. 大约（about）
abu,abbr. 亚洲广播联盟（Asian Broadcast Union）
abuja,n. 阿布贾（尼日利亚现在的首都）
abundance,"n. 丰富, 充足, 大量\n[经] 丰富, 充裕"
abundant,"a. 丰富的, 充分的, 大量的"
abundantly,"adv. 大量地, 丰富地"
abuse,"n. 滥用, 虐待, 恶习, 辱骂\nvt. 滥用, 辱骂, 虐待"
abused,"n. 受虐；滥用, 恶习"
abuser,n. 滥用者
abusers,n. abuser的名词复数形式
abuses,v. 滥用；虐待；辱骂（abuse的三单形式）
abusing,虐待\n滥用\n侮辱\n辱骂
abusive,"a. 恶言谩骂的, 被滥用的, 腐败的, 虐待的"
abyss,"n. 深渊, 深邃, 地狱"
ac,"公元前\n[计] 存取周期, 累加器, 声耦合器, 交流, 应用控制, 自动检查, 自动计算机"
aca,"[计] 美国通信协会, 美国密码通信协会, 异步通信适配器"
academia,"n. 学术界, 学术生涯"
academic,"a. 学院的, 学术的, 不切实际的\nn. 大学生, 大学教师, 学者, 学会会员"
academically,adv. 学术上；学业上
academics,"n. 学习, 学术; 学者( academic的复数形式 ); 大学教师; [复数]（院校的）学术活动; [A-]柏拉图哲学信奉者"
academies,n. 院校（academy的复数形式）；学院
academy,"n. 学院, 院校, 学会"
acc,"[计] 累加, 累加器, 异步通信控制\n[医] 阳极通电收缩"
accelerate,"v. 加速, 促进"
accelerated,a. 加快的\n[医] 加速的
accelerating,[计] 加速
acceleration,"n. 加速, 促进, 加速度\n[化] 加速度"
accelerator,"n. 加速剂, 加速器, 油门\n[化] 加速器; 早强剂; 促进剂; 硫化促进剂"
accent,"n. 重音, 口音, 特点, 注重点\nvt. 重读, 加重音号于, 强调"
accents,n. 重音( accent的名词复数 ); 口音; 强调; 读音符号（标在字母上）
accept,"vt. 接受, 承认, 同意, 相信, 赞成, 承担, 承兑, 采纳, 接纳, 容忍\nvi. 同意"
acceptable,"a. 可接受的, 合意的, 可忍受的"
acceptance,"n. 接受, 接纳, 承认, 同意, 赞同, 容忍, 相信\n[经] 承兑, 认付, (工程)验收"
accepted,"a. 公认的, 一般承认的\n[经] 已承兑, 已认付"
accepting,a. 易接受的；赞同的；[商业]承兑的
accepts,n. 合格品；良浆
access,"n. 通路, 入口, 接近, 进入, 使用权, 发作\nvt. 访问, 存取, 接近, 使用\n[计] 访问, 存取"
accessed,"vt. 接近, 进入（access的过去式与过去分词形式）"
accessibility,"n. 易接近, 可进入\n[化] 可及性; 可达性; 可接近性; 吸湿性"
accessible,"a. 易接近的, 可进入的, 可使用的, 易受影响的, 可理解的"
accessing,[计] 访问
accession,"n. 到达, 即位, 增加, 同意, 发作, 正式接受\nvt. 登记入册"
accessories,n. 辅助程序；[计]附件（accessory的复数形式）
accessory,"n. 附件, 零件, 附加物, 从犯, 同谋\na. 附属的, 补充的, 同谋的, 帮凶的, 非主要的, 副的\n[计] 附件"
accident,"n. 意外事件, 机遇, 事故, 次要方面\n[化] 意外事故; 事故"
accidental,"a. 意外的, 偶然的, 非主要的, 附属的\nn. 临时记号, 次要方面"
accidentally,"adv. 偶然地, 意外地"
accidents,n. 意外事故；事故（accident的复数）
acclaim,"n. 喝彩, 欢呼, 赞同\nv. 欢呼, 喝彩, 称赞"
acclaimed,v. 欢呼（acclaim的过去式及过去分词）\na. 受到赞扬的
accolades,n. <音>（连结几行谱表的）连谱号( accolade的复数形式 ); 嘉奖; <建>（窗、门上方的）桃尖拱形线脚; 册封爵士的仪式（用剑面在肩上轻拍一下）
accommodate,"vt. 使适应, 调和, 通融, 容纳, 向...提供\nvi. 适应"
accommodated,v. 使适应（accommodate的过去式及过去分词形式）；安置；为…提供住宿
accommodating,"a. 与人方便的, 肯通融的"
accommodation,"n. 膳宿, 预订铺位, 适应性调节, 调和, 贷款\n[医] 调节(眼); 适应"
accommodations,"n. 膳宿；住房, 住宿；居住设施（accommodation的复数）"
accompanied,"v. 陪伴, 伴随；伴奏（accompany的过去分词）\na. 伴随的；相伴的"
accompanies,v. 陪伴( accompany的第三人称单数 ); 陪同; 伴随…同时发生; 伴奏
accompaniment,"n. 伴随物, 附加物, 伴奏"
accompany,"vt. 陪伴, 伴随, 补充, 为...伴奏\nvi. 伴奏, 伴唱"
accompanying,"a. 随同的, 附见的"
accomplice,"n. 共犯, 同谋\n[医] 协同菌"
accomplish,"vt. 完成, 达到, 实现, 使完美"
accomplished,"a. 完成的, 实现的, 有造诣的, 熟练的, 善社交的"
accomplishing,完成
accomplishment,"n. 成就, 完成"
accomplishments,n. 造诣
accord,"n. 一致, 调和, 协定\nvt. 给与, 使一致\nvi. 相符合"
accordance,"n. 一致, 和谐"
according,"a. 相符的, 根据...而定的\nadv. 相应地"
accordingly,"adv. 相应地, 因此, 于是"
accordion,n. 手风琴\na. 可折叠的
accords,v. 给予( accord的第三人称单数 ); 使和谐一致; 使符合; 使适合
account,"n. 报告, 解释, 估价, 理由, 利润, 算账, 帐目\nvi. 报帐, 解释, 导致, 报偿, 占, 杀死\nvt. 认为\n[计] 帐户, 帐号"
accountability,"n. 负有责任, 可说明性\n[化] 衡算计量"
accountable,"a. 负有责任的, 可说明的, 可解释的\n[经] 负有责任的"
accountancy,"n. 会计工作, 会计学\n[经] 会计工作, 会计学术, 会计职业"
accountant,"n. 会计人员, 会计师\n[经] 会计师, 会计人员"
accountants,会计人员
accounted,未予说明的
accounting,"n. 会计学, 帐单, 清帐\n[计] 帐户处理, 记帐"
accounts,n. 账号；会计账簿；账目（account的复数）
accreditation,"n. 委派, 信托, 鉴定合格\n[法] 立案, 备案, 任命"
accredited,v. 认可（accredit的过去分词形式）
accrued,a. 应计的；增值的；权责已发生的
accumulate,"v. 积聚, 堆积"
accumulated,a. 累计的；累积的；达到
accumulating,[计] 累加
accumulation,"n. 积聚, 累积, 积聚物\n[医] 蓄积, 累积"
accuracy,"n. 精确, 正确\n[计] 准确度"
accurate,"a. 正确的, 精确的\n[经] 准确的, 精确的"
accurately,"adv. 正确地, 精确地"
accusation,"n. 控告, 指控, 指责\n[法] 控告, 起诉, 告发"
accusations,n. 指责( accusation的复数形式 ); 指控; 控告; （被告发、控告的）罪名
accuse,"vt. 指责, 控告, 归咎于\nvi. 指责, 控告"
accused,n. 被告
accuses,"v. 指责, 谴责, 控告( accuse的第三人称单数 )"
accusing,"a. 指责的, 非难的"
accustomed,"a. 惯常的, 习惯了的"
ace,"n. 幺点, 好手, 少许, 发球得分\na. 一流的, 杰出的\n[计] 应答允许, 自适应计算机试验, 自动呼叫设备, 自动执行控制"
acer,"n. 宏碁（公司名, 主要生产个人电脑产品）"
aces,[计] 自动代码评价系统
acetate,n. 醋酸盐\n[化] 醋酸盐(或酯、根)
ache,"n. 疼痛\nvi. 痛, 哀怜, 渴望"
aches,n. 疼痛( ache的名词复数 )\nv. 渴望( ache的第三人称单数 )
achievable,"a. 做得成的, 可完成的, 可有成就的"
achieve,"vt. 完成, 达到\nvi. 如愿以偿"
achieved,a. 取得的；完成的
achievement,"n. 完成, 成就, 功业"
achievements,n. 业绩；获得（achievement的复数）
achieves,v. 取得( achieve的第三人称单数 ); 获得; 实现; 成功
achieving,取得\n实现
achilles,n. 阿喀琉斯(希腊神话人物)
aching,"a. 疼痛的, 使人痛苦的"
acid,"n. 酸, 酸类物质, 尖刻, 迷幻药\na. 酸的, 酸性的, 尖刻的, 敏锐的\n[计] 自动文档互参与索引生成程序"
acidic,"a. 成酸的, 尖刻的, 酸性的\n[机] 酸性"
acidity,n. 酸性\n[化] 酸度; 酸性; 酸性反应
acids,"n. 酸, 酸类；有酸味的东西（acid的复数）"
acknowledge,"vt. 承认, 告知收悉, 答谢, 报偿\n[经] 承认, 答谢, 收到的通知"
acknowledged,a. 公认的
acknowledgement,"n. 承认, 确认, 感谢, 收到的通知\n[计] 确认; 肯定"
acknowledges,v. 承认( acknowledge的第三人称单数 ); 鸣谢; 对…打招呼; 告知已收到
acknowledging,n. 确认；答谢顾客
acknowledgment,"n. 承认, 答谢, 认可, 谢礼, 收到的通知, 收到的回音, 谢意\n[计] 肯定, 确认认可"
acl,"[计] 应用控制语言, 审查命令语言, 访问控制表"
aclu,abbr. 美国公民自由协会（American Civil Liberties Union）
acm,"[计] 计算机协会, 异步通信控制模块"
acne,"n. 痤疮, 粉刺\n[医] 痤疮, 粉刺"
acorn,"n. 橡树果实\n[机] 浆栎, 浆栎果"
acoustic,"a. 听觉的, 声学的, 音响的\n[医] 听的; 声学的"
acoustics,"n. 音响效果, 声学\n[化] 声学"
acquaintance,"n. 认识, 相识者"
acquaintances,n. 相识的人( acquaintance的复数形式 ); 熟人; 对…有了解; （与某人）认识
acquainted,a. 知晓的；有知识的；熟识的
acquire,"vt. 获得, 学到\n[电] 目标锁定"
acquired,"a. 获得的, 后天的\n[医] 获得的, 后天的"
acquires,v. 获得( acquire的第三人称单数 ); （使用探测器）捕获（目标）; 取得; （计算机、机器人等）捕捉
acquiring,"n. 瞄准；捕获, 探测；习得"
acquisition,"n. 获得, 获得物\n[经] 收购, 招揽, 取得"
acquisitions,n. 获得( acquisition的复数形式 ); 获得者; （企业的）合并; （图书馆通过采购、交换赠阅等）图书资料的获得
acquitted,v. 释放（acquit的过去分词）\na. 无罪；无罪开释
acre,n. 英亩
acres,n. 英亩( acre的复数形式 )
acronym,"n. 首字母缩拼词, 首字母组合词\n[计] 字首组合词"
across,"prep. 越过, 穿过, 与...相交叉, 在...的对面\nadv. 交叉, 到另一边, 在对面, 成十字"
acrylic,a. 丙烯酸的\n[医] 丙烯酸的
acs,"[计] 高级通信服务, 先进密码系统, 汇编管理系统, 自动控制系统\n[医] 阳极通电声"
act,"n. 行动, 行为, 幕, 法案\nvi. 行动, 表演, 假装, 见效, 表现, 担当\nvt. 扮演, 装作\n[计] 先进通信技术, 先进计算机工艺, 自动代码翻译技术"
acted,v. 行动（act的过去分词）；行使…职能；扮演角色
actin,n. 肌动蛋白\n[化] 肌动蛋白
acting,"n. 演戏, 装腔作势\na. 代理的, 演出用的, 起作用的"
action,"n. 行动, 活动, 动作, 作用, 战斗, 行为, 诉讼\nvt. 对...起诉\n[计] 方式"
actions,n. 动作；行动（action的复数）
activate,"vt. 使活动, 使激活, 正式建成\nvi. 有活力"
activated,a. 活性化的；活泼的
activates,"v. 使活动, 起动, 触发( activate的第三人称单数 )"
activating,[计] 启动
activation,"n. 活化, 激活\n[化] 活化; 活化作用; 激活; 激活作用"
active,"a. 活跃的, 起作用的, 积极的, 有效的, 主动的, 活性的, 现行的, 现役的\nn. 主动语态, 积极分子"
actively,"adv. 活跃地, 积极地"
activism,"n. 激进主义, 行动主义, 能动论\n[法] 激进主义, 行动主义"
activist,n. 激进主义分子
activists,"n. （政治活动的）积极分子, 活动家( activist的复数形式 )"
activities,n. （activity复数形式）活动；活动区；活动性
activity,"n. 活动, 行动, 活跃, 活力\n[计] 活动"
actor,"n. 男演员, 行动者\n[医] 作用物, 反应物"
actors,"n. 演员, 男演员；电影演员（actor的复数形式）"
actress,n. 女演员
actresses,n. 女演员( actress的复数形式 )
acts,abbr. 声控遥测系统（Acoustic Control and Telemetry System）；声控制与遥测系统（Acoustic Control and Telemetry System）
actual,"a. 真实的, 实际的, 现行的\n[医] 实际死亡率"
actuality,"n. 事实, 现实, 现状"
actually,"adv. 事实上, 竟然, 如今, 现在"
acute,"a. 尖锐的, 敏锐的, 激烈的, 严重的, 急性的\n[医] 急性的; 尖锐的"
acutely,"adv. 尖锐地, 剧烈地"
ad,"n. 广告\n[计] 地址, 模拟-数字"
ada,"[计] 数据自动采集程序, 自动动态分析程序"
adam,n. 亚当\n[计] 自动直接存取管理
adamant,"n. 坚硬的东西\na. 非常坚硬的, 坚强的, 固执的"
adams,[计] 先进数据管理系统
adapt,"vt. 使适应, 改编\nvi. 适应"
adaptable,"a. 能适应的, 适合的, 可修改的"
adaptation,"n. 适应, 改编, 改编本\n[医] 适应[作用]"
adaptations,n. 适应( adaptation的复数形式 ); 适合; 改编; 改编本
adapted,a. 适合的
adapter,"n. 适应者, 改编者, 接合器\n[计] 衔接器; 适配器, 适配卡"
adapting,[计] 自适应
adaptive,"a. 适应的, 能适应的"
add,"vt. 增加, 添加, 附带说明, 计算...总和\nvi. 做加法, 积累而成, 增添\n[计] 加法"
added,a. 额外的；更多的
addict,"vt. 使沉溺, 使上瘾\nn. 入迷的人, 上瘾者"
addicted,"a. 沉溺于...的, 无法摆脱(某种嗜好)的\n[法] 嗜, 好, 惯于"
addiction,"n. 入迷, 瘾\n[医] 瘾, 癖嗜"
addictions,n. 瘾( addiction的复数形式 ); 吸毒成瘾; 沉溺; 癖好
addictive,a. 上瘾的
addicts,n. 有…瘾的人( addict的名词复数 ); 入迷的人
adding,[计] 加法的
addis,n. 艾缔思（姓氏）
addison,n. 艾迪生（姓氏）
addition,"n. 加法, 增加的人(或物)\n[计] 加法"
additional,"a. 附加的, 另外的, 额外的\n[机] 加添的, 附加的"
additionally,"adv. 另外, 此外"
additions,n. 附件；增加固定资产；附加物（addition的复数）
additive,"a. 添加的, 附加的, 加法的, 累积的\nn. 添加物"
additives,"n. 添加剂, 食物添加剂；附加剂"
address,"n. 住址, 演说, 举止, 灵巧, 求爱\nvt. 发表(演说或讲话), 对付, 写地址\n[计] 地址, 寻址"
addressed,a. 编址的；收信地址；处理
addresses,n. 称呼( address的名词复数 ); （在信封、包裹等上）书写（收件人姓名、地址）; （收件人的）姓名和地址; （书面或口头的）发言
addressing,[计] 访问; 寻址; 定址
adds,abbr. 高级数据显示系统（Advanced Data Display System）；美国陆军数据分发系统；应用数字数据系统（Applied Digital Data System）
adelaide,"n. 阿德莱德（女子名, 澳大利亚港市）"
adele,n. 阿黛尔（女子名）
aden,n. 亚丁(也门城市)
adept,"a. 熟练的, 老练的, 巧妙的\nn. 能手, 内行"
adequate,"a. 适当的, 足够的\n[法] 胜任的, 适当的, 充分的"
adequately,"adv. 足够地, 适当地"
adhd,abbr. 注意力不集中症（ attention deficit hyperactivity disorder ）
adhere,"vi. 依附, 粘着, 坚持, 追随, 拥护\nvt. 使粘附"
adhered,v. 坚持；粘附；依附（adhere的过去分词）
adherence,"n. 依附, 固执, 坚持\n[化] 粘合"
adherents,"n. 支持者, 拥护者( adherent的复数形式 ); 党羽; 徒子徒孙"
adhering,"a. 附着, 粘附性的；粘附的"
adhesion,"n. 附着, 粘着, 支持, 追随\n[化] 粘合; 粘附; 附着; 粘合力; 粘附力; 附着力"
adhesive,"a. 粘着的, 涂有粘性物质的\nn. 粘合剂, 橡皮膏"
adidas,"n. 阿迪达斯（体育用品公司, 主要生产运动服等）"
adjacent,"a. 毗连的, 邻近的, 连接的\n[机] 相邻的, 邻位的, 交界的"
adjective,"n. 形容词\na. 形容词的, 从属的"
adjectives,n. 形容词( adjective的复数形式 )
adjoining,"a. 邻接的, 毗连的\n[机] 联接"
adjourned,休会
adjunct,"n. 附属物, 附件, 助手, 修饰语\na. 附属的"
adjust,"vt. 调整, 使适应于, 校准\nvi. 适应于, 被调节, 相互熟悉而适应"
adjustable,a. 可调节的\n[电] 可调整的
adjusted,a. 调整过的\n[机] 调节了的
adjusting,[计] 调准
adjustment,"n. 调整, 调节, 校正\n[化] 调节"
adjustments,n. 调解( adjustment的复数形式 ); <心>调节; 调整; 调节器
adjutant,"n. 助手, 副官\na. 辅助的"
adler,n. 阿德勒（姓氏）
adm,"[计] 自适应数据库管理程序, 自动数据管理, 自动绘图机"
admin,[计] 行政管理程序
administer,"vt. 管理, 料理, 执行\nvi. 执行遗产管理人的职责, 给予帮助"
administered,v. 管理( administer的过去式和过去分词 ); 治理（国家）; 给予; 执行
administering,"[法] 管理, 执行, 实施"
administration,"n. 行政, 管理, 政府机关\n[化] 给药"
administrations,n. 管理( administration的复数形式 ); 实行; （政府）行政机关; （法律、处罚等的）施行
administrative,"a. 管理的, 行政的\n[法] 行政的, 管理的, 遗产管理的"
administrator,"n. 管理人, 行政官\n[经] 遗产管理人员"
administrators,n. 管理员；完全程序（administrator的复数形式）
admirable,"a. 可钦佩的, 极好的, 令人惊奇的"
admiral,"n. 舰队司令, 海军上将, 旗舰"
admiralty,"n. 海军上将的地位(或职权), (1963年前)英国海军部, 海事法庭\n[法] 海军上将的职位, 海军部, 海事法"
admiration,"n. 赞赏, 钦佩, 引人赞赏的对象"
admire,"vt. 赞美, 钦佩, 爱慕\nvi. 称赞, 惊奇"
admired,"v. 羡慕, 赞美；钦佩（admire的过去分词）\na. 受人钦佩的；感到羡慕的"
admirer,"n. 钦佩者, 仰慕者, 求爱者"
admirers,n. 赞赏者( admirer的复数形式 ); 羡慕者; 崇拜者; （女子的）爱慕者
admiring,"a. 赞赏的, 钦佩的, 羡慕的"
admission,"n. 准许进入, 入场费, 录用, 承认\n[经] 加入, 入股"
admissions,n. 准许进入( admission的复数形式 ); 入场费; 入场券; 承认
admit,"vt. 承认, 接受, 允许进入, 容许\nvi. 开向, 容许, 承认"
admits,"v. 许可进入( admit的第三人称单数 ); 承认, 供认; 允许; 确认"
admitted,"a. 被承认了的, 公认的"
admittedly,"adv. 公认地, 诚然"
admitting,v. 承认（admit的ing形式）
adnan,n. (Adnan)人名；(阿拉伯、土)阿德南
ado,"n. 纷扰, 忙乱, 麻烦"
adobe,n. 风干土坯\n[化] 风干砖; 土砖; 灰质粘土; 多孔粘土
adolescence,"n. 青春期\n[医] 青年期, 青春期"
adolescent,"a. 青春期的, 青少年的\nn. 青少年"
adolescents,"n. 青春期的, 青少年的( adolescent的复数形式 )"
adolf,n. 阿道夫(亦作Adolph) (m.)
adopt,"vt. 采用, 正式通过, 收养, 接受\n[医] 采取"
adopted,"a. 被收养的, 被采用的"
adopting,vt. 采取；接受；收养；正式通过\nvi. 采取；过继
adoption,"n. 采用, 采纳, 收养\n[法] 收养, 采纳, 采用"
adoptive,"a. 有收养关系的, 采用的\n[法] 收养的, 采用的"
adopts,v. 采用( adopt的第三人称单数 ); 收养; 正式接受; 吸收（外来词语）
adorable,"a. 可崇拜的, 值得敬慕的, 可爱的"
adoration,"n. 崇拜, 爱慕"
adore,"vt. 崇拜, 爱慕, 喜爱\nvi. 崇拜, 爱慕"
adored,崇拜
adorned,被修饰的
adrenaline,n. 肾上腺素\n[化] 肾上腺素
adrian,n. 艾德里安（男子名）；艾德里安市（美国密歇根州东南部城市）
ads,"[计] 精确定义系统, 先进调试系统, 模拟数字子系统, 应用设计服务\n             视频分布系统, 自动数据系统, 自主开发系统"
adult,"n. 成人, 成虫\na. 成年的, 成熟的"
adultery,n. 通奸\n[法] 通奸
adulthood,n. 成年\n[医] 成人期
adults,n. 成年人（adult的复数形式）
advance,"n. 前进, 进展, 行过的路程\nvi. 前进, 进展, 提高, 上涨\nvt. 使前进, 促进, 提出, 提高, 使提前, 预付\na. 前面的, 预先的"
advanced,"a. 在前的, 高级的, 先进的, 年老的\n[法] 预付的, 预支的, 垫付的"
advancement,"n. 前进, 进步, 提升\n[医] 徙前术"
advancements,n. （级别的）晋升( advancement的复数形式 ); 前进; 进展; 促进
advances,"n. 作友好表示, 求爱, 献殷勤\n[机] 提早, 前进"
advancing,[计] 导前\n[医] 进行的
advantage,"n. 优点, 便利, 好处, 优势\nvt. 有助于"
advantageous,"a. 有利的, 有益的"
advantages,n. 优势；特点；有利；[经] 利益（advantage的复数）\nv. 促进（advantage的三单形式）；有利于
advent,"n. 来到, 来临"
adventure,"n. 冒险, 冒险经历\nv. 冒险"
adventurer,"n. 冒险家, 投机者\n[法] 冒险者, 投机者"
adventurers,n. 探险家( adventurer的复数形式 ); 投机取巧者; 投机商; 女冒险家
adventures,n. 冒险活动( adventure的名词复数 ); 冒险经历; 奇遇
adventurous,"a. 喜欢冒险的, 有进取心的, 危险的"
adversaries,敌手
adversary,"n. 敌手, 对手\na. 敌手的, 敌对的"
adverse,"a. 不利的, 敌对的, 相反的, 逆的\n[法] 相反的, 敌对的, 逆的"
adversely,"adv. 不利, 有害, 相反, 逆, 敌对, 逆向"
adversity,"n. 逆境, 不幸, 灾祸, 灾难"
advert,"vi. 提出看法, 引起注意, 留意\nn. 广告"
advertise,"vt. 做广告, 通知, 公布\nvi. 做广告"
advertised,a. 广告的
advertisement,"n. 广告, 启事, 广告宣传\n[法] 广告, 公告, 告示"
advertisements,n. [经] 广告（advertisement的复数）；宣传
advertiser,"n. 做广告者, 广告客户\n[经] 广告商, 广告者"
advertisers,n. 登广告的人( advertiser的复数形式 ); 报幕员
advertising,"n. 广告业, 广告\na. 广告的\n[计] 发广告"
adverts,"abbr. advertisements 广告, 做广告\nn. 提及( advert的名词复数 )"
advice,"n. 忠告, 劝告, 意见, 报道, 通知\n[经] 通知书, 通知, 建议"
advisable,"a. 适当的, 明智的"
advise,"vt. 劝告, 给...出主意, 通知, 建议\nvi. 提意见, 商量"
advised,"a. 考虑过的, 知情的\n[法] 考虑过的, 经过考虑的, 得到消息的"
adviser,"n. 顾问, 劝告者, 指导教师\n[法] 顾问, 劝告者"
advisers,"n. 顾问, 劝告者( adviser的复数形式 ); <美>（指导大学新生学科问题等的）指导教授"
advises,"v. 劝告, 提建议( advise的第三人称单数 ); （商业）通知, 报告"
advising,v. 劝告；通知；建议（advise的ing形式）
advisor,"n. 顾问, 劝告者, 指导教师"
advisors,"n. 顾问, 指导教授, 劝告者（advisor的复数形式）"
advisory,"a. 顾问的, 咨询的, 劝告的\n[法] 劝告的, 忠告的, 咨询的"
advocacy,"n. 拥护, 支持, 鼓吹, 辩护, 辩护术\n[法] 辩护, 拥护, 提倡"
advocate,"n. 提倡者, 拥护者\nvt. 主张, 提倡"
advocated,"vt. 提倡, 主张, 拥护\nn. 提倡者；支持者；律师"
advocates,n. （辩护）律师( advocate的名词复数 ); 提倡者; 辩护律师; [A-]基督\nv. 提倡( advocate的第三人称单数 ); 拥护; 鼓吹; 为…辩护
advocating,拥护\n提倡\n辩护（advocate的现在分词）
ae,"[计] 绝对误差, 运算器"
aerial,"a. 空中的, 航空的, 空气的, 空想的\nn. 天线"
aero,"a. 飞机的, 航空的, 飞行的"
aerobic,"a. 需氧的, 需氧菌产生的, 增氧健身法的\n[医] 需氧的"
aerodynamic,a. 空气动力学的
aeronautical,"a. 航空的, 航空学的\n[计] 航空学的"
aeronautics,"n. 航空学, 飞行术\n[机] 航空学"
aeroplane,n. 飞机\n[机] 飞机
aerospace,"n. 航天空间, 航天技术"
aesthetic,"a. 美学的, 审美的, 有美感的"
aesthetically,adv. 美学观点上地；审美地
aesthetics,n. 美学
af,"n. 音频\n[计] 高级功能, 运算标志"
afar,"adv. 由远处, 遥远地"
afc,自动频率控制\n[计] 自动频率控制
affair,"n. 事件, 事务, 恋爱事件"
affairs,"n. 事务, 事宜；风流韵事"
affect,"vt. 影响, 感动, 假装, 模仿, 爱好, 倾向于\nn. 自觉感情"
affected,"a. 假装的, 做作的, 受影响的"
affecting,"a. 感人的, 动人的"
affection,"n. 影响, 病, 喜爱, 情感, 倾向\n[医] 疾患, 病变, 病; 感情"
affectionate,"a. 深情的, 充满情爱的"
affectionately,"adv. 挚爱地, 亲切地"
affects,v. 影响；假装；喜欢（affect的三单形式）
affidavit,"n. 宣誓书, 书面陈述\n[经] 宣誓, 声明"
affiliate,"vt. 使紧密联系, 使附属, 接纳, 收养\nvi. 发生联系, 参加"
affiliated,a. 有关连的；附属的
affiliates,"n. 附属企业( affiliate的名词复数 )\nv. 使隶属于, 接纳…为成员( affiliate的第三人称单数 ); 加入, 与…有关, 为…工作"
affiliation,"n. 联系, 从属关系\n[医] 父权(判定私生儿的父亲)"
affiliations,n. 联系( affiliation的复数形式 ); 附属机构; 亲和性; 接纳
affinity,"n. 吸引, 姻亲关系, 类同\n[化] 亲合力; 亲合能; 亲合势; 近似; 类似"
affirm,"v. 断言, 确认"
affirmation,"n. 肯定, 断言, 证实\n[医] 肯定, 确认"
affirmative,"a. 肯定的, 赞成的, 积极的\nn. 肯定语"
affirmed,n. 收到来电\nvt. 肯定（affirm的过去式）\nvi. 断言（affirm的过去式）
affirming,vt. 肯定；断言\nvi. 确认；断言
affleck,阿弗莱克（人名\n苏格兰姓氏） Auchinleck的变体
afflicted,折磨
affliction,"n. 苦恼, 折磨, 苦恼的事由"
affluent,"a. 丰富的, 富裕的\nn. 支流, 富人"
afford,"vt. 买得起, 足以, 给予"
affordability,n. 支付能力；负担能力；可购性
affordable,[计] 普及型
afforded,"vt. 给予, 提供；买得起\nn. (Afford)人名；(英)阿福德"
afghan,"a. 阿富汗的, 阿富汗人的\nn. 阿富汗人, 阿富汗语, 阿富汗毛毯"
afghanistan,n. 阿富汗
afl,[计] 抽象语言系列
afloat,"a. 飘浮着的, 在海上的, 浸满水的, 在进行中的\nadv. 飘浮着, 在海上, 浸满水, 在进行中"
aforementioned,"a. 上述的, 前述的\n[法] 前面提到过的, 前述的"
afp,法国新闻社\n[计] AppleTalk文件处理协议
afraid,"a. 害怕的, 恐怕的, 遗憾的"
africa,n. 非洲
african,"n. 非洲人\na. 非洲的, 非洲人的"
africans,n. 非洲人（African的复数形式）
afro,n. Afros 非洲式发型
aft,"adv. 在船尾\n[计] 现用文件表, 自动存款取款"
after,"prep. 在...之后, 由于\nconj. 在...之后\nadv. 后来"
afterlife,"n. 来世, 下半生"
aftermath,"n. 结果, 后果\n[法] 后果, 结果"
afternoon,"n. 午后, 下午"
afternoons,"adv. 每天下午, (在)任何下午"
afterward,"adv. 然后, 后来"
afterwards,"adv. 然后, 后来"
ag,"a. 农业的\n[计] 应用生成器, 结合图, 属性语法"
aga,"n. 将军, 大官, 宗教领袖\n[医] 速长区(胚)"
again,"adv. 再一次, 又, 到原处"
against,"prep. 反对, 对着, 倚靠"
agatha,n. 阿加莎（女子名）
age,"n. 年龄, 老年, 成年, 寿命, 时代, 时期\nv. 变老, 成熟"
aged,"a. 老的, 陈的, 有...岁的\n[化] 老化的; 老化了的; 陈化的; 陈化了的"
ageing,"n. 变老, 成熟\n[化] 老化; 陈化; 老成; 熟化; 时效"
agencies,n. 代理；代理处（agency的复数）
agency,"n. 代理机构, 经销商, 中介\n[化] 办事处"
agenda,"pl. 议程, 日常工作事项\n[计] 待议事件"
agendas,n. 议事日程( agenda的复数形式 ); 待议诸事项（一览表）; 目的; 日常工作事项
agent,"n. 代理商, 政府代表, 动原, 媒介\n[计] 代理程序"
agents,n. 间谍；代理人；代理商；特工人员（agent的复数形式）
ages,abbr. 晚期糖基化终末产物（Advanced Glycation End Products）
aggravated,a. 加重的；恶化的
aggravating,"a. 使恶化的, 加重的, 恼人的"
aggregate,"n. 合计, 总计, 聚集体\na. 合计的, 聚集的\nv. 聚集, 集合, 合计达\n[计] 聚合体; 聚集"
aggregation,"n. 集合, 聚合, 集合体\n[化] 聚集; 聚集作用"
aggression,"n. 侵犯, 侵略\n[医] 攻击"
aggressive,"a. 侵略的, 挑畔的, 进取的\n[法] 侵略的, 爱挑衅的, 行为过火的"
aggressively,"adv. (贬)侵略, 侵犯, 寻衅, (褒)敢作敢为, 有进取心, (武器)攻击性, 过分, 放肆"
agile,"a. 敏捷的, 灵活的, 机敏的"
agility,"n. 敏捷, 灵活, 机敏"
aging,"n. 老化, 变陈\n[计] 老化, 陈化"
agitated,"a. (表现出)不安/焦虑的, (被)激烈辩论的, (被)热烈讨论的, 颤抖的\n[医] 激越的"
agitation,"n. 激动, 焦虑, 煽动, 搅动, 摇动\n[化] 搅拌; 搅拌作用"
agnes,n. 艾格尼丝（女子名）
ago,adv. 以前
agony,"n. 极大的痛苦, 挣扎\n[医] 濒死苦闷; 剧痛"
agrarian,"a. 土地的, 耕地的\n[法] 土地的, 土地所有制的"
agree,"vi. 同意, 赞成, 应允, 适合\nvt. 承认, 认定, 同意"
agreeable,"a. 令人愉快的, 同意的\n[医] 佳适的"
agreed,a. 同意的；通过协议的
agreeing,v. 同意（agree的ing形式）
agreement,"n. 同意, 合约, 协议\n[经] 契约, 协议, 协定"
agreements,n. 协定; 协定( agreement的复数形式 ); 同意; 达成协议; （性、数、人称方面与…）一致
agrees,"v. 同意, 赞同( agree的第三人称单数 ); [语法学]（在性、数、人称或格方面）一致; 相同; 和睦相处"
agricultural,"a. 农业的\n[法] 农业的, 耕作的"
agriculture,"n. 农业\n[机] 农业, 农学"
ah,"interj. 啊, 哈"
aha,interj. 啊哈
ahead,"a. 领先的, 预先的, 向前的\nadv. 领先, 预先, 向前, 胜于, 在前面, 在将来"
ahem,interj. 呃哼
ahh,abbr. [生化]芳基烃羟化酶（Aryl Hydrocarbon Hydroxylase）
ahl,n. (Ahl)人名；(土)阿赫；(英、德、芬、瑞典)阿尔\nabbr. 美国曲棍球联盟（American Hockey League）
ahmad,n. 阿哈默德（穆罕默德在《古兰经》中的名称）
ahmed,n. 艾哈迈德（男子名）
ahmedabad,艾哈迈达巴德（印度）
ai,"[计] 附加信息, 人工智能\n[化] 人工智能"
aid,"n. 帮助, 外援, 助手\nvt. 援助, 帮助, 有助于\nvi. 帮助\n[计] 自动内部诊断"
aidan,艾丹
aide,"n. 助手, 副官\n[计] 数据输入的可说明性"
aided,a. 辅助的；半自动的
aides,"n. 助手, 副官( aide的复数形式 )"
aiding,n. 帮助
aids,"n. 爱滋病(获得性免疫缺陷综合征)\n[计] 高级综合数据系统, 先进交互调试系统, 自动图解文档编制系统\n美国决策学学会, 信息自动显示系统, 自动综合调试系统"
aiken,n. 艾肯（美国诗人、文学批评家、小说家）；艾肯（南卡罗莱纳大学University of South Carolina 分校校区）
ailing,"a. 生病的\n[医] 患病的, 病痛的"
ailments,"n. 疾病（尤指慢性病）, 不适( ailment的复数形式 )"
aim,"n. 目标, 瞄准, 击中目标的能力\nvi. 对准目标, 致力, 打算\nvt. 瞄准\n[计] 医学文摘索引, 存取隔离机构, 高级信息管理程序, 先进接口模块\n应用接口模块, 医学人工智能, 相联索引法, 异步接口模块\n自动化信息管理, 自动化综合制造, 自动化库存管理"
aimed,目标\n目的
aiming,[计] 目标
aims,"[计] 交互迁移系统体系结构, 自动自适应库存管理系统\n             自动化工业管理系统, 自动化信息管理系统"
ain,a. （苏格兰）自己的
aint,"n. 涂料, 油漆；空军情报"
air,"n. 空气, 旋律, 态度\nvt. 晾, 使通风, 夸耀"
airborne,"a. 升空的, 空运的, 空中传播的, 空降的"
airbus,空中客车
aircraft,"n. 航空器, 飞机\n[机] 航空器"
aired,通风\n夸耀\n晾干（air的过去式和过去分词）
aires,n. 白羊座
airfield,n. 飞机场
airflow,"n. 空气的流动, 气流"
airing,"n. 晾, 通风, 兜风\n[化] 充气"
airline,"n. 航线, 航线的设备, 航空公司"
airlines,n. 航空业；航空公司（airline的复数）
airplane,n. 飞机\n[机] 飞机
airplanes,n. <美>飞机( airplane的复数形式 )
airport,"n. 飞机场\n[机] 航空站, 机场"
airports,"n. 航空站, 机场, 航空港( airport的复数形式 )"
airs,"n. 装腔作势, 摆架子\n[计] 自动情报检索系统"
airspace,"n. 空域, 空间\n[机] 气隙"
airstrikes,(airstrike 的复数) n. 空袭；空中打击
airway,"n. 空中航线, 风道\n[医] 导气管"
airways,n. 航空公司
airy,"a. 空气的, 空中的, 通风的, 幻想的, 轻快的"
aisle,"n. 走廊, 侧廊, 过道\n[机] 走道"
aisles,"n. 过道, 通道( aisle的复数形式 )"
aj,n. 合金结（抗干扰）
ajax,创建交互式 Web 应用程序而无需牺牲浏览器兼容性的流行方法（Asynchronous JavaScript and XML）；爵士白；铅青铜轴承合金
ak,"[计] 确认, 肯定, 收悉"
aka,[计] AS KNOW AS的缩写
akbar,"n. 阿克巴（印度莫卧儿帝国皇帝, 等于Akbar the Great）"
akin,"a. 同类的, 同族的, 同源的"
akira,n. 阿基拉（动画片）
akron,n. 阿克隆黄铜；亚克朗市（美国俄亥俄州）
al,"[计] 算法语言, 字母, 汇编语言\n[医] 铝(13号元素)"
ala,"n. 翼, 翅\n[化] 丙氨酸"
alabama,n. 亚拉巴马州
aladdin,n. 阿拉丁
alain,n. 阿兰（人名）\nn. (Alain)人名；(西)阿拉因；(英、法、布基、黎)阿兰
alam,n. 阿拉姆（姓氏）
alamo,n. [植]白杨
alan,n. 艾伦（男子名）
alarm,"n. 惊恐, 警报, 警钟\nvt. 使惊恐, 警告\n[计] 报警信号"
alarmed,a. 受惊的；焦虑的；惊恐的
alarming,"a. 使人惊恐的, 引起惊恐的"
alarms,n. 警钟( alarm的名词复数 )\nv. 警告( alarm的第三人称单数 ); 使惊慌; 使惊恐; 给（门等）安装警报器
alas,interj. 唉
alaska,n. 阿拉斯加州
alaskan,a. 阿拉斯加的；阿拉斯加州的
alba,[医] 脑白质
albania,n. 阿尔巴尼亚
albanian,n. 阿尔巴尼亚人
albany,n. 奥尔巴尼(美国纽约州首府)
albeit,"conj. 尽管, 虽然"
albert,n. 艾伯特（男子名）
alberta,n. 亚伯达（加拿大西部的一个省）
alberto,n. 阿尔贝托（阿塞拜疆教练）
albion,n. 阿尔比恩(指英格兰)
album,"n. 粘贴簿, 唱片套\n[医] 白色物"
albums,"n. 相簿, 相册；专辑, 影集（album的复数形式）"
albuquerque,n. 阿尔伯克基（美国新墨西哥州中部大城）
alchemy,"n. 炼金术, 魔力\n[化] 炼丹术; 炼金术; 金丹术"
alcohol,"n. 酒精, 酒\n[化] 醇; 乙醇; 酒精"
alcoholic,"n. 酒鬼, 酒精中毒者\na. 酒精的"
alcoholics,"n. 嗜酒者, 酒鬼( alcoholic的复数形式 )"
alcoholism,"n. 酗酒, 酒精中毒\n[化] 酒中毒"
alden,n. 奥尔登（男子名）
alderman,"n. 市政委员会委员, 高级市政官\n[法] 市议员, 市长助理, 地方官"
aldo,n. 奥尔多（男子名）
ale,n. 麦芽酒\n[医] 麦芽酒
alec,n. 亚历克（男子名）
alejandro,n. 亚历杭德罗（男子名）
aleppo,[医] 阿勒波(叙利亚的一个城市)
alert,"a. 警觉的, 灵敏的, 留心的\nn. 警报\nvt. 使警觉, 通知, 使意识到"
alerted,"vt. 警告；使警觉, 使意识到\na. 警惕的, 警觉的；留心的\nn. 警戒, 警惕；警报\nn. (Alert)人名；(西)阿莱尔特"
alerts,n. 警戒( alert的名词复数 ); 警报期间; 警戒状态; 报警信号\nv. 使（某人）保持警觉( alert的第三人称单数 ); 使意识到; 提醒（某人）注意（某事）; 使（部队）处于待命状态
alessandro,"n. 亚历山大（男子名, 公司名）；爱丽斯（公司名, 产耳机）；阿里桑德罗（男子名）"
alex,[计] 开放网络文件系统
alexa,n. 亚莉克莎（女子名）
alexander,n. 亚历山大（男子名）
alexandra,"n. 亚历山德拉（女子名, 义为男人的保护者）"
alexandria,n. 亚历山大港（位于埃及）；亚历山大市（美国弗吉尼亚一城市）；亚历山大大帝
alexei,n. (Alexei)人名；(捷、罗、俄)阿列克谢
alexis,n. 亚历克西斯（男子名）
alf,n. 阿尔夫(Alfred的昵称)(m.)
alfie,n. 阿尔菲(Alfred的昵称)(m.)
alfonso,n. 阿方索（男子名）
alfred,n. 阿尔佛雷德（男子名）
alfredo,n. 阿尔弗雷多（古代国王的名字）
algae,"pl. 藻类, 海藻\n[化] 藻类"
algebra,n. 代数学
algebraic,"a. 代数的, 代数学的"
algeria,n. 阿尔及利亚
algerian,a. 阿尔及利亚的\nn. 阿尔及利亚人
algorithm,n. 算法\n[计] 算法
algorithms,n. 算法；算法式（algorithm的复数）
ali,[计] 异步线路接口
alia,n. 艾莉雅（人名）
alias,"n. 别名, 化名\nadv. 以化名为人所知\n[计] 别名; 替换入口"
alibi,"n. 不在犯罪现场, 托辞\nv. 为...辩解"
alice,[计] 应用语言接口转换与扩充
alicia,n. 艾丽西娅
alien,"n. 外国人, 外侨\na. 外国的, 相异的"
alienated,a. 疏远的；被疏远的
alienation,"n. 疏远, 离间, 转让\n[医] 精神错乱"
aliens,n. 外国人( alien的名词复数 ); 外侨; 局外人; 外星人
align,"vi. 排列, 排成一行, 结盟\nvt. 使结盟, 使成一行, 校正"
aligned,a. 对齐的；均衡的
alignment,"n. 队列, 结盟, 校正\n[计] 校准; 对齐; 对准"
alike,"a. 相似的, 同样的\nadv. 一样, 以同样的方式"
alimony,"n. 瞻养费, 生活费\n[经] 赡养费, 维持费"
alison,n. 艾莉森（女子名）
alistair,阿利斯泰尔
alive,"a. 活着的, 活泼的, 敏感的, 热闹的"
alkaline,"a. 碱的, 碱性的\n[化] 碱的; 强碱的"
all,"a. 所有的, 全部的, 一切的\nadv. 全部, 全然\npron. 全部\nn. 全部"
allah,n. 安拉
allan,"n. 艾伦（男子名, 等于Alan）"
allegation,"n. 断言, 主张, 申辩\n[法] 声明, 事实陈述, 断言"
allegations,n. 陈述( allegation的复数形式 ); 宣称; 陈词; 指控
allege,"vt. 宣称, 主张, 提出, 断言\n[法] 断言, 指称, 指证"
alleged,"a. 被断言的, 所谓的\n[法] 提出而尚未证实的, 声称的, 宣称的"
allegedly,adv. 依其申述
alleges,"v. 断言, 宣称, 辩解( allege的第三人称单数 )"
allegheny,spurge[植]平铺富贵草
allegiance,"n. 忠贞, 效忠"
alleging,"vt. 宣称, 断言；提出…作为理由"
allen,n. 艾伦（男子名）
allergic,"a. 对...过敏的, 极反感的\n[医] 变应性的"
allergies,"n. [医]过敏症; [口]厌恶, 反感; （对食物、花粉、虫咬等的）过敏症( allergy的复数形式 ); 变态反应, 变应性"
allergy,"n. 变应性, 反感, 厌恶\n[化] 变态反应; 变应性"
alleviate,"vt. 减轻, 使缓和"
alley,"n. 小路, 巷"
alliance,"n. 联盟, 联合\n[法] 同盟, 联盟, 联姻"
alliances,n. （国家、政党等的）结盟( alliance的复数形式 ); 同盟国; 结盟的社会; 联姻
allie,n. 佳丽宝（化妆品品牌名）；艾莉（女子名）
allied,"a. 联盟的, 联姻的, 联系起来的"
allies,n. （第一次世界大战时的）协约国；（第二次世界大战时的）同盟国
alligator,n. 短吻鳄\n[机] 两栖装甲车
allison,n. 艾利森（女子名）
allocate,"vt. 分派, 分配\n[计] 分配"
allocated,"a. 分配的, 指派的"
allocation,"n. 配置, 分配, 拨给\n[经] 分配, 拨款, 分摊"
allotment,"n. 分配, 拨款, 命运\n[经] 分配, 拨款, 分配额分派认购额"
allotted,a. 专款的；拨出的
allow,"vt. 允许, 同意给予, 承认\nvi. 容许, 猜想\n[计] 允许命令"
allowance,"n. 津贴, 零用钱, 限额, 折扣, 允许\nvt. 定量供应"
allowances,n. 津贴( allowance的名词复数 ); 补助; 1 限额; 定量 2 免税额
allowed,"a. 允许, 容许的"
allowing,v. 允许（allow的现在分词）
allows,n. 允许
alloy,"n. 合金\nvt. 将...铸成合金, 减低成色\nvi. 合铸"
alloys,n. 合金（alloy的复数）
alluded,"vi. 暗指, 转弯抹角地说到；略为提及, 顺便提到"
allure,"vt. 引诱, 吸引\nn. 魅力, 诱惑力"
ally,"n. 同盟者, 同盟国, 助手\nvt. 使联盟, 使联合, 使有关系\nvi. 结盟"
alma,n. 阿尔玛（女子名）；舞女；歌女
almighty,"a. 万能的, 全能的"
almond,n. 杏仁\n[化] 杏仁
almonds,n. 杏树( almond的复数形式 ); 杏仁色; 杏仁状的东西; 扁桃仁
almost,"adv. 几乎, 差不多"
aloft,"adv. 在高处, 在上"
aloha,"interj. 喂, 再见"
alone,"a. 孤独的, 单独的, 独自的\nadv. 独自地"
along,"adv. 平行地, 向前\nprep. 沿着"
alongside,"adv. 在旁边, 靠拢着\nprep. 在...旁边, 与...在一起"
alonso,n. 阿朗索（等于Alphonso）
alot,n. (Alot)人名；(西)阿洛特；(法)阿洛
aloud,"adv. 出声地, 大声地"
alpha,"n. 希腊字母表的第一个字母, 最初, 开端\n[医] α(希腊文的第一个字母), 甲种"
alphabet,n. 字母\n[计] 字母表
alphabetical,"a. 依字母顺序的, 字母的"
alpine,"a. 高山的, 高山生长的"
alps,n. 阿尔卑斯山脉\n[计] 高级线性规划系统
already,"adv. 已经, 早已"
alright,a. 没问题的
als,[医] 抗淋巴细胞血清
also,"adv. 也, 并且, 同样地"
alt,"n. 高音调\na. 高音调的\n[计] 更换, 选择, 另外, 自动线路跟踪; 自由新闻组"
alta,n. 阿尔塔（女子名）
altar,"n. 圣坛, 祭坛"
alter,v. 改变
alteration,"n. 变更, 改动\n[医] 变更"
alterations,n. 改变；变更；服装修改（alteration的复数）
altercation,"n. 争论, 争吵"
altered,"a. [医]改变的\nv. 改变, 更改( alter的过去式和过去分词 )"
altering,[计] 变更
alternate,"a. 交替的, 轮流的, 间隔的\nv. 轮流, (使)交替"
alternately,"adv. 交替地, 间隔地"
alternating,a. 交互的\n[医] 交替的
alternative,"n. 两者择一, 供替代的选择\na. 两者择一的, 供选择的\n[计] 选择对象"
alternatively,adv. 非此即彼
alternatives,n. 选择的余地( alternative的复数形式 ); 可供选择的事物; 取舍; 非传统（或他择性）生活方式的追随者（或鼓吹者）
alters,"v. 改变, 更改( alter的第三人称单数 )"
although,"conj. 虽然, 尽管"
altitude,"n. 高度, 海拔, 高处\n[电] 高度"
altitudes,n. 高度( altitude的复数形式 ); 海拔; 高处; 高地
alto,"n. 女低音, 男声最高音, 女低音歌手"
altogether,"adv. 完全地, 总而言之"
alton,"奥尔顿(①姓氏, 男子名 ②美国一城市)"
alum,"n. 明矾, 矾, 校友\n[化] 明矾; 钾铝明矾"
aluminium,n. 铝\na. 铝的
aluminum,n. 铝\n[化] 铝Al
alumni,"pl. 男毕业生, 男校友"
alvarez,n. (Alvarez)人名；(英、西、葡、瑞典)阿尔瓦雷斯\n阿尔瓦雷斯
alves,n. 阿尔维斯（男子名）
alvin,[机] 阿尔文
always,"adv. 总是, 始终"
alyssa,n. 阿莉莎（女子名）
am,"be的单数第一人称\n[计] 存取管理程序, 寻址方式, 地址标记, 变址数, 调幅, 辅助存储器"
ama,"[计] 相联存储器阵列, 故障自动分析, 自动报文计价\n[医] 半规管膨隆(在壶腹对侧)"
amalgamation,"n. 汞齐化, 合并\n[化] 汞齐化; 汞齐化作用; 混汞法"
amanda,n. 阿曼达（女子名）
amassed,"vt. 积聚, 积累"
amateur,"n. 业余爱好者, 外行, 爱好者\n[电] 业余家"
amateurs,n. 业余爱好者；非专业人员（amateur的复数）
amaze,vt. 使吃惊
amazed,"a. 吃惊的, 惊奇的"
amazes,"v. 使大为吃惊, 使惊奇( amaze的第三人称单数 )"
amazing,a. 令人惊异的
amazingly,adv. 令人惊讶地；惊奇地
amazon,n. 亚马孙河\n[医] 无乳腺者
ambassador,"n. 大使\n[法] 大使, 使节, 代理"
ambassadors,n. 大使( ambassador的复数形式 ); （派驻联合国等国际组织的）代表; 特使; [比喻]使者
amber,"n. 琥珀, 琥珀色\na. 琥珀色的, 琥珀似的"
ambient,a. 周围的\nn. 周围环境
ambiguity,"n. 不明确, 含糊\n[计] 二义性; 多义性"
ambiguous,"a. 不明确的, 模棱两可的\n[法] 意思含糊的, 模棱两可的, 暧昧的"
ambition,"n. 野心, 志向"
ambitions,n. 抱负( ambition的复数形式 ); 渴望得到的东西; 追求的目标; 夙愿
ambitious,"a. 有野心的, 抱负不凡的, 雄心勃勃的"
ambrose,n. 安布罗斯(m.)
ambulance,n. 救护车\n[医] 救护车
ambush,"n. 埋伏, 伏兵, 伏击\nvt. 埋伏, 伏击\nvi. 埋伏"
ambushed,a. 中埋伏的\nv. 伏击（ambush的过去分词）；埋伏
amc,abbr. 陆军装备司令部（Army Materiel Command）；航空与航天制造厂商委员会（Aerospace Manufactures Council）；自动信息计算（Automatic Message Counting）
amd,abbr. 超微半导体公司（Advanced Micro Devices）
amelia,"[医] 无肢[畸形], 缺肢[畸形]"
amen,interj. 阿门
amend,"vt. 修改, 改善, 改良\nvi. 改过自新"
amended,a. 修正的
amendment,"n. 修订, 改善, 改良, 改正\n[化] 调理剂; 修正"
amendments,n. （法律、文件的）改动( amendment的复数形式 ); 修正案; 修改; （美国宪法的）修正案
amends,n. 赔偿\n[经] 赔偿
amenities,n. 令人愉快之事物（amenity的复数）
america,"n. 美洲, 美国"
american,"n. 美国人\na. 美国的, 美洲的"
americana,n. 美国文物；美国文献
americans,n. 美国人（American的复数形式）
americas,n. 美洲
ames,[计] 自动信息输入系统
amherst,阿默斯特(姓氏)
ami,abbr. 高级材料情报（Advanced Material Information）；美国食用肉类研究所（American Meat Institute）；航空英里指示器（Air Mileage Indicator）
amid,"prep. 在其间, 在其中\n[经] 在...中"
amidst,prep. 在...当中
amin,n. 阿敏（七十年代乌乾达的独裁者）
amino,a. 氨基的\n[医] 氨基
amir,n. 埃米尔(穆斯林国家的酋长等称号)
amish,n. 孟诺教派；孟诺教派之教徒
amman,n. 安曼(约旦首都)
ammo,"n. 军火, 弹药"
ammonia,"n. 氨水, 阿摩尼亚\n[化] 氨"
ammunition,"n. 军火, 弹药\n[机] 弹药"
amnesia,"n. 健忘症, 记忆缺失\n[医] 记忆缺失, 遗忘[症]"
amnesty,"n. 大赦, 赦免"
among,prep. 在...之中
amongst,"prep. 在...当中, 在...之间, 在...之中"
amor,"[医] 恋爱, 爱情"
amos,n. 阿摩司(<<圣经>>人物)
amount,"n. 总数, 总额\nvi. 总计, 等同"
amounted,"vi. 总计, 合计；相当于；共计；产生…结果\nn. 数量；总额, 总数"
amounting,"vi. 总计, 合计；相当于；共计；产生…结果\nn. 数量；总额, 总数"
amounts,"n. 数量, 总额（amount的复数）"
amp,n. 安培\n[化] 腺苷酸; 腺苷一磷酸
ample,"a. 大量的, 充足的, 丰富的"
amplification,"n. 扩大, 放大\n[化] 放大; 放大作用"
amplified,v. 放大；详述（amplify的过去分词）
amplifier,"n. 扩大的人(物), 放大器, 扩音器\n[计] 放大器"
amplifiers,n. 扩音器( amplifier的复数形式 ); 放大器; 扩大的人; 详述者
amplify,"vt. 增强, 放大, 扩大, 详述\nvi. 引伸"
amplitude,"n. 广阔, 充足, 幅度\n[化] 振幅"
amps,[计] 高级移动电话业务
ams,"[计] 存取方法服务, 财务管理系统, 行政管理协会, 应用管理服务\n             应用管理系统, 应用绘图服务, 非对称多处理系统"
amsterdam,n. 阿姆斯特丹(荷兰首都)
amtrak,abbr. 美国铁路公司（American track）
amuse,"vt. 消遣, 娱乐, 使发笑"
amused,"a. 愉快的, 被逗乐的"
amusement,"n. 兴味, 娱乐, 消遣\n[法] 娱乐, 娱乐活动"
amusing,"a. 有趣的, 引人发笑的"
amy,n. 艾米（女子名）
an,art. 一
ana,"n. 言论集, 语录, 轶事\n[计] 自动数值分析"
anaheim,n. 阿纳海姆（美国加利福尼亚州西南部城市）
anal,"a. 肛门的, 肛门附近的\n[计] 分析员"
analog,[计] 模拟
analogous,"a. 类似的, 相似的\n[医] 类似的, 类同的"
analogue,"n. 类似物, 相似情况\n[医] 类似物, 同型物, 相似器官, 同功异质体"
analogy,"n. 相似, 类似\n[计] 模拟"
analyse,"vt. 分析, 细察, 分解\n[经] 分析"
analysed,v. 分析（analyse的过去分词）
analyses,"pl. 分析, 检验, 解析, 分解"
analysing,"v. 分析, 分解, 解释( analyse的现在分词 )"
analysis,n. 分析\n[计] 分析机; 分析员; 分析; 分析程序
analyst,"n. 分析者, 精神分析学家\n[化] 分析员; 化验员"
analysts,n. 分析家；分析师；分析员（analyst的复数）
analytic,"a. 分析的, 善于分析的, 解析的\n[医] 分析的"
analytical,"a. 分析的, 善于分析的, 解析的\n[机] 分析的"
analytics,n. 分析方法
analyze,"vt. 分析, 细察, 分解\n[机] 分析"
analyzed,v. 检讨；分析（analyze的过去式和过去分词）
analyzes,v. <美>分析( analyze的第三人称单数 ); 分解; 解释; 对…进行心理分析
analyzing,"[机] 分析的, 分析(工作)"
anand,"n. 安纳德（印度古吉拉特邦的一个小镇, 印度代孕行为的发源地）；阿南德（男子名, 著名作家）"
anarchist,n. 无政府主义者\n[法] 无政府主义者
anarchists,n. 无政府主义者( anarchist的复数形式 )
anarchy,"n. 无政府状态, 政治混乱\n[法] 混乱, 无秩序, 无政府状态"
anastasia,n. 阿纳斯塔西娅（女子名）
anatomical,"a. 解剖的, 解剖学的, 构造上的\n[医] 解剖学的"
anatomy,"n. 剖析, 解剖学, 骨骼, 结构\n[医] 解剖学, 解剖"
anc,abbr. 非洲民族会议（African National Council）；美国新闻社（American News Company）；（美国）大气氮公司（Atmospheric Nitrogen Corporation）；自动噪声消除器（Automatic Noise Canceller）
ancestor,"n. 祖先, 祖宗"
ancestors,n. 祖先( ancestor的复数形式 ); 祖宗; 原型; （动物的）原种
ancestral,"a. 祖先的, 祖传的\n[法] 祖先的, 祖传的"
ancestry,"n. 祖先, 世系, 名门出身"
anchor,"n. 锚\nvt. 抛锚停泊, 使固定\n[计] 锚"
anchorage,"n. 下锚, 锚地, 停泊税\n[化] 固着; 固定; 锚定"
anchored,a. 固定的；抛锚的
anchors,"n. 锚( anchor的名词复数 ); 给人安全感的物（或人）\nv. 抛锚( anchor的第三人称单数 ); 担任（电视节目等的）主持人; （把…）系住, （使）固定"
ancient,"a. 古代的, 古老的, 年老的, 旧的"
ancients,n. 古代的( ancient的复数形式 ); 古老的; 年老的; 老式的
and,"conj. 和, 与\n[计] 与"
anders,n. 安德斯（男子名）
andersen,n. 安徒生(丹麦作家)
anderson,n. 安德森市（美国印第安纳州）；安德森（男子名）
andes,n. 安第斯山脉
andre,"n. 安德烈（男子名, 等于Andrew）"
andrea,n. 安德里亚（男子名）
andreas,n. 安德里亚斯（男子名）
andrei,安德烈（人名）
andres,n. 安德烈斯（人名）
andrew,n. 安德鲁（男子名）
andrews,n. 安德鲁斯（姓氏）
android,n. 机器人\n[医] 男性样的
andromeda,"n. 安德洛墨达(希腊神话中埃塞俄比亚的公主), 仙女座"
andy,"n. 安迪（男子名, 等于Andrew）"
anecdotal,"a. 轶事的, 爱谈奇闻轶事的, 多轶事的"
anecdote,"n. 轶事, 奇闻"
anecdotes,n. 奇闻轶事（anecdote的复数）
anemia,"n. 贫血, 贫血症, 无活力\n[医] 贫血"
anesthesia,"n. 麻醉, 麻木\n[化] 麻醉; 失去知觉"
anew,"adv. 重新, 再"
anfield,n. 安菲尔德球场
ang,abbr. （美国）空军国民警卫队（Air National Guard）；美国报业公会（American Newspaper Guild）
angel,"n. 天使, 守护神, 善人"
angela,n. 安吉拉（女子名）
angeles,n. 安杰利斯（姓氏）；天使城（菲律宾地名）
angelic,"a. 天使的, 天使般的"
angelica,n. 当归属植物\n[化] 当归
angelina,n. 安吉莉娜（女子名）
angelo,n. 安吉洛（男子名）
angels,n. 天使投资人；天使（angel的复数形式）
anger,"n. 忿怒\nvt. 激怒, 使发怒\nvi. 发怒"
angered,生气
angie,n. 安琪（女子名）；安吉（男子名）
angle,"n. 角, 角度, 角落\nvi. 钓鱼, 谋取, 博取, 斜向移动, 转变角度\nvt. 使转动角度, 在...钓鱼, 获取"
angled,"a. 有角的, 成角度的"
angles,n. 角度（angle的复数）
anglican,"n. 盎格鲁人\na. 英语的, 英国的, 盎格鲁人方言的"
anglo,n. 英国人
angola,[经] 安哥拉
angrily,adv. 愤怒地
angry,"a. 生气的, 愤怒的"
angst,"n. 焦虑, 疑惧\n[医] 恐怖"
anguish,"n. 剧痛, 痛苦\nvt. 使极痛苦\nvi. 感到痛苦"
angular,"a. 有角的, 消瘦的, 有尖角的, 生硬的\n[医] 角的, 角形的"
angus,n. 安格斯（男子名）
ani,[计] 自动号码识别
animal,n. 动物\n[医] 动物
animals,"n. 动物, 动物世界；牲畜（animal的复数形式）"
animate,"vt. 使有生气, 赋予生命\na. 有生命的, 有生气的"
animated,"a. 活生生的, 能活动的, 活泼的, 欢快的"
animation,"n. 活泼, 生气, 激励, 卡通制作\n[计] 动画"
animations,n. 生气( animation的复数形式 ); 兴奋; 动画片; （指电影、录像、电脑游戏的）动画制作
anime,[医] 硬树脂
animosity,"n. 仇恨, 憎恶, 敌意"
anita,n. 安尼塔（女子名）
ankara,n. 安卡拉(土耳其首都)
ankle,"n. 踝\n[医] 踝, 踝关节"
ankles,"n. 踝, 踝关节( ankle的复数形式 )"
ann,n. 安（女子名）
anna,n. 安娜（女子名）
annals,"n. 编年史, 活动年报, 历史"
annapolis,n. 安纳波利斯（美国马里兰州首府）
anne,n. 安妮（女子名）
annette,n. 安妮特（女子名）
annex,"n. 附加物, 附属建筑物\nvt. 附加, 盖(印), 并吞"
annexation,"n. 合并, 附加, 附加物\n[法] 兼并, 侵吞, 附加物"
annexed,"[法] 附加的, 附属的"
annie,n. 安妮（女子名）
annihilation,"n. 歼灭, 湮灭\n[化] 消灭; 湮灭; 湮灭"
anniversary,n. 周年纪念
annotated,a. 有注释的；带注解的
announce,"vt. 宣布, 声称, 显示, 预告\nvi. 当报幕员, 宣布参加竞选"
announced,宣布的
announcement,"n. 公告, 发表, 告知\n[经] 通告, 布告, 公告"
announcements,n. 公告；注意事项（announcement的复数）
announcer,"n. 节目报告员, 宣告者"
announcers,n. 宣告者( announcer的复数形式 ); 播音员; （戏剧的）报幕员; （比赛的）解说员
announces,"v. 宣布, 宣告, 发表( announce的第三人称单数 ); （尤指通过广播）通知; 通报…到达; 声称"
announcing,v. 宣布；发表；通告（announce的ing形式）
annoy,"vt. 使恼怒, 骚扰"
annoyance,"n. 烦恼, 打扰, 可厌之事\n[法] 使人烦恼的事物, 麻烦事, 讨厌物"
annoyed,a. 恼怒的；烦闷的
annoying,"a. 恼人的, 讨厌的"
annoys,v. 打扰( annoy的第三人称单数 ); 干扰; 使烦恼; 使恼怒
annual,"n. 年刊, 年报\na. 每年的, 一年一次的, 全年的, 一年生的"
annually,"adv. 一年一次, 每年\n[经] 年度的, 每年的"
annuity,"n. 年金, 年金保险, 年金领受权\n[医] 年金, 年俸"
annum,[经] 一年
anointed,"基督, 救世主"
anomalies,"n. 异常现象, 反常现象（anomaly 复数形式）"
anomaly,"n. 不规则, 反常事物, 畸形\n[医] 异常, 反常"
anon,"adv. 不久以后, 立刻, 以后"
anonymity,"n. 匿名, 姓氏不明\n[计] 匿名信件"
anonymous,"a. 姓氏不详的, 无名的, 无特色的\n[计] 无记录"
anonymously,adv. 不具名地；化名地
anorexia,"n. 食欲缺乏, 厌食\n[医] 食欲缺乏, 厌食"
another,"a. 另外的, 再一的, 不同的\npron. 又一个, 另一个, 类似的另一个"
ans,[计] 美国国家标准
answer,"n. 答案, 回答, 回报, 答辩\nvt. 回答, 反驳, 适应, 响应, 符合\nvi. 回答, 答应, 负责, 符合, 成功\n[计] 用户问题及答案新闻组"
answered,v. 回答；回复（answer的过去式）
answering,[计] 应答
answers,"n. 答案, 回答（answer的复数）"
ant,n. 蚂蚁
antagonist,"n. 敌手, 对手\n[化] 对抗物; 拮抗物; 反协同剂; 反协同试剂"
antarctic,"a. 南极的, 南极地带的\nn. 南极地区"
antarctica,n. 南极洲
ante,n. 赌注\nv. 下赌注
antenna,"n. 天线, 触须, 触角\n[化] 天线"
antennas,"n. [生] 触角, 触须（antenna的复数形式）"
anterior,"a. 前面的, 先前的\n[医] 前的"
anthem,"n. 圣歌, 赞美诗"
anthology,"n. 选集, 诗选"
anthony,n. 安东尼（人名）
anthrax,n. 炭疽\n[医] 炭疽(脾脱疽)
anthropological,"a. 人类学的, 人类学上的"
anthropologist,n. 人类学家
anthropology,n. 人类学\n[医] 人类学
anti,"n. 反对者, 反对论者\na. 反对的"
antibiotic,n. 抗生素\na. 抗生的
antibiotics,n. 抗生学；抗生素
antibodies,n. 抗体（antibody的复数）
antibody,n. 抗体\n[化] 抗体
anticipate,"vt. 预期, 占先, 加速, 提前使用\n[医] 提前出现, 先期发生"
anticipated,a. 预期的；期望的
anticipating,v. 期待；预期（anticipate的ing形式）；使提前发生\na. 预期的；期望的
anticipation,"n. 预期, 预料\n[医] 提前出现(如遗传病)"
antics,"n. 滑稽动作, 古怪姿态"
antidepressants, 抗抑郁药
antidote,"n. 解毒剂, 解毒药\n[化] 解毒药"
antigen,n. 抗原\n[化] 抗原
antique,"n. 古董, 古物\na. 古老的, 古风的, 旧式的, 过时的"
antiques,"n. 古玩, 古董, 古物( antique的名词复数 )"
antiquities,n. 古代史（书名）；古文明之战（游戏名）
antiquity,"n. 古老, 古代, 古代人, 古物"
antisemitism,n. 反犹太主义
antisocial,"不爱社交的, 反社会的, 有害于公众利益的\n[医] 不喜社交的"
antitrust,a. 反托拉斯的\n[法] 反托拉斯的
antoine,"n. 安托万（男子名, Anthony的异体）"
anton,n. 安东（男子名）
antonio,n. 安东尼奥（男名）
antony,n. 安东尼（男子名）
ants,"n. 蚂蚁, 蚁（ant的复数形式）"
antwerp,n. 安特卫普(比利时港口)
anus,n. 肛门\n[医] 肛门
anwar,n. 安瓦尔；艾乃哇尔（一部影片）
anxieties,担心\n渴望
anxiety,"n. 焦虑, 忧虑, 令人焦虑的事\n[医] 焦虑"
anxious,"a. 忧虑的, 发愁的, 渴望的"
anxiously,"adv. 忧虑地, 不安地"
any,a. 任何的\npron. 任何
anybody,pron. 任何人\nn. 重要人物
anyhow,"adv. 无论如何, 至少"
anymore,"adv. 再也不, 不再"
anyone,pron. 任何人
anything,pron. 任何事
anytime,adv. 任何时候；无例外地
anyway,"adv. 无论如何, 至少"
anyways,"adv. 不管怎样, 无论如何"
anywhere,adv. 无论何处
ao,"[医] 阳极断电, 房室瓣张开"
aol,abbr. 美国境内提供线上加值网络服务的公司（American On Line）
ap,"[计] 应付款, 美国专利, 应用程序, 运算处理器, 阵列处理器, 汇编程序\n             自动程序设计"
apa,[医] 抗恶性贫血因素
apache,n. 阿帕切族(美洲印第安部族)
apart,"adv. 成零碎, 成距离, 分别地, 分离着\na. 分离的"
apartheid,n. 种族隔离
apartment,"n. 房间, 公寓"
apartments,n. 公寓；套间；公寓住宅（apartment的复数形式）
apathy,"n. 无感情, 无兴趣, 冷漠\n[医] 无情[感], 淡漠"
apc,复方阿司匹林\n[计] 自动程序控制
ape,n. 无尾猿\n[计] 应用程序评价
aperture,"n. 孔, 缝隙, 孔径\n[计] 窗孔; 小孔"
apes,n. 猿( ape的名词复数 )\nv. 模仿( ape的第三人称单数 )
apex,"n. 顶, 尖端, 最高潮\n[医] 尖, 尖端"
api,"[计] 应用程序接口, 自动优先中断\n[经] 美国石油协会"
apiece,"adv. 就每个而论, 各"
apis,[医] 蜂属
apocalypse,"n. 启示, 天启"
apocalyptic,"a. 天启的, <<启示录>>的"
apollo,"n. 阿波罗(太阳神), 美男子"
apologies,n. 道歉；道歉语（apology的复数）
apologise,vi. 道歉（等于apologize）
apologize,"vi. 道歉, 辩解"
apologized,v. 道歉（apologize的过去分词）
apologizes,v. 道歉( apologize的第三人称单数 ); 辩白
apologizing,v. 道歉（apologize的ing形式）；谢罪
apology,"n. 道歉, 辩护\n[法] 道歉, 谢罪, 辩解者"
apostle,"n. 基督十二使徒之一, 早期基督教传士"
apostles,n. (A-)（基督教的）使徒( apostle的复数形式 ); 早期基督教的传教士; 摩门教教会的十二个行政执事之一; （改革运动的）倡导者
apostolic,a. 使徒的
app,"[计] 应用, 应用程序; 相联并行处理器"
appalachian,n. 阿巴拉契亚山脉\na. 阿帕拉契山脉的
appalled,a. 惊骇的；丧胆的
appalling,"a. 骇人的, 令人震惊的"
apparatus,"n. 装置, 器具, 器官\n[化] 仪器; 器械"
apparel,"n. 衣服, 外表\nvt. 使穿衣, 装饰"
apparent,"a. 清晰可见的, 显然的, 表面上的\n[电] 外在的"
apparently,"adv. 表面上, 清楚地, 显然地"
appeal,"n. 恳求, 诉请, 上诉, 吸引力\nvi. 呼吁, 诉请, 要求, 上诉, 有吸引力\nvt. 将...上诉"
appealed,v. 呼吁（appeal的过去分词）；求助；诉请
appealing,"a. 有感染力的, 动人的, 恳求的"
appeals,n. 上诉；恳求（appeal的复数）
appear,"vi. 出现, 显得, 来到\n[法] 出庭, 到案, 出现"
appearance,"n. 出现, 露面, 外观, 外表, 出版\n[计] 外观, 版面"
appearances,n. 爱情大不同（电影名）
appeared,v. 出现；公开露面；发表（appeare的过去式形式）
appearing,n. 版面高度
appears,v. 出现；呈现；看上去好像（appear的三单形式）
appease,"vt. 抚慰, 缓解, 平息, 姑息\n[法] 使和缓, 使满足, 姑息"
appellate,"a. 上诉的, 有权受理上诉的\n[法] 受理上诉的, 上诉的, 控诉的"
appendix,"n. 附录, 附加物, 阑尾\n[化] 增补"
appetite,"n. 食欲, 欲望, 爱好\n[医] 食欲"
applaud,"v. 拍手喝彩, 称赞, 赞同"
applauded,"v. 鼓掌( applaud的过去式和过去分词 ); 称赞, 赞许"
applause,"n. 鼓掌, 喝彩, 赞许"
apple,"n. 苹果, 家伙\n[医] 苹果"
apples,n. 苹果（复数）；井架小零件
appleton,[计] 阿普尔顿
appliance,"n. 器械, 用具, 应用\n[医] 矫正器; 器"
appliances,电气用具
applicable,"a. 合适的, 可应用的\n[法] 适用的, 适应的"
applicant,"n. 申请者\n[经] 申请人, 请求人, 谋事人"
applicants,"n. 申请人, 求职人( applicant的复数形式 )"
application,"n. 应用, 申请, 志愿书, 应用程序\n[计] 应用, 应用程序"
applications,n. 应用；应用程序；应用软件（application的复数）
applied,"a. 应用的\n[机] 应用的; 应用, 申请"
applies,v. 应用( apply的第三人称单数 ); [apply oneself]使（自己）致力于; [apply oneself]使从事于; 使接触
apply,"vt. 涂, 应用\nvi. 申请, 适用"
applying,vt. apply的变形
appoint,"vt. 任命, 指定, 下令\n[法] 派, 派任, 任命"
appointed,"[法] 派任的, 任命的, 指定的"
appointing,v. 任命；指定；约定；装备（appoint的ing形式）\na. 委任的
appointment,"n. 约会, 委任的职位, 委派\n[经] 任命, 派, 指定"
appointments,n. 约会( appointment的复数形式 ); 任命; 职务; 职位
appoints,v. 任命( appoint的第三人称单数 ); 确定; 约定; 安排
appraisal,"n. 评价, 估价\n[经] 评价, 评估"
appreciate,"vt. 赏识, 鉴别, 为...而感激, 领会, 欣赏\nvi. 增值, 涨价"
appreciated,v. 感激( appreciate的过去式和过去分词 ); 欣赏; （充分）意识到; 对…作（正确）评价
appreciates,v. 感激( appreciate的第三人称单数 ); 欣赏; （充分）意识到; 对…作（正确）评价
appreciating,v. 欣赏（appreciate的ing形式）；感激；使增值；鉴别
appreciation,"n. 感激, 赏识, 鉴别\n[经] 涨价, 增值"
appreciative,"a. 有欣赏力的, 感激的"
apprehended,vt. 理解；逮捕；忧虑\nvi. 理解；担心
apprehension,"n. 理解, 忧惧, 逮捕\n[医] 领会"
apprentice,"n. 学徒, 生手\nvt. 使做学徒"
apprentices,"n. 学徒, 徒弟( apprentice的名词复数 )\nv. 学徒, 徒弟( apprentice的第三人称单数 )"
apprenticeship,"n. 学徒身分, 见习(期)\n[经] 学徒制, 学徒期"
approach,"n. 接近, 入门\nvt. 接近, 近似, 找...商量\nvi. 靠近"
approached,接近
approaches,处理
approaching,v. 进场；侵入；接近（approach的ing形式）
appropriate,"a. 适当的\n[经] 适当的, 拨出, 占用"
appropriated,[经] 拨款
appropriately,"adv. 适当的, 恰如其分的, 恰当的, 合适的"
appropriation,"n. 拨用, 挪用, 拨款\n[经] 拨款, 挪用"
appropriations,n. 挪用（appropriation的复数形式）
approval,"n. 赞成, 批准\n[化] 核准"
approvals,n. 赞许( approval的复数形式 ); 批准; 赞成; [复数][商业]包退换商品
approve,"vt. 赞同, 核准, 为...提供证据\nvi. 赞许"
approved,a. 被认可的；经过检验的
approves,"v. 赞成, 同意( approve的第三人称单数 ); 批准; 认可; 核准"
approving,a. 赞成的
approx,abbr. 大约（Approximate）
approximate,"a. 大约的, 接近的, 近似的\nvt. 接近, 使接近, 粗略估计\nvi. 接近于"
approximately,"adv. 大约, 大致, 近于\n[经] 大约, 近似"
approximation,"n. 接近, 近似值\n[医] 接近; 近似"
apps,"n. 应用程序, 应用软件；应用服务"
apr,[计] 替换通路再试器
april,n. 四月
apron,n. 围裙\n[医] 围裙
aps,"[计] 应付款系统, 应用程序支撑系统, 数组处理器软件, 汇编程序设计系统\n[化] 腺苷酰硫酸"
apt,"a. 有...倾向的, 易于的, 恰当的, 聪明的\n[计] 自动数控语言, 自动图象传输, 自动程序控制, 自动程序设计工具"
aptitude,"n. 资质, 才能, 自然倾向\n[医] 资质, 才能"
aptly,"adv. 适当地, 适宜地"
aqua,"[医] 水, 水剂"
aquarium,"n. 水族馆, 养鱼池, 水草缸\n[医] 培养缸"
aquatic,"n. 水生动物, 水生植物\na. 水生的, 水中的, 水上的"
aqueous,"a. 水的, 似水的, 水成的\n[化] 水的; 含水的; 水成的"
ar,"[计] 应收款, 自动再启动, 辅助程式\n[医] 紧急反应"
ara,abbr. 非洲铁路协会（African Railway Association）；机载雷达附件（Airborne Radar Attachment）
arab,"n. 阿拉伯人, 阿拉伯马\na. 阿拉伯人的, 阿拉伯的"
arabia,n. 阿拉伯半岛
arabian,"a. 阿拉伯的, 阿拉伯人的"
arabic,"n. 阿拉伯语\na. 阿拉伯语的, 阿拉伯人的, 阿拉伯式的"
arabs,n. 阿拉伯人（Arab的复数）
arbitrarily,"adv. 任意地, 武断地, 专横地, 反复无常地"
arbitrary,"a. 任意的, 武断的, 专治的, 霸道的"
arbitration,"n. 仲裁, 公断\n[计] 仲裁"
arbor,"n. 藤架, 树, 心轴, 凉亭\n[医] 树(树状结构)"
arc,"n. 弧, 弧形, 弓形, 弧光\n[化] 弧"
arcade,"n. 拱廊, 拱形建筑物, 有拱廊的街道\n[医] 弓形组织, 连拱"
arch,"n. 拱门, 拱形, 足弓\nvt. 使成弓形\nvi. 拱起, 成弓形\na. 主要的, 调皮的, 傲慢无礼的, 狡猾的"
archaeological,"a. 考古学的, 考古学上的"
archaeologist,n. 考古学家
archaeologists,n. 考古学家( archaeologist的复数形式 )
archaeology,n. 考古学
archaic,"a. 古体的, 过时的, 古老的, 古代的\n[医] 原始的, 古代的"
archbishop,n. 大主教
arched,"a. 弓形结构的, 拱形的"
archer,"n. 弓箭手, 射箭运动员"
archers,n. 弓箭手（archer的复数形式）
archery,n. 射箭术
arches,n. 弓形；拱桥（arch的复数形式）
archibald,n. 高射炮
archie,[计] 挡案查访工具
archipelago,"n. 群岛, 多岛屿的海"
architect,"n. 建筑师, 设计者, 缔造者"
architects,n. 建筑师( architect的复数形式 ); 设计师; 缔造者; 创造者
architectural,"a. 有关建筑的, 建筑学的"
architecture,"n. 建筑学, 建筑式样\n[计] 体系结构"
archival,"a. 档案的, 档案中的"
archive,"vt. 把...存档\nn. 档案馆, 档案文件\n[计] 挡案库, 存档"
archived,v. 存档( archive的过去式和过去分词 )
archives,"n. 档案, 档案室\n[法] 公文档案, 案卷, 档案保管处"
arcs,"n. 弧, 弧线( arc的名词复数 ); 弧形物"
arctic,"a. 北极的, 极寒的\nn. 北极圈, 北极"
arden,n. 昔时阿尔丁的森林地带；浪漫的地方
ardent,"a. 热心的, 激动的, 燃烧般的\n[医] 灼热的; 热心的"
arduous,"a. 费力的, 努力的, 险峻的"
are,be的现在时复数或第二人称单数
area,"n. 区域, 面积, 范围, 空地\n[计] 区域"
areas,"n. 区域, 领域；面积（area的复数形式）"
arena,"n. 角斗场, 舞台, 场地\n[医] 尿沉渣, 尿沙; 脑沙"
arenas,n. 竞技场（arena的复数形式）；角斗场
arent,n. 耕种混合新成土；红砂质新成土
ares,n. 战神阿瑞斯
argentina,n. 阿根廷
argentine,"n. 银, 银白色金属, 银白色鱼鳞, 阿根廷人\na. 银的, 银色的, 阿根廷的"
argentinian,n. 阿根廷人\na. 阿根廷的；阿根廷人的
arguably,adv. 可论证地；可争辩地；正如可提出证据加以证明的那样地
argue,"vi. 提出理由, 争论, 辩论\nvt. 主张, 辩论, 证明, 说服"
argued,争论
argues,"v. 争吵, 辩论( argue的第三人称单数 ); 坚决主张; 提出理由证明; 说服"
arguing,v. 争辩；争吵（argue的ing形式）
argument,"n. 争论, 论证, 论据, 自变量\n[计] 参数"
arguments,n. 参数
ari,[化] 未熟紫胶; 木熟虫胶(紫胶虫涌散前采收的紫胶)
aria,"n. 独唱特写镜头, 咏叹调"
ariana,n. (Ariana)人名；(罗、捷)阿里亚娜；(英)阿里安娜
arias,n. 阿里亚斯（姓氏）
arid,"a. 干燥的, 不毛的"
ariel,n. 瞪羚
aries,"n. 白羊座, 白羊宫"
arise,"vi. 站立, 出现, 起来"
arisen,arise的过去分词
arises,v. 出现；发生；站立
arising,出现\n产生
aristocracy,"n. 贵族, 上层社会, 知识界杰出分子\n[法] 贵族政治, 贵族统治"
aristocratic,"a. 贵族的, 主张贵族统绐的, 有贵族气派的"
aristotle,n. 亚里士多德
arithmetic,"n. 算术, 算术知识\n[机] 算术; 算术的"
ariz,abbr. 美国亚利桑那州（Arizona）
arizona,n. 亚利桑那州
ark,"n. 方舟, 柜"
arkansas,n. 阿肯色州
arlington,"n. 阿林顿（美国马萨诸塞州一城市）；阿林顿国家公墓（National Cemetery, 在弗吉尼亚州）"
arm,"n. 手臂, 袖子, 狭长港湾, 武器\nvt. 武装, 装备\nvi. 武装起来\n[计] 异步应答方式; 自动货品销路管理"
armada,n. 舰队
armageddon,n. [圣经]哈米吉多顿(世界末日善恶决战的战场)
armchair,n. 扶手椅
armed,"a. 有扶手的, 武装的, 有防卫器官的\n[法] 武装的, 持械的, ""F带武器的"
armenia,n. 亚美尼亚
armenian,"a. 亚美尼亚的, 亚美尼亚人的\nn. 亚美尼亚人, 亚美尼亚语"
armenians, [医]亚美尼亚人
armies,n. 军队( army的复数形式 ); 陆军; 大群; 大批
arming,"n. 战斗准备, 装弹"
armistice,"n. 休战, 停战\n[法] 休战, 停战, 停火"
armor,"n. 盔甲, 潜水服, 装甲\nvt. 为...装甲"
armored,a. 装甲的
armory,"n. 纹章, 纹章学, 军械库, 兵工厂\n[机] 军械库"
armour,"n. 甲胄, 装甲, 潜水服"
armoured,a. 装甲的
arms,"n. 武器, 军事行动\n[机] 武器, 军械, 枪械"
armstrong,[计] 公理
army,"n. 军队, 陆军"
arnold,n. 阿诺德（男子名）
aroma,"n. 浓香, 香气\n[医] 香气, 芳香气"
aromatic,a. 芬芳的\n[医] 芳香的; 芳香剂
arose,arise的过去式
around,"prep. 包围, 在...周围, 四处\nadv. 兜着圈子, 在附近, 到处"
arousal,"n. 奋发, 激励"
aroused,唤醒
arrange,"v. 安排, 排列, 达成协议\n[计] 重排"
arranged,a. 安排的
arrangement,"n. 排列, 整齐, 安排\n[计] 排列"
arrangements,n. 安排；准备；整理（arrangement的复数）
arranging,v. 安排（arrange的ing形式）
array,"n. 排列, 衣服, 大批, 军队\nvt. 布署, 打扮, 排列\n[计] 数组; 阵列"
arrays,n. 阵列；数组（array的复数）
arrest,"n. 逮捕, 监禁\nvt. 拘捕, 抑制, 吸引, 阻止"
arrested,a. 被捕的；逮捕的；被拘留的
arresting,a. 引人注意的\n[计] 定位
arrests,v. 逮捕( arrest的第三人称单数 ); 拘捕; 制止; 阻止
arrival,"n. 到达, 抵达, 到达者\n[经] 到达, 到达物"
arrivals,"n. 进站, 进港；到达（arrival的复数形式）"
arrive,"vi. 到达, 抵达"
arrived,v. 抵达；抵港（arrive的过去式）\na. 已到达的
arrives,"v. 到达, 来( arrive的第三人称单数 ); 发生"
arriving,到达
arrogance,"n. 傲慢态度, 自大"
arrogant,"a. 自大的, 傲慢的"
arrow,"n. 箭, 箭状物, 箭头记号"
arrows,n. 箭头
ars,[计] 先进记录系统
arse,n. 屁股
arsenal,"n. 兵工厂, 军械库\n[机] 兵工厂"
arsene,n. (Arsene)人名；(罗)阿尔塞内
arsenic,"n. 砷, 砒霜\n[化] 砷As"
arson,"n. 纵火, 纵火罪\n[法] 纵火, 放火"
art,"n. 艺术, 人文科学, 技术, 巧妙, 诡计, 美术\n[计] 实际保持时间, 特许权和资源表, 平均检索时间, 平均运行时间"
artefacts,n. 人工制品（尤指有考古价值的工具或武器）( artefact的复数形式 )
arterial,"a. 动脉的, 脉络状的, 干线的\n[医] 动脉的"
arteries,n. 动脉（artery的复数）
artery,"n. 动脉, 干道, 要道\n[医] 动脉"
arthritis,n. 关节炎\n[医] 关节炎
arthur,"n. 亚瑟（男子名）；亚瑟王（传说中六世纪前后英国的国王, 圆桌骑士团的首领）"
article,"n. 文章, 冠词, 物品, 物件, 条款, 契约\n[计] 信件"
articles,n. 文章；冠词；物品；条款（article的复数）
articulate,"a. 发音清晰的, 口才好的\nvt. 明白地说, 以关节连接, 使成为系统的整体"
articulated,a. 铰接式的；清晰的；组织缜密的；有关节的
articulation,"n. 关节, 接合, 连贯, 发音, 表达\n[计] 清晰度"
artie,n. 阿蒂（男子名）
artifact,"n. 人工制品\n[医] 人为现象, 人工产物"
artifacts,n. 史前古器物；人工产品
artificial,"a. 人造的, 假的, 非原地产的\n[医] 人工的, 人造的, 伟牟"
artificially,"adv. 人工地, 人为地, 不自然地"
artillery,"n. 火炮, 炮兵, 炮术\n[机] 火炮, 炮兵"
artisan,"n. 工匠, 技工\n[经] 熟练技术工, 匠人"
artisans,"n. 技工, 工匠( artisan的复数形式 )"
artist,"n. 艺术家, 画家"
artistic,"a. 艺术的, 艺术家的, 富有艺术性的"
artistry,n. 艺术性
artists,"n. 艺术家, 设计师（artist的复数）"
arts,n. 文科
arturo,n. 阿图罗（男子名）
artwork,"n. 插图, 艺术作品\n[计] 原图"
artworks,"n. （书, 杂志等的）插图( artwork的复数形式 ); 艺术作品, 美术作品"
arya,n. (Arya)人名；(法、埃塞、老)阿里亚
aryan,"n. 印欧语系的人, 雅利安人\na. 雅利安人的, 印欧语系语言的"
as,"adv. 同样地, 例如\nprep. 做为, 当作\nconj. 当...之时, 以...的方式, 像...一样, 因为\n[计] 高级系统, 先进系统, 辅助存储器, 自治系统"
asa,[计] 美国标准协会
asap,abbr. 尽快（As Soon As Possible）
asbestos,n. 石棉\n[化] 石棉
ascend,"vi. 上升, 追溯, 登高\nvt. 攀登"
ascended,上升
ascending,"a. 上升的, 向上的\n[计] 递增"
ascension,"n. 上升, 耶稣升天"
ascent,"n. 上升, 提高, 攀登, 上坡路"
ascertain,"vt. 确定, 查明\n[法] 查明, 弄清, 确定"
asean,abbr. 东南亚国家联盟（东盟）（Association of Southeast Asian Nations）
ash,"n. 灰, 灰烬\n[化] 灰分"
ashamed,"a. 惭愧的, 羞耻的"
ashe,n. 阿西娅（人名）
asher,"n. 亚瑟（犹太民族的祖先之一, 雅各的第八个儿子）"
ashes,n. 骨灰\n[机] 灰
asheville,n. 阿什维尔（美国北卡罗来纳州中西部城市）
ashley,n. 艾希莉（人名）
ashore,"adv. 向岸, 在岸上"
ashton,n. 阿什顿（人名）
asia,n. 亚洲
asian,"n. 亚洲人\na. 亚洲的, 亚洲人的"
asians,n. 亚洲人（Asian的复数）
asiatic,n. 亚洲人
aside,"n. 小声说的话, 旁白\nadv. 在一边, 离开, 另外"
ask,"vi. 问, 要求\nvt. 问, 要求, 邀请, 需要"
asked,n. 卖方要价
asking,n. 请求
asks,"abbr. 可用座位公里, 客运运能（Available Seat Kilometres）"
asleep,"a. 睡着的, 长眠的, 麻木的\nadv. 熟睡地"
asparagus,n. 芦笋\n[化] 天冬; 天门冬
aspect,"n. 外观, 方面, 面貌, 方向\n[医] 方面, 局面; 外观"
aspects,n. 方面( aspect的复数形式 ); 面貌; 方位; 样子
aspen,"n. 山杨\na. 山杨的, 颤抖的"
asphalt,n. 柏油\na. 用柏油铺成的\nvt. 以柏油铺
aspiration,"n. 热望, 志向, 渴望\n[医] 吸入; 吸[引], 吸引术"
aspirations,n. 愿望
aspire,"vi. 渴望, 立志于"
aspirin,n. 阿斯匹林\n[化] 乙酰水杨酸; 阿司匹灵; 邻乙酸基苯甲酸
aspiring,"a. 有抱负的, 有志气的"
ass,"n. 驴, 傻瓜, 笨蛋, 屁股\n[计] 模拟仿真系统"
assad,阿萨德（人名）
assailant,"n. 攻击者\n[法] 攻击者, 行凶者"
assam,n. 阿萨姆邦(印度地名)
assassin,"n. 暗杀者, 刺客\n[法] 暗杀者, 行刺者"
assassinate,"vt. 暗杀, 行刺\n[法] 暗杀, 行刺, 中伤"
assassinated,vt. 暗杀；行刺
assassination,"n. 暗杀\n[法] 暗杀, 行刺"
assassins,"n. 暗杀者, 行刺者( assassin的复数形式 ); <史>（大写）暗杀十字军的穆斯林秘密团体成员"
assault,"n. 攻击, 袭击\nvt. 袭击, 攻击\nvi. 发动攻击"
assaulted,v. 强奸（assault的过去分词）；攻击；袭击
assaulting,v. 袭击( assault的现在分词 ); 强暴; 猛烈攻击; 使（感官）难受
assaults,n. 攻击( assault的名词复数 ); （向困难或危险事物发起的）冲击; 抨击; 侵犯他人身体（罪）\nv. 袭击( assault的第三人称单数 ); 强暴; 猛烈攻击; 使（感官）难受
assay,"n. 试验, 化验, 分析\nvt. 化验, 分析, 评价, 尝试\nvi. 被验明内含成分"
assemble,"vt. 集合, 收集, 装配\nvi. 集合\n[计] 汇编"
assembled,v. 集合；装配（assemble的过去分词）
assemblies,n. 集合; 装配; 集会; 集结; 装配( assembly的名词复数 ); 集会; [军事]1)。 集合; [机械学]（供装配的）零件
assembling,[计] 汇编
assembly,"n. 与会者, 集会, 装配, 组件\n[化] 装配"
assert,"vt. 主张, 坚称, 断言\n[法] 宣称, 断言, 维护"
asserted,a. 声称的；宣称的
asserting,v. 声称( assert的现在分词 ); 维护; 坚持自己的主张; 生效
assertion,"n. 断言, 主张\n[法] 宣称, 断言, 维护"
assertions,n. 声称( assertion的复数形式 ); 使用; 主张; 明确肯定
assertive,"a. 武断的, 过分自信的\n[法] 断言的"
asserts,v. 声称( assert的第三人称单数 ); 维护; 坚持自己的主张; 生效
asses,"n. 屁股, 肛门, 性交; 驴( ass的名词复数 ); 傻瓜; 臀部"
assess,"vt. 估定, 对...征税, 评定\n[经] 估计, 估价, 确定(税款罚款等)的金额"
assessed,v. 对…进行评估（assess过去时形式）
assessing,"v. 评价, 评估（assess的ing形式）"
assessment,"n. 评估, 估定, 评定的款额\n[化] 评估"
assessments,n. 评估( assessment的复数形式 ); 评价; （应偿付金额的）估定; （为征税对财产所作的）估价
asset,"n. 资产, 有益的东西"
assets,"n. 资产\n[经] 财产, 资产"
asshole,"n. 屁眼儿, 肛门；令人讨厌的人"
assholes,n. 屁眼儿( asshole的复数形式 ); 肛门; 白痴; 没人要的东西
assign,"vt. 分配, 指派, 赋值\n[计] 赋值"
assigned,a. 已分配的；指定的
assigning,v. 分配( assign的现在分词 ); 指派; 指定; （作为说明或原因）提出
assignment,"n. 分配, 功课, 任务, 转让, 归因, 陈述\n[计] 赋值"
assignments,n. 分配；作业（assignment的复数形式）
assigns,v. 分配( assign的第三人称单数 ); 指派; 指定; （作为说明或原因）提出
assimilation,"n. 同化, 同化作用, 吸收\n[化] 同化; 同化作用"
assist,"n. 帮助, 协助\nvt. 帮助, 促进\nvi. 协助, 参加"
assistance,"n. 协助, 援助\n[经] 援助, 帮助"
assistant,"n. 助手, 助理, 助教\na. 有帮助的, 辅助的, 助理的"
assistants,n. 助手( assistant的复数形式 ); [化学]（染色的）助剂; 辅助物; 副职
assisted,"a. [计]辅助的\nv. 帮助, 促进( assist的过去式和过去分词 ); 为…的助手; 为…当帮手; 辅助"
assisting,[法] 协助罪
assists,n. 协助；助攻（assist的复数）
associate,"n. 同伴, 伙伴, 关联的事物\nvt. 使联合, 使发生联系\nvi. 交往\n[计] 关联"
associated,a. 联合的\n[计] 关联的; 结合的
associates,n. 同伴；合作人；联合公司（associate的复数形式）
associating,"[机] 缔合的, 缔合(作用)"
association,n. 协会\n[计] 关联
associations,"n. 关联分析, 协会组织；协会, 关联（association复数）"
assorted,"a. 各种各样的, 分类的"
assortment,"n. 分类, 各种各样\n[医] [遗传]配列"
assume,"vt. 假定, 承担, 呈现\nvi. 装腔作势, 僭越"
assumed,"a. 假装的, 装的, 假定的\n[法] 设想的, 假定的, 被承担的"
assumes,v. 取得（权力）( assume的第三人称单数 ); 假设; 假定; 呈现
assuming,"a. 傲慢的, 僭越的, 不逊的"
assumption,"n. 假定, 自负, 担任, 假装\n[经] 假定, 承担"
assumptions,"n. 假定, 臆断( assumption的复数形式 ); （责任的）承担; （他人债务的）承继; [the A-][基督教]1)。 圣母升天"
assurance,"n. 保证, 把握, 信心, 保险\n[经] 保证, 担保, 保险"
assurances,n. 保证( assurance的复数形式 ); 担保; 把握; （人寿）保险
assure,"vt. 保证, 使确信, 弄清楚, 担保\n[法] 确信, 保证, 保障"
assured,"a. 确定的, 自信的\n[经] 被保险人, 被保证者, 投保人"
assures,"v. 使相信, 使确信( assure的第三人称单数 ); 保险"
assuring,"a. 使人放心的, 使人有自信的"
asteroid,"n. 小行星, 海盘车\na. 星状的"
asteroids,n. 小行星（asteroid的复数）
asthma,n. 哮喘\n[医] 气喘
aston,n. 阿斯顿（姓氏）
astonished,a. 吃惊的
astonishing,a. 令人惊讶的
astoria,n. 阿斯托里亚（俄勒冈州西北端的城市）
astounding,a. 令人惊骇的
astral,"a. 星的, 多星的, 灵魂的\n[医] 星体的"
astray,"adv. 迷途地, 入歧途地\n[法] 误入歧途地, 离开正道地"
astro,comb. 天文的；航天的；宇宙的
astrology,"n. 占星术, 占星学"
astronaut,"n. 太空旅行者, 宇航员\n[法] 美国太空人"
astronauts,n. 宇航员（astronaut的复数）
astronomer,n. 天文学家
astronomers,"n. 天文学者, 天文学家( astronomer的复数形式 )"
astronomical,"a. 天文学的, 庞大的"
astronomy,n. 天文学
astros,n. 太空人；阿斯特罗斯
astute,"a. 敏锐的, 狡猾的"
asus,n. 华硕（电脑）公司的简称
aswell,n. (Aswell)人名；(英)阿斯韦尔
asylum,"n. 庇护, 收容所\n[医] 养育院"
asymmetric,"a. 不对称的, 偏位的\n[计] 非对称的, 不对称的, 不平衡的"
at,"prep. 在, 向, 对\n[计] 地址转换器, 异常传输, 自动订票"
atc,"[计] 高级终端控制器, 异步终端控制器, 自动交通管理"
ate,"eat的过去式\n[计] 自动测试设备, 自动测试执行程序"
atheism,n. 无神论
atheist,n. 无神论者
atheists,n. 无神论者
athena,n. 雅典娜(智慧与技艺的女神)
athens,n. 雅典(希腊首都)
athlete,"n. 运动员, 运动选手\n[医] 运动员"
athletes,n. 运动员( athlete的复数形式 ); 体育家; 擅长运动的人; 健儿
athletic,a. 运动的
athletics,n. 体育运动
atkins,n. 任何组织的基层人员；英国士兵
atkinson,n. 阿特金森（姓氏）
atl,"[计] 活动任务表, 应用终端语言, 自动化磁带程序库"
atlanta,n. 亚特兰大（美国城市）
atlantic,n. 大西洋\na. 大西洋的
atlantis,n. 亚特兰蒂斯(传说沉没于大西洋中的岛)
atlas,"n. 地图集, 图表集\n[计] 自动测试和负载分析系统"
atleast,na. 至少\n[网络] 起码；至少多少次；至不济
atm,[计] 自动出纳机; 异步传输方式
atmosphere,"n. 大气, 空气, 气氛\n[医] 大气; 大气压"
atmospheric,a. 大气的\n[医] 大气的; 大气压的
atom,"n. 原子, 核能, 微粒, 微量\n[计] 原子"
atomic,"a. 原子的, 原子能的\n[医] 原子的"
atoms,n. 原子（atom的复数）
atonement,"n. 赎罪, 补偿\n[法] 补偿, 赎回, 赎罪"
atop,adv. 在顶上\nprep. 在...的顶上
atp,"三磷酸腺苷\n[计] 汇编测试程序, 异步事务处理器"
atrium,"n. 中庭, 心房\n[医] 房, 前房"
atrocious,"a. 残暴的, 凶恶的"
atrocities,"n. 邪恶, 暴行( atrocity的名词复数 ); 滔天大罪"
att,"[计] 异常真测试, 地址转换表, 总平均时间"
attach,"vt. 附上, 使依附, 使附属, 使喜爱, 系, 缚\nvi. 附属, 归属, 联系在一起\n[计] 挂接服务器命令, 关联, 挂接, 附加"
attached,"a. 附加的；依恋的, 充满爱心的"
attaches,"v. 贴上, 系, 附上( attach的第三人称单数 ); （有时不受欢迎或未受邀请而）参加; 把…固定; 把…归因于"
attaching,"[计] 归属\n[经] 扣押, 查封"
attachment,"n. 连接, 附属物, 连接物, 爱慕\n[计] 附加, 附件"
attachments,n. 附件；附着物；附属装置（attachment的复数形式）
attack,"n. 攻击, 抨击\nvt. 攻击, 抨击, 动手干\nvi. 攻击"
attacked,v. 攻击；侵害（attack的过去分词）
attacker,n. 攻击者
attackers,n. 攻击者( attacker的复数形式 ); 进攻者; 抨击者; （球类比赛的）攻击手
attacking,v. 进攻；攻击（attack的现在分词）；攻球
attacks,"n. 攻击, 评击（attack的复数形式）"
attain,"vt. 达到, 获得\nvi. 达到"
attainable,"a. 可到达的, 可得到的"
attained,"vt. 取得, 得到, 获得（attain的过去式）"
attaining,v. （通常经过努力）实现( attain的现在分词 ); 达到; 获得; 达到（某年龄、水平、状况）
attainment,n. 达到
attempt,"n. 尝试, 企图\nvt. 尝试, 企图"
attempted,a. 企图的；未遂的
attempting,v. 试图( attempt的现在分词 ); 尝试; 试图夺取或攻克（堡垒、要塞等）; 试图征服（高山）
attempts,"n. 企图, 试图；尝试（attempt的复数）\nv. 试图；努力去做（attempt的三单形式）"
attend,"vt. 参加, 照料, 伴随\nvi. 专心于, 照顾, 服侍, 出席"
attendance,"n. 出席, 出席的人数, 照料\n[法] 管理, 照料, 资助"
attendant,"n. 随从, 侍者, 出席者\na. 侍候的, 伴随的, 出席的, 在场的"
attendants,n. 服务人员( attendant的复数形式 ); 侍者; 随从; 伴随物
attended,v. 参加；伴随；注意；照料（attend的过去分词）
attendees,n. （会议等的）出席者( attendee的复数形式 )
attending,a. 主治的
attends,"v. 参加( attend的第三人称单数 ); 注意, 听; 照顾; [常用被动语态]（作为结果、情况）伴随"
attention,"n. 注意, 注意力\n[计] 引起注意信号"
attentive,"a. 注意的, 留心的"
attest,"vi. 证明, 表明, 作证\nvt. 为...作证"
attested,a. 证明无病的；经检验证明无病的；经检验证明无菌的
attic,"n. 阁楼, 顶楼\n[医] 鼓室上隐窝"
attire,"n. 服装, 盛装\nvt. 使穿衣, 打扮"
attitude,"n. 态度, 看法, 姿势\n[医] 体态, 姿势, 态度"
attitudes,n. 态度( attitude的复数形式 ); [戏剧]（表演时的）姿势; 姿态; 倾向
attorney,"n. 代理人, 律师\n[经] 律师, 代理人"
attorneys,"n. 代理人, 律师( attorney的名词复数 )"
attract,"vt. 吸引, 诱惑\nvi. 有吸引力"
attracted,吸引\n的兴趣\n被吸引的
attracting,n. 吸引
attraction,"n. 吸引, 吸引人的事物, 吸引力\n[医] 吸引"
attractions,n. 吸引( attraction的复数形式 ); 具有吸引力的事物; 有吸引力的特征（或品质、人）; （尤指两性间的）爱慕
attractive,"a. 吸引人的, 有魅力的\n[法] 有吸引力的, 有迷惑力的"
attractiveness,"[经] 吸引性, 有利可图"
attracts,v. 吸引( attract的第三人称单数 ); 使喜爱; 引起…的好感（或爱慕）; 具有吸引力
attributable,a. 可归于...的
attribute,"n. 属性, 标志, 定语\nvt. 把...归于, 认为...属于\n[计] 属性"
attributed,v. 认为...是( attribute的过去式和过去分词 ); 把...归于; 把...品质归于某人; 认为某事[物]属于某人[物]
attributes,n. 属性（attribute的复数）
attribution,"n. 归因\n[法] 归因, 归属, 属性"
attrition,"n. 摩擦, 磨损\n[医] 擦除术; 磨耗"
atv,abbr. 全地形交通工具（All-Terrain Vehicle）；自动售票机（Automatic Ticket Vendor）；联合电视公司（英国）（Associated Television）
atypical,"a. 非典型的\n[医] 非典型的, 不标准的"
au,"[计] 加法器, 运算器, 声频\n[医] 金(79号元素)"
aubrey,n. 奥布里(m.)
auburn,n. 赤褐色\na. 赤褐色的
auckland,n. 奥克兰(新西兰港口)
auction,n. 拍卖\nvt. 拍卖
auctioneer,n. 拍卖商\nvt. 拍卖
auctions,v. 拍卖（auction的三单形式）
aud,abbr. 审计（audit）；听者（auditor）
audacity,"n. 大胆, 厚颜无耻"
audi,n. 奥迪公司；奥迪汽车
audible,a. 听得见的\n[电] 可闻的
audience,"n. 听众, 观众, 读者\n[法] 听讼, 观众, 听众"
audiences,"n. 观众, 听众, 读者( audience的复数形式 )"
audio,"a. 音频的, 声音的\n[电] 声频"
audiobook,n. 有声读物（把文字录制成语音的“有声书”）
audit,"n. 审计, 查帐\nvt. 查(帐), 旁听\nvi. 查账\n[计] 查帐; 审查; 检查"
audited,"v. 审计, 查账( audit的过去式和过去分词 )"
auditing,"[计] 审查, 审计处理\n[经] 查帐, 审计学"
audition,"n. 听, 听力, 试听\n[计] 审计命令"
auditions,n. 试演；听力；试听（audition的复数形式）
auditor,"n. 审计员, 听者, 旁听生\n[经] 审计(查帐)员, 审计师, 会计检查员"
auditorium,"n. 听众席, 礼堂\n[医] 大讲堂, 大会堂"
auditors,"n. 审计员, 稽核员( auditor的复数形式 ); （大学课程的）旁听生"
auditory,"a. 听觉的, 听觉器官的\n[医] 听[音]的, 听觉的"
audits,"n. 审计, 查账( audit的名词复数 )\nv. 审计, 查账( audit的第三人称单数 )"
audrey,n. 奥德丽（女子名）
auf,abbr. 法语国家大学协会（Agence universitaire de la Francophonie）
aug,abbr. 八月（August）
augment,"v. 增加, 增长\n[计] 增加; 增量; 添加"
augmented,a. 增音的；扩张的；增广的
august,"n. 八月\na. 威严的, 令人敬畏的"
augusta,n. 奥古斯塔（美国一城市名）
augustine,"奥古斯丁(①姓氏 ②Saint, 354-430, 罗马帝国基督教思想家, 北非希波主教)"
augustus,n. 奥古斯都（男子名）
aunt,"n. 阿姨, 姨妈, 舅妈, 姑妈, 伯母"
auntie,"n. 阿姨, 姨妈, 舅妈, 姑妈, 伯母"
aunts,n. 姑母( aunt的复数形式 ); 姨母; 伯母; 阿姨
aunty,"n. 阿姨, 姨妈, 舅妈, 姑妈, 伯母"
aura,"n. 气氛, 气味\n[医] 先兆"
aurora,"n. 曙光, 极光, 奥罗拉(曙光女神)\n[电] 极光"
aus,[经] 八月
auschwitz,n. 奥许维次（波兰城市名）\nn. (Auschwitz)人名；(德)奥施维茨
auspices,"n. 赞助, 主办, 保护"
auspicious,"a. 吉兆的, 幸运的"
aussie,"n. 澳大利亚人, 澳大利亚"
austen,n. 奥斯丁（男子名）
austerity,"n. 朴素, 苦行, 严格, 严峻"
austin,n. 奥斯丁（人名）；英国制汽车牌名
australia,"n. 澳洲, 澳大利亚"
australian,"n. 澳大利亚人\na. 澳大利亚的, 澳洲的, 澳洲人的"
australians,n. 澳大利亚人( Australian的复数形式 )
austria,n. 奥地利
austrian,"n. 奥地利人\na. 奥地利的, 奥地利人的"
authentic,"a. 可靠的, 可信的, 真正的\n[法] 被认证的, 确认的, 可信的"
authentication,"n. 证明可信, 证实为真, 使具法律效力\n[计] 验证"
authenticity,"n. 可靠性, 真实性\n[经] 确实性, 真实性"
author,"n. 作家, 作家的著作, 创始人\n[法] 作者, 著作人, 本人"
authored,"vt. 编写, 创作(author的过去式, 过去分词)"
authorised,a. 授权的\nv. 授权（authorise的过去式）
authoritarian,"a. 独裁的, 独裁主义的"
authoritative,"a. 权威性的, 官方的, 命令式的\n[法] 官方的, 当局的, 权威的"
authorities,"n. 当局, 官方（authority的复数）"
authority,"n. 权力, 当权者, 当局, 权威, 专家\n[经] 代理权, 授权, 权威"
authorization,"n. 授权, 许可\n[经] 授权, 许可, 批准"
authorize,"vt. 授权, 批准, 委托\n[经] 授权, 委任, 认可"
authorized,"a. 经认可的, 经授权的\n[法] 委任的, 核准的, 许可的"
authorizing,[计] 授权
authors,n. 著作家( author的名词复数 ); 作者; 创造者; 发起人
authorship,"n. 原作者, 根源, 原创造者"
autism,"n. 孤独症\n[医] 孤独癖, 自我中心主义"
autistic,"[医] 孤独的, 自我中心的"
auto,"n. 汽车\npref. 表示""自己""、""本身"", 表示""自己的"", 表示""自动的"""
autobiographical,"a. 自传的, 自传体的"
autobiography,n. 自传
autograph,"n. 亲笔, 亲笔签名, 手稿\nvt. 亲笔签名于, 亲笔写"
autographs,"n. 亲笔签名( autograph的名词复数 ); 亲笔稿, 手迹\nv. 在…上亲笔签名( autograph的第三人称单数 ); 亲笔书写"
autoimmune,a. 自体/自身免疫的
automated,a. 自动化的；机械化的
automatic,"n. 自动手枪, 自动机械\na. 自动的, 机械的, 必然的, 无意识的"
automatically,"adv. 自动地, 机械地"
automation,"n. 自动化, 自动操作\n[计] 自动学; 自动化"
automobile,n. 汽车\n[机] 汽车
automobiles,n. <美>汽车( automobile的复数形式 )
automotive,a. 汽车的
autonomous,a. 自治的\n[医] 自主的
autonomy,"n. 自治, 自治权\n[医] 自主性"
autopilot,[化] 自动驾驶仪
autopsy,"n. 验尸\n[医] 尸体解剖, 尸体剖检"
autos,[经] 汽车股票
autumn,"n. 秋天, 成熟期"
aux,[计] 辅助设备
auxiliary,"n. 辅助者, 辅助物, 附属机构, 助动词\na. 辅助的, 备用的"
av,"[计] 数组/向量, 属性值, 有效, 平均值"
ava,"[医] 卡法根, 麻醉椒(根及根茎)"
avail,"vi. 有用, 有利\nvt. 有利于\nn. 效用, 利益"
availability,"n. 有效性, 可利用性, 可利用的人\n[计] 有效性; 可用性"
available,"a. 可利用的, 可获得的, 有效的\n[医] 有效的, 可得的"
avalanche,"n. 雪崩, 山崩, 大量\nvi. 崩塌\nvt. 大量涌至"
avalon,"n. 阿瓦隆(凯尔特族传说中的西方乐土岛,据说亚瑟王及其部下死后尸体被移往该岛)"
avant,a. 激进的；先锋派的
avatar,"n. 天神下凡化作人形, 化身"
ave,"n. 大街, 途径, 林荫大道"
avenge,"vt. 为...报复, 报仇"
avenger,n. 复仇者
avengers, 复仇者(avenger的复数)
avenue,"n. 大街, 途径, 林荫路"
avenues,n. 林阴道( avenue的复数形式 ); 大街; 途径; 手段
average,"n. 平均, 平均数, 一般水平, 海损\na. 平均的, 中等的, 平常的\nvt. 算出...平均数, 平均做, 均分, 使平衡\nvi. 平均为, 呈中间色"
averaged,v. 平均（average的过去式）
averages,n. 平均水平( average的名词复数 ); （速度等的）平均率; 平均估价
averaging,[计] 求平均值
aversion,"n. 厌恶, 讨厌的事, 讨厌的人\n[医] 厌恶, 移转, 移位"
avert,"vt. 转开, 避免, 防止"
avery,n. 艾弗里（男子名）
avg,[计] 平均值
avi,abbr. 多媒体文件格式（Audio Video Interactive）
avian,a. 鸟类的\nn. 鸟
aviation,"n. 航空, 航空学, 飞行术\n[法] 航空, 飞行, 飞行术"
avid,"a. 渴望的, 急切的, 劲头十足的"
aviv,n. 大自然的重生\nn. (Aviv)人名；(俄)阿维夫
avocado,"n. 鳄梨, 鳄梨树"
avoid,"vt. 避免, 防止, 撤消\n[法] 避免, 回避, 躲开"
avoidance,"n. 避免, 避开, 逃避\n[经] 回避, 废止, 宣告无效"
avoided,v. 避免；回避；避免了；使无效（avoid的过去式）
avoiding,n. 避免；回避\nv. 避免（avoid的ing形式）；回避；撤销\na. 避免的；回避的
avoids,"v. 避开, 避免, 预防( avoid的第三人称单数 ); [法律]宣布（判决、抗辩等）无效; 使无效; 废止, 撤销"
avon,n. 埃文河（英国西南部一河）；雅芳（化妆品品牌）
aw,"int. 哦！噢！（表示抗议, 厌恶, 讨厌等）"
await,vt. 等候\nvi. 等待着
awaited,v. 等候( await的过去式和过去分词 ); 等待; 期待; 将发生在
awaiting,[计] 等待
awaits,v. 等候( await的第三人称单数 ); 等待; 期待; 将发生在
awake,"a. 醒着的\nvt. 唤醒, 唤起, 使意识到\nvi. 醒来, 被唤起, 意识到"
awaken,"vt. 唤醒, 唤起, 使意识到\nvi. 觉醒, 意识到"
awakened,v. （使）醒( awaken的过去式和过去分词 ); （使）觉醒; 弄醒; （使）意识到
awakening,"n. 唤醒, 觉醒, 被唤起\na. 觉醒中的"
awakens,v. （使）醒( awaken的第三人称单数 ); （使）觉醒; 弄醒; （使）意识到
award,"n. 奖品, 裁定, 判决\nvt. 授予, 给予"
awarded,"vt. 授予, 奖给, 判给（award的过去式与过去分词形式）"
awarding,"vt. 授予, 奖给, 判给（award的现在分词形式）"
awards,n. 奖项；判决；奖赏（award的复数）
aware,"a. 知道的, 有觉悟的"
awareness,"n. 意识, 认识\n[计] 识别, 议定, 明白"
away,adv. 离去
awe,n. 敬畏\nvt. 使敬畏
awesome,"a. 引起敬畏的, 可怕的"
awful,"a. 可怕的, 庄严的, 虔敬的"
awfully,"adv. 恶劣地, 非常地, 极端地"
awhile,"adv. 片刻, 一会儿"
awkward,"a. 笨拙的, 棘手的"
awkwardly,adv. 笨拙地；无技巧地
awoke,awake的过去式和过去分词
aws,"(aw 的复数) int. 哦！噢！（表示抗议, 厌恶, 讨厌等）"
aww,abbr. average weekly wage 周平均工资
awww,n. 啊啊…
ax,"n. 斧头\nvt. 用斧削或砍, 削减"
axe,"n. 斧, 斧头\nvt. 削减(人员、经费、计划、机构等)"
axel,n. （花样滑冰）前外一周半跳
axes,"pl. 斧头, 轴, 轴线\n[计] 坐标轴"
axial,"a. 轴的, 成轴的, 轴向的\n[医] 轴的, 中轴的"
axis,n. 轴\n[计] 坐标轴
axle,"n. 轴, 车轴\n[电] 轴"
ay,"n. 赞成票, 投赞成票者\nadv. 永远\ninterj. (表决时说)赞成"
aye,"n. 赞成票, 投赞成票者\nadv. 永远\ninterj. (表决时说)赞成"
az,abbr. 阿塞拜疆（Azerbaijan）；美国亚利桑那州（Arizona）；[医]氮鸟嘌呤（azaguanine）；台湾衡欣；意大利航空公司
azerbaijan,n. 阿塞拜疆
aziz,n. 阿齐兹（男子名）
aztec,"n. 阿兹特克人, 阿兹特克语\na. 阿兹特克人的"
azure,"n. 天蓝色, 碧空\na. 蔚蓝的"
ba,"文学士\n[计] 基本汇编程序, 布尔代数, 总线可用"
baba,n. 兰姆糕
babcock,n. 巴布科克（美国发明家）；巴高克（美国公司名称）
babe,"n. 小孩, 天真幼稚的人"
babes,n. <书>婴儿( babe的复数形式 ); 无助的人; 需要人抱的婴儿; <美俚>姑娘
babies,n. 婴儿（baby的复数）
baby,n. 婴孩\n[医] 婴儿
babylon,n. 巴比伦
babysitter,n. 临时照顾幼儿者
babysitting,n. 当临时保姆
bac,abbr. 二进制模拟转换（Binary-Analog Conversion）；（美国）波音飞机公司（Boeing Airplane Company）；英国飞机公司（British Aircraft Corporation）
bach,n. 单身汉\nvi. 过独身生活
bachelor,"n. 单身汉, 学士\n[法] 学士, 单身汉"
bachelorette,n. 未婚女子
bachelors,n. 学士( bachelor的复数形式 ); （被大雄海豹逐出交配场的）小雄海豹; 单身男子; 尚未交配的幼雄兽
back,"a. 后面的\nvt. 使后退, 支持\nvi. 倒退, 背靠\nadv. 向后地\nn. 背部, 后面"
backbone,"n. 脊椎, 志气, 骨干, 支柱\n[计] 主干网, 主干网点"
backdrop,"n. 背景幕, 背景"
backed,a. 有背的；有财力支持的
backers,"n. 支持者, 赞助者( backer的复数形式 )"
backfire,"n. 逆火, 回火, 放火\nvi. 放逆火, 预先放火, 发生意外"
background,"n. 背景, 背景资料\n[计] 背景, 后台"
backgrounds,"n. 背景图片, 背景（background的复数形式）"
backing,"n. 后退, 衬背, 后援, 支持者\n[化] 衬垫"
backlash,"n. 后冲, 强烈反对\n[电] 反撞, 逆栅流"
backlog,"n. 积压待办的事务, 积压而未交付的订货, 积压的工作\nvt. 储备, 把...积压起来\n[计] 储备, 后备, 积压"
backpack,"n. 远足用的背包；双肩背包, 背包"
backs,"n. 后背, 脊背；后卫（back的复数形式）"
backseat,"n. 后座, 次要位置"
backside,"n. 背部, 背后, 后方"
backstage,"adv. 在后台, 向后台"
backstory," （电影、小说等的）幕后故事, 故事背景"
backup,"n. 倒车, 后退, 后援, 支持, 阻塞\nvt. 做备份\na. 候补的, 支持的\n[计] 备份; DOS外部命令:通常使用于将硬磁盘上指定的文件复制到软盘上"
backups,n. 备份
backward,"adv. 向后地, 相反地\na. 向后的, 相反的\n[计] 倒推"
backwards,adv. 向后
backyard,"n. 后院, 后庭"
bacon,n. 熏猪肉\n[机] 腌肉
bacteria,"pl. 细菌\n[医] 细菌, [无芽胞]杆菌"
bacterial,"a. 细菌的\n[医] 细菌的, [无芽胞]杆菌的"
bad,a. 坏的\nn. 坏\nadv. 坏地
badass,a. & n.<美俚>到处惹是生非的(坏蛋)
baden,n. 巴登（西德省名）；巴登亚麻平布
badge,"n. 徽章, 标记\n[计] 标记"
badger,"n. 獾, 獾皮毛\nvt. 纠缠"
badgers,n. 獾( badger的名词复数 ); 獾皮; （大写）獾州人（美国威斯康星州人的别称）; <动><澳>毛鼻袋熊
badges,n. 徽章( badge的复数形式 ); 象征; 证章; [美国俚语]警察
badly,"adv. 严重地, 恶劣地, 极度地"
badminton,n. 羽毛球运动
bae,abbr. 航空工程学士（Bachelor of Aeronautical Engineering）
baffled,a. 带有挡板的
baffling,"a. 阻碍的, 使困惑的, 不可理解的\n[化] 折流"
bafta,abbr. （英）电影和电视艺术学院（British Academy of Film and Television Arts）
bag,"n. 袋子, 袋状物\nvt. 使膨大, 装袋, 猎获"
bagel,n. 百吉饼（先蒸后烤的发面圈）；[俚]（体育比赛中）零蛋
baggage,n. 行李\n[经] 行李
bagged,a. 松弛下垂的
baggy,"a. 袋状的, 松垂的"
baghdad,n. 巴格达
bags,n. 许多
bah,interj. 呸
bahamas,n. 巴哈马群岛
bahrain,n. 巴林岛
bai,n. 黄雾
bail,"n. 保释, 拎环, 杓, 栅栏\nvt. 保释, 舀水"
bailed,"v. 保释, 帮助脱离困境( bail的过去式和过去分词 )"
bailey,"n. 城郭, 外栅"
bailout,跳伞
bain,n. 贝恩（公司名称）
baird,"n. 贝尔德（姓氏, 意为很会唱民谣的人）；贝尔德（美国德克萨斯州的一个城市名）"
bait,"n. 饵\nvt. 以饵引诱, 欺负\nvi. 中途休息"
baja,n. 巴哈（人名）；包姚（匈牙利城市）
bake,"vt. 烘焙, 烤\nvi. 烤面包\nn. 烘焙, 烤"
baked,a. 烘焙的；烤的
baker,n. 面包师\n[医] 烤箱(骨科用)
bakers,n. 面包师( baker的复数形式 ); 面包店; 面包店店主; 十三
bakersfield,n. 贝克尔斯菲市（美国加利福尼亚州中南部城市）
bakery,n. 面包店
baking,"n. 烘焙, 一次烘焙的量\n[机] 烘, 焙, 烤干"
bal,"[计] 转移与连接, 基本汇编语言\n[化] 2,3-二巯丙醇; 2,3-二巯基丙醇"
balance,"n. 平衡, 差额\nvi. 平衡, 相等\nvt. 称, 权衡, 比较, 使平衡, 结算, 抵消"
balanced,"a. 公平的, 平衡的\n[计] 平衡的, 对称的, 均衡的"
balances,n. 平衡( balance的名词复数 ); 天平; 平衡力; （酿酒配料的）均衡\nv. （使）平衡( balance的第三人称单数 ); （使）均衡; （使）相抵; 权衡
balancing,"[计] 平衡, 均衡, 结算\n[经] 平衡, 结出余额"
balcony,"n. 阳台, 戏院楼厅"
bald,"a. 秃头的, 光秃的, 单调的, 赤裸的\nvi. 变秃"
baldwin,n. 鲍尔温苹果；鲍尔温（姓氏）
bale,"n. 包, 捆, 货物, 灾难\nvt. 打包, 捆包"
balfour,巴尔弗
bali,n. 巴厘岛
balkan,a. 巴尔干的
balkans,n. 巴尔干半岛各国；巴尔干半岛地区
ball,"n. 球, 舞会, 球状物\nv. 捏成球形"
ballad,n. 歌谣
ballads,"n. 民歌, 民谣, 特别指叙述故事的歌( ballad的复数形式 ); 讴"
ballard,n. 加拿大巴拉德公司；巴拉德（男子名）
ballast,"n. 压载物, 压舱物\n[经] 底货, 压舱货"
ballerina,n. 芭蕾舞女演员
ballet,n. 芭蕾舞
ballistic,"a. 弹道的\n[医] 射击的, 冲击的"
balloon,"n. 气球\nvt. 使成气球状\nvi. 膨胀如气球, 激增"
balloons,n. 气球( balloon的名词复数 ); 热气球
ballot,"n. 投票, 投票用纸, 抽签\nvi. 投票, 抽签\nvt. 投票选出, 拉选票"
ballots,n. 投票表决( ballot的名词复数 ); 选举; 选票; 投票总数\nv. （使）投票表决( ballot的第三人称单数 )
ballpark,n. （美）棒球场；活动领域；可变通范围
ballroom,"n. 舞厅, 跳舞场"
balls,n. 胡说八道
balm,"n. 镇痛软膏, 香膏\n[化] 香树膏; 香脂"
baltic,a. 波罗的海的
baltimore,n. 巴尔的摩
bam,"n. 欺骗, 哄骗\nvt. 欺骗, 哄骗\n[计] 基本存取方法, 基本运算模块, 字块分配映象"
bama, [地名] [布基纳法索、加蓬、尼日利亚] 巴马
bamboo,n. 竹子\n[医] 竹类
ban,"n. 禁令\nvt. 禁止, 取缔"
banana,n. 香蕉
bananas,n. 香蕉（banana的复数形式）
band,"n. 带子, 队, 乐队\nv. 联合, 结合\n[计] 频带; 波段; 区"
bandage,n. 绷带\n[化] 帘布筒; 实心轮胎; 紧带; 绷带
banded,a. 有带子的
bandit,n. 强盗
bandits,n. 盗贼；土匪（bandit的复数）
bands,n. 法官；乐队
bandwagon,"n. 乐队彩车, 流行"
bandwidth,"n. 频带宽度, 通带宽度\n[计] 带宽, 频宽"
bane,"n. 祸根, 毒药, 灭亡的原因, 灭亡\n[医] 毒物, 毒, 毒药"
bang,"n. 重击, 突然巨响, 刘海\nv. 发巨响, 重击\nadv. 砰然地, 突然巨响地, 直接地\n[计] 撞击符"
bangalore,n. 炸药桶
banged,"vt. 猛击, 猛撞（bang的过去式与过去分词形式）"
banging,n. 消音器内爆炸
bangkok,n. 曼谷
bangladesh,n. 孟加拉国\n[经] 孟加拉共和国
bangladeshi,n. 孟加拉国人\na. 孟加拉国(人)的
bangor,n. 班格尔（北爱尔兰城市名）
bangs,n. 刘海；重击；巨响 （bang的复数形式）
banished,"v. 驱逐, 流放（banish的过去分词形式）"
banjo,n. 班卓琴
bank,"n. 银行, 堤, 岸\n[医] 库"
banker,"n. 银行家, 庄家\n[经] 银行业者, 银行家"
bankers,n. 银行家( banker的复数形式 ); 银行主; 银行经理; 庄家
banking,"n. 银行业务\n[经] 银行业, 银行事务"
bankrupt,n. 破产者\na. 破产的\nvt. 使破产
bankruptcy,"n. 破产者\n[经] 破产, 倒闭"
banks,"n. 银行；斜床；岸, 堤（bank的复数形式）"
banned,a. 被禁的
banner,"n. 旗帜\na. 显著的, 特别好的"
banners,n. 旗帜广告；横幅；广告横幅（banner复数）
banning, [人名] 班宁; [地名] [美国] 班宁
bannon,n. (Bannon)人名；(英)班农
banquet,n. 宴会
bans,n. 结婚预告（等于banns）
banter,"n. 戏谑, 嘲弄\nv. 戏弄, 开玩笑"
bao,n. 非洲石子游戏棋
baptism,"n. 浸礼, 洗礼"
baptist,"n. 施洗礼者, 浸礼会教友"
baptized,a. 受洗礼的\nv. 施洗礼；使经受考验；给…名称（baptize的过去分词）
bar,"n. 条, 棒, 酒吧, 栅, 障碍物\nvt. 禁止, 阻挡, 妨碍\n[计] 棒形图"
barack,n. 巴拉克（男子名）
barb,n. 倒钩\nvt. 装倒钩于
barbados,n. 巴巴多斯(岛)
barbara,n. 芭芭拉（女子名）
barbarian,n. 野蛮人\na. 野蛮的
barbarians,n. 野蛮人；蛮夷（barbarian的复数形式）
barbaric,"a. 野蛮的, 粗野的"
barbecue,"n. 烤肉\nvt. 烤肉, 烧烤"
barbed,a. 有倒刺的
barber,n. 理发师
barbie,n. 芭比（女子名）；芭比娃娃（商标名）
barca,n. 小船
barcelona,n. 巴塞罗那
barclay,"n. 巴克利（姓氏, 男子名）"
barclays,"n. 巴克莱银行（公司名, 财富500强公司之一, 总部所在地英国, 主要经营银行）"
bard,"n. 吟游诗人, 诗人"
bare,"a. 赤裸的, 缺少的, 无遮蔽的, 坦率的\nvt. 使赤裸, 露出"
barefoot,a. 赤脚的
barely,adv. 几乎不
bargain,"n. 交易, 买卖协定, 特价商品\nv. 讲价, 交易"
bargaining,"n. 讨价还价, 谈判, 交涉\n[经] 议价, 讨价还价, 交易"
bargains,n. 交易；廉价品；特价品（bargain的复数）
barge,"n. 驳船\nvt. 用船运输\nvi. 蹒跚, 闯入"
bark,"n. 树皮, 吠声\nvi. 吠, 叫骂\nvt. 喊出, 剥树皮"
barker,"n. 招徕顾客的人, 剥树皮者\n[机] 去皮机, 剥皮机"
barking,"[机] 去皮, 剥皮"
barkley,n. 巴克利（姓氏名）
barley,n. 大麦\n[医] 大麦
barlow,"n. 巴洛刀(一种坚实而廉价的单面小折刀, 亦作 barlow knife)"
barn,n. 谷仓\n[化] 靶(恩)(核反应截面单位)
barnard,n. 巴纳德（男子名）
barnes,n. 巴尔内斯（姓氏）
barnett,n. 巴奈特（姓氏）
barney,n. [口]大吵大闹；拉曳器
barns,n. 牲口棚( barn的复数形式 ); （公共汽车、卡车等的）车库; 仓房; 简陋的大建筑物
barometer,n. 气压计\n[化] 气压计
baron,"n. 男爵\n[法] 男爵, 贵族, 大王"
baroness,"n. 男爵夫人, 女性男爵"
barons,n. 男爵( baron的复数形式 ); 巨头; 大王; 大亨
baroque,"n. 巴罗克风格, 巴罗克式\na. 巴罗克式的, 绮靡的, 以俗艳标新立异的"
barr,abbr. 翻转形态（Bump and Run Reversal）
barracks,"n. 兵营, 营房；简陋的房子；警察所（barrack的复数）"
barrage,"n. 弹幕, 掩护炮火\nvt. 以密集炮火进攻"
barred,"a. 上了闩的, 划出线条的, 受阻的, 被禁止的\n[计] 遮断式的"
barrel,n. 桶\nvt. 装入桶内
barrels,"n. 桶( barrel的名词复数 ); 枪[炮]管; 一桶（的量）; 桶（石油计量单位, 相当于120 到159 升）"
barren,"a. 不育的, 贫瘠的\nn. 荒地"
barrett,n. 巴雷特（男子名）
barricade,"n. 路障, 障碍\nvt. 设路障于, 阻碍"
barrie,"巴里(姓氏, 男子名)"
barrier,"n. 障碍, 栅栏\n[化] 势垒; 阻片; 阻挡层"
barriers,n. 障碍( barrier的复数形式 ); 屏障; 栅栏; 分界线
barring,"prep. 不包括, 除非"
barrister,"n. 出庭律师, 律师\n[法] 律师, 专门律师, 大律师"
barron,n. 巴伦周刊（美国专业财经周刊）；巴伦（男子名）
barrow,"n. 搬运架, 手推车, 古墓\n[机] 矿皮, 弃矿"
barry,n. 巴里（男子名）
bars,n. 马齿龈；（木、金属等的）条；栅栏；酒吧（bar的复数形式）
bart,abbr. 从男爵（Baronet）
bartender,"n. 酒保, 酒吧侍者"
bartholomew,n. 巴塞洛缪（男子名）
bartlett,n. 巴特利特梨
barton,"n. 庄园内的农场, 农家庭院"
bas,n. BASIC程序的扩展名
basal,"a. 基础的, 基本的\n[医] 基底的, 基础的"
base,"n. 底部, 垒, 基础, 基地\nvt. 以...作基础\na. 卑鄙的, 低劣的\n[计] 基准"
baseball,n. 棒球\n[计] 棒球系统
based,"v. 立基于, 以…为基础（base的过去式和过去分词）"
basel,n. 巴塞尔(瑞士城市)
baseless,a. 无根据的
baseline,"n. 基线, 基准\n[计] 基线, 基准"
baseman,n. 守垒员
basement,"n. 地下室, 墙脚\n[化] 地下室"
bases,"pl. 基础, 军事基地, 主要成分, 根据\n[医] 基底, 底"
bash,"v. 猛击, 打坏\nn. 猛撞, 猛击"
bashed,"v. 痛击, 猛击( bash的过去式和过去分词 ); 严厉批评"
bashing,"n. [矿]用废矸石充填采空区；猛击, 抨击"
basic,"n. 基本原理, 要素, 基本规律\na. 基本的, 碱性的\n(计算机)BASIC语言"
basically,"adv. 基本上, 主要地"
basics,"n. 最简单但最重要的部分, 基本, 基础训练"
basil,"n. 罗勒属植物\n[医] 罗勒, 矮糠"
basin,"n. 盆, 盆地\n[医] 第三脑室, 骨盆"
basing,n. 平稳期；固结于基座\nv. 为…打基础；以…为根据；置于底座上；拥有基地（base的ing形式）\nn. (Basing)人名；(英)贝辛
basins,n. 盆( basin的复数形式 ); 盆地; 流域; 港池
basis,"n. 基础, 主要成分\n[化] 基底"
basket,"n. 篮, 篮子\nvt. 装入篮"
basketball,n. 篮球
baskets,n. 篮子（basket的复数）
basque,"n. 巴斯克衫(女子紧身上衣), 巴斯克人, 巴斯克语\na. 巴斯克人的"
bass,"n. 低沉的声音, 男低音, 椴树\na. 低音的"
bassist,n. 低音提琴手
bastard,"n. 私生子, 劣货\na. 私生的, 杂种的, 不合标准的"
bastards,n. 私生子( bastard的复数形式 ); 坏蛋; 讨厌的事物; 麻烦事 （认为别人走运或不幸时说）家伙
bastion,"n. 棱堡, 阵地工事"
bat,"n. 蝙蝠, 球棒\nv. 用球棒打, 眨眼\n[计] 成批"
batch,"n. 一次所烘的面包, 一次所制之量, 一组, 批, 成批, 分批\nv. 成批, 分批处理\n[计] 一批"
batches,n. 一批( batch的名词复数 ); 一炉; （食物、药物等的）一批生产的量; 成批作业
bates,贝茨
bath,"n. 沐浴, 浴室\n[医] 浴"
bathe,"vt. 沐浴, 用水洗\nvi. 洗澡"
bathed,"a. 淋漓的, 湿透的；沐浴的；沉溺的"
bathing,"n. 游泳, 洗海水澡"
bathroom,"n. 浴室, 厕所"
bathrooms,n. 浴室( bathroom的复数形式 ); 盥洗室; （带抽水马桶的）厕所; 卫生间
baths,"n. 公共澡堂, 公共游泳池\npl. 沐浴, 洗澡, 浴盆, 浴锅, 浸没, 洗澡处, 浴室, 澡盆, 浴缸, 电镀槽, 定影液"
bathtub,n. 浴缸
bathurst,n. 巴瑟斯特（澳大利亚新南威尔士州城市）
batman,n. 勤务兵
baton,"n. 指挥棒, 接力棒, 警棍"
bats,"a. 疯疯癫癫的, 怪异的"
batsman,n. 击球手
battalion,"n. 营, 军队, 集团"
battalions,n. （陆军的）一营（大约有一千兵士）( battalion的复数形式 ); 协同作战的部队; 军队; （组织在一起工作的）队伍
batted,a. 击出的\nv. 击打；眨眼；拍（bat的过去分词）
batter,v. 连续猛打（尤其指妇女），猛击\nn. 面糊（食物），击球员，打击手
battered,a. 磨损的；弄垮的；破旧的；受到虐待的
batteries,n. 电池（battery的复数形式）
batters,n. 面糊（煎料）( batter的名词复数 ); 面糊（用于做糕饼）; （ 棒球） 正在击球的球员; 击球员\nv. 连续猛击( batter的第三人称单数 )
battery,"n. 电池, 殴打\n[化] 蓄电池"
batting,"n. 击球, 球棒的使用, 棉絮\n[机] 棉胎"
battle,n. 战役\nv. 战斗
battled,有雉堞的；有城垛的
battlefield,"n. 战场, 沙场"
battles,n. 战争；竞争（battle的复数）
battleship,"n. 战列舰, 主力舰"
battling,n. 战役；斗争\nvi. 斗争；作战\nvt. 与…作战\nn. (Battle)人名；(英)巴特尔；(法)巴特勒；(西)巴特莱
bauer,n. 鲍尔（德语姓氏）
bavaria,n. 巴伐利亚州(德国地名)
bavarian,"a. 巴伐利亚的, 巴伐利亚人的\nn. 巴伐利亚人, 巴伐利亚方言"
baxter,n. 巴克斯特（公司名称）
bay,"n. 海湾, 狗吠声, 月桂\nvt. 吠, 使走投无路\nvi. 吠"
bayer,[机] 拜耳
bayern,拜恩州[德意志联邦共和国州名](即巴伐利亚州)
baylor,n. 贝勒（姓）
bayonet,n. 刺刀
bayou,n. 支流
bays,n. 凹进处；吠声；桂冠；堤；港湾（bay的复数）
bazaar,"n. 集市, 市场, 义卖市场"
bb,abbr. 滚珠轴承（ball bearing）；铅笔芯（double black）
bbc,英国广播公司
bbq,abbr. 野外烧烤（barbecue）；烧烤炉
bbw,abbr. 线控制动
bc,公元前
bce,abbr. 化学工程学士（Bachelor of Chemical Engineering ）；土木工程学士（Bachelor of Civil Engineering）；公元前（ before common era）
bcs,"[计] 基本通信支持, 基本控制系统, 主控系统, 块检验序列, 商用计算机系统"
bd,"[计] 空白显示, 框图, 布尔差分"
bdsm,"abbr. 绑缚与调教、支配与臣服、施虐与受虐（bondage & discipline, dominance & submission, sadism & masochism）"
be,"v. 是, 表示, 在\n[计] 后端, 总线允许"
bea,abbr. 东亚银行有限公司（Bank of East Asia Ltd）；美国劳工部劳工统计局（Bureau of Economic Analysis）；英国欧洲航空公司（British European Airways Corporation）
beach,n. 海滩
beaches,n. 海滩；海滨（beach的复数形式）
beacon,"n. 烽火, 灯塔\nv. 照亮"
beacons,n. 灯塔( beacon的名词复数 ); 烽火; 指路明灯; 无线电台或发射台
bead,"n. 珠子, 滴\nvt. 用珠装饰\nvi. 形成珠\n[计] 珠"
beads,玻璃粉
beak,"n. 鸟嘴, 喙\n[医] 嘴, 喙"
beale,n. (Beale)人名；(法)贝亚勒；(英)比尔\n比尔
beam,"n. 横梁, 杆, 光线, 容光焕发\nvi. 用梁支承, 微笑, 射出光线\nvt. 照耀, 感到欣喜\n[计] 束"
beams,"n. 梁( beam的名词复数 ); 束; 1 光线; （电波的）波束\nv. 发出光与热( beam的第三人称单数 ); 面露喜色; 播送; 1 笑容满面, 眉开眼笑 2 发射电波, 播送 3 放出束状的光（或热）"
bean,n. 豆子\n[化] 油嘴; 豆
beans,n. 豆子；豆类；黄豆（bean的复数）
bear,"n. 熊\nvt. 忍受, 支承, 产生, 怀有, 通过卖空使跌价\nvi. 忍受, 结果实, 压挤, 行进, 转向"
beard,"n. 胡须\nvt. 抓住胡须, 公开反对"
bearded,"a. 有须的, 有胡子的"
beards,n. 胡须( beard的名词复数 )
bearer,"n. 带信人, 票据持有人, 搬运者\n[经] 持票人, 持有人, 不(无)记名"
bearers,n. 送信人( bearer的复数形式 ); （票据、支票等的）持有人; 挑夫; 支撑物
bearing,"n. 举止, 轴承, 忍受, 关系, 意义, 方向, 生育\n[化] 轴承"
bearings,[经] 方位
bears,n. 空头（卖空的证券交易投机）；熊（bear的复数）
beast,"n. 畜生, 动物, 野兽, 兽性"
beasts,n. 野兽；畜牲（beast 的复数）
beat,"n. 心跳(声), 打, 敲打声, 拍子\nv. 打, 拍打, 打败\na. 疲乏的, 颓废的\nbeat的过去式\n[计] 拍; 节拍"
beaten,"a. 被打败了的, 筋疲力竭的, 敲平的, 踏平的\nbeat的过去分词"
beater,"n. 打的人, 拍打树丛惊起猎物的人, 搅拌器\n[化] 打浆机"
beating,"n. 打, 挫败, 搏动\n[化] 打浆"
beatles,n. 披头士合唱（摇滚乐队）
beatrice,n. 比阿特丽斯（女子名）；碧翠斯（女子名）
beats,n. 音乐节拍；差拍振动；心脏跳动（beat的复数）
beatty,n. (Beatty)人名；(法)贝亚蒂；(英)贝蒂\n比蒂
beau,"n. 花花公子, 情郎, 求爱者"
beaumont,n. 博蒙特（姓氏）；博蒙特镇
beauties,"n. 美容化妆；美丽, 美的东西；美人（beauty的复数）"
beautiful,a. 美丽的
beautifully,"adv. 美好地, 漂亮地"
beauty,"n. 美, 美人"
beaver,n. 海狸(毛皮)\n[机] 轻型及中型飞机加油
became,become的过去式
because,conj. 因为
becca,n. (Becca)人名；(意)贝卡
beck,"n. 点头示意, 招手, 小河"
becker,n. 贝克尔（美国经济学家）
beckett,贝克特（人名）
beckham,n. 贝克汉姆（男子名）
becky,n. [口]上挂钩
become,"vi. 变成, 变得\nvt. 适合"
becomes,"v. 变为, 成为( become的第三人称单数 ); 适合; 使（人）显得漂亮; 使好看"
becoming,"a. 合适的, 适当的"
bed,"n. 床, 睡眠处, 河床, 底座, 路基, 一层\nvt. 提供宿处, 栽种, 安装\nvi. 睡, 形成坚实的一层"
bedding,"n. 被褥, 寝具, 床上用品, 基床\n[机] 褥草, 被褥"
bedford,n. 贝德福德（英格兰一郡及该郡之首府）；贝德福德（美国俄亥俄州城市）；贝德福德（男子名）
bedrock,"n. 基岩, 基本原理, 基础"
bedroom,n. 卧室
bedrooms,n. 火车卧铺单间；卧室（bedroom的复数）
beds,"n. 床上用品, 床组（bed复数）"
bedside,"n. 床边\na. 床边的, 临床的"
bedtime,n. 就寝时间
bee,"n. 蜜蜂, 聚会"
beech,n. 山毛榉\n[机] 山毛榉
beef,"n. 牛肉, 肌肉\nvt. 养(牛), 宰(牛)\nvi. 抱怨, 告发"
been,be的过去分词
beep,"n. 短而尖的声音, 嘟\nv. 嘟嘟响"
beer,n. 啤酒\n[化] 啤酒
beers,n. 比尔斯（姓氏）
bees,n. 蜜蜂（bee的复数）
beethoven,n. 贝多芬
beetle,"n. 甲虫, 大槌\nvi. 快速移动\nvt. 捶"
beetles,n. 甲虫( beetle的名词复数 )
before,prep. 在...之前\nconj. 在...之前\nadv. 在前
beforehand,adv. 预先
beg,"v. 乞求, 乞讨, 请求"
began,begin的过去式
beggar,"n. 乞丐\nvt. 使贫穷, 使成乞丐"
beggars,n. 乞丐( beggar的名词复数 ); 家伙
begged,"vt. 退求；请求, 乞求"
begging,"v. 乞讨, 乞求；行乞（beg的现在分词形式）"
begin,v. 开始\n[计] 开始
beginner,n. 初学者
beginners,n. 初学者；生手；首创者（beginner的复数）
beginning,n. 开始
beginnings,n. 开始( beginning的复数形式 ); 根源; 原始思想; 前兆
begins,v. 开始( begin的第三人称单数 ); 着手; 创始; 创办
begs,v. 乞讨( beg的第三人称单数 ); 乞求; 请求; （狗蹲坐在后腿上将前爪抬起）等食物
begun,begin的过去分词
behalf,"n. 利益, 方面"
behave,"vi. 举止端正, 行为规矩\nvt. 检点(自己的)行为, 使表现好"
behaved,v. （行为或举止）表现( behave的过去式和过去分词 ); 工作; （使）守规矩
behaves,v. （行为或举止）表现( behave的第三人称单数 ); 工作; （使）守规矩
behaving,v. （行为或举止）表现( behave的现在分词 ); 工作; （使）守规矩
behavior,"n. 行为, 举止\n[医] 行为"
behavioral,a. 行为的
behaviors,n. 行为( behavior的复数形式 ); 态度; （机器等的）运转状态; （事物的）反应
behaviour,"n. 行为, 举止\n[计] 特性, 性能, 特点, 行为, 动作, 状态"
behavioural,a. 行为的
behaviours,"(behaviour 的复数) n. 行为, 举止\n[计] 特性, 性能, 特点, 行为, 动作, 状态"
beheaded,a. 身首异处的\nv. 砍头（behead的过去分词）
behind,adv. 在后地\nprep. 在...背后
behold,"vt. 看到, 注视\nvi. 看"
bei,abbr. 行为事件访谈法（Behavioral Event Interview）；无白金式电子点火（Breakerless Electronic Ignition）；英国国际电气公司（British Electricity International Ltd.）
beige,"a. 淡棕色的\nn. 薄斜纹呢, 米色"
beijing,[经] 北京
bein,n. 拜因（姓氏）
being,"n. 存在, 性质, 生命, 人, 生物, be的现在分词"
beings,n. 人; 生物（ being的复数形式 ）; 存在; 思想感情; 身心
beirut,n. 贝鲁特
bel,[计] 报警符\n[医] 贝[耳](响度单位)
belarus,"n. 白俄罗斯, 白俄罗斯共和国"
belfast,n. 贝尔法斯特
belgian,n. 比利时人\na. 比利时的
belgium,n. 比利时
belgrade,n. 贝尔格莱德
belief,"n. 信念, 相信, 信仰"
beliefs,n. 信仰；信?（belief的复数）
believable,a. 可信的
believe,v. 相信
believed,v. 相信( believe的过去式和过去分词 ); 认为; 以为; 对…信以为真
believer,n. 信徒
believers,n. 信仰者（believer的复数形式）
believes,v. 信仰；相信；认为（believe的三单形式）
believing,"a. 信任他人的, 有信仰的"
belinda,n. 贝琳达(女子名)
belize,n. 伯利兹城（拉丁美洲国家）
bell,"n. 铃, 钟\n[计] 响铃命令"
bella,"n. 贝拉（女子名, 等于Arabella, Isabella）"
bellamy,n. 贝拉米（人名）
belle,n. 美女
bellevue, 贝尔维尤
bells,n. 铃（bell的复数形式）；排钟；喇叭裤
belly,"n. 腹部, 食欲\nvt. 使鼓起\nvi. 鼓起, 匍匐前进"
belmont,n. 贝尔蒙（一种烟的名字）；贝尔蒙特（酒店名）
belong,"vi. 属于, 合适"
belonged,v. 属于( belong的过去式和过去分词 ); 是…的成员; 应被放在; 适应
belonging,[法] 附属物
belongings,"n. 财产, 所有物, 相关事物\n[经] 财产, 所有物, 附属物"
belongs,v. 属于( belong的第三人称单数 ); 是…的成员; 应被放在; 适应
beloved,a. 心爱的\nn. 心爱的人
below,prep. 在下面\nadv. 在下面
belt,"n. 带子, 地带\n[医] 带, 腰带, 束带, 地带, 区"
belts,n. 带子；皮带（belt的复数）
ben,"n. 内室\n[医] 贝昂(俗名,一般指辣木Moringa oleifera,有时也指一些不同属的植物)"
bench,n. 长椅子\n[机] 台
benches,n. 法官( bench的名词复数 ); （木制）长凳; （英国议会的）议员席; 场边的运动员休息区
benchmark,[计] 基准程序; 基准
benchmarks,n. 基准( benchmark的复数形式 )
bend,"vi. 变弯曲, 屈服\nvt. 使弯曲, 使屈服\nn. 弯曲"
bender,"n. 扭弄物体的人, 六便士银币, 饮酒作乐"
bending,[化] 弯曲; 弯曲度
bends,"[医] 减压病(尤指减压痛,即因空气栓塞所致的四肢关节、肌肉和腹腔的剧痛)"
beneath,prep. 在...下方\nadv. 在...下方
benedict,n. 新婚男人
benefactor,"n. 恩人, 捐助者, 施主\n[法] 捐赠人, 赠送人"
beneficial,"a. 有益的, 受益的\n[经] 有使用权的, 可享利益的"
beneficiaries,n. 受益人(beneficiary的复数形式)
beneficiary,"n. 受惠者, 受益人\na. 受封的"
benefit,n. 利益\nvt. 有益于\nvi. 受益
benefited,"vt. 有益于, 有助于（benefit的过去式与过去分词形式）"
benefiting,"vt. 有益于, 有助于（benefit的现在分词形式）"
benefits,"n. 利益, 收益；福利, 效益（benefit的复数形式）"
benevolent,"a. 善意的, 慈善的"
bengal,n. 孟加拉（位于亚洲）
bengali,n. 孟加拉人\na. 孟加拉的
bengals,"孟加拉棉, 孟加拉薄细布(孟加拉和印度产的短绒棉)"
benghazi,n. 班加西（利比亚北部港口城市）
benign,"a. 善良的, 良性的\n[医] 良性的"
benjamin,[医] 安息香
benji, [电影]狗侦探
bennet,"n. 水杨梅, 花梗"
bennett,"n. 班尼特（男子名, 等于Benedict）"
benny,n. 安非他明(药片)
benson,n. 班森（男子名）
bent,"a. 弯曲的, 决心的\nn. 爱好\nbend的过去式和过去分词"
bentley,n. 宾利（汽车品牌或姓氏）
benton,n. 本顿（姓氏）
benz,n. 奔驰(汽车)
berg,n. 冰山
bergen,n. 卑尔根市（位于挪威西南部）
berger,伯杰(姓氏)
berkeley,n. 伯克利（姓氏）；贝克莱（爱尔兰主教及哲学家）；伯克利（美国港市）
berkshire,n. 巴克夏猪
berlin,"n. 柏林, (软质)柏林毛线"
berman,伯曼（人名）
bermuda,n. 百慕大岛
bern,n. 伯尔尼(瑞士首都)
bernadette,n. 伯纳黛特(f.)
bernard,n. 伯纳德（男子名）
bernardino,n. (Bernardino)人名；(英)伯纳迪诺；(西、意、葡)贝尔纳迪诺
bernardo,伯纳多（人名）
bernie,n. 伯尼（男子名）；[俚]可卡因（等于cocaine）
bernstein,"[德]琥珀, 伯恩斯坦(姓氏)"
berries,浆果类
berry,n. 浆果\nvi. 采集浆果
bert,"n. 伯特（男子名, 等于Burt）"
berth,"n. 船岸之间的水区, 锚地, 卧铺\nvi. 停泊\nvt. 使停泊"
bertha,n. 女式上衣的宽领
bertrand,n. 伯特兰(男子名)
beside,prep. 在旁边
besides,"prep. 除...之外\nadv. 而且, 此外"
besieged,"v. 包围, 围困, 围攻( besiege的过去式和过去分词 )"
bespoke,bespeak的过去式和过去分词
best,a. 最好的\nadv. 最好地\nn. 最好的人
bestowed,"v. 赠给, 授予( bestow的过去式和过去分词 )"
bestseller,n. 畅销书
bestselling,a. 畅销的
bet,"n. 打赌, 赌注\nv. 打赌"
beta,"n. 希腊字母表的第二个字母\n[医] β(希腊文的第二个字母), 乙种"
beth,"n. 贝丝（女子名, 等于Elizabeth）"
bethany,"n. 伯大尼（是约旦河西一个小小的村庄, 在希腊原文中意思为“枣”或“无花果之家”, 喻指困苦之家）；宝芬妮（女子名）"
bethel,"n. 圣地, 教堂, (非英国国教的)礼拜堂"
bethesda,"n. 贝塞斯达（美国马里兰州中部城市）；毕士大（传说中耶路撒冷附近的池子, 据说池水可治百病）"
bethlehem,n. 伯利恒(犹太教、基督教圣地)
betray,"vt. 出卖, 背叛, 辜负, 暴露\n[法] 出卖, 背叛, 泄漏"
betrayal,"n. 背叛, 辜负\n[法] 背叛, 通敌, 背信"
betrayed,v. 对…不忠( betray的过去式和过去分词 ); 背叛; 出卖; 泄露
betraying,v. 对…不忠( betray的现在分词 ); 背叛; 出卖; 泄露
bets,abbr. 北京英语水平考试（Beijing English Testing System）
betsy,"n. 贝琪（女子名, 等于Elizabeth）"
bette,n. 一种地中海帆船；（法）甜菜
better,a. 较好的\nadv. 比较好
betting,"n. 打赌\n[法] 打赌, 赌博"
betty,n. 贝蒂（女子名）
between,prep. 在...之间
beverage,n. 饮料\n[化] 饮料(如牛奶、茶、咖啡、啤酒等)
beverages,n. 饮料( beverage的复数形式 )
beverly,n. 贝弗莉（女子名）
beware,"v. 小心, 谨防"
bewildered,a. 困惑的; 晕眩的; 混乱的; 不知所措的\nv. 使困惑
bey,"n. (奥斯曼帝国,土尔其较小地区的)州长,土耳其对要人的尊称"
beyonce,n. 碧昂丝（美国女歌手）
beyond,"prep. 超过, 在那一边, 迟于\nadv. 在远处\nn. 更远处"
bf,"黑体, 粗体\n[计] 块因子"
bg,[计] 后台
bhai,n. (Bhai)人名；(印)巴伊
bharat,"n. （梵文）巴拉特（或婆罗多, 即印度）；印度巴拉特石油公司"
bhutan,n. 不丹
bi,"[计] 成批输入, 总线接口\n[医] 铋(83号元素)"
bianca,n. 比安卡(f.)
bias,"n. 偏见, 斜纹\na. 偏斜的\nadv. 偏斜\nvt. 使有偏见\n[计] 偏流; 偏压; 偏磁; 偏离"
biased,a. 有偏见的\n[计] 边缘的
biases,n. 偏见( bias的名词复数 ); 偏爱; 特殊能力; 斜纹\nv. 使倾向于( bias的第三人称单数 )
bible,n. 圣经
biblical,a. 圣经的
bibliography,n. 参考书目\n[计] 书目; 文献目录
bicycle,n. 自行车
bicycles,n. 自行车；脚踏车（bicycle的复数）
bid,"n. 出价\nv. 命令, 吩咐, 请求, 表示, 宣布, 投标"
bidder,"n. 出价人, 投标人\n[经] 投标人, 出价人, 投标商"
bidders,"n. 出价者, 投标人( bidder的复数形式 )"
bidding,"n. 命令, 邀请, 出价\n[经] 投标, 招标"
biden, [人名] 拜登
bids,abbr. 商业智能开发工具集（Business Intelligence Development Studio）；本迪克斯综合数据系统（Bendix Integrated Data System）
bieber,比伯（人名）
bien,n. 好事
biennial,"n. 两年生植物, 两年一次的事\na. 两年生的, 两年一次的"
big,"a. 大的, 重要的\nadv. 大量地"
bigfoot,n. 大脚；传说中生存于北美洲西北部太平洋沿岸森林中的野人（等于Sasquatch）
bigger,a. 更大的（big的比较级）
biggest,a. 最大的（big的最高级）
biggie,n. 大亨
bigot,"n. 盲从者, 偏执的人"
bigotry,"n. 盲从, 偏见, 偏执的行为(或态度)"
bihar,n. 比哈尔邦(印度地名)
bike,"n. 自行车, 脚踏车"
biker,n. 骑自行车/摩托车的人
bikers,(biker 的复数) n. 骑自行车/摩托车的人
bikes,n. 自行车( bike的名词复数 )\nv. 自行车( bike的第三人称单数 )
biking,"n. 自行车, 骑单车；踏单车"
bikini,"n. 大爆炸, 比基尼泳装"
bilateral,"a. 有两边的, 双边的, 双方的\n[医] 两侧的"
bile,"n. 胆汁, 坏脾气, 暴躁\n[医] 胆汁"
bilingual,a. 双语的
bill,"n. 帐单, 清单, 钞票, 鸟嘴, 广告, 法案, 票据\nvt. 开帐单, (用招贴)宣布"
billboard,"n. 广告牌, 布告板\nvt. 宣传"
billboards,n. <主美>广告牌( billboard的复数形式 )
billed,vt. 安排（bill的过去式与过去分词形式）
billie,n. 比利（女子名）
billing,"n. 节目次序, 广告\n[经] 开票(发票,帐单)"
billings," 比林斯（美国蒙大纳州南部一城市, 位于赫勒拿东南偏东的黄石河河畔。是贸易和制造业中心, 也是该州最大的城市。人口81, 151）"
billion,"num. 十亿, 十亿个"
billionaire,n. 亿万富翁
billionaires,n. 亿万富翁( billionaire的复数形式 )
billions,n. 十亿（billion的复数形式）
bills,n. 账单；议案（bill的复数）
billy,"n. 警棍, 伙伴"
bin,"n. (贮存谷物等的)容器, 箱子\n[计] 二进制, 商业信息网"
binary,"a. 由两部分组成的, 二进位的, 二元的\n[计] 二进制的; 二态的; 二进制, 二进制文件传输类型设置命令"
bind,"vt. 绑, 约束, 装订, 包扎, 使结合\nvi. 凝固, 有约束力\n[计] 赋值, 绑定"
binder,"n. 捆缚者, 用以绑缚之物, 活页夹\n[化] 粘结剂"
binding,"n. 装订\n[计] 联编; 汇集; 绑定, 捆绑"
binds,v. 约束( bind的第三人称单数 ); 装订; 捆绑; （用长布条）缠绕
bing,n. 堆；材料堆；微软公司的搜索引擎产品
binge,"n. 狂闹, 狂欢"
bingham,宾汉（姓氏）
bingo,"n. 宾戈(一种赌博游戏), 烈酒"
binoculars,"n. 双目镜, 双筒镜\n[机] 双目镜"
bins,n. 箱子；素材屉；工具屉（bin的复数形式）
bio,"n. 个人简历, 小传"
biochemical,a. 生物化学的\n[机] 生物化学的
biochemistry,n. 生物化学\n[化] 生物化学; 生化
biodiversity,n. 生物多样性
biographer,n. 传记作者
biographical,a. 传记的
biographies,"n. 列传, 传记（biographie的复数形式）"
biography,n. 传记
biological,a. 生物学的\n[医] 生物学的
biologically,"adv. 生物学, 生态学"
biologist,n. 生物学家\n[医] 生物学家
biologists,n. 生物学家( biologist的复数形式 )
biology,n. 生物学\n[化] 生物; 生物学
biomass,n. 生物量\n[化] 生物质; 生物量
biomedical,a. 生物医学
biopsy,n. 活组织检查\n[医] 活组织检查
bios,基本输入输出系统\n[计] 基本输入输出系统
biotech,n. 生物技术
biotechnology,n. 生物工艺学；生物技术
bipartisan,a. 两党连立的
bipolar,"a. 有两极的, 双极的\n[计] 双极性"
birch,"n. 桦树, 桦木, 桦条\n[医] 桦"
bird,"n. 鸟, 羽毛球\nvi. 打鸟"
birdie,n. 小鸟
birds,n. 鸟类；禽（bird的复数）
birmingham,n. 伯明翰
birth,"n. 出生, 起源\n[医] 生产, 分娩"
birthday,n. 生日
birthdays,n. 生日( birthday的复数形式 )
birthplace,n. 诞生地
births,n. 出生( birth的名词复数 ); 分娩; 起源; 出身
bis,"国际清算银行\n[计] 商业信息系统; 副本, 次本"
biscuit,n. 饼干\n[化] 素坯; 饼干
biscuits,n. <英>饼干( biscuit的复数形式 ); <美>软烤饼; 松饼（食用时常佐以肉汁）; 淡黄褐色
bisexual,"a. 两性的, 雌雄同体的\n[医] 两性的"
bishop,"n. 主教, (国际象棋中的)象, 热果子酒"
bishops,"n. [宗教]；[天主教、圣公会、东正教]主教\nvt. 任命…为主教(或大祭司、会督等)；[英国方言]烧糊, 煮焦(牛奶等)\nvi. 当主教(或大祭司、会督等)；[国际象棋]走象"
bismarck,"俾斯麦(Otto von, 1815-1898, 德国政治家, 德意志帝国第一任首相)"
bison,n. 野牛
bit,"n. 少量, 马嚼子, 辅币\nvt. 给马上嚼子, 控制\nbite的过去式和过去分词\n[计] 比特, 二进制数位, 机内测试"
bitch,"n. 母狗, 母狼, 母狐"
bitches,n. 母狗( bitch的名词复数 ); 淫妇; 牢骚; 坏女人
bitching,v. 埋怨( bitch的现在分词 ); 发牢骚; 挖苦; （背后）说坏话
bite,"n. 咬, 一口\nv. 咬, 刺痛, 穿透"
bites,n. 咬伤
biting,"a. 刺痛的, 辛辣的\n[医] 咬, 啮"
bits,abbr. 后台智能传输服务（Background Intelligent Transfer Service）；建设集成时序供应（Building Integrated Timing Supply）；二进制数字（Binary digits）
bitten,bite的过去分词
bitter,"a. 苦的, 痛苦的, 怀恨的\nadv. 刺骨\nv. (使)变苦"
bitterly,"adv. 怨恨地, 悲痛地, 残酷地"
bitterness,"n. 苦味, 悲痛, 怨恨"
bittersweet,"a. 又苦又甜的, 苦乐参半的\n[医] 白英, 蜀羊泉"
biz,[计] biz机构
bizarre,a. 奇异的
bj,n. 新闻学士（Bachelor of Journalism）
bjp, [医][=Bence Jones protein]本周（氏）蛋白，凝溶蛋白
bk,[医] 锫(97号元素)
bl,abbr. 法学士（Bachelor of Law）；架桥装置（Bridge-Layer）；提货单（bill of lading）
black,"n. 黑色, 黑颜料\na. 黑色的"
blackberry,"n. 刺, 黑莓\n[医] 黑果莓"
blackburn,n. 布莱克本（英国地名）；布力般流浪（足球球会名称）
blacked,v. 弄脏( black的过去式和过去分词 ); 使变黑; 抵制; 把黑油彩抹在（演员）脸上
blackhawks,"(blackhawk 的第三人称 -s形式) 黑鹰（Blackhawk, 品牌名）"
blackjack,n. 闪锌矿；扑克牌的二十一点；包革金属棍棒
blacklist,n. 黑名单
blackmail,n. 勒索\nvt. 勒索
blackness,"n. 黑, 黑色, 邪恶\n[化] 黑度"
blackout,"n. 灯火管制, 暂时的意识丧失, 灯火熄灭, 删除\n[计] 电网掉电"
blackpool,n. 黑潭（英国城市名）
blacks,n. 黑人（black的复数）
blacksmith,n. 铁匠\n[机] 铁匠
blackstone,"n. 百仕通集团（即黑石集团, 全球最大私募基金公司）；布莱克斯通（英国前文化部长）；黑石镇（美国马萨诸塞州的一个镇）"
blackwell,n. 布莱克威尔（姓氏）
bladder,"n. 膀胱, 囊\n[医] 囊, 膀胱"
blade,"n. 叶片, 刀锋, 刀口, 剑\n[医] 页[片], 叶片, 刀片, 刀刃, 刀口"
blades,n. 刀刃；扁叉；刀片（blade的复数）
blah,n. 废话
blaine,"n. 布莱恩（姓氏）；布莱恩（美国华盛顿州霍特科姆县的一座城市, 位于美加边境）"
blair,n. 布莱尔（男子名）
blake,n. 布莱克（英国作家）
blame,"n. 过失, 责备\nvt. 责备, 归咎于"
blamed,"a. 该死的, 该受诅咒的"
blames,"v. 指责, 责怪, 归咎于( blame的第三人称单数 )"
blaming,vbl. 归咎；责备；谴责
blanc,n. 白
blanchard,n. 布兰卡德（男子名）
blanche,n. 布兰奇（女子名）
bland,"a. 温和的, 乏味的, 冷漠的\n[医] 温和的, 淡的"
blank,"n. 空格, 空白\na. 空白的, 空虚的, 完全的, 无色的\nvi. 消失, 成为空白\nvt. 使无效, 取消, 封锁\n[计] 空白"
blanket,"n. 毛毯, 毯子\nvt. 掩盖, 覆盖\na. 总共的"
blankets,n. 毛毯( blanket的名词复数 ); 毯子; 厚层; 厚的覆盖层
blanks,n. 空闲时间；空白页（blank的复数）
blasphemy,"n. 亵渎神明, 亵渎神明的言词\n[法] 冒秽罪, 侮辱, 亵秽"
blast,"n. 一阵风, 爆炸, 枯萎病\nvt. 炸, 使枯萎\nvi. 炸, 猛攻, 猛烈抨击, 枯萎"
blasted,"a. 枯萎的, 被破坏的, 被咒的"
blasting,[计] 过载失真
blasts,"n. 爆炸( blast的名词复数 ); 一阵（疾风等）; （吹奏乐器、哨子、汽车喇叭等突然发出的）响声; 突如其来的强劲气流\nv. （用炸药）炸毁( blast的第三人称单数 ); 狠打; 发出刺耳的高音; 向…猛吹, （用水）向…喷射"
blatant,"a. 喧嚣的, 吵闹的, 俗丽的, 炫耀的"
blatantly,adv. 喧闹地；公然地；看穿了地
blaze,"n. 火焰, 烈火, 光辉\nvi. 燃烧, 发光\nvt. 使燃烧, 宣布, 在树皮上刻痕"
blazer,"n. 燃烧体, 颜色鲜明的上装, 宣布者"
blazers,n. 宽松运动外衣( blazer的复数形式 )
blazing,"a. 炽燃的, 强烈的"
bleach,"vt. 漂白\nvi. 变白\nn. 漂白, 漂白剂"
bleak,"a. 萧瑟的, 荒凉的, 阴冷的"
bled,"bleed的过去式和过去分词\n[机] 削弱的, 减轻的, 减薄的"
bleed,"vi. 流血, 悲痛, 渗出\nvt. 使出血, 榨取"
bleeding,"n. 出血, 流血\n[化] 渗色"
blend,vt. 混合\nn. 混合
blended,blend的过去式和过去分词\n[计] 混合的
blender,"n. 混合者, 混合器, 搅拌器\n[化] 掺合机; 捏和机; 混合机; 搅拌机; 搅切器; 捣碎器"
blending,"n. 混合, 混合物, 混成\n[化] 掺合; 倒圆"
blends,v. （使）混合( blend的第三人称单数 ); （使）混杂; （使）调和; 协调
bless,"vt. 祝福, 祈佑, 使神圣化"
blessed,"a. 神圣的, 受祝福的\nbless的过去式和过去分词"
blessing,n. 祝福
blessings,n. （上帝的）祝福( blessing的复数形式 ); 好事; 福分; 因祸得福
blew,blow的过去式和过去分词
blight,"n. 枯萎病\nvt. 使染上枯萎病, 破坏\nvi. 枯萎"
blind,"n. 蒙蔽物, 窗帘\na. 盲目的, 瞎的, 不加思考的\nvt. 使失明, 蒙蔽, 遮暗\nadv. 盲目地"
blinded, blind（使变瞎；使失明）的过去式及过去分词 
blinding,"a. 使人眩目的, 使人失去判断力的\nn. 碎石子"
blindly,"adv. 轻率地, 盲目地"
blindness,"n. 盲目, 失明, 愚昧\n[医] 盲, 视觉缺失"
blinds,n. 百叶窗；盲人（常用复数）
bling,n. 锦衣珠宝
blink,"vi. 眨眼, 闪亮\nvt. 眨眼, 使闪亮\nn. 眨眼, 瞬间, 闪光, 闪烁\n[计] 闪烁"
blinking,"a. 可恶的, 该死的\n[计] 闪烁"
bliss,"n. 福佑, 天赐的福\n[计] 实现系统软件的基本语言"
blitz,n. 闪电战\nvt. 以闪电战攻击
blizzard,"n. 大风雪, 暴风雪"
blm,[化] 双层脂膜; 黑脂膜
bloated,"a. 发胀的, 浮肿的, 傲慢的"
bloc,n. 集团
block,"n. 街区, 木块, 石块, 块\nvt. 阻塞, 封锁, 使成块状\n[计] 块, 数据块"
blockade,n. 阻塞\nvt. 封锁
blockbuster,n. 巨型炸弹
blocked,a. 堵塞的；被封锁的
blocker,"[医] 阻滞物, 阻滞剂, 阻滞抗体"
blockers,n. 阻断剂; 护航者; 雏形锻模(blocker的复数形式)
blocking,[计] 组成块; 粘连\n[化] 封闭
blocks,n. 积木；黑金石；街区；[音]双头木鱼；楼群（block的复数）
blog,n. 博客；部落格；网络日志
blogger,n. 写博客的人；博客使用者
bloggers,博客
blogging,n. 写网志；博客
blogs,"n. 博客, 网志（网站上记有活动、意见等的个人记录）( blog的名词复数 )"
bloke,"n. 小子, 家伙"
blond,a. 金发的\nn. 白肤碧眼金发的人
blonde,"a. (头发)亚麻色的, 淡色的, 白肤金发碧眼的, 白里透红的, 白皙的, 淡黄色的\nn. 肤色白皙的金发女人"
blood,"n. 血, 血统, 流血, 气质, 生命\nvt. 使出血, 用血涂"
blooded,"a. 纯种的, 血统优良的"
bloodshed,n. 流血
bloodstream,n. 血流
bloody,"a. 血腥的, 嗜杀的, 有血的"
bloom,"n. 花, 开花, 青春, 钢块\nvi. 开花, 焕发青春, 茂盛\nvt. 使茂盛, 把...轧成钢坯"
bloomberg, [人名] 布隆伯格
blooming,a. 盛开的\n[化] 喷霜
bloomington,n. 布卢明顿（美国城市名）
blooms,n. （常指供观赏的）花( bloom的名词复数 ); 最佳时期; 茂盛时期; 健康有精神的面貌
blossom,"n. 花, 花开的状态, 兴旺期\nvi. 开花, 兴旺, 发展"
blossoms,"n. （尤指果树的）花( blossom的名词复数 ); 花丛, 花簇\nv. （植物）开花( blossom的第三人称单数 ); 发展; 长成; 变得更加健康（或自信、成功）"
blouse,n. 宽松的上衣
blow,"n. 吹, 打击, 殴打, 花开\nv. 吹, 风吹, 吹响, 开花"
blower,"n. 吹制工, 鼓风机, 吹风机\n[化] (鼓;吹;扇;排)风机"
blowing,[机] 吹制
blowjob,n. 口交
blown,"a. 吹制的, 喘气的, 开着花的\nblow的过去分词"
blowout,"n. 爆裂, 喷出\n[经] 井喷"
blows,n. 吹；管乐器声；疾风（blow的复数）
blu,[计] 基本连接单元
blue,"n. 蓝色\na. 蓝色的, 下流的, 忧郁的\nvt. 染成蓝色\nvi. 变蓝"
blueberry,n. 乌饭树
bluegrass,"n. 六月禾, 早熟禾熟植物"
blueprint,"n. 蓝图, 设计图, (周详的)计划\nvt. 制成蓝图, 计划"
blueprints,n. 蓝图；模板（blueprint的复数）
blues,"n. 勃鲁斯乐曲, (非正式)伤感的, 伤心的\n[医] 忧闷, 沮丧"
bluetooth,n. 蓝牙技术（一种无线通信的标准）
bluff,"n. 断崖, 绝壁, 吓唬\na. 直率的\nv. 吓唬, 欺骗"
blunder,"n. 大错, 大失策\nvi. 失策, 跌跌撞撞地走, 犯错\nvt. 做错"
blunt,"a. 钝的, 坦率的, 麻痹的"
blur,"vt. 使模糊, 弄脏\nvi. 弄脏, 模糊"
blurred,a. 模糊不清的；被弄污的
blurry,"a. 模糊的, 不清楚的, 污脏的"
blush,"vi. 脸红, 羞愧\nvt. 弄成红色\nn. 脸红"
blvd,n. 大马路；林荫道
bm,"医学士, 不列颠博物馆\n[计] 主机, 基准, 标准检查程序, 商用机器"
bmi,abbr. 身体质量指数（Body Mass Index）；广播音乐联合会（Broadcast Music Incorporated）
bmw,abbr. 德国宝马汽车公司（Bavarian Motor Works）
bn,abbr. 护理学士（Bachelor of Nursing）；平衡网络（Balancing Network）
bo,"n. 体臭, 汗臭, 狐臭, 暂时无法满足的订货, 戏院票房, 戏院售票处, 分支机构"
boa,"n. 蟒蛇, 女用围巾, 羽毛围巾"
boar,"n. 公猪, 野猪"
board,"n. 木板, 甲板, 膳食, 会议桌\nvt. 乘船, 供膳食, 用板覆盖\nvi. 搭伙\n[计] 板"
boarded,vbl. 搭乘
boarding,n. 木板\n[机] 起纹
boards,"n. 木板, 板子；纸板（board复数形式）"
boardwalk,"n. 木板路, 木板铺成的散步道"
boast,"n. 吹牛\nvi. 吹牛, 自夸\nvt. 夸口说, 自恃有"
boasted,v. 有（引以为荣的事物）( boast的过去式和过去分词 ); 扬言
boasting,"v. 吹嘘, 夸耀（boast的ing形式）"
boasts,v. 有（引以为荣的事物）( boast的第三人称单数 ); 扬言
boat,n. 船\nvi. 乘船\nvt. 以船运
boating,n. 划船
boats,n. 船艇；船（boat的复数）
bob,"vt. 剪短, 敲击\nvi. 振动, 上下跳动\nn. 短发, 悬挂的饰品, 浮子, 摆动, 轻敲, 5便士"
bobby,n. 警察
boca,abbr. 国际职业建筑人员与法规管理人员联合会
bodied,a. 有形的；有躯体的
bodies,n. （文章、文件等的）正文；（人或动物的）身体；主体部分（body的复数）
bodily,a. 身体的\nadv. 亲自
body,"n. 身体, 人, 尸体, 主要部分, 团体\nvt. 赋以形体\n[计] 体"
bodybuilding,n. 健美
bodyguard,"n. 保镖, 护卫"
bodyguards,"n. 保镖, 卫士, 警卫员( bodyguard的复数形式 )"
boeing,n. 波音（客机）
bog,n. 沼泽\nvt. 使陷于泥沼\nvi. 陷于泥沼
bogus,"a. 假的, 伪造的\n[经] 伪的, 伪造的"
bohemian,"n. 波希米亚人, 波希米亚语, 放浪者\na. 波希米亚人的, 放浪的, 波希米亚语的"
boi,[计] 转移输出中断
boil,"n. 煮沸, 沸腾, 疖\nv. 煮沸, 激动"
boiled,"a. 煮沸的, (非正式)喝醉的, 烧滚的"
boiler,"n. 煮器, 汽锅, 锅炉\n[化] 锅炉"
boilers,"n. 锅炉, 烧水器, 水壶( boiler的复数形式 )"
boiling,"a. 沸腾的, 激昂的\nadv. 沸腾"
boils,"v. （使）沸腾, 开( boil的第三人称单数 ); 用开水煮, 在沸水中煮; 怒火中烧, 异常气愤"
bois,"n. 木香, 本香"
boise,n. 博伊西（美国爱达荷州首府）
boko,n. <英俚>鼻子
bold,a. 大胆的\nn. 粗体\n[计] 粗体
boldly,"adv. 大胆地, 显眼地"
bolivia,n. 玻利维亚
bollocks,胡说
bollywood,n. 宝莱坞（位于印度孟买的电影制作中心）
bologna,n. 一种大腊肠
bolster,"n. 支持, 长枕\nvt. 支持, 支撑"
bolt,"n. 门闩, 螺钉, 筛子, 闪电, 意外事件\nvt. 闩住, 发射, 脱口而出, 筛, 囫囵吞下\nvi. 囫囵吞枣, 射箭, 脱缰, 退出党派\nadv. 突然"
bolted,"a. 用螺栓栓的；脱离的, 分开的"
bolton,a. 可用螺栓固定的
bolts,n. 螺栓；膨胀锚钉；角钢螺丝；螺钉（bolt的复数）；毛边书
bom,abbr. 物料清单（Bill of Materiel）
bomb,"n. 炸弹\nvt. 轰炸, 投弹于\nvi. 失败"
bombarded,v. 炮击( bombard的过去式和过去分词 ); 轰炸; 连珠炮般地提问; <核>以高能量粒子或放射能冲击
bombardment,n. 炮击\n[化] 轰击
bombay,n. 孟买
bombed,a. 遭到轰炸的；[美俚]醉的；被毒品麻醉了的
bomber,"n. 轰炸机, 投弹手"
bombers,n. 轰炸机( bomber的复数形式 ); 投弹手; 安非他明胶囊; 大麻叶香烟
bombing,"n. 轰炸, 投弹"
bombings,"n. [军] 轰炸, [军] 投弹\nv. 轰击；引爆炸弹（bomb的ing形式）"
bombs,n. 炸弹（bomb的复数）
bombshell,"n. 炸弹, 突发而惊人的事物"
bon,a. （法）好的
bona,"[法] 善良, 真诚"
bond,"n. 捆绑物, 结合, 债券, 契约, 粘合剂, 保证人, 键, 关栈保留\nvt. 存入关栈, 使黏合\nvi. 结合"
bondage,"n. 奴役, 束缚\n[法] 束缚, 监禁, 奴隶"
bonded,"a. 以债券作保证的, 有担保的, 存入保税仓库的\n[机] 化合的, 结合的"
bonding,"n. 结合, 屏蔽接地, 搭接\n[计] 压焊"
bonds,"n. 镣铐, 监禁"
bone,"n. 骨头, 骨, 骨制品\nvt. 剔骨\nvi. 专心致志"
boner,n. 可笑的错误
bones,"n. 骨骼, 尸体"
bonfire,"n. 大篝火, 营火"
bong,"n. 锣, 大钟等的当当声"
bonkers,a. 发疯
bonn,n. 波恩
bonnet,n. 软帽\n[化] 阀盖; 阀帽
bonnie,a. 漂亮的
bono,n. 宝鸟服饰；报喜鸟（品牌名）
bonus,"n. 奖金, 红利\n[经] 奖金, 红利, 额外补贴"
bonuses,n. 奖金（bonus的复数形式）
bony,"a. 如骨的, 多骨的, 瘦骨嶙峋的"
boo,"v. 嘘(某人), 喝倒彩\ninterj. 嘘"
boob,"n. 笨蛋, 蠢材"
boobs,n. 乳房
booed,v. 发出嘘声( boo的过去式和过去分词 )
boogie,"(随着摇摆舞音乐节奏)摆动身体, [蔑]黑人"
booing,v. 发出嘘声( boo的现在分词 ); 倒好儿; 倒彩
book,"n. 书, 书籍, 帐簿, 名册, 工作簿\nv. 登记, 预订\n[计] 工作簿"
booked,"a. 记载入册的, 登记了的"
booker,"n. （旅馆车票, 戏票等的）登记人；寻选模特儿的人"
booking,n. 预约演出合同\n[机] 书型模法
bookings,[经] 未交定货
booklet,n. 小册子
books,n. 书评；书籍（book的复数）
bookshop,n. 书店
bookstore,n. 书店
boom,"n. 繁荣, 隆隆声\nvi. 急速发展, 发隆隆声\nvt. 使兴旺, 发隆隆声"
boomer,n. 往来无定的临时工
boomers,abbr. baby boomer generation 从小就赶往新兴地区安家的一代人
booming,"a. 急速发展的\n[经] 暴涨的, 大受欢迎的"
boon,n. 恩惠
boone,n. 布恩（人名）
boost,"n. 推进, 吹捧\nvt. 推进, 提高, 宣扬, 促进"
boosted,a. 升高的；升压的；加力的
booster,"n. 向前推的人, 支持者, 后援者, 升压器\n[化] 爆管; 扩爆药; 传爆药; 升压机; 增压装置; 升压器; 助促进剂"
boosting,"n. 助推, 局部通风；升压加力"
boosts,n. 宣扬( boost的名词复数 ); 帮助\nv. 促进( boost的第三人称单数 ); 增加; 吹捧; 向上推起
boot,"n. 长靴, 踢, 解雇, 效用\nvt. 使穿靴, 踢, 解雇, 有用\n[计] 引导, 自举"
booted,a. 穿靴的
booth,"n. 亭, 摊棚\n[经] 货摊, 电话间"
booths,"n. 售货棚, 摊位( booth的复数形式 ); 小房间"
boots,n. （英）擦靴的仆役；靴子（boot的复数）
booty,"n. 战利品, 获得之物\n[法] 赃物, 掳获物, 战利品"
booze,"vi. 豪饮\nn. 酒, 酒宴"
bop,n. 一击
bora,n. 布拉风(亚德里亚海及其沿岸的一种干冷东北风)
bordeaux,"n. 波尔多葡萄酒\n[机] 枣红, 酸性枣红"
border,"n. 边缘, 边境, 边界, 花坛\nvt. 在...上镶边, 接近\nvi. 接界, 近似\n[计] 边框"
bordered,a. 有边的
bordering,n. 边界标志物
borderline,"n. 边界, 界线\na. 边界的"
borders,n. 边界；边缘地区（border的复数）
bore,"n. 令人讨厌的人, 激浪, 枪膛, 孔\nvt. 使烦扰, 钻孔\nvi. 钻孔\nbear的过去式\n[计] 内径; 孔径"
bored,a. 无聊的；烦人的；无趣的
boredom,"n. 厌烦, 厌倦, 令人厌烦的事物"
borg,n. 柏格（男子名）
boring,"a. 烦人的, 无聊的, 无趣的\n[机] 成孔期, 搪孔"
boris,n. 鲍里斯（男子名）
born,a. 天生的\nbear的过去分词
borne,v. 忍受；负荷；结果实；生子女（bear的过去分词）
borneo,n. 婆罗洲
borough,"n. 自治的市镇, 区"
boroughs,n. （尤指大伦敦的）行政区( borough的复数形式 ); 议会中有代表的市镇
borrow,"vt. 借, 借入, 借用\nvi. 借\n[计] 借位; 借位数"
borrowed,"a. 借来的, 伪造的, 虚构的"
borrower,"n. 借用人, 剽窃者\n[经] 借款人, 借用人"
borrowers,"n. 借用人, 剽窃者( borrower的复数形式 )"
borrowing,"[经] 借款, 贷款"
bosch,n. 博世（德国公司名）
bose,vt. [考古]用撞杆叩以听声
bosnia,n. 波斯尼亚；波士尼亚
bosnian,n. 波斯尼亚人\na. 波斯尼亚的
boss,"n. 老板, 上司, 岩瘤, 浮雕, 母牛\nvt. 指挥, 控制, 浮雕"
bosses,n. 老板( boss的名词复数 ); 经理; 上司; 工头
boston,n. 波士顿
bot,"[计] 磁带开始标志, 计算机角色\n[医] 肤蝇[类]幼虫"
botanical,a. 植物学的\nn. 植物性药材
botany,n. 植物学\n[医] 植物学
botched,"v. 修补( botch的过去式和过去分词 ); 搞坏, 搞砸, 笨拙地做"
both,a. 两者的\nadv. 两者都\npron. 两者
bother,"vt. 烦扰, 迷惑\nvi. 烦恼, 操心\nn. 麻烦, 纠纷, 讨厌的人"
bothered,a. 烦（恼）的；感到讨厌的
bothering,v. 打扰( bother的现在分词 ); 烦扰; 迷惑; （使）不安
bothers,n. 麻烦( bother的名词复数 ); 不便; 令人烦恼的人或事物; 引起麻烦的人或事物\nv. 打扰( bother的第三人称单数 ); 烦扰; 迷惑; （使）不安
botox,n. 肉毒杆菌；肉毒杆菌毒素；肉毒杆菌毒素制剂；波托克斯
bots,[医] 肤蝇[类]蛆病
botswana,n. 博茨瓦纳（非洲中南部国家）
bottle,"n. 瓶子, 酒瓶\nvt. 装瓶, 抑制, 围困"
bottled,a. 瓶装的
bottles,n. 瓶子( bottle的名词复数 ); （婴儿）奶瓶; 一瓶（的量）; 酒
bottling,n. 装瓶\n[化] 装瓶
bottom,"n. 底部\na. 底部的\nvt. 给...装底, 查明真相\nvi. 到达底部, 建立基础"
bottoms,n. 底部沉积物；残留物；蒸馏残渣；下装；臀部（bottom的复数形式）
bought,a. 买来的\nbuy的过去式和过去分词
boulder,"n. 大圆石\n[机] 圆石, 漂石"
boulders,n. 卵石( boulder的复数形式 ); 巨砾; （受水或天气侵蚀而成的）巨石; 漂砾
boulevard,n. 林荫大道
bounce,"n. 跳, 跳跃, 弹力, 撞击\nvi. 反跳, 弹跳\nvt. 使跳回, 撞击\n[计] 打回"
bounced,n. 空头支票
bouncer,"n. 巨大的东西, 巨人, 跳跃的人, 同类中最大者"
bounces,v. 弹回( bounce的第三人称单数 ); （电子邮件）被退回; 拒付; （朝某个方向）颠簸行进
bouncing,"a. 跳跃的, 巨大的, 活泼的\n[经] 由于资金不足而拒付支票"
bouncy,"a. 快活的, 精神饱满的, 有弹性的, 自大的"
bound,"n. 跃, 回跳, 范围, 边界\na. 受约束的, 装有封面的, 有义务的, 关联的, 被束缚的, 准备去...的, 便秘的\nvi. 跳跃, 弹起\nvt. 使跳, 限制, 形成...的疆界\nbind过去式和过去分词\n[计] 装订的"
boundaries,n. 分界线( boundary的名词复数 ); 范围; 使球越过边界线的击球（得加分）; 疆界
boundary,"n. 边界, 分界线\n[计] 边界"
bounded,a. 有界限的
bounds,"n. 边界, 范围, 限度, 界限"
bounty,"n. 慷慨, 宽大, 礼物\n[经] 奖励金, 补贴"
bouquet,"n. 花束\n[医] 丛, 酒香, 末梢分极"
bourbon,[机] 波旁
bourgeois,"n. 中产阶级分子, 商人, 资产阶级\na. 中产阶级的, 平庸的\nn. 九点活字"
bourne,n. 小溪；目的地；边界
bournemouth,n. 伯恩茅斯（英国地名）
bout,"n. 一回, 回合, 较量\n[医] 发作"
boutique,n. 专卖流行衣服的小商店
bouts,n. 拳击（或摔跤）比赛( bout的复数形式 ); 一段（工作）; （尤指坏事的）一通; （疾病的）发作
bow,"n. 弓, 眼睛框\nv. 用弓拉琴, 弯成弓形\nn. 鞠躬, 屈服"
bowed,"a. 弯如弓的, 低垂的"
bowel,"n. 肠, 内脏, 内部\nvt. 挖...的内脏"
bowen,n. 博文（店名）；鲍恩（昆士兰海边小镇）
bowers,n. 英国宝禾（一家生产测试测量仪器和材料性能检测设备的跨国集团公司）；鲍尔斯（姓氏）
bowie,n. 鲍伊猎刀
bowing,n. 运弓法
bowl,"n. 碗, 木球, 大酒杯\nv. 滚木球, 快而稳地行驶"
bowled,vi. 参加保龄球赛（bowl的过去式与过去分词形式）
bowler,"n. 玩滚球的人, 玩球戏的人, 投球手"
bowlers,n. （板球）投球手( bowler的复数形式 ); 圆顶高帽
bowling,n. 保龄球戏
bowls,n. 滚木球戏
bowman,"n. 弓射手, 持弓的兵, 船首的划手"
bows,n. 饰片；弓形物（bow的复数形式）
box,"n. 盒子, 箱, 方框, 一巴掌\nvt. 装...入盒中, 装箱, 打耳光\nvi. 拳击\n[计] 方框"
boxed,a. 醉酒的
boxer,n. 拳师
boxers,n. 拳击短裤；四角裤
boxes,"n. 小木箱, 盒子"
boxing,n. 拳击\n[医] 围模(牙科)
boy,"n. 男孩\n[法] 男孩, 少年, 儿子"
boycott,n. 联合抵制\nvt. 联合抵制
boyd,n. 博伊德（姓氏）
boyfriend,n. 男朋友
boyfriends,"n. 男朋友( boyfriend的复数形式 ); （女子的）情人, 情夫"
boyhood,n. 少年时代
boyle,n. 波义耳（17世纪英国物理学家、化学家）
boys,n. 男孩子们；小伙子们（boy的复数）
bp,[化] 碱基对
bpd,abbr. barrels per day 桶/日（指产油量）; boxes per day 每日箱数; broncho-pulmonary dysplasia 支气管肺发育异常
br,[计] 总线请求\n[化] 生物试剂
bra,n. 奶罩\n[化] 左矢; 刁
brace,"n. 支柱, 曲柄, 支撑, 一对\nvt. 紧缚, 支撑, 激励\nvi. 打起精神\n[计] 花括号"
bracelet,"n. 手镯\n[医] 手镯, 腕带, 腕纹(掌侧横列腕部的线纹)"
bracelets,"n. 手镯, 臂镯( bracelet的复数形式 )"
braces,n. 背带
bracing,"a. 新鲜的, 凉爽的, 爽快的, 振奋精神的\nn. 联条, 支撑物, 支柱, 背带"
bracket,"n. 支架, 括弧, 托架\nvt. 装托架, 括入括弧\n[计] 方括号; 括号"
brackets,n. 支架；方括号；舱口围板支架（bracket的复数）
brad,"n. 角钉, 曲头钉"
bradford,n. 布拉德福德（英格兰北部城市）
bradley,n. 布兰得利（男子名）
bradshaw,n. (尤指全英的)火车时刻表
brady,[经] 布莱迪
brag,n. 吹牛\nv. 吹牛
bragg,[计] 布拉格
bragging,n. 吹牛
braid,"n. 辫子, 穗带\nvt. 编成辫, 镶边"
brain,n. 脑\nvt. 打碎脑部
brainer,费脑筋的事情
brains,"n. 智力, 脑髓\n[法] 智能, 智囊"
brainwashed,"v. <贬>对…进行洗脑, 把某种思想强加于, 通过宣传灌输说服( brainwash的过去式和过去分词 )"
brake,"n. 刹车, 阻碍, 丛林\nv. 刹车"
brakes,n. 刹车系统；制动；刹车（brake的复数）
braking,v. 制动系统；刹车；制动（brake的现在分词）
bran,"n. 糠, 麸\n[医] 麸, 糠"
branch,"n. 树枝, 支店, 支流, 分部\nvi. 分支, 出枝\nvt. 分割, 用枝状叶脉刺绣花纹装饰\n[计] 分支, 目录分支"
branched,a. 分枝的；枝状的；有枝的
branches,n. 分支机构；分支（branch的复数）
branching,"n. 分歧\na. 发枝的, 分歧的"
brand,"n. 商标, 牌子, 烙印\nvt. 打烙印于"
branded,a. 名牌商标的；打有烙印的；[英方]有斑纹的（等于brindled）
branding,"[法] 刺字刑, 烙印"
brandon,n. 布兰登（男子名）
brands,n. 品牌；烙印（brand的复数）
brandt,勃兰特
brandy,n. 白兰地酒\n[化] 白兰地
branson,n. 布兰森（美国密苏里州的一个城镇）
bras,abbr. 宽带接入服务器（Broadband Remote Access Server）
brasil,<葡><西>=Brazil
brass,"n. 黄铜, 黄铜制品\na. 黄铜的, 铜管乐器的\nv. 镀以黄铜, 支付"
brat,"n. 乳臭未干的小孩, 小孩\n[机] 不煤, 原煤"
braun,[机] 宥老恩
brave,"a. 勇敢的, 美好的, 华丽的\nn. 勇敢者\nvt. 勇敢地面对"
bravely,adv. 勇敢地
bravery,n. 勇敢
braves,"n. 勇敢的人( brave的名词复数 ); 美洲印第安武士\nv. 勇敢面对, 不怕, 不顾( brave的第三人称单数 )"
bravo,"n. 亡命徒, 喝彩\ninterj. 好啊\nvt. 喝彩"
brawl,"n. 争吵\nvi. 争吵, 哗哗地流水"
bray,"n. 驴叫声, 喇叭声\nv. 叫, 嘶叫"
brazen,"a. 黄铜制的, 厚颜无耻的\nvt. 厚脸皮地对待"
brazil,n. 巴西
brazilian,"n. 巴西人\na. 巴西的, 巴西人的"
breach,"n. 裂口, 违背, 破坏, 违反, 突破, 破裂\nvt. 攻破, 突破\nvi. 跳出水面"
breached,"v. 攻破( breach的现在分词 ); 破坏, 违反"
breaches,"n. 破坏( breach的名词复数 ); 破裂; 缺口; 违背\nv. 攻破( breach的第三人称单数 ); 破坏, 违反"
bread,"n. 面包, 生计, 食物\nvt. 裹以面包屑"
breadth,"n. 宽度\n[法] 违背, 违犯, 未遵守"
break,"n. 休息, 中断, 破裂处, 绝交, 破晓, 突变\nvt. 打破, 弄破, 弄坏, 破坏, 违反, 打断, 削弱, 放弃\nvi. 破碎, 决裂, 破晓, 突变, 变弱, 暂停\nn. 分隔符\n[计] 分隔符; 中断; DOS内部命令:设定扫描中断按键的时机"
breakaway,"n. 脱离, (美)(非正式)一碰就散开/脱落的, 分裂"
breakdown,"n. 崩溃, 故障\n[化] 事故; 击穿"
breakdowns,n. 分解( breakdown的复数形式 ); 衰竭; （车辆或机器的）损坏; 统计分析
breaker,n. 断路器\n[化] 破碎机
breakers,n. 爆烈人（一款街机游戏的名称）；碎浪区；碎浪
breakfast,n. 早餐
breaking,"[计] 断开, 停止, 设断点\n[化] 打开; 分割; 打碎; 轧碎; 破碎"
breakout,"n. 爆发, 越狱, 突围\n[计] 中断, 断裂"
breaks,n. 地形突变；岩层中之小断层（break的复数）
breakthrough,"n. 突破\n[经] 突破, 新发现, 新进展"
breakup,"n. 分裂, 崩溃, 解散, 解体\n[电] 停止"
breast,"n. 胸部, 乳房, 胸怀\nvt. 以胸对着, 面对"
breastfeeding,"v. 用母乳喂养, 哺乳( breastfeed的现在分词 )"
breasts,n. 胸脯；乳房（breast的复数）
breath,"n. 呼吸, 气息, 瞬间\n[医] 呼气, 呵气, 口气, 呼吸"
breathe,"vi. 呼吸, 生存, 低语\nvt. 呼吸, 使喘息, 发散, 低声说"
breathed,"a. 清音的, 有气的"
breathes,v. 呼吸( breathe的第三人称单数 ); 轻声说话; 低语; 低声说
breathing,"n. 呼吸, 瞬间, 微风\na. 呼吸的, 逼真的"
breathless,"a. 喘不过气来的, 屏气的, 气喘吁吁的, 无风的, 死的"
breaths,n. （一次）呼吸( breath的复数形式 ); 气息; 呼吸的空气; 微量
breathtaking,"a. 惊人的, 惊险的"
bred,breed的过去式和过去分词
bree,n. 清汤
breed,"n. 种类, 品种\nv. 养育, 引起, 饲养, 繁殖"
breeder,"n. 饲养员, 养育员, 起因, 起源者"
breeders,"n. （动物）饲者, 种畜( breeder的复数形式 )"
breeding,"n. 教养, 生育, 饲养\n[医] 生育, 繁殖, 育种, 饲养"
breeds,n. 品种；族类（breed的复数形式）
breeze,"n. 微风, 煤屑, 轻而易举的事\nvi. 吹微风, 逃走"
breezy,"a. 有微风的, 通风好的, 活泼的"
brenda,n. 布伦达（女子名）
brendan,n. 布兰登（男子名）
brennan,n. 布伦南（姓氏）
brent,[经] 布兰特油田
bret,n. (Bret)人名；(法)布雷；(英、捷)布雷特
brethren,"n. 弟兄们, 教友们"
brett,n. 布雷特（男子名）
brew,"n. 酿造酒, 酝酿\nv. 酿造, 酝酿"
brewed,v. 调制( brew的过去式和过去分词 ); 酝酿; 沏（茶）; 煮（咖啡）
brewer,"n. (啤酒)制造者, 泡制饮料的器皿\n[机] 啤酒工人"
breweries,"n. 酿造厂, 啤酒厂( brewery的复数形式 )"
brewers,n. 啤酒制造者( brewer的复数形式 )
brewery,"n. 啤酒厂, 酿酒厂\n[经] 酿造所"
brewing,"n. 酿造, 一次酿造的量\n[机] 酿造, 酿酒"
brewster,n. (啤)酒酿造者
brexit,[网络] 英国退出欧盟
brian,n. 布莱恩（男子名）
bribe,"n. 贿赂\nvt. 贿赂, 收买\nvi. 行贿"
bribery,"n. 贿赂行为, 行贿, 受贿\n[经] 行贿, 受贿"
bribes,赃物
brick,"n. 砖块, 积木\na. 用砖做的\nvt. 用砖造, 用砖砌"
bricks,n. 砖( brick的复数形式 ); 砖块; 积木; 可靠的朋友
bridal,"a. 新娘的, 婚礼的"
bride,n. 新娘
brides,n. 新娘（杂志名）
bridesmaids,"n. 女傧相, 伴娘( bridesmaid的复数形式 )"
bridge,"n. 桥, 舰桥, 桥梁, 桥牌\nvt. 架桥于, 跨越\n[计] 桥, 网桥, 桥接器"
bridgeport,n. 布里奇波特（地名）
bridges,n. 桥梁；纽带（bridge的复数）
bridget,"n. 布丽奇特（女子名）；圣布里奇特（瑞典修女, 布里奇特勋章的创立者）"
bridgewater,n. 布里奇沃特（美国城市）
bridging,n. 造桥\n[电] 桥接
brief,"n. 摘要, 简报\na. 简短的, 短暂的\nvt. 对...作简报, 摘要, 节录"
briefcase,n. 公事包
briefed,v. 向…介绍基本情况( brief的过去式和过去分词 ); （尤指事前）向…介绍基本情况; 向…下达简令; 在…事先向…做简要指点
briefing,"n. 简报\n[法] 简报, 情况的简要介绍"
briefings,n. 简令( briefing的复数形式 ); 简要指示; 详细指示; 作战指示
briefly,"adv. 简短地, 扼要地, 简明地, 简单地"
briefs,n. 三角裤
brig,"n. 禁闭室, 警卫室, 监狱"
brigade,"n. 旅, 队\n[法] 团体, 队, 组"
brigades,n. 旅( brigade的名词复数 )
brigadier,"n. 陆军准将, 准将"
briggs,布里格斯(人名)
brigham,n. 布里格姆（男子名）
bright,"a. 明亮的, 聪明的, 鲜明的, 欢快的\nadv. 明亮地, 欢快地"
brighten,"vi. 变亮, 活跃\nvt. 使生辉, 使快活"
brighter,a. 聪明的( bright的比较级 ); 光亮的; 辉煌的; 前途光明的
brightest,a. 聪明的( bright的最高级 ); 光亮的; 辉煌的; 前途光明的
brightly,"adv. 生辉地, 明亮地, 鲜明地"
brightness,"n. 光亮, 明亮, 聪明\n[计] 亮度"
brighton,n. 布赖顿（英国南部城市）
brilliance,"n. 卓越, 光辉\n[电] 辉度"
brilliant,"a. 光辉的, 灿烂的, 有才气的\n[机] 亮的"
brilliantly,"adv. 辉煌地, 光亮地, 灿烂地"
bring,"vt. 带来, 产生, 促使, 提出\nvi. 生产"
bringing,v. 带来( bring的现在分词 ); 促使; 提供; 使朝（某方向或按某方式）移动
brings,v. 带来；使发生（bring的三单形式）
brink,"n. 边缘, 陡岸"
brisbane,n. 布里斯班（澳大利亚东部城市）
brisk,"a. 强烈的, 寒冷而干燥的, 活泼的\nvt. 使活泼\nvi. 活跃起来"
bristol,n. 布里斯托尔(英国西部港口)
brit,"n. 小海生动物, 小鲱鱼"
britain,n. 英国
britannia,"n. 大不列颠, 大不列颠之古拉丁文名"
british,"a. 英国的\nn. 英国人, 英国英语"
britney,n. 布兰妮（女歌手）
britons,n. 英国人( Briton的复数形式 )
brits,n. 布里茨（男子名）；英国人（Brit的复数）
britt,n. 小鲱鱼
brittany,n. 布列塔尼（法国西北部一地区）
brittle,"a. 易碎的, 脆弱的, 易坏的\n[机] 脆的, 脆性的, 易碎的"
bro,abbr. 兄弟（brother）
broad,"a. 宽广的, 辽阔的, 广大的, 显著的\nadv. 宽阔地\nn. 宽阔部分"
broadband,[计] 宽带
broadcast,"n. 广播, 传播\na. 广播的\nv. 广播\nadv. 经广播, 四散地\n[计] 广播命令, 广播"
broadcaster,"n. 播送者, 广播装置, 播种机"
broadcasters,n. 播送设备( broadcaster的复数形式 ); 广播员; 撒播物; 广播公司
broadcasting,n. 广播\n[电] 广播
broadcasts,"n. 广播, 播音( broadcast的名词复数 ); 广播节目\nv. 广播, 播放( broadcast的第三人称单数 ); 传播, 乱传（消息等）"
broaden,"vi. 变宽, 扩大\nvt. 放宽, 使扩大"
broader,a. 广大的；一片的比较级
broadly,"adv. 宽广地, 明白地, 无礼貌地"
broadway,n. 百老汇大街
broccoli,n. 花椰菜
brochure,"n. 小册子, 小册"
brock,"n. [动]獾；[英俚]坏蛋, 臭家伙"
brodie,"失败, 倒下"
brody,n. 布洛迪（姓氏）
broke,a. 一文不名的\nbreak的过去式
broken,"a. 坏掉的, 打破的, 断掉的\nbreak的过去分词"
broker,"n. 掮客, 经纪人\n[经] 经纪人, 掮客"
brokerage,"n. 经纪人, 回扣, 佣金, 中间人业务\n[经] 经纪业, 佣金, 手续费"
brokers,n. 经纪人（broker复数）
broncos,"n. （美国西部的）野马, 半驯化马( bronco的复数形式 )"
bronson,布朗森
bronx,"n. 布朗克斯区(纽约行政区), 布朗克斯鸡尾酒"
bronze,"n. 青铜, 铜像\na. 青铜色的"
brood,"n. 一窝, 一伙\nvt. 孵, 沉思"
brooding,a. 沉思的；徘徊不去的
brook,n. 小溪\nvt. 容忍
brooke,n. 布鲁克（女子名）
brooklyn,n. 布鲁克林区(纽约行政区)
brooks,n. 布鲁克斯（姓氏）
broom,"n. 扫帚, 金雀花\nvt. 扫除"
bros,n. (Bros)人名；(法、西、罗)布罗斯
broth,"n. 原汁清汤, 肉汤\n[医] 肉汤(培养基)"
brothel,n. 妓院\n[法] 妓院
brother,n. 兄弟
brotherhood,"n. 手足情谊, 兄弟关系"
brothers,"n. 哥们儿, 兄弟"
brought,bring的过去式和过去分词
brow,"n. 眉毛, 额\n[医] 额, 眉, 睫毛"
brown,n. 褐色\na. 褐色的\nv. (使)变褐色
browne,n. 布朗（姓氏）；布朗恩（英国国防大臣）
brownie,n. 界仁巧克力饼
brownies,n. 核仁巧克力饼( brownie的复数形式 )
browning,"n. 勃朗宁(英国女诗人), 勃朗宁自动手枪"
brownish,a. 呈褐色的
browns,"n. 布朗一家（Brown的复数形式, 表示姓氏为布朗的一家人）；布朗斯（姓氏）"
brows,n. 眉毛（brow的复数）
browse,"v. 浏览, 吃草\nn. 浏览, 吃草\n[计] 浏览"
browser,"n. 吃嫩叶的动物, 浏览书本的人\n[计] 浏览程序"
browsers,n. 浏览器（browser的复数）
browsing,"[计] 浏览, 翻阅, 监视"
bruce,n. 布鲁斯
bruh, 猕猴
bruins,n. 布鲁因斯（男子名）；棕熊
bruise,"n. 青肿, 挫伤, 擦伤\nvi. 受伤, 擦伤\nvt. 使受伤, 研碎"
bruised,a. [医]青肿的；瘀紫的
bruises,"n. 瘀伤, 伤痕, 擦伤( bruise的名词复数 )"
bruising,[化] 硬伤
brunch,n. 早午餐
brunei,n. 文莱
brunette,n. 浅黑肤色的女人\na. 深褐色的
bruno,n. 布鲁诺（男子名）
brunswick,n. 不伦瑞克(德国城市)
brunt,"n. 主要冲力, 冲击"
brush,"n. 刷子, 毛笔, 争吵\nvt. 刷\nvi. 擦过, 掠过\n[计] 电刷"
brushed,a. 拉过绒的
brushes,n. 擦( brush的名词复数 ); 刷子; 小冲突; 灌木丛
brushing,"[化] 刷涂\n[医] 创面电灼术, 干扰"
brussels,n. 布鲁塞尔
brutal,"a. 残忍的, 野蛮的, 不讲理的"
brutality,"n. 残忍, 无慈悲, 野蛮的行为"
brutally,"adv. 残忍地, 蛮横地"
brute,"n. 畜生, 残忍或好色之人\na. 残忍的, 无理性的, 畜生的"
brutus,n. 布鲁特斯（罗马政治家）
bryan,n. 布赖恩（男子名）
bryant,"n. 布赖恩特（男子名, 等于Brian）"
bryce,Canyon National Park (美国)布赖斯峡谷国家公园(在犹他州南部)
bs,"理学士\n[计] 退格, 退位, 英国标准, 商用系统"
bst,abbr. 英国夏令时（British Summer Time）
bt,abbr. 英国电信（British Telecom）
btc,abbr. below threshold change 阈值下的变化; 临界值下的变化; beryllium thrust chamber 铍推力室; bus tie control 汇流排线控制
bts,abbr. 美国运输统计局（Bureau of Transportation Statistics）；法国高级技师大专文凭（Brevet DE Technicien Superieur）；基站收发信台（Base Transceiver Station）
btw,"abbr. 顺便, 顺便提及（By The Way）"
bu,[经] 英斗
bubba,n. （美）好老弟
bubble,"n. 泡沫\nvi. 冒泡, 沸腾\nvt. 使冒泡, 滔滔不绝地说"
bubbles,n. 泡沫；气泡（bubble的复数）
bubbling,[化] 起泡; 冒泡; 沸腾
bubbly,"a. 多泡的, 起泡的\nn. 香槟酒"
buchanan,布坎南
bucharest,n. 布加勒斯特(罗马尼亚首都)
buck,"n. 元, 雄鹿, 纨绔子弟, 鞍马, 培克(赌博时的庄家标志), 碱水, 自夸, 谈话\nvi. 马背突然拱起, 反对, 吹牛, 闲聊\nvt. 马背突然拱起将骑手摔下, 反对, 用碱水洗\na. 雄的"
bucket,n. 桶\n[计] 存储桶; 桶
buckets,n. 水桶( bucket的名词复数 ); 一桶（的量）; 大量
buckingham,白金汉郡[英国英格兰郡名]
buckle,"n. 皮带扣, 扣子\nvt. 扣住, 使弯曲\nvi. 扣住, 变弯曲, 屈服"
buckley,巴克利（姓氏）
bucks,n. 雄鹿队（篮球队名）；巴克斯（英国伦敦附近的一个郡名）
bucky,n. 硬脆性
bud,"n. 芽, 花蕾\nvi. 发芽, 萌芽\nvt. 使发芽"
budapest,n. 布达佩斯(匈牙利首都)
buddha,n. 佛陀
buddhism,n. 佛教
buddhist,n. 佛教徒\na. 佛教的
buddhists,n. 佛教徒（Buddhist的复数）
buddies,"n. 密友( buddy的复数形式 ); 同伴; 弟兄; （用于称呼男子, 常带怒气）<美俚>家伙\nv. （如密友、战友、伙伴、弟兄般）交往( buddy的第三人称单数 ); 做朋友; 亲近（…）; 伴护艾滋病人"
budding,"a. 萌芽的, 发育期的, 初露头角的\nn. 发芽"
buddy,"n. 好朋友, 伙伴"
budge,vi. 微微移动\nvt. 推动\nn. 羔羊皮
budget,"n. 预算\nvi. 编预算\nvt. 编入预算, 安排\na. 廉价的"
budgetary,a. 预算的\n[法] 预算的
budgeting,"[计] 预定, 预算\n[经] 预算编制"
budgets,n. 预算（budget复数形式）
buds,n. 芽( bud的名词复数 ); 苞; 半开的花; 未长大的叶
buenos,n. (Buenos)人名；(西)布埃诺斯
buff,"n. 暗黄色, 暗黄色皮革, 人的皮肤\nvt. 擦亮, 使柔软\na. 暗黄色的"
buffalo,n. 水牛\n[机] 水牛
buffer,"n. 缓冲器, 缓冲区\nvt. 缓冲\n[计] 缓冲区, 缓冲器"
buffet,"n. 自助餐, 小卖部, 碗橱, 殴打, 冲击\nvt. 连续打, 冲击, 搏斗\nvi. 奋斗"
buffett, [人名] 巴菲特
buffy,a. 喝醉了的
bug,"n. 错误, 虫, 病菌, 缺陷, 窃听器, 癖好, 防盗报警器, 双座小汽车, 要人\nvt. 装防盗报警器, 装窃听器, 激怒\nvi. 捉虫, 暴突\n[计] 缺点, 错误"
bugged,vt. 在…装窃听器（bug的过去式与过去分词形式）
bugging,[法] 窃听
buggy,"a. 多虫的\nn. 双轮单座轻马车, 四轮单座马车"
bugs,"a. 疯狂的, 发疯的"
buick,n. 别克（汽车品牌）
build,"v. 建立, 建筑\nn. 构造, 体格"
builder,n. 建立者\n[机] 组份
builders,n. 生成器；施工人员（builder的复数）
building,"n. 建筑物, 建筑\n[法] 营造, 建筑, 建筑物"
buildings,n. 建筑物（building的复数）
builds,v. 修建( build的第三人称单数 ); 建造; 开发; 创建
buildup,"n. 发展, 集结, 增强"
built,build的过去式和过去分词
bulb,"n. 球茎, 电灯泡\n[医] 球, 鳞茎, 球茎"
bulbs,n. 灯泡；鳞茎；大浇斗（bulb的复数）
bulgaria,n. 保加利亚\n[经] 保加利亚
bulgarian,n. 保加利亚人；保加利亚语
bulge,"n. 胀, 膨胀\nvi. 凸出\nvt. 使膨胀"
bulk,"n. 大小, 体积, 大块, 大多数\nvt. 显得大, 显得重要"
bulky,"a. 庞大的\n[机] 庞大, 笨重"
bull,"n. 公牛\n[法] 买方, 买空者"
bulldog,n. 喇叭狗
bulldogs,n. 斗牛犬( bulldog的复数形式 )
bullet,"n. 子弹\n[医] 弹, 子弹, 距节(马)"
bulletin,"n. 公告, 布告, 公报\n[电] 电子布告栏"
bulletproof,a. 防弹的
bullets,n. 子弹（bullet的复数形式）
bullied,"a. 被欺负了\nv. 恐吓, 威逼( bully的过去式和过去分词 )"
bullies,"n. 仗势欺人者, 横行霸道者( bully的名词复数 )\nv. 恐吓, 威逼( bully的第三人称单数 )"
bullion,"n. 金银, 金银块, 纯金\n[经] 金银锭"
bullish,"a. 似公牛的, 看涨的, 上扬的\n[经] 行情看涨的"
bullock,n. 阉牛
bullpen,"n. <美>牛栏,<口>大房间(尤指候审犯人用的),[棒球]候补队员区"
bulls,n. 公牛队（美国篮球队名）；布尔斯（地名）
bullshit,n. 胡说
bully,"n. 欺凌弱小者, 土霸\nvt. 威胁, 恐吓, 欺负\nvi. 欺负\na. 特好的, 第一流的\nadv. 十分"
bullying,"v. 恐吓, 威逼( bully的现在分词 ); 豪; 跋扈"
bum,"n. 游荡者, 懒鬼, 闹饮\na. 没有价值的\nvi. 过游民生活, 乞讨, 流浪\nvt. 乞讨"
bummed,"a. 失望的, 沮丧的\nv. 提出要( bum的过去式和过去分词 ); 乞讨; 使不安; 使灰心"
bummer,"n. 无赖, 游民, 游荡者"
bump,"n. 撞击, 肿块\nvt. 碰撞\nvi. 撞, 颠簸而行"
bumped,a. 凸起的；凸状的
bumper,"n. 缓冲器, 满杯\na. 大胜利的"
bumping,[化] 暴沸; 迸沸\n[医] ч沸
bumps,"n. 碰撞( bump的名词复数 ); 肿块; 轻微撞车事故; 隆起物\nv. 撞倒, 冲撞( bump的第三人称单数 ); 颠簸着前进"
bumpy,"a. 颠簸的, 崎岖不平的"
bums,n. 游荡者（bum的复数）；烧伤
bun,n. 小面包\n[医] 血液尿素氮
bunch,"n. 串, 束\n[医] 骨肿块(马)"
bundesliga,n. （德）德国足球甲级联赛
bundle,"n. 捆, 束\nvt. 包扎, 胡乱塞进\nvi. 匆忙离开"
bundled, 附随的
bundles,n. 捆( bundle的名词复数 ); 一批（同类事物或出售的货品）; 一大笔钱; 风趣的人
bundy,n. (Bundy)人名；(匈、瑞典)本迪；(英)邦迪
bungalow,n. 平房
bunk,"n. 铺位, 废话, 逃走\nvi. 逃跑, 睡在铺上\nvt. 提供铺位"
bunker,"n. 煤仓, 沙坑, 暗堡\nvt. 击入沙坑, 使陷入困境"
bunkers,n. 沙坑；燃料（bunker复数）
bunnies,n. 兔子( bunny的复数形式 )
bunny,n. 兔子
buns,n. [俚]人的臀部
burbank,"n. 伯班克（位于美国加利福尼亚州洛杉矶县, 毗邻好莱坞市）"
burberry,"n. 柏帛丽雨衣, 柏帛丽防雨布"
burden,"n. 负担, 重载, 担子, 责任\nvt. 装货于, 烦扰, 使负担"
burdened,a. 负荷的
burdens,"n. 重负( burden的名词复数 ); （义务、责任等的）重担, 负担"
bureau,"n. 局, 办公处\n[经] 局, 司, 处"
bureaucracy,"n. 官僚, 官吏\n[法] 官僚主义, 官僚政治, 官僚机构"
bureaucratic,a. 官僚的\n[经] 机僚化的
bureaucrats,n. 官僚( bureaucrat的复数形式 ); 官僚主义; 官僚主义者; 官僚语言
burgeoning,[计] 急速增长的
burger,n. 汉堡包（等于hamburger）
burgers,n. 汉堡包( burger的复数形式 ); （汉堡牛肉式的）鱼松饼; 菜末饼; 果仁饼
burgess,"n. (自治市的)市民, 自由民\n[法] 自治市公民, 市民"
burglar,"n. 窃贼\n[法] 夜盗, 窃贼, 盗窃者"
burglary,"n. 夜盗行为, 盗窃, 盗窃行为\n[法] 夜盗行为, 夜间入屋窃盗罪, 窃盗"
burgundy,"n. 勃艮第(法国一地区), 勃艮第葡萄酒"
burial,"n. 埋葬, 葬礼\n[法] 埋葬, 葬礼"
buried,a. 埋葬的；[地]埋藏的
burke,"vt. 秘密地除去, 秘密地消灭, 压制"
burlesque,"n. (讽刺性的)诙谐模仿, 滑稽戏\na. 滑稽的, 可笑的"
burlington,"n. 伯灵顿, 柏林顿（美国地名）"
burma,n. 缅甸
burmese,"n. 缅甸人, 缅甸语\na. 缅甸的, 缅甸人的, 缅甸语的"
burn,"vt. 烧, 烧毁, 烧伤\nvi. 燃烧, 发热, 烧毁\nn. 烧伤, 烙印"
burned,burn的过去式和过去分词\n[机] 焦化
burner,"n. 火炉, 烧火的人\n[化] 灯; 灯头; 烧嘴炉; 燃烧器; 燃烧炉"
burnett,n. 伯内特（姓氏）
burnham,n. (Burnham)人名；(英、西)伯纳姆
burning,"a. 燃烧的, 象燃烧一样的\nn. 烧, 燃烧"
burnley,n. 伯恩利（英国城市）；伯恩利队（足球俱乐部）
burnout,"n. 烧尽, 烧坏, 熄火\n[化] 燃尽"
burns,n. 络腮胡子
burnt,burn的过去式和过去分词
burr,"n. 毛边, 钻孔器, 芒刺\nv. 发音含混地说话"
burrito,n. 墨西哥玉米煎饼
burrow,"n. 洞穴, 藏身处\nvi. 掘洞穴, 躲藏\nvt. 掘, 打洞"
burrows,n. 巴罗斯（姓氏）
burst,"n. 破裂, 突发, 爆发\nv. 爆裂, 突发, 充满\n[计] 二进制位组; 字符组; 脉冲串"
bursting,a. 充满的；渴望的
bursts,v. 爆炸( burst的第三人称单数 ); 突然发作; 突然打开; 挤满
burt,伯特（人名）
burton,n. 复滑车
bury,"vt. 埋葬, 埋藏"
burying,"n. 葬礼, 埋葬"
bus,n. 公共汽车\n[计] 总线; 汇流条; 母线
busch,n. 布施（姓氏）
buses,n. 公共汽车（bus的复数形式）
bush,n. 矮树丛\n[化] 管衬
bushes,n. 灌木（丛）( bush的名词复数 ); [机械学]（金属）衬套; [电学]（绝缘）套管; 类似灌木的东西（尤指浓密的毛发或皮毛）
busiest,a. 最忙的（busy的最高级形式）
business,"n. 生意, 事情, 业务, 商业, 商行, 职责\n[经] 企业, 商业, 营业"
businesses,n. 事情( business的名词复数 ); 商业; 营业额; 交易
businessman,"n. 商人, 实业家, 工商业家"
businessmen,n. 生意人
bust,"n. 半身像, 胸部, 失败, 殴打\nvt. 使爆裂, 使破产\nvi. 爆裂, 破产\n[计] 操作错"
busted,"a. 破产了的, 失败了的, 被降级的, 被逮捕的\n[法] 被逮捕的"
buster,"n. 庞然大物, 非凡的人, 闹饮, 驯马人, 小家伙, 小鬼, 炸弹, 巨型炸弹"
busting,"v. 打破, 打碎( bust的现在分词 ); 突击搜查（或搜捕）; （使）降级, 降低军阶"
bustling,"a. 熙熙攘攘的, 忙乱的"
busts,"n. 半身雕塑像( bust的名词复数 ); 妇女的胸部; 胸围; 突击搜捕\nv. 打破, 打碎( bust的第三人称单数 ); 突击搜查（或搜捕）; （使）降级, 降低军阶"
busy,"a. 忙碌的, 热闹的, 没空的\nvt. 使忙\nvi. 忙碌\n[计] 忙; 忙碌"
but,prep. 除了\nconj. 但是\nadv. 仅仅
butch,n. [俚]充当男性角色的女同性恋者；粗鲁的男人或男孩
butcher,"n. 屠夫, 肉商, 小贩\nvt. 屠宰, 屠杀"
butler,"n. 男管家, 司膳总管"
butt,"n. 粗大的一头, 烟头, 靶, 笑柄\n[医] 对核"
butte,n. 孤峰
butter,"n. 奶油, 黄油\nvt. 涂黄油于"
butterflies,n. 蝴蝶（ butterfly的名词复数 ）
butterfly,"n. 蝴蝶\n[医] 蝶式棉块, 翼形皮癣, 纸蝶"
buttocks,n. 臀部
button,"n. 钮扣, 按钮\nvi. 扣住\nvt. 钉钮扣于, 扣紧\n[计] 按钮"
buttons,n. 纽扣；按钮（button的复数形式）
butts,n. 短硬黄麻根纤维；臀部粪污毛；笑柄；粗端；大桶（butt的复数）
buy,"vt. 买, 获得\nvi. 买\nn. 购买, 买得的东西"
buyer,"n. 买主, 买方\n[经] 买主, 买方, 买手"
buyers,n. 买主；采购者；买方市场；购货者（buyer的复数）
buying,[经] 买气; 买进
buyout,n. 全部买下; 买下（公司或产业）
buys,"v. 购买, 购得( buy的第三人称单数 ); 做出牺牲以获得; 够支付; 买通"
buzz,"n. 嗡嗡声, 流言\nvi. 发出嗡嗡声, 说闲话\nvt. 使嗡嗡叫, 散布"
buzzer,"n. 嗡嗡作声的东西, 蜂音器\n[化] 蜂鸣器; 磨轮; 砂轮"
buzzing,"a. 嗡嗡响的, 营营响的\n[电] 发蜂音"
bw,细菌战
by,"prep. 被, 经, 由, 在...之旁\nadv. 经过, 在近处"
bye,"interj. 再会, 回头见\n[计] 结束命令"
bypass,"n. 旁路\nvt. 省略, 绕过, 忽视, 回避"
byrd,n. 伯德（姓氏）
byrne,n. 伯恩（姓氏）
byron,n. 拜伦（男子名）
byte,"n. 字节, 位组\n[计] 字节"
bytes,"n. 位元组, 字节数（byte的复数）；字节"
byu,abbr. Bayou 支流; 小海湾; 河口（街道标志缩写）; Brigham Young University 杨百翰大学
byzantine,"a. 拜占庭帝国的, 拜占庭式的"
ca,"[医] 钙(20号元素); 阴极, 负极"
cab,"n. 出租车, 出租汽车, 出租马车\nvi. 乘出租马车(或汽车)"
cabaret,"n. 卡巴莱(有歌舞表演的餐馆或夜总会), 卡巴莱歌舞表演"
cabbage,"n. 卷心菜\n[医] 卷心菜, 甘兰"
cabin,"n. 小屋, 客舱\nvt. 关在小屋"
cabinet,"n. 橱柜, 内阁\na. 内阁的, 细木工做的\n[计] 机柜"
cabinets,n. 内阁( cabinet的复数形式 ); 橱; （有特殊用途的）小房间; 展览艺术品的小陈列室
cabins,n. <美>小木屋( cabin的名词复数 ); （飞机上的）驾驶舱; 客舱; （轮船上工作或生活的）隔间
cable,"n. 电缆, 海底电报, 缆, 索\nvi. 打海底电报\nvt. 发海底电报, 缚住\n[计] 电缆"
cables,n. 电缆；连线；锚索（cable的复数）
cabs,n. 出租车( cab的名词复数 ); （公共汽车、火车等的）司机室; 驾驶室; 出租马车\nv. 出租车( cab的第三人称单数 ); （公共汽车、火车等的）司机室; 驾驶室; 出租马车
cache,"n. 隐藏所, 隐藏的粮食或物资, 贮藏物, 高速缓冲存储器\nvt. 隐藏, 窖藏\n[计] 高速缓冲存储器, 高速缓冲"
cactus,n. 仙人掌\n[医] 仙人掌属
cad,"n. 卑鄙的男人, 下流人, 无赖, 计算机辅助设计\n[计] 字符汇编/反汇编, 计算机辅助设计, 计算机辅助探测, 计算机辅助诊断"
cadence,"n. 韵律, 抑扬, 调子, 节奏\n[电] 步调"
cadet,n. 军官学校学生\n[法] 军校学生
cadets,n. 候补军官( cadet的复数形式 ); （常作名词修饰语）次子; （常作名词修饰语）培训生; 陆军或海军学校学员
cadillac,n. 卡迪拉克牌轿车
caesar,"n. 恺撒, 暴君"
cafe,"n. 咖啡馆, 酒店"
cafes,n. 咖啡馆（cafe的复数）
cafeteria,n. 自助餐厅\n[经] 自助餐厅
caffeine,"n. 咖啡因, 咖啡碱\n[化] 咖啡因; 咖啡碱"
cage,"n. 笼, 牢房, 战俘营\nvt. 关进笼内"
cages,n. 笼子( cage的名词复数 )
cahill,n. 垂钓用的假蝇饵
cain,n. 凶手；杀兄弟者；该隐（亚当之子）
cairns,n. 凯恩斯（澳大利亚港口）
cairo,n. 开罗
caitlin,n. 凯特琳（女子名）
cake,"n. 蛋糕, 块, 饼\nvt. 使结块, 加块状物于\nvi. 结块"
cakes,n. 蛋糕（cake的复数）
cal,[化] 计算机辅助学习
calais,n. 加来（法国城市）；卡莱斯牌汽车
calamity,"n. 灾难, 不幸事件"
calcium,n. 钙\n[化] 钙Ca
calculate,"v. 计算, 预测, 计划, 打算"
calculated,"a. 有计划的, 适当的, 适合的, 计算出的\n[机] 算清了的"
calculates,v. 计算( calculate的第三人称单数 ); 估计; 打算; 旨在
calculating,"a. 计算的, (贬)专为自己打算的, 深谋远虑的\n[计] 计算"
calculation,"n. 计算, 考虑, 计算的结果\n[经] 计算"
calculations,"n. 计算器；计算, 运算（calculation的复数形式）"
calculator,"n. 计算者, 计算器\n[计] 计算器"
calculus,n. 结石；微积分学
calcutta,n. 加尔各答
calder,n. 考尔德（姓氏）
caldwell,n. 考德威尔（姓氏）；考德威尔（地名）
caleb,n. 迦勒（男子名）；卡莱布（手表品牌）；“天狗”发射装置
calendar,"n. 日历, 日程表\nvt. 列入表中\n[计] 日历"
calendars,n. 日历( calendar的名词复数 ); 历法; 日程表; （一年之中的）重大事件（或重要日期）一览表
calf,"n. 小牛, 小牛皮, 腓肠\n[医] 腓肠"
calgary,n. 卡尔加里（加拿大西南部城市）
calhoun,卡尔霍恩（人名）
cali,abbr. 中国照明电器协会（China Association of Lighting Industry）
caliber,"n. 口径, 才干, 水准\n[医] 管径, 口径"
calibrated,v. 校准使...标准化；校准（calibrate的过去分词）
calibration,"n. 口径测定, 刻度, 校准\n[化] 校准"
calibre,"n. 口径, 才干, 水准"
calif,n. 哈里发（伊斯兰教的国王）
california,n. 加利福尼亚
californian,n. 加利福尼亚州人\na. 加利福尼亚的
caliphate,n. 伊斯兰教国王的职权或其领域
call,"n. 呼叫, 访问, 打电话, 号召, 召集, 要求\nvt. 呼叫, 召集, 打电话\nvi. 叫喊, 访问, 叫牌\n[计] 调用; 呼叫; DOS内部命令:在批处理文件中调用另一个批处理文件"
callahan,n. (Callahan)人名；(英)卡拉汉\n卡拉汉
called,a. 被呼叫的
caller,"n. 访客, 召集员, 传唤员\na. 新鲜的\n[计] 呼叫方标识"
callers,n. 访问者( caller的复数形式 ); 呼叫者; 鸣叫物; 打电话者
calling,"n. 职业, 行业, 呼唤, 召集\n[计] 呼叫"
calls,n. 调用；呼吁；电话（call的复数）
calm,"n. 平稳, 风平浪静\na. 平静的, 冷静的\nvi. 平静下来, 镇静\nvt. 使平静"
calmed,"v. （使）平静, （使）镇定( calm的过去式和过去分词 ); 使安静; 使冷静; 使镇定"
calming,a. 平静的
calmly,"adv. 平静地, 安静地, 冷静地"
calorie,n. 卡路里（热量单位）
calories,"n. 卡路里（热量单位, calorie的复数）"
calvert,n. 卡尔弗特（姓氏）
calves,"小牛, 幼仔, 小牛皮, 腓, 小腿, (非正式)呆头呆脑的年轻人"
calvin,n. 卡尔文（男子名）；加尔文（法国神学家）
cam,"n. 凸轮, 计算机辅助制造, 中央地址存储器\n[计] 计算机辅助制造; 计算机辅助生产"
camaro,n. 卡玛洛（美国通用）；大黄蜂
cambodia,n. 柬埔寨
cambodian,n. 柬埔寨人（高棉人）；柬埔寨语
cambridge,n. 剑桥
cambridgeshire,n. 剑桥郡
camden,n. 卡姆登（姓）
came,come的过去式
camel,"n. 骆驼, 打捞浮筒"
camels,n. [造船]（打捞用的）浮筒( camel的复数形式 ); 骆驼; 工作作风官僚; [航海学]码头边的木靠把
cameo,n. 刻有浮雕的宝石或贝壳
camera,"n. 照相机, 摄影机, 密谈室, 暗箱\n[计] 摄影"
cameraman,"n. 照相师, 摄影师"
cameras,"照相机, 暗箱, 摄像机, 摄影机"
cameron,n. 卡梅伦/隆（男子名）
cameroon,n. 喀麦隆
camilla,n. 卡蜜拉（女子名）
camille,n. 卡米尔（女子名）
camo,"n. 迷彩服, 保护色"
camouflage,"vt. 伪装, 掩饰\nn. 伪装, 伪装物, 幌子"
camp,"n. 露营, 帐篷\nvi. 露营, 扎营\nvt. 使扎营"
campaign,"n. 战役, 运动, 竞选运动\nvi. 参加运动, 作战"
campaigned,vi. 作战；参加竞选；参加活动\nn. 运动；活动；战役
campaigning,vi. 作战；参加竞选；参加活动\nn. 运动；活动；战役
campaigns,n. 运动( campaign的名词复数 ); 竞选运动; 战役; 季节性竞赛
campbell,n. 坎贝尔（姓氏）
camped,a. 露宿的
camper,n. 露营者
campers,"n. 露营者, 野营者( camper的复数形式 ); （装有露营设备的）露营车"
campfire,"n. 营火, 营火会"
camping,"n. 野营, 露营"
camps,"n. 露营, 营地；野营房（camp复数）"
campsite,n. 营地
campus,"n. 校园, 大学生活"
campuses,n. （大学）校园（campus的复数形式）
cams,n. 凸轮（cam的复数）
can,"vt. 装罐\nn. 罐头, 容器\naux. 能, 可以\n[计] 作废字符"
canada,n. 加拿大
canadian,a. 加拿大的
canadians,n. 加拿大人（Canadian的复数）
canal,"n. 运河, 水道, 管, 沟渠\nvt. 开运河"
canals,n. 运河( canal的名词复数 ); 管道; 气管; 食道
canary,"n. 金丝雀, 淡黄色"
canberra,n. 堪培拉
cancel,"n. 取消, 撤消, 盖销(邮票)\nvt. 取消, 删去, 抵销, 盖销\nvi. 相互抵销\n[计] 作废"
canceled,v. 取消( cancel的过去式和过去分词 ); 废除; 注销; 删去
canceling,n. 取消；消除
cancellation,"n. 取消, 作废, 注销戳\n[经] 注销, 取消, 保险单的注销"
cancellations,n. 取消；删除
cancelled,a. 被取消的\nv. 取消( cancel的过去式和过去分词 ); 废除; 注销; 删去
cancelling,"[计] 取消的\n[经] 注销, 取消"
cancels,v. 取消( cancel的第三人称单数 ); 废除; 注销; 删去
cancer,"n. 癌, 恶性肿瘤\n[医] 癌"
cancerous,"a. 癌的, 似癌的, 生癌的\n[医] 癌性的"
cancers,n. 癌( cancer的复数形式 ); 迅速蔓延的恶劣的或危险的事物
candice,n. 坎蒂丝（女子名）
candid,"a. 坦白的, 率直的, 公正的"
candidacy,"n. 候选人的地位, 候选资格\n[法] 候选人的身份, 资格"
candidate,"n. 候选人, 投考者\n[法] 候选, 候补者"
candidates,n. 报考者( candidate的复数形式 ); 申请求职者; 攻读学位者; 最后命运或结局如何已显然可见者
candies,"n. 糖果, 果饵（candy的复数）"
candle,n. 蜡烛\nvt. 对着光检查
candles,"n. 蜡烛, 烛台（candle复数形式）"
candy,"n. 糖果, 冰糖\nvt. 用糖煮, 使结晶为砂糖\nvi. 结晶为砂糖"
cane,"n. 手杖, 细长的茎, 藤条\nvt. 以杖击, 以藤编制"
canes,"n. （某些植物, 如竹或甘蔗的）茎( cane的名词复数 ); （用于制作家具等的）竹竿; 竹杖"
canine,"n. 犬齿, 犬\na. 犬的, 似犬的, 犬科的"
canister,"n. 罐, 筒, 霰弹\n[机] 罐, 滤毒罐"
cannabis,n. 大麻\n[化] 大麻
canned,"a. 罐装的, 录音的, 一稿数用的, 刻板的, 被囚的\n[机] 洋铁罐的, 罐头的"
cannes,n. 戛纳
canning,n. 罐头制造\n[建] 装罐头
cannon,"n. 大炮, 加农炮\nv. 炮轰"
cannons,"n. 加农炮, 大炮, 火炮( cannon的名词复数 )"
cannot,"aux. 无法, 不能"
canoe,"n. 独木舟, 轻舟\nvi. 乘独木舟\nvt. 用独木舟运"
canon,"n. 教会法规, 圣典, 准则, 标准, 教士\n[医] 规范, [加农]炮"
canonical,"a. 依教规的, 被认为圣典的, 权威的, 典型的\n[建] 正则的"
canons,n. （某作家的）真作( canon的复数形式 ); 真经; （在大教堂任职的）教士; 总的规则
canopy,"n. 天篷, 遮篷, 苍穹\nvt. 用天蓬遮盖"
cans,"n. 易拉罐；金属罐, 罐（can的复数）；耳机；头戴受话器"
cant,"n. 伪善之言, 黑话, 斜面, 角落\nvi. 讲黑话, 倾斜"
canteen,"n. 水壶, 军中俱乐部, 临时流动餐馆, 小卖部"
canterbury,n. 坎特伯雷(中世纪时宗教朝圣地)
canton,"n. 州, 行政区\nvt. 驻扎, 划成行政区"
cantor,"n. 祈祷文吟诵(或领诵)人, 领唱者"
canucks,n. 加人队（加拿大冰球队）；法裔加拿大人（Canuck的复数）
canvas,"n. 帆布, 画布, 油画\n[化] 帆布"
canyon,"n. 峡谷, 海底悬崖"
cao,abbr. 首席行政官（Chief Administrative Officer）；仅限货机 （Cargo Aircraft Only）；计算机辅助订货（Computer-Assisted Ordering）
cap,"n. 盖子, 帽子\nvt. 戴帽子, 覆盖, 胜过\nvi. 脱帽致意\n[计] 调用程序分析, 容量, 代码分析程序, 计算机辅助生产, 计算机辅助印刷"
capabilities,n. 能力( capability的名词复数 ); 可能; 容量; [复数]潜在能力
capability,"n. 能力, 性能, 约束力\n[化] 能力"
capable,"a. 有能力的, 能的, 能干的"
capacities,n. 容量( capacity的名词复数 ); 才能; 性能; 生产能力
capacitor,n. 电容器\n[化] 电容器
capacity,"n. 容量, 能力, 才能, 资格\n[计] 容量"
cape,"n. 岬, 海角, 披肩, 斗蓬"
capita,[医] 头
capital,"n. 首都, 大写字母, 资本\na. 首都的, 重要的"
capitalism,n. 资本主义\n[经] 资本主义
capitalist,"n. 资本家, 资本主义者\na. 资本主义的"
capitalists,n. 资本家( capitalist的复数形式 ); 资本主义者; 有钱人; 富翁
capitalization,"n. 资本化, 资本总额, 本金化, 大写\n[经] (收益的)资本化, 资本总额"
capitalize,"vt. 以大写字母写, 使资本化, 估计...的价值\n[经] 资本化, 收益的现值化"
capitalized,大写的
capitals,n. 首都( capital的复数形式 ); 资本; 资源; 大写字母
capitol,"n. 国会大厦, 州议会大厦, 朱比特神庙"
capped,vi. 脱帽致意（cap的过去式与过去分词形式）
caps,abbr. 盒式磁带程序设计系统（Cassette Programming System）；计算机辅助产品检索（Computer Assisted Product Search）
capsule,"n. 胶囊, 蒴果, 瓶帽, 航天舱\n[化] 胶囊剂"
capsules,n. 太空舱；小盒；胶囊（capsule的复数）
capt,abbr. 船长（caption）；佳能先进打印技术（Canon Advanced Printing Technology）
captain,"n. 船长, 指挥官, 海军上校, 首领\nvt. 率领, 指挥"
captains,n. 船长；军官；首领；（体育运动中的）队长（captain的复数）
caption,"n. 说明, 字幕, 标题\nvt. 加上标题, 加上说明\n[计] 标题"
captions,"n. 标题, 说明文字, 字幕( caption的名词复数 )\nv. 给（图片、照片等）加说明文字( caption的第三人称单数 )"
captivating,"a. 迷人的, 有魅力的"
captive,"n. 俘虏, 迷恋者\na. 被俘的, 被迷住的"
captives,"n. 战俘, 俘虏( captive的复数形式 )"
captivity,"n. 囚禁, 被关\n[法] 囚禁, 被俘, 俘虏"
capture,"n. 抓取, 战利品, 捕获之物\nvt. 抓取, 获得, 迷住\n[计] 截获命令"
captured,v. 俘获( capture的过去式和过去分词 ); 夺取; 夺得; 引起（注意、想像、兴趣）
captures,v. 俘获( capture的第三人称单数 ); 夺取; 夺得; 引起（注意、想像、兴趣）
capturing,v. 捕捉（capture的ing形式）
car,"n. 汽车, 客车\n[机] 车"
cara,n. 卡拉（女性人名）
caracas,n. 加拉加斯（委内瑞拉首都）
caramel,"n. 焦糖, 卡拉梅尔糖\n[化] 焦糖; (俗称)酱色; (俗称)糖色"
carat,"n. 克拉\n[化] 开; 克拉(宝石、金刚石重量单位,等于0.2克)"
caravan,"n. 旅行队, 有篷顶的大车\n[经] 商队, 结队商贩"
carb,n. [汽车]汽化器
carbohydrate,"n. 碳水化合物, 糖类\n[化] 糖类; 碳水化合物"
carbohydrates,"n. 碳水化合物, 糖类( carbohydrate的复数形式 ); 淀粉质或糖类食物"
carbon,"n. 碳, 副本, 复写纸\n[化] 碳"
carbonate,"n. 碳酸盐\nvt. 使碳酸盐化, 使充满二氧化碳"
carbs,(carb 的复数) n. [汽车]汽化器
carcass,n. 尸体\n[医] 屠体(宰后除脏的畜体)
carcinoma,n. 癌\n[医] 癌
card,"n. 卡片, 纸牌, 节目单, 明信片, 梳棉机\nvt. 备置卡片, 记于卡片上, 梳理\n[计] 卡片, 卡"
cardboard,n. 薄纸板\n[化] 咭纸; 特等纸板; 卡纸板; 卡片纸板
cardiac,"n. 心脏病患者, 强心剂, 健胃药\na. 心脏的, (胃的)贲门的"
cardiff,n. 加的夫（英国港市）
cardigan,n. 卡迪根式开襟羊毛衫
cardinal,"n. 红衣主教, 鲜红色\na. 主要的, 深红色的"
cardinals,"n. 红衣主教( cardinal的复数形式 ); 红衣凤头鸟（见于北美, 雄鸟为鲜红色）; 基数"
cardio,n. 有氧运动\npref. 表示心
cardiovascular,a. 心血管的\n[医] 心血管的
cards,"n. (playing cards)(正式)一副纸牌, 一副扑克牌, 纸牌游戏, 打扑克"
care,"n. 小心, 照料, 忧虑\nvi. 关心, 介意\nvt. 在意, 喜欢"
cared,v. 关心( care的过去式和过去分词 ); 担心; 在乎; 介意
career,"n. 事业, 生涯, 成功\n[法] 职业, 专业, 履历"
careers,n. 职业生涯；事业；职业（career的复数）
carefree,"a. 无忧无虑的, 不负责的"
careful,"a. 小心的, 谨慎的"
carefully,"adv. 小心地, 谨慎地"
caregiver,"n. 照料者, 护理者"
caregivers, 照顾者；看护人（caregiver的复数）
careless,"a. 粗心的, 不关心的, 无忧无虑的"
carers,"n. （亲属中）护理病人者, 照顾老人者( carer的复数形式 )"
cares,（等于Central Advisory Referral Service）中心咨询服务
caretaker,"n. 照顾者, 看管者, 看守人\n[法] 看守员, 管理员, 看管人"
carey,n. 凯里（等于Cary）
cargo,n. 货物\n[经] 货柜
caribbean,"n. 加勒比海\na. 加勒比海的, 加勒比人的"
caricature,"n. 讽刺画, 漫画, 漫画手法\nvt. 画成漫画讽刺"
caring,a. 有同情心的；表示或感到关怀或关心的
carl,n. 卡尔（男名）
carla,n. 卡拉（女子名）
carlisle,n. 卡莱尔（英国英格兰西北部城市）
carlo,n. 卡洛（男子名）
carlos,n. 卡洛斯（男子名）
carlson,n. 卡尔森（公司名）；卡尔松（姓氏）
carlton,"n. 卡尔顿（男子名, 姓氏）"
carly,n. 卡莉（女子名）
carlyle,n. 卡莱尔
carmel,n. 卡梅尔(f.)
carmen,n. 卡门（女子名）
carmichael,n. 卡米高（地区名）；卡迈克尔（人名）
carnage,"n. 大屠杀, 残杀"
carnegie,n. 卡内基（姓氏）
carney,v. 哄骗\nn. 哄骗的话
carnival,"n. 嘉年华会, 狂欢节, 饮宴狂欢"
carol,"n. 颂歌, 欢乐的歌\nv. 歌颂, 欢唱"
carole,n. 卡罗尔（女子名）
carolina,n. 北(或南)卡罗来纳州
caroline,n. 凯若琳（女子名）
carolyn,n. 卡洛琳（女子名）
carousel,n. 竞技比武大会
carp,"n. 鲤鱼\nvi. 吹毛求疵, 挑剔"
carpenter,n. 木匠
carpet,"n. 地毯, 地毯状物\nvt. 铺以地毯, 铺盖"
carpets,n. 地毯（carpet的复数）
carr,"n. 凯尔（挪威, 住在沼泽的人）"
carriage,"n. 马车, 客车, 举止, 运输\n[经] 搬运费, 运费"
carriages,n. （火车的）客车厢( carriage的复数形式 ); （旧时载客的）四轮马车; 运输; 举止
carrick,n. (=galleon)大帆船(15至18世纪初军舰商船两用的)
carrie,"n. 卡丽（女名, Caroline的昵称）"
carried,a. 入神的；被运的；忘我的
carrier,"n. 运送者, 邮递员, 带菌者\n[计] 载波"
carriers,n. （自身不受感染而传播疾病的）带菌者( carrier的复数形式 ); （尤指经营空运的）运输公司; 搬运人; 军输车
carries,v. 传递；携带；运载；怀孕（carry的第三人称单数形式）
carrington,n. (Carrington)人名；(英、西)卡林顿
carroll,n. 卡罗尔（罗马人的姓）
carrot,n. 胡萝卜\n[医] 胡萝卜
carrots,n. 胡萝卜；红萝卜（carrot的复数形式）
carry,"n. 进位, 射程, 运载\nvt. 携带, 运送, 支持, 传送, 包含\nvi. 被携带, 能达到\n[计] 进位; 进位数"
carrying,[法] 运载
cars,abbr. 中美洲研究站（Central America Research Station）；计算机化自动额定值系统（computerized automatic rating system）；汽车收据结账证书（Certificates for Automobile Receivables）
carson,"n. 卡尔森（姓氏, 男子名）"
cart,n. 二轮运货马车\nvi. 驾运货马车\nvt. 用车装载
carte,n. (附有价目的)菜单
cartel,"n. 卡特尔, 企业联合, 俘虏交换条约, 决斗挑战书\n[经] 同业联合, 联合贩卖, 卡特尔"
cartels,"n. <经>卡特尔, 企业联合( cartel的复数形式 )"
carter,n. 运货马车夫
cartilage,n. 软骨\n[医] 软骨
carton,"n. 硬纸盒, 纸板箱\n[化] 卡纸"
cartoon,"n. 卡通画, 漫画\nv. 画漫画"
cartoons,n. 卡通动画；动漫图书（cartoon的复数）
cartridge,"n. 弹药筒, 弹药, 一卷软片, 墨粉鼓\n[计] 盒式磁带机"
cartridges,n. 子弹( cartridge的复数形式 ); （打印机的）墨盒; 录音带盒; （唱机的）唱头
carts,n. 购物车；手推车
cartwright,n. 车匠
carve,"v. 雕刻, 切开"
carved,a. 有雕刻的
carver,"n. 雕刻匠, 雕工, 切肉刀\n[医] 雕刻器"
carving,"n. 雕刻品, 雕刻, 雕刻术"
cary,n. 卡里（男子名）
cas,abbr. 中国科学院（Chinese Academy of Sciences）；计算机技术学会（Computer Arts Society）；控制自动化系统（Control Automatic System）
casa,abbr. 天文学高级研究中心（Centre for Advanced Study of Astronomy）；计算机与自动化系统（Computer and Automated System Association）；合作应用卫星A（Cooperative Application Satellite A）
cascade,"n. 小瀑布, 瀑布状物\nvi. 成瀑布落下\n[计] 层叠, 级联"
case,"n. 情形, 情况, 箱, 容器, 事实, 病例, 案例, 框子\nvt. 装箱, 包盖"
cases,n. 案例；箱；情况（case的复数形式）
casey,n. 凯西（男子名）
cash,n. 现金\nvt. 兑现
cashed,v. 把支票兑换成现金( cash的过去式 )
cashier,"n. 出纳员\n[经] 司库, 出纳员, 收支员"
cashmere,"n. 开士米, 山羊绒\n[化] 山羊绒; 开斯米绒"
casing,"n. 箱, 盒, 包装, 框, 套管\n[化] 汽车外胎"
casino,"n. 卡西诺赌场, 卡西诺牌戏"
casinos,n. （意）乡间住宅；赌场；娱乐场（casino的复数）
casket,"n. 首饰盒, 小箱, 匣子, 棺材"
casper,"一个卡通造型, 为一可爱的小精灵"
cass,abbr. 货物财务结算系统（Cargo Account Settlement System）；指令主动声纳浮标系统（Commanded Active Sonobuoy System）
cassandra,"n. 卡珊德拉, 凶事预言家, 不为人所信的预言家"
cassette,"n. 盒式磁带, 珠宝箱, 暗盒\n[计] 字盒"
cassidy,n. 卡西迪（男子名）
cassie,n. 卡西(Cass的异体)(f.)
cast,"n. 演员阵容, 投掷, 铸件, 预测, 特性\nvt. 投, 掷, 抛, 脱落, 铸, 使弯曲, 计算\nvi. 投, 计算, 浇铸成型"
caste,"n. 印度的种姓制度, (排他的)社会团体"
caster,"n. 投手, (家具的)脚轮, 调味瓶\n[机] 后倾角"
castillo,n. 卡斯蒂略（人名）
casting,"n. 投掷, 铸成品, 角色分配\n[化] 浇铸; 铸品"
castle,"n. 城堡, 象棋中的车\nvt. 置于城堡中, 盘踞于"
castles,"n. 城堡, 堡垒( castle的名词复数 )"
castor,"n. 调味瓶, 海狸\n[机] 脚轮"
castro,"n. 卡斯特罗（古巴领导人, 1976-2006年在任）"
casts,n. 演员阵容；管型（cast的复数）
casual,"a. 偶然的, 不经意的, 便装的\nn. 临时工, 待命士兵"
casually,"adv. 偶然地, 临时地, 随便地"
casualties,n. 伤亡；人员伤亡（casualty的复数）
casualty,"n. 意外事故, 伤亡, 受害者\n[化] 事故"
cat,"n. 猫, 恶妇\nvi. 呕吐\n计算机辅助教育, 计算机辅助测试, 计算机辅助翻译, 计算机辅助排版\n[计] 计算机辅助教学, 计算机辅助翻译, 计算机辅助排字, 计算机辅助测试"
catalan,"n. 加泰隆人, 加泰隆语"
catalog,"n. 目录, 大学概况手册\nvt. 编目录\n[计] 目录; 编目"
catalogue,"n. 目录, 大学情况一览\nvt. 编入目录"
catalonia,n. 加泰罗尼亚（西班牙东北地方）
catalyst,"n. 触媒, 接触剂, 催化剂, 刺激因素, 促进因素\n[计] 催化剂"
catalysts,n. <化>催化剂( catalyst的复数形式 ); 触媒; 促进因素; 有感染力的人
catalytic,a. 催化的\n[医] 催化的
catastrophe,"n. 大灾难, 大祸\n[化] 突变"
catastrophic,"a. 悲惨的, 灾难的"
catch,"n. 捕捉, 陷阱, 捕捉之物, 抓, 拉手\nvt. 捕捉, 赶上, 感染, 听清楚\nvi. 抓住, 燃着"
catcher,"n. 捕手, 捕捉器\n[化] 受器; 接受器"
catches,n. 出生、订婚、结婚和死亡栏
catching,"a. 易传染的, 有魅力的, 吸引人的"
catchy,"a. 易记住的, 欺骗性的, 不规则发生的"
cate,"n. 佳肴, 美食"
categories,n. 分类；类别（category的复数）
categorized,"v. 把…归类, 把…列作( categorize的过去式和过去分词 )"
category,"n. 种类, 类项\n[计] 分类"
cater,"v. 提供饮食及服务, 投合, 迎合"
catered,"v. 提供饮食及服务( cater的过去式和过去分词 ); 满足需要, 适合"
catering,n. 给养；承办酒席；[医]提供饮食及服务
caterpillar,n. 毛虫\n[机] 履带车
caters,"v. 提供饮食及服务( cater的第三人称单数 ); 满足需要, 适合"
catfish,n. 鲶鱼
cathedral,n. 大教堂
catherine,"n. 轮圈外缘装有倒钩的车轮, 侧翻筋斗, 轮转烟火, 车轮窗"
catheter,n. 导管\n[医] 导管
catholic,"n. 天主教徒\na. 天主教的, 普遍的, 广泛的, 宽宏大量的"
catholicism,n. 天主教的信仰
catholics,n. 天主教徒（Catholic的复数形式）
cathy,n. 凯茜（女子名）
cats,abbr. 高级电视研究中心（Centre for Advanced Television Studies）；计算机自动测试系统（Computer Automated Test System）；通信和跟踪系统（Communications and Tracking System）；综合分析试验系统（Comprehensive Analytical Test System）
cattle,"n. 牛, 家畜\n[法] 家畜"
caucasian,"n. 高加索人, 白种人\na. 高加索的, 白种人的"
caucasus,n. 高加索山脉
caucus,"n. 领导人会议, 核心会议\nvi. 开核心会议"
caught,catch的过去式和过去分词
cauliflower,n. 花椰菜\n[医] 花椰菜(菜花)
causal,"a. 原因的, 因果关系的, 表示原因或理由的\nn. 表示原因的连词"
causation,"n. 因果关系, 原因\n[法] 因果律, 原因作用, 因果关系"
cause,"n. 原因, 目标\nvt. 引起, 使产生, 使遭受"
caused,v. 引起；使发生（cause的过去分词）
causes,n. 原因
causing,vt. 成为…的原因（cause的现在分词形式）
caution,"n. 小心, 慎重, 警示\nvt. 警告\n[计] 警告"
cautious,"a. 谨慎的, 小心的"
cautiously,adv. 慎重地
cavalier,"n. 骑士, 骑手"
cavaliers,n. 对女人彬彬有礼的绅士( cavalier的复数形式 ); 对女人献殷勤的男子; <古>骑士; <史>英内战时查理一世的支持者
cavalry,n. 骑兵
cave,"n. 洞, 穴\nvi. 凹陷, 塌落\nvt. 挖洞, 使凹陷, 损坏...的基础"
caveat,"n. 中止诉讼程序的申请, 警告\n[经] 停止支付的广告, 货物出门概不退换"
cavendish,n. 板烟
caves,"n. 咖啡馆, 小餐厅( cafe的名词复数 ); 洞穴( cave的名词复数 )"
caviar,n. 鱼子酱\n[医] 鱼子酱
cavities,"n. 腔, 洞( cavity的名词复数 ); （龋齿的）洞"
cavity,"n. 洞, 空穴, 腔\n[化] 空穴"
cavs,abbr. cryopreserved allograft veins 冷藏保存同种异体移植静脉
cayman,"n. 宽吻鳄, 凯门鳄"
cb,n. 平民波段\n[医] 钶(41号元素铌的旧名)
cba,abbr. 中国篮球协会（China Basketball Association）；成本效益分析（ost-Benefit Anlysis）
cbc,abbr. 加拿大广播公司（Canadian Broadcasting Corporation）
cbd,abbr. 交货前付款（Cash Before Delivery）；业务中心地区（Central Business District）
cbi,n. 英国工业联合会
cbs,abbr. 哥伦比亚广播公司（Columbia Broadcasting System）；共电式振铃设备（Central [Common] Battery Signalling）
cc,"复写本\n[计] 中央计算机, 中央控制台, 通道命令, 通信中心, 条件码, 循环检验, 抄送"
ccc,"[计] 中央通信控制台, 通信控制中心\n[化] 矮壮素"
ccp,"[计] 调用控制端口, 计算机程序设计检验合格证, 通信控制程序"
cctv,[计] 闭路电视
cd,"n. 镭射碟, 镭射唱片\n[计] 光盘, 压缩盘, 载波检测, DOS内部命令:显示或改变当前目录"
cdc,abbr. 疾病防治中心（Centers for Disease Control）；（美）市民民防团（Citizens ' Defense Corps）；控制数据公司（Control Data Corp）
cds,abbr. 中央动态存贮器（Central Dynamic Store）；集装箱运货系（Container Delivery System）；冷拉无缝（Cold Drawn Seamless）；受控供电系统（Controlled Delivery System）
ce,[计] 组件选通\n[医] 铈(58号元素)
cease,"n. 停止\nv. 停止, 终了"
ceased,v. 中止；中断；停止（cease的过去式及过去分词形式）
ceasefire,"n. （通常指永久性的）停火, 停战; 停火命令"
ceases,"v. 停止, 终止, 结束( cease的第三人称单数 )"
cebu,"菲律宾宿务岛, 宿务港市"
cecil,n. 塞西尔（男子名）
cecilia,n. 塞西莉亚（女子名）
cedar,"n. 雪松, 香椿\n[医] 香柏, 杉, 雪松"
ceiling,"n. 天花板\n[经] 顶点, 顶线, 上限"
ceilings,n. 天花板( ceiling的复数形式 ); 最高限度; 高度; 云幕高度
celebrate,"v. 庆祝, 祝贺, 举行"
celebrated,"a. 驰名的, 有名的"
celebrates,"v. 庆祝, 庆贺( celebrate的第三人称单数 ); 主持宗教仪式（尤指圣餐）; 颂扬; 赞美"
celebrating,"vt. 庆祝（现在进行时 ing形式）\nv. 庆祝, 庆贺( celebrate的现在分词 ); 主持宗教仪式（尤指圣餐）; 颂扬; 赞美"
celebration,"n. 庆祝, 庆典"
celebrations,n. 庆祝( celebration的复数形式 ); 庆祝会（仪式）
celebrities,n. 名誉；名人（celebrity的复数）
celebrity,"n. 名声, 名人"
celebs,n. [俚]名人；名流（celeb的复数）
celery,"n. 芹菜\n[医] 芹菜, 糖蒿"
celeste,"n. 天蓝色, 风琴的音栓\na. 天蓝色的"
celestial,"a. 天的, 天国的, 天空的\n[法] 天的, 天空的, 天国的"
celia,n. 西莉亚（女子名）
celine,n. 席琳（女子名）；赛琳时装（品牌名）
cell,"n. 单元, 细胞, 电池\n[计] 单元"
cellar,"n. 地窖, 地下室, 藏酒"
cello,n. 大提琴
cellphone,n. 蜂窝式便携无线电话；大哥大
cells,n. 细胞；牢房；小屋；单元格（cell的复数）
cellular,a. 细胞的\n[医] 细胞的
celsius,a. 摄氏的
celtic,"a. 凯尔特族的, 凯尔特语的\nn. 凯尔特语"
celtics, 塞尔提克
cement,"n. 水泥, 胶结剂\nvt. 胶合, 用水泥涂\nvi. 黏牢"
cemented,a. 注水泥的；渗碳的；粘合的
cemeteries,"n. （非教堂的）墓地, 公墓( cemetery的名词复数 )"
cemetery,"n. 墓地, 公墓\n[法] 公墓, 墓地"
cena,n. 希纳（姓氏）；晚饭（西班牙语）
censor,"n. 检查员\nvt. 检查, 审查, 删改"
censored,"a. 受审查的, 被删剪的\nv. 删剪（书籍、电影等中被认为犯忌、违反道德或政治上危险的内容）( censor的过去式和过去分词 )"
censorship,"n. 检查制度\n[医] 督察, 监察"
census,n. 户口普查\nvt. 实施统计调查
cent,n. 分\n[经] 美分
centenary,n. 一百年\na. 一百年的
centennial,n. 百年纪念\na. 一百年的
center,"n. 中心, 中心点, 中锋\na. 中央的, 位在正中的\nvt. 集中, 定中心\nvi. 居中\n[计] 居中; 中央"
centered,a. 居中的\n[计] 居中的
centerpiece,n. 中心装饰品；放在餐桌中央的摆饰
centers,"n. 中心, 中央（center的复数形式）"
centimeters,n. 厘米( centimeter的复数形式 )
central,"a. 中央的, 重要的\n[医] 中央的, 中心的, 中枢的"
centralized,a. 集中的；中央集权的
centrally,"adv. 在中心, 在中央"
centre,"n. 中心, 中心点, 中锋\na. 中央的, 位在正中的\nvt. 集中, 定中心\nvi. 居中"
centred,"a. 位于中心的, 以某一对象为中心的\nv. 置于中央( centre的过去式和过去分词 ); 集中; 把…当作中心; （使）成为中心"
centres,n. 中心( centre的名词复数 ); （市镇的）中心区; 中心点; 中枢\nv. 置于中央( centre的第三人称单数 ); 集中; 把…当作中心; （使）成为中心
centric,"a. 中心的, 中央的\n[医] 中心的, 中枢的"
centrist,"n. 中间党派的成员, 温和主义者\n[法] 中间派议员, 中立派议员"
cents,"n. 分, 一分钱的硬币( cent的复数形式 )"
centuries,"n. 100年, 一世纪( century的名词复数 ); 100分; 千秋"
century,"n. 世纪, 百年"
ceo,abbr. 首席执行官；执行总裁（chief executive officer）
ceos,abbr. communications enterprise operating system 通信企业操作系统; comprehensive electronic office software 综合电子办公软件
ceramic,a. 陶瓷的\nn. 陶瓷制品
ceramics,n. 制陶术\n[化] 陶瓷学
cereal,"n. 谷类食品, 谷类植物\na. 谷类的"
cereals,n. 谷类食品；谷类
cerebral,"a. 脑的, 大脑的\n[医] 小脑的"
ceremonial,n. 仪式\na. 正式的
ceremonies,n. 典礼( ceremony的名词复数 ); 仪式; 礼节; 礼仪
ceremony,"n. 典礼, 仪式, 礼节\n[法] 典礼, 仪式"
cert,n. 必然的事情\n[计] 计算机紧急反应小组
certain,"a. 确定的, 某一个的, 必然的\n[法] 确凿的, 无疑的, 可靠的"
certainly,adv. 确定地
certainty,"n. 确定, 确实的事情\n[法] 确定, 肯定, 必然的事"
certificate,"n. 证书, 证明书\nvt. 发给证明书, 用证书批准, 用证书证明"
certificates,"n. 证明书, 执照( certificate的名词复数 )"
certification,n. 证明\n[经] 证明
certifications,n. [法] 认证；资质证书（certification的复数形式）
certified,a. 证明合格的\n[化] 检定的; 证明的; 书面证明的
cervical,"a. 颈的, 子宫颈的\n[医] 颈的"
ces,日本通迅技术标准；消费类电子展；环境研究中心
cesar,"n. 恺撒, 古罗马帝王"
cessation,"n. 停止\n[法] 中止, 中断, 停止"
ceylon,n. 锡兰
cf,"[医] 克里斯马斯因子, 补体结合"
cfa,abbr. 注册金融分析师（Chartered Financial Analyst）
cfo,abbr. 首席财务官（Chief Finance Officer）
cg,重心\n[医] 光气
cgi,"[计] 计算机生成图象, 计算机图象接口"
ch,"[计] 改变, 通道, 信道, 字符, 检验"
cha,n. （英俚）茶
chad,n. 乍得\n[计] 孔屑
chadwick,n. 查德威克（姓氏）
chai,"n. 印度奶茶, 印度茶；混合茶"
chain,"n. 链, 枷锁, 束缚\nvt. 用铁练锁住, 束缚, 囚禁"
chained,a. 装链的；链接的
chains,n. 枷锁；联营企业；缝条；链条（chain的复数）
chainsaw,"vt.用链锯割,<喻>肢解"
chair,"n. 椅子, 显要的席位, 主席\nvt. 使入座, 使就任要职"
chaired,vt. 主持（chair的过去式与过去分词形式）
chairman,"n. 主席, 会长\n[经] 主席"
chairmen,"主席, 领导人, 委员长, 会长, 议长, 抬轿人"
chairperson,n. 主席
chairs,n. 安乐椅；餐椅；椅子（chair的复数）
chakra,n. （印度瑜伽用语）人体精神力量的中心
chalk,"n. 粉笔, 白垩\nvt. 用粉笔写, 记录"
challenge,"n. 挑战, 盘问\nvt. 向...挑战, 要求, 怀疑\nvi. 挑战, 对(证据等)表示异议"
challenged,a. 受到挑战的
challenger,n. 挑战者\n[经] 申请回避的人
challengers,n. 挑战者( challenger的复数形式 )
challenges,n. 挑战( challenge的名词复数 ); 要求; （警卫等）查问口令; 怀疑
challenging,"a. 挑战的, 引起争论的"
chalmers,n. 查尔莫斯港（新西兰港口）；查尔默斯（姓氏）
chamber,"n. 室, 房间, 枪膛\nvt. 装(弹药), 把...关在室内\na. 室内的"
chamberlain,"n. 内侍, 管家, 掌管财物的人\n[法] 管家, 国王侍从, 收款员"
chambers,n. 钱伯斯（姓氏）
chameleon,"n. 美洲变色蜥蜴, 善变的人\n[医] 避役属(蜴蜥之一属)"
champ,"v. 大声地嚼, 格格地咬\nn. 格格地嚼, 咀嚼声"
champagne,"n. 香槟酒, 香槟酒色\n[化] 香槟酒"
champion,"n. 冠军, 拥护者, 战士\nvt. 保卫, 拥护\na. 优胜的"
championed,"vt. 为…而斗争, 捍卫, 声援（champion的过去式与过去分词形式）"
champions,n. 夺标；盟主；冠军（champion的复数形式）
championship,"n. 冠军身份, 冠军称号, 捍卫"
championships,n. 锦标赛( championship的复数形式 ); 冠军的地位（称号、等级、保持称号的时期）; 维护; 支持
champs,n. 冠军计划（肯德基）
chan,"n. 通道（槽, 沟）"
chance,"n. 机会, 意外, 可能性\nvi. 偶然发生\nvt. 冒险"
chancellor,"n. 大臣, 总理, 首相, 大使馆/领事馆的一等秘书, 司法官, 大学校长"
chances,n. 机会( chance的名词复数 ); 偶然; 风险; 某事发生的可能性
chandelier,n. 枝形吊灯
chandler,n. 蜡烛制造者
chandra,n. 钱德拉（印度的月神）
chanel,n. 香奈儿（服装、香水品牌）
chang,n. 青稞酒（等于chong）
change,"n. 变化, 找回的零钱, 找头, 更换\nvt. 改变, 更换, 兑换"
changed,a. 变化的；改变的
changer,"[计] 变换器, 转换器, 转接开关\n[经] 兑换店"
changes,"n. 变化, 改变（change的复数）"
changing,v. 交换；兑换；改变（change的ing形式）
channel,"n. 海峡, 航道, 频道\nvt. 引导, 在...上挖沟, 形成河道\n[计] 信道, 通道"
channels,n. 通道；水槽；隧道；频道；录音声道（channel的复数形式）
channing,n. 钱宁（男子名）
chant,"n. 圣歌, 赞美诗\nv. 吟唱, 诵扬"
chanting,念咒
chants,n. 圣歌；合唱；儿歌（chant的复数）
chaos,"n. 大混乱, 混沌\n[化] 混沌; 浑沌"
chaotic,"a. 混乱的, 无秩序的\n[法] 混乱的, 混沌的"
chap,"n. 小伙子, 颌, 龟裂\nv. 皲裂"
chapel,"n. 小教堂, 礼拜式"
chaplain,n. 牧师
chaplin,n. 卓别林（喜剧演员）
chapman,"n. 流动商贩, 小贩, 叫卖小贩"
chaps,n. 皮套裤（指皮护腿套裤）
chapter,"n. 章, 篇, 重要章节\n[计] 章; 段"
chapters,n. 章；回；章节（chapter的复数形式）
char,"n. 家庭杂务, 炭\nvi. 打杂, 烧焦"
character,"n. 个性, 字符, 人物, 性质, 品格, 资格\n[计] 字符"
characterised,vt. 刻划……的性格；表示……的特性 (characterise的变形)
characteristic,"n. 特性, 特征, 特色\na. 特性的, 特有的, 有特色的\n[计] 阶; 指数"
characteristics,"n. 特性, 特征；特质；特色（characteristic的复数）"
characterization,"n. 特性描述, 人物之塑造\n[建] 特性因数"
characterize,"vt. 描绘...的特性, 刻划...的性格"
characterized,a. [医]具有特征的\nv. 是…的特征( characterize的过去式和过去分词 ); 以…为特征; 描述（人或物）的特性; 使…具有特点（或最引人注目的特征）
characters,n. 特性；人物角色（character复数）
charcoal,n. 木炭\n[化] 木炭
charge,"n. 指控, 费用, 冲锋, 电荷, 炸药, 主管, 被托管人, 命令\nvt. 控诉, 加罪于, 使充满, 使充电, 使承担\nvi. 冲锋, 要价, 收费"
charged,"a. 充满强烈感情的, 带电的, 气氛紧张的"
charger,"n. 充电器, 冲锋者, 战马\n[化] 充电器; 装料机; 加料机"
chargers,n. 充电器( charger的复数形式 ); （旧时的）战马
charges,n. 费用；手续费；运费
charging,[计] 计费的\n[化] 充电; 装料
chariot,n. 二轮战车
charisma,"n. 非凡的领导力, 神秘的个人魅力, 神授的能力"
charismatic,"a. 魅力, 能吸引大众的非凡能力, 神授的能力, 领袖人物感人的超凡魅力"
charitable,"a. 大慈大悲的, 宽厚的, 慈善的\n[法] 慈善的, 慷慨的, 宽恕的"
charities,n. 慈爱( charity的名词复数 ); 救济金; 慈善团体; 宽厚
charity,"n. 慈悲, 博爱, 慈善团体, 施舍\n[法] 宽大, 宽恕, 慈善机关"
charles,n. 查尔斯（人名）
charleston,n. 查尔斯顿
charley,n. 查理（人名）
charlie,n. 通讯中用以代表字母C的词
charlotte,n. 水果奶油布丁
charlottesville,n. 夏洛茨维尔（美国弗吉尼亚州中部城市）
charlton,n. 查尔顿；爵敦小学
charm,"n. 吸引力, 魔力, 符咒\nvt. 迷住, 使陶醉, 行魔法\nvi. 用符咒, 有魅力"
charmed,a. 喜悦的；着迷的
charming,"a. 迷人的, 有吸引力的"
charms,n. 吸引力；符咒；护身符（charm的复数形式）
chart,"n. 图表, 海图\nvt. 制成图表\n[计] 图表"
charter,"n. 特许状, 执照, 宪章\nvt. 特许, 发给特许执照"
chartered,a. 特许的
charters,n. 许可证( charter的名词复数 ); 纲领; 宪章; 包租\nv. 发给…许可证( charter的第三人称单数 )
charting,[计] 图表\n[医] 记录表格
charts,n. 图表；排行榜（chart的复数）
chase,"n. 追求, 狩猎, 追逐\nvt. 追捕, 追逐, 雕刻, 在...上镶嵌宝石\nvi. 追赶, 奔跑"
chased,vt. 追捕（chase的过去式与过去分词形式）
chaser,"n. 猎人, 驱逐舰\n[机] 螺纹钣刀"
chases,v. 追逐（chase的三单形式）
chasing,[建] 周镂
chassis,n. 底盘\n[化] 底盘
chastity,"n. 纯洁, 贞操\n[法] 贞操, 纯洁"
chat,"n. 闲谈\nvi. 闲谈, 聊天"
chateau,n. 城堡
chatham,n. 查塔姆（姓氏）
chats,n. 矿山废石；聊天（chat的复数）
chattanooga,n. 查特怒加市（美国田纳西州东南部城市）
chatted,v. 聊天( chat的过去式 ); 闲谈; 闲聊; 参加网络闲聊
chatter,"n. 饶舌, 啁啾, 喋喋不休\nvi. 喋喋不休地谈, (鸟)啭鸣"
chatting,v. 聊天（chat的ing形式）
chauffeur,n. 司机
chavez,n. 查韦斯（委内瑞拉总统）
che,abbr. [医]胆碱酯酶（等于cholinesterase）；充电指示灯；化学（等于Chemical）
cheap,"a. 便宜的, 不值钱的, 可鄙的\nadv. 便宜地"
cheaper,"a. 成本更低, 比较便宜的"
cheapest,a. 最便宜的（cheap的最高级形式）
cheaply,adv. 便宜地
cheat,"n. 欺骗, 作弊, 骗子\nv. 欺骗, 逃脱, 骗取"
cheated,"v. 欺骗, 哄骗( cheat的过去式和过去分词 ); （尤指在游戏、比赛、考试等中）欺诈; 作弊; 已婚或有固定性伙伴的人与他人有秘密性关系"
cheater,"n. 骗子, 诈手\n[法] 骗子"
cheating,[经] 行骗
cheats,n. 骗子（cheat的复数形式）
check,"n. 检查, 支票, 阻止物, 寄物牌, 象棋中将军\nvt. 检查, 阻止, 核对, 寄存, 托运\nvi. 逐项相符, 开支票\n[计] 复选"
checked,"a. 有格子图案的, 闭音节的, 选中的\n[计] 选中的"
checkers,n. 国际跳棋
checking,[计] 检查的\n[化] 校核; 检验; 浅裂纹
checklist,"n. 清单, (美)选举人名单, 名册, 目录册"
checkout,n. 结帐台\n[计] 检验
checkpoint,n. 检查站\n[计] 检查点
checkpoints,"n. 检查站, 车站的行李房( checkpoint的复数形式 )"
checks,n. 支票；格（check的复数形式）
cheddar,n. 坚实细腻的黄色干酪\n[化] 赛达酪(英国产的一种干酪)
cheek,"n. 颊, 厚颜, 脸蛋\n[医] 颊"
cheeks,n. 面颊（cheek的复数）
cheeky,"a. 厚颜的, 无耻的, 色情的"
cheer,"n. 愉快, 振奋, 欢呼\nvi. 欢呼, 喝彩, 快活起来\nvt. 使振奋, 欢呼"
cheered,v. 欢呼（cheer的过去分词）
cheerful,"a. 快活的, 高兴的, 兴高采烈的"
cheering,"n. 欢呼, 喝彩\na. 令人振奋的, 令人高兴的"
cheerleader,n. 啦啦队长
cheerleaders,n. 啦啦队队长( cheerleader的复数形式 )
cheerleading,n. 带领啦啦队
cheers,"interj. 干杯, 再见"
cheese,n. 乳酪\n[化] 干酪
cheeseburger,n. 干酪汉堡包
cheesecake,"n. 干酪饼, 半裸体的女人照片"
cheeses,"n. 干酪, 奶酪( cheese的复数形式 ); “茄子”（要求照相的人说的口形词）"
cheesy,"a. 干酪质的, 俊俏的, 优秀的\n[医] 干酪样的"
cheetah,n. 猎豹
chef,n. 厨师
chefs,n. 大厨；主厨（chef的复数）
chelsea,"n. 切尔西（伦敦自治城市, 为文艺界人士聚居地）"
cheltenham,切尔滕纳姆[英国英格兰西南部城市]
chem,abbr. 化学（chemistry）
chemical,"n. 化学药品\na. 化学的, 化学上用的"
chemically,"adv. 用化学, 以化学方法"
chemicals,"n. 化学品, 化学制品；化学药品；化工产品（chemical的复数）"
chemist,"n. 化学家, 药剂师\n[化] 化学家; 化学师; 化学工作者; 药剂师; 药房"
chemistry,"n. 化学, 化学过程\n[化] 化学"
chemists,n. 化学家( chemist的复数形式 ); 药剂师; 药商; 药房
chemo,n. 化疗
chemotherapy,n. 化学疗法\n[化] 化学疗法
chen,n. 陈
cheney,n. 切尼（姓氏）
cheng,成（汉语拼音）
chennai,n. 金奈（印度的第四大城市）
cheque,n. 支票
cheques,n. <英>支票( cheque的复数形式 )
cher,n. 谢尔河（法国）
cherish,"vt. 珍爱, 怀有, 爱护"
cherished,v. 珍爱( cherish的过去式和过去分词 ); 怀有; 爱护; 抚育
chernobyl,[经] 车诺比
cherokee,n. 彻罗基族人（北美印第安人之一族）
cherries,n. 樱桃( cherry的复数形式 ); 樱桃树; 樱桃木; 樱桃色
cherry,"n. 樱桃, 樱桃树, 樱桃色\n[医] 樱桃"
cheryl,n. 谢丽尔（女子名） 
chesapeake,切萨皮克[美国弗吉尼亚州东南部城市]
cheshire,n. 柴郡
chess,n. 国际象棋\n[建] 雀麦
chest,"n. 胸, 胸部, 衣柜, 箱子\n[医] 胸, 胸廓"
chester,n. 切斯特（美国港口城市）；切斯特（英国一城市）
chesterfield,"n. 天鹅绒领子暗钮长大衣, 坐卧两用长沙发"
chestnut,"n. 栗子, 栗树, 栗色\na. 栗色的"
chests,n. 胸部( chest的复数形式 ); （常为木制的）箱子; 有…胸的; 胸部…的
chet,n. 切特（男人名）
chevrolet,n. 美国雪佛兰牌汽车
chevron,"n. V形袖章, 锯齿形花饰\n[计] 人字形"
chevy,"n. 打猎时的叫喊, 追赶, 追猎\nvt. 追赶, 追猎\nvi. 奔跑"
chew,"vt. 咀嚼, 嚼碎\nvi. 咀嚼, 细想\nn. 咀嚼, 咀嚼物"
chewed,"v. 咀嚼, 咬( chew的过去式和过去分词 ); （因为紧张等）咬住, 不停地啃, （为尝味道）不停地咀嚼"
chewing,[医] [咀]嚼
cheyenne,n. 夏安族；夏安族人；夏安语
chi,"n. 希腊语的第22个字母\n[医] 卡, χ(希腊文的第二十二个字母)"
chiang,n. 蒋（中国姓氏）
chic,"n. 漂亮, 别致的款式\na. 漂亮的, 别致的"
chicago,n. 芝加哥
chick,"n. 小鸡, 小鸟, 竹帘"
chicken,"n. 小鸡, 鸡肉"
chickens,n. 鸡( chicken的复数形式 ); 鸡肉
chicks,n. 雏鸡；小鸡（chick的复数形式）
chico,n. [植]藜科灌木
chief,"n. 领袖, 酋长, 长官, 主要部分\na. 主要的, 首位的"
chiefly,adv. 主要地
chiefs,n. 族长( chief的复数形式 ); 酋长; 首领; （公司或机构的）首领
chihuahua,n. 吉娃娃(一种产于墨西哥的狗)
child,"n. 孩子, 产物, 追随者\n[医] 儿童"
childbirth,"n. 分娩\n[医] 分娩, 生产"
childcare,n. 儿童照管；儿童保育
childhood,n. 孩童时期\n[医] 儿童期
childish,"a. 天真的, 孩子气的"
children,"pl. 孩子, 孩子们"
childs,n. 蔡尔兹（人名）
chile,n. 智利\n[化] 番椒; 辣椒
chilean,"n. 智利人, 智利讲的西班牙语\na. 智利文化的, 智利人的, 智利的"
chili,"n. 干辣椒, 辣椒粉"
chill,"n. 寒冷, 寒意, 失意\na. 寒冷的, 冷漠的\nvt. 使寒心, 冷冻\nvi. 变冷"
chilled,"a. 已冷的, 冷硬了的, 冷冻了的\n[建] 冷却了的, 冷凝了的, 淬火迟的"
chilli,n. 红辣椒
chilling,"[计] 冷却, 致冷"
chills,n. 寒冷；冷漠；寒栗（chill的复数）
chilly,"a. 寒冷的, 冷淡的, 不友好的\n[建] 番椒, 冷"
chime,"n. 钟声, 钟, 和谐\nvi. 鸣, 奏出谐和的乐声, 和谐\nvt. 敲出和谐的声音, 打钟报时, 重复说"
chimney,"n. 烟囱, 灯罩\n[电] 烟囱"
chin,"n. 下巴, 颏\n[医] 颏"
china,"n. 中国, 瓷器\na. 中国的"
chinatown,"n. 唐人街, 中国城"
chinese,"n. 中文, 中国话, 中国人\na. 中国的, 中国话的"
ching,n. 实验用电子控制自动转换
chip,"n. 屑片, 薄片, 碎片\nvt. 削, 切, 削成碎片, 使摔倒, 凿\nvi. 削下屑片\n[计] 孔屑; 组件; 晶片; 芯片"
chipotle,"n. 干红辣椒, 烟味辣椒, 墨西哥风味快速便餐"
chipped,"a. 有缺口的, 用碎片组成的"
chipping,"n. 碎屑, 破片\n[机] 凿平"
chips,n. 炸土豆条；小木片；（作赌注用的）圆形筹码；缺口（chip的复数形式）
chloe,n. 克洛伊（女子名）
chloride,n. 氯化物\n[化] 氯化物; 盐酸盐
chlorine,n. 氯\n[化] 氯Cl
cho,abbr. 首席人事官（Chief Human resources Officer）
chocolate,n. 巧克力\na. 巧克力制的
chocolates,n. 巧克力糖（chocolate的复数形式）
choi,n. 蔡；崔（姓氏）
choice,"n. 选择, 精选品, 选择权\na. 精选的, 挑三拣四的, 上等的\n[计] DOS内部命令:在批处理文件中\n该命令用于提示用户作出选择, 决定批处理文件的流程"
choices,n. 选择（choice的复数）
choir,"n. 唱诗班, 唱诗班的席位\nv. 合唱"
choke,"vt. 窒息, 阻塞, 噎, 抑制\nvi. 窒息, 阻塞, 噎\nn. 窒息, 噎, 阻气门"
choked,"a. 生气的, 恼怒的；堵塞的"
choking,"a. 窒息的, 气闷的, 透不过气来的\n[化] 壅塞; 噎塞"
cholera,n. 霍乱\n[医] 霍乱
cholesterol,n. 胆固醇\n[化] 胆固醇; 胆固醇
chong,n. 庄
choo,n. (Choo)人名；(泰)初
choose,"vt. 选择, 宁愿, 欲\nvi. 作出选择, 愿意\n[计] 选取"
chooses,v. 挑选( choose的第三人称单数 ); 选择; 选定; 喜欢
choosing,v. 选择；决定（choose的ing形式）
chop,"n. 肋条肉, 排骨, 砍, 戳记, 商标\nvt. 剁碎, 砍, 切击, 割断\nvi. 砍, 突然转向"
chopped,v. 砍；斩碎；大量削减（chop的过去分词）
chopper,"n. 切物之人, 斧头, 切肉大刀\n[化] 切碎机; 切...机; 断裂剂(热原子化学); 断路器; 斩波器; 断续器"
chopping,[电] 截断
chops,n. 摆簧夹；排骨；削球（chop的复数）
choral,a. 合唱队的
chord,"n. 弦, 和音\n[医] 索, 带"
chords,"n. 和弦；弦（乐器上的, chord的复数）"
chore,"n. 零工, 家务\n[经] 零工"
choreographer,n. 舞蹈指导
choreography,"n. 舞蹈艺术, 舞台舞蹈"
chores,n. chore的复数; 零星工作（尤指家常杂务）( chore的复数形式 ); 零活儿
chorus,"n. 合唱队, 齐声\nv. 齐声说道, 合唱"
chose,n. 动产\nchoose的过去式
chosen,choose的过去分词
chow,"n. 食物, 颚"
chris,n. 克里斯（男子名）；克莉丝（女子名）
christ,"n. 基督, 救世主"
christchurch,n. 克赖斯特彻奇
christensen,n. 克里斯滕森（人名）
christi,n. (Christi)人名；(匈)克里斯蒂
christian,"n. 基督徒, 正派人\na. 基督的, 基督教的"
christianity,"n. 基督教, 基督教精神"
christians,n. 基督教徒( Christian的复数形式 )
christie,n. 克里斯蒂（姓氏）；挪威首都奥斯陆的旧称
christina,n. 克里斯蒂娜（女子名）
christine,n. 克莉丝汀（女子名）
christmas,n. 圣诞节
christopher,n. 克里斯多夫（男子名）
christy,[建] 克兑斯泰
chrome,"n. 铬, 铬合金\n[医] 铬(24号元素)"
chromium,n. 铬\n[化] 铬Cr
chromosome,n. 染色体\n[化] 染色体
chromosomes,n. <生>染色体( chromosome的复数形式 )
chronic,"a. 慢性的, 习惯性的\nn. 慢性病患者"
chronically,"adv. 慢性地, 长期地, 习惯性地"
chronicle,"n. 年代记, 记录, 编年史\nvt. 把...载入编年史"
chronicles,n. 历代记（旧约）
chronological,"a. 年代学的, 按时间顺序的, 按照年月顺序的\n[计] 编年的, 按年月日顺序的"
chronology,"n. 年代学, 资料按年月次序的排列, 按时间顺序编制的表格, 年表"
chrysler,[经] 克莱斯勒
chu,abbr. 摄氏热单位（Centigrade Heat Unit）
chubby,a. 圆胖的
chuck,"n. 抚弄, 赶走, 抛掷, 咯咯声, 颈肉, 卡盘\nvt. 轻拍, 抛掷, 驱逐, 丢弃, 用卡盘夹住\nvi. 咯咯叫"
chuckle,"n. 咯咯的笑声, 轻笑\nvi. 咯咯的笑, 咕咕叫"
chuckles,n. 轻声地笑( chuckle的名词复数 )\nv. 轻声地笑( chuckle的第三人称单数 )
chun,n. (Chun)人名；(柬)宗；(泰)春
chung,"n. 钟, 宗, 忠, 聪"
chunk,"n. 大块, 矮胖的人(或物)\n[经] 定样"
chunks,"n. 大块, 矮胖的人或物（chunk的复数形式）"
chunky,a. 矮矮胖胖的
church,"n. 教堂, 礼拜, 教会\nvt. 使人接受宗教仪式\na. 教堂的"
churches,n. （基督教的）教堂( church的名词复数 ); 礼拜仪式; 教派; 基督教牧师
churchill,n. 邱吉尔
churning,"n. 搅乳, 一次搅制的奶油(量)\n[经] 在市场上不断购进售出"
chute,"n. 瀑布, 斜槽\n[化] 斜槽; 滑槽; 滑运道"
ci,"[计] 输入, 通信接口, 计算机工业, 配置项\n[化] 化学电离"
cia,中央情报局\n[计] 中国互联网络协会
cicero,"n. 西塞罗（古罗马政治家、雄辩家、著作家）；西塞罗（美国伊利诺伊州东北部城市, 在芝加哥附近）"
cid,"n. 首领, 英国刑事调查局"
cider,"n. 苹果汁, 苹果酒\n[建] 苹果汁"
cigar,n. 雪茄
cigarette,"n. 香烟, 纸烟"
cigarettes,"n. 纸烟, 香烟( cigarette的复数形式 )"
cigars,n. 雪茄烟（cigar的复数）
cincinnati,n. 辛辛那提\n[经] 辛辛纳提
cinderella,n. 灰姑娘
cindy,"n. 辛迪（女子名, Cynthia的昵称）"
cinema,"n. 电影院, 电影"
cinemas,n. 电影院（cinema的复数）
cinematic,"a. 电影的, 影片的"
cinematography,n. 电影制片术\n[医] [外科手术]电影照相术
cinnamon,"n. 肉桂, 肉桂树皮, 肉桂色\na. 肉桂色的, 浅黄褐色的"
cio,abbr. 美国产业工会联合会（Congress of Industrial Organizations）；首席信息官（Chief Information Officer）
cipher,"n. 零, 暗号, 密码, 无用的东西, 阿拉伯数字\nv. 计算, 做算术"
cir,"abbr. circular 通知; circulation （货币, 货物等的）流通; circle 圆; circa (Latin=about) （拉丁语）大约"
circa,prep. 大约在\n[经] 大约
circle,"n. 圆周, 社交圈, 循环, 范围\nvt. 围着, 环绕\nvi. 盘旋, 循环"
circled, 均衡的
circles,n. 园；圆圈；循环（circle的复数）
circling,[医] 羊利斯特氏菌病
circuit,"n. 电路, 环(行)道, 巡回\n[计] 线路; 电路"
circuits,n. 环路；巡回；电路（circuit的复数）
circular,"a. 圆形的, 循环的, 间接的\n[医] 环状的, 循环的"
circulate,"v. (使)流通, (使)循环, (使)传播"
circulated,a. 流通的
circulating,"a. 循环的, 流通的\n[经] 流动"
circulation,"n. 流通, 循环, 发行量\n[化] 环流"
circumcision,"n. 包皮环割术, 环切术, 犹太教的割礼, 净心, 犹太人\n[医] 包皮环切术"
circumference,"n. 圆周, 周缘, 胸围\n[医] 周缘, 环状面"
circumstance,"n. 环境, 状况, 事件"
circumstances,"[法] 事件, 事项, 详细情节"
circumstantial,a. 依照情况的
circumvent,"vt. 绕行, 陷害, 包围, 智取"
circus,"n. 马戏团, 马戏, 竞技场"
cis,"[计] 中央信息系统, 字符指令系统, 计算机信息服务, 用户信息系统"
cisco,n. 加拿大白鲑
citadel,"n. 城堡, 避难处"
citation,"n. 引用, 引证, 引用文\n[建] 引证, 指引"
citations,n. 引用( citation的复数形式 ); 引证; 引文; 表扬
cite,"vt. 引用, 引证, 表彰\n[建] 引证, 指引"
cited,v. 引用（cite的过去分词）
cites,n. 引文（cite的复数形式）
cities,n. 城市（city的复数）
citing,"n. 引用, 引证；举例"
citizen,"n. 市民, 公民\n[法] 公民, 国民, 市民"
citizens,n. 市民；公民（citizen的复数）
citizenship,"n. 国籍, 市民权, 市民的身份\n[法] 公民权, 公民资格, 公民身分"
citrus,n. 柑橘属果树
city,"n. 城市, 市\n[法] 都市, 城市, 市"
civ, [医][=chilo irridescent virus]奇洛彩虹色病毒
civic,"a. 市的, 市民的, 公民的\n[法] 公民的, 市民的, 公民资格的"
civil,"a. 市民的, 公民的, 有礼貌的\n[法] 公民的, 国民的, 民用的"
civilian,"n. 平民, 民法专家\na. 平民的, 百姓的, 民用的"
civilians,"n. 平民, 百姓( civilian的复数形式 ); 老百姓"
civilisation,"n. 文明, 文明世界, 文化, 开化, 教化"
civilization,"n. 文明, 教化\n[法] 文明, 文化, 文明国家的总称"
civilizations,n. 文明( civilization的复数形式 ); 文明社会; （特定时期和地区的）社会文明; 人类文明的生活
civilized,"a. 文明的, 有礼的"
cj,"审判长, 法院院长, 首席法官"
ck,abbr. 肌酸激酶（creatine kinase）；美国第一大设计师品牌（Calvin Klein）；呼叫键（Call Key）
cl,"[计] 命令语言, 编译程序语言, 计算机语言, 控制线\n[化] 中心线"
clad,vt. 在金属外包上另一种金属\na. 包层金属的\nclothe的过去式和过去分词
claim,"n. 要求, 要求权, 断言, 权利\nvt. 要求, 认领, 主张\nvi. 提出要求, 主张, 断言"
claimant,"n. 提出要求者, 原告\n[经] 索赔人, 债权人"
claimants,"n. 申请者, 要求者( claimant的复数形式 )"
claimed,v. 宣称；声称；断言（claim的过去式）
claiming,v. 要求（应得权利）( claim的现在分词 ); 声称; 需要; 夺走
claims,"n. 权利要求；要求, 请求权；债权；索赔（claim的复数形式）"
clair,abbr. 自治体国际化协会
claire,n. 克莱儿（女子名）
clam,"n. 蛤, 沉默寡言的人\nvi. 捞蛤"
clamp,"n. 夹钳\nvt. 夹紧, 强加"
clams,[医] 放线菌病(牛)
clan,"n. 氏族, 宗族, 集团\n[医] 支"
clancy,克兰西（人名）
clandestine,"a. 偷偷摸摸的\n[法] 秘密的, 暗中的"
clans,n. 宗族( clan的复数形式 ); 氏族; 庞大的家族; 宗派
clap,"n. 拍手, 拍手声, 霹雳声, 花柳病\nv. 鼓掌, (使)啪地关上"
clapped,v. 拍手( clap的过去式和过去分词 ); （常指友好地）轻拍某人的背（或肩）; 急速放置
clapping,"n. 掌声, 拍手声\n[医] 拍打法(按摩的一种手法)"
clara,n. 克拉拉（女子名）
clare,n. 克莱尔（女子名）
clarence,n. 克拉伦斯马车(一种四轮马车)
clarification,"n. 澄清, 净化\n[计] 澄清报告; 澄清"
clarified,"v. 使清楚, 澄清( clarify的过去式和过去分词 ); （尤指通过加热使黄油）纯净; 说明; 使（头脑、神智等）清醒"
clarify,"vi. 澄清, 阐明\nvt. 使明晰"
clarifying,[医] 澄清的
clarinet,"n. 竖笛, 单簧管, 黑管"
clarity,"n. 清楚, 明晰\n[化] 透明度; 透明性; 清晰性"
clark,n. 克拉克（男子名）
clarke,n. 克拉克（姓氏）
clarkson,n. 克拉克森（男子名）
clash,"n. 冲突, 撞击声, 抵触\nvi. 冲突, 抵触\nvt. 使发出撞击声\n[计] 对撞"
clashed,vt. 发出撞击声（clash的过去式与过去分词形式）
clashes,n. 冲突( clash的名词复数 ); 不协调; （两群人之间的）打斗
clasp,"n. 扣子, 钩, 紧握\nv. 扣紧, 紧握"
class,"n. 班级, 阶级, 种类, 课\nvt. 分类\n[计] 类别; 类; 种类; 类程"
classed,"vt. 把…归入某等级, 把…看作（class的过去式与过去分词形式）"
classes,"n. 级别, 阶级（class复数形式）"
classic,"n. 古典作品, 杰作, 大艺术家\na. 第一流的, 最优秀的, 古典的"
classical,"a. 古典的, 正统派的, 经典的\n[医] 古典的; 标准的, 典型的"
classics,n. 古希腊、古罗马文学（classic的复数）
classification,"n. 分类, 分级\n[化] 分级; 分粒; 分类"
classifications,n. 分类( classification的复数形式 ); 分级; 类别; （动植物等的）分类学
classified,"a. 分类的, 被归入某类的, 被指定为机密的\n[建] 分了类的, 分了级的"
classify,"vt. 分类, 归类, 分等\n[建] 分类, 分级, 分粒"
classmate,n. 同班同学
classmates,n. （同班）同学( classmate的名词复数 ); 砚兄砚弟
classroom,n. 教室
classrooms,"n. 教室, 课堂( classroom的复数形式 )"
classy,"a. 上等的, 优等的, 漂亮的"
claude,n. 克劳德（男子名）
claudia,n. 克劳迪娅（女子名）
claudio,n. 克劳迪奥（男子名）
claus,n. 克劳斯（男子名）
clause,"n. 子句, 条款\n[计] 子句"
clauses,n. 子句；条款（clause的复数形式）
claw,"n. 爪, 螯, 抓伤\nv. 用爪抓, 挖, 搜刮"
claws,n. 爪( claw的名词复数 ); （有壳水生动物的）螯; 爪形夹具; （机械的）爪
clay,"n. 泥土, 肉体, 黏土\n[化] 粘土"
clayton,"n. 克莱顿（姓氏, 男子名）"
clean,"a. 干净的, 清白的, 简洁的\nadv. 清洁地, 完全地\nvt. 清理, 使干净, 出空\nvi. 被搞干净\nn. 打扫"
cleaned,v. （使）清洁( clean的过去式和过去分词 ); 变干净; 除去…的灰尘; 使…干净
cleaner,"n. 清洁工人, 清洁剂, 干洗商\n[化] 滤清器; 除垢器; 洗净剂; 清洁剂"
cleaners,n. 干洗店
cleaning,"n. 清洁, 扫除, 家畜的胞衣, 扫除出来的垃圾, 大败, 输得精光, 除伐, 巨额利润\n[计] 清洗, 清除"
cleanliness,"n. 清洁, 干净"
cleans,n. 打扫；精煤（clean的复数）
cleanse,"vt. 使清洁, 净化, 使纯净\n[建] 纯化, 净化, 精炼"
cleansing,"[医] 洗净, 清洗法"
cleanup,"n. 清除, 暴利\n[经] 清扫工作, 扫除"
clear,"a. 清楚的, 明确的, 澄清的\nadv. 清晰地\nvt. 澄清, 清除障碍\nvi. 放晴, 变清澈\nn. 空隙\n[计] 清除"
clearance,"n. 清除, 间隙\n[化] 间隙; 空隙"
cleared,v. 使干净；清除（clear的过去分词）
clearer,"[医] 澄清剂, 透明剂; 洗剂(牙)\n[经] (票据)交换员"
clearing,"n. 清扫, 空地, 票据清算\n[经] 票据交换, 结算, 结帐"
clearly,adv. 清楚地
clears,v. 变明朗( clear的第三人称单数 ); 明白; 离去; （通过票据交换所）交换票据
cleavage,"n. 劈开, 裂片, 分裂\n[化] 解理"
clegg,克莱格
clement,"a. 仁慈的, 宽厚的, 温和的"
clemson," [人名] [英格兰人姓氏] 克莱姆森取自父名，来源于Clemm,含义是“克莱姆之子”(son of Clemm); [地名] [美国] 克莱姆森"
cleopatra,克利奥帕特拉（女子名）
clergy,"n. 牧师, 僧侣, 神职人员"
clergyman,n. 牧师
cleric,"a. 牧师的, 教士的"
clerical,"n. 牧师\na. 文书的, 事务上的, 抄写员的, 牧师的"
clerics,"n. 牧师, 教士, 神职人员( cleric的复数形式 )"
clerk,"n. 办事员, 职员, 文书\nvi. 当店员"
clerks,n. <美>店员( clerk的名词复数 ); <英>办事员; （议会、法院等的）书记员; 簿记员
cleveland,n. 克利夫兰
clever,"a. 聪明的, 精明的"
cleverly,"adv. 聪明地, 全然, 完全, 巧妙地"
cliche,"n. 陈腔滥调, 凸印版\na. 陈腐的"
click,"n. 咔哒声, 啪嗒声\nvi. 作咔哒声\nvt. 使发咔哒声\n[计] 单击"
clicked,"v. 使发出咔哒声, 使咔哒（或咔嚓）响( click的过去式和过去分词 ); 突然明白; 配合默契; 在计算机荧光屏上用鼠标器)咔嗒一按"
clicking,n. 微小静电干扰声
clicks,n. 点击数；滴答声（click的复数）
client,"n. 客户, 顾客, 委托人\n[计] 客户, 客户机, 客户机程序"
clientele,"n. 诉讼委托人, 客户\n[法] 委托人, 受保护者, 门徒"
clients,n. 客户端；顾客；救济对象；应受账款；委托方（client的复数）
cliff,"n. 悬崖, 绝壁"
clifford,n. 克利福德（男子名）
cliffs,"n. 悬崖, 峭壁（cliff的复数形式）"
clifton,n. 克利夫顿（男子名）
climate,"n. 气候, 社会趋势, 气候区\n[医] 气候"
climates,n. 气候( climate的复数形式 ); 气候区; 倾向; 思潮
climatic,a. 气候的
climax,"n. 高潮, 极点, 层进法\nv. (使)达到顶点, (使)达到高潮"
climb,"v. 攀登, 上升, 爬\nn. 攀登, 爬升"
climbed,v. 爬（ climb的过去式和过去分词 ）; 攀登; （尤指吃力地向某处）爬; 登山
climber,n. 登山者\n[电] 登杆器
climbers,n. 脚扣；攀缘植物；登山者（climber的复数）
climbing,"a. 攀缘而登的, 上升的\nn. 攀登"
climbs,v. 爬( climb的第三人称单数 ); 攀登; （尤指吃力地向某处）爬; 登山
clinch,"n. 钉牢\nv. 敲弯, 用臂钳住"
clinched,"v. （尤指两人）互相紧紧抱[扭]住( clinch的过去式和过去分词 ); <非正>解决（争端、交易）, 达成（协议）"
cling,"vi. 粘紧, 附着, 紧贴, 坚持"
clinging,"a. 执着的, 有粘性的"
clinic,"n. 诊所, 临床教学\n[医] 诊所(门诊部); 临床(讲解); 临床(学)科"
clinical,"a. 临床的, 门诊部的\n[医] 临床的, 临证的"
clinically,"adv. 临床, 临诊, 冷静, 不偏不倚, 分析"
clinicians,"n. 临床医生, 临床教师( clinician的复数形式 )"
clinics,n. 诊所( clinic的复数形式 ); 门诊时间; 私人诊所; 临床实习
clint,n. 石芽；石灰岩岩脊；岩沟
clinton,n. 克林顿（男子名）
clintons,克林顿(男子名)
clip,"n. 修剪, 夹子, 回形针, 剪下来的东西\nvt. 修剪, 痛打, 夹牢, 剪报\nvi. 剪报"
clipped,"a. 省略一部分的, 发音清楚的"
clippers,"n. 大剪刀, 修剪工具, 钳子, 轧刀"
clipping,"n. 剪断, 剪裁, 剪下物, 剪报\na. 第一流的, 头等的, 极好的, 快速的\n[计] 剪取; 削波"
clips,n. 夹子；弹片；剪下来的东西；回形针（clip的复数）
clique,"n. 派系, 集团\nvi. 结党\n[计] 集团型"
clit,"n. 阴核, 阴蒂"
clive,n. 克莱夫（男子名）
cloak,"n. 斗蓬, 大氅, 掩护\nvt. 遮掩, 隐匿, 使披斗蓬"
clock,"n. 时钟, 计时器, (袜子上的)绣花边花\nvt. 绣花样, 记时, 记录\nvi. 记录时间\n[计] 时钟"
clocked,v. 为…计时（clock的过去分词）
clocks,n. 钟表；时钟（clock的复数）
clockwise,a. 顺时针方向的\nadv. 顺时针方向地
clockwork,"n. 钟表装置, 发条装置\n[电] 时钟开关"
clogged,a. 阻塞的；堵住的
clone,n. 无性系\n[计] 代用件
clones,n. （动植物的）克隆( clone的名词复数 ); 无性繁殖系; 复制人（或动植物。）; 好像一模一样的人\nv. （使某物）无性繁殖( clone的第三人称单数 )
cloning,[计] 研制兼容产品\n[化] 克隆
clooney,克卢尼（人名）
close,"n. 结束, 完结\na. 靠近的, 亲近的, 亲密的, 严密的, 关闭的, 狭窄的, 秘密的\nvt. 关, 结束, 使靠近, 封闭, 使接近\nvi. 关闭, 结束, 靠近\nadv. 接近地, 紧密地\n[计] 关闭"
closed,"a. 关闭的, 限于少数人的\n[计] 关闭指令"
closely,adv. 接近地
closeness,"[建] 密闭, 紧密"
closer,"n. 关闭者, 闭合器, 关闭器"
closes,"v. （使）关, 关闭( close的第三人称单数 ); 终止; （使）缩小; 合上"
closest,a. 最靠近的（close的最高级）
closet,"n. 壁橱, 小室\na. 秘密的, 空谈的\nvt. 把...关入小室"
closing,n. 结束\na. 结束的
closure,n. 关闭\nvt. 使终止
closures,n. （永久的）停业( closure的名词复数 ); 倒闭; 结束; （路或桥的）暂时封闭
clot,"n. 凝块, 一团\nv. (使)凝结, (使)聚集"
cloth,"n. 布料, 织品, 布\n[建] 布"
clothed,clothe的过去式和过去分词
clothes,n. 衣服
clothing,n. 衣服
cloths,"n. 布, 衣料, 织物, 布块, 桌布, (某一职业的标识)服装, 帆"
cloud,"n. 云, 阴暗, 烟雾, 疑团\nvt. 以云遮敝, 笼罩, 使黯然\nvi. 乌云密布, 阴沉"
clouds,"n. 云彩, 白云（cloud复数形式）"
cloudy,"a. 多云的, 有愁容的, 云的, 浑浊的\n[建] (混)浊的"
clout,"n. 敲击, 破布\nvt. 打补钉"
clover,n. 红花草\n[建] 三叶草
clown,"n. 小丑, 乡下人"
clowns,n. 丑角( clown的名词复数 ); 行为荒诞滑稽的人; 蠢货; 笨蛋
club,"n. 俱乐部, 木棍, 球棒\nvt. 用棍棒打, 缴纳\nvi. 联合起来\na. 俱乐部的"
clubhouse,n. 俱乐部会所
clubs,n. （扑克牌）梅花；俱乐部；社团（club的复数）
clue,"n. 线索, 暗示\nvt. 暗示, 提供线索"
clueless,"a. 无能的, 笨的"
clues,"n. 线索, 蛛丝马迹（clue的复数）"
clumsy,"a. 笨拙的, 不雅观的, 粗陋的"
cluster,"n. 串, 丛, 群, 簇\nvi. 成串, 丛生\nvt. 使聚集\n[计] 簇"
clustered,"a. 成群的, 集束的\n[计] 成群的"
clusters,n. 群集；簇；丛（cluster的复数形式）
clutch,"n. 抓紧, 掌握, 离合器, 一窝小鸡\nvt. 抓住, 踩汽车离合器踏板\nvi. 抓\n[计] 联轴器; 离合器"
clutches,"v. 抓住, 紧紧抓住( clutch的第三人称单数 ); （因害怕或痛苦）突然抓住"
clutching,"v. 抓住, 紧紧抓住( clutch的现在分词 ); （因害怕或痛苦）突然抓住"
clutter,"n. 杂乱\nvt. 弄乱, 使凌乱"
clyde,n. 克莱德（男子名）
cm,"[计] 厘米, 中央存储器, 通信多路转换器, 控制标志, 磁心存储器\n[医] 锔(96号元素)"
cmc,"[计] 命令模块计算机, 通信管理配置, 通信方式控制\n[化] 临界胶束浓度"
cms,abbr. 教会传教士协会（Church Missionary Society）
cn,[计] 通信网络
cnbc,n. Consumer News and Business Channel 美国全国广播公司财经频道
cnn,abbr. 美国有线电视新闻网络（Cable News Network）
co,[医] 钴(27号元素)
coa,[化] 辅酶A\n[医] 辅酶A
coach,"n. 四轮大马车, 教练\nvt. 训练, 指导\nvi. 坐马车旅行, 作指导"
coached,"v. 训练, 辅导( coach的过去式和过去分词 )"
coachella,科切拉
coaches,"n. 长途客运汽车( coach的复数形式 ); （铁路）旅客车厢; 教练; 指导\nv. 训练, 辅导( coach的第三人称单数 )"
coaching,n. 辅导；教练技术
coal,"n. 煤, 木炭\nv. 加煤"
coalition,"n. 结合体, 结合, 联合\n[经] 联合, 联盟"
coarse,"a. 粗糙的, 下等的, 粗俗的\n[计] 粗略的"
coast,"n. 海岸, 滑坡\nv. 沿海岸而行"
coastal,"a. 海岸的, 沿海的, 沿岸的\n[法] 海岸的, 沿海的"
coaster,"n. 沿海航行者/贸易者, 沿海航船, 带轮银盘, 杯托, (酒瓶)垫子\n[经] 沿海贸易船"
coasters,n. 沿海航行者( coaster的复数形式 ); 沿（近） 海航船; 飞轮; 垫子
coastline,n. 海岸线
coasts,n. 海岸；海滨（coast的复数）
coat,"n. 外套\nvt. 外面覆盖, 给...穿外套"
coated,"a. 穿外套的, 上涂料的\n[建] 包著的, 套著的, 涂过"
coates,n. 科茨（姓氏）；高氏（涂料公司名）
coating,"n. 涂层, 上衣衣料\n[计] 涂复, 涂层, 镀层, 敷层"
coatings,"n. 涂料, 涂层；镀膜加工（coating的复数形式）"
coats,n. 外套（coat的复数）
cobalt,"n. 钴, 钴类颜料\n[化] 钴Co"
cobb,n. 科布（姓氏）；酷伯传奇（电影名）
cobra,n. 眼镜蛇\n[医] 眼镜蛇
coca,"n. 古柯, 古柯叶\n[医] 古柯"
cocaine,"n. 可卡因, 古柯碱\n[化] 可卡因; 古柯碱"
cochran,科克伦（人名）
cochrane,n. 科克兰（男子名）；考昆（加拿大地名）
cock,"n. 公鸡, 雄禽, 龙头, 头目, 锥形小干草堆\nvt. 使耸立, 使竖起, 堆成锥形小干草堆\nvi. 大摇大摆地走, 翘起"
cockpit,"n. 驾驶员座舱, 战场"
cockroach,n. 蟑螂\n[医] 蟑螂
cockroaches,n. 蟑螂( cockroach的复数形式 )
cocks,n. 闷头；塞子；公鸡（cock的复数）
cocktail,"n. 鸡尾酒, 开味品\na. 鸡尾酒会的"
cocktails,n. 鸡尾酒（cocktail的复数）
cocky,"a. 骄傲的, 自大的, 太过自信的"
coco,"n. 椰子树, 椰子\n[医] 斐济群岛类雅司病"
cocoa,"n. 可可粉, 可可茶, 可可色\n[医] 可可, 可可豆"
coconut,n. 椰子\n[医] 椰子(实)
cod,"n. 鳕, 欺骗, 愚弄\nv. 欺骗, 愚弄"
code,"n. 代码, 密码, 法规, 法典\nvt. 把...编码\n[计] 代码"
coded,a. 编码的；电码的；译成电码的
codes,"n. 编码, 代码；规范；准则（code的复数）"
codex,"n. 手抄本, 法典, 药典\n[计] 编译码器, 压缩/解压程序"
coding,n. 译码\n[计] 编码
cody,n. 科迪（姓氏）
coe,abbr. 卓越中心（Center of Excellence）；报名确认（Confirmation of enrollment）；计算机优化均衡（Computer Optimized Equalization）；公共操作环境（Common Operating Environment）
coefficient,n. 系数\n[计] 系数
coefficients,n. 系数( coefficient的复数形式 ); （测定某种质量或变化过程的）率; 程度
coerced,v. 迫使做( coerce的过去式和过去分词 ); 强迫; （以武力、惩罚、威胁等手段）控制; 支配
coercion,"n. 强迫, 威压, 高压统治\n[法] 强迫, 强制, 高压统治"
coffee,"n. 咖啡, 咖啡色\n[医] 咖啡, 咖啡豆"
coffin,"n. 棺材, 灵柩\nvt. 把...装进棺材"
cognition,"n. 认识, 认识力, 认识的结果\n[医] 认识, 识别"
cognitive,"a. 认知的, 认识的"
cohen,科恩（姓氏）
coherence,"n. 黏合(性), 连贯性, 一致性\n[化] 相干性"
coherent,"a. 互相耦合的, 清晰的, 明了的，凝聚性的, 连贯的"
cohesion,"n. 结合, 黏聚, 内聚\n[计] 内聚性"
cohesive,a. 黏合在一起的\n[医] 内聚的
cohort,n. 一群；步兵大队；支持者；共同特点的一群人
coil,"n. 线圈, 盘绕, 骚动, 卷\nvt. 盘绕, 卷"
coils,n. 卷；线圈（coil的复数）
coin,"n. 硬币, 金钱, 货币\nvt. 铸币, 创造, 杜撰"
coincide,"vi. 一致, 符合\n[化] 重合"
coincided,v. 两件或更多的事情同时发生( coincide的过去式和过去分词 ); 想法、意见等相同; 相符; 极为类似
coincidence,"n. 巧合, 同时发生\n[电] 符合计数器"
coincidentally,adv. 巧合地；一致地
coincides,v. 两件或更多的事情同时发生( coincide的第三人称单数 ); 想法、意见等相同; 相符; 极为类似
coined,v. 制造硬币( coin的过去式和过去分词 ); 创造
coins,n. 硬币（coin的复数）
coke,"n. 可口可乐, 焦炭\nv. (使)成焦炭"
col,"n. 出口, 山坳\n[计] 列"
cola,"结肠, 冒号, 科朗\n[化] 可乐果; 可乐果属; 可乐果干子叶"
colbert,"n. 科尔伯特（人名）\n科尔伯特（地名, 在美国）"
colby,n. 科尔比氏干酪
colchester,n. 科尔切斯特（英国英格兰东南部城市）
cold,"n. 感冒, 寒冷\na. 寒冷的, 冷淡的, 冷静的\nadv. 完全地"
colder,"a. 更冷的, 越来越冷的（cold的比较级）"
coldest,冷的\n寒冷的\n冷酷的\n冷淡的\n冷静的（cold的最高级）
cole,"n. 芸苔属植物, 海甘蓝"
coleman,n. 科尔曼（姓氏）
coles,[医] 阴茎
coli,n. 大肠杆菌
colin,n. 科林（男子名）
coliseum,"n. 大体育馆, 大剧场,大公共娱乐场"
collaborate,"vi. 合作, 勾结\n[法] 合作, 合著, 通敌"
collaborated,v. 合作( collaborate的过去式和过去分词 ); 勾结叛国
collaborating,n. 协作；合作
collaboration,"n. 合作, 勾结\n[法] 通敌卖国者, 奸细"
collaborations,"n. 合作, 协作( collaboration的复数形式 ); 通敌"
collaborative,"a. 合作的, 协作的"
collaborator,"n. 合干者, 合作者, 通敌者\n[法] 合作者, 协助者, 勾结者"
collaborators,"n. 协作者, 合作者, 勾结者( collaborator的复数形式 )"
collage,n. 拼贴画
collagen,n. 胶原\n[化] 骨胶原; 胶原
collapse,"n. 崩溃, 倒塌, 虚脱\nvi. 倒塌, 崩溃, 瓦解\nvt. 使倒塌, 折叠\n[计] 折叠"
collapsed,a. 倒塌的；暴跌的；收缩的；倾陷了的
collapses,vt. 使倒塌；使瓦解
collapsing,v. 压扁；折叠；崩溃；塌陷（collapse的ing形式）
collar,"n. 衣领, 颈圈\nvt. 控制, 扭住衣领, 给...装上领子"
collars,n. 辊环；衣领；颈圈（collar的复数形式）
collateral,"a. 并行的, 附随的, 旁系的\nn. 旁系亲属, 担保品"
colleague,"n. 同事, 同僚"
colleagues,n. 同事；同行（colleague的复数）
collect,"v. 收集, 聚集, 集中, 搜集\na. 由收到者付款的\nadv. 由收到者付款地"
collected,"a. 收集成的, 镇定的"
collectible,"a. 可收集的, 可搜集的, 可征收的\n[经] 可收回的"
collectibles,"n. 可收集的, 可代收的( collectible的名词复数 )"
collecting,v. 收集( collect的现在分词 ); 收到; 收藏; 聚积
collection,"n. 收集, 采集, (一批)收藏品, 募捐\n[医] 收集; 收集品, 标本"
collections,n. 集合物件；收集（collection的复数）
collective,"a. 集体的, 聚集的, 共同的\n[医] 集体的, 集合的"
collectively,"adv. 集合, 聚合性, 共同, 集体主义, 集团, 集体"
collector,"n. 收集家, 收取款项的人\n[化] 集电极; 捕收剂"
collectors,"n. 收集者, 收取者( collector的复数形式 )"
collects,v. 收集( collect的第三人称单数 ); 收到; 收藏; 聚积
colleen,"n. 少女, 姑娘"
college,"n. 学院, 大学, 学会"
colleges,n. 专科学院（college复数形式）
collegiate,"a. 学院的\n[法] 集体组织的, 合议的, 大学的"
collide,"vi. 碰撞, 互撞, 抵触"
collided,"v. 碰撞, 冲突（collide的过去分词）"
collier,"n. 煤矿工人, 运煤船, 运煤船员"
collingwood,科灵伍德
collins,n. 柯林斯酒
collision,"n. 碰撞, 冲突, 抵触\n[计] 冲突"
collisions,n. 碰撞( collision的复数形式 ); 冲突; （两人之间或对立意见、看法等之间的）冲突; 抵触
collusion,"n. 共谋, 勾结\n[经] 勾结, 串通, 串同舞弊"
colo,n. (Colo)人名；(意)科洛
cologne,"n. 科隆, 科隆香水"
colombia,n. 哥伦比亚
colombian,n. 哥伦比亚人\na. 哥伦比亚的
colombo,n. 科伦坡
colon,"n. 冒号, 结肠\n[医] 结肠"
colonel,"n. 陆军上校, 长官"
colonial,"a. 殖民的, 殖民地的\n[法] 殖民地居民"
colonialism,n. 殖民主义
colonies,"n. 殖民地( colony的名词复数 ); （侨民等）聚居区; （动植物的）群体; （来自同一地方, 职业或兴趣相同的）聚居人群"
colonists,"n. 殖民地开拓者, 移民, 殖民地居民( colonist的复数形式 )"
colonization,"[医] 移生, 移地发育; 集中护理(精神病人)"
colony,"n. 殖民地, 移民队\n[医] 菌(集)落, 菌丛; 移民区"
color,"n. 颜色, 面色, 颜料, 外貌\nvt. 把...涂上颜色, 粉饰, 使脸红, 歪曲\nvi. 变色"
colorado,"n. 科罗拉多, 科罗拉多河"
colored,a. 染色的\n[建] 有色的
colorful,"a. 华美的, 富有色彩的, 有趣的"
coloring,"n. 着色, 色彩, 色调, 面色, 气色, 外貌, 伪装, 色素, 颜料, 染料, 着色剂, 特质\n[建] 着色, 染色"
colors,"n. 国旗, 旗帜, 船旗, 军旗, 衣帽, 徽章, 绶带\n[建] 色料, 颜料, 染料"
colossal,"a. 巨大的, 巨像似的"
colour,"n. 颜色, 面色, 颜料, 外貌\nvt. 把...涂上颜色, 粉饰, 使脸红, 歪曲\nvi. 变色"
coloured,"a. 有色的, 有...色的, 经过渲染的, 有色彩的, 伪装的, 有色人种的, 混血种的\nn. 有色人种的人, 混血人\n[计] 着色的"
colourful,"a. 颜色丰富的, 鲜艳的, 艳丽的, 多色的, 丰富多彩的, 吸引人的, 引人入胜的\n[计] 有色的"
colouring,"n. 着色, 色彩, 色调, 面色, 气色, 外貌, 伪装, 色素, 颜料, 染料, 着色剂, 特质\n[计] 着色, 染色"
colours,"n. 国旗, 旗帜, 船旗, 军旗, 衣帽, 徽章, 绶带"
colt,"n. 小马, 苔绳, 无经验的年轻人"
colton,科尔顿
colts,n. 小雄马( colt的复数形式 )
columbia,n. 哥伦比亚
columbus,n. 哥伦布（美国一座城市）；哥伦布（意大利航海家）
column,"n. 专栏, 圆柱, 纵队, 列, 柱形物\n[计] 列, 柱形图"
columnist,n. 专栏作家
columns,塔器
com,[计] 计算机输出缩微胶片; 计算机输出胶片缩微机
coma,"n. 昏迷, 麻木, 彗发\n[化] 彗差; 彗形像差"
comb,"n. 头梳, 鸡冠\nvt. 梳头发, 梳毛\nvi. (浪)涌起"
combat,"n. 争斗, 战斗\nvi. 战斗, 争斗\nvt. 与...战斗, 与...斗争"
combatants,"n. 战斗员, 格斗者( combatant的复数形式 )"
combating,v. 与…战斗( combat的现在分词 ); 与…斗争; 防止; 减轻
combination,"n. 组合, 合并, 联合\n[计] 组合图"
combinations,n. 合谱；组合；制品（combination的复数）
combine,"v. (使)联合, (使)结合\nn. (企业的)联合, 联合收割机"
combined,a. 结合的；组合的
combines,v. （使）联合( combine的第三人称单数 ); 兼有; 兼备; 使融合（或并存）
combining,"a. 结合性的, 化合的\n[计] 组合"
combo,n. 小型爵士乐团
combs,n. 梳子（comb的复数）
combustion,"n. 燃烧, 骚动\n[化] 燃烧"
comcast,n. 康卡斯特（美国最大的有线系统公司）
come,"vi. 过来, 来, 到达, 出现, 开始\ninterj. 喂"
comeback,"n. 复原, 复辟, 复位, 尖刻的对答, 抱怨的原因\n[计] 复原的"
comedian,n. 喜剧演员
comedians,"n. 喜剧演员, 丑角( comedian的复数形式 )"
comedic,a. 喜剧的
comedies,n. 喜剧；喜剧性；有趣的事情（comedy的复数形式）
comedy,"n. 喜剧, 有趣的事情"
comes,v. 来自；从…来（come的三单形式）
comet,n. 彗星
comets,n. 彗星( comet的复数形式 )
comey, [人名] 科米
comfort,"n. 舒适, 安慰, 安慰者\nvt. 安慰"
comfortable,"a. 舒服的, 轻松的\nn. 盖被"
comfortably,"adv. 安乐地, 舒服地, 宽裕地"
comforted,"v. 安慰, 使舒适( comfort的过去式和过去分词 )"
comforting,"a. 安慰的, 令人鼓舞的"
comforts,"n. 安慰( comfort的名词复数 ); 舒适; 使人舒服的事物; 给予援助或安慰的人或事\nv. 安慰, 使舒适( comfort的第三人称单数 )"
comfy,"a. 舒服的,轻松的"
comic,"n. 连环漫画, 喜剧演员, 滑稽的人\na. 滑稽的, 有趣的, 喜剧的"
comical,"a. 好笑的, 滑稽的"
comics,n. 连环画；漫画；喜剧演员（comic的复数形式）
comin,n. (Comin)人名；(西、意)科明；(法)科曼
coming,"n. 来临\na. 就要来的, 接着的"
comm,"abbr. 委员会（committee）；通信（communication）；商业, 贸易（commerce）；佣金, 委任书（commission）"
comma,"n. 逗点, 逗号"
command,"n. 命令, 指挥, 控制, 部队, 司令部\nv. 命令, 指挥, 控制\n[计] 命令; 指令; DOS外部命令:启动新的命令处理器"
commandant,n. 司令官
commanded,"v. 指挥, 控制, 命令( command的过去式和过去分词 ); 掌握; 俯瞰; 应得"
commander,"n. 司令官, 指挥官"
commanders,n. 指挥官( commander的复数形式 ); 海军中校
commanding,"a. 指挥的, 威风凛凛的, 居高临下的"
commandment,n. 戒律
commandments,n. 戒条( commandment的复数形式 )
commando,"n. 突击队, 突击队员, (南非)布尔人部队"
commands,"n. 命令, 指令（command复数形式）"
commemorate,vt. 纪念
commemorating,"v. 纪念, 庆祝( commemorate的现在分词 )"
commemoration,"n. 纪念, 纪念物, 庆典"
commemorative,a. 纪念的
commence,"v. (使)开始, 得学位"
commenced,v. <正>开始( commence的过去式和过去分词 )
commencement,"n. 开始, 毕业典礼\n[法] 开始, 毕业典礼"
commencing,v. <正>开始( commence的现在分词 )
commend,"vt. 嘉奖, 委托给, 推荐"
commended,v. 推荐( commend的过去式和过去分词 ); 表扬; 托付; 受到赞同
comment,"n. 注解, 批评, 评论, 备注\nvi. 评论, 注解\n[计] 备注"
commentaries,n. 实况报道( commentary的名词复数 ); 评论; 评注; 批评
commentary,"n. 注释, 评论, 说明\n[法] 注释, 评注, 评论"
commentator,"n. 评论员, 实况广播员, 注释者, 时事评论员"
commentators,n. 评论员( commentator的复数形式 ); 时事评论员; 注释者; 实况广播员
commented,"vt.& vi. 评论, 谈论（comment的过去式与过去分词形式）"
commenting,"vt.& vi. 评论, 谈论（comment的现在分词形式）"
comments,n. 注解；评论（comment的复数）
commerce,"n. 商业, 商务, 贸易\n[经] 商业, 贸易, 商务"
commercial,"a. 商业的, 商用的, 商品化的\nn. 商业广告节目"
commercially,adv. 商业上；通商上
commercials,n. （电台或电视播放的）广告 ( commercial的名词复数 ); 以大众欣赏为目的谱写的乐曲
commission,"n. 委任状, 任官令, 所委职责, 佣金, 犯, 委托, 所托之事\nvt. 委任, 委托制作, 使服役"
commissioned,"a. 受委任的, 现役的, 受任命的\n[法] 经授权的, 委任的, 受任命的"
commissioner,"n. 委员, 理事, 行政长官\n[法] 委员, 政府的特派员, 地方地官"
commissioners,n. 专员( commissioner的复数形式 ); 长官; 委员; 政府部门的长官
commissioning,[计] 试的\n[化] 试运转; 试车; 投产; 投入生产
commissions,n. 委员会( commission的名词复数 ); 佣金; 任命; 职权
commit,"vt. 委托(托付), 犯罪, 指派...作战, 使承担义务\n[法] 犯, 做, 把...交托给"
commitment,"n. 委托, 交押, 承担义务, 赞助\n[医] 院禁"
commitments,n. 委托( commitment的复数形式 ); 任务; 承担的义务
commits,v. 保证（做某事、遵守协议或遵从安排等）( commit的第三人称单数 ); 把…托付给; 把…记（或写）下来; 承诺
committed,a. 献身于某种事业的\n[计] 委托的
committee,n. 委员会\n[经] 委员会
committees,n. 委员会；街道办事处
committing,v. 犯（错误）；提交；答应负责（commit的ing形式）
commodities,n. 商品( commodity的名词复数 ); 农产品; 有价值的物品; 有用的东西
commodity,"n. 农产品, 商品, 有用的物品\n[经] 商品, 货物, 日用品"
commodore,"n. 海军准将, 船队队长\n[法] 船长, 舰队司令官"
common,"a. 通常的, 共同的, 通俗的, 公共的\n[计] 公用块"
commonly,"adv. 一般, 普通, 通常"
commonplace,"n. 寻常事, 老生常谈, 普通的东西\na. 平凡的, 普通的"
commons,"n. 平民, 下议院, 公共食堂\n[法] 平民, 下议院议员, 下院"
commonwealth,n. 共和国；联邦；国民整体
commotion,"n. 骚动, 暴乱\n[医] 震荡"
communal,"a. 公有的, 公社的\n[法] 公共的, 自治体的, 巴黎公社的"
commune,"n. 恳谈, 社区, 公社\nvi. 亲密交谈, (感情上)融为一体"
communicate,"vt. 显露, 传达, 感染\nvi. 通讯"
communicated,"v. 传达, 表达( communicate的过去式和过去分词 ); 通讯; 交际; 相连"
communicates,"v. 传达, 表达( communicate的第三人称单数 ); 通讯; 交际; 相连"
communicating,[计] 通信的
communication,"n. 交流, 交通, 通讯\n[计] 通信"
communications,"n. 交通设施, 通讯系统"
communion,"n. 共享, 交流, 恳谈, 宗教教派"
communism,n. 共产主义
communist,"n. 共产主义者, 共产党员\n[法] 共产主义的, 共产党的"
communists,"n. 共产主义者, 共产主义的支持者( communist的复数形式 ); 共产党党员"
communities,"n. 社区；团体, 群体（community的复数形式）"
community,"n. 社区, 公众, 共有, 共同体\n[经] 公众, 共有, 社会"
commute,"vt. 交换, 折偿, 减轻\nvi. 代偿, 经常乘车来往"
commuter,"n. 乘公共车辆上下班者, 月季票乘客\n[经] 非(当地)居民"
commuters,n. （远距离）上下班往返的人( commuter的复数形式 )
commuting,n. 乘公交车上下班；经常往来
como,n. 科摩（意大利北部城市）
comp,[计] 电脑及相关知识; DOS内部命令:比较两个文件的内容
compact,"a. 紧凑的, 紧密的, 简洁的\nvt. 使紧密结合, 压缩\nvi. 变坚实"
companies,"n. 公司, 企业；公司财产；伙伴（company的复数形式）"
companion,"n. 朋友, 陪伴, 指南, 升降口围罩\nvt. 陪伴"
companions,n. 同伴( companion的名词复数 ); [天]伴星(=~star); （用于书名）指南; 同甘共苦的伙伴
companionship,"n. 交往, 友谊, 一群同伴"
company,"n. 公司, 友伴, 交往, 连队, 朋友, 一群\nvt. 陪伴\nvi. 交往"
comparable,"a. 可比较的, 比得上的"
comparative,"a. 比较的, 相对的\nn. 对手"
comparatively,"adv. 比较地, 相对地"
compare,"vt. 比较, 比喻, 对照\nvi. 相比\nn. 比较\n[计] 比较"
compared,"a. 比较的, 对照的（compare的过去式和过去分词）"
compares,"v. 比较, 对照( compare的第三人称单数 ); 把…比做; 比喻; 比拟（常与 to连用）"
comparing,[计] 比较器
comparison,"n. 比较, 对照, 比喻\n[经] 比较, 对比"
comparisons,n. 比较( comparison的复数形式 ); [修辞学]比喻; [语法学]（形容词或副词的）比较等级; 类似
compartment,"n. 分隔间, 卧车包房, 防水舱隔\n[医] 隔室, 隔间"
compartments,n. 隔间（ compartment的复数形式 ）
compass,"n. 指南针, 范围, 音域\nvt. 包围, 达到, 图谋, 理解"
compassion,"n. 同情, 怜悯"
compassionate,"a. 慈悲的, 富于同情心的, 照顾性的\nvt. 怜悯, 同情"
compatibility,n. 兼容性\n[计] 兼容性
compatible,"a. 能共处的, 可并立的, 适合的\n[计] 相容的; 兼容的"
compel,"vt. 强迫, 迫使"
compelled,v. 强迫；迫使（compel的过去式及过去分词形式）
compelling,"a. 强制的, 强迫性的, 激发兴趣的"
compensate,"v. 偿还, 补偿, 付报酬"
compensated,"v. 补偿, 报酬( compensate的过去式和过去分词 ); 给（某人）赔偿（或赔款）"
compensation,"n. 补偿, 赔偿金, 工资\n[医] 代偿(机能), 补偿"
compete,"vi. 竞争, 对抗"
competed,v. 竞赛( compete的过去式和过去分词 ); 竞争; 比得上; 参加比赛（或竞赛）
competence,"n. 胜任, 职称, 能力\n[医] 能力, 活性"
competency,"n. 足以使人过舒适生活的富裕收入, 充裕的生活条件\n[法] 权能, 资格, 资产"
competent,"a. 能干的, 胜任的, 有效的, 足够的\n[经] 有权的, 授权的, 胜任的"
competes,v. 竞赛( compete的第三人称单数 ); 竞争; 比得上; 参加比赛（或竞赛）
competing,a. 相互矛盾的；抵触的
competition,"n. 竞争, 竞赛\n[经] 竞争, 竞销, 比赛"
competitions,"n. 比赛, 竞争（competition的复数形式）"
competitive,a. 竞争的\n[经] 竞争的
competitiveness,[经] 竞争
competitor,"n. 竞争者\n[经] 竞争者, 竞争对手"
competitors,n. 竞争者( competitor的复数形式 ); 对手; 参赛者; 竞赛者
compilation,"n. 编辑, 编纂, 编辑(编纂)物\n[计] 编译"
compile,"vt. 编译, 编辑, 编纂, 收集\n[计] 编译"
compiled,a. 编译的
compiler,n. 编辑者\n[计] 编译程序
compiling,[计] 编译
complacent,"a. 满足的, 自满的, 得意的"
complain,"v. 抱怨, 抗议, 控诉"
complainant,"n. 发牢骚的人, 原告\n[法] 原告, 告诉人, 控诉人员"
complained,"v. 抱怨, 诉苦, 投诉( complain的过去式和过去分词 ); 申诉, 控诉, 抗议; 诉说, 申诉, 控告[后面常跟从句]"
complaining,a. 抱怨的
complains,"v. 抱怨, 诉苦, 投诉( complain的第三人称单数 ); 申诉, 控诉, 抗议; 诉说, 申诉, 控告[后面常跟从句]"
complaint,"n. 诉苦, 抱怨, 控诉\n[医] 陈诉; 病"
complaints,n. 抱怨( complaint的复数形式 ); 诉苦; 投诉; 疾病
complement,"n. 补足物, 补语, 补数\nvt. 补充, 补足\n[计] 补码; 反相器; 补数"
complementary,"a. 补充的, 补足的\n[经] 补足的, 补充的"
complemented,a. 有余格的；有补助物的
complete,"a. 完全的, 十足的, 完成的\nvt. 完成, 完工, 使圆满"
completed,a. 完整的；完全的
completely,"adv. 完全地, 十分地, 圆满地"
completeness,n. 完全\n[经] 完整性
completes,v. 完成；结束（complete的单三形式）
completing,v. 完成; 使完善( complete的现在分词 ); 使完整; 填写（表格）
completion,"n. 完成\n[经] 完井, 结束, 完工"
complex,"n. 综合体, 情结, 络合物\na. 复杂的, 组合的"
complexes,"n. 复体, 复合物"
complexion,"n. 肤色, 情况, 局面\n[医] 体质; 面色, 面容"
complexities,n. 复杂性(complexity的名词复数); 复杂的事物
complexity,"n. 复杂, 复杂性, 复杂的事物"
compliance,"n. 遵从, 顺从, 屈从\n[化] 柔顺; 顺应"
compliant,"a. 顺从的, 屈从的\n[电] 适用于, 配合...使用"
complicate,"vt. 弄复杂, 使错综, 使恶化\nvi. 变复杂"
complicated,a. 复杂的\n[医] 并发的
complication,"n. 复杂化, 复杂情况\n[医] 并发症, 并发病"
complications,n. 并病；并发症（complication的复数）
complicit,"a. 有同谋关系的,串通一气的[由 complicity 逆构]"
complied,v. 遵照（comply的过去式和过去分词）
compliment,"n. 称赞, 恭维, 敬意\nvt. 称赞, 褒扬, 恭维"
complimentary,"a. 问候的, 称赞的, 夸奖的"
complimented,"v. 表扬, 恭维( compliment的过去式和过去分词 )"
compliments,"n. 问候, 道贺, 致意"
comply,"vi. 顺从, 依从\n[法] 遵守, 承诺, 照做"
complying,"v. 遵从, 依从, 服从( comply的现在分词 )"
component,"n. 元件, 组件, 成分\na. 组成的, 构成的\n[计] 组件"
components,n. 部件；组件；成份（component复数）
compose,"vt. 组成, 写作, 作曲, 使平静\nvi. 创作, 排字\n[计] 编写"
composed,"a. 镇静的, 沉着的"
composer,"n. 作曲家, 作家, 调停者"
composers,n. （尤指古典音乐）作曲家( composer的复数形式 )
composing,n. 排字
composite,"a. 合成的, 混合成的, 菊科的\nn. 合成物, 复合材料, 菊科"
composites,n. 菊科植物；复合体；复合材料（composite的复数）
composition,"n. 作文, 创作, 组成\n[化] 成分; 组成"
compositions,n. 组成成分；作品辑；艺术作品（composition的复数形式）
compost,"n. 混合物, 堆肥\nvt. 施堆肥于"
composure,"n. 镇静, 沉着"
compound,"n. 混合物, 复合词, 化合物, 院子\na. 复合的, 混合的, 化合的\nvi. 化合, 和解, 妥协\nvt. 使复合, 使化合"
compounded,"a. 复合的, 化合的"
compounding,[经] 复利计算
compounds,n. 场地( compound的名词复数 ); 复合物; （筑有围墙的）院子; 复合词\nv. 调和( compound的第三人称单数 ); 使混合; 使严重; 调停
comprehend,"vt. 理解, 包括"
comprehension,"n. 理解, 包含"
comprehensive,"a. 广泛的, 有理解力的, 综合的\n[经] 广泛的, 综合的, 全面的"
compressed,"a. 被压缩的, 扁平的"
compression,"n. 压缩, 压紧\n[计] 压缩"
compressor,"n. 压缩物, 压缩机, 压肌\n[化] 压缩机"
comprise,"vt. 包含, 构成"
comprised,v. 由…组成；包含（comprise的过去分词）
comprises,v. 包含( comprise的第三人称单数 ); 包括; 组成; 构成
comprising,v. 包含( comprise的现在分词 ); 包括; 组成; 构成
compromise,"n. 妥协, 折中, 折中方案, 和解\nvi. 妥协处理\nvt. 危害"
compromised," [医]妥协, 让步的, 缺乏抵抗力的, 缺乏免疫力的, 妥协的"
compromises,n. 妥协( compromise的名词复数 ); （名誉等的）损害; 妥协（或折中）方案; 折中物
compromising,a. 妥协的；让步的
compton,"n. 康普顿（姓氏, 美国城市）"
compulsion,"n. 强迫, 强制\n[医] 强迫"
compulsive,"a. 强制的, 强迫的\n[医] 强迫性的"
compulsory,"a. 被强制的, 强迫的, 义务的\n[经] 强迫的, 强制的"
computation,"n. 计算, 计数, 计算结果\n[经] 计算, 估计, 计算法"
computational,a. 计算的
compute,"v. 计算, 估算\nn. 计算, 估算"
computed,v. 计算（compute的过去式）
computer,"n. 电脑, 电子计算机\n[计] 计算机"
computerized,a. 电脑的；用电脑处理的；电脑化的
computers,"n. 计算机, 电脑（computer的复数）"
computing,[计] 计算
comrade,"n. 同志, 伙伴"
comrades,n. 亲密的伙伴( comrade的复数形式 ); 战友; 朋友; 同志
con,"vt. 精读, 仔细研究, 默记\nadv. 反面地, 从反面\na. 欺诈的\nn. 反对者, 反对票, 肺结核\n[计] 控制台"
conan,n. 科南（男子名）；名侦探柯南（日本动画片名）
conceal,"vt. 隐藏, 掩盖, 隐瞒\n[法] 隐瞒, 隐匿, 保守秘密"
concealed,"a. 隐蔽的, 隐匿的"
concealing,"v. 隐藏, 隐瞒, 遮住( conceal的现在分词 )"
concede,"vt. 承认, 退让\nvi. 让步"
conceded,"v. 承认( concede的过去式和过去分词 ); 出让, 容许; 承认(比赛、选举等失败"
conceding,"v. 承认( concede的现在分词 ); 出让, 容许; 承认(比赛、选举等失败"
conceivable,"a. 想得到的, 可想象的, 可理解的"
conceive,"vt. 构思, 认为\nvi. 怀孕"
conceived,v. 想出( conceive的过去式和过去分词 ); 构想; 设想; 怀孕
concentrate,"n. 浓缩, 精选\nv. 集中, 专心"
concentrated,"a. 集中的, 浓缩的\n[建] 浓的"
concentrates,v. 专心于( concentrate的第三人称单数 ); 注意; 集中; 聚集
concentrating,[建] 浓缩
concentration,"n. 集中, 专心\n[化] 浓度; 浓缩"
concentrations,n. 集中( concentration的复数形式 ); 专心; 关注; 浓度
concept,"n. 观念, 概念\n[医] 概念"
conception,"n. 观念, 概念\n[医] 妊娠, 受孕; 概念"
concepts,"n. 概念, 观念；思想（concept复数形式）"
conceptual,a. 概念的\n[医] 概念的
concern,"n. 关心, 忧虑\nvt. 与...有关, 使担心, 使挂念"
concerned,"a. 关心的, 有关的, 参与的, 担心的"
concerning,prep. 关于\n[法] 关于
concerns,n. 关注；关注点；关注者（concern的复数形式）
concert,"n. 音乐会, 和声, 一致\nvt. 协力, 协调\nvi. 协力\n[计] 美国北卡罗来纳州Internet网"
concerted,"a. 商定的, 协定的, 一致的\n[法] 一致的, 协力的, 共同的"
concerto,n. 协奏曲
concerts,n. 音乐会; 演唱会; （音）协奏曲(concert的复数); 合奏（曲）; 音乐会( concert的复数形式 )
concession,"n. 特许, 让步, 认可\n[经] 核准, 许可, 特殊(权)"
concessions,n. （尤指由政府或雇主给予的）特许权( concession的名词复数 ); 承认; 减价; （在某地的）特许经营权
concierge,"n. 看门人, 门房"
concise,"a. 简洁的, 简明的"
conclude,"vt. 结束, 作结论, 推断\nvi. 结束, 推断"
concluded,v. 结束( conclude的过去式和过去分词 ); 得出结论; 断定; 推断出
concludes,v. 结束( conclude的第三人称单数 ); 得出结论; 断定; 推断出
concluding,"a. 结束的, 最后的"
conclusion,"n. 结论, 结尾, 推论\n[法] 缔结, 结论, 推论"
conclusions,n. 结束( conclusion的复数形式 ); 结论; 推论; 签订
conclusive,"a. 决定性的, 确定性的, 最后的\n[法] 决定性的, 不容置疑的, 确实的"
concord,"n. 一致, 和睦, 协定"
concordia,n. 肯考迪娅（女子名）
concrete,"n. 凝结物, 混凝土\na. 具体的, 实在的, 混凝土的\nv. (使)凝结, 用混凝土浇筑"
concur,"vi. 同意, 一致, 同时发生\n[法] 同时发生, 并发, 同意"
concurrent,"n. 同时发生的事件\na. 同时发生的, 一致的\n[计] 并行的; 并发的; 同时发生的; 共行的"
concurrently,[计] 并行地
concussion,"n. 剧烈摇动, 震荡\n[医] 震荡"
condemn,"vt. 判刑, 责备, 谴责\n[法] 定罪, 判刑, 宣告有罪"
condemnation,"n. 非难, 宣告有罪, 非难的理由"
condemned,"a. 已被定罪的, 定了罪的人用的"
condemning,[化] 废品率
condemns,v. （通常因道义上的原因而）谴责( condemn的第三人称单数 ); 宣判; 宣布…不能使用; 迫使…陷于不幸的境地
condensation,"n. 压缩, 凝缩, 冷凝\n[化] 冷凝; 冷凝作用; 缩合; 缩合作用; 凝聚; 凝聚作用; 凝结作用"
condensed,a. 浓缩的；扼要的
condescending,"a. 谦逊的, 故意屈尊的, 有优越感的"
condition,"n. 情况, 条件\nvt. 使健康, 以...为条件, 决定, 使适应\n[计] 条件"
conditional,"a. 有条件的, 有前提的\n[电] 有条件的"
conditioned,"a. 有条件的, 习惯于...的"
conditioner,"n. 调节器, 土壤团粒结构促进剂\n[计] 调节器, 整形器"
conditioning,"n. 调节, 条件作用, 整修\n[计] 调节; 调整"
conditions,"n. 形势, 情况, 环境"
condo,"n. 共同统治, 共管下的政府, 共管, 多层公寓大楼, 由个人占用的一套公寓房间"
condolences,"n. 同情, 吊唁( condolence的复数形式 )"
condom,n. 避孕套\n[医] 阴茎套
condominium,n. 共同统治\n[经] 财产共有权
condoms,"n. （男用）避孕套, 保险套( condom的复数形式 ); （女用）避孕套"
condone,"vt. 赦, 宽恕\n[法] 宽恕, 不咎, 抵销"
condos,"(condo 的复数) n. 共同统治, 共管下的政府, 共管, 多层公寓大楼, 由个人占用的一套公寓房间"
conducive,"a. 有益于...的, 有助于...的, 助长的"
conduct,"n. 行为, 举动, 指导\nvt. 为人, 指挥, 管理, 实施\nvi. 领导, 传导, 指挥"
conducted,"vt. 实施; 为人; 指挥（军队, 乐队等）; [物]传导（热, 电等）\nvt.& vi. 引导, 带领\nvi. 指挥乐队\nv. 引导（ conduct的过去式和过去分词 ）; 带领; 控制; 传导"
conducting,v. 引导( conduct的现在分词 ); 带领; 控制; 传导
conductivity,"n. 导电率, 传导率, 传导性\n[化] 电导率"
conductor,"n. 领导者, 指挥者, 售票员, 向导\n[化] 导体"
conductors,n. <电>导体( conductor的复数形式 ); 售票员; （乐队）指挥; 导管（套管的一种）
conducts,n. 举止( conduct的名词复数 ); 行为; 管理（方式）; 实施（方式）\nv. 引导( conduct的第三人称单数 ); 带领; 控制; 传导
conduit,"n. 导管, 水管, 沟渠\n[电] 导管"
cone,"n. 圆锥体, 球果\nvt. 使成锥形"
cones,n. 锥形体；视锥细胞（cone的复数）
confederacy,"n. 联盟, 邦联\n[法] 共谋, 违法的结社, 联盟"
confederate,"n. 同盟者, 同盟国\na. 同盟的, 联合的\nv. (使)联盟, (使)联合"
confederation,"n. 同盟, 联盟, 组织联盟"
confer,"vt. 授予, 带来\nvi. 协商"
conference,"n. 会议\n[经] 会议, 讨论会, 协商会"
conferences,n. 会议（conference的复数形式）
conferred,"v. <拉>商谈, 商议( confer的过去式和过去分词 ); 授予, 赋予"
confess,"v. 承认, 坦白, 忏悔, 供认"
confessed,"a. 公开的, 有定论的, 明白的, 众所周知的, 已认罪的, 自认的, 自称的\n[法] 坦白的, 认罪的, 自己承认的"
confesses,v. 承认( confess的第三人称单数 ); 聆听（某人的）忏悔（或告罪、告解）; （尤指罗马天主教会）忏悔; 悔过
confession,"n. 承认, 坦白, 招供\n[法] 自白, 招供, 自认有罪"
confessions,n. 承认( confession的复数形式 ); 自首; 声明; （向神父的）忏悔
confidence,n. 信心\n[电] 可靠
confident,"a. 有信心的, 有把握的"
confidential,"a. 机密的, 获他人信赖的, 易于信任他人的\n[经] 秘密件"
confidentiality,[计] 机密性\n[经] 保密
confidently,adv. 自信地；安心地
configuration,"n. 结构, 表面配置, 外形, 配置\n[计] 配置"
configurations,n. 立体基阵；配置（configuration的复数）
configured,"a. 配置的, 组态的；配置"
confined,"a. 被限制的, 狭窄的, 在分娩中的, 坐月子的\n[法] 有限的, 狭窄的"
confinement,"n. 限制, 被禁闭, 分娩\n[医] 分娩, 生产"
confines,"n. 疆界, 界线, 范围"
confirm,"vt. 证实, 确定, 批准, 使巩固\n[计] 确认"
confirmation,"n. 证实, 证明, 批准, 确认\n[计] 确认"
confirmed,"a. 被证实的, 根深蒂固的, 坚定的\n[经] 保兑的, 业经证实的"
confirming,v. 批准( confirm的现在分词 ); 证实; 使有效; 使巩固
confirms,vt. 确定; 批准; 确认; （基督教中）给…行按手礼\nv. 批准( confirm的第三人称单数 ); 证实; 使有效; 使巩固
confiscated,"v. 没收, 充公( confiscate的过去式和过去分词 )"
conflict,"n. 战斗, 冲突, 矛盾, 争执\nvi. 争执, 战斗, 冲突, 抵触\n[计] 冲突"
conflicted,vi. 抵触（conflict的过去式与过去分词形式）
conflicting,"a. 冲突的, 不一致的, 相矛盾的"
conflicts,n. 冲突( conflict的名词复数 ); 战斗; 相互干扰; 矛盾
confluence,"n. 合流, 合流点, 集合, 人群\n[医] 融合, 汇合"
conform,"vt. 使一致, 使遵守, 使符合\nvi. 一致, 符合, 适应"
conforming,[计] 一致性的
conformity,"n. 遵照, 适合, 一致, 相似\n[计] 符合度"
confront,"vt. 使面对, 对抗, 遭遇, 使对质, 比较\n[法] 对证, 使对质, 比较"
confrontation,n. 对抗；对质；面对
confronted,v. 面对( confront的过去式和过去分词 ); 使面对; 使对质; 处理
confronting,v. 面对( confront的现在分词 ); 使面对; 使对质; 处理
confronts,v. 面对( confront的第三人称单数 ); 使面对; 使对质; 处理
confucius,n. 孔子
confuse,"vt. 使混乱, 使狼狈, 使困惑\n[法] 混淆"
confused,"a. 困惑的, 混乱的"
confusing,a. 令人困惑的；混淆的；混乱的
confusion,"n. 混乱, 混淆, 无秩序\n[计] 含混"
cong,"abbr. 会众的, 集会的（congregational）；代表大会, 国会（congress）；议会的, 国会的（congressional）；越共（Vietcong）"
congenital,"a. 天生的, 先天的\n[医] 先天的"
congested,"a. 拥挤的, 堵塞的\n[医] 充血的"
congestion,"n. 拥挤, 充血\n[计] 拥挤, 拥塞"
conglomerate,"a. 聚成球形的, 砾岩性的\nn. 集成物, 混合体, 砾岩\nv. (使)凝聚成团"
congo,"n. 刚果, 刚果河, 工夫茶\n[建] 刚果, 直接刚果红"
congrats,"interj. 祝贺词, 祝贺语\nn. 祝贺词, 祝贺语"
congratulate,"vt. 祝贺, 庆贺"
congratulated,v. 向（某人）道贺( congratulate的过去式和过去分词 ); 祝贺; （为成就或成功）感到高兴; 感到自豪
congratulations,"n. 祝贺词, 祝贺语"
congregation,"n. 集合, 聚集\n[法] 集会, 人一, 红衣主教会议"
congregations,n. （教堂里的）会众( congregation的复数形式 ); （从属某教堂并定期做礼拜的）教堂会众
congress,"n. 国会, 会议, 讨论会\n[医] 会议, 会合"
congressional,"a. 会议的, 议会的, 国会的\n[法] 代表大会的, 大会的, 议会的"
congressman,"n. 国会议员, 众议院议员\n[法] 国会议会"
congressmen,n. 国会议员
conical,"a. 圆锥形的, 圆锥的\n[计] 圆锥的"
conjecture,"n. 推测, 猜想, 揣摩\nv. 推测, 猜想, 揣摩\n[计] 推测; 猜测"
conjunction,"n. 连接词, 联合, 结合\n[计] 合取"
conjure,"vt. 念咒文召唤, 变戏法, 想象\nvi. 变戏法, 施魔法"
conn,vt. 指挥操舵\nn. 指挥操舵
connect,"v. 连接, 联合, 联系"
connected,"a. 连接的, 连贯的, 有联系的, 关联的, 连结的, 有关系的\n[计] 连接的"
connecticut,n. 康涅狄格
connecting,[计] 接线的
connection,"n. 连接, 关系, 前后关系\n[计] 连接"
connections,n. 连接；关系（connection的复数形式）；关系学
connectivity,"[计] 连通性, 连通度"
connector,"n. 连结者, 联系者, 连结物\n[计] 连接口"
connectors,n. 连接器；接插件（connector的复数形式）
connects,v. 连接( connect的第三人称单数 ); 把…看作有关联; 由…联想到; 给…接通电话
conner,n. 康纳（姓氏）
connie,"n. 康妮（女子名, Constance的昵称）"
connolly,n. 康诺利；康纳利（爱尔兰姓氏）\nn. (Connolly)人名；(英)康诺利
connor,n. 康纳（男子名）
connotations,n. 含义( connotation的复数形式 ); 隐含意义; 言外之意; 内含
conor,n. 康纳（男子名）
conquer,"vt. 克服, 征服, 战胜\nvi. 得胜"
conquered,v. 攻克( conquer的过去式和过去分词 ); 征服; 破除; 克服
conquering,v. 攻克( conquer的现在分词 ); 征服; 破除; 克服
conqueror,"n. 征服者, 胜利者"
conquest,"n. 战胜, 征服, 战利品\n[法] 征服, 赢得, 获得"
conrad,"n. 康拉德（男子名, 等于Konrad）"
cons,[计] 面向连接的网络服务
conscience,"n. 良心\n[法] 良心, 道德感, 正义感"
conscientious,"a. 有责任心的, 负责的, 本着良心的\n[法] 凭良心做的, 有道德感的"
conscious,"a. 有意识的, 知觉的, 觉察的\n[医] 有意识的, 清醒的"
consciously,adv. 自觉地；有意识地
consciousness,"n. 意识, 知觉, 自觉\n[医] (有)意识, 清醒"
consecrated,"a. 神圣的, 被视为神圣的\nv. 把…奉为神圣, 给…祝圣( consecrate的过去式和过去分词 ); 奉献"
consecutive,"a. 连续的, 联贯的\n[计] 连续的; 连接的"
consensual,"a. 在两方愿意下成立的, 交感的\n[医] 同感的, 交感的"
consensus,"n. 合意, 一致, 同感\n[计] 合意"
consent,"n. 同意, 许可\nvi. 同意, 赞同"
consented,v. 同意( consent的过去式和过去分词 ); 赞成; 允许; 顺从
consequence,"n. 结果, 重要性\n[法] 结果, 后果, 推断"
consequences,n. 重要（性）( consequence的复数形式 ); 结果; 重要地位; 因果关系
consequently,adv. 所以
conservation,"n. 保护, 保存\n[医] 保存"
conservatism,"n. 保守, 守旧性, 保守主义, [the]保守党的主张和政策, 保守党\n[医] 保守性"
conservative,"a. 保守的, 守旧的, 有保存力的\n[化] 防腐剂; 保存剂"
conservatives,"n. 保守党, 保守派"
conservatory,"a. 保存性的, 有保存力的\nn. 温室, 音乐学校"
conserve,"n. 蜜饯, 果酱\nvt. 保存, 使(能量等)守恒"
conserved,a. 保守的
consider,"v. 考虑, 思考, 认为"
considerable,"a. 相当的, 可观的, 重要的"
considerably,"adv. 非常地, 很, 颇"
considerate,"a. 体贴的, 体谅的, 考虑周到的"
consideration,"n. 考虑, 原因\n[法] 考虑, 思考, 报酬"
considerations,n. 考虑( consideration的复数形式 ); 报酬; 仔细考虑; （对他人的）考虑周到
considered,"a. 考虑过的, 被尊重的"
considering,prep. 就...而论\nconj. 考虑到
considers,v. 考虑( consider的第三人称单数 ); 想; 注意; 看重
consist,"vi. 组成, 存在于, 一致"
consisted,v. 由…组成( consist的过去式和过去分词 ); 包括; 存在于; 表现为（常与 in 连用）
consistency,"n. 坚硬性, 黏稠度, 一致性\n[化] 稠度; 一致性"
consistent,"a. 一致的, 坚持的, 并立的, 坚固的"
consistently,"adv. 坚固, 坚实, 一致, 始终如一, 连贯\n[计] 相容地"
consisting,v. 由…组成( consist的现在分词 ); 包括; 存在于; 表现为（常与 in 连用）
consists,v. 由…组成( consist的第三人称单数 ); 包括; 存在于; 表现为（常与 in 连用）
consolation,"n. 安慰, 令人安慰的事物\n[法] 安慰, 慰问"
console,"vt. 安慰, 藉慰\nn. 控制台\n[计] 控制台"
consoles,n. （机器、电子设备等的）控制台( console的名词复数 ); 操纵台; 悬臂; 肘托
consolidate,"vt. 巩固, 使联合, 统一\nvi. 巩固\n[计] 合并计算"
consolidated,a. 整理过的；巩固的；统一的
consolidating,"v. （使）巩固, （使）加强( consolidate的现在分词 ); （使）合并"
consolidation,"n. 巩固, 团结, 合并, 加强\n[医] 实变"
consonant,"n. 辅音\na. 一致的, 调和的"
consort,"n. 配偶, 夫妻\nvi. 陪伴, 结交, 符合\nvt. 使结合"
consortium,"n. 协会, 合伙, (国际性)财团\n[经] 合作, 联合, 财团"
conspicuous,"a. 显著的, 显眼的, 出众的"
conspiracy,"n. 同谋, 阴谋, 阴谋集团\n[法] 阴谋, 通谋, 共谋"
conspirators,"n. 共谋者, 阴谋家( conspirator的复数形式 )"
conspired,v. 密谋( conspire的过去式和过去分词 ); 搞阴谋; （事件等）巧合; 共同导致
conspiring,v. 密谋( conspire的现在分词 ); 搞阴谋; （事件等）巧合; 共同导致
constable,"n. 治安官, 警官, 总管\n[法] 警察, 警官, 巡警"
constance,n. 康士坦茨湖（位于瑞士、德国和奥地利交界处）
constant,"n. 常数, 恒量\na. 不变的, 一定的, 时常的\n[计] 常量; 常数; 恒值"
constantine,n. 君士坦丁
constantinople,n. 君士坦丁堡
constantly,"adv. 不变地, 不断地, 时常地"
constellation,"n. 星座, 荟萃\n[化] 构象"
constipation,"n. 便秘, 秘结\n[医] 便秘"
constituencies,n. （选举国会议员的）选区( constituency的名词复数 ); 选区的全体选民; （政客或政党的）支持者; 赞助者
constituency,"n. 选民, 顾客, 读者\n[法] 选区, 全体选民, 选区内的选民"
constituent,"n. 成分, 选民, 构成物\na. 构成的, 组织的, 选举的"
constituents,n. 成分（constituent的复数）
constitute,"vt. 构成, 组成, 任命\n[建] 构造, 组成"
constituted,v. 建立( constitute的过去式和过去分词 ); 指定; （合法或正式地）成立; 构成
constitutes,v. 组成；构成（constitute的单三形式）
constitution,"n. 构成, 宪法, 体格\n[医] 体质; 结构, 组织"
constitutional,"a. 宪法的, 立宪的, 体质的\n[医] 全身的; 体质的"
constitutionally,"adv. 本质地, 天生, 体质上"
constrained,"a. 被强迫的, 被约束的, 不舒服的"
constraint,"n. 强制, 约束\n[计] 约束"
constraints,n. 强制( constraint的复数形式 ); 限制; 约束
construct,"vt. 构造, 建造, 对...进行构思, 作图\nn. 构成物"
constructed,v. 修建( construct的过去式和过去分词 ); 构成; 组成; （按照数学规则）编制
constructing,[计] 构造
construction,"n. 建筑, 构造, 建筑物\n[化] 施工"
constructions,n. 构造学；建筑物；建设（construction的复数）
constructive,"a. 建设性的, 构造上的\n[医] 构成的"
constructs,n. 构图；建筑物；构念（construct的复数）
construed,"v. 解释（陈述、行为等）( construe的过去式和过去分词 ); 翻译, 作句法分析"
consul,"n. 领事, 执政官\n[经] 领事"
consular,a. 领事的\n[经] 领事的
consulate,"n. 领事, 领事任期, 领事馆\n[经] 领事馆"
consult,"vi. 商讨, 商量, 协商, 会诊\nvt. 向...请教, 查阅, 考虑"
consultancy,"n. 商量, 协商, 磋商, 会诊, 与...商量, 咨询, 请教, 找(医生)看病, 查阅, 考虑\n[经] 咨询业务, 咨询服务"
consultant,"n. 顾问, 征询意见者\n[医] 顾问医师"
consultants,"n. 顾问( consultant的复数形式 ); 高级顾问医生, 会诊医生"
consultation,"n. 请教, 咨询, 磋商会\n[医] 会诊"
consultations,n. 磋商（会议）( consultation的复数形式 ); 商讨会; 协商会; 查找
consultative,"a. 商议的, 协议的, 咨询的\n[法] 咨询的, 商议的, 协议的"
consulted,"v. 商议, 商量( consult的过去式和过去分词 ); 请教; 翻阅; 求教于"
consulting,"a. 商议的, 咨询的, 任专职顾问的"
consume,"vt. 消耗, 消费, 消灭\nvi. 耗尽, 毁灭"
consumed,a. 充满的；对…著迷的
consumer,"n. 消费者\n[经] 消费者, 用户"
consumers,"n. 消费者, 消耗者；用户, 顾客（consumer的复数）"
consumes,v. 消耗( consume的第三人称单数 ); 烧毁; 大吃; 使充满（强烈的感情）
consuming,a. 消费的
consumption,"n. 消费, 消费量, 痨病\n[化] 消耗量; 耗量"
cont,abbr. 内容（contents）；连续的（continued）
contact,"n. 联系, 交际, 熟人, 接触\nvi. 接触, 联系\nvt. 使接触"
contacted,"v. 联络（通过电话或信件）( contact的过去式和过去分词 ); 使接触; 与（某人）接触（或交往）, 与…联系; [美国英语]与…通讯（或通话）"
contacting,[建] 接触
contacts,n. 联系人；联络方式；触体（contact的复数形式）
contagious,"a. 触染性的, 会蔓延的\n[医] (接)触(传)染的"
contain,"vt. 包含, 容纳, 控制\nvi. 自制"
contained,"a. 泰然自若的, 从容的；被控制的"
container,"n. 容器, 集装箱\n[化] 集装箱; 贮存箱; 容器(任何一种)"
containers,n. 集装箱；容器
containing,n. 包含
containment,"n. 抑制, 牵制, 遏制\n[法] 抑制, 牵制, 遏制"
contains,v. 包含；容纳；包含某字符串（contain的单三形式）
contaminants,"n. 污染物, 致污物( contaminant的名词复数 )"
contaminated,a. 受污染的；弄脏的
contamination,"n. 污染, 污物\n[化] 污染; 沾污"
conte,n. 短篇小说
contemplate,"vt. 注视, 沉思, 盘算\nvi. 冥思苦想"
contemplated,a. 预期的
contemplating,"v. 深思, 细想, 仔细考虑( contemplate的现在分词 ); 注视, 凝视; 考虑接受（发生某事的可能性）; 深思熟虑, 沉思, 苦思冥想"
contemplation,"n. 注视, 沉思, 盘算\n[法] 默察, 意图, 期待"
contemporaries,"n. 同龄, 同辈人（contemporary复数形式）"
contemporary,"n. 同时代的人\na. 同时代的, 属于同一时期的"
contempt,"n. 轻视, 轻蔑\n[法] 藐视, 侮辱, 轻视"
contend,"vi. 奋斗, 斗争, 竞争\nvt. 为...斗争"
contended,v. 争夺( contend的过去式和过去分词 ); 竞争; 搏斗; 争斗
contender,"n. 参赛者, 争论者, 斗争者, 竞争者"
contenders,"n. （冠军）争夺者, 竞争者( contender的复数形式 )"
contends,v. 争夺( contend的第三人称单数 ); 竞争; 搏斗; 争斗
content,"n. 内容, 满足, 意义, 要旨\na. 满足的, 满意的\nvt. 使...满足, 使...安心\n[计] 内容"
contention,"n. 争论, 争辩, 所持的论点\n[计] 争用"
contentious,"a. 好争吵的, 爱争论的, 有异议的\n[法] 诉讼的, 争执的, 引起争论的"
contents,n. 目录\n[计] 目录
contest,"n. 竞赛, 争论\nvt. 竞争, 争取, 争辩\nvi. 竞争"
contestant,"n. 竞争者\n[法] 争辩者, 竞争者"
contestants,"n. 竞争者, 参赛者( contestant的复数形式 )"
contested,"v. 争夺, 竞争( contest的过去式和过去分词 ); 争辩, 提出异议"
contesting,[法] 争执中的
contests,"v. 争夺, 竞争( contest的第三人称单数 ); 争辩, 提出异议"
context,"n. 上下文, 背景, 来龙去脉\nn. 上下文\n[计] 上下文"
contexts,n. 上下文( context的复数形式 ); 背景; 投资环境; 设备场境
contextual,"a. 上下文的, 前后关系的"
contiguous,"a. 邻近的, 接近的\n[医] 接触的"
continent,"n. 大陆, 洲\na. 自制的"
continental,"a. 大陆的, 洲的\nn. 欧洲大陆人"
continents,"n. 洲, 大陆( continent的复数形式 ); 欧洲大陆（不包括英国和爱尔兰）"
contingency,"n. 偶然性, 可能性, 意外事故\n[经] 意外事故, 意外开支, 偶然事故"
contingent,"a. 或许发生的, 附随的, 偶然发生的\nn. 偶然事件, 分遣队"
continual,"a. 持续不断的, 继续的\n[建] 连续的"
continually,"adv. 不断地, 频繁地"
continuation,"n. 继续, 续集, 补编\n[医] 连续"
continue,"vi. 继续, 延续, 延长\nvt. 使继续, 使延长"
continued,"a. 继续的, 延续的\n[医] 连续的"
continues,v. 继续；扩展；连续（continue的三单形式）
continuing,"a. 继续的, 持续的, 连续的\n[法] 继续的, 连续的, 持续的"
continuity,n. 连续性\n[化] 连续性
continuous,"a. 连续的, 继续的, 连续不断的\n[计] 连续的"
continuously,"adv. 不断地, 连续地\n[电] 连续地"
continuum,"n. 连续统一体, 连续统, 闭联集\n[化] 连续区; 连续谱; 连续介质"
contour,n. 轮廓\nvt. 画轮廓\na. 显示轮廓的\n[计] 轮廓
contours,"n. 外形, 轮廓( contour的名词复数 ); 地图上表示相同海拔各点的)等高线"
contra,"n. 反对, 相反\nadv. 反对地, 相反地"
contraband,"n. 违禁品, 走私\na. 禁运的, 非法买卖的"
contraception,"n. 避孕, 避孕法\n[医] 节(制生)育, 避孕"
contraceptive,"a. 避孕的\nn. 避孕剂, 避孕用具"
contract,"n. 合约, 婚约, 契约\nvt. 使皱缩, 使缩短, 感染, 订约, 缔结\nvi. 皱缩, 订约, 收缩"
contracted,"a. 收缩了的, 已定约的, 契约的"
contracting,"[法] 缔约的, 承包的"
contraction,"n. 收缩, 缩写式, 害病\n[医] 收缩; 挛缩; 牙弓内缩"
contractions,n. 收缩( contraction的复数形式 ); 缩减; 缩略词; （分娩时）子宫收缩
contractor,"n. 立契约的人, 承包商\n[化] 承包者; 承包工厂"
contractors,n. （建筑、监造中的）承包人( contractor的复数形式 )
contracts,n. 契约( contract的名词复数 ); 婚约; [法律]契约法; 行贿
contractual,"a. 契约的\n[经] 契约的, 契约性的"
contradict,"vt. 反驳, 与...抵触, 与...矛盾\nvi. 反驳"
contradicted,"v. 反驳, 否认…的真实性( contradict的过去式和过去分词 ); 与…发生矛盾, 与…抵触"
contradiction,"n. 反驳, 矛盾\n[法] 矛盾, 否认, 反驳"
contradictions,"n. 矛盾( contradiction的名词复数 ); 否认, 反驳"
contradictory,"a. 反驳的, 反对的, 抗辩的\nn. 矛盾因素, 对立物"
contradicts,"v. 反驳, 否认…的真实性( contradict的第三人称单数 ); 与…发生矛盾, 与…抵触"
contrary,"a. 相反的, 矛盾的, 对立的\nn. 相反, 对立面\nadv. 相反地"
contrast,"n. 差别, 对比, 对照物\nvt. 使对比\nvi. 成对照\n[计] 反差; 对比度"
contrasted,"v. （靠近或作比较时）显出明显的差异, 形成对比( contrast的过去式和过去分词 ); 对比, 对照"
contrasting,"v. （靠近或作比较时）显出明显的差异, 形成对比( contrast的现在分词 ); 对比, 对照"
contrasts,"n. 对比( contrast的名词复数 ); 差异; [摄影术]反差; [物理学]对比度\nv. （靠近或作比较时）显出明显的差异, 形成对比( contrast的第三人称单数 ); 对比, 对照"
contribute,"vt. 有助于, 捐助, 投稿\nvi. 出力, 捐献, 投稿"
contributed,"a. 已缴入的；贡献的, 分配的"
contributes,v. 捐献( contribute的第三人称单数 ); 捐助; 撰稿; 投稿
contributing,"a. 贡献的, 起一份作用的"
contribution,"n. 捐助, 捐助之物, 贡献\n[经] 贡献, 捐款, 补助品"
contributions,n. 贡献；出资
contributor,"n. 贡献者, 捐助者, 赠送者, 投稿者\n[法] 捐助人, 捐赠人, 投搞人"
contributors,n. 捐款人( contributor的复数形式 ); 捐助人; 促成因素; 投稿者
contrived,"a. 人造的, 勉强的, 不自然的"
control,"n. 控制, 管理, 克制, 控制器, 操纵装置\nvt. 控制, 操纵, 抑制\n[计] 控制; 控制器"
controlled,"a. 受约束的, 克制的\n[法] 受管制的, 受控制的, 受管辖的"
controller,"n. 控制器, 管理者\n[计] 控制器"
controllers,n. （尤指大型机构或部门的）管理者( controller的复数形式 ); 控制者; （机器的）控制器; （公司的）财务总管
controlling,[计] 控制的\n[经] 控制
controls,n. 控制；控制元件；控制装置（control的复数）
controversial,"a. 争论的, 论争的, 被议论的"
controversies,"n. 公开辩论, 论战( controversy的名词复数 )"
controversy,"n. 论争, 辩论, 论战, 争论\n[法] 论战, 争论, 争吵"
convection,"n. 传送, 对流, 传导\n[化] 对流"
convened,v. 召开( convene的过去式 ); 召集; （为正式会议而）聚集; 集合
convenience,"n. 方便, 便利的事物, 方便的时候"
convenient,"a. 方便的, 合宜的\n[法] 适当的, 合理而可行的, 方便的"
conveniently,"a. 方便, 合宜"
convent,"n. 女修道会\n[法] 召集, 召开, 开会"
convention,"n. 大会, 协定, 惯例, 约定\n[计] 约定"
conventional,"a. 传统的, 习惯的, 约定的\n[经] 惯例的, 常规的, 传统的"
conventions,n. 惯例；会议；约定（convention的复数）
converge,"vi. 聚合, 集中于一点\nvt. 使集合"
convergence,"n. 集中, 收敛\n[计] 收敛, 会聚"
conversation,"n. 会话, 说话, 交谈\n[法] 交谈, 社交, 性交"
conversational,"a. 会话的, 对话的, 健谈的\n[计] 会话式的; 对话式的"
conversations,n. 交谈( conversation的复数形式 ); 交往; 谈话技巧; [自动数据处理]（特指通过键盘和计算机进行的）人机对话
converse,"n. 相反的事物, 倒, 逆向\na. 相反的, 逆向的, 颠倒的\nvi. 交谈, 谈话"
conversely,"adv. 相反, 逆, 颠倒, 反题, 反"
conversion,"n. 转变, 转换, 改变宗教信仰, 换位法\n[计] 转换"
conversions,n. 变换( conversion的复数形式 ); （宗教、信仰等）彻底改变; （尤指为居住而）改建的房屋; 橄榄球（触地得分后再把球射中球门的）附加得分
convert,"n. 皈依者, 改变宗教信仰者\nvt. 使改变信仰, 转换, 兑换, 倒置\nvi. 皈依\n[计] 转换"
converted,a. 修改的；改变信仰的
converter,"n. 使改变信仰的人, 炼钢炉, 吹风转炉, 换流器, 变压器, 变换器, 变频器, 密码机\n[计] 转换器"
convertible,"a. 可改变的, 可交换的\nn. 有活动篷的汽车"
converting,"[建] 转化, 改变"
converts,v. （使）转变( convert的第三人称单数 ); （使）转化; 皈依; 改变（信仰）
convex,"a. 中凸的, 凸圆的, 凸面的\nn. 凸状, 凸面体, 凸面结构"
convey,"vt. 传达, 运输, 转让\n[经] 转让(财产等), 搬运"
conveyed,v. 运输( convey的过去式和过去分词 ); 运送; 输送; 表达
conveying,[计] 可转换的
conveyor,"n. 搬运者, 传达者, 转让财产者, 输送机, 输送设备\n[计] 传送机, 传送带"
conveys,v. 运输( convey的第三人称单数 ); 运送; 输送; 表达
convict,"n. 囚犯, 罪犯\nvt. 宣告有罪, 使知罪"
convicted,v. 宣判有罪( convict的过去式 )
conviction,"n. 定罪, 信服, 坚信\n[法] 定罪, 证明有罪, 判罪"
convictions,n. 确信( conviction的复数形式 ); 判罪; 定罪; 证明有罪
convicts,v. 宣判有罪( convict的第三人称单数 )
convince,"vt. 说服, 使相信\n[法] 使确信, 使信服, 使人认识错误"
convinced,"a. 确信的, 深信的"
convincing,"a. 使人信服的, 有力的, 令人心悦诚服的"
convincingly,"adv. 有说服力, 使人信服, 令人信服"
convoy,"n. 护送, 护卫\nvt. 护航, 护送"
conway,n. 康韦（姓氏）；康惠（手表品牌）
coo,"vi. 咕咕地叫\nvi.vt. 谈情话, 轻轻地说, 温柔可爱地说, 温柔爱恋地说\nn. 鸽子的叫声, 鸽子叫似的轻声"
cook,"n. 厨子, 厨师\nvt. 烹调, 煮饭, 加热\nvi. 在煮着"
cookbook,n. 食谱
cooke,n. 库克（男子名）
cooked,"a. 精疲力竭的, 被揍得昏厥的, 未达到目的就完蛋的, 喝醉了的"
cooker,"n. 炊事用具, 炉灶, 锅, 炊具, 烹饪用水果, 窜改者, 伪造者\n[化] 蒸锅"
cookery,"n. 烹调法, 烹调术"
cookie,"n. 饼干, 小甜点\n[建] 糕点"
cookies,n. 饼干
cooking,n. 烹饪\n[化] 熬炼; 热炼; 蒸煮
cooks,n. 一般的厨师和炊事人员（cook的复数形式）
cool,"n. 凉爽, 凉爽的空气\na. 凉爽的, 冷淡的, 冷静的\nvi. 冷却, 平息\nvt. 使冷却, 使平静"
coolant,n. 冷却剂\n[计] 冷却剂
cooled,a. 冷却的\nv. （使）变凉( cool的过去式 ); （使）冷静
cooler,n. 冷却器\n[化] 冷却器
coolest,a. 最酷的；棒的
cooling,n. 冷却\na. 冷却的\n[计] 冷却
coop,"n. 狭小空间, 鸡笼, 捕鱼篓\nvt. 关进鸡舍, 监禁"
cooper,n. 制桶工人\nv. 制桶
cooperate,"vi. 合作, 协力, 配合\n[化] 合作"
cooperating,[计] 协同操作
cooperation,"n. 合作, 协力, 配合\n[化] 合作"
cooperative,a. 合作的；合作社的
coordinate,"n. 同等的人(或物), 坐标\na. 同等的, 并列的\nv. (使)协调"
coordinated,vt. 调节；调整；整理；使调和（coordinate的过去分词）
coordinates,n. 坐标；相配之衣物
coordinating,[计] 协调的
coordination,"n. 同等, 协调\n[计] 协调; 进程协调"
coordinator,"n. 协调者, 同等的人或物\n[化] 协调器"
cop,n. 警官\nvt. 抓住
cope,"vi. 竞争, 应付\nn. 长袍"
copeland,n. 科普兰；谷轮公司
copenhagen,n. 哥本哈根
copied,a. 已复制的；复制的
copies,"n. 打印份数, 复印份数；复制品；副本（copy的复数）"
coping,"n. 墙压顶, 顶部, 顶盖, 墙的顶部\n[医] 盖"
copious,"a. 很多的, 丰富的, 内容丰富的"
copper,"n. 铜, 警察\n[化] 铜Cu"
cops,"[建] 堆, 顶, 绕丝轴"
copy,"n. 副本, 摹仿, 一册\nv. 复印, 抄袭, 复制\n[计] 副本; 复制; DOS内部命令:复制文件\n将几个文件合并成一个文件, 以及将文件传至外设或在设备之间传送"
copying,"n. 誊写, 复写\n[计] 仿形的"
copyright,"n. 版权, 著作权\n[法] 著作权"
copyrighted,a. 有版权的；受版权保护的
cor,"[医] 心脏, 心"
cora,n. 科拉
coral,"n. 珊瑚, 珊瑚色\n[化] 珊瑚"
corbett,科比特（人名）\n科比特（地名）
corbin,苛宾铝铜合金
cord,"n. 绳索, 束缚\n[医] 索, 带"
cordial,"n. 兴奋剂, 补品\na. 热忱的, 诚恳的, 有兴奋作用的"
cordon,"n. 哨兵线, 非常警戒线, 饰带\nvt. 用警戒线围住"
cords,n. 灯芯绒裤子
core,"n. 核心, 果心, 要点\nvt. 挖...的核\n[计] 内核, 核心网"
cores,n. 核心；芯部；要点；果心（core的复数形式）
corey,n. 科里（等于Cory）
corinthians,n. 科林蒂安斯（俱乐部名）；哥林多前书；格林多后书（《新约全书》中保罗著的）
cork,"n. 软木塞, 软木树, 软木\n[化] 木栓"
corn,"n. 玉蜀黍, 谷类, 谷粒, 鸡眼\nvt. 使成颗粒, 腌"
cornelius,n. 科尼利厄斯(m.)
cornell,n. 康奈尔（姓氏）
corner,"n. 角落, 转角, 窘境\nvt. 迫至一隅, 垄断, 使陷入绝境\nvi. 相交成角, 垄断\n[计] 边角"
cornered,a. 有...角的
corners,n. 角落；窘境（corner的复数形式）
cornerstone,"n. 奠基石, 基础"
cornish,a. 康沃尔人的；康沃尔郡的
cornwall,"n. 康沃尔（英格兰西南部一郡, 加拿大城市名）"
corny,"a. 谷类的, 乡巴佬似的, 粗野的\n[建] 角制的, 角(质)的"
corolla,n. 花冠\n[医] 卵冠; 花冠
corona,"n. 冠, 冠状物, 副冠, 根颈, 头顶, 牙冠, 檐板, 日冕, 月华, 日华, 电晕, 光圈\n[计] 电晕, 冠"
coronary,"a. 冠的, 花冠的, 冠状的\n[医] 冠状的"
coronation,n. 加冕礼
coronavirus,"n. [微]日冕形病毒,冠状病毒"
coroner,n. 验尸官\n[医] 检验员
corp,[经] 公司
corporal,"n. 下士\na. 肉体的, 身体的, 个人的"
corporate,"a. 社团的, 合伙的, 公司的\n[经] 团体的, 法人的, 社团的"
corporation,"n. 公司, 合作, 法人团体\n[法] 法人团体, 社团, 法人"
corporations,"n. 公司, 企业（corporation的复数形式）"
corps,"n. 军, 队, 部队, 兵种\n[医] 对, 团; 体, 物体"
corpse,n. 尸体\n[医] 尸体
corpses,"n. 死尸, 尸体( corpse的复数形式 )"
corpus,"n. (事物的)主体, 文集, 本金, 语料库\n[医] 体"
correct,"a. 正确的, 合适的\nvt. 改正, 订正"
corrected,a. 修正的；校正的；折算的
correcting,[计] 校正的
correction,"n. 订正, 改正, 改正的地方\n[化] 校正"
correctional,"a. 改正的, 修正的, 矫正的"
corrections,n. 修改( correction的复数形式 ); 改[纠]正; 惩罚; 有待改正
corrective,"a. 纠正的, 改正的, 矫正的\nn. 改善法, 矫正物"
correctly,"adv. 对, 正确, 恰当, 符合一般性准则, 符合行为准则, 端正, 符合"
correctness,[计] 正确性\n[经] 正确性
correlate,"n. 有相互关系的东西, 相关物\nvt. 使有相互关系\nvi. 相关"
correlated,a. 有相互关系的
correlation,"n. 相互关系, 相关, 关联\n[医] 相关, 联系"
correlations,n. 相互的关系( correlation的复数形式 )
correspond,"vi. 符合, 通信, 相当\n[法] 符合, 一致, 相当"
correspondence,"n. 相符, 通信, 信件\n[医] 对应, 相对"
correspondent,"n. 通讯记者, 通信者\n[经] 客户, 代理商行, 代理银行"
correspondents,"n. 通讯员, 记者( correspondent的复数形式 ); 通信者"
corresponding,"a. 相当的, 一致的, 通信的\n[计] 对应"
corresponds,v. 相符合( correspond的第三人称单数 ); 相一致; 相当; 通信
corridor,"n. 走廊, 回廊, 人口密集地带"
corridors,"n. 走廊, 通道( corridor的复数形式 ); 走廊（一国领土通过他国境内的狭长地带）"
corrosion,"n. 腐蚀, 侵蚀, 腐蚀产生的物质, 铁锈, 锈\n[计] 腐蚀"
corrosive,"a. 腐蚀的, 腐蚀性的, 有害的\nn. 腐蚀物, 腐蚀剂"
corrugated,"a. 皱纹的, 波状的\n[医] 波纹的, 皱状的"
corrupt,"a. 腐败的, 贪污的, 讹误充斥的\nvt. 使腐烂, 腐蚀, 使恶化\nvi. 腐烂, 堕落"
corrupted,a. 毁坏的；腐败的；崩溃的
corruption,"n. 腐败, 堕落, 贪污\n[计] 论误"
cortex,"n. 皮层\n[医] (树)皮; 皮质, 皮层"
cortez,n. 科特斯（男子名）；科尔特斯（古马雅人对医祭师的尊称）
corvette,"n. 克尔维特式轻巡航舰, 小型护舰"
cory,"n. 克里, 科里（人名）"
cos,"n. 余弦\n[医] 寇斯(爱琴海一岛屿,Hippocrates的出生地)"
cosby,科斯比（英国）
cosmetic,n. 化妆品\na. 化妆用的
cosmetics,n. 装饰品；化妆品（cosmetic的复数）
cosmic,"a. 宇宙的, 宇宙航行的, 无限的, 有秩序的\n[医] 宇宙的"
cosmo,n. 科兹摩（男子名）；（美）[俚]都市性
cosmopolitan,"a. 世界主义的, 世界性的, 全世界的, 遍生的, 不偏狭的, 卓有见识的\nn. 世界主义者, 世界性"
cosmos,"n. 宇宙, 秩序, 和谐, 大波斯菊\n[医] 大波斯菊"
cosplay,abbr. 角色扮演；动漫真人秀（Costume Play）
cost,"n. 代价, 价值, 费用\nvi. 花费\nvt. 使失去, 值, 使花费"
costa,"n. 肋骨, 肋脉, 叶的中脉\n[医] 肋"
costco,n. 美国科思科连锁企业
costello,n. 科斯特洛（姓氏）
costing,"n. 成本计算, 成本会计\n[经] 成本计算"
costly,"a. 昂贵的, 奢华的, 费用大的"
costs,n. 费用；诉讼费；损失（cost的复数）
costume,"n. 装束, 服装"
costumes,n. 服装（costume的复数形式）
cosy,a. 温暖舒适的\nn. 保暖套
cot,"n. 行军床, 小屋, (家畜等的)棚, (家畜等的)栏\n[医] 指套; 小床"
cottage,"n. 小屋, 茅舍"
cottages,"n. 小屋, 村舍( cottage的复数形式 )"
cotton,"n. 棉花\nvi. 和谐, 有好感, 理解"
couch,"n. 长沙发, 睡椅, 卧榻\nvt. 横躺, 表达\nvi. 躺下, 蹲伏"
cougar,n. 美洲狮
cougars,n. <美>美洲狮( cougar的复数形式 )
cough,n. 咳嗽\nvi. 咳嗽\nvt. 咳出
coughing,v. 咳嗽( cough的现在分词 ); （从喉咙或肺中）咳出; （突然）发出刺耳的噪音
could,"aux. 可以, 能"
coulson,库尔森
coulter,n. 犁刀
council,"n. 会议, 委员会\n[经] 委员会"
councillor,"n. 地方议会成员, 议会委员, 顾问, 评议员, 参赞\n[法] 议员, 评议员, 顾问"
councillors,"n. 政务会委员, 议员( councillor的复数形式 ); 地方议员"
councilman,"n. 委员, 市议会议员\n[法] 议会议员, 市议员"
councils,n. 委员会( council的复数形式 ); （郡、镇等）政务会; （尤指旧时讨论特定步骤的）协商会议; 市政（或地方管理）服务机构
counsel,"n. 商议, 忠告, 法律顾问\nv. 商议, 劝告"
counseling,n. 咨询服务
counselling,"[法] 评议, 商议, 指导"
counsellor,"n. 顾问, 辅导员, 律师"
counselor,"n. 顾问, 参事, 法律顾问"
counselors,n. 顾问( counselor的复数形式 ); <律>律师; （使馆等的）参赞; （协助学生解决问题的）指导老师
count,"vt. 计算, 视为\nvi. 计数\nn. 计算, 合计, 计数, 伯爵\n[计] 计数"
countdown,n. 倒计数\n[电] 指示串联中的操作数固定的记录减少
counted,v. （按顺序）数( count的过去式和过去分词 ); 有价值; 数出总数; 算得上
counter,"n. 计算器, 计算者, 柜台, 筹码\na. 反方向的, 相反的\nadv. 反方向地, 相反地\n[计] 计数器; 计数字"
counteract,"vt. 抵消, 阻碍, 中和\n[法] 抵抗, 阻碍, 抵销"
countered,"vt. 反击, 还击（counter的过去式与过去分词形式）"
counterfeit,"n. 赝品, 伪造品\na. 假冒的, 假装的\nv. 仿造, 伪装, 假装"
counterpart,"n. 副本, 复本, 配对物, 相应物\n[经] 副本, 正副二份中之一"
counterparts,n. 相对物；相对应的人；（契约）副本（counterpart的复数）
counterpoint,"n. 对位法, 旋律配合, 复调"
counters,n. 柜台( counter的名词复数 ); （对意见、态度等的）反对; 计数器; （某些棋盘游戏的）筹码
countess,"n. 伯爵夫人, 女伯爵"
counties,"n. 郡, 县( county的名词复数 )"
counting,n. 计算\n[医] 计数
countless,"a. 数不尽的, 无数的"
countries,国家（country的复数）
country,"n. 国家, 乡村, 地区, 故乡\na. 乡下的, 农村的\n[计] DOS外部命令:用于设定国家代码, 包括日期时间及货币格式"
countrymen,n. 同胞；乡下人；国民（countryman的复数形式）
countryside,"n. 乡下地方, 乡下居民"
counts,"n. 计数, 支数（count的复数形式）"
county,"n. 县, 郡"
coup,"n. 砰然的一击, 妙计, 出乎意料的行动, 政变\n[医] 发作, 中, 击"
coupe,"n. 双座四轮轿式马车, 小轿车, 双门轿式小汽车, (英)铁路客车尾部的分隔车厢"
couple,"n. 对, 夫妇, 数个\nvt. 使成双, 连接, 使成婚, 把...联系起来\nvi. 结合, 成婚"
coupled,v. 联接的；成对的；耦合的；共轭的（couple的过去分词形式）
couples,"n. 一对, 一双；夫妻；力偶（couple的复数）"
coupling,"n. 联结, 结合, 耦合\n[计] 耦合"
coupon,"n. 息票, 赠券\n[经] 息票, 利息单, 联票"
coupons,n. 优惠券；息票；[冶金]取样片（coupon的复数）
courage,"n. 勇气, 胆量"
courageous,"a. 勇敢的, 大胆的, 有胆量的"
courier,"n. 送快信的人, 伴游服务员\n[法] 信使, 送急件者"
course,"n. 课程, 路线, 过程, 一道菜, 道路\nv. 追, (使)跑"
courses,[医] 月经
court,"n. 法院, 庭院, 奉承\nvt. 献殷勤, 追求, 招致\nvi. 求爱"
courteous,"a. 彬彬有礼, 谦恭的"
courtesy,"n. 礼貌, 谦恭, 好意\n[法] 优待, 礼貌, 恩惠"
courthouse,"n. 法院, 郡政府所在地"
courting,vt. 招致（court的现在分词形式）
courtney,n. 考特尼（女子名）
courtroom,"n. 法庭, 审判室\n[法] 法庭, 审判室"
courts,n. 法院；场地（court的复数）
courtship,"n. 求爱, 求婚, 求爱时期"
courtyard,"n. 庭院, 天井"
cousin,"n. 堂兄弟姊妹, 表兄弟姊妹\n[法] 同辈表亲或堂亲"
cousins,n. 卡曾斯（姓）
couture,n. 时髦女子服装业
cove,"n. 山凹, 小湾\nv. (使)内凹, (使)成拱形"
covenant,"n. 契约, 盟约\nv. 立契约, 缔结盟约"
coventry,n. 考文垂
cover,"n. 盖子, 封面, 藉口\nvt. 覆盖, 掩饰, 保护, 掩护, 包括\nvi. 覆盖"
coverage,"n. 覆盖的范围, 保险总额, 新闻报导\n[化] 可达范围; 覆盖度"
covered,"a. 隐蔽着的, 掩藏着的, 有屋顶的\n[建] 涂抹了的, 覆盖了的, 掩盖了的"
covering,"n. 覆盖物, 掩蔽物\na. 掩护的, 掩盖的\n[计] 覆盖"
covers,"n. 覆盖；封面, 盖子；暗礁, 保证金, 暗礁群"
covert,"a. 隐蔽的, 偷偷摸摸的, 隐密的\nn. 树丛, 隐藏处"
coveted,"a. 令人垂涎的; 垂涎的, 梦寐以求的\nv. 贪求, 觊觎(covet的过去分词); 垂涎; 贪图"
cow,"n. 母牛, 母兽\nvt. 威胁"
cowan,考恩（人名）
coward,"n. 懦弱的人, 胆小的人"
cowardice,n. 懦弱
cowardly,"a. 怯懦的, 懦弱的；胆小的"
cowards,"n. 胆小鬼, 懦夫( coward的复数形式 )"
cowboy,"n. 牛仔, 牛郎, 牧童"
cowboys,n. 牛仔（cowboy的复数）
coworker,"n. 共同工作的人, 同事, 合作者"
coworkers,"(coworker 的复数) n. 共同工作的人, 同事, 合作者"
cows,n. 牛；乳牛（cow的复数）
cox,n. 舵手\nv. 做舵手
coy,"a. 腼腆的, 怕羞的, 羞怯的"
coyote,"n. 丛林狼, 讨厌的家伙"
coyotes,"n. 郊狼（北美洲西部原野上的小狼）( coyote的复数形式 ); 丛林狼, 草原狼"
coz,"n. 堂兄弟姊妹, 表兄弟姊妹"
cozy,"a. 舒适的, 安逸的, 惬意的\nn. (茶壶等的)保暖罩, 舒适的座位\nvt. 以假话使安心"
cp,"[计] 调用处理程序, 字符打印机, 通信处理器, 编译程序包, 控制部件\n[经] 商业本票"
cpa,"[计] 调用程序分析, 交叉程序审查程序"
cpc,abbr. 卡片编程计算器（Card Programmed Calculator）；中国共产党（Communist Party of China）
cpi,[计] 每英寸字符数\n[经] 消费者物价指数
cpl,abbr. 中央公共图书馆（Central Public Library）；化学物理实验室（Chemistry and Physics Laboratory）；普通程序语言（Common Programming Language）；计算机程序库（Computer Program Library）；全称电子职业联赛（Cyberathelete Professional League）
cpr,[计] 现行页面寄存器
cps,[计] 每秒钟字符数\n[化] 中国物理学会
cpu,中央处理器\n[计] 中央处理器
cr,"[计] 回车, 调用请求\n[医] 铬(24号元素)蟹; 山查子"
crab,"n. 螃蟹, 偏航, 脾气乖戾的人, 沙果\nvi. 捕蟹, 偏航, 发牢骚\nvt. 使偏航, 抱怨, 破坏"
crabs,n. 蟹( crab的名词复数 ); 阴虱寄生病; 蟹肉\nv. 捕蟹( crab的第三人称单数 )
crack,"n. 裂缝, 爆裂声\nv. (使)爆裂, (使)裂开, (使)发出爆裂声\na. 第一流的\nadv. 啪地一声"
crackdown,"n. 制裁, 镇压, 痛击"
cracked,"a. 破碎的, 破裂的, 声音嘶哑的\n[建] 有裂缝的, 裂化的"
cracker,"n. 饼干, 爆竹\n[计] 破袭者"
crackers,"a. 精神错乱的, 癫狂的, 狂热的"
cracking,"n. 裂解, 分解\na. 敏捷的, 很好的\nadv. 非常, 极其"
cracks,"n. 裂缝, 裂纹；板间间隙；龟裂（crack的复数形式）"
cradle,"n. 摇篮, 发祥地, 孩提时代\nvt. 放在摇篮内, 抚育\nvi. 刈割"
craft,"n. 技艺, 手艺, 诡计\nvt. 精心制作"
crafted,vt. 手工制作（craft的过去式与过去分词形式）
crafting,n. 工艺；手工艺
crafts,"n. 工艺品, 手艺（craft的复数形式）"
craftsman,"n. 工匠, 技工, 手艺人"
craftsmanship,"n. 技术, 技艺"
craftsmen,"手艺人, 名匠, 工匠"
crafty,"a. 狡诈的, 诡计多端的, 巧妙的"
craig,n. 克雷格（男子名）
craigslist,n. 克雷格列表（网站名）
cram,"vt. 塞满, 填满, 猛吃\nvi. 贪吃\nn. 极度拥挤, 死记硬背"
crammed,"密经, 密纬, 紧挡(织疵)"
cramped,"a. 狭窄的, 难懂的, 难辨的"
cramps,"n. 痛性痉挛, 抽筋( cramp的名词复数 ); （腹部）绞痛"
cranberry,n. 越橘
crane,"n. 鹤, 起重机\nvt. 伸颈, 起重机起吊\nvi. 伸颈看, 迟疑"
cranes,"n. 鹤( crane的名词复数 ); 起重机, 吊车"
crank,"a. 不稳的, 脾气暴燥的, 易怒的\nn. 曲柄, 奇想\nvt. 装曲柄\nvi. 转动曲柄"
cranky,"a. 古怪的, 暴躁的, 脾气坏的"
crap,"n. 废物, 废话\nvi. 掷骰子"
crappy,"a. <俚>蹩脚的, 没价值的, 讨厌的"
crash,"n. 哗啦声, 猛撞, 崩溃, 粗布\nv. 撞碎, 破碎, (使)...坠毁\na. 速成的\n[计] 崩溃"
crashed,a. 失事的
crashes,"v. （使）猛撞, （使）撞毁( crash的第三人称单数 ); 撞坏; 猛冲直撞; 发出巨响"
crashing,"a. 猛撞的, 彻底的, 非凡的"
crate,"n. 板条箱, 装货箱\n[建] 篓, 筐"
crater,"n. 火山口, 环行山, 弹坑\n[化] 焊口; 火山石; 弧坑; 焰口"
crates,"n. 板条箱, 柳条箱( crate的名词复数 ); 装货箱; 一箱（之量）; 破旧的汽车[飞机]"
crave,"v. 渴望, 热望, 恳求"
craven,"n. 懦夫, 怯懦者, 胆小鬼\na. 怯懦的, 畏缩的, 胆小的"
craving,"n. 渴望, 热望\n[医] 瘾, 癖, 嗜欲"
cravings,n. 渴望（craving的复数）
crawford,n. 克劳福德（美国西部小镇）
crawl,"n. 爬行, 匍匐而行, 养鱼池\nv. 爬行"
crawled,v. 爬( crawl的过去式和过去分词 ); （昆虫）爬行; 缓慢行进; 巴结
crawley,n. (Crawley)人名；(英)克劳利
crawling,[化] 收缩龟裂; 漆膜收缩龟裂; 表面涂布不匀
craze,"n. 狂热, 大流行\nv. (使)发狂, (使)开裂"
crazed,a. 癫狂的；疯狂的
crazier,愚蠢的\n急切的\n发疯的\n摇摇晃晃的（crazy的比较级）
craziest,疯狂的（crazy的最高级）
craziness,"n. 发狂, 狂热, 热中"
crazy,"a. 发狂的, 狂热的"
cream,"n. 乳酪, 奶油, 面霜\n[医] 乳油, 乳皮; 乳膏, 霜"
creams,n. 奶油类；面霜（cream的复数）
creamy,"a. 含乳脂的, 乳脂状的, 奶油色的\n[建] 含乳油的, 似乳油的"
crease,"n. 皱痕, 折痕\nv. (使)起皱痕"
create,"vt. 创造, 建造, 引起, 任命"
created,"a. 创造的\n[电] 创造的, 建立的"
creates,[n. 创建；创立
creating,[计] 生成的
creation,"n. 创造, 创作物, 发明\n[化] 产生"
creations,n. 创作；创造物（creation的复数形式）
creative,"a. 有创造力的, 创作的, 产生的"
creatively,adv. 创造性地；有创造力地
creativity,"n. 创造力, 创造性"
creator,"n. 上帝, 创造者, 创作者"
creators,创作者\n造物主
creature,"n. 人, 动物, 创造物, 生物"
creatures,"n. 生物, 动物( creature的复数形式 ); 人"
credentials,"n. 信任状, 国书, 文件, 身份证明, 证书\n[法] 信用证, 国书, 证书"
credibility,"n. 可信用, 确实性, 可靠\n[法] 证据能力, 可信程度, 确实性"
credible,"a. 可信的, 可靠的\n[法] 可信的, 可靠的"
credit,"n. 信用, 信任, 荣誉, 贷款, 学分\nvt. 归功于, 赞颂, 信任, 相信\n[计] 信用量"
credited,v. 相信；记入贷方（credit的过去式和过去分词）
creditor,"n. 债权人\n[法] 债权人, 债主, 贷方"
creditors,n. 债权人（creditor的复数）
credits,n. 演职员名单；工作人员；信用；学分（credit的复数）
creed,"n. 宗教信条, 教义, 纲领"
creek,"n. 小溪, 小河, 小湾"
creep,"n. 爬, 徐行, 蠕动\nvi. 爬, 蔓延, 潜行"
creeping,n. 爬行\na. 爬行的
creeps,"n. 毛骨悚然的感觉, 战栗"
creepy,"a. 爬行的, 令人毛骨悚然的"
creme,"n. 奶油调味液, 乳剂, 香甜的酒"
crept,creep的过去式
crescent,"n. 新月, 新月形(物)\na. 新月形的, 逐渐增加的"
crest,"n. 冠, 饰毛, 头盔的顶部\nvi. 到达绝顶\nvt. 加以顶饰"
cretaceous,"a. 白垩系的, 白垩纪的\nn. 白垩纪, 白垩系"
crete,n. （希腊）克里特岛
crew,"n. 全体人员, 一群人, 全体队员\ncrow的过去式"
crews,"n. 一起工作的人, 一群做同一工作的人"
crib,"n. 婴儿小床, 食槽, 蓄栏\nvi. 抄袭\nvt. 拘禁, 关入栅栏"
cricket,"n. 蟋蟀, 板球"
cricketer,"n. 板球队员, 玩板球者"
cricketers,n. 板球运动员( cricketer的复数形式 )
crickets,n. 蟋蟀( cricket的复数形式 ); 板球
cried,v. 哭泣；喊叫（cry的过去分词）
cries,v. 哭；喊叫（cry的第三人称单数）
crime,"n. 犯罪, 罪行, 罪恶\n[法] 犯罪, 罪, 罪恶"
crimea,"n. 克里米亚, 克里米亚半岛"
crimean,a. 克里米亚半岛的
crimes,n. 犯罪（crime的复数形式）
criminal,"n. 罪犯, 犯人, 刑事\na. 犯了罪的, 刑事的, 有罪的"
criminally,"[法] 刑法上, 犯罪上"
criminals,"n. 罪犯, 犯人( criminal的复数形式 )"
crimson,"n. 深红色\na. 深红色的\nv. (使)变为深红色, 脸红"
cringe,"n. 畏缩, 奉承\nvi. 畏缩, 抖缩, 阿谀"
cripple,"n. 跛者, 残废\nvt. 使跛, 使成残废, 削弱\na. 跛的, 残废的"
crippled,"a. 跛腿的, 残废的"
crippling,"(往复)曲折, 断裂, 临界的, 极限的"
crises,"危机, 骤变, 转折点, 紧急关头, 决定性时刻, 危象, 转换期, 极期, 临界"
crisis,"n. 危机, 危险期, 紧要关头\n[医] 危象; 骤退, 临界, 极期"
crisp,"a. 脆的, 新鲜的, 活泼的\nv. (使)烘脆, (使)拳曲, (使)起皱\nn. 松脆物"
crisps,n. 薯片（crisp的复数）
crispy,"a. 卷曲的, 松脆的, 易碎的, 干脆的, 干净利落的, 生气勃勃的"
cristiano,n. (Cristiano)人名；(西、意、葡)克里斯蒂亚诺
cristina,n. 克里斯蒂娜（电视剧中的人物）
criteria,pl. 标准\n[计] 条件
criterion,"n. 标准, 准则, 规范\n[化] 判据"
critic,"n. 批评家, 鉴定家"
critical,"a. 批评的, 决定性的, 危险的, 临界的\n[医] 危象的; 临界的, 极期的"
critically,"adv. 批评性地, 审慎地, 精密地"
criticise,"v. 批评, 吹毛求疵, 非难"
criticised,v. 批评；吹毛求疵；非难
criticising,v. 批评；吹毛求疵；非难
criticism,"n. 批评, 评论, 非难\n[法] 批判, 批评, 评论"
criticisms,n. 批评( criticism的复数形式 ); 批判; 评论; 评论文章
criticize,"v. 批评, 吹毛求疵, 非难"
criticized,"vt. 批评(criticize的过去式)\nv. 评论, 批评( criticize的过去式和过去分词 )"
criticizes,"v. 评论, 批评( criticize的第三人称单数 )"
criticizing,"v. 评论, 批评( criticize的现在分词 )"
critics,n. 评论家；批评者；吹毛求疵的人（critic的复数）
critique,"n. 评论文章, 评论"
critiques,"n. 评论文章, 评论( critique的名词复数 )"
croatia,n. 克罗地亚
croatian,"a. 克罗地亚的, 克罗地亚语的, 克罗地亚人的\nn. 克罗地亚人, 克罗地亚语"
crochet,"n. 钩针编织品, 钩边\nv. 用钩针编织"
crockett,n. 克罗克特（姓氏）；克罗克特市（位于美国加利福尼亚州）
crocodile,n. 鳄鱼
crocodiles,n. 鳄鱼( crocodile的复数形式 ); （做成皮革的）鳄鱼皮; 成对纵列行进的人（尤指儿童）
croft,"n. 小田地, 小农场"
cromwell,n. 克伦威尔（姓氏）
crook,"n. 钩, 弯曲部分, 坏蛋\nvt. 使弯曲, 诈骗\nvi. 弯曲"
crooked,"a. 弯曲的, 歪的, 邪恶的"
crooks,n. 骗子( crook的名词复数 ); 罪犯; 弯曲部分; （牧羊人或主教用的）弯拐杖\nv. 弯成钩形( crook的第三人称单数 )
crop,"n. 农作物, 产量, 平头\nvt. 收割, 修剪, 种植\nvi. 收获\n[计] 裁剪"
cropped,a. 裁切不正的
crops,[医] 分批出现(疹)
crore,n. <印英>一千万
crores,n. 一千万卢比（印度英语）
crosby,n. 克罗斯比（英国利物浦地名）；克罗斯比（人名）
cross,"n. 十字架, 十字架形物件, 交叉, 十字标, 交叉路, 磨难, 杂交\na. 生气的, 交叉的, 相反的\nv. 交叉, 横过, 越过\n[计] 交叉, 十字标"
crossed,"a. 十字的, 划掉的, 交叉的\n[计] 交叉的"
crosses,v. 交叉( cross的第三人称单数 ); 穿过; 使交叉; 使杂交
crossing,"n. 横越, 横渡, 交叉点, 渡口\n[经] 划线"
crossings,n. 交叉口（crossing的复数形式）
crossover,"n. 转到另一方, 天桥, 交叉\n[电] 交越"
crossroads,"n. 十字路口, 交叉路口, 聚会的中心地点, (喻)需作抉择的重要关头, 紧要关头"
crossword,"n. 纵横填字游戏, 纵横填字字谜\n[计] 纵横组字"
crotch,"n. 分叉处, 丫叉, 胯部"
crouch,"n. 蹲伏, 蜷缩\nvi. 蹲下, 蜷着, 缩着\nvt. 低头"
crow,"n. 啼叫, 乌鸦, 鸡鸣, 撬棍\nvi. 啼叫, 报晓"
crowd,"n. 群众, 一伙人\nvt. 拥挤, 挤满, 挤进"
crowded,"a. 拥挤的, 塞满的"
crowds,n. 人群( crowd的名词复数 ); 群众; 一群; 听众
crowe,n. 克罗（姓氏）
crowley,克罗利\n克罗利
crown,"n. 王冠, 王权, 顶点\nvt. 使成王, 加冕, 居...之顶"
crowned,"a. 戴王冠的, 象戴着王冠的, 有...帽顶的"
crowning,"a. 最高的, 无比的\n[医] 造冠术(牙); 儿头初露(分娩)"
crowns,n. 王冠( crown的名词复数 ); 花冠（有时象征胜利）; 王权; （某物的）顶部
crows,n. 乌鸦( crow的名词复数 ); 雄鸡的啼声\nv. 公鸡啼鸣( crow的第三人称单数 ); （婴儿）欢叫; （尤指在其他人不成功时）扬扬自得地夸口; 自鸣得意
croydon,n. 克里登（英国伦敦附近一地名）
crucial,"a. 决定性的, 重要的, 严厉的\n[医] 十字形的; 决断的, 定局的"
crucible,"n. 坩锅, 严酷的考验\n[化] 坩埚"
crucified,v. 把（某人）钉死在十字架上( crucify的过去式和过去分词 ); （尤指当众）折磨; 虐待; 迫害
crucifixion,"n. 在十字架上钉死的刑罚, 酷刑, 苦难, 折磨"
crude,"a. 天然的, 未成熟的, 粗糙的, 粗鲁的\nn. 天然的物质"
cruel,"a. 残酷的, 令人极痛苦的\n[法] 残忍的, 残酷的"
cruelty,"n. 残酷, 野蛮, 残酷行为\n[法] 残酷, 残忍, 虐待"
cruise,"n. 巡航, 巡弋, 漫游\nv. 巡航, 巡弋, 漫游"
cruiser,"n. 巡洋舰, 巡航飞机, 警察巡逻车"
cruisers,n. 巡洋舰( cruiser的复数形式 )
cruises,n. 游艇；邮轮旅游；油轮公司（cruise的复数）
cruising,a. 巡航的
crumble,"v. (使)粉碎, (使)成为碎屑, 瓦解, 崩溃, 败落"
crumbling,v. 破碎；崩溃（crumble的ing形式）
crumbs,[化] 粒状生胶; 废胶末
crunch,"v. 嘎吱嘎吱的咬嚼, 压碎, 嘎吱嘎吱地踏过\nn. 咬碎, 咬碎声"
crunching,v. 嘎吱嘎吱地咬嚼( crunch的现在分词 ); 嘎吱作响; （快速大量地）处理信息; 数字捣弄
crunchy,a. 发嘎吱嘎吱声的
crusade,"n. 改革运动, 十字军东侵\nvi. 从事改革运动, 加入十字军"
crusader,"n. 十字军战士, 改革者"
crusaders,n. 十字军；十字军战士（crusader的复数）
crush,"n. 压碎, 粉碎, 群众, 迷恋\nvt. 压破, 征服, 塞, 弄皱, 榨出\nvi. 被压碎, 起皱, 挤"
crushed,"a. 压碎的, 倒碎的"
crusher,"n. 碾碎机, 打击\n[化] 破碎机; 压碎机; 轧碎机"
crushes,"v. 压碎, 压坏( crush的第三人称单数 ); 破坏; 镇压; 榨"
crushing,"a. 碾碎的, 压倒的\n[化] 粗碎; 压碎; 破碎"
crust,"n. 外壳, 坚硬外皮, 面包皮\nvt. 盖以硬皮\nvi. 结硬皮"
crutches,n. 拐杖( crutch的名词复数 ); 支持物; 精神上的寄托; 胯部
cruz,n. （西）克鲁兹（男子名）
cry,"n. 叫声, 哭声, 大叫\nvi. 哭, 叫, 喊\nvt. 叫喊, 大声说, 哭出"
crying,"a. 叫喊的, 嚎哭的, 迫切的, 臭名昭著的"
crypt,"n. 土窖, 地穴, 地下室\n[医] 隐窝; 滤泡, 腺管"
cryptic,"a. 神秘的, 含义模糊的, 隐藏的\n[医] 隐蔽的"
crypto,"n. 秘密成员, 秘密赞同者"
crystal,"n. 水晶, 水晶装饰品, 结晶\na. 水晶的, 水晶一样的, 透明的"
crystalline,a. 透明的；水晶般的；水晶制的
crystals,n. 石英晶体；晶体（crystal的复数形式）
cs,"文职人员, 行政机构\n[计] 通道状态, 通信仿真器, 公用源, 计算机软件"
csa,[计] 保留进位加法器
csi,abbr. 犯罪现场调查（Crime Scene Investigation）；顾客满意指数（Customer Satisfaction Index）
csr,abbr. 企业社会责任（Corporation Social Responsibility）；客户服务代表（Customer Service Request）
css,[计] 接触起停
ct,"计算机断层扫描\n[计] 通信终端, 计算机终端, 计算机断层造影, 计数器"
ctrl,n. 计算机的Ctrl按键（控制键）
cu,"[计] 控制器, 立方, 用户占用\n[医] 铜(29号元素)"
cub,"n. 幼兽, 年轻人"
cuba,n. 古巴
cuban,"a. 古巴的, 古巴人的\nn. 古巴人"
cube,"n. 立方体, 立方\n[机] 立方体, 立方"
cubes,"n. 立方形的东西, 立方体( cube的名词复数 ); <数>立方"
cubic,"a. 立方体的, 立方的\n[机] 立方的, 立方体的"
cubs,n. 幼童军
cuckoo,"n. 杜鹃鸟, 布谷鸟"
cucumber,"n. 黄瓜\n[医] 黄瓜, 胡瓜"
cuddle,"n. 搂抱, 拥抱\nvt. 抚抱, 抱着睡, 拥抱\nvi. 依偎, 依偎着躺在一起"
cuddling,"v. 拥抱, 怀抱( cuddle的现在分词 ); 依偎着睡"
cuddly,"a. 可爱的, 适于搂抱的, 喜欢拥抱的, 可拥抱的"
cue,"n. 提示, 线索\nvt. 给...暗示(或提示)\n[计] 尾接指令"
cues,"n. 开端, 线索；球杆；提示, 关键；诱因（cue的复数形式）"
cuff,"n. 袖口, 一巴掌\nvt. 用巴掌打\nvi. 殴斗"
cuffs,n. 袖口；护腕；手铐（cuff的复数形式）
cuisine,"n. 烹调风格, 烹调法, 烹饪, 厨房"
culinary,"a. 厨房的, 烹调用的"
cullen,n. 卡伦（姓氏）
culminated,v. 达到极点( culminate的过去式和过去分词 )
culminating,"a. 达绝顶的, 终极的, 最后的"
culmination,"n. 顶点, 高潮, 最高点"
culprit,"n. 犯人, 罪犯, 刑事被告\n[法] 犯罪者, 犯人, 罪犯"
cult,"n. 膜拜, 礼拜式, 祭仪, 一群信徒\n[医] 迷信, 巫术"
cultivate,"vt. 培养, 耕作"
cultivated,"a. 耕耘的, 栽植的, 有教养的"
cultivating,v. 耕( cultivate的现在分词 ); 建立（友谊）; 种植; 陶冶思想[感情]
cultivation,"n. 教化, 培养, 耕作\n[医] 培养[法]"
cults,n. 迷信( cult的复数形式 ); 狂热的崇拜; （有极端宗教信仰的）异教团体
cultural,"a. 文化的, 教养的, 修养的\n[医] 培养的"
culturally,"adv. 从文化角度, 文化意义上；在人文学方面"
culture,"n. 文化, 修养, 耕种\nvt. 耕种, 培养"
cultured,"a. 有教养的, 有修养的, 有知识的"
cultures,"n. 文明, 文化（culture复数）"
cum,"prep. 和, 附有, 与\na. 附有红利的\nadv. 附有红利地"
cumberland,n. 坎伯兰郡（英格兰一郡名）
cumbersome,"a. 笨重的, 麻烦的, 累赘的"
cumbria,坎布里亚郡 [英国英格兰郡名]
cumming,n. (Cumming)人名；(英)卡明\n卡明
cummings,n. 卡明斯（人名）
cummins,n. 康明斯公司
cumulative,"a. 累积的\n[医] 蓄积的, 累积的"
cunning,"a. 狡猾的, 巧妙的, 可爱的\n[法] 狡猾的的, 狡诈的, 熟练的"
cunningham,n. 坎宁安（姓氏）
cunt,n. [俚]女性阴部；性交；淫妇
cunts,n. <忌>阴道( cunt的复数形式 ); 女性的阴部; （用于辱骂）讨厌鬼; 龟孙子
cuomo, [人名] 科莫
cup,"n. 杯子, 茶杯, 优胜杯\nvt. 使成杯状, 为...拔火罐"
cupboard,"n. 食橱, 碗柜, 餐具柜"
cupcake,n. 杯形蛋糕
cupcakes,n. 纸杯蛋糕( cupcake的复数形式 ); （经常用于称呼语中）指有魅力的女人; 指软弱和女性化的男人或男孩
cupid,"n. 丘比特, 丘比特画像, 美男孩"
cups,n. 拨火罐（器具）；杯子（cup的复数形式）
curated,(curate 的过去分词) n. 助理牧师
curator,"n. 管理者, 经理, 主管人, 掌管者, 馆长, 大学学监, 监护人, 保护人\n[经] 临时监护人"
curb,"n. 抑制, 勒马绳, 边石\nvt. 抑制, 束缚, 勒住"
cure,"n. 治疗, 治愈, 治疗法\nvt. 治疗, 治愈, 改正, 腌制, 加工处理, 使硫化\nvi. 受治疗, 被加工处理, 被硫化"
cured,a. 治愈的；熟化的；熏制的
cures,n. 治愈；治疗法（cure的复数形式）
curfew,"n. 晚钟, 打晚钟时刻, 宵禁\n[法] 宵禁, 宵禁令"
curing,[化] 熟化; 固化; 腌制; 熏制; 医治; 处理\n[医] 食物加工法(用腌、熏等方法)
curiosity,"n. 好奇心, 新奇的事物, 珍品"
curious,"a. 好奇的, 求知的, 古怪的"
curiously,adv. 好奇地
curl,"n. 拳曲, 鬈发\nvt. 弄卷\nvi. 拳曲, 弯曲"
curled,a. 鬈发的；卷曲的
curling,"n. (苏格兰)冰上溜石游戏, 头发的拳曲, 蜷缩"
curls,n. 一绺鬈发( curl的名词复数 ); 卷曲物; 螺旋状物; （指头发）拳曲\nv. （使）弯曲( curl的第三人称单数 ); （使）卷曲; 盘旋; 缠绕
curly,"a. 拳曲的, 卷毛的, 弯曲的"
currencies,n. 通货( currency的名词复数 ); 货币; 流通; 市价
currency,"n. 货币, 通货, 流通, 通用\n[计] 货币, 货币型"
current,"n. 涌流, 趋势, 流\na. 流通的, 现在的, 当前的, 流行的\n[计] 当前的"
currently,"adv. 现在, 当前, 一般, 普通\n[计] 当前"
currents,n. 潮流；气流；电流（current的复数）
curriculum,"n. 课程\n[医] 课程, 学程"
curry,"n. 咖哩粉, 咖哩饭菜\nvt. 用咖哩粉调味, 用马梳梳, 制革"
curse,"n. 咒骂, 诅咒\nvt. 诅咒, 咒骂"
cursed,a. 被诅咒的
curses,n. 诅咒( curse的名词复数 ); 咒语; 骂人的话; 祸害
cursing,v. 诅咒（curse的ing形式）
cursor,"n. 游标, 光标\n[计] 光标"
curt,"a. 简略的, 简短的, 生硬的"
curtain,"n. 帐, 幕, 窗帘\nvt. 装帘子于, 遮蔽"
curtains,n. [俚]灾难；窗帘（curtain的复数）
curtis,n. 柯蒂斯（男子名）
curvature,"n. 弯曲, 曲率\n[医] 弯, 曲"
curve,"n. 曲线, 弯曲, 曲线球\nvt. 弯, 使弯曲\nvi. 成曲形"
curved,a. 弯曲的；弄弯的
curves,n. 曲线；弯曲状（curve的复数形式）
curvy,a. 弯曲的；曲线美的（等于curvaceous）
cushion,"n. 垫子, 橡皮软垫\nvt. 加垫褥, 缓冲, 掩盖"
cushions,n. （隔离两个表面的）垫( cushion的名词复数 ); 垫子; 起保护（或缓冲）作用的事物; （台球等运动） （台球桌内侧边缘的）弹性衬里
custard,n. 蛋奶糕\n[化] 乳蛋糕
custodial,"a. 保管的, 保管人的\nn. 圣物保存器"
custodian,"n. 管理人, 保管人, 监护人\n[经] 保管人, 管理人"
custody,"n. 监护, 拘留, 监禁\n[经] 保管, 照顾, 保护"
custom,"n. 习惯, 风俗, 海关, 自定义\na. 定制的\n[计] 定制; 自定义"
customary,"a. 习惯的, 惯常的\n[经] 通常的, 习惯的"
customer,n. 消费者\n[化] 顾客
customers,n. 客户；顾客（customer的复数）
customization,"[计] 定制, 定型, 专用化, 用户化"
customize,"vt. 定制, 按规格改制, 定做\n[计] 定制"
customized,n. 自定义；客制化；自定义级别
customs,"n. 海关, 关卡, 关税\n[经] 关税, 海关"
cut,"n. 切口, 割伤, 降低, 切, 割, 砍, 削, 伤口, 削减, 缩短, 删节, 通路\na. 经切割的, 缩减的\nvt. 切, 割, 减少, 刺痛, 开辟, 雕刻, 删节, 缩短, 停止, 排斥, 切断, 关, 显出\nvi. 切, 割, 砍, 刺痛, 相交, 抄近路, 剪辑\n[计] 剪切"
cute,"a. 可爱的, 聪明的, 伶俐的\n[医] 品他病"
cutest,装腔作势的（cute的最高级）\n漂亮的\n有性吸引力的\n聪明伶俐的
cutie,n. 漂亮女孩
cutler,"n. 刀匠, 刀剪商"
cutoff,"n. 近路, 切断, 捷径, 切掉, 中止\n[电] 截止"
cuts,n. （分摊到的）份额；切口；近路（cut的复数）
cutter,"n. 裁剪者, 切割者, 切割器\n[化] 刀具; 剪切机; 切刀; 切胶机"
cutters,"n. 刀具；中部叶；倾斜节理；切割者, 剪削者（cutter的复数）"
cutting,"n. 切断, 切下, 路堑\n[化] 切屑"
cuz,abbr. 因为（cause）
cv,abbr. 简历（Curriculum Vitae）
cvs,abbr. 计算机并行版本系统（Concurrent Version System）；绒毛膜绒毛样检（Chorionic Villus Sampling）
cw,"等幅波, 连续波, 余弦波\n[计] 调用等待, 顺时针方向, 代码字, 命令字, 控制字"
cx,[计] 上下文环境命令
cy,abbr. 日历年度（calendar year）
cyanide,n. 氰化物\nvt. 用氰化物处理\n[计] 氰化物
cyber,"a. 网络的, 计算机的"
cyborg,"n. 靠机械装置维持生命的人, 宇航员\n[计] 生物机器人"
cycle,"n. 周期, 循环, 自行车, 一段时间, 整套\nvi. 循环, 轮转, 骑自行车\nvt. 使循环, 使轮转\n[计] 环路; 周期; 循环"
cycles,n. 循环动作；圈数；周期（cycle的复数）
cyclic,"a. 周期的, 轮转的, 循环的, 轮列的, 轮卷的, 环状的, 环的, 组诗的, 始末的\n[计] 循环的, 周期的"
cyclical,"a. 周期的, 轮转的, 循环的, 轮列的, 轮卷的, 环状的, 环的, 组诗的, 始末的\n[计] 循环的"
cycling,"n. 骑脚踏车兜风, 骑脚踏车消遣\n[机] 循环操作"
cyclist,n. 骑脚踏车的人
cyclists,n. 骑自行车的人( cyclist的复数形式 )
cyclone,"n. 龙卷风, 暴风\n[化] 旋流(分离,除尘)器"
cyclops,"n. 独眼巨人, 独眼的人, 独眼畸胎\n[医] 剑水蚤属"
cylinder,"n. 圆筒, 圆筒状物, 汽缸, 柱面\n[计] 柱面"
cylinders,n. 圆筒( cylinder的复数形式 ); 圆柱; 汽缸; （尤指用作容器的）圆筒状物
cylindrical,"a. 圆柱体的, 圆筒形的\n[计] 圆柱形的, 圆柱体的, 圆筒形的, 柱面的"
cynical,"a. 愤世嫉俗的, 讽刺的, 冷嘲的"
cynicism,n. 犬儒主义
cynthia,"n. 月亮女神, 月亮"
cypress,"n. 柏, 落羽杉, 柏树\n[机] 桧木"
cyprus,n. 塞浦路斯\n[经] 赛浦路斯
cyril,n. 西里尔（男子名）
cyrus,n. 赛勒斯（男子名）
cyst,"n. 包囊, 囊肿\n[医] 囊肿; [包]囊"
czech,"n. 捷克人, 捷克语\na. 捷克的, 捷克语的, 捷克人的"
czechoslovakia,n. (前)捷克斯洛伐克
da,"美国地方检察官\n[计] 数据采集, 数据管理员, 数据分析, 设计自动化"
dab,"n. 少量, 轻拍, 比目鱼, 熟手\nv. 轻拍, 轻擦"
dad,"n. 爸爸, 爹爹"
daddy,n. 爸爸
dade,n. 戴德（美国迈阿密一郡名）；戴德（美国一城市名）；戴德（姓氏）
dads,"n. 爸, 爹( dad的复数形式 )"
dae,[计] 数据采集设备
daft,"a. 愚笨的, 癫狂的, 狂闹的"
dagger,n. 匕首\nvt. 用剑刺
dah,"n. 短刀, 长划"
dahl,"n. 达尔（人名）\n达尔（地名, 在德国）\n代赫勒（地名, 在沙特阿拉伯、也门）"
dai,abbr. 直接存取情报（Direct Access Information）
daily,"a. 每日的, 日常的\nadv. 每日地, 日常地\nn. 日报"
dairy,"n. 牛奶公司, 乳品店, 乳牛场"
daisy,"n. 雏菊, 一流人物\na. 第一流的"
dak,n. 驿站
dakota,"n. 达科他（美国过去一地区名, 现分为南、北达科他州）"
dal,"n. [植]木豆（等于dhal ）；木豆做的菜；一种带辣味的印度菜（用蚕豆, 豌豆或小扁豆制成）"
dale,"n. 小谷, 溪谷"
daley,n. 戴利（男子名）
dallas,n. 达拉斯（美国城市）
dalton,"[化] 道尔顿(质量单位,等于一氧原子的1/16)\n[医] 道尔顿(质量单位)"
daly,"abbr. Disability Adjusted of Life Years, 伤残调整生命年"
dam,"n. 水坝, 障碍\nv. 控制, 筑坝\n[计] 直接存取法"
damage,"n. 损害, 伤害\nv. 损害"
damaged,"a. 被损坏的\n[建] 损伤了的, 损坏了的"
damages,n. 赔偿金\n[经] 损害赔偿; 伤害
damaging,"a. 破坏性的, 损害的"
damascus,n. 大马士革
dame,n. 夫人
damian,n. 达米安（男子名）
damien,n. 达米安（“天魔”片中撒旦之子的名字）
dammit,"int. 该死, 真他妈的"
damn,"n. 一点, 诅咒, 丝毫\ninterj. 该死, 该死的\nvt. 诅咒, 罚...下地狱\nvi. 指责, 谴责, 骂...该死, 证明...有罪"
damned,"a. 可恶的, 该死的\nadv. 非常"
damning,"n. 诅咒\na. 受永罚的, 毁灭的, 咒骂的"
damon,"n. 达蒙（罗马神话中的西西里人, 与Pythisa为生死之交）；戴蒙（男子名）"
damp,"n. 潮湿, 湿气\na. 潮湿的\nvt. 使潮湿, 使阻尼, 抑止\nvi. 变潮湿, 衰减"
dams,abbr. 海洋建筑的设计与分析；[美]防御性反导弹系统（Defense Against Missiles Systems）
dan,"n. 段(柔道、围棋运动员的等级)\n[建] 小车, 空中吊运车, 杓"
dana,n. 美国德纳（美国汽车公司）
dance,"n. 跳舞, 舞蹈, 舞会\nv. 跳舞"
danced,v. 跳舞( dance的过去式和过去分词 ); 手舞足蹈; 摇晃; 跳跃
dancer,"n. 舞蹈演员, 跳舞者"
dancers,"n. 跳舞者, 舞蹈演员( dancer的复数形式 )"
dances,n. 舞蹈；舞会；舞曲（dance的复数）
dancing,n. 舞蹈\n[建] 跳动的
dandy,"n. 花花公子\na. 服装浮华的, 极好的"
dane,n. 丹麦人
danes,n. 丹麦人（Dane的复数）；丹族
dang,int. 讨厌；见鬼（等于damn）
danger,"n. 危险, 威胁\n[法] 危险, 危险物, 危机"
dangerous,"a. 危险的\n[法] 危险的, 危害的"
dangerously,"adv. 危险, 不安全"
dangers,n. 危险( danger的复数形式 ); 可能造成损伤、疼痛等的人或物; 危险因素; 危害
dangling,"[计] 悬挂的, 悬浮的, 悬摆的"
dani,"n. 达尼（人名）；丹尼人（部落名, 聚居在巴列姆山谷）"
daniel,n. 丹尼尔（男子名）
danielle,n. 丹妮尔(f.)
daniels,n. 丹尼尔斯（姓氏）
danish,"n. 丹麦文\na. 丹麦的, 丹麦人的, 丹麦文的"
dank,"a. 阴湿的, 潮湿的"
danny,"n. 丹尼（男子名, 等于Daniel）"
dans,prep. （法）在…里；按照…；在…时候
dante,n. 但丁（意大利诗人）
danube,n. 多瑙河
daphne,n. [植]瑞香；达芙妮（女名）
dar,abbr. 美国革命女儿会（Daughters of the American Revolution）
darby,"n. 钞票, 手铐"
darcy,达西(多孔介质渗透力单位)
dare,"n. 挑战, 挑动, 大胆\nv. 敢, 胆敢"
dared,v. 敢于（竟敢）
daredevil,"n. 铤而走险的人, 蛮勇的人\na. 蛮勇的, 不怕死的"
dares,v. 敢( dare的第三人称单数 ); 敢做; 激（某人做某事）; 问（某人）有没有胆量（做某事）
daring,a. 大胆的
darius,n. 大流士
dark,"n. 黑暗, 夜, 黄昏, 模糊\na. 黑暗的, 暗的, 深色的, 隐密的, 模糊的, 无知的"
darkened,"v. 变暗, 转黑"
darker,"a. 较暗, 比较暗的"
darkest,a. 最黑暗的（dark的最高级）
darkness,"n. 黑暗, 暗, 深色, 隐密, 模糊, 无知"
darling,"n. 亲爱的, 可爱的人, 可爱的物\na. 可爱的, 亲爱的"
darn,n. 织补\nv. 织补
darrell,n. 达雷尔（男子名）
darren,n. 达伦（男子名）
darryl,n. 达瑞尔（男子名）
dart,"n. 飞镖, 投射\nvt. 投射\nvi. 疾走, 突进"
darth,达思
dartmouth,n. 达特茅斯（英国港口）
darts,n. 掷镖游戏
darwin,n. 达尔文
daryl,n. 达里尔(Darrell 的异体)(m.)
das,[计] 双挂接站
dash,"n. 冲撞, 破折号, 短跑\nvi. 猛冲, 冲撞\nvt. 泼溅, 使猛撞, 搀和, 使破灭, 使沮丧"
dashboard,"n. 仪表板, 挡泥板"
dashed,n. 虚线
dashing,"a. 闯劲足的, 有力的"
dat,"[计] 磁盘分配表, 动态地址转换, 数字录音带"
data,"pl. 资料, 数据\n[计] 数据; DOS内部命令:用于显示或设定系统的日期"
database,n. 数据库\n[计] 数据库
databases,n. 数据库；资料库（database的复数）
date,"n. 日期, 约会, 枣椰树\nvt. 约会, 定日期\nvi. 注明日期, 过时"
dated,"a. 有日期的, 陈旧的"
dates,"n. 日期；枣子, 大枣；约会（date的复数形式）"
dating,[计] 记日期的\n[经] 注明日期
daughter,n. 女儿\na. 女儿的
daughters,n. 女儿们（歌曲名）；枕边杀机（电影名）
daunting,a. 使人畏缩的
dave,n. 戴夫（男子名）
davenport,"n. 一种书桌, 两用沙发"
davey,n. 戴维(David 的昵称)(m.)
david,n. 大卫；戴维（男子名）
davidson,n. 戴维森（姓氏）
davies,n. 戴维斯（男子名）
davis,n. 戴维斯（男子名）
davy,n. 宣誓书
daw,n. 寒鸦
dawg,n. <口>狗
dawkins,道金斯（姓氏）
dawn,"n. 破晓, 黎明\nvi. 破晓"
dawson,n. 道森（加拿大西北部城市）
day,"n. 天, 日子, 白天, 工作日\n[医] 日(一昼夜), 昼, 白天"
daycare,n. 日托；日间照管儿童
daylight,"n. 白昼, 日光\nvt. 使沐浴于日光\nvi. 享有日光"
days,"n. 一生, 时期\nadv. 每天, 在白天"
daytime,"n. 白天, 日间"
dayton,n. 代顿（美国俄亥俄州西南部城市）
daytona,n. 代托纳（美国汽车品牌）
dazed,"a. 头昏的, 眼花的\n[医] 茫然的, 迷乱的"
dazzling,"a. 眼花缭乱的, 耀眼的"
db,"[计] 数据库, 数据位, 数据总线, 分贝, 判定功能块\n[化] 分贝"
dc,"直流电\n[计] 数据单元, 数据中心, 数据代码, 数据通信, 数据控制, 数字控制, 直流"
dd,"神学博士\n[计] 数据定义, 数据词典, 磁盘驱动器, 双密度"
de,"[化] 非对映体过量\n[医] 铥(69号元素铥的别名,1916年Eder离得的假想元素)"
dea,abbr. [军]数据交换协议（Data Exchange Agreement）；禁药取缔机构（Drug Enforcement Administration）
deacon,"n. 副主祭, 执事, 行会会长\nvt. 朗读, 摆得好看些"
deactivated,v. 解除动员( deactivate的过去式和过去分词 ); 使无效; 复员; 使不活动
dead,"a. 死的, 不活泼的, 麻木的, 熄灭的\nn. 死者\nadv. 完全地, 直接地"
deadliest,a. 最致命的
deadline,"n. 最后期限, 截止期限\n[经] 截止日期"
deadlines,n. 最后期限( deadline的复数形式 )
deadly,"a. 致命的, 致死的\nadv. 非常, 如死一般地"
deadpool, 死侍
deaf,a. 聋的\n[医] 聋的
deal,"n. 交易, 协定, 数量, 买卖, 松木板\nvi. 处理, 应付, 做生意\nvt. 分配, 发牌, 给予\n[计] 发牌"
dealer,"n. 经销商, 商人\n[经] 交易员, 贩卖商"
dealers,n. 交易商；经销商；商人们（dealer的复数）
dealership,"n. 代理权, 经销权\n[法] 商品经销特许权, 代理商"
dealing,"n. 经营行为, 行为, 交易\n[法] 待遇, 处置, 行为"
dealings,"n. 来往, 交易, 买卖\n[经] 交易"
deals,n. 协约；份额；交易（deal的复数形式）
dealt,deal的过去式和过去分词
dean,"n. 院长, 主持牧师\n[法] 外交团长, 学院院长, 教务长"
dear,"n. 亲爱的人\na. 亲爱的, 昂贵的, 严重的, 急迫的\ninterj. 啊\nadv. 深爱地, 高价地"
dearest,n. 最亲爱的人
dearly,"adv. 深深地, 昂贵地"
death,n. 死亡\n[医] 死亡
deaths,n. 死亡数
deb,"n. 初上舞台的人, 初进社交界的女孩\n[计] 数据扩充块"
debacle,"n. 崩溃, 大失败"
debatable,"a. 可争论的, 成问题的, 未决定的"
debate,"n. 辩论, 讨论\nv. 争论, 辩论"
debated,v. 辩论( debate的过去式和过去分词 ); 仔细考虑; 思考; 盘算
debates,n. 讨论( debate的名词复数 ); 辩论; （各自发表不同意见的）争论; 辩论\nv. 辩论( debate的第三人称单数 ); 仔细考虑; 思考; 盘算
debating,v. 辩论（debate的ing形式）
debbie,"n. 黛比（女子名, 等于Debby）"
debilitating,v. 使（人或人的身体）非常虚弱( debilitate的现在分词 )
debit,"n. 借方, 借\nvt. 记入借方"
deborah,n. 黛博拉（女子名）
debra,n. 黛布拉（女子名）
debris,"n. 碎片, 残骸\n[医] 碎屑"
debt,"n. 债务, 罪过\n[经] 借款, 欠款, 债务"
debts,"n. 负债类, 债务（debt的复数形式）"
debut,"n. 初次登台, 开张\nv. 初次登台"
debuted,"v. 初次表演, 初次登台（debut的过去式与过去分词形式）"
debuts,n. <法>演员首次演出( debut的名词复数 )
dec,美国数字电子公司\n[计] 数字设备公司
decade,"n. 十年, 十"
decades,"n. 十年, 十年间( decade的复数形式 )"
decatur,"n. 迪凯特（地名, 在美国田纳西州东部）"
decay,"n. 衰退, 腐败\nv. (使)衰退, (使)腐败"
decaying,n. 颓坏；衰减；腐蚀作用
deceased,a. 已故的\nn. 死者
deceit,"n. 欺骗, 谎言\n[经] 诈骗, 欺骗"
deceive,"v. 欺骗, 行骗"
deceived,"v. 欺骗, 蒙骗( deceive的过去式和过去分词 )"
deceiving,"v. 欺骗, 蒙骗( deceive的现在分词 )"
december,n. 十二月
decency,"n. 得体, 礼貌, 正派\n[法] 正当, 正派, 合乎礼仪"
decent,"a. 有分寸的, 得体的, 大方的"
decentralized,"a. 分散化, 分散式；分散管理的；分散的；去中心化"
deception,"n. 欺骗, 诡计\n[法] 瞒骗, 诈欺, 欺骗"
deceptive,"a. 迷惑的, 虚伪的, 欺诈的"
decide,"v. 决定, 判决"
decided,"a. 确定的, 坚决的"
decidedly,"adv. 决定了, 坚决, 明显, 显而易见, 显然, 明确, 果断, 毫无疑问"
decides,v. 下决心( decide的第三人称单数 ); （使）决定; 解决; 裁决
deciding,[计] 判定
decimal,"a. 十进位的, 小数的\nn. 十进制, 小数\n[计] 十进制, 小数点"
decipher,"vt. 译解, 解释\nn. 密电译文"
decision,"n. 决定, 决心, 决断\n[计] 判定"
decisions,n. 决断；决策；決定（decision的复数）
decisive,"a. 决定性的, 坚定的, 果断的"
decisively,adv. 果断地；决然地
deck,"n. 甲板, (汽车后部的)行李仓\nvt. 装饰, 打扮, 装甲板\n[计] 纸牌背面图案"
decker,"n. 装饰者, (用以构成复合词的)有...层甲板的船只, 有...层面的车辆"
decks,n. 舱板；平台；甲板（deck的复数）
declaration,"n. 宣告, 说明, 宣布\n[计] 说明"
declarations,n. 声明（declaration的复数）
declare,"v. 宣布, 声明, 申报, 断言"
declared,"a. 公告的, 公然的"
declares,v. 宣布( declare的第三人称单数 ); 断言; 申报（收益）; 板球（在击球员还未全部出局时）宣布结束赛局
declaring,"n. 宣告行为, 说明"
decline,"n. 衰退, 跌落, 下降\nvt. 使降低, 婉谢\nvi. 下降, 衰落, 偏斜"
declined,"v. 辞谢, 谢绝（邀请等）( decline的过去式和过去分词 ); （道路、物体等）下倾; （太阳）落下; （在品格、价值上）降低"
declines,"v. 辞谢, 谢绝（邀请等）( decline的第三人称单数 ); （道路、物体等）下倾; （太阳）落下; （在品格、价值上）降低"
declining,"a. 倾斜的, 衰退中的"
deco,abbr. 直接能量转换操作（Direct Energy Conversion Operation）；降低氧消耗（decreasing consumption of oxygen）
decomposition,"n. 分解, 腐败, 变质\n[化] 分解; 裂解"
decor,"n. 装饰, 布置"
decorate,v. 装饰
decorated,"a. 装饰的, 修饰的"
decorating,n. 装饰；美化
decoration,"n. 装饰, 装饰品"
decorations,n. 装修；装饰品（decoration的复数）
decorative,a. 装饰性的
decrease,"n. 减少, 减少量\nv. 减少"
decreased,"v. （使）缩短, 减小, 减少( decrease的过去式和过去分词 )"
decreases,"n. 减小, 降低( decrease的名词复数 ); 减少（量）\nv. （使）缩短, 减小, 减少( decrease的第三人称单数 )"
decreasing,[计] 下降的
decree,"n. 法令, 判决, 天意\nvt. 颁布, 判决\nvi. 发布命令"
decreed,vt. 命令（decree的过去式与过去分词形式）
dedicate,"vt. 献出, 贡献"
dedicated,"a. 专注的, 献身的"
dedication,"n. 奉献, 献身, 献辞\n[计] 专用"
deduct,"vt. 扣除, 减去\n[经] 扣除, 减去, 折扣"
deducted,"v. 扣除, 减去( deduct的过去式和过去分词 )"
deductible,a. 可扣除的\n[经] 可减的
deduction,"n. 减除, 扣除, 减除额, 推论\n[医] 演绎, 推论"
deductions,n. 扣除( deduction的复数形式 ); 结论; 扣除的量; 推演
dee,n. D字形马具\n[医] D形电极(回旋加速器内)
deed,"n. 行为, 实行, 契约\nvt. 立契转让"
deeds,n. 行为( deed的复数形式 ); 行动; <律>契约; 证书
deem,"v. 认为, 相信"
deemed,"v. 认为, 相信( deem的过去式和过去分词 ); 想"
deems,"v. 认为, 相信( deem的第三人称单数 ); 想"
deep,"a. 深的\nadv. 深入地\nn. 深渊, 深处"
deepen,"vi. 深化\nvt. 使加深, 使强烈"
deepening,"n. 加深, 延深；向下侵蚀"
deeper,a. 更深
deepest,a. 深的（ deep的最高级 ）; 严重的; 深奥的; 有…深的
deeply,"adv. 深刻地, 在深处, 深沉地"
deer,n. 鹿
def,"[计] 数据输入设施, 定义\n[医] 乳牙龋数(率)(d=需补牙数,e=需拔牙数,f=已拔牙数)"
defamation,"n. 破坏名誉, 中伤, 诽谤\n[法] 破坏名誉, 中伤, 毁谤"
default,"n. 违约, 不履行责任, 缺席, 默认值\nv. 疏怠职责, 缺席, 拖欠, 默认\n[计] 默认; 默认值; 缺省值"
defaults,n. 违约；默认；预设值（default的复数）
defeat,"n. 败北, 失败\nvt. 击败, 使落空"
defeated,v. 击败( defeat的过去式和过去分词 ); 战胜; 挫败; 使困惑
defeating,v. 击败( defeat的现在分词 ); 战胜; 挫败; 使困惑
defeats,v. 击败( defeat的第三人称单数 ); 战胜; 挫败; 使困惑
defect,"n. 缺点\n[医] 缺损, 缺陷"
defective,"a. 有缺陷的, 欠缺的\nn. 有缺陷的人, 不完全变化词"
defects,n. 缺点；瑕疵；不合格品（defect的复数）
defence,"n. 防卫, 防卫设备\n[经] (诉讼程序中的)辩护"
defences,n. 辩护( defence的复数形式 ); 防御; 防御工事; 后卫
defend,"vt. 防护, 辩护, 防卫\n[法] 作...的辩护律师, 辩护, 为...答辩"
defendant,n. 被告\n[经] 被告方
defendants,n. 被告( defendant的复数形式 )
defended,v. 辩护( defend的过去式和过去分词 ); 保卫; （足球、曲棍球等）防守; 进行辩护
defender,"n. 防卫者, 防护者, 辩护者\n[法] 辩护人, 保护人"
defenders,n. 后卫；防御者（defender的复数）
defending,v. 辩护( defend的现在分词 ); 保卫; （足球、曲棍球等）防守; 进行辩护
defends,v. 辩护( defend的第三人称单数 ); 保卫; （足球、曲棍球等）防守; 进行辩护
defense,"n. 防卫, 防卫物\n[医] 防御"
defenses,vt. [军] 防御；辩护（defense的第三人称单数）\nn. [军] 防御（defense的复数）
defensive,"a. 防卫的, 防备用的, 自卫的\nn. 守势, 防卫姿势, 防卫物"
defensively,adv. 防御地；守势地
defer,"vi. 推迟, 延期, 听从\nvt. 使推迟, 使延期"
deferred,"a. 推迟的, 迟延的\n[计] 递延的"
defiance,"n. 蔑视, 挑战\n[法] 挑战, 藐视, 违抗"
defiant,"a. 挑衅的, 目中无人的"
deficiencies,n. 缺乏( deficiency的名词复数 ); 不足; 缺点; 缺陷
deficiency,"n. 缺乏, 不足\n[医] 缺乏, 不足"
deficient,"a. 不足的, 不充分的, 有缺陷的"
deficit,"n. 赤字, 不足额\n[医] 短缺"
deficits,n. 不足额( deficit的复数形式 ); 赤字; 亏空; 亏损
defied,v. 不服从( defy的过去式和过去分词 ); 公然反抗; 蔑视; 向…挑战
define,"vt. 定义, 规定, 使明确\n[计] 定义"
defined,"a. 清晰的, 轮廓分明的；有定义的, 确定的"
defines,v. 定义；详述；规定；表明特征（define的三单形式）
defining,[计] 定义的
definite,"a. 明确的, 一定的\n[法] 明确的, 确切的, 一定的"
definitely,"adv. 明确无疑地, 清楚地"
definition,"n. 定义, 精确度, 清晰度\n[计] 清晰度; 清晰度"
definitions,n. 定义（definition的复数形式）
definitive,"n. 限定词\na. 限定的, 决定性的"
definitively,"adv. 决定性地, 最后地"
deflect,"vt. 转移, 使偏斜\nvi. 偏斜"
deflection,"n. 歪斜, 偏, 偏向\n[医] 偏向, 偏离, 偏转(光), 偏转, 波(心电图)"
deforestation,"n. 采伐森林, 森林开伐\n[法] 砍伐森森"
deformation,"n. 损形, 变丑, 畸形\n[化] 变形; 形变"
deformed,"a. 畸形的, 残废的, 丑陋的"
defunct,"a. 死的, 不能使用的\nn. 死者"
defy,"vt. 藐视, 挑衅, 使落空\nn. 挑战"
defying,v. 不服从( defy的现在分词 ); 公然反抗; 蔑视; 向…挑战
degenerate,"a. 堕落的\nvi. 退化, 堕落\nvt. 使变质, 使退化"
degeneration,"n. 退化, 恶化, 堕落\n[化] 简并性"
degradation,"n. 降格, 堕落, 退化\n[计] 降级"
degrade,"v. (使)降级, (使)退化"
degraded,"a. 被降级的, 落泊的, 退化的"
degrading,"a. 丧失体面的, 降低身份的, 有辱人格的\n[法] 品质低劣的, 卑劣的, 退化的"
degree,"n. 程度, 度数, 学位, 度\n[医] 度, 程度"
degrees,"n. 角度, 学历；度数（degree的复数）"
dehydrated,a. [医]脱水的
dehydration,n. 脱水\n[化] 脱水; 脱水作用
dei,prep. （意）一些
deities,"n. 神, 女神( deity的名词复数 ); 神祗; 神灵; 神明"
deity,"n. 神, 神性"
del,"[计] 数据输入语言, 作废; DOS内部命令:从磁盘上删除一个或多个文件"
delaney,n. 德兰尼（姓氏）
delaware,n. 特拉华(美国州名)
delay,"n. 耽搁, 迟滞\nv. 耽搁, 延迟\n[计] 延迟, 延时"
delayed,a. 定时的；延时的
delaying,[计] 延迟的
delays,"v. （使）耽搁, 延误( delay的第三人称单数 ); 推迟; 使延期; 使延迟"
delegate,n. 代表\nvt. 委派...为代表
delegated, 授与的
delegates,"n. 代表, 代表团成员( delegate的名词复数 )"
delegation,"n. 代表团, 派遣代表团, 代表的地位(或权力)\n[经] 派遣, 委任, 委托"
delegations,"n. 代表团( delegation的复数形式 ); 委托, 委派"
delete,vt. 删除\n[计] 删除
deleted,a. 已删除的
deleting,[计] 正在删除
deletion,"n. 删除, 删除部分\n[医] 缺失, 中间缺失(染色体)"
delhi,n. 德里（印度城市名）
deli,n. 熟食店；熟食品（等于delicatessen）
deliberate,"a. 深思熟虑的, 故意的, 从容的\nv. 仔细考虑"
deliberately,adv. 故意地
deliberations,n. 深思熟虑( deliberation的复数形式 ); 研究; （言语、行动等的）从容; 沉着
delicacy,"n. 细软, 精致, 精美的食品, 娇气, 微妙, 棘手, 娇弱, 灵敏, 灵巧"
delicate,"a. 细致优雅的, 微妙的, 美味的\n[医] 柔弱的"
delicious,a. 美味的
delight,"n. 高兴, 愉快\nvt. 使高兴, 乐于\nvi. 感到高兴(或愉快、快乐)"
delighted,"a. 高兴的, 快乐的"
delightful,"a. 令人愉快的, 可爱的"
delights,"n. 快乐, 高兴( delight的名词复数 ); 使人高兴的东西或人\nv. 使高兴, 使欣喜( delight的第三人称单数 ); 感到高兴[快乐]"
delinquent,"n. 行为不良的人, 违法者\na. 怠忽的, 有过失的"
deliver,"vt. 递送, 陈述, 释放, 发表, 引渡, 投递, 交付\n[经] 交运"
delivered,a. 业已交货
deliveries,n. 已交付；交货（delivery的复数）
delivering,"v. 递送, 交付( deliver的现在分词 ); 发表; 交出; 发动"
delivers,"v. 递送, 交付( deliver的第三人称单数 ); 发表; 交出; 发动"
delivery,"n. 递送, 交付, 分娩, 交货, 引渡\n[化] 交货额"
dell,"n. 小谷, 小溪谷\n[医] 小凹, 浅窝"
della,"n. 黛拉（女子名, 等于Delia）"
delta,"n. 三角洲, 希腊字母的第四个字\n[医] δ(希腊文的第四个字母), 丁种, 三角, 三角形区"
deluded,"v. 欺骗, 哄骗( delude的过去式和过去分词 )"
delusion,"n. 迷惑, 欺瞒, 错觉\n[医] 妄想"
delusional,[医] 妄想的
delusions,n. 欺骗( delusion的复数形式 ); 谬见; 错觉; 妄想
deluxe,"a. 高级的, 豪华的\nadv. 豪华地"
delve,"v. 探究, 查考\nn. 坑, 穴"
dem,[计] 解调器
demand,"n. 要求, 需求, 需要\nv. 要求, 查询"
demanded,v. 要求( demand的过去式和过去分词 ); 需要; 想要知道; 查问
demanding,"a. 要求高的, 费力的"
demands,v. 要求( demand的第三人称单数 ); 需要; 想要知道; 查问
demeanor,"行为, 品行, 举止"
dementia,n. 痴呆\n[医] 痴呆
demi,demos的复数
demise,"n. 崩, 薨, 死亡\nvt. 让渡, 遗赠, 转让"
demo,"n. 演示, 样本唱片\n[计] 演示"
democracies,n. 民主( democracy的名词复数 ); 民主国家; 民主精神; 民主权利
democracy,"n. 民主政治, 民主主义\n[法] 民主, 民主政治, 民主政体"
democrat,"n. 民主人士, 民主主义者, 民主党党员\n[经] 民主党"
democratic,"a. 民主的\n[法] 民主的, 民主政体的, 平民的"
democratically,"adv. 民主地, 民主主义地"
democrats,n. 民主主义者；民主党员（democrat的复数）
demographic,"a. 人口统计的\n[法] 人口统计的, 人口学的"
demographics,n. 人口统计资料
demolish,"vt. 毁坏, 破坏, 粉碎"
demolished,v. 摧毁( demolish的过去式和过去分词 ); 推翻; 拆毁（尤指大建筑物）; <非正>吃光
demolition,"n. 破坏, 毁坏, 撤销\n[经] 拆毁(除,破坏)"
demon,n. 魔鬼
demonic,"a. 恶魔的, 有魔力的"
demons,"n. 守护程序；魔族, 恶魔"
demonstrate,"vt. 示范, 证明\nvi. 示威"
demonstrated,v. 举行示威游行（或集会）( demonstrate的过去式和过去分词 ); 示范。展示; 显示; 论证
demonstrates,v. 举行示威游行（或集会）( demonstrate的第三人称单数 ); 示范。展示; 显示; 论证
demonstrating,v. 举行示威游行（或集会）( demonstrate的现在分词 ); 示范。展示; 显示; 论证
demonstration,"n. 示范, 实证\n[医] 示教, 实物教授"
demonstrations,n. 证明( demonstration的复数形式 ); 表明; 表达; <非正>游行示威
demonstrators,"n. 游行示威者( demonstrator的复数形式 ); 证明者, 示范者"
demos,"n. 人民, 民众, 大众\n[计] 示范教程"
dempsey,登普西（人名）
dems,(DEM 的复数) [计] 解调器
den,"n. 兽穴, 洞穴\n[法] 匪巢, 贼窝"
deng,abbr. 工程学博士（Doctor of Engineering）
denial,"n. 否认\n[法] 否定, 否认, 拒绝接受"
denied,v. 拒绝；拒签（deny的过去式）
denies,v. 拒绝( deny的第三人称单数 ); 拒绝承认; 拒绝…占有; 否认知情
denim,"n. 斜纹粗棉布, 牛仔布, 劳动布, (非正式)工作服, 工装裤"
denis,n. 丹尼斯（男子名）
denise,n. 丹尼斯（女子名）
denmark,n. 丹麦
dennis,n. 丹尼斯（男子名）
denny,n. 丹尼（男子名）
denomination,"n. 名称, 教派, 面额\n[经] 票面金额, 名称, (度量衡)"
denominations,n. 宗派( denomination的复数形式 ); 教派; 面额; <正>名称
denominator,"n. 分母, 命名者\n[经] 分母, 共同特性, 标准"
denote,"vt. 指示, 表示"
denoted,v. 为…的符号( denote的过去式和过去分词 ); 为…的名称; 指示; 指出
denotes,v. 为…的符号( denote的第三人称单数 ); 为…的名称; 指示; 指出
denounce,"vt. 告发, 抨击, 谴责\n[法] 谴责, 斥责, 告发"
denounced,v. 公开指责( denounce的过去式和过去分词 ); 揭发; 告发; 通知废止
dense,"a. 密集的, 浓厚的"
densely,"adv. 浓密地, 浓厚地"
density,n. 密度\n[化] 密度
dent,"n. 凹痕\nvt. 使凹下, 削弱\nvi. 塌陷"
dental,"a. 牙齿的\n[医] 牙的, 齿的, 齿音, 齿音字母"
dentist,n. 牙科医生\n[医] 牙医师
dentistry,"n. 牙科\n[医] 牙科学, 牙科技术"
dentists,n. 牙科医生( dentist的复数形式 ); 牙科诊所
denton,n. 丹顿（姓氏）
denver,n. 丹佛(美国城市)
deny,"v. 否认, 拒绝"
denying,v. 拒绝( deny的现在分词 ); 拒绝承认; 拒绝…占有; 否认知情
deodorant,"n. 除臭药, 防臭剂\na. 止臭的, 防臭的"
depart,"vi. 离开, 出发, 背离, 违反, 去世"
departed,"a. 过去的, 以往的, 死了的"
departing,v. 离开( depart的现在分词 ); 出发; 开出; 离职
department,"n. 部门, 系, 机关\n[医] 部, 科"
departmental,"a. 部门的, 各部的, 分科的"
departments,n. 部( department的复数形式 ); （任何事物的）部分; （企业单位负责特定活动的、零售商店中专售某类商品的）部门; （学校、学术机构等的）系
departs,v. 离开( depart的第三人称单数 ); 出发; 开出; 离职
departure,"n. 离开, 出发, 违背, 偏离\n[经] 启运"
departures,n. 出发；背离；出港（departure的复数）
depend,"vi. 靠, 视...而定, 信赖"
dependable,"a. 可信任的, 可靠的, 可信赖的"
depended,v. 依靠( depend的过去式和过去分词 ); 依赖; 信赖; 决定于
dependence,"n. 依赖, 依存, 信赖\n[医] 依赖(如对药物的依赖,即瘾或癖), 从属, 偏利共生"
dependencies,"n. 依赖性, 相关性；管理"
dependency,"n. 属国, 保护地, 从属物\n[医] 从属, 从属部"
dependent,"n. 依赖他人者\na. 依赖的, 从属的"
depending,[计] 依赖
depends,v. 依赖；信赖（depend的三单形式）
depict,"vt. 描述, 描写"
depicted,"v. 描绘, 描画( depict的过去式和过去分词 ); 描述"
depicting,"v. 描绘, 描画( depict的现在分词 ); 描述"
depiction,"n. 描写, 叙述"
depictions,"n. 描写, 叙述( depiction的复数形式 )"
depicts,"v. 描绘, 描画( depict的第三人称单数 ); 描述"
depleted,a. 废弃的；贫化的；耗尽的
depletion,"n. 消耗, 耗尽, 放血\n[医] 排除, 缺失(液体), 衰竭[状态](由于缺液)"
deplorable,"a. 可叹的, 悲惨的, 凄惨的"
deploy,"v. 展开, 配置"
deployed,v. （尤指军事行动）使展开( deploy的过去式和过去分词 ); 施展; 部署; 有效地利用
deploying,v. （尤指军事行动）使展开( deploy的现在分词 ); 施展; 部署; 有效地利用
deployment,[计] 展开
deployments,"n. 部署, 调度( deployment的复数形式 )"
deport,"vt. 举止, 驱逐出境\n[法] 放逐, 驱逐, 递解"
deportation,"n. 驱逐出境, 放逐\n[法] 递解出境, 放逐, 驱逐"
deported,v. 将…驱逐出境( deport的过去式和过去分词 ); 举止
deposed,v. 罢免( depose的过去式和过去分词 ); <律>（在法庭上）宣誓作证
deposit,"n. 存款, 定金, 堆积物\nvt. 存放, 堆积\nvi. 沉淀"
deposited,v. 储存；存放；放置（deposit的过去分词）
deposition,"n. 免职, 作证, 沉淀\n[化] 沉积"
deposits,n. 存放( deposit的名词复数 ); 订金; 寄存处; 储蓄\nv. 存放( deposit的第三人称单数 ); （尤指小心地或准确地）放置; 付（保证金）; （把硬币）放入（自动售货机）
depot,"n. 停车场, 车站, 贮藏所, 仓库\n[医] 仓库, 贮存, 积存"
depp,n. 德普（姓氏）
depreciation,"n. 价值减低, 减价, 跌落, 贬低, 折旧\n[化] 折旧; 减值"
depressed,"a. 沮丧的, 降低的\n[医] 抑郁的, 阻抑的, 压低的, 凹[陷]的, 扁平的"
depressing,"a. 抑压的, 沉闷的, 阴沉的"
depression,"n. 不景气, 消沉, 沮丧, 洼地\n[医] 抑郁[症], 阻抑, 压低, 凹, 窝, 衰退, 俯角"
depressive,"a. 压抑的, 压下的, 沉闷的\n[医] 抑郁的, 阻抑的, 压低的"
deprivation,"n. 剥夺, 剥夺官职, 免职\n[医] 丧失, 剥夺, 缺乏"
deprive,"vt. 剥夺, 使丧失\n[法] 剥夺, 剥夺, 夺去"
deprived,"a. 穷困的, 丧失了受良好教育权利的, 贫穷的"
dept,"n. 部, 学部, 学校, 研究室, 系, 科室, 部门, 科, 处, 局, 司, 车间"
depth,"n. 深度, 深处, 深奥\n[计] 深度"
depths,n. 深处；深渊
deputies,n. 副手( deputy的名词复数 ); 代理人; （某些国家的）议员; （美国协助地方治安官办案的）警官
deputy,n. 副手，代理人
der,abbr. 区分编码规则（Distinguished Encoding Rules）
derailed,"v. 出轨( derail的过去式和过去分词 ); 使（火车）出轨, 使脱轨"
deranged,"a. 精神错乱的, 疯狂的"
derby,"n. 德比(英国中部都市), 德比赛马, 大赛马"
derbyshire,n. 德比郡
deregulation,"n. 撤消(价格等的)管制规定, 解除控制"
derek,n. 德里克（男名）
derelict,"a. 被抛弃了的, 无主的, 玩忽职守的\nn. 遗弃物, 被遗弃的人, 玩忽职守者"
derivative,"a. 引出的, 派生的\nn. 引出之物, 派生物, 衍生字"
derivatives,派生物
derive,vt. 得自\nvi. 起源
derived,"a. 导出的；衍生的, 派生的"
derives,v. 得到( derive的第三人称单数 ); （从…中）得到获得; 源于; （从…中）提取
derogatory,"a. 贬损的\n[法] 毁损的, 减损的"
derrick,"n. 起重机, 小偷\n[化] 吊杆起重机; 人字起重机"
derry,"n. 民谣, 歌谣"
des,"[计] 数据加密标准, 数据输入系统, 显示编辑系统"
descend,"vi. 下降, 世代相传, 屈尊, 袭击\nvt. 下降"
descendant,"n. 后裔, 子孙\na. 传下的, 下降的"
descendants,"n. 后代, 晚辈（descendant的复数）；子节点；衍生物"
descended,"a. 下来, 下斜, 下倾, 落下, 下降, 传下, 遗传, 袭击, 屈尊, 由远而近, 由大而小"
descending,"a. 下降的, 下行的\n[计] 递减"
descends,v. 下来( descend的第三人称单数 ); 下去; 下降; 下斜
descent,"n. 降落, 家系, 侵袭, 血统\n[医] 下降, 世代, 血统"
describe,"vt. 描述, 描绘, 画"
described,"v. 描述, 描写（describe的过去式）"
describes,"v. 描述, 记述；形容, 作图（describe的复数形式）"
describing,[计] 描述的
description,"n. 描述, 说明, 种类\n[经] 说明书(物品), 品名种类, 货物名称"
descriptions,"n. 说明, 说明书；摘要；描述（description的复数形式）"
descriptive,"a. 描述的, 叙述的"
desert,"n. 沙漠, 应得的赏罚, 功劳\na. 沙漠的, 不毛的\nvt. 放弃, 遗弃, 擅离\nvi. 逃掉"
deserted,"a. 被遗弃的, 废弃的\n[法] 被遗弃的, 无人的, 放弃的"
deserts,n. 应得到的事物; 沙漠( desert的名词复数 ); 赏罚; 荒漠; [常用复数]应得的赏（或罚）\nv. 舍弃( desert的第三人称单数 ); 废弃; （在需要时刻）背离; 擅离（职守、工作岗位、现役等）
deserve,"vt. 该得到, 值得\nvi. 应得报答"
deserved,"a. 应得的, 理所当然的, 该受的"
deserves,"v. 应受, 应得, 值得( deserve的第三人称单数 ); 应受报答; 应得报酬; 应得赔偿"
deserving,"a. 该受的, 有功的, 值得...的\nn. 功过, 赏罚"
design,"n. 设计, 图样, 方案, 企图\nv. 设计, 计划"
designate,"vt. 指定, 指明, 称呼\na. 已选出而未上任的"
designated,a. 特指的；指定的
designation,"n. 指示, 指定, 命名\n[电] 指定"
designed,"a. 故意的, 有计划的, 特意的"
designer,"n. 设计者, 谋划者, 制图者\n[计] 设计员"
designers,"n. 设计师, 设计者；设计器（designer的复数形式）"
designing,"a. 阴谋的, 诡诈的\nn. 设计(工作), 计谋"
designs,"n. 阴谋, 诡计"
desirable,"a. 令人想望的, 可取的"
desire,"n. 欲望, 要求\nvt. 想要, 请求\nvi. 渴望"
desired,a. 渴望的；想得到的
desires,n. 欲望；心愿（desire的复数形式）
desk,"n. 书桌, 办公桌, 工作台"
desks,n. 书桌；桌子（desk的复数）
desktop,n. 桌面\n[计] 桌面
desmond,n. 德斯蒙德（男子名）
desolate,a. 荒凉的
despair,"n. 绝望, 失望\nvi. 绝望"
desperate,"a. 不顾一切的, 危急的, 令人绝望的, 极渴望的"
desperately,adv. 拼命地；绝望地；极度地
desperation,n. 绝望
despicable,"a. 可鄙的, 卑劣的"
despise,vt. 轻视
despised,"v. 鄙视, 看不起某人（某事）( despise的过去式和过去分词 )"
despite,"n. 轻视, 憎恨\nprep. 虽然, 尽管"
dessert,n. 餐后甜点
desserts,"n. （餐后）甜食, 甜点( dessert的复数形式 )"
destination,"n. 目的地, 目标, 目的\n[计] 目的文件, 目的单元"
destinations,"n. 目的地, 终点( destination的复数形式 ); 目的, 目标; [罕用语]预定, 指定; 注定"
destined,"a. 预定的, 注定的, 命定的"
destiny,"n. 命运, 定数"
destroy,"vt. 破坏, 毁坏, 消灭"
destroyed,"a. 被毁, 毁坏；遭破坏的"
destroyer,"n. 破坏者, 消灭者, 起破坏作用的东西, 驱逐舰"
destroyers,n. 驱逐舰( destroyer的复数形式 ); 破坏者
destroying,v. 破坏( destroy的现在分词 ); 毁灭; 消灭; 杀死
destroys,v. 破坏( destroy的第三人称单数 ); 毁灭; 消灭; 杀死
destruction,"n. 破坏, 毁灭\n[医] 破坏"
destructive,"a. 毁灭性的, 破坏的, 有害的\n[医] 破坏的, 毁坏的"
det,[机] 避蚊氨
detached,"a. 超然的, 分离的, 冷淡的\n[法] 分遣的, 派遣的, 分离的"
detachment,"n. 分离, 分遣, 分遣队\n[医] 脱离, 分离, 支队"
detail,"n. 细节, 详情\nvt. 详述, 选派\nvi. 画详图\n[计] 详细数据"
detailed,"a. 详细的, 复杂的\n[法] 详细的, 详尽的"
detailing,[化] 详细设计
details,n. 详细资料；细节（detail的复数）
detain,"vt. 扣留, 扣押, 耽搁\n[法] 拘留, 扣押, 留住"
detained,v. 留住( detain的过去式和过去分词 ); 耽搁; 拘留; 扣留
detainees,n. （尤指因政治原因而）被拘留者( detainee的复数形式 )
detect,"vt. 发现, 察觉, 探测\n[法] 发现, 查明, 探测"
detected,a. 检测到的
detecting,"[计] 检测, 探测"
detection,"n. 发现, 察觉, 探测\n[计] 检波; 检测"
detective,n. 侦探\na. 侦探的
detectives,n. 侦探( detective的复数形式 )
detector,"n. 发现者, 检验器, 检波器\n[计] 检波器; 检测器"
detectors,n. 探测器( detector的复数形式 )
detects,"v. 发现, 发觉, 查明( detect的第三人称单数 )"
detention,"n. 阻止, 监禁, 拘留\n[医] 隔离, 拘留, 滞留, 停滞"
deter,"vt. 制止, 吓住, 威慑"
detergent,n. 清洁剂\n[化] 洗涤剂
deteriorate,v. (使)恶化
deteriorated,"v. 恶化, 变坏( deteriorate的过去式和过去分词 )"
deteriorating,"v. 恶化, 变坏( deteriorate的现在分词 )"
deterioration,"n. 恶化, 衰退, 退化\n[医] 变坏, 变质, 颓废, 衰退"
determination,"n. 决心, 果断\n[化] 判定; 测定"
determine,"v. 决定, 决心"
determined,"a. 坚决的, 已下决心的"
determines,"v. （使）下决心, （使）做出决定( determine的第三人称单数 ); 决定; 确定; 使决定"
determining,v. 决定（determine的ing形式）
deterrent,"a. 制止的, 威慑的, 遏制的\nn. 威慑力量(或因素), 制止物"
detonated,"v. （使）爆炸, 引爆( detonate的过去式和过去分词 )"
detour,"n. 绕路, 迂回\nv. (使)绕道"
detox,n. 戒瘾病房；戒瘾诊所
detriment,"n. 损害, 损害物\n[法] 损害, 伤害, 危害"
detrimental,a. 有害的
detroit,n. 底特律(美国城市)
deutsche,n. 德意志联邦共和国马克
dev,abbr. 发展（develop）；偏差（deviation）；开发人员（developer）；设备驱动程序
devastated,v. 彻底破坏( devastate的过去式和过去分词); 摧毁; 毁灭; 在感情上（精神上、财务上等）压垮\na. 毁坏的; 极为震惊的
devastating,"a. 毁灭性的, (非正式)很好的, 引人注目的"
devastation,n. 毁坏
develop,"vt. 发展, 使发达, 进步, 洗印, 显影\nvi. 发展, 生长"
developed,a. 发达的（国家或地区）；成熟的
developer,n. 开发者\n[计] 显影器
developers,n. 开发者( developer的复数形式 ); 研制者; 显影剂; 显色剂
developing,a. 发展中的\n[计] 显影
development,n. 发展\n[化] 展开
developmental,"a. 发展的, 进化的, 启发的\n[医] 发育的"
developments,n. 建设；发展；进展（development的复数）
develops,v. 开发( develop的第三人称单数 ); 发展; （使）成长; （使）发育
deviation,n. 背离\n[化] 偏差; 误差; 偏斜
device,"n. 装置, 设计, 策略, 发明物, 设备\n[计] 设备; DOS内部命令:该命令要求DOS安装一个设备驱动程序"
devices,n. 设备；装置；器件（device的复数）
devil,"n. 魔鬼\nvt. 折磨, 戏弄"
devils,n. 魔鬼；恶魔（devil的复数形式）
devin,n. 德温（男子名）
devise,"vt. 设计, 发明, 图谋, 遗赠给\nn. 遗赠"
devised,v. 想出( devise的过去式和过去分词 ); 计划; 设计; 发明
devoid,"a. 全无的, 缺乏的"
devolved,v. 移交( devolve的过去式和过去分词 ); 转移; 交给下属（或下层、晚辈等）; （将工作、职责、权力、责任等）交给下属（或下层等）
devon,"n. 德文郡（等于Devon shire, 英国郡名）；德文岛（加拿大北部）"
devote,"vt. 投入于, 献身"
devoted,"a. 投入的, 深爱的"
devotees,n. 热爱者( devotee的复数形式 )
devotion,"n. 热爱, 投入"
devotional,"a. 忠诚的, 信仰的, 虔诚的, 祷告的"
devour,"vt. 吞食, 挥霍, 吞没"
devout,"a. 虔诚的, 虔敬的, 诚恳的"
dew,"n. 露珠, 露水\nvt. (用露水)沾湿\nvi. 结露水"
dewey,[计] 杜威
dex,abbr. 电信电话公司电子交换器（Dendenkosha Electronic Exchange）
dexter,"a. 右侧的, 右边的, 幸运的, 吉利的\n[医] 右的"
df,"[计] 数据区, 目的区, 设备标志, 磁盘文件, 倍频"
dg,[化] 脱氧鸟苷\n[医] 分克
dh,"[计] 设计手册, 设备处理程序"
dhaka,达卡[孟加拉国首都]
dharma,"n. (佛教中的)达摩, (佛教)法, (印度教)德"
dhs,数据处理系数（Data Handing System）；癸二酸二己酯
di,"[计] 数据输入, 数据项, 设备独立性, 双整数"
dia,abbr. （美）国防情报局（Defense Intelligence Agency）
diabetes,"n. 糖尿病, 多尿症\n[医] 糖尿病; 多尿症"
diabetic,a. 糖尿病的\nn. 糖尿病患者
diablo,n. 暗黑破坏神（游戏名）
diagnose,v. 诊断
diagnosed,v. 诊断( diagnose的过去式和过去分词 )
diagnoses,"pl. 诊断, 判断, 调查分析"
diagnosis,n. 诊断\n[计] 诊断
diagnostic,"a. 诊断的, 有助于诊断的, 特征的\nn. 诊断, 病的征候, 诊断法\n[计] 诊断的"
diagnostics,"n. 诊断学, 症候, 症状\n[医] 诊断学"
diagonal,"a. 对角线的, 斜的, 斜纹的\nn. 对角线, 斜线, 斜列"
diagram,n. 图表；图解
diagrams,"n. 图解, 简图, 图表( diagram的名词复数 )"
dial,"n. 刻度盘, 钟面, 转盘\nv. 拨"
dialect,"n. 方言, 同源语"
dialects,"n. 方言, 土语( dialect的复数形式 )"
dialog,"n. 会话, 对话\n[计] 对话"
dialogue,n. 对话\nvi. 对话\nvt. 用对话表达
dialogues,n. 对话( dialogue的复数形式 ); （文学、戏剧、电影等中的）对话; 对白; 意见分歧者之间的意见交换
dialysis,"n. 透析, 渗析\n[化] 渗析; 透析"
diameter,"n. 直径\n[医] 直经, 径"
diamond,"n. 钻石, 菱形\n[计] 菱形"
diamonds,[医] 荨麻疹样丹毒
diana,"n. 狄安娜, 独身女子"
diane,"n. 黛安（等于Diana, 女子名）"
diaper,"n. 尿布\n[医] 尿布, 兜布"
diapers,n. 有菱形花格的麻或棉织物( diaper的复数形式 ); 尿布
diaphragm,"n. 横隔膜, (摄影机的)光圈\n[化] 隔膜; 膜片; 光阑"
diaries,"n. 日记, 日记簿( diary的名词复数 ); （工作日程）记事簿"
diarrhea,n. 腹泻\n[医] 腹泻
diary,n. 日记\n[经] 日记簿
diaspora,"n. 犹太人的离散, 离散的犹太人"
diaz,n. 迪亚兹（男子名）
dice,n. 骰子\nvt. 切成方块\nvi. 掷骰子
dichotomy,"n. 两分, 分裂, 二分法\n[医] 二分(二分之一); 二叉, 二歧"
dick,"n. 家伙, 词典, 誓言(书)\n[医] 二氯乙胂(毒气)"
dickens,n. 魔鬼
dickhead,n. 白痴
dickinson,n. 迪金森（美国女诗人）；迪金森（姓氏）
dicks,n. 迪克斯（男子名）
dickson,n. 迪克逊（姓氏）
dictate,"vi. 听写, 口述, 口授\nvt. 口述, 使听写, 命令\nn. 命令, 指挥, 指令"
dictated,v. 大声讲或读( dictate的过去式和过去分词 ); 口授; 支配; 摆布
dictates,"n. 命令, 规定, 要求( dictate的名词复数 )\nv. 大声讲或读( dictate的第三人称单数 ); 口授; 支配; 摆布"
dictator,"n. 命令者, 独裁者"
dictators,n. 独裁者( dictator的复数形式 ); 专制者; 发号施令者; 专横的人
dictatorship,"n. 独裁者之职位, 独裁, 独裁政权\n[法] 专攻, 独裁权"
dictionaries,"n. 词典, 字典( dictionary的名词复数 )"
dictionary,"n. 字典, 词典\n[计] 词典"
did,do的过去式
die,"vi. 死亡, 消逝, 平息, 熄灭, 漠然, 渴望\nvt. 死\nn. 骰子, 冲模"
died,"v. 死亡, 消逝（die的过去式和过去分词）"
diego,n. 迭戈（男子名）
dies,v. 死亡；凋谢；消失（动词die的第三人称单数形式）
diesel,"n. 内燃机, 柴油机, 柴油"
diet,"n. 日常饮食, 议会\nvt. 照规定饮食\nvi. 忌食"
dietary,a. 饮食的\nn. 规定食物
dieting,n. 节食；节食减肥
diets,n. 日常饮食( diet的名词复数 ); 规定饮食
diff,abbr. 扩散器（diffuser）；[数]微分；差速器（differential）
differ,"vi. 不一致, 不同\n[机] 差异, 不同"
differed,"v. 不同, 有异( differ的过去式和过去分词 ); 持异议"
difference,"n. 不同, 差异\n[计] 差分"
differences,"n. 偏差, 差异（difference复数形式）"
different,"a. 不同的\n[机] 差动, 微分的, 差速器"
differential,"a. 差别的, 特异的, 微分的\nn. 差别, 两路线运费差额, 工资差额"
differentiate,"v. 区别, 区分"
differentiated,a. 分化型；已分化的；可区分的
differentiation,"n. 区别, 分化, 变异\n[医] 鉴别, 区别, 分化[作用], 微分法"
differently,"adv. 差异, 不同, 各别, 各种"
differing,"v. 不同, 有异( differ的现在分词 ); 持异议"
differs,"v. 不同, 有异( differ的第三人称单数 ); 持异议"
difficult,a. 困难的
difficulties,n. 困难( difficulty的名词复数 ); 难度; 难事; 麻烦
difficulty,"n. 困难, 难点"
diffuse,"v. 散播, 传播\na. 散开的, 弥漫的"
diffusion,"n. 散播, 传播, 蔓延\n[医] 扩散, 弥散, 漫射(光)"
dig,"vt. 挖, 翻土, 发掘\nvi. 挖掘\nn. 挖掘\n[计] 数字, 数位"
digest,"n. 文摘\nvi. 消化\nvt. 消化, 理解\n[计] 摘要"
digestion,"n. 消化力, 领悟\n[化] 消化; 消化作用; 蒸煮; 蒸煮作用; 煮解; 浸提; 陈化"
digestive,"a. 消化的, 助消化的\nn. 助消化药"
digger,n. 挖掘者
digging,n. 挖掘
digit,"n. 数字, 位数, 指头\n[计] 数位; 位"
digital,"a. 数字显示的, 数字的\nn. 数字仪表, 数字式电子表(或时钟)\n[计] 数字, 数字式"
digitally,adv. 数位
digits,n. 数字；手指；足趾（digit的复数）
dignified,"a. 有尊严的, 高尚的"
dignitaries,"n. 显要人物, 权贵( dignitary的名词复数 )"
dignity,"n. 尊严, 高贵\n[法] 尊严, 高位, 高贵"
digs,"n. 寄宿处, 住所"
dildo,n. 人造阴茎
dilemma,"n. 困境, (进退两难的)窘境"
diligence,n. 勤奋
diligent,"a. 勤勉的, 用功的"
diligently,adv. 勤奋地；勤勉地
dill,"n. 莳萝, 莳萝叶\n[医] 莳罗"
dillon,n. 狄龙（姓氏）
dilute,"vt. 冲淡, 稀释\na. 淡的, 稀释的"
diluted,a. 稀释的；无力的
dim,"a. 暗淡的, 模糊的\nvt. 使暗淡\n[计] 数据解释模块"
dime,n. 10分硬币(美、加)
dimension,"n. 尺寸, 次元, 面积, 维数\nvt. 标出尺寸"
dimensional,a. ...维的\n[化] 量纲的; 因次的
dimensions,"n. 面积, 大小, 容积"
diminish,"v. (使)减少, (使)变小"
diminished,a. 减退了的；减弱的
diminishing,v. 减少；衰减；递减；削弱…的权势（diminish的现在分词）
diminutive,"a. 小的, 小型的, 指小的\nn. 身材极小的人, 指小词, 爱称"
dimitri,n. （意）迪米特里（男子名）
din,"n. 喧嚣\nv. 絮絮不休地说, 喧闹"
dina,[电] 第纳干扰器
dinah,n. 黛娜（女子名）
dine,"vi. 用正餐, 进餐\nvt. 宴请"
diner,n. 用餐者
diners,n. 用餐者( diner的复数形式 )
ding,"vi. 响, 连响, 反复告诫\nvt. 反复告诉\nn. 钟声"
dining,"n. 正餐, 宴会"
dinner,"n. 晚餐, 正餐, 宴会"
dinners,"n. 正餐, 主餐( dinner的复数形式 ); 宴会"
dino,"n. 意大利人, 流浪汉"
dinosaur,n. 恐龙
dinosaurs,"n. <生>恐龙( dinosaur的复数形式 ); 守旧落伍的人, 过时落后的东西"
dio,"[计] 数据输入输出, 直接输入输出"
diocese,n. 主教教区
dion,n. 聚脂
dior,n. 迪奥（法国奢侈品牌）
dioxide,n. 二氧化物\n[医] 二氧化物
dip,"v. 浸, 降下, 把(手、勺等)伸入, 舀取\nn. 浸, 涉猎\n[计] 双列直插式组件, 分布式输入输出系统, 双排直插封装"
diploma,"n. 文凭, 毕业证书\n[医] 文凭"
diplomacy,"n. 外交, 外交手腕, 交际手段\n[法] 外交, 外交手腕, 权谋"
diplomat,"n. 外交官, 有外交手腕的人\n[法] 外交家, 外交官, 有权谋的人"
diplomatic,"a. 外交的, 老练的\n[法] 外交的, 外交上的, 文献上的"
diplomats,"n. 外交官( diplomat的复数形式 ); 有手腕的人, 善于交际的人"
dipped,v. 浸( dip的过去式和过去分词 ); （把烛芯浸在融蜡里）制造（蜡烛）; 把（汽车前灯）的远光调为近光; 洗药水浴
dipping,[计] 浸渍\n[化] 浸渍; 浸泡
dips,abbr. 日本电信电话公司信息处理系统（Dendenkosha Information Processing System）
dir,"[计] 目录, 指南\n             DOS内部命令:列出所有文件的目录或仅列出命令中限定的文件的目录"
dire,"a. 可怕的, 悲惨的, 阴沉的, 极端的"
direct,"a. 直接的, 坦白的\nvt. 指示, 指挥, 命令, 导演\nvi. 指导, 指挥\nadv. 直接地"
directed,a. 定向的；经指导的；被控制的
directing,[经] 指示
direction,"n. 方向, 指导, 趋势\n[计] 方向; 流向"
directional,a. 方向的
directions,n. 指示；方向；用法说明书（direction的复数形式）
directive,"a. 指导的, 指挥的, 方向的\nn. 指令\n[计] 指令; 命令"
directives,"n. 正式的指示, 官方的指示, 指令( directive的复数形式 )"
directly,"adv. 径直地, 直接地, 直率地, 正好地, 直截了当地, (非正式)立即, 马上\nconj. 一...(就...), 一当...就...\n[计] 直接的"
director,"n. 主管, 导演, 董事\n[计] 寻向偶极子; 指挥仪"
directorate,"n. 理事之职务, 董事会, 理事会\n[经] 董事会"
directories,"n. 目录, 名录；指南；计算机文件或程序的目录（directory的复数）"
directors,n. 导演；主管；理事；董事（director的复数形式）
directory,"n. 目录, 工商名录, 指南\n[计] 目录"
directs,v. （用建议、指示、有益的情报等）指导( direct的第三人称单数 ); 导演（戏剧或电影）; 指示方向; 把…对准（某方向或某人）
dirk,"n. 短剑, 匕首\nvt. 用短剑刺"
dirt,"n. 污垢, 泥土\n[化] 污垢"
dirty,"a. 肮脏的, 卑鄙的\nvt. 弄脏\nvi. 变脏"
dis,"n. 狄斯(阴间的神), 阴间, 冥府"
disabilities,n. 无能力( disability的名词复数 ); 无力; 残疾; 伤残
disability,"n. 无力, 无能, 残疾\n[医] 劳动能力丧失, 病废"
disable,"vt. 使失去能力, 使残废, (律)使无资格\n[计] 使无效, 禁止, 关闭"
disabled,"a. 残废的, 有缺陷的, 失效的\n[计] 失效的"
disabling,[计] 禁止的
disadvantage,"n. 缺点, 不利, 坏处"
disadvantaged,"a. 社会地位低下的, 生活条件差的, 被剥夺了基本权利的\n[法] 被剥夺了基本权力的, 生活条件差的"
disadvantages,"n. 不利, 劣势, 短处( disadvantage的名词复数 )"
disagree,"vi. 不一致, 不适宜\n[法] 抵触, 不同意, 争执"
disagreed,v. 不同意( disagree的过去式和过去分词 ); （食物）有害健康; 不适合; 不符
disagreement,"n. 不合, 争论, 不一致\n[法] 不一致, 不同意, 陪审团的意见不一"
disagreements,"n. 分歧, 意见不合( disagreement的复数形式 )"
disagrees,v. 不同意( disagree的第三人称单数 ); （食物）有害健康; 不适合; 不符
disappear,"vi. 消失, 不见"
disappearance,"n. 看不见, 失踪, 消失"
disappeared,a. 消失的；消失了的
disappearing,"v. 不见, 消失( disappear的现在分词 ); 不复存在; 掩始; 隐显"
disappears,"v. 不见, 消失( disappear的第三人称单数 ); 不复存在"
disappoint,vt. 使失望
disappointed,a. 失望的
disappointing,"a. 使失望的, 期待落空的, 令人沮丧的"
disappointment,n. 失望
disappointments,n. 失望( disappointment的复数形式 ); 使人失望的人（或事物）; 令人扫兴的人（或事物）; 令某人失望的是
disapproval,n. 不赞成
disapprove,v. 不赞成
disarm,"vt. 解除武装, 裁军, 缓和\nvi. 放下武器"
disarmament,"n. 裁军\n[法] 裁军, 解除军备"
disaster,"n. 灾祸, 不幸, 彻底失败"
disasters,n. 灾难( disaster的复数形式 ); 彻底的失败; 不幸; 祸患
disastrous,"a. 损失惨重的, 悲伤的"
disbanded,"v. （使）解散, 散伙, 解体( disband的过去式和过去分词 )"
disbelief,"n. 不信, 怀疑"
disc,"n. 圆盘, 唱片\nvt. 灌唱片"
discard,"vt. 丢弃, 抛弃\nvi. 垫牌\nn. 垫牌, 抛弃"
discarded,"v. 丢弃, 抛弃( discard的过去式和过去分词 ); 不再使用"
discern,"v. 辨别, 看清楚, 了解"
discharge,"vt. 卸下, 放出, 解雇, 拔染, 履行, 放电\nvi. 卸货, 流出\nn. 卸货, 流出, 放电"
discharged,a. 放电的；泻出的
disciple,"n. 弟子, 门徒"
disciples,n. 信徒( disciple的复数形式 ); 门徒; 耶稣的信徒; （尤指）耶稣十二门徒之一
disciplinary,"a. 训练的, 纪律的, 训诫的\n[法] 纪律的, 惩戒性的"
discipline,"n. 训练, 纪律\nvt. 训练, 惩罚"
disciplined,a. 遵守纪律的；受过训练的
disciplines,n. 科目；纪律（discipline的复数）
disclaimer,"n. 放弃, 拒负责任, 不承诺\n[经] 弃权或不申诉条款"
disclose,"vt. 揭露, 透露\n[法] 揭发, 揭露, 公开"
disclosed,v. 说出( disclose的过去式和过去分词 ); 揭露; 使显露; 使暴露
disclosing,v. 说出( disclose的现在分词 ); 揭露; 使显露; 使暴露
disclosure,"n. 揭发, 泄露, 揭发(或暴露)的事实\n[经] 揭示, 披露"
disclosures,n. 公开( disclosure的复数形式 ); 透露; 被公开的事情; 被披露的秘闻
disco,"n. 夜总会, 迪斯科, 的士高"
discomfort,"n. 困苦, 不适\n[医] 不舒适, 不舒, 烦闷, 不快活"
disconnect,"vt. 使分离, 使不相连, 拆开\nvi. 断开\n[计] 断开"
disconnected,"a. 分离的, 不连贯的"
discontent,n. 不满
discontinue,"vi. 中断, 终止, 停止\nvt. 使中止"
discontinued,"v. （使）终止, 中断, 中止( discontinue的过去式和过去分词 )"
discord,"n. 不调和, 不和\nvi. 不一致, (声音)刺耳"
discount,"n. 折扣, 贴现率\nvt. 打折扣\nvi. 贴现"
discounted,a. 已贴现的；已折扣的\nv. 打折扣(discount的过去分词)；不重视
discounts,"n. 优惠, 折价；扣减额（discount的复数形式）"
discourage,"vt. 使气馁, 阻碍"
discouraged,a. 气馁的
discouraging,a. 令人气馁的
discourse,"n. 谈话, 演讲\nvi. 谈话, 讲述"
discover,"vt. 发现, 找到, 暴露\nvi. 发现"
discovered,"v. 发现, 找到（discover的过去形式）"
discoveries,n. 发现( discovery的名词复数 ); 被发现的事物
discovering,v. 发现( discover的现在分词 ); 碰见; 撞见; 了解到
discovers,v. 发现( discover的第三人称单数 ); 碰见; 撞见; 了解到
discovery,"n. 发现, 被发现的事物\n[法] 要求告知, 发现, 发觉"
discredit,"n. 无信用, 丢脸, 不名誉\nvt. 不信, 怀疑, 使丢脸"
discredited,a. 不足信的；不名誉的
discreet,"a. 小心的, 慎重的"
discrepancies,"n. 差异, 不符合（之处）, 不一致（之处）( discrepancy的复数形式 )"
discrepancy,"n. 不符合, 差异, 不相符之处\n[化] 不符值; 偏差值"
discrete,"a. 不连续的, 离散的\n[计] 离散的"
discretion,"n. 慎重, 辨别力, 考虑, 处理权\n[法] 有决定权的"
discretionary,[计] 选择的
discriminate,"v. 区别, 差别待遇"
discriminated,"v. 分别, 辨别, 区分( discriminate的过去式和过去分词 ); 歧视, 有差别地对待"
discriminating,"a. 区别性的, 有识别力的, 有差别的"
discrimination,"n. 差别, 岐视, 辨别力\n[化] 鉴别"
discriminatory,"a. 有辨识力的, 有差别的"
discs,n. 磁盘（disc的复数）
discuss,"vt. 讨论, 论述\n[医] 讨论, 辩论"
discussed,v. 商讨；讨论（discuss的过去分词）
discusses,"vt. 讨论；论述, 辩论"
discussing,v. 谈论( discuss的现在分词 ); 讨论; 商量; 论述
discussion,n. 讨论
discussions,n. 讨论( discussion的复数形式 ); 商讨; 详述; 论述
disdain,"n. 蔑视\nvt. 蔑视, 鄙弃"
disease,"n. 疾病, 弊病\n[医] [疾]病"
diseased,"a. 害病的, 病态的, 不健全的"
diseases,n. 病害；疾病；疾病种类；病（disease的复数）
disgrace,"n. 耻辱, 不名誉\nvt. 使受耻辱, 使失体面"
disgraced,"a. （人）丢脸的, 耻辱的, 不光彩的"
disgraceful,"a. 可耻的, 不名誉的"
disgruntled,"a. 不满意的, 满腹牢骚的, 不高兴的"
disguise,"n. 假面目, 假装\nvt. 假装, 隐瞒"
disguised,v. 假扮( disguise的过去式和过去分词 ); 化装; 伪装; 掩盖
disgust,"n. 厌恶, 嫌恶\nvi. 令人厌恶\nvt. 使作呕"
disgusted,a. 厌恶的；厌烦的
disgusting,a. 令人厌恶的
dish,"n. 盘子, 碟, 菜肴\n[医] 皿, 碟"
dishes,n. 餐具
dishonest,"a. 不诚实的\n[法] 不忠实的, 不诚实的, 欺诈的"
dishonesty,"n. 不诚实\n[法] 不诚实, 诈欺, 不正"
dishwasher,"n. 洗碗机, 洗碗工"
disillusioned,"a. 幻想破灭了的, 大失所望的, 醒悟了的"
disk,"n. 圆盘, 磁盘\n[计] 磁盘"
disks,n. 圆盘；磁盘（disk的复数）
dislike,"n. 嫌恶\nvt. 讨厌, 不喜欢"
disliked,"v. 不喜欢, 厌恶( dislike的过去式和过去分词 )"
dislikes,n. 不喜欢（dislike的复数）
dismal,"a. 阴沉的, 凄凉的, 令人忧郁的\nn. 低落的情绪, 沼泽"
dismantle,"vt. 拆除...的设备, 分解, 去除覆盖物"
dismantled,v. 拆开( dismantle的过去式和过去分词 ); 拆卸; 废除; 取消
dismantling,(枪枝)分解
dismay,"n. 沮丧\nvt. 使惊愕, 使气馁"
dismiss,"vt. 解散, 开除, 解职\nvi. 解散\n[计] 解散"
dismissal,"n. 免职, 解雇\n[经] 解雇"
dismissed,v. 解雇( dismiss的过去式和过去分词 ); （使击球员或球队）退场; 使退去; 驳回
dismisses,vt. 解散；解雇；开除；让...离开\nvi. 解散
dismissing,v. 解雇( dismiss的现在分词 ); （使击球员或球队）退场; 使退去; 驳回
disney,n. 迪斯尼
disneyland,n. 迪斯尼乐园
disobedience,"n. 不服从, 不孝, 违反"
disorder,"n. 杂乱, 混乱\nvt. 扰乱, 使失调"
disorderly,"a. 无秩序的, 乱的, 骚乱的\n[法] 妨害治安的, 骚乱的, 无法无天的"
disorders,n. 混乱( disorder的名词复数 ); 凌乱; 骚乱; （身心、机能）失调
disparate,"a. 根本不同的, 全异的, 不相干的\nn. 无法相比的东西(或人)"
disparities,n. 不同( disparity的名词复数 ); 不等; 不一致; 悬殊
disparity,"n. 不一致\n[医] 差异, 不等"
dispatch,"vt. 派遣\nn. 派遣, 急件\n[计] 调度"
dispatched,v. （常指为了特殊原因或执行特殊任务而迅速地）派遣( dispatch的过去式和过去分词 ); 杀死; （迅速地）发出; 迅速处理
dispel,"vt. 驱散, 驱逐"
dispensary,"n. (尤指医院的)药房, 诊疗所\n[医] 医务所, 防治所, 药房"
dispense,"vt. 分发, 分配\nvi. 特许, 豁免"
dispensing,"[医] 调剂, 配药"
dispersal,"n. 散布, 传播, 分散"
disperse,"vt. 分散, 传播, 散开\nvi. 分散\na. 分散的\n[计] 分散"
dispersed,"a. 被驱散的, 被分散的, 散布的"
dispersion,n. 散布\n[化] 分散; 分散作用; 分散体; 色散; 离差
displaced,a. 位移的；无家可归的；被取代的
displacement,"n. 换置, 移位, 移动, 取代\n[化] 顶替展开法"
display,"n. 显示, 陈列, 炫耀, 显示器\nvt. 陈列, 显示, 表现, 夸示\n[计] 显示器; 显示"
displayed,a. 显示的
displaying,v. 展出；使展现；显示（display的现在分词形式）
displays,n. 显示器（display的复数）
displeasure,"n. 不愉快, 生气, 不满"
disposable,"a. 可任意处理的\n[法] 可任意处理或处置的, 可自由使用的"
disposal,"n. 丢掉, 处理, 排列, 销毁, 布置\n[医] 处理, 处置"
dispose,"vt. 处理, 排列, 布置\nvi. 处置"
disposed,"a. 愿意, 倾向于"
disposition,"n. 性情, 处置, 处理, 布置\n[医] 素因, 性情"
disproportionate,a. 不成比例的
disproportionately,"adv. 不匀称, 不相称"
dispute,n. 争论\nv. 争论
disputed,a. 有争议的
disputes,"n. 辩论( dispute的名词复数 ); 争端; （劳资）纠纷; 罢工\nv. 辩论, 争论( dispute的第三人称单数 ); 争夺; 阻止; 就…进行辩论"
disqualification,"n. 不适合, 剥夺资格, 不合格, 无资格\n[法] 无资格, 不合格, 取消资格"
disqualified,"v. 使无资格, 使不合格, 使不能( disqualify的过去式和过去分词 ); 不及格"
disregard,"n. 忽视, 漠视\nvt. 忽视, 不顾"
disregarded,"v. 不顾, 不理会, 无视( disregard的过去式和过去分词 )"
disrespect,"n. 不敬, 失礼, 无礼"
disrespectful,"a. 失礼的, 无礼的, 不尊敬的"
disrupt,"a. 分裂的, 中断的\nvt. 使分裂, 使瓦解"
disrupted,"v. 使混乱, 扰乱( disrupt的过去式和过去分词 )"
disrupting,"v. 使混乱, 扰乱( disrupt的现在分词 )"
disruption,"n. 分裂, 崩溃, 瓦解"
disruptive,"a. 分裂的, 破坏(性)的\n[计] 击穿的, 中断的"
diss,迪丝草纤维
dissatisfaction,"n. 不满, 不平"
dissatisfied,"a. 不满的, 显出不满的"
dissemination,"n. 散播, 传播, 普及\n[医] 散布, 播散"
dissent,"n. 异议\nvi. 持异议, 不同意"
dissenting,"[法] 不同意的, 不赞成的"
dissertation,n. 论文
dissident,"a. 意见不同的, 持不同政见的\nn. 意见不同的人, 持不同政见者"
dissidents,"n. 持异议者, 公开大唱反调者, 持不同政见者( dissident的复数形式 )"
dissolution,"n. 分解, 溶解, 解散, 结束\n[化] 溶解; 溶解作用"
dissolve,"v. 溶解, 解散"
dissolved,a. 溶解的；溶化的
distal,"a. 末梢的\n[医] 远侧的, 远中的(牙)"
distance,"n. 距离, 远方, 遥远\n[计] 位距"
distances,n. 距离( distance的名词复数 ); 远处; （时间或空间的）相距; 疏远
distant,"a. 远的, 疏远的\n[经] 远期的"
distilled,a. 由蒸馏得来的；净化的
distillery,"n. 蒸馏室, 酿酒厂, 酒厂\n[化] 酒厂; 造酒厂"
distinct,"a. 清楚的, 显著的, 不同的"
distinction,n. 区别
distinctions,n. 区别( distinction的复数形式 ); 荣誉; 特质; 卓越
distinctive,"a. 有特色的, 出众的"
distinctly,"adv. 显然地, 明显地, 清楚地"
distinguish,"v. 区别, 辨别"
distinguished,"a. 卓著的, 著名的"
distinguishes,"v. 辨别, 区别( distinguish的第三人称单数 ); 使出众; （凭任何感觉器官）识别出; 看清"
distinguishing,a. 有区别的
distorted,a. 歪曲的；受到曲解的
distortion,"n. 扭曲, 变形, 曲解\n[计] 畸变; 失真"
distract,"vt. 转移, 分心, 使发狂"
distracted,a. 心烦意乱的
distracting,"v. 使（人）分心, 分散（注意力）( distract的现在分词 ); 打扰"
distraction,"n. 娱乐, 分心的事物, 分心\n[医] 注意力分散, 内脱位, 牙弓过宽"
distractions,"n. 使人分心的事[人]( distraction的复数形式 ); 娱乐, 消遣; 心烦意乱; 精神错乱"
distraught,"a. 烦恼的, 心烦意乱的, 发狂的"
distress,"n. 苦恼, 贫困, 痛苦\nvt. 使苦恼\na. 亏本出售的"
distressed,"a. 痛苦的, 哀伤的"
distressing,"a. 使痛苦的, 使烦恼的"
distribute,"vt. 分配, 散布, 分发\n[经] 分配, 分发"
distributed,"a. 分布式的\n[计] 分散对齐, 分布式处理"
distributes,v. 分配( distribute的第三人称单数 ); 散发; 分销; [常用被动语态]将…分类(into)
distributing,[计] 配线的
distribution,n. 分配\n[计] 分布
distributions,n. 分配( distribution的复数形式 ); 分类; 分发; 分配物
distributor,"n. 分发者, 分布者, 散布者, 分配者, 销售者, 分配器, 配电盘, 自动拆版机\n[计] 分配器"
distributors,"n. 批发公司, 批发商( distributor的复数形式 ); （汽车上的）配电器"
district,"n. 区域, 地方\n[医] 地区, 地段"
districts,n. 地区( district的名词复数 ); （为行政、司法、选举、教育等目的而划分的国家、州或县的）区; 选区; 英国教区的分区
distrust,n. 不信任\nvt. 不信任
disturb,"vt. 扰乱, 妨碍, 使不安\n[法] 滋扰, 扰乱"
disturbance,"n. 扰乱, 不安, 忧虑\n[化] 扰动; 干扰; 失调"
disturbances,n. 骚乱( disturbance的复数形式 ); 打扰; 困扰; 障碍
disturbed,a. 混乱的
disturbing,"a. 引起烦恼的, 令人不安的"
ditch,n. 沟渠\nvt. 在...开沟\nvi. 开沟
ditched,"vt. 摆脱, 抛弃（ditch的过去式与过去分词形式）"
ditches,"n. 沟, 渠( ditch的名词复数 )"
ditto,"n. 同上, 同上符号, 很相似的人(或物)\nvt. 重复\nadv. 如前地"
div,abbr. 分开（divide）；区分（division）
diva,"n. 歌剧女主角/首席女主角, 主要女歌手"
dive,"n. 潜水, 跳水\nvi. 跳水, 俯冲, 猛冲\nvt. 把...突然伸入"
diver,n. 潜水者
divergence,n. 分歧\n[计] 分散度
divergent,"a. 有分歧的\n[医] 散开的, 偏斜的"
divers,"a. 各种不同的\npron. 若干个, 好几个"
diverse,"a. 不同的, 变化多的"
diversification,"n. 变化, 多样化\n[经] 分散"
diversified,"a. 多样化的, 各种的"
diversify,"vt. 使多样化, 使变化"
diversion,n. 转移\n[医] 转向
diversity,"n. 差异, 多样性\n[化] 多样性"
divert,"vt. 转移, 使欢娱\nvi. 转移"
diverted,"v. 呼叫转移, 释放（divert的过去分词形式）"
dives,"n. (<<圣经>>寓言中的)财主, 富豪"
divide,"vi. 分开, 分配, 分裂\nvt. 分, 分开, 分裂, 除\nn. 分配, 分水岭\n[计] 除"
divided,a. 分开的
dividend,"n. 被除数, 股利\n[计] 被除数"
dividends,n. 红利( dividend的复数形式 ); 股息; 被除数; （足球彩票的）彩金
divides,v. 分( divide的第三人称单数 ); 划分; 分离; （使）产生分歧
dividing,[机] 分度
divine,"a. 神的, 神圣的, 非凡的\nn. 神学家"
diving,"n. 潜水, 跳水"
divinity,"n. 神, 神性"
division,"n. 分, 分开, 除法, 部门(如部、处、系等), 师\n[计] 部分"
divisional,"a. 部门的, 部分的, 分开的\n[法] 分开的, 分割的, 分区的"
divisions,n. 分开( division的复数形式 ); 分界线; 分歧; 分离
divisive,"a. 区分的, 制造分裂的, 造成不和的"
divorce,n. 离婚\nvt. 与...离婚
divorced,a. 离婚的
dixie,n. 美国南部各州
dixon,n. 狄克逊（姓氏）
diy,"不雇工, 自己动手, 供业余爱好者自己学用的, 自己动手制造和修理用具的主张"
dizziness,"n. 头昏眼花\n[医] 头晕, 头昏"
dizzy,"a. 晕眩的, 眼花缭乱的\nvt. 使晕眩"
dj,"n. 唱片流行音乐节目播音员, 唱片骑师"
django,迪亚戈（电影名）
djokovic,n. 德约科维奇 （又译焦科维奇） 全名：Novak Djokovic塞尔维亚网球男运动员; 现世界排名第三; 2008澳网男单冠军; 北京奥运男子网球单打铜牌得主。
djs,abbr. 慢性特发性黄疸（Dubin-Johnson syndrome）
dk,abbr. 丹麦（Denmark）
dl,"[计] 数据语言, 数据长度, 数据表, 描述语言\n[医] 分升"
dlc,[计] 数据链路控制
dm,"数学博士, 医学博士\n[计] 数据管理, 数据模型, 诊断监视器, 频分多路技术"
dmitry,n. 德米特里（俄罗斯钢琴家）
dmv,abbr. 公铁两用车（dual mode vehicle）；机动车驾驶管理处（Department of Motor Vehicle）；差模电压
dna,"脱氧核糖核酸\n[计] 无效数据, 数字网络体系结构, 分布式网络体系结构"
dnc,[计] 直接数字控制
dns,"[计] 分布式网络系统, 域名服务"
do,"v. 做, 进行, 完成"
dobson,"n. [昆]水虿(鱼蛉等的幼虫,常用作钓饵)"
doc,"[计] 通信部, 数字输出控制, 文档\n[医] 脱氧皮质酮"
dock,"n. 码头, 船坞, 被告席, 尾巴的骨肉部分\nvt. 使靠码头, 使(船)进港, 剪短\nvi. 进港"
docked,v. （使）船停靠码头( dock的过去式和过去分词 ); （使宇宙飞船在外层空间）对接; 减少; 扣除
docking,n. 入坞\n[化] (煤的)灰分评价
docks,n. 码头；船坞；港区（dock的复数）
docs,n. 说明文件；文献
doctor,"n. 医生, 博士\nvt. 授以博士学位, 诊断, 修改\nvi. 行医"
doctoral,a. 博士的
doctorate,n. 博士头衔
doctors,n. 医生（doctor的复数）
doctrine,"n. 教条, 学说\n[医] 学说"
doctrines,n. 教条( doctrine的复数形式 ); 教义; 学说; （政府政策的）正式声明
document,"n. 文件, 公文, 文档\nvt. 证明, 为...引证\n[计] 文档"
documentaries,n. 纪录片；记录片（documentary的复数）
documentary,n. 记录片\na. 文件的
documentation,"n. (总称)文件\n[计] 文件编制, 文档"
documented,a. 备有证明文件的
documenting,[计] 文件编制
documents,n. 文档（document的复数形式）
dod,abbr. 美国国防部（Department of Defense of the United States）
dodd,n. 多德（姓氏）
dodge,"v. 避开, 躲避\nn. 诡计, 躲藏"
dodged,v. 闪躲( dodge的过去式和过去分词 ); 回避
dodger,"n. 躲闪者, 用诡计逃脱者, 蒙骗者, 推托者\n[法] 推托者, 规避者, 用诡计蒙骗者"
dodgers,"n. 躲闪者, 欺瞒者( dodger的复数形式 )"
dodging,n. 避开；音调改变
dodgy,"a. 狡猾的, 逃避的, 难弄的"
doe,"n. 母鹿, 雌兔"
does,v. 做；工作；有用（do的第三人称单数形式）
dog,"n. 狗, 坏蛋\nvt. 跟踪, 尾随"
dogg,n. 大支（台湾说唱歌手）
doggy,"n. 小狗儿\na. 时髦的, 装阔气的"
dogma,n. 教条
dogs,n. 瘦狗类；狗（dog的复数）
doha,n. 多哈(卡塔尔的首都)
doherty,多尔蒂
doi,abbr. 工业部（Department of Industry）；内政部（Department of the Interior）
doin,n. (Doin)人名；(俄)多因；(法)杜万
doing,"n. 行为, 活动"
doj,abbr. Department of Justice <美国>司法部
dolan,多兰（人名）
dole,"n. 救济品, 失业救济金\nvt. 发放救济"
doll,"n. 洋娃娃, 无头脑的美丽女人"
dollar,"n. 美元, 元(加、澳等国货币单位)\n[经] 纯经济的, 美元, 元"
dollars,n. 美元（dollar的复数）
dolls,n. 玩偶（doll的复数）
dolly,"n. 洋娃娃, (洗衣用)捣棒\nvi. 移动车\nvt. 用移动车移动"
dolores,n. 德洛丽丝（女子名）
dolphin,n. 海豚
dolphins,n. 海豚；系缆柱（dolphin的复数）
dom,n. 师（对罗马天主教等修士的尊称）
domain,"n. 领域, 领土, 产业, 范围\n[计] 域, 区域, 支配命令"
domains,"n. [计]域, 域名；领域；网域（domain的复数形式）"
dome,n. 圆顶\nvt. 加圆顶\nvi. 成圆顶状
domestic,"a. 家庭的, 国内的, 驯养的\n[医] 家庭的, 家用的"
domestically,"adv. 家庭式地, 国内地"
domesticated,a. 喜欢家庭生活的; （指动物）被驯养了的\nv. 驯化( domesticate的过去式和过去分词 )
dominance,"n. 优势, 显性, 统治, 控制, 支配\n[计] 控制, 扰势"
dominant,"a. 占优势的, 支配的\n[医] 优性的, 显性的"
dominate,"v. 支配, 占优势"
dominated,a. 占统治地位的；占主导地位的；强势的；受控的
dominates,v. 控制( dominate的第三人称单数 ); 在…中占首要地位; 在…中具有最重要（或明显）的特色; 在…中拥有最重要的位置
dominating,"a. 专横的, 独裁的, 主要的"
domination,"n. 支配, 控制, 管辖"
domingo,n. 多明戈（高音演唱家）
dominic,n. 多米尼克（男子名）
dominican,a. 多明尼加共和国的
dominion,"n. 领土, 主权, 统治\n[法] 统治权, 主权, 统治"
dominique,n. 多米尼加鸡；多米尼克（女子名）
domino,"n. 化装外衣, 面具, 骨牌, 多米诺骨牌"
don,"n. 西班牙贵族(或绅士), 先生, 阁下\nvt. 穿上"
donald,n. 唐纳德（男子名）
donaldson,n. 唐纳森（美国一公司名）
donate,v. 捐赠
donated,v. （尤指向慈善机构）捐赠( donate的过去式和过去分词 ); 献（血）; 捐（血）; 捐献（器官）
donating,v. （尤指向慈善机构）捐赠( donate的现在分词 ); 献（血）; 捐（血）; 捐献（器官）
donation,"n. 捐赠物, 捐款, 捐赠\n[经] 赠品, 捐款, 捐赠"
donations,n. 捐款；捐赠（donation的复数）
doncaster,n. 唐卡斯特（城市名）
done,"a. 完成了的, 好了的\ndo的过去分词"
donetsk,顿涅茨克[苏联顿涅茨煤田区城市]
dong,n. 盾（越南货币单位）
donkey,"n. 驴子, 笨蛋, 顽固者, 辅助发动机, 辅助泵"
donna,"n. （意）女士（置于女士名字前的尊称, 相当于Madam）；堂娜（女子名）"
donnelly,n. 唐纳利（姓）
donnie,"n. 唐尼（男子名, 等于Don）"
donny,n. 唐尼（男子名）
donor,n. 捐赠人\n[化] 给体; 供体
donors,n. 捐赠者( donor的复数形式 ); 献血者; 捐血者; 器官捐献者
donovan,n. 多诺万（姓氏）
dons,"n. 大学教师, （牛津、剑桥大学的）导师, 特别研究员( don的名词复数 )\nv. 穿上, 披上( don的第三人称单数 )"
donut,"[医] 电子回旋加速器环状真空室, 同步加速器环状真空室"
donuts,"n. 油炸圈饼, 圆环图( donut的复数形式 )"
doo,n. 豆儿（卡通形象）
doodle,"vi. 涂鸦, 混时间\nn. 傻子"
doom,"n. 厄运, 不幸, 法律, 宣告, 判决, 死亡\nvt. 命中注定, 判决"
doomed,a. 注定的；命定的
doomsday,n. 世界末日
door,n. 门
doors,n. 大门；入口；通道（door的复数）
doorstep,n. 门阶
doorway,"n. 门口, 途径"
dopamine,[化] 多巴胺
dope,"n. 吸毒者, 笨蛋, 麻醉药物, 粘稠物\nvt. 麻痹, 上涂料, 预测出\nvi. 吸毒"
doping,[计] 掺杂\n[化] 掺杂
doppler,a. （奥地利物理学家）多普勒的
dora,abbr. 运筹学与分析局（Directorate of Operational and Analysis）
dorian,"a. (古希腊中南部)多里斯(Doris) 的,多里安人的\nn. 多里安人"
doris,n. 桃瑞丝（女子名）
dork,n. <俚>笨蛋; 无能、不称职的人; 愚蠢的人; <俚>（受人嘲笑的）呆子
dorm,n. 宿舍
dormant,"a. 睡眠状态的, 静止的\n[医] 休眠的, 不活动的, 休止的"
dormitory,n. 宿舍
dorothy,n. 桃乐茜（女子名）
dorsal,"a. 背的, 背部的, 背侧的\n[医] 背的, 背侧的"
dorset,n. 多塞特（人名）；多尔塞特棉粗平布
dortmund,n. 多特蒙得（德意志联邦共和国城市）
dory,"n. 平底小渔船, 海鲂"
dos,磁盘操作系统\n[计] 磁盘操作系统; DOS内部命令:该命令用于将DOS核心部分装入高内存区\n且允许其设备驱动程序或常驻程序装入上层内存块
dosage,"n. 剂量, 用量, 配药\n[医] 剂量"
dose,"n. 剂量, 服用量\nvt. 给药, (用药)医治\nvi. 服药"
doses,v. 服药（dose的三单形式）
dossier,"n. 档案, 卷宗\n[医] 病历表册, 病历夹"
dot,"n. 点, 圆点, 小数点, 小东西, 嫁妆\nvt. 作小点记号, 加小点于\nvi. 打上点\n[计] 点"
doth,v. [古]从事；做；整理（do的三单形式）
dots,abbr. 现代结核病控制策略（Directly-Observed Treatment Strategy）
dotted,"a. 有点的, 星罗棋布的"
double,"n. 两倍\na. 两倍的, 双重的\nvt. 使加倍\nvi. 加倍, 代替, 快步走\n[计] 双精度型"
doubled,v. 两倍；加倍努力；快步走（double的过去式和过去分词）
doubles,n. 双打
doubling,"n. 加倍, 双重, 折迭, 重合, 折回, 防护板, 加强板\n[计] 双倍, 双重"
doubly,"adv. 加倍地, 双重地\n[计] 双地"
doubt,"n. 怀疑, 疑惑\nv. 怀疑, 不信"
doubted,"v. 怀疑, 疑惑( doubt的过去式和过去分词 )"
doubtful,"a. 可疑的, 疑心的, 不明确的\n[法] 怀疑的, 有疑问的, 未确的"
doubting,a. 抱怀疑态度的
doubtless,"a. 无疑的, 确定的\nadv. 无疑地, 确定地"
doubts,"n. 怀疑, 疑虑( doubt的名词复数 ); 未确定\nv. 怀疑, 疑惑( doubt的第三人称单数 )"
douche,"n. 灌洗液, 灌洗(疗法), 灌洗器\nv. 冲洗, 施行灌洗法"
doug,n. 道格
dough,n. 生面团\n[化] 捏塑体; 生面团
doughnut,"n. 油炸圈饼, 环状物\n[计] 圆环图"
doughnuts,n. 炸面圈( doughnut的复数形式 )
douglas,n. 道格拉斯（男子名）；道格拉斯（英国马恩岛首府）
douglass, [人名] [苏格兰人、英格兰人姓氏] 道格拉斯 Douglas的变体; [地名] [美国] 道格拉斯
dove,n. 鸽子\ndive的过去式
dover,n. 多佛(英国港口)
doves,n. 菜包肉末饭；白鸽（dove的复数）
dow,n. 美国陶氏；美国陶氏化学；道琼斯平均指数
down,"a. 向下的\nadv. 下, 下去, 降下\nprep. 往下, 沿着\nn. 丘陵, 软毛, 开阔的高地\n[计] 向下, 退下命令"
downed,vbl. 击落
downey,n. 唐尼（美国城市）；唐尼（姓氏）
downfall,"n. 衰败, 大雨"
downgrade,"vt. 降低, 贬低\nn. 下坡\na. 下坡\nadv. 下坡"
downgraded,"v. 使降低, 使降级( downgrade的过去式和过去分词 )"
downhill,"a. 下坡的\nadv. 下坡, 向下"
downing,唐宁
download,"[计] 卸载, 下栽"
downloadable,a. 可下载的
downloaded,"v. 将（程序, 资料等）从大计算机系统输入小计算机系统, 下载( download的过去式和过去分词 )"
downloading,"n. 下装, 下载；下传"
downloads,n. 下载（download的复数）
downright,"a. 明白的, 率直的, 十足的\nadv. 全然, 彻底, 完全"
downs,"n. 丘陵地, 丘陵草原"
downside,n. 底侧；下降趋势
downstairs,n. 楼下\na. 楼下的\nadv. 在楼下
downstream,adv. 下游地\na. 下游的
downtime,n. 停工期\n[计] 故障停机时间
downtown,n. 市中心区\na. 市中心的\nadv. 往闹市区
downturn,"n. (尤指经济方面的)衰退, 下降趋势\n[电] 低迷时期"
downward,a. 向下的
downwards,adv. 向下
dowry,"n. 嫁妆\n[法] 陪嫁物, 嫁妆"
doyle,n. 柯南道尔（英国医师、小说家、推理小说家）；道尔（人名）
dozen,"n. 打, 十二个\na. 一打的"
dozens,"n. 几十, 许多"
dp,"[计] 数据处理, 诊断程序, 数字绘图机, 数据指示字, 动态规划"
dps,"[计] 数据表示系统, 数据处理标准, 数据处理语句, 数据处理系统\n             磁盘程序设计系统, 分布式处理系统, 文档处理系统, 动态处理系统"
dr,"n. 博士, 医生\n[医] 英钱"
dracula,"n. 德拉库拉（人名）；吸血鬼, 又叫惊情四百年（电影名）"
draft,"n. 气流, 草稿, 汇票, 草案\nvt. 起草, 征兵\n[计] 草稿"
drafted,v. 起草( draft的过去式和过去分词 ); 制定; 征募; 拟稿
drafting,"n. 起草, 制图, 草稿的措词\n[计] 制图, 拖拽"
drafts,n. 草稿（箱）；精绵；汇票（draft的复数形式）
drag,"n. 拖, 拖累\nv. 拖累, 拖拉, 沉重缓慢地走, 拖动\n[计] 拖动"
dragged,v. 制动；拖动；打滑；松懈
dragging,"[计] 牵引, 慢移动"
dragon,"n. 龙, 凶暴的人\n[法] 凶恶的人, 凶恶严厉的监护人"
dragons,n. 龙；飞龙；龙族（dragon的复数形式）
drags,n. 铸锭列车；拖曳的东西；拖累物；阻力锚（drag的复数）
drain,"n. 排水沟, 消耗, 排水\nvt. 排出, 喝光, 耗尽\nvi. 排水, 流干"
drainage,"n. 排水\n[医] 引流[法], 导液[法], 排水[设备]"
drained,"v. （使）流干, （使）逐渐流走( drain的过去式和过去分词 ); 喝光, 喝干; 使（精力、金钱等）耗尽"
draining,a. 排水的；滤水的
drains,"n. 消耗( drain的名词复数 ); 排水沟; 下水道孔盖; 流尽\nv. （使）流干, （使）逐渐流走( drain的第三人称单数 ); 喝光, 喝干; 使（精力、金钱等）耗尽"
drake,"n. 公鸭, 蜉蝣类"
drama,"n. 戏剧, 戏剧艺术"
dramas,pl.戏剧
dramatic,"a. 戏剧性的, 生动的"
dramatically,"adv. 戏剧地, 引人注目地, 突然地"
drank,drink的过去式
draped,v. 将（衣物、帘等）悬挂( drape的过去式和过去分词 ); 披; 遮盖或装饰某人或某物; 将某物随便围在或放在另一物上
draper,n. 布商
drastic,"a. 激烈的\n[医] 峻泻药, 剧烈的"
drastically,"adv. 激烈地, 彻底地"
draw,"vi. 拉, 拖, 拔剑\nvt. 拖拉, 挨近, 领取, 打成平局, 引导, 抽签决定, 画, 描写, 制订, 草拟, 吸引\nn. 拉, 拖, 拔出, 抽签, 平局\n[计] 翻牌, 绘图"
drawback,"n. 缺点, 退税\n[法] 退款, 退税"
drawbacks,"n. 缺点, 不利条件, 障碍( drawback的复数形式 )"
drawer,"n. 抽屉, 开票人\n[计] 抽屉"
drawers,n. 厨柜；内裤
drawing,"n. 图画, 制图, 拉\n[计] 绘图"
drawings,"n. 图纸；图示；提用, 提款（drawing的复数）"
drawn,a. 拔出的\ndraw的过去分词
draws,n. 铸件孔穴；图画（draw的复数）
dre,[医] 矛型镰带绦虫
dread,"n. 恐惧, 可怕的人(或事)\na. 可怕的, 可怖的\nv. 恐惧, 害怕"
dreaded,"a. 令人畏惧的, 可怕的"
dreadful,a. 可怕的
dream,"n. 梦, 空想, 愿望\nv. 做梦, 想象, 梦想"
dreamed,dream的过去式和过去分词
dreamer,"n. 做梦的人, 梦想者"
dreamers,"n. 做梦的人, 梦想家( dreamer的复数形式 )"
dreaming,a. 有梦想的
dreams,"n. 梦想, 美梦（dream的复数形式）"
dreamt,dream的过去式和过去分词
dreamy,"a. 空幻的, 梦想的"
dredging,"n. 挖泥, 捕捞"
drenched,a. 湿透的; 充满的\nv. 使湿透( drench的过去式和过去分词 ); 在某人（某物）上大量使用（某液体）
dresden,n. 德累斯顿(德国城市)
dress,"n. 服装, 覆盖物\nvi. 穿着\nvt. 给...穿衣, 整理"
dressed,"a. 穿好衣服的；打扮好的；去内脏及分割加工好的（特指动物, 如鱼, 禽类等）"
dresser,"n. 化妆台, (剧团)服装师, 碗柜\n[医] 敷裹员"
dresses,n. 衣服( dress的名词复数 ); 装饰; 连衣裙; 礼服
dressing,"n. 调味品, 穿衣, 化妆\n[化] 追肥"
drew,draw的过去式
dried,a. 弄干了的
drier,"n. 干燥机, 干燥剂\n[化] 干燥剂; 催干剂; 干燥设备; 干燥器; 烘缸"
dries,n. 间歇出露区；干出（dry的复数形式）
drift,"n. 漂流物, 漂流, 动向\nv. (使)漂流"
drifted,v. 漂( drift的过去式和过去分词 ); 吹积; 漂泊; 浮现
drifting,"[计] 漂移的\n[医] 倾斜, 漂移"
drill,"n. 钻孔机, 钻子, 播种机, 粗斜纹布\nv. 训练, 钻孔"
drilled,v. 钻（孔）( drill的过去式和过去分词 ); 打（眼）; 操练; 训练
drilling,n. 演练\n[医] 钻
drills,n. 操练；斜纹布；钻头（drill的复数）
drink,"n. 饮料, 酒\nv. 喝, 喝酒"
drinker,"n. 饮者, 酒徒"
drinkers,n. 饮酒者( drinker的复数形式 ); （尤指）酗酒者; 常饮…酒者; 常喝…饮料者
drinking,"n. 喝, 喝酒"
drinks,"n. 饮料, 饮品；喝酒（drink复数）"
drip,n. 水滴\nv. (使)滴下
dripping,"n. 滴, 滴下物, 水滴"
drive,"n. 驾车, 快车道, 推进力, 驱动, 动力, 击球, 驱动器\nvt. 开车, 驱使, 推动, 驾驶\nvi. 开车, 猛击, 飞跑\n[计] 驱动器"
driven,a. 有紧迫感的\ndrive的过去分词
driver,"n. 驾驶员, 驱动器, 驱动程序\n[化] 驱动器"
drivers,[计] 驱动程序
drives,n. 驱动器；驱动力；驱动程序（drive的复数形式）
driveway,n. 车道
driving,"n. 赶, 操纵, 驾驶\na. 推进的, 强劲的, 精力旺盛的"
drizzle,n. 细雨\nv. 下毛毛雨
droid,n. 机器人
drone,"n. 雄蜂, 懒惰者, 嗡嗡的声音, 无人驾驶飞机(或船)\nvi. 嗡嗡作声, 混日子\nvt. 低沉地说"
drones,n. 雄蜂( drone的名词复数 ); 嗡嗡声; 持续的低音或和音; 不务正业而依赖他人为生者\nv. 发出嗡嗡声( drone的第三人称单数 ); （以低沉、单调的声调）谈; 说; 唱
drop,"n. 滴, 微量, 落下, 空投\nvi. 放下, 掉下, 下降\nvt. 使滴下, 放下, 丢失, 遗漏\n[计] 投入, 投入点, 接入点, 分接点"
droplets,n. 小滴( droplet的复数形式 )
dropped,a. 抛踢球得分的
dropping,"n. 点滴, 滴下, 落下\n[医] 跛行步态"
drops,"n. 药水, 滴剂\n[化] 滴剂"
drought,"n. 干旱, 缺乏"
drove,n. 畜群\ndrive的过去式
drown,"vi. 淹死\nvt. 把...淹死, 淹没"
drowned,"v. （使）淹没, （使）溺死( drown的过去式和过去分词 ); 浸透; 浸泡; 压过"
drowning,"[医] 淹溺, 淹死"
drs,"[计] 数据接收站, 数据记录装置, 磁盘驻留系统, 文档检索系统"
drug,"n. 药, 麻药, 麻醉药\nvi. 吸毒\nvt. 使服麻醉药, 使麻木"
drugged,"vt. （在食物或饮料中）投放麻醉药, 下麻醉药（drug的过去式与过去分词形式）"
drugs,"n. 毒品, 药物"
drum,"n. 鼓, 鼓声\nvi. 击鼓, 作鼓声\nvt. 打鼓奏出\n[计] 磁鼓"
drummer,"n. 鼓手, 旅行推销员\n[经] 跑街, 旅行商人, 旅行销货人"
drumming,[机] 转鼓加工
drummond,n. (Drummond)人名；(英)德拉蒙德；(葡、捷)德鲁蒙德；(法)德吕蒙
drums,n. 鼓；鼓声（drum的复数）
drunk,a. 喝醉了的\ndrink的过去式
drunken,a. 酒醉的
dry,"a. 干的, 无酒的, 枯燥无味的, 干燥的\nvt. 把...弄干\nvi. 变干\nn. 干, 干涸"
dryer,"n. 干衣机, 干燥剂\n[化] 干燥剂; 催干剂; 干燥器; 干燥设备; 烘箱"
drying,[计] 干燥的\n[化] 干燥
ds,"[计] 数据系列, 数据集, 数据同步, 调试系统, 定义符号, 开发系统\n             磁盘存储器, 磁盘系统, 分布式系统"
dsm,abbr. 设计标准手册（Design Standards Manual）
dt,[化] 脱氧胸苷
du,[计] 定义使用\n[化] 贫化铀
dual,"a. 双重的, 双的\nn. 双数"
duality,n. 二元性\n[化] 二象性; 双偶性
duane,n. 杜安（男子名）
dub,"vt. 配音, 轻点, 授予称号, 击\nn. 一下击鼓声, 笨蛋"
dubai,n. 迪拜（阿拉伯联合酋长国的酋长国之一）；迪拜港（阿拉伯联合酋长国港市）
dubbed,a. 被称为的；译制的
dubious,"a. 可疑的, 不确定的"
dublin,n. 都柏林
dubois,"迪布瓦(①姓氏 ②Paul, 1829-1905, 法国雕刻家)"
duchess,n. 公爵夫人
duck,"n. 鸭子\nvi. 没入水中, 闪避\nvt. 猛按...入水, 躲避"
ducks,"n. 薄帆布工作服, 帆布裤子；鸭子（duck的复数）"
duct,"n. 管, 输送管\nvt. 通过管道输送"
ducts,n. 通风管道；管道（duct的复数）
dude,n.<美国、加拿大>纨绔子弟，花花公子； <俚>男人，家伙；\nvt.<俚>打扮得讲究或花哨
dudes,n. [非正式]（美国及加拿大）人( dude的复数形式 ); [主要在美国和加拿大范围使用]纨绔子弟; <俚>男人; [非正式]那种在西部农场渡假的东部人或城市人
dudley,n. 达德利（姓氏）
due,"n. 应得的东西, 应付款\na. 到期的, 应得的, 应付的, 约定的"
duel,"n. 决斗, 斗争\nvi. 决斗"
dues,"n. 税, 应付款, 该缴之款\n[经] 会费, 捐费, 手续费"
duet,n. 二重奏
duff,"n. 水果干布丁, 细煤, 煤屑, 无用的东西\nvt. 把...弄得像新的一样, 把...改头换面"
duffy,"n. 达菲（姓氏, 英国女歌手名）"
dug,dig的过去式和过去分词
duh,int. [表示犹豫、不快或轻蔑等]咄
dui,abbr. 酒醉驾车（Driving Under the Influence）；数据单元接口（Data Unit Interface）
duke,n. 公爵
dukes,n. 双拳；双手；英国公爵（duke的复数形式）
dull,"a. 钝的, 无趣的, 呆滞的, 阴暗的\nvt. 使迟钝, 使阴暗, 缓和\nvi. 变迟钝, 减少"
duluth,"n. 德卢斯（港口城市, 位于美国明尼苏达州东北部）"
duly,"adv. 恰当地, 充分地, 适当地, 及时地"
dum,"[法] 期间内, 只要, 规定为..."
dumb,"a. 哑的, 不说话的, 无声音的\n[医] 哑的"
dumbass,"n. （俚）笨蛋, 傻子"
dumber,哑的（dumb的比较级）\n愚蠢的\n不能说话的
dumbest,哑的\n蠢的（dumb的最高级）
dummies,n. 仿制品( dummy的名词复数 ); 橡皮奶头; 笨蛋; 假传球
dummy,"n. 傀儡, 假人, 仿制品\na. 虚设的, 假的, 名义上的"
dump,"n. 垃圾场\nvt. 倾倒, 倾销\nvi. 倒垃圾, 倾销商品\n[计] 转出; 转储; 倾卸; 切断电源"
dumped,a. 废弃的；被甩了的
dumping,"n. 倾销\n[医] 倾倒, 倾泻, 填埋(处理垃圾的一种方法)"
dumps,"n. 忧郁；废物, 垃圾场（dump的复数）"
dumpster,n. 废料箱
dun,"n. 催促者, 讨债者, 催债\nv. 催讨\na. 暗褐色的, 微暗的"
dunbar,n. 邓巴（姓氏）
duncan,n. 邓肯（姓氏）
dundee,敦提[英国苏格兰东部港市](泰赛德区首府)
dune,n. 沙丘
dunes,n. 沙丘( dune的复数形式 )
dung,n. 粪\nvt. 施粪肥于
dungeon,n. 地牢
dungeons,n. 地牢( dungeon的复数形式 )
dunham,n. (Dunham)人名；(英)邓纳姆
dunk,"vt. 浸一浸, 泡一泡"
dunkirk,n. 敦刻尔克\nvi. 狼狈撤退
dunlop,n. 邓洛普干酪（一种原产于苏格兰邓洛普的全脂干酪）
dunn,[计] 邓恩
dunno,v. <口>(我)不知道
duo,n. 二重唱
duplex,"a. 双的, 复式的, 双联的, 二重的, 二倍的\n[计] 双重的; 双工操作; 双工的; 双的; 双向的"
duplicate,"n. 副本, 复本, 复制品\na. 复制的, 二重的\nvt. 复制, 使加倍\n[计] 复制"
duplication,"n. 副本, 复制\n[医] 重迭, 双折, 复制"
dupont,"n. 杜邦, 杜邦公司"
durability,"[计] 耐久性, 耐用性, 持久性"
durable,"a. 持久的, 耐用的"
duran,n. 榴梿\nn. (Duran)人名；(法)迪朗；(德、英、意、土、罗、捷、塞)杜兰
durant,n. 杜兰特（美国城市）
duration,"n. 持续时间, 持续\n[计] 持续时间"
durban,德班[南非(阿扎尼亚)东部港市]
durham,"n. 达勒姆郡(英格兰郡名), 短角肉牛"
during,prep. 在...的时候
dusk,"n. 薄暮, 傍晚, 黄昏\na. 微暗的\nv. (使)微暗"
dust,"n. 灰尘, 尘埃, 粉末, 花粉, 土, 骚乱\nvt. 拂去灰尘, 撒, 弄成粉末\nvi. 拂去灰尘, 化为粉末"
dusted,"vt.& vi. 拂（一拂）, 掸（dust的过去式与过去分词形式）"
dustin,n. 达斯汀（男子名）
dusting,"n. 擦灰, 殴打\n[医] 撒布"
dusty,"a. 灰尘多的, 无聊的, 含糊的, 粉末状的"
dutch,"n. 荷兰人, 荷兰语\na. 荷兰的"
duties,n. 关税（duty的复数）
dutton,达顿（人名）\n达顿（地名）
duty,"n. 责任, 关税, 职务, 尊敬\n[化] 职责"
dv,abbr. 煤油机船（Diesel Vessel）；稀释容积（Dilute Volume）；数码摄像机（Digital Video）
dvd,abbr. 数字化视频光盘（Digital Video Disk）
dvds,abbr. digital video display system 数字视频显示系统
dw,abbr. 发展的宽度（Developed Width）；蒸馏水（Distilled Water）；双重墙（Double Wall）；双重载（Double Weight）
dwarf,"n. 矮子, 侏儒\nv. (使)变矮小"
dwarfs,"n. 侏儒, 矮子（dwarf的复数形式）\nvt. （使）显得矮小（dwarf的第三人称单数形式）"
dwarves,"(dwarf 的复数) n. 矮子, 侏儒\nv. (使)变矮小"
dwayne,德韦恩（人名）
dwell,"vi. 居住, 居住(于), 存在(于)"
dwellers,"n. 居民, 居住者( dweller的复数形式 )"
dwelling,n. 住处\n[医] 住房
dwellings,"n. 住处, 处所( dwelling的复数形式 )"
dwight,n. 德怀特（男子名）
dwindling,a. 逐渐减少的\nv. 逐渐变少或变小( dwindle的现在分词 )
dx,abbr. 试验驱逐舰（Destroyer Experimental）；远程接收或传输（Distance Reception or Transmission）；远程无线电通信（Distant Radio Communication）；双工接收器（Duplex Repeater）；高级的（deluxe）
dye,"n. 颜料, 染料\nvt. 染, 染色\nvi. 被着色"
dyed,a. 被染色的
dyer,n. 染色工
dyes,"n. 染料, 染色（dye复数形式）"
dying,"a. 垂死的\n[法] 快要死的, 垂死的, 临终的"
dyke,n. 堤
dylan,n. 狄伦（男子名）
dynamic,"a. 动态的, 有活力的, 有力的, 动力的, 不断变化的\nn. 动力, 动态\n[计] 动态的"
dynamics,n. 动力学\n[化] 动力学
dynamite,"n. 炸药\nvt. 炸毁, 破坏"
dynamo,"n. 发电机\n[医] 电机, 发电机"
dynasty,"n. 朝代, 王朝"
dysfunction,"n. 机能不良, 机能障碍\n[医] 机能障碍, 机能不良"
dysfunctional,a. 功能失调的
dyson,戴森（人名）
dystopian,"a. 反面乌托邦的,反面假想国的 \nn. 反面乌托邦的鼓吹者(或描写者)"
ea,"[计] 有效地址, 单元动作, 外部访问\n[医] 卵白蛋白, 红细胞抗体"
each,"a. 每个, 每一\nadv. 每个\npron. 每个, 个人, 各自"
eachother,na. 彼此；互相\n[网络] 相互；海誓山盟；两棵树
eager,"a. 热心的, 渴望的, 热望的"
eagerly,"adv. 渴望, 热衷于, 热切"
eagle,"n. 鹰, 鹰状标饰"
eagles,"n. 老鹰乐队, 鹰；老鹰（eagle复数形式）"
ear,"n. 耳朵, 倾听, 听觉, 穗\nvi. 抽穗"
earl,n. 伯爵
earlier,a. 早的；初期的
earliest,a. 早的；初期的
early,"a. 早的, 早熟的\nadv. 很早, 初"
earn,"vt. 赚得, 获得, 博得\n[计] 欧州科学研究网"
earned,a. 挣得的
earners,n. 挣钱人( earner的复数形式 )
earnest,"n. 定金, 诚挚, 认真\na. 认真的, 热心的, 重要的"
earning,n. 收入（earn的现在分词）
earnings,"n. 所赚的钱, 工资, 收入\n[经] 工资, 收入, 收益, 盈余"
earns,v. 赚得( earn的第三人称单数 ); 挣钱; 生（利）; 获（利）
earrings,n. 耳环；耳饰（earring的复数）
ears,abbr. 电声额定系统（Electro-Acoustic Rating System）
earth,"n. 地球, 泥土, 世界, 尘世\nvt. 埋入土中, 赶入洞内\nvi. 躲入洞内"
earthly,"a. 地球的, 俗世的, 可能的"
earthquake,n. 地震
earthquakes,n. 地震（earthquake的复数形式）
ease,"n. 安乐, 安逸, 悠闲\nvt. 使安乐, 使安心, 减轻, 放松\nvi. 减轻, 放松, 灵活地移动"
eased,a. 放松的
easier,a. 更简单；较早的；容易些（easy的比较级形式）
easiest,a. 轻松的；容易的
easily,"adv. 容易地, 轻易地, 流利地"
easing,n. 吃势；容位；松型
east,"n. 东方, 东\na. 东方的, 向东的\nadv. 向东方, 朝东方"
eastenders,(eastender 的复数) n. East End的变形
easter,n. 复活节
eastern,"n. 东方人, 东正教徒\na. 东方的, 向东的, 自东的"
eastman,n. 伊士曼（姓氏）
easton,n. 伊斯顿（人名）；伊斯顿（美国地名）
eastward,n. 朝东方向\na. 向东方的\nadv. 向东
eastwood,n. 伊斯威特
easy,"a. 容易的, 缓缓的, 舒适的, 从容的, 宽容的, 流畅的, 随便的, 自在的, 疲软的\nadv. 容易地, 慢慢地"
eat,"v. 吃, 腐蚀"
eaten,eat的过去分词
eater,"n. 吃...的人, 生吃的水果, 美味的水果"
eaters,n. 吃…的人( eater的复数形式 )
eating,"n. 吃, 食物\na. 侵蚀的, 腐蚀性的"
eaton,n. 伊顿（姓氏））
eats,abbr. 设备准确度测试站（Equipment Accuracy Test Station）
eau,[医] 水
eb,abbr. 电子束（Electron Beam）
ebay,电子港湾；易趣（知名网上购物网站）
ebola,n. 埃博拉病毒
ebony,n. 乌木\na. 乌木制的
ebook,n. 电子书
ec,"[计] 电子计算机, 仿真器控制, 工程更改, 错误纠正\n[经] 欧市"
eccentric,"n. 怪人, 偏心圆\na. 古怪的, 反常的, 不同圆心的"
ecclesiastical,"a. 教会的, 神职的, 牧师的"
echo,"n. 回声, 回音, 回波\nvi. 发回声, 随声附和\nvt. 摹仿, 重复, 反射\n[计] 回显; DOS批处理命令:控制MS-DOS命令是否在屏幕上显示"
echoed,"v. 重复, 随声附和( echo的过去式和过去分词 ); 类似; 发射（声音等）; 发出回声"
echoes,"n. 回声, 共鸣( echo的名词复数 ); （言语、作风、思想等的）重复; 重复者; [无线电]回波\nv. 重复, 随声附和( echo的第三人称单数 ); 类似; 发射（声音等）; 发出回声"
echoing,n. 回音；反照现象；呼应
eclectic,"n. 折衷主义者\na. 选择的, 折衷的"
eclipse,"n. 日食, 月食, (地位名誉等的)消失\nvt. 引起日食, 引起月食, 使黯然失色"
eco,abbr. 电子耦合振荡器（Electron-Coupled Oscillator）；环境控制组织（Environmental Control Organization）；经济合作组织（Economic Cooperation Organization）
ecological,"a. 生态学的, 主张生态保护的\n[法] 生态的, 生态学的"
ecology,"n. 生态学, 社会生态学\n[化] 生态学"
ecommerce, 电子商务
econ,abbr. economy 经济; economic 经济的; economical 节约的; economics 经济学
economic,"a. 经济上的, 实用的, 节省的\n[经] 经济的"
economical,"a. 节俭的, 经济的, 合算的\n[经] 经济的, 节约的"
economically,"adv. 节约地, 不浪费地, 节省地, 节俭地, 在经济上, 在经济学上"
economics,n. 经济学\n[经] 经济学
economies,n. 节约( economy的名词复数 ); 经济; 经济情况; 经济结构
economist,"n. 经济学者, 经济家\n[经] 经济学家"
economists,"n. 经济学家, 经济专家( economist的复数形式 )"
economy,"n. 经济, 理财, 节约\n[医] 经济, 整体"
ecosystem,n. 生态系统\n[医] 生态系
ecosystems,n. <生>生态系统( ecosystem的复数形式 )
ecstasy,"n. 狂喜, 心醉神迷, 忘形\n[医] 入迷"
ecstatic,n. 狂喜的人\na. 狂喜的
ect,abbr. 电休克疗法；电惊厥疗法（electroconvulsive therapy）
ecuador,n. 厄瓜多尔
ed,"[计] 电子设备, 密码设备, 数据结束, 工程设计, 错误检测, 外部设备"
eddie,n. 埃迪（男子名）
eddy,"n. 逆流, 漩涡\nv. (使)起漩涡"
eden,"n. 伊甸园, 乐园"
edgar,n. 埃德加（男子名）
edge,"n. 边缘, 尖锐, 刀刃, 优势\nvt. 使锐利, 挤进, 镶边\nvi. 缓缓移动"
edged,a. 有某种或几种刃的
edges,n. 边界；边缘；优势（edge的复数）
edging,"n. 边缘, 边饰"
edgy,"a. 刀口锐利的, 尖利的, 急躁的"
edible,"n. 食品, 食物\na. 可食用的"
edict,"n. 布告, 法令\n[经] 布告, 法令"
edinburgh,n. 爱丁堡
edison,n. 爱迪生
edit,"vt. 编辑, 编校, 修订, 剪辑\n[计] 编辑; DOS外部命令:该命令是一个用于编辑文本文件的全屏幕编辑程序"
edited,v. 编辑（edit的过去式和过去分词）
edith,n. 伊迪丝（女子名）
editing,a. 编辑的
edition,"n. 版本, 版, 翻版"
editions,n. 版次( edition的复数形式 ); （报纸、杂志的）一份; （广播、电视节目的）一期; （书、报、杂志等的）一版印刷总数
editor,"n. 编者, 编辑, 主笔, 编辑器, 编辑装置\n[计] 编辑器"
editorial,"n. 社论, 评论\na. 编辑的, 主笔的, 社论的"
editors,n. 编辑器；剪辑师；编辑（editor的复数形式）
edits,abbr. 实验数字电视系统（Experimental Digital Television System）
edm,abbr. 放电机（Electric Discharge Machining）
edmond,"n. 埃德蒙（男子名, 等于Edmund）"
edmonton,n. 埃德蒙顿（加拿大西南部城市）
edmund,n. 艾德蒙（男子名）
edna,[化] 二硝基乙胺
edo,n. 埃多族（居尼日利亚南部）；埃多人；埃多语
eds,abbr. 英语方言学会（English Dialect Society）；电子数据转换（Electronic Data Switching）；环境资料局（Environmental Data Service）
edt,"[医] 乙二胺四乙酸, 依地酸"
eduardo,n. 爱德华多（姓氏）
educate,"vt. 教育, 培养, 训练"
educated,"a. 受过教育的, 有教养的"
educating,"v. 教育( educate的现在分词 ); 训练, 培养; 教导, 教养"
education,"n. 教育, 训练, 教育学\n[医] 教育, 训练"
educational,"a. 教育的, 教育性的"
educator,n. 教育家
educators,"n. （尤指作为一种职业的）教育工作者, 教员, 教师( educator的复数形式 )"
edward,n. 爱德华（男子名）
edwards,爱德华兹(姓氏)
edwin,"n. 爱德温（男子名, 义为繁荣、富有）"
ee,电机工程师\n[化] 对映体过量
eel,"n. 鳗鱼, 鳝鱼"
eels,abbr. 电子能量损失谱学（Electron Energy Loss Spectroscopy）；电子发射器定位系统（Electronic Emitter Location System）
eerie,"a. 怪诞的, 可怕的, 奇异的, 令人迷惑不解的"
ef,abbr. 每面（each face）；超精度（extremely fine）；仰角指示器（Elevation Finder）
eff,vt. [俚]弄糟
effect,"n. 结果, 影响, 效果, 印象\nvt. 实行, 引起, 完成\n[计] 效果"
effected,v. 造成；产生；招致（effect的过去分词）
effective,"a. 有效的, 有力的, 实际的\nn. 有生力量"
effectively,"adv. 有效地, 有力地, 实际上"
effectiveness,"n. 效力\n[经] 有效性, 能行性"
effects,"n. 财物, 个人财产\n[经] 动产, 财物"
efficacy,"n. 功效, 效力\n[医] 效能, 功效, 效验"
efficiencies,"n. 效率, 效能( efficiency的复数形式 )"
efficiency,"n. 效率, 效能, 功效\n[医] 效率, 效力"
efficient,"a. 有效率的, 能干的"
efficiently,"adv. 生效, 能胜任, 有能力, 效率高, 有效"
effort,"n. 努力, 成就"
effortless,"a. 容易的, 不费力气的"
effortlessly,"adv. 不作努力地, 不费力地"
efforts,n. 努力；转向力（effort的复数）
eg,abbr. [拉]例如（exempli gratia）；[网络用语]邪恶的笑（Evil Grin）
egan,"n. 伊根（爱尔兰人名）\nn. 伊根（地名, 在美国）"
egg,"n. 蛋, 卵\nvt. 挑唆, 煽动, 调蛋黄"
eggs,n. 鸡蛋；蛋（egg的复数形式）
ego,n. 自我\n[医] 自我
egos,"n. 自我, 自尊, 自负( ego的复数形式 )"
egregious,"a. 异乎寻常的, 过分的, 惊人的"
egypt,n. 埃及
egyptian,"n. 埃及人\na. 埃及的, 埃及人的"
egyptians,n. 埃及人
eh,interj. 啊!嗯!是吗?好吗?\n[医] 氧化还原电位
ei,"[计] 允许中断, 错误指示字"
eid,abbr. Expression Interactive Designer；Epson Imaging Devices；Emerging Infectious Diseases；eTrust Intrusion Detection
eiffel,n. 艾菲尔铁塔（法国著名建筑）；埃菲尔（姓氏）
eight,"num. 八, 八个"
eighteen,"num. 十八, 十八个"
eighteenth,"num. 第十八, 十八分之一"
eighth,"num. 第八, 八分之一"
eighties,[计] 八十年代
eighty,"num. 八十, 八十个"
eileen,"n. 艾琳（女子名, Helen的昵称）"
ein,[计] 欧洲情报网
einstein,n. 爱因斯坦\n[化] 爱因斯坦(能量的单位)
eisenhower,n. 艾森豪威尔
either,"a. (两者之中)任一的, (两者之中)各一的\npron. (两者之中)任一\nconj. 或, 要么"
ejected,a. 射出的；被放出的；被驱逐的
ek,柯达公司
el,abbr. 预期损失（Expected Loss）
elaborate,"a. 精细的, 详尽的, 精心计划(或制作)的\nvt. 详细地说明, 用心地制作, 发挥\nvi. 变复杂, 作详细说明"
elaborated,v. 详尽说明( elaborate的过去式和过去分词 ); 变得复杂; 详细制定; 详尽阐述
elaine,n. 伊莱恩（女子名）
elastic,"n. 松紧带, 橡皮筋\na. 有弹性的, 能伸缩的, 可通融的"
elasticity,"n. 弹力, 弹性\n[化] 弹性"
elbow,"n. 手肘, 弯头, 扶手\nv. 用手肘推开, 推挤"
elbows,"n. 肘( elbow的名词复数 ); （衣服的）肘部; （衣服的）肘部; （管子、烟囱等的）弯处\nv. 用肘推, 用肘挤( elbow的第三人称单数 )"
elder,"n. 年长者, 老人, 前辈\na. 年长的, 资深的"
elderly,"a. 过了中年的, 稍老的"
elders,n. （某些基督教会中的）长老( elder的复数形式 ); 长辈; 比我年长的人; 接骨木
eldest,"a. 最年长的, 排行中第一的\nn. 最年长者, 排行中第一者"
eleanor,n. 埃莉诺（女子名）
elect,"n. 当选人, 被选的人\na. 被选的, 选出的\nvt. 选举, 选择\nvi. 作选择"
elected,"vt. 选举, 推选"
electing,v. （进行）选举( elect的现在分词 ); 推举; 选择; 决定（做某事）
election,"n. 选举, 当选, 选择权\n[法] 选举, 当选"
elections,"n. 选举, 选举制；投票（election的复数形式）"
elective,"a. 选举的, 根据选举的, 选修的\nn. 选修课程"
electoral,"a. 选举人的, 选举的, (有关)选举的\n[法] 选举的, 选举人的, 由选举人组成的"
electorate,"n. 选民, 有选举权者, 选区\n[法] 选民, 选举团, 选区"
electors,"n. 有选举权的人, 选民( elector的复数形式 )"
electric,"a. 电的, 导电的, 电动的\n[医] 电的"
electrical,"a. 电的, 有关电的\n[医] 电的"
electrically,adv. 电力地；有关电地
electrician,"n. 电学家, 电气技师, 电工\n[化] 电工; 电气工人"
electricity,"n. 电, 电流, 电学, 热情, 电力供应\n[化] 电学; 电"
electro,n. 电镀物品
electrode,n. 电极\n[化] 电极; 焊条; 电焊条
electrodes,n. 电极( electrode的复数形式 )
electromagnetic,"a. 电磁的, 由电磁石产生的\n[电] 电磁的"
electron,n. 电子\n[化] 电子
electronic,a. 电子的\n[计] 电子工业协会接口
electronically,adv. 电子地
electronics,n. 电子学\n[计] 电子学
electrons,n. 电子( electron的复数形式 )
elegance,"n. 高雅, 典雅, 优雅"
elegant,"a. 优雅的, 端庄的, 高雅的"
element,"n. 元件, 元素, 要素\n[计] 部分; 成分; 单元; 码元; 元件; 元素; 单元"
elemental,"a. 元素的, 基本的"
elementary,"a. 初步的, 基本的\n[医] 元素的, 基础的, 初级的"
elements,"n. 原理, 基础"
elena,"n. 埃琳娜（女子名, 等于Helen）"
elephant,n. 象
elephants,"n. 象, 大象( elephant的复数形式 )"
elevate,"vt. 举起, 提拔, 鼓舞"
elevated,a. 提高的
elevation,"n. 海拔, 提高, 仰角\n[计] 仰角"
elevations,n. （水平或数量）提高( elevation的复数形式 ); 高地; 海拔; 提升
elevator,"n. 电梯, 升降机\n[化] 提升机"
elevators,n. 电梯( elevator的复数形式 ); 升降机（美）; 谷仓; 粮仓
eleven,"num. 十一, 十一个"
eleventh,"num. 第十一, 十一分之一"
elf,"n. 小精灵, 矮人, 淘气鬼\n[电] 超低频的简写"
elgin,"n. 埃尔金大理石雕；埃尔金（人名, 或地名, 指美国伊利诺伊州的一个城市）；爱而近（手表品牌名）"
eli,n. 伊莱（男子名）
elias,"n. 伊莱亚斯（希伯来先知, 等于Elijah）"
elicit,"vt. 引出, 推导出, 引起"
eligibility,"n. 适任, 合格\n[法] 合格, 合格性"
eligible,"a. 有资格当选的, 合格的\nn. 有资格者, 合格者, 适任者"
elijah,n. 以利亚（希伯来先知）
eliminate,"vt. 除去, 排除, 剔除, 消除"
eliminated,v. 排除( eliminate的过去式和过去分词 ); 消除; 除掉; <口>干掉
eliminates,v. 排除( eliminate的第三人称单数 ); 消除; 除掉; <口>干掉
eliminating,v. 排除( eliminate的现在分词 ); 消除; 除掉; <口>干掉
elimination,"n. 除去, 消除, 消灭\n[化] 消去; 脱去"
eliot,n. 艾略特（姓氏）
elisa,[化] 酶联免疫吸附测定
elisabeth,n. 伊丽莎白
elise,n. 伊莉斯（女子名）
elite,"n. 精华, 精锐, 中坚分子"
elites,n. <法>精华( elite的复数形式 ); 精锐; 上层集团; （统称）掌权人物
elixir,"n. 炼金药, 不老长寿药, 万能药\n[化] 酏剂"
eliza,"n. 伊莱扎（女子名, Elizabeth的昵称）"
elizabeth,n. 伊丽莎白（女子名）
elk,n. 麋鹿
ella,n. 艾拉（女子名）
elle,n. 世界时装之苑（时尚类期刊）；依尼（服装品牌名）
ellen,n. 埃伦（女子名）
ellie,n. 埃莉（女子名）
elliot,n. 埃利奥特（男子名）
elliott,n. 艾略特（姓氏）
elliptical,a. 椭圆的\n[医] 椭圆形的
ellis,"n. 埃利斯（男子名, 等于Elias）"
ellison,n. 艾里森（英国一家传感器公司）；埃里森（小说中虚构的黑人干探）；埃里森（甲骨文公司的首席执行官）
elm,n. 榆树\n[计] unix操作系统的信件处理程序
elmer,n. 埃尔默（男子名）
elon,n. 埃伦（可溶性显影剂粉末）
elongated,"v. 延长, 加长( elongate的过去式和过去分词 )"
eloquent,"a. 雄辩的, 有口才的, 有说服力的"
elsa,"n. 埃尔莎（女子名, 等于Elizabeth）"
else,"a. 别的, 其他的\nadv. 另外, 否则, 不然"
elsewhere,adv. 在别处
elsie,n. 埃尔希（女子名）
elton,n. 埃尔顿（男子名）
elusive,"a. 难懂的, 易忘的, 难以捉摸的"
elves,n. 侏儒；爱恶作剧的孩子（elf的复数）
elvis,n. 埃尔维斯（男子名）
ely,n. 伊利（男子名）
em,[计] 媒体用毕符\n[化] 射气
email,n. 电子信函
emailed,n. 电子信函\nvt. 给…发电子邮件\nn. (Email)人名；(法)埃马伊
emails,n. 电子信函\nvt. 给…发电子邮件\nn. (Email)人名；(法)埃马伊
emancipation,"n. 释放, 解放\n[医] 解放(胎儿在母体内成立局部自主状态)"
emanuel,n. 伊曼纽尔
embankment,"n. 堤防, 筑堤"
embargo,"n. 封港令, 禁运\nvt. 禁止出入港口, 禁运"
embark,"vi. 乘船, 着手, 从事, 上飞机\nvt. 使上船, 使上飞机, 使从事"
embarked,v. 乘船( embark的过去式和过去分词 ); 装载; 从事
embarking,v. 乘船( embark的现在分词 ); 装载; 从事
embarrass,"vt. 使困窘, 使局促不安, 阻碍"
embarrassed,a. 尴尬的；窘迫的
embarrassing,"a. 令人为难的, 麻烦的"
embarrassment,"n. 困难, 阻碍, 困窘\n[医] 窘迫"
embassies,n. 大使馆( embassy的名词复数 ); 大使馆全体成员
embassy,"n. 大使馆, 大使馆全体人员\n[经] 大使馆"
embedded,"a. 植入的, 内含的, 深入的"
embellished,v. 美化( embellish的过去式和过去分词 ); 装饰; 修饰; 润色
emblem,"n. 象征, 徽章, 符号\nvt. 用象征表示"
embodied,v. 表现( embody的过去式和过去分词 ); 象征; 包括; 包含
embodies,v. 表现( embody的第三人称单数 ); 象征; 包括; 包含
embodiment,"n. 具体化, 化身"
embody,"vt. 具体表达, 使具体化\n[经] 合并, 具体化, 具体表现"
embrace,"n. 拥抱\nvt. 拥抱, 互相拥抱, 包含, 收买\nvi. 拥抱"
embraced,v. 拥抱( embrace的过去式和过去分词 ); 包括; 包含; 接受
embraces,v. 拥抱( embrace的第三人称单数 ); 包括; 包含; 接受
embracing,v. 拥抱( embrace的现在分词 ); 包括; 包含; 接受
embroidered,a. 绣花的；刺绣的
embroidery,"n. 刺绣品, 粉饰, 刺绣"
embryo,"n. 胚胎, 胎儿, 胚芽\n[医] 胚, 胚胎"
embryonic,"a. 萌芽的, 初期的, 未成熟\n[医] 胚胎的"
embryos,n. 胚胎；晶胚
emerald,"n. 翡翠, 绿宝石, 翠绿色\na. 翡翠的, 翠绿色的"
emerge,"vi. 浮现, 形成, 出现, (事实)显露"
emerged,"vt. 出现（emerge的过去分词）；浮现, 暴露"
emergence,"n. 出现, 浮现, 发生"
emergencies,n. 紧急需要；紧急事件
emergency,"n. 紧急状况, 紧急事件, 紧急需要\n[化] 紧急情况"
emergent,"a. 紧急的, 浮现的, 出现的, 自然发生的\n[医] 紧急的, 意外的"
emerges,v. 出现( emerge的第三人称单数 ); 露头; 形成; 事实
emerging,"[法] 出现的, 发生的, 形成的"
emeritus,"a. 名誉退休的, 退休后保留头衔的"
emerson,"n. 爱默生（Ralph Waldo Emerson 美国思想家, 诗人）"
emery,n. 金刚砂\n[化] 金刚砂
emi,"[计] 电磁干扰, 消息结束指示字符"
emigrated,v. 移居国外( emigrate的过去式和过去分词 )
emigration,"n. 移民, 移居外国(或外地)\n[医] 血细胞渗出"
emil,n. 埃米尔（男子名）
emile,"n. 埃米尔（男子名, 等于Emil）"
emilia,n. 伊米莉亚(Emily的异体)(f.)
emilio,n. 埃米利奥（男子名）
emily,n. 埃米莉（女子名）
eminem,n. 艾米纳姆（上个世纪末涌现出的白人rap音乐代表）
eminence,"n. 显赫, 名家, 高处\n[医] 隆起, 隆凸"
eminent,"a. 显赫的, 杰出的, 有名的"
emirates,n. 阿联酋航空公司
emission,"n. 发射, 射出, 发行\n[医] 发射, 遗精"
emissions,n. 排放物( emission的复数形式 ); 散发物（尤指气体）
emit,"vt. 发出, 放射, 发表(意见等), 散发, 发行\n[化] 放射"
emitted,a. 射出的
emitting,"n. 发射；发出, 散发"
emma,n. 艾玛（女子名）
emmanuel,"n. 以马内利（耶稣基督的别称）；伊曼纽尔（男子名, 等于Immanuel）"
emmett,"n. 埃米特（人名, 地名）"
emmy,n. 埃米奖(美国电视艺术奖)
emo,abbr. 应急措施组织（Emergency Measures Organization）；爱立信移动办公邮件系统（Ericsson Mobile Office）
emoji,n. 表情符号
emory,n. 埃默里
emotion,"n. 情绪, 激动, 强烈的情感\n[医] 情绪, 情感"
emotional,"a. 情绪的, 情感的\n[医] 情绪的"
emotionally,adv. 在情绪上
emotions,n. 情绪；情感（emotion的复数形式）
emp,[化] 糖酵解途径
empathy,"n. 移情作用, 共鸣\n[医] 移情, 神入"
emperor,"n. 皇帝, 君主"
emperors,"n. 皇帝, 君主( emperor的复数形式 )"
emphasis,"n. 强调, 加强, 重点, 强语气"
emphasised,vt. （英）强调；加强…的语气（等于emphasize ）
emphasize,"vt. 强调, 加强语气, 着重"
emphasized,v. 强调( emphasize的过去式和过去分词 ); 加强语气; 重读; 使突出
emphasizes,v. 强调( emphasize的第三人称单数 ); 加强语气; 重读; 使突出
emphasizing,[电] 强调
emphatic,"a. 语调强的, 着重的, 强调了的"
empire,"n. 帝国, 帝权"
empires,n. 帝国（empire的复数）
empirical,"a. 完全跟据经验的, 经验主义的\n[医] 经验主义的"
employ,"n. 雇用\nvt. 雇用, 使用, 使从事于"
employed,vt. 雇佣（employ的过去分词）
employee,"n. 职员, 员工, 受雇人员\n[化] 职工; 雇员"
employees,n. 员工；雇员；从业人员（emploee的复数）
employer,"n. 雇主, 老板\n[经] 雇主, 业主"
employers,n. 雇主( employer的复数形式 )
employing,"v. 雇用( employ的现在分词 ); 使用, 利用"
employment,"n. 雇用, 职业, 工作\n[经] 职业, 雇用, 职工招请"
employs,"v. 雇用( employ的第三人称单数 ); 使用, 利用"
empower,"vt. 授予权力, 允许, 使能够\n[法] 授权, 准许, 转委"
empowered,v. 授权( empower的过去式和过去分词 ); 准许; 增加（某人的）自主权; 使控制局势
empowering,v. 授权( empower的现在分词 ); 准许; 增加（某人的）自主权; 使控制局势
empowerment,n. 授权; 许可
empress,"n. 皇后, 女皇"
emptied,a. 耗尽的；已清除的
emptiness,"n. 空虚, 无知"
empty,"a. 空的, 空虚的, 空腹的, 空洞的\nn. 空的东西, 空车\nvt. 倒空, 使变空, 使排出\nvi. 流空\n[计] 空"
ems,"扩展内存规范\n[计] 电子邮件系统, 电子报文系统, 特快专递, 扩展内存规范"
emulate,"vt. 效法, 尽力赶上, 同...竞争\n[计] 仿真"
en,"n. 字母N, (铅字)半方\nprep. 在...中, 作为"
enable,"vt. 使能够\n[计] 允许, 使能, 打开"
enabled,"a. 激活的, 使可行的\n[计] 激活的"
enables,"v. 使能够, 提供做…的权利[措施]( enable的第三人称单数 ); 使可能"
enabling,"a. 有可能, 或有条件完成的\nv. 使能够, 提供做…的权利[措施]( enable的现在分词 ); 使可能"
enact,"vt. 制定法律, 扮演, 颁布\n[法] 法令, 法规, 条例"
enacted,"v. 制定（法律）, 通过（法案）( enact的过去式和过去分词 )"
enacting,"v. 制定（法律）, 通过（法案）( enact的现在分词 )"
enactment,"n. 制定, 条例, 法规, 法令, 颁布, 规定\n[法] 制定, 规定, 颁布"
enamel,"n. 珐琅, 瓷釉\nvt. 涂以瓷釉, 彩饰"
enchanted,"a. 中魔法的; 着了魔的; 狂喜的; 极乐的\nv. 使欣喜, 使心醉（ enchant的过去式和过去分词 ）; 用魔法迷惑"
enchanting,"a. 迷人的, 妩媚的, 迷惑人的"
enclave,n. 被包围的领土\n[医] 被包围物
enclosed,"a. 被附上的\n[经] 附上, 内附"
enclosure,"n. 附件, 围墙, 围绕\n[化] 机壳; 外壳"
encoded,a. 编码的
encoding,[计] 编码
encompass,"vt. 围绕, 完成, 包括, 包含, 环绕, 包围"
encompasses,v. 围绕( encompass的第三人称单数 ); 包围; 包含; 包括
encompassing,v. 围绕( encompass的现在分词 ); 包围; 包含; 包括
encore,"n. 再演唱的要求, 要次登场\ninterj. 再演唱一次\nvt. 要求再演(或唱)"
encounter,"n. 相会, 相遇, 遭遇\nvt. 遇见, 邂逅, 会战\nvi. 偶然相遇"
encountered,v. 遇到；曾遭遇（encounter的过去式）
encountering,v. 遇到( encounter的现在分词 ); 遭遇; 偶然碰到; 与（人、部队）冲突
encounters,n. 遭遇战( encounter的名词复数 ); [天文学]（向着某一天体的）接近; 突然遇到\nv. 遇到( encounter的第三人称单数 ); 遭遇; 偶然碰到; 与（人、部队）冲突
encourage,"vt. 鼓励, 支持, 激励\n[法] 怂恿, 煽动, 助长"
encouraged,a. 受到鼓舞的
encouragement,"n. 鼓励, 激励, 奖励\n[法] 怂恿, 煽动, 助长"
encourages,v. 鼓励( encourage的第三人称单数 ); 支持; 促进; 鼓动
encouraging,"a. 鼓励的, 促进的"
encrypted,"v. 加密, 将…译成密码( encrypt的过去式和过去分词 ); 把…加密（或编码）, 将…译成密码"
encryption,[计] 加密
encyclopedia,n. 百科全书
end,"n. 结束, 终点, 目标, 末端, 梢, 死亡, 残余\nv. 结束, 终结, 终止\n[计] 端; 结束"
endanger,"vt. 危及\n[法] 使危险, 危及"
endangered,a. 有生命危险的；濒临灭绝的
endearing,"a. 引起爱情的, 令人钟爱的, 可爱的"
endeavor,"n. 努力, 尽力\nvi. 努力, 尽力"
endeavors,"n. <正>努力, 尽力( endeavor的名词复数 )\nv. 尝试, 试图( endeavor的第三人称单数 )"
endeavour,"n. 努力, 力图, 尽力\nvi. 努力, 力图, 尽力"
ended,a. 结束的（end的过去分词）
endemic,"n. 地方病\na. 某地(或某些人中)流行的, 地方的"
endgame,n. 最后阶段；尾声
ending,"n. 终止, 终了, 收场\n[医] 末梢"
endings,"n. （故事, 电影等的）结局( ending的复数形式 ); 结束; 终结; 最后部份"
endless,"a. 不停的, 无穷尽的, 无尽的\n[机] 无端的, 环状的"
endlessly,"adv. 不断地, 无穷尽地"
endorse,"vt. 支持, 赞同, 背书于, 签署\n[经] 赞成, 背书"
endorsed,vt.& vi. endorse的过去式或过去分词形式\nv. 赞同( endorse的过去式和过去分词 ); <商>在（尤指支票的）背面签字; 在（文件的）背面写评论; 在广告上说本人使用并赞同某产品
endorsement,"n. 支持, 认可, 背书\n[经] 背书, 担保, 保证"
endorsements,n. 背书( endorsement的复数形式 ); （驾驶执照上的）违章记录; （公开的）赞同; （通常为名人在广告中对某一产品的）宣传
endorsing,背书
endowed,v. 捐钱( endow的过去式和过去分词 ); 捐赠; 资助; 使（某人）天生具有（好资质、能力等）
endowment,"n. 捐助, 天赋, 才能\n[经] 捐赠, 捐款, 养老金"
ends,n. 目的；末端；结束（end的复数）
endurance,"n. 忍耐, 忍耐力, 耐性\n[机] 持九性"
endure,"vt. 忍受, 忍耐, 容忍, 耐\nvi. (正式)持久, 持续\n[计] 仍能工作, 继续工作"
endured,"a. 吃苦耐劳的\nv. （长时间地）忍受, 忍耐, 容忍( endure的过去式和过去分词 ); 持续, 持久, 坚持下去"
enduring,"a. 持久的, 忍耐的"
enemies,n. 仇敌( enemy的名词复数 ); 敌军; 危害物; 大敌
enemy,"n. 敌人, 仇敌, 敌军\na. 敌人的"
energetic,"a. 精力充沛的, 积极的"
energies,n. 活力( energy的名词复数 ); [物理学]（原子、电、辐射的）能; [常用复数]精力; （有效地发挥的）力量
energy,"n. 精力, 精神, 活力, 能量\n[化] 能; 能量"
enfield,n. 埃菲尔德式步枪；恩菲尔德
enforce,"vt. 强迫, 执行, 坚持\n[经] 予以强制执行"
enforced,a. 强制执行的；实施的
enforcement,"n. 执行, 强制\n[法] 实施, 加强, 厉行"
enforcing,v. 实施( enforce的现在分词 ); 执行; 强迫; 强制执行
eng,[医] 眼震电流描记法
engage,"vi. 答应, 从事, 交战\nvt. 使忙碌, 雇佣, 预定, 使从事于, 使参加"
engaged,"a. 忙碌的, 使用中的"
engagement,"n. 诺言, 约会, 婚约, 交战\n[医] 衔接"
engagements,n. 订婚( engagement的复数形式 ); 婚约; 约会; 约定
engages,v. 从事( engage的第三人称单数 ); 使从事（某种事业等） (in); 吸引或引起（注意、兴趣等）; 与（某人）交战
engaging,"a. 动人的, 迷人的, 有魅力的"
engine,"n. 引擎, 发动机, 机车\nvt. 安装发动机于"
engineer,"n. 工程师, 工兵\nvt. 设计, 监造, 精明地处理, 策划"
engineered,"a. 设计的, 工程"
engineering,"n. 工程学, 工程, 操纵\n[化] 机器; 机器学"
engineers,n. 工程师；机械师（engineer的复数）
engines,"n. 火车头；发动机, 引擎（engine的复数形式）"
england,"n. 英格兰\n[法] 英格兰, 英国"
english,"n. 英语\na. 英文的, 英国人的"
englishman,n. 英国人
engraved,"v. 在（硬物）上雕刻（字, 画等）( engrave的过去式和过去分词 ); 将某事物深深印在（记忆或头脑中）"
engraving,"n. 雕刻, 镌版术, 雕版"
enhance,"vt. 提高, 加强, 增加"
enhanced,a. 增大的；加强的
enhancement,"n. 提高, 美化, 增进, 增强, 增加\n[计] 增强, 加强, 提高, 充实"
enhancements,n. 增强( enhancement的复数形式 ); 增加; 提高; 用以增强、提高或美化之物
enhances,"v. 提高( enhance的第三人称单数 ); 增进; 用计算机增强（照片等）; 提高…的价值（或价格）; 使变青白, 使变苍白( etiolate的过去式和过去分词 ); 增进; 用计算机增强（照片等）; 提高…的价值（或价格）"
enhancing,"v. 提高( enhance的现在分词 ); 增进; 用计算机增强（照片等）; 提高…的价值（或价格）; 探溯语源, 指示语源( etymologize的过去式和过去分词 ); 增进; 用计算机增强（照片等）; 提高…的价值（或价格）"
enigma,"n. 谜, 费解的事物"
enigmatic,"a. 费解的, 谜一般的, 高深莫测的"
enjoy,"vt. 享受, 喜欢, 欣赏\n[法] 享受, 享有, 获得某种利益"
enjoyable,"a. 可从中得到乐趣的, 令人愉快的"
enjoyed,v. 享有（ enjoy的过去式和过去分词 ）; 玩得快乐; 喜欢
enjoying,v. 享有( enjoy的现在分词 ); 玩得快乐; 喜欢; enjoy yourself （祝愿时说）玩痛快些
enjoyment,"n. 享乐, 快乐, 享受\n[经] 使用权"
enjoys,v. 享有( enjoy的第三人称单数 ); 玩得快乐; 喜欢; enjoy yourself （祝愿时说）玩痛快些
enlarge,"vt. 扩大, 增大\nvi. 扩大, 详述"
enlarged,v. 扩大( enlarge的过去式和过去分词 ); 扩展; 扩充; 放大
enlargement,"n. 扩大, 肿大, 肥大, 增大, 放大的照片, 放大, 扩建部分, 增补物, 扩展\n[计] 增补, 扩大, 放大"
enlighten,"vt. 教育, 启发, 启蒙, 开导, 教导"
enlightened,"a. 有知识的, 进步的, 文明的"
enlightening,"a. 有启发作用的, 使人领悟的"
enlightenment,"n. 启迪, 教化"
enlist,"vt. 征募, 参与, 谋取\nvi. 从军, 应募, 赞助"
enlisted,a. 应募入伍的
ennis,n. 恩尼斯（男子名）
enoch,n. 伊诺克（男子名）
enormous,"a. 巨大的, 庞大的"
enormously,"adv. 非常地, 巨大地"
enough,"n. 充足, 够, 很多\na. 充足的, 足够\nadv. 足够\ninterj. 够了"
enquiries,n. 询问（ enquiry的复数形式 ）; 调查; 查询; 问讯处
enquiry,"n. 询问\n[经] 询价, 询盘"
enraged,v. 使暴怒( enrage的过去式和过去分词 ); 歜; 激愤
enrich,"vt. 使富足, 使肥沃"
enriched,a. 浓缩的；强化的
enrichment,"n. 丰富, 肥沃\n[化] 富集"
enrique,n. 恩里克（男子名）
enroll,"vt. 登记, 使加入\nvi. 参军, 注册"
enrolled,v. 登记（入会；卷）
enrolling,n. 入学；登记
enrollment,"n. 登记, 注册, 入伍\n[经] 登记, 注册"
enrolment,"n. 登记, 注册, 入伍, 入学, 入会, 注册人数, 入学人数"
ensemble,"n. 全体, 合唱曲, (女人的)全套服装\n[化] 总体; 整体; 系综"
ensign,"n. 旗, 海军少尉, 徽章"
enslaved,v. 使成为奴隶( enslave的过去式和过去分词 ); 奴役; <正>使受控制; 征服
ensued,"v. 接着发生, 因而产生( ensue的过去式和过去分词 )"
ensuing,a. 接著发生的
ensure,"vt. 确定, 保证, 担保, 保护\n[经] 确保, 确定"
ensured,v. 确保( ensure的过去式和过去分词 ); 担保获得[避免]; 使（某人）获得; 使安全
ensures,v. 确保( ensure的第三人称单数 ); 担保获得[避免]; 使（某人）获得; 使安全
ensuring,v. 确保( ensure的现在分词 ); 担保获得[避免]; 使（某人）获得; 使安全
ent,"abbr. [医]耳鼻喉（科）（ear, nose, and throat）"
entail,"vt. 使成为必需, 需要, 使承担, 遗传给\nn. 限定继承"
entails,v. 使…成为必要( entail的第三人称单数 ); 需要; 限定继承; 使必需
entangled,"a. 卷入的; 陷入的; 被缠住的; 缠在一起的\nv. 使某人（某物/自己）缠绕, 纠缠于（某物中）, 使某人（自己）陷入（困难或复杂的环境中）( entangle的过去式和过去分词 )"
enter,"vt. 进入, 参加, 开始, 输入, 回车\nvi. 进去, 参加\n[计] 输入, 回车"
entered,a. 进入的
entering,"[计] 进入, 键入, 输入, 录入"
enterprise,"n. 企业, 事业心, 进取心, 干事业\n[计] 企业"
enterprises,n. 企业（enterprise的复数）
enters,v. 进入( enter的第三人称单数 ); 进去; 参加; 登记
entertain,"vt. 娱乐, 招待, 怀抱\nvi. 款待"
entertained,"v. 款待, 招待( entertain的过去式和过去分词 ); 使欢乐; 使娱乐; 抱有"
entertainer,"n. 表演娱乐节目的人, 演艺人员"
entertainers,"n. （娱乐节目的）表演者, 艺人( entertainer的复数形式 )"
entertaining,"a. 使人愉快的, 有趣的"
entertainment,"n. 娱乐, 款待, 娱乐表演"
enthusiasm,"n. 巨大的热情, 热心"
enthusiast,"n. 热心家, 狂热者, 爱好者"
enthusiastic,"a. 狂热的, 热心的, 热烈的"
enthusiastically,"adv. 热心地, 狂热地"
enthusiasts,"n. 热心人, 热衷者( enthusiast的复数形式 )"
entice,"vt. 诱骗, 引诱, 怂恿"
enticing,"a. 引诱的, 迷人的\n[法] 诱惑的, 引诱的"
entire,"n. 整个, 全部\na. 全体的, 完全的, 全部的"
entirely,"adv. 完全, 全然, 一概"
entirety,"n. 全部, 整体\n[法] 共有制, 整体, 全部"
entities,"n. 实体对像; 实体, 独立存在体, 实际存在物( entity的名词复数 )"
entitled,a. 有资格的；给与名称的
entitlement,n. 权利\n[法] 权利
entity,"n. 实体, 实存物, 存在\n[计] 实体"
entourage,"n. 全体随行人员, 陪同人员"
entrance,"n. 入口, 进入点, 入场, 入学, 进入, 开始(阶段), 就任\nvt. 使出神, 使入迷\n[计] 入口"
entrances,n. 入口( entrance的名词复数 ); 进入; 登场; 入学
entrants,n. 参加者( entrant的复数形式 ); 加入某行业的人
entrenched,"a. 牢固的, 根深蒂固的"
entrepreneur,"n. 企业家, 主办人\n[经] 承包商, 企业家"
entrepreneurial,"a. 创业的, 具有企业精神的; 企业性质的"
entrepreneurs,n. <法>企业家( entrepreneur的复数形式 ); 主办人
entrepreneurship, 企业家能力/职能; 企业家[主办人等]的身份[地位、职权、能力]
entries,n. 进入；（词典所列的）词目（entry的复数形式）
entropy,n. 熵\n[计] 熵
entrusted,"v. 委托, 托付( entrust的过去式和过去分词 )"
entry,"n. 登录, 条目, 进入, 入口, 报关\n[计] 登录项, 输入项, 条目"
envelope,"n. 信封, 封套, 封袋\n[医] 膜, 包袋"
envelopes,n. 信封( envelope的复数形式 )
envious,"a. 嫉妒的, 羡慕的"
environment,"n. 环境, 外界, 围绕\n[计] 环境"
environmental,"a. 周围的, 环境的\n[经] 环境的, 环保的"
environmentally,adv. 有关环境方面
environments,n. 环境；生态环境；[计]（计算机系统运行的）环境（environment的复数）
envisaged,"v. 想像, 设想( envisage的过去式和过去分词 )"
envision,"vt. 想象, 预想"
envisioned,"v. 想像, 展望( envision的过去式和过去分词 )"
envoy,"n. 外交使节, 特使\n[法] 使者, 代表, 使节"
envy,"n. 羡慕, 嫉妒\nvt. 羡慕, 嫉妒"
enzo,n. 恩佐（法拉利的一个跑车系列）
enzyme,n. 酶\n[化] 酶
enzymes,n. <生化>酶( enzyme的复数形式 )
eo,"[计] 基本操作, 允许输出, 操作结束, 执行命令"
eos,"n. 黎明女神\n[计] 屏幕结束, 段结束, 步结束, 序列结束, 可扩充的操作系统"
ep,abbr. EP盘唱片（extended-play record）
epa,[经] 环保协会
epic,"n. 史诗, 叙事诗\na. 史诗的, 叙事诗的"
epidemic,"n. 传染病, 流行病\na. 流行的, 传染性的"
epidemiology,"n. 传染病学, 流行病学\n[医] 流行病学"
epilepsy,n. 癫痫症\n[医] 癫痫(羊痫疯)
epilogue,"n. 结语, 尾声, 收场白\n[计] 收尾程序"
epiphany,"n. 主显节, 出现"
episcopal,"a. 主教的, 主教制度的, 英国国教的"
episode,"n. 插曲, 插话, 有趣的事件, 一段情节\n[医] 插话, 插曲, 发作"
episodes,"n. 发作, 插曲（episode复数）"
epitome,"n. 概要, 缩影, 象征"
epl,abbr. 工程零件表（Entineering Parts List）
epoch,"n. 新纪元, 时代, 时期"
epoxy,a. 环氧的\n[化] 环氧; 表氧; 桥氧
eps,[医] 致突眼物质
epstein,n. 爱泼斯坦（姓氏）
eq,abbr. 情商（Emotional Quotient）；均衡器；电器极（Electrical Quadrupole）
equal,"n. 对手, 匹敌, 同辈\na. 相等的, 平等的, 胜任的, 合适的, 平静的, 不相上下的\nvt. 等于, 比得上\n[计] 等长度编码"
equality,"n. 平等, 均匀, 相等\n[法] 同等, 平等, 相等"
equally,"adv. 相等地, 同样地, 平等地"
equals,n. （地位、实力等）相同或相等的人；对手；相等物（equal的复数形式）
equate,"vt. 使相等, 视为平等\nvi. 等同"
equation,"n. 相等, 等式, 平衡\n[化] 方程式; 等式; 反应式; 公式"
equations,n. 方程式；等式；均等；均势（equation的复数形式）
equator,"n. 赤道\n[医] 赤道, 中纬线"
equatorial,"a. 近赤道的, 赤道的\n[医] 中纬线的"
equestrian,"a. 骑术的, 马的, 骑在马背上的\nn. 骑手"
equilibrium,"n. 平衡, 平静, 均衡\n[化] 平衡"
equip,"vt. 装备, 配备\n[机] 设备, 装置"
equipment,"n. 装备, 设备, 才能\n[化] 设备; 装备; 装置"
equipped,v. 装备；整装；预备（equip的过去分词）
equitable,"a. 公平的, 公正的\n[法] 公平的, 公正的, 平衡法的"
equities,"[经] 权益, 产权, (无固定利息的)股票"
equity,"n. 公平, 公正\n[经] 权益, 产权"
equivalence,"n. 同等, 等价, 等值\n[计] 等价"
equivalent,"n. 同等物, 等价物, 相等物\na. 相等的, 相当的, 同意义的\n[计] 等价的"
equivalents,n. 相等的东西( equivalent的复数形式 ); 对应词
er,[医] 铒(68号元素)
era,"n. 时代, 纪元, 时期"
eradicate,"vt. 根除, 扑灭, 根绝, 消灭"
eradication,"n. 连根拔除, 歼灭, 消灭, 根除, 使断根\n[医] 根除, 扑灭, 消灭"
eras,"n. 纪元, 时代；年代（era的复数形式）"
erase,"vt. 抹去, 擦掉\n[计] 清洗; 擦除; 抹除; DOS内部命令:从磁盘上删除一个或多个文件"
erased,a. 被清除的；[纹章]断掉并留有不平均边的
erasmus,n. 伊拉兹马斯（男子名）
ere,"conj. 在...以前, 毋宁\nprep. 在...以前, 毋宁"
erect,"a. 直立的, 竖立的, 笔直的\nvt. 使竖立, 使直立, 树立, 建立\nvi. 勃起"
erected,"v. 使直立, 竖起( erect的过去式和过去分词 ); <正>建立"
erection,"n. 直立, 竖起, 建筑物\n[化] 装配"
eric,abbr. 科教资源信息中心（Educational Resources Information Center）；电子遥控与独立控制（Electronic Remote and Independent Control）
erica,n. 欧石南属植物
erie,n. 伊利(湖)
erik,n. 埃里克（姓氏）
erika,n. 埃里卡（女名）
erin,n. 爱尔兰
erm,abbr. ermine 貂; erythromycin 红霉素; erythromycin-resistant methylase 抗红霉素甲基化酶; elastic reservoir moulding 弹性水库浇铸
ernest,n. 欧内斯特（男子名）
ernie,n. 摇奖机
ernst,n. 恩斯特（人名）；艾伦斯特（人名）
eroded,"a. 被侵蚀的, 损坏了"
erosion,"n. 腐蚀, 冲蚀, 侵蚀\n[化] 磨耗; 侵蚀"
erotic,"a. 性爱的, 性欲的, 色情的\nn. 好色之徒, 色情诗"
err,"vi. 犯错, 做错, 犯罪\n[法] 弄错, 犯错误, 陈述"
errands,n. errand的复数; 差使( errand的复数形式 ); 差事
erratic,"n. 古怪的人, 漂泊无定的人\na. 不稳定的, 奇怪的"
erroneous,"a. 错误的, 不正确的\n[法] 错误的, 不正确的"
error,"n. 错误, 过失, 失误, 误差\n[计] 错误"
errors,n. 误差；错误；差错（error的复数）
ers,abbr. 设备要求规格（Equipment Requirement Specification）；经济研究处（Economic Research Service）；欧洲遥感卫星（Europe Remote Sensing Satellite）；地球资源卫星（Earth Resources Satellite）
erupted,v. 爆发( erupt的过去式和过去分词 ); 喷发; 突然发生; 出疹
eruption,"n. 爆发, 喷出物, 出疹\n[化] 喷发"
eruptions,"n. 喷发, 爆发( eruption的复数形式 )"
es,[化] 电子能谱; 电子能谱学; 专家系统\n[医] 低于模糊意识(低于下意识)
esa,abbr. 欧洲航天局（European Space Agency）；美国生态学学会（Ecological Society of America）；美国工程师和科学家协会（Engineers and Scientists of America）；经济稳定法案（Economic Stabilization Act）；就业标准署（Employment Standards Administration）
escalate,"vi. 逐步扩大, 逐步升高, 逐步增强\nvt. 使逐步上升"
escalated,v. （使）逐步升级( escalate的过去式和过去分词 ); （使）逐步扩大; （使）更高; （使）更大
escalating,v. （使）逐步升级( escalate的现在分词 ); （使）逐步扩大; （使）更高; （使）更大
escalation,"n. 扩大, 增加\n[经] 调查, 价格调整"
escape,"n. 逃亡, 避难设备, 逃跑\nvi. 逃脱, 避开, 溜走\nvt. 逃避, 避免, 被...忘掉"
escaped,"v. 避开；泄出；逃离, 逃脱（escape的过去式, 过去分词）"
escapes,"n. 逃走( escape的名词复数 ); 消遣\nv. 逃脱( escape的第三人称单数 ); （气体, 液体等）漏出; （未受伤或只受了一点伤害而）逃脱; 声音（不自觉地）由…发出"
escaping,a. 溢出的；换码
escobar,n. (Escobar)人名；(西)埃斯科瓦尔；(法、葡)埃斯科巴尔
escort,"n. 护送者, 护卫者, 护航舰\nvt. 护卫, 护送"
escorted,"v. 护送, 护卫( escort的过去式和过去分词 )"
escorts,v. 陪同；护送（escort的第三人称单数形式）
esl,abbr. 非母语英语课程（English as a second language）
esoteric,"a. 秘教的, 奥秘的, 秘传的\n[医] 体内的, 内部的, 隐的"
esp,"超感官知觉, 超感觉力\n[医] 外感受性知觉, 非感觉性知觉"
especially,"adv. 尤其, 特别, 格外"
espionage,"n. 间谍活动\n[法] 间谍活动, 刺探, 间谍"
espn,abbr. 娱乐体育节目电视网（Entertainment Sports Programming Network）；欧洲儿科肾病学会（European Society for Paediatric Nephrology）
espresso,n. （用汽加压煮出的）浓咖啡
esq,"abbr. 环境征候问卷（Environmental Symptoms Questionnaire）；先生（esquire, 信内尊称）；贝索（箱包品牌名）；瑞士名表品牌；方差"
esquire,"n. 先生, 绅士"
essay,"n. 随笔, 短文, 评论, 企图\nvt. 试图"
essays,"n. 散文( essay的名词复数 ); （作为课程作业, 学生写的）文章; 企图; （用来刊登的）论说文"
essence,"n. 实质, 本质, 香精\n[化] 香精"
essential,"n. 要素, 要点, 本质\na. 必要的, 重要的, 本质的\n[计] 本质冒险"
essentially,"adv. 本质上, 本来"
essentials,"n. 要件, 概要；基本营养素；生活必需品（essential的复数）"
essex,n. 艾塞克斯郡(英格兰郡名)
est,(美国)东部时间
establish,"vt. 建立, 确立, 制定\nvi. 移植生长"
established,"a. (被)建立的, 固定的, 既定的, 确定的, 确认的, 确立的, (被)制定的\n[计] 确定的, 既定的"
establishes,v. 建立( establish的第三人称单数 ); 确定; [植物学]使（植物）定植; 使成为
establishing,v. 建立( establish的现在分词 ); 确定; [植物学]使（植物）定植; 使成为
establishment,"n. 确立, 制定, 设施\n[经] 企业, 公司, 商店"
establishments,n. 企业( establishment的复数形式 ); 建立; （通常反对变革的）当权派; 反对改革的保守当权派
estate,"n. 不动产, (人生的)阶段, 阶层, 财产\n[经] 房地产, 遗产, 财产"
estates,"n. 不动产；房地产, 财产（estate的复数）"
esteem,"n. 尊敬, 尊重\nvt. 尊敬, 尊重, 认为"
esteemed,a. 受人尊敬的
esther,n. 以斯帖（犹太女王名）；以斯帖记；埃丝特（女子名）
estimate,"n. 估计, 判断\nvt. 估计, 评价, 判断\nvi. 估计"
estimated,a. 估算的；估计的；预计的
estimates,n. 估计；概数；预算（estimate的复数）
estimating,n. 估算；评估；预算能力
estimation,"n. 判断, 估计, 尊重\n[化] 估计; 估定; 测定; 估值"
estonia,n. 爱沙尼亚
estonian,"a. 爱沙尼亚的\nn. 爱沙尼亚人, 爱沙尼亚语"
estranged,"a. 疏远的, 分离的, 隔离的"
estrogen,n. 雌激素\n[化] 雌激素
estuary,"n. 河口, 港湾"
et,[化] 乙基
eta,估计的到达时间
etc,"及其他, 等等"
etched,"被侵蚀的, 被蚀刻的, 风化的"
etching,"n. 蚀刻版画, 蚀刻画, 蚀刻术\n[化] 蚀刻; 浸蚀"
eternal,"a. 永恒的, 永远的, 不灭的"
eternally,"adv. 永恒地, 常常"
eternity,"n. 永远, 来世, 不朽"
etf,abbr. 交易型开放式指数基金（Exchange Traded Fund）；发动机试验设备（Engine Test Facilities）
eth,abbr. 埃塞俄比亚全国运动联合会（National Ethiopian Sports Confederation）
ethan,n. 伊桑（男子名）
ethanol,"n. 乙醇, 酒精\n[化] 乙醇"
ethel,n. 埃塞尔（女子名）
ether,"n. 醚, 苍天, 以太\n[化] 醚; 以太"
ethereal,"a. 轻的, 飘渺的, 天上的\n[医] 醚制的, 挥发性的"
ethernet,"n. 以太网\n[计] 以太网, 以太网报文分组"
ethic,"n. 道德规范, 伦理"
ethical,"a. 伦理的, 民族的, 民族特有的\n[医] 伦理的, 道德的"
ethically,adv. 伦理上
ethics,n. 道德规范\n[医] 伦理学
ethiopia,n. 埃塞俄比亚
ethiopian,a. 埃塞俄比亚的\nn. 埃塞俄比亚人
ethnic,"a. 人种的, 种族的\n[医] 人种的"
ethnically,"adv. 人种上, 民族上"
ethnicity,n. 种族划分
ethos,n. 气质；民族精神；社会思潮
etienne,n. 艾蒂安（比利时发明家）
etiquette,"n. 礼仪, 礼节, 成规\n[法] 规则, 成规, 礼节"
eton,n. 伊顿公学
eu,[化] 富集铀; 浓缩铀\n[医] 铕(63号元素)
eugene,n. 尤金（男子名）
eun,n. (Eun)人名；(柬)恩\nabbr. 内源性尿氮（endogenous urinary nitrogen）
euphoria,"n. 兴奋, 陶醉, 陶醉感\n[医] 精神愉快, 欣快"
eur,"n. 欧洲, 欧洲人；欧元"
eureka,"interj. 找到了, 有了\nn. 优铜"
euro,n. 欧元（欧盟的统一货币单位）
europa,[经] 欧罗巴
europe,n. 欧洲
european,"n. 欧洲人\na. 欧洲的, 欧洲人的"
europeans,n. 欧洲人( European的复数形式 )
euros,n. 欧元；欧洛斯风；带雨东南暴风（euro复数）
eurovision,n. 欧洲电视网
eurozone,n. 欧元区
euthanasia,n. 安乐死\n[医] 安死术
ev,[电] 电子伏特
eva,n. 伊娃（女子名）
evacuate,"v. 疏散, 撤出, 排泄"
evacuated,"a. 疏散；排空的, 撤退者的"
evacuation,"n. 撤退, 疏散\n[化] 抽空; 排空"
evade,"v. (巧妙地)逃脱, 规避, 逃避"
evaluate,"vt. 评估, 评价, 赋值"
evaluated,vi. 评估；估…的价（evaluate的过去分词形式）
evaluating,v. 评估（evaluate的ing形式）
evaluation,"n. 评估, 估价, 求值\n[计] 鉴定; 评价; 求值"
evaluations,n. 估价( evaluation的复数形式 ); <数>赋值; 估计价值; [医学]诊断
evan,n. 埃文（男子名）
evangelical,a. 福音派教会的\nn. 福音派信徒
evangelicals,(evangelical 的复数) a. 福音派教会的\nn. 福音派信徒
evangelist,"n. 福音传道者, 圣经新约福音书的作者"
evans,n. 埃文斯（姓氏）
evasion,"n. 逃避, 藉口\n[法] 回避, 规避, 逃避"
eve,"n. 前夕, 前夜"
evelyn,n. 伊夫林（女子名）
even,"a. 平坦的, 相等的, 连贯的, 均等的, 公平的, 偶数的, 平均的, 平衡的, 恰好的\nvt. 使平坦, 使相等\nvi. 变平, 成为相等\nadv. 甚至, 实际上, 完全, 十分\nn. 偶数, 偶校验\n[计] 偶数, 偶校验"
evening,"n. 傍晚, 晚间, 末期"
evenings,"n. 每晚, 在任何晚上"
evenly,"adv. 平衡地, 平坦地, 平等地"
event,"n. 事件, 结果, 事情的进程, 竞赛项目\n[计] 事件"
events,n. 事件；[体育]项目（event的复数）
eventual,"a. 最后的, 终于的"
eventually,"adv. 最后, 终于"
ever,"adv. 曾经, 究竟, 永远"
everest,"n. 珠穆朗玛峰, 顶峰"
everett,n. 埃弗雷特（男子名）
evergreen,"n. 常绿树, 常绿植物\na. 常绿的"
everlasting,"a. 永恒的, 持久的\nn. 上帝, 神"
everton,n. 埃弗顿（英国地名）
every,"a. 每一, 所有的"
everybody,"pron. 每个人, 人人"
everyday,"a. 每天的, 日常的, 平常的"
everyone,"pron. 每个人, 人人\n[计] 系统中的一个组名"
everything,"pron. 每件事物, 所有事物"
everytime, 每次; 每当; 每到
everywhere,"adv. 各处, 到处"
evicted,"v. （依法从房屋里或土地上）驱逐, 赶出( evict的过去式和过去分词 )"
eviction,"n. 逐出, 赶出\n[法] 收回财产, 收回租地, 没收"
evidence,"n. 根据, 证据, 迹象\n[经] 证据, 凭证"
evidenced,vt. 使明显（evidence的过去式与过去分词形式）
evident,"a. 显然的, 明显的"
evidently,"adv. 明显地, 根据现有证据来看"
evil,"n. 邪恶, 不幸, 罪恶\na. 邪恶的, 不幸的, 有害的, 讨厌的"
evils,"n. 邪恶, 罪恶, 祸害( evil的复数形式 )"
evo,"abbr. 意蓝虚拟办公室（eLand Virtual Office, 软件名）；国际能效评估组织（Efficiency Valuation Organization）；三菱兰瑟（汽车品牌）"
evoke,"vt. 唤起, 引起, 召(魂)\n[法] 提审, 移送"
evoked,"a. [医]诱发的\nv. 产生, 引起, 唤起( evoke的过去式和过去分词 )"
evolution,"n. 进化, 发展, 进展, (气体)放出, 开方\n[医] 进化, 演化, 旋出"
evolutionary,"a. 展开的, 进化论的, 进化的, 发展的\n[计] 进化的, 改良的, 发展的"
evolve,"vi. 进展, 进化, 展开\nvt. 使发展, 使推断出, 使进化"
evolved,n. 进化了的
evolves,"v. 演变, 进化( evolve的第三人称单数 ); （动植物等 ）进化, 进化形成"
evolving,a. 展开的；进化的
ew,abbr. 电子战（Electronic Warfare）
ewing,n. 尤因（男子名）；尤英（美国新泽西州西部一县属区）；尤文氏肉瘤
ex,"n. 已离婚的配偶\n[经] 不附资本增殖, (在船边码头)交货, 无(红利)...之外"
exacerbated,"v. 使恶化, 使加重( exacerbate的过去式和过去分词 )"
exact,"a. 精确的, 准确的, 精密的\nvt. 强求, 急需"
exactly,"adv. 确切地, 精确地, 恰好, 完全地, 确实, 恰恰正是, 确实如此"
exaggerate,"v. 夸大, 夸张"
exaggerated,"a. 夸大的, 夸张的, 言过其实的"
exaggerating,v. （使）扩大( exaggerate的现在分词 ); （使）增加; 夸大; 夸张
exaggeration,"n. 夸张, 夸大的事物, 夸大之词"
exalted,"a. 高尚的, 尊贵的, 高位的, 兴奋的"
exam,"n. 考试, 测验"
examination,"n. 考试, 测验, 审查\n[医] 检查, 诊察"
examinations,n. 检查( examination的复数形式 ); 考试; 考查; 试题
examine,"v. 检查, 调查, 考试"
examined,a. 验讫；检查过的
examiner,"n. 检查人, 审查人, 主考者\n[化] 检验人; 验收员"
examines,v. 仔细检查( examine的第三人称单数 ); 考试; 审查
examining,"[法] 审查的, 审讯的, 考试的"
example,"n. 例子, 样本, 实例\n[化] 实例"
examples,n. 例子；列证（example的复数形式）
exams,n. 考试；检查（exam的复数）
excavated,v. 挖掘( excavate的过去式和过去分词 ); 开凿; 挖出; 发掘
excavation,"n. 挖掘, 发掘, 挖掘的洞\n[医] 陷凹, 挖除"
excavations,n. 挖掘( excavation的复数形式 ); 开凿; 开凿的洞穴（或山路等）; （发掘出来的）古迹
exceed,"vt. 超过, 超越, 胜过\nvi. 超过其他"
exceeded,a. 非常的；过度的；溢出的
exceeding,"a. 超越的, 非常的, 极度的"
exceedingly,"adv. 极端地, 极度地, 非常"
exceeds,v. 超过( exceed的第三人称单数 ); 超越; （在数量和质量等方面）胜过; 越过…的界限
excel,"vt. 胜过, 优于, 擅长\nvi. 胜过其他"
excelled,v. 胜过；超过；优于；超越（excel的过去分词形式）
excellence,"n. 优秀, 卓越, 优点"
excellency,"n. 优点, 阁下"
excellent,"a. 优良的, 杰出的, 出色的"
except,"vt. 除, 除外\nvi. 反对\nprep. 除了...之外, 若不是, 除非\nconj. 只是"
exception,"n. 例外, 除外, 异议\n[计] 例外; 异常"
exceptional,"a. 例外的, 异常的, 特别的"
exceptionally,adv. 特殊地；异常地；例外地
exceptions,n. 免责条款（exception的复数形式）
excerpt,"n. 摘录\nv. 引用, 摘录"
excerpts,"n. 摘由, 节选（excerpt复数形式）"
excess,"n. 过度, 剩于, 超过, 超额\na. 过量的, 额外的"
excesses,n. 过份荒淫的行为；剩余额（excess的复数）
excessive,"a. 过度的, 过多的, 极端的\n[法] 过度的, 过分的, 额外的"
excessively,"adv. 过多, 极度, 过度, 过分"
exchange,"n. 交换, (电话)交换局, 交换机, 汇兑, 交易所\nv. 交换, 交易, 兑换\n[计] 交换; 电话局"
exchanged,"v. 换回( exchange的过去式和过去分词 ); 交换, 替换; 进行易货贸易, 作物物交换; [金融业]（货币）交换, 兑换"
exchanges,"n. 交易所, 	票据交换总额；市场, 外币兑换（exchange 复数形式）"
exchanging,v. 交换；兑换；交流（exchange的ing形式）
exchequer,"n. (英国)财政部, 国库\n[法] 国库, 财源, 财政法院"
excise,"n. (烟、酒等)消费税, 货物税, 国产税\nvt. 切除"
excite,"vt. 刺激, 使兴奋, 激励"
excited,"a. 兴奋的, 已励磁的, 已激发的, 激昂的, 激动的"
excitement,"n. 刺激, 兴奋\n[医] 兴奋, 激动"
exciting,"a. 令人兴奋的, 刺激的\n[电] 激磁"
exclamation,"n. 惊呼, 激烈言词, 惊叹词"
exclude,"vt. 除外, 排除, 排斥\n[医] 除外(诊断)"
excluded,"v. 排除, 不包括在内( exclude的过去式和过去分词 )"
excludes,"v. 排除, 不包括在内( exclude的第三人称单数 )"
excluding,"prep. 把...排除在外, 不包括..., 不计..."
exclusion,"n. 排除, 除外, 逐出\n[医] 排除, 除外, 分离术"
exclusive,"a. 排外的, 独占的, 唯一的\n[计] 独占的"
exclusively,"adv. 排他地, 仅仅, 专门, 只, 仅, 唯一地, 专有地"
excursion,"n. 远足, 游览圆, 短程旅行\n[医] 移动, 离轨, 逸出"
excursions,n. （尤指集体）远足( excursion的复数形式 ); 短途旅行; （短期的）涉足; 离题
excuse,"vt. 原谅, 申辩, 做为...的托辞\nn. 致歉, 理由, 饶恕, 借口"
excused,v. 原谅( excuse的过去式和过去分词 ); 使免除; 准许…离开; 为…辩解
excuses,n. 理由( excuse的名词复数 ); 歉意; 拙劣样品\nv. 原谅( excuse的第三人称单数 ); 使免除; 准许…离开; 为…辩解
exec,"n. 主任参谋, 副舰长\n[计] 执行, 执行程序"
execute,"vt. 执行, 实行, 完成, 处死, 制成\n[计] 执行"
executed,v. 执行（法令）( execute的过去式和过去分词 ); （按计划或设计）作成; 履行; 演（戏）
executing,[计] 执行
execution,"n. 实行, 完成, 执行, 死刑\n[计] 执行"
executioner,"n. 刽子手\n[法] 死刑执行人, 刽子手, 行刑者"
executions,n. 实行( execution的复数形式 ); （尤指遗嘱的）执行; 演奏; 依法处决
executive,"n. 执行部门, 执行委员会, 执行者, 经理主管人员\na. 执行的, 善于执行的, 善于经营的\n[计] 执行程序"
executives,"n. 主管们；高管们；执行管理者, 执行主管（executive的复数）"
exemplary,"a. 可仿效的, 可做模范的, 惩戒性的, 示范的\n[法] 惩罚性的, 警戒性的, 示范的"
exemplified,"v. 是…的典型( exemplify的过去式和过去分词 ); 例示, 举例证明"
exempt,"n. 免税者, 被免除义务者\na. 免除的\nvt. 使免除, 豁免"
exempted,v. 使免除[豁免]( exempt的过去式和过去分词 )
exemption,"n. 解除, 免除, 免税\n[化] 免检"
exemptions,n. （义务等的）免除( exemption的复数形式 ); 免（税）; （收入中的）免税额
exercise,"n. 行使, 执行, 运动, 练习, 作业\nvt. 运用, 练习, 运动\nvi. 练习, 锻炼"
exercised,"v. 锻炼, 训练, 练习( exercise的过去式和过去分词 ); 锻炼（身体某部位）; 使焦虑; 发挥（作用）"
exercises,"n. 练习题, 演习；运动"
exercising,"v. 锻炼, 训练, 练习( exercise的现在分词 ); 锻炼（身体某部位）; 使焦虑; 发挥（作用）"
exert,"vt. 发挥, 运用, 施以影响\n[法] 施加, 产生, 行使"
exerted,a. 外露的
exeter,n. 埃克塞特（英国英格兰西南部城市）
exhale,"v. 呼气, 发出, 散发"
exhaust,"n. 排气, 排气装置, 废气\nvt. 抽完, 用尽, 耗尽, 使精疲力尽\nvi. 排气"
exhausted,a. 耗尽的；疲惫的
exhausting,"a. 使耗尽的, 使人筋疲力尽的\n[计] 经验, 技巧, 穷举, 耗尽, 排气"
exhaustion,"n. 抽空, 耗尽, 疲惫, 筋疲力尽\n[化] 抽空"
exhaustive,"a. 消耗的, 枯竭的, 彻底的, 详尽的"
exhibit,"n. 显示, 显现, 展览品, 陈列品, 展览\nvt. 展现, 陈列, 展览\nvi. 开展览会"
exhibited,a. 展出的
exhibiting,"v. 陈列, 展览( exhibit的现在分词 ); 表现; 显示; [法律]当庭出示（证件、物证等）"
exhibition,"n. 表现, 展览会, 展览品\n[医] 投药, 展览, 展出"
exhibitions,"n. 与展览, 展示会；展示会（exhibition复数）"
exhibits,n. 陈列品；展览（exhibit的复数）
exhilarating,"a. 令人喜欢的, 使人愉快的, 爽快的"
exile,"n. 放逐, 流放, 被放逐者\nvt. 放逐, 流放, 使背井离乡"
exiled,a. 放逐的；流亡的
exiles,"n. 流放, 放逐, 流亡( exile的名词复数 ); 长期离家[出国]; 被流放者, 流亡国外者, 背井离乡者\nv. 流放, 放逐, 使流亡( exile的第三人称单数 )"
exist,"vi. 存在, 生存, 发生"
existed,v. 存在( exist的过去式和过去分词 ); 生存; （尤指在特殊的条件下或在特定的场所）发现; 持续存在
existence,"n. 存在, 生存\n[法] 存在, 存在状态, 实体"
existent,"a. 存在的, 生存的, 现存的\n[医] 生存者"
existential,a. 有关存在的
existing,"a. 存在的, 目前的, 现存的, 现有的\n[计] 现成的, 已有的, 现存的"
exists,n. 存在量词（exist的复数）
exit,"n. 出口, 退场, 离去, 去世\nvi. 退出, 脱离, 去世\n[计] 退出; DOS内部命令:本命令用于退出当前的命令处理器(COMMAND.COM)\n恢复前一个命令处理器"
exited,"v. 离开, 退场( exit的过去式和过去分词 )"
exiting,"v. 离开, 退场( exit的现在分词 )"
exits,"n. 出口( exit的名词复数 ); 通道; 退出; 退场\nv. 离开, 退场( exit的第三人称单数 )"
exodus,"n. 大批的离去\n[法] 退出, 大批离去, 成一外出"
exotic,"a. 异国的, 外来的\nn. 外来人, 外来物, 舶来品"
exp,abbr. 经验值；指数函数
expand,"vt. 使膨胀, 详述, 扩张\nvi. 张开, 发展\nvt. 展开\nvi. 展开\n[计] 展开; DOS外部命令:将原始DOS磁盘上的压缩文件解压缩并拷贝到硬盘上"
expanded,a. 扩充的；展开的
expanding,[机] 扩张工作
expands,v. 使…变大( expand的第三人称单数 ); 扩大; 伸展; 伸开
expanse,"n. 宽阔区域, 宽阔, 天空"
expansion,"n. 扩充, 开展, 膨胀\n[计] 扩展"
expansions,n. 扩大( expansion的复数形式 ); 扩张; 扩张物; 膨胀物
expansive,"a. 扩张性的, 使扩大的, 广阔的\n[化] 膨胀的; 可以膨胀的"
expect,"vt. 预期, 盼望, 期待"
expectancy,"n. 期待, 期望的事物, 嘱望, 希望, 期望, 预期\n[医] 预期"
expectation,"n. 期待, 指望, 展望\n[化] 期望值"
expectations,n. 希望( expectation的复数形式 ); 预料; （被）预期; [常作复数] 期望的事情
expected,a. 预期的；预料的
expecting,a. 怀孕的\nv. 期望( expect的现在分词 ); 预料; 要求; 认为（某事）会发生
expects,v. 期望( expect的第三人称单数 ); 预料; 要求; 认为（某事）会发生
expedition,"n. 远征, 探险队, 迅速"
expeditions,n. 迅速( expedition的复数形式 ); 远征; 远征队; （短途的）旅行
expel,"vt. 驱逐, 逐出, 排出, 开除\n[医] 排除, 迫出"
expelled,v. 驱逐( expel的过去式和过去分词 ); 赶走; 把…除名; 排出
expenditure,"n. 开支, 费用, 用光, 消费额\n[经] 支出, 费用, 消费"
expenditures,n. 花费( expenditure的复数形式 ); 使用; （尤指金钱的）支出额; （精力、时间、材料等的）耗费
expense,"n. 费用, 代价, 开支, 损失\n[经] 费用, 开支, 将支出转为费用"
expenses,"n. 开支, 经费, 费用\n[法] 开支, 支出, 经费"
expensive,"a. 贵的, 奢华的, 费用浩大的, 乱化钱的\n[经] 高价的, 昂贵的, 浪费的"
experience,"n. 经历, 经验, 体验\nvt. 经历, 经验, 体验"
experienced,"a. 富有经验的, 老练的, 熟练的"
experiences,n. 经历( experience的名词复数 ); 经验; 亲身经历; 传统
experiencing,n. 体验
experiment,"n. 实验, 试验, 实验仪器\nvi. 实验, 尝试"
experimental,"a. 实验的, 根据实验的\n[医] 实验的"
experimentation,"n. 实验, 试验, 实验法\n[化] 实验; 实验过程"
experimented,"vi. 做实验, 进行试验（experiment的过去式与过去分词形式）"
experimenting,"vi. 做实验, 进行试验（experiment的现在分词形式）"
experiments,n. 实验( experiment的名词复数 ); 试验; 尝试; 实践
expert,"n. 专家, 行家\na. 老练的, 内行的, 专门的\n[计] 高级"
expertise,"n. 专家意见, 专门技术\n[法] 专门知识, 专家意见"
experts,n. 专家；人才（expert的复数形式）
expiration,"n. 终止, 满期, 呼出, 呼气\n[医] 呼[气], 断气, 死亡"
expire,"vi. 期满, 呼气, 断气\nvt. 呼出"
expired,a. 失效的；过期的
expires,v. 期满( expire的第三人称单数 ); 文件、协议等（因到期而）失效; 断气; 逝世
explain,"v. 解释, 说明"
explained,v. 解释（explain的过去式及过去分词）
explaining,"v. 讲解, 解释( explain的现在分词 ); 说明…的原因, 辩解; 说明, 解释, 辩解"
explains,v. 解释；说明（explain的三单形式）
explanation,"n. 解释, 说明, 辩解, 表明\n[经] 解释, 注释, 说明"
explanations,"n. 解释, 说明( explanation的复数形式 ); 能说明某事缘由的言语、事实、情况等"
explanatory,"a. 说明的, 解释的, 辩明的\n[法] 解释的, 说明的"
explicit,"a. 详述的, 清楚的, 直言的"
explicitly,adv. 明确地；明白地
explode,"vi. 爆炸, 爆发, 激增\nvt. 使爆炸"
exploded,"a. 爆炸了的, 分解的, 被破除的, 被戳穿的"
explodes,"v. （使）爆炸( explode的第三人称单数 ); 突然（发出巨响, 活跃起来, 迸发感情）; 推翻; 驳倒"
exploding,"v. （使）爆炸( explode的现在分词 ); 突然（发出巨响, 活跃起来, 迸发感情）; 推翻; 驳倒"
exploit,"n. 功绩, 勋绩\nvt. 开发, 利用, 开拓, 剥削"
exploitation,"n. 开发, 开采, 剥削\n[经] 开发, 剥削, 宜传"
exploited,v. 开采( exploit的过去式和过去分词 ); 利用（…为自己谋利）; 运用; 剥削
exploiting,n. 利用；开拓
exploits,v. 开采( exploit的第三人称单数 ); 利用（…为自己谋利）; 运用; 剥削
exploration,"n. 探险, 踏勘, 探测\n[医] 探察"
explorations,n. 探险旅行( exploration的复数形式 ); 搜寻; 考察; 勘探
exploratory,"a. 探究, 探查, 探察(伤处), 探险, 探测, 勘探, 考察, 钻研, 探索\n[医] 探察的"
explore,"v. 探险, 探测, 探究"
explored,v. 开发；冒险；探寻（explore的过去分词）
explorer,"n. 探险家, 探测者, 勘探器\n[医] 探察器"
explorers,"n. 探索者, 探测者；探险家；集合对象（explorer的复数形式）"
explores,"n. 勘查, 探测, 勘探( explore的名词复数 ); 探索, 探究, 仔细查看\nv. 勘查, 探测, 勘探( explore的第三人称单数 ); 探索, 探究, 仔细查看"
exploring,"a. 探索的, 探测的；扫描"
explosion,"n. 爆发, 激增, 爆炸(声)\n[化] 爆炸"
explosions,"n. 爆炸( explosion的复数形式 ); 爆发; 激增; （感情, 尤指愤怒的）突然爆发"
explosive,"n. 炸药, 爆破音\na. 易爆发的, 爆炸的, 暴躁的"
explosives,"n. 爆炸物, 炸药；爆炸品（explosive的复数）"
expo,"[经] 展览会, 市集, 义卖"
exponential,a. 指数的\nn. 指数\n[计] 指数
exponentially,adv. 以指数方式
export,"n. 输出品, 输出\nvt. 输出, 出口\nvi. 输出物资\n[计] 导出"
exported,v. 出口；输出（export的过去分词）
exporter,"n. 出口商, 输出者, 出口公司\n[经] 出口商, 输出者"
exporters,"n. 出口商, 输出国( exporter的复数形式 )"
exporting,a. 输出的；出口的
exports,n. 出口商品；输出额
expose,"vt. 使暴露, 使曝光, 揭穿, 陈列\n[医] 暴露, 露置"
exposed,"a. 暴露的, 无掩蔽的, 易受攻击的"
exposes,v. 曝光( expose的第三人称单数 ); 暴露; 显露; 揭露
exposing,"[法] 陈列, 遗弃, 露体"
exposition,"n. 阐述, 讲解, 说明, 博览会, 展览会\n[经] 展览会, 集市, 义卖市场"
exposure,"n. 暴露, 揭发, 揭露\n[化] 曝光量; 照射; 照射量"
exposures,n. 暴露( exposure的复数形式 ); 揭发; 公开; （商品等的）展出
express,"n. 快车, 快递, 专使\na. 明确的, 丝毫不差的, 专门的, 快的\nvt. 表达, 表示, 表露"
expressed,v. 表达( express的过去式和过去分词 ); （用符号等）表示; 榨; [express oneself]（如在说话、写作或绘画中）表达（自己）的意见
expresses,n. 快车( express的名词复数 ); <英>快运; [E-]快报; 快件服务
expressing,v. 表达( express的现在分词 ); （用符号等）表示; 榨; [express oneself]（如在说话、写作或绘画中）表达（自己）的意见
expression,"n. 表达, 表现, 词语, 措辞\n[计] 表达式"
expressions,n. 表情；公式；表达式；表示式（expression是复数形式）
expressive,"a. 表达的, 富于表情的"
expressly,"adv. 明白地, 清楚地, 特意地"
expressway,n. 高速公路
expulsion,"n. 逐出, 开除, 驱逐, 排气\n[医] 逼出"
exquisite,"a. 精致的, 细腻的, 敏锐的"
ext,abbr. 扩展（extension）；外部（exterior）；额外的（extra）；提取（extract）
extant,"a. 现存的, 未毁的"
extend,"v. 扩充, 延伸, 伸展, 扩大\n[计] 扩展"
extended,"a. 延续的, 伸出的, 竭尽全力的, 广大的, 扩大范围的\n[法] 展期的, 延期的, 延长的"
extending,n. 扩展；伸长
extends,v. 延伸；扩充；继承（extend的第三人称单数形式）
extension,"n. 延长, 扩充, 范围, 扩展名\na. 伸缩的\n[计] 扩展名, 扩充名"
extensions,"n. 扩展, 扩张；延长（extension的复数）"
extensive,"a. 广的, 广泛的, 多方面的\n[经] 广大的, 扩大的"
extensively,"adv. 广大, 广延, 外延, 大面积(耕种), 粗放, 广博, 广泛, 广阔"
extent,"n. 范围, 程度, 区域\n[计] 范围"
exterior,"n. 外部, 表面, 外貌\na. 外部的, 外在的, 表面的"
extermination,"n. 消灭, 根绝"
external,"n. 外部, 外面\na. 外部的, 客观的, 表面的"
externally,"adv. 在外部, 外表上, 从外面, 在外面, 从外部"
extinct,"a. 熄灭的, 灭绝的, 耗尽的\n[法] 消灭了的, 过时的, 无效的"
extinction,"n. 消失, 消灭, 废止\n[化] 消光; 熄灭"
extinguished,"v. 使熄灭, 扑灭( extinguish的过去式和过去分词 ); 使…不复存在"
extortion,"n. 勒索, 敲诈, 强取\n[经] 勒索, 强夺"
extra,"n. 额外的事物, 另外的收费\na. 额外的, 特别的\nadv. 额外地, 特别地, 非常地"
extract,"n. 榨出物, 精汁, 摘录, 选段\nvt. (费力地)取出, 采掘, 榨取, 摘录, 吸取\n[计] 提取"
extracted,a. 引出的；萃取的
extracting,n. 提取；萃取；撷取
extraction,"n. 抽出, 取出, 拔出术, 抽出物\n[化] 萃取; 提取"
extracts,n. 摘录( extract的名词复数 ); 引用; 提炼物; 浓缩物\nv. 提取( extract的第三人称单数 ); （费力地）拔出; 选取; 获得
extradition,"n. 引渡逃犯, 亡命者送还本国\n[法] 引渡"
extraordinarily,"adv. 非凡, 破例, 特别, 非常, 离奇, 使人惊奇, 惊人, 特命, 特派"
extraordinary,"a. 非常的, 特别的, 非凡的\n[经] 非常的, 特别的, 临时的"
extras,"[计] 附加设备, 额外设备"
extraterrestrial,"a. 地球外的, 地球大气圈外的"
extravagant,"a. 奢侈的, 挥霍无度的, 浪费的"
extreme,"n. 极端, 末端\na. 极端的, 尽头的, 极度的, 偏激的"
extremely,"adv. 极端地, 非常地"
extremes,"n. 狂热分子, 极端条件"
extremism,"n. 极端倾向, 极端论, 过激主义"
extremist,[经] 偏激份子
extremists,"n. 极端主义者, 偏激的人( extremist的复数形式 )"
exxon,n. 艾克森石油公司
ey,abbr. 医院；阿联酋阿提哈德航空公司
eye,"n. 眼睛, 视力, 看\nvt. 看, 注视"
eyeball,n. 眼球\n[医] 眼球
eyeballs,n. 眼球( eyeball的名词复数 ); 眼珠子; （与某人）面对面; 对峙\nv. 眼球( eyeball的第三人称单数 ); 眼珠子; （与某人）面对面; 对峙
eyebrow,n. 眉毛\n[医] 眉
eyebrows,n. 眉毛（eyebrow的复数）
eyed,a. 有眼的
eyeing,vbl. 注视
eyelashes,n. 睫毛; 睫毛( eyelash的复数形式 )
eyelids,n. 眼睑；眼皮（eyelid的复数）
eyeliner,n. 眼线膏
eyes,n. 眼睛（eye的复数）
eyeshadow, 眼影
eyesight,"n. 视力, 目力"
eyewitness,"n. 目击者, 见证人"
eyre,"n. 巡回, 巡回法院\n[法] 巡回, 巡回法庭"
ez,abbr. 电零点（electrical zero）；东区（eastern zone）
ezekiel,"n. [宗]以西结（希伯来先知, 旧约圣经以西结书之作者）；伊齐基尔（姓氏）"
ezra,n. 以斯拉（男子名）；以斯拉记
fa,"(英国)足球协会, 战地救护车, 野战救护队, 野战炮, 野战炮兵, 美术, 急救\n[医] 脂肪酸"
faa,一切海损均不赔偿
fab,"a. 绝好的, 极妙的\n[化] 快速原子轰击离子源"
faber,n. 法伯尔
fabian,"a. 费边式的, 拖延时间的\nn. 费边社社员, 费边社支持者"
fabio,n. 法比奥（意大利常用名）
fable,"n. 寓言, 神话, 谎言\nvi. 虚构, 作寓言"
fabric,"n. 织物, 布, 结构, 构造, 建筑物\n[经] 组织, 建筑物, 工厂"
fabricated,"a. 焊接的；组合的, 装配式的"
fabrication,"n. 制造, 建造, 虚构的谎言\n[医] 虚谈症"
fabrics,n. 纤维织物（fabric的复数）
fabulous,"a. 传说的, 寓言般的, 难以置信的"
facade,"n. 建筑物的正面, 外观, 表面"
face,"n. 脸, 面容, 正面, 外观\nvt. 面对, 朝, 正视, 面临\nvi. 朝, 向\n[计] 现场可改变的控制元件"
facebook,n. 脸谱网
faced,a. 有某种面孔或表情的
faces,n. 脸面；脸色；表面（face的复数）
facet,"n. (多面体的)面, 方面, 琢面\n[医] 小平面, 小面"
facets,n. （宝石或首饰的）小平面( facet的复数形式 ); （事物的）面; 方面
facial,"n. 美颜, 脸部按摩\na. 脸的, 表面的, 脸部用的"
facilitate,"vt. 使容易, 促进, 帮助\n[法] 使容易, 使便利, 推进"
facilitated,v. 促进( facilitate的过去式和过去分词 ); 使便利; 推进; 帮助（某人）进步
facilitates,v. 促进( facilitate的第三人称单数 ); 使便利; 推进; 帮助（某人）进步
facilitating,v. 促进( facilitate的现在分词 ); 使便利; 推进; 帮助（某人）进步
facilities,"n. 工具, 设施, 设备"
facility,"n. 容易, 灵巧, 设备\n[计] 设施; 设备; 装备"
facing,"n. 贴边, 饰面\n[化] 衬片; 盖面; 铺面; 饰面; 贴面; 密封面"
fact,"n. 事实, 真实性, 真相, 细节, 论据"
faction,"n. 小派系, 内讧\n[法] 宗派, 派别, 小集团"
factions,"n. 组织中的小派别, 派系( faction的复数形式 )"
facto,"[法] 实际上, 事实上"
factor,"n. 因素, 因数, 系数, 基因, 代理人\n[计] 因式"
factories,"n. 工厂, 车厂（factory复数形式）"
factors,n. 因素（factor的复数）
factory,"n. 工厂, 产生地, 代理店\n[经] 工厂, 代理店, 商行在国外的代理处"
facts,abbr. 设备管理控制与时间调度程序；Facilities Administration Control and Time Schedule
factual,"a. 事实的, 实际的\n[法] 事实的, 与事实有关的, 实际的"
faculties,n. 能力( faculty的名词复数 ); 全体教职员; 技巧; 院
faculty,"n. 才能, 能力, 全体教员, (大学的)系\n[医] 能力, [大学]院系"
fad,n. 时尚\n[化] 黄素腺嘌呤二核苷酸
fade,"vi. 褪色, 消失, 凋谢\nvt. 使褪色\nn. 淡入, 淡出\na. 平淡的"
faded,"a. 已褪色的, 已凋谢的"
fades,v. （使）褪去( fade的第三人称单数 ); 逐渐消逝; 逐渐消失; （运动员、运动队、演员等）走下坡路
fading,[计] 衰落\n[化] 褪色
fag,"n. 吃力的工作, 苦工\nvi. 努力地工作\nvt. 使劳累"
faggot,"n. 柴把, 束薪\nvt. 捆, 束"
fahrenheit,a. 华氏温度计的\nn. 华氏温度计
fail,"vi. 失败, 缺乏, 中断, 衰退, 失灵\nvt. 忘记, 使...失望, 缺乏, 不及格\nn. 不及格"
failed,a. 已失败的\n[计] 失败的
failing,"n. 失败, 缺点\nprep. 如果没有...\na. 失败的"
fails,v. 在…中失败( fail的第三人称单数 ); 衰退; 衰弱; 破产
failure,"n. 失败, 失败者, 不足, 缺乏, 破产\n[计] 故障; 失效"
failures,n. 失败（failure的复数）
faint,"n. 昏厥, 昏倒\na. 模糊的, 微弱的, 无力的\nvi. 昏倒, 变得微弱"
fainted,"a. ??人事的, 昏厥的"
fair,"n. 展览会, 市集, 美好的事物\na. 公平的, 按规则进行的, 不好不坏的, 晴朗的, 美丽的\nadv. 公平地, 正面地, 有教养地, 清楚地\nvi. 转晴"
faire,vt. （法语）做；（法语）从事
fairer,a. 更公平（fair的比较级）
fairest,a. 最美的（fair最高级）
fairfax,n. 费尔法克斯郡（位于弗吉尼亚州的东北部）；费尔法克斯（男子名、姓氏）；费尔法克斯（澳大利亚报纸名）
fairfield,n. 费尔菲尔德（美国地名）
fairies,n. 仙人( fairy的名词复数 ); 小仙子; 小精灵; 兔子（男同性恋者）
fairly,"adv. 美观地, 公平地, 相当地, 清楚地"
fairness,"n. 晴朗, 光明正大, 美丽\n[经] 公正, 适当"
fairs,n. 定期集市；低级烟；赛会（fair的复数形式）
fairy,"n. 仙女, 精灵\na. 仙女的"
fairytale,"n. 童话故事, 虚传"
faith,"n. 信心, 信任, 忠实, 保证\n[法] 信任, 信仰, 信念"
faithful,"a. 忠实的, 详确的, 可靠的\nn. 信徒"
faithfully,"adv. 忠实地, 诚心诚意地, 深信着地"
faiths,n. 信任( faith的复数形式 ); 宗教信仰; 信赖的事情; 忠诚
fake,"n. 假货, 欺骗, 诡计\na. 假的\nvt. 假造, 仿造\nvi. 伪装"
faked,捏造\n假装…的样子（fake的过去式、过去分词）
fakes,n. 云母板状岩；赝品；假冒商品（fake的复数）
faking,n. 作伪；诈骗
falcon,"n. 隼, 猎鹰"
falcons,n. 猎鹰；隼鹰队；猎鹰导弹（falcon的复数形式）
fall,"n. 落下, 瀑布, 采伐量, 下降, 落差, 降低, 堕落, 秋天\nvi. 倒下, 落下, 来临, 失守, 阵亡, 下跌, 减弱, 倾斜, 垮台, 轮到, 变成, 降低\na. 秋天的"
fallacy,"n. 错误的观念(或信念), 谬见, 谬论\n[医] 错觉, 幻觉, 虚妄"
fallen,"a. 堕落的, 落下来的, 陷落的\nfall的过去分词"
falling,"a. 落下的, 坠落的, 下降的\n[化] 消胀"
fallon,n. 法隆（美国地名）
fallout,"n. 原子尘的降下, 辐射性微尘, 原子尘, 附带结果\n[医] [放射尘]回降"
falls,n. 瀑布；陨石
false,"a. 错误的, 虚伪的, 假的, 不老实的\nadv. 不准确地, 欺诈地"
falsely,"adv. 虚伪地, 错误地, 不实地"
fam,abbr. 快速辅助存贮器（Fast Auxiliary Memory）；共济会（Free and Accepted Masons）
fame,"n. 名望, 名声, 传说"
famed,"a. 著名的, 闻名的"
familial,"a. 家族的, 家庭的\n[医] 家族的, 全家的"
familiar,"a. 熟悉的, 常见的, 亲密的\nn. 熟友, 常客"
familiarity,"n. 熟悉, 精通, 亲密"
families,n. 家族；家庭（family的复数）
family,"n. 家庭, 家人, 族\na. 家庭的"
famine,"n. 饥荒, 缺乏, 饥饿"
famous,"a. 出名的, 极好的"
famously,"adv. 极好地, 非常令人满意地"
fan,"n. 风扇, 迷, 狂热者, 爱好者\nvt. 煽动, 刺激, 吹拂\nvi. 飘动, 成扇形散开"
fanatic,"n. 狂热者, 盲信\na. 狂热的, 盲信的"
fanatics,"n. 狂热者, 入迷者( fanatic的复数形式 )"
fancied,"a. 空想的, 虚构的, 受喜爱的"
fancy,"n. 想象力, 幻想, 喜好\na. 想象的, 精美的, 新奇的, 奇特的, 高价的, 特级的\nvt. 想象, 设想, 相信, 喜爱\nvi. 想象, 幻想"
fandom,"n. 运动迷, 影迷"
fanfare,"n. 喇叭边(或号角)嘹亮吹奏声, 吹牛"
fang,"n. 尖牙, 犬牙\n[医] 牙根, 尖牙, 蛇类毒牙"
fanning,"n. 铺开, 展开；形成气流"
fanny,n. Frances 的爱称；[口]屁股；女子救护队队员
fans,"n. 风扇；狂热者, 粉丝（fan的复数形式）"
fantasies,n. 想像( fantasy的名词复数 ); 空想的产物; 想像产物; 幻想作品
fantastic,"a. 奇妙的, 稀奇的, 空想的"
fantasy,"n. 幻想, 想象的产物\n[医] 幻想"
faq,"中等品, 码头交货(价格)\n[计] 常见问题文本"
far,"a. 远的, 久远的, 遥远的\nadv. 甚远地, 很, 到很深的程度, 到很远的距离"
farah,"n. 法拉赫, 阿富汗西部河流\npers. 法拉, 法拉赫"
farce,"n. 闹剧, 滑稽剧, 胡闹"
fare,"n. 费用, 旅客, 食物\nvi. 进展, 进步, 经营, 过活"
fares,n. 照明弹；票价；车费（fare的复数）
farewell,"n. 辞别, 再见, 再会\ninterj. 再会"
fargo,n. 法戈（美国北达科他州东南部城市）
farley,n. 法利（姓氏）
farm,"n. 农场, 农田\nvt. 耕种\nvi. 种田"
farmed,vt. 耕种（farm的过去式与过去分词形式）
farmer,"n. 农夫, 农场主\n[法] 农民, 农场主, 承包者"
farmers,n. 农民（farmer的复数）
farmhouse,n. 农舍
farming,"n. 农业, 耕作"
farmland,n. 农田
farms,n. 农场；庄园（farm的复数形式）
farrell,n. 法雷尔（姓氏）
fart,n. 屁\nvi. 放屁
farther,"a. 更远的, 进一步的\nadv. 更远的, 此外, far的比较级"
farts,n. 讨厌的人( fart的名词复数 ); 令人厌烦的人; 蠢人\nv. <讳>放屁( fart的第三人称单数 )
fascinated,a. 着迷的；被深深吸引的
fascinating,"a. 迷人的, 吸引人的, 使人神魂颠倒的"
fascination,"n. 令人着迷的事物, 入迷, 魅力"
fascism,"n. 法西斯主义, 极端国家主义"
fascist,"n. 法西斯主义者, 法西斯党员"
fascists,n. 法西斯主义的支持者( fascist的复数形式 )
fashion,"n. 流行, 风尚, 时样\nvt. 形成, 造, 作"
fashionable,"a. 时髦的, 上流社会的, 流行的"
fashioned,a. …式的
fashions,n. 流行；时尚；风行一时的事物（fashion的复数形式）
faso,n. (Faso)人名；(意)法索
fast,"a. 快速的, 紧的\nadv. 很快地, 紧紧地, 彻底地\nn. 绝食, 斋戒\nvi. 绝食, 斋戒"
faster,[计] 加快
fastest,a. 最快速的（far 的最高级）
fasting,a. 禁食的\nn. 禁食
fat,"n. 脂肪, 脂油, 肥肉\na. 肥的, 胖的, 油腻的\nn. 文件分配表\n[计] 文件分配表"
fatal,"a. 致命的, 重大的, 命运注定的, 粗心的, 不幸的\n[医] 致命的, 致死的"
fatalities,n. 恶性事故( fatality的名词复数 ); 死亡; 致命性; 命运
fatality,"n. 不幸, 厄运, 致命性, 死亡者, 厄运, 天命"
fatally,"adv. 致命地, 不幸地, 宿命地"
fate,"n. 命运, 运气\nvt. 注定"
fated,"a. 宿命的, 命中注定的, 受命运支配的"
fates,n. [希神]命运三女神
father,"n. 父亲, 祖先, 长辈, 神父, 创始者\nvt. 当...的父亲, 保护, 创作, 发明, 培养"
fathers,n. 父亲( father的名词复数 ); 祖先; （尤指天主教和东正教的）神父; 天父
fathom,"n. 英寻(长度单位,合6英尺)\nvt. 测量深度, 看穿, 彻底了解\nvi. 测深"
fatigue,"n. 疲乏, 疲劳\nvt. 使疲劳, 使心智衰弱\nvi. 疲劳\na. 疲劳的"
fatima,n. 法蒂玛（穆罕默德的女儿）
fats,n. 育肥待上市的家畜；（食用的）动植物油（fat的复数）
fatty,"a. 肥胖的, 脂肪的, 含脂肪的\n[医] 脂肪的"
faulkner,"n. 福克纳（美国小说家, 曾获1949年诺贝尔文学奖）"
fault,"n. 过错, 故障, 毛病\nvt. 挑剔\nvi. 产生断层, 弄错\n[计] 故障"
faults,n. 缺点( fault的名词复数 ); 毛病; 失误; 过失
faulty,"a. 有过失的, 有缺点的, 不完美的, 应受责备的\n[经] 缺点多的"
fauna,n. 动物群\n[医] 动物区系
faux,a. （法）假的；人造的
fav,abbr. 快速突击车；富达国际（公司名）
fave,n. 特别喜爱的人
favor,"n. 好意, 喜爱\nvt. 赐予, 支持, 喜欢, 证实"
favorable,"a. 有利的, 赞许的, 良好的"
favorably,"adv. 顺利地, 亲切地, 好意地"
favored,"a. 有利的, 受惠的, 幸运的"
favoring,"a. 顺利的, 有利的"
favorite,"n. 喜欢的事物, 幸运儿\na. 特别受喜爱的, 喜爱的, 宠爱的, 中意的"
favorites,n. 收藏夹；偏爱（favorite的复数）
favors,n. 好意；支持；帮忙（favor的复数）
favour,"n. 好感, 偏爱, 喜爱, 相信, 庇护, 赞同, 支持, 信赖, 善行, 恩惠, 徽章, 礼物\nvt. 赞成, 帮助, 支持, 喜爱, 偏袒, 关切, 赐与, 给与, 有利于, 有助于, 像, 体恤"
favourable,"a. 有用的, 良好的, 赞成的, 顺利的\n[医] 良好的, 顺利的"
favoured,"a. 受到优待的, 优惠的, 受优惠的, 有天赋的"
favourite,"n. 喜欢的事物\na. 喜爱的, 宠爱的"
favourites,n. 特别喜爱的人（或物）( favourite的复数形式 ); 竞赛中被认为会获胜的马、竞争者等
favours,n. 偏袒( favour的名词复数 ); 帮助; 魅力; 善行
fax,n. 传真\nvt. 发传真\n[计] 传真系统; 传真
fay,n. 小仙子\nv. 接合
faye,n. 法耶（女子名、姓氏）
fb,"消防队, 水上飞机, 飞船, 运货单, 后卫\n[计] 文件块, 固定块"
fbi,美国联邦调查局\n[经] 美国联邦调查局
fc,"消防, 火力控制, 足球俱乐部\n[计] 信息流控制, 字形改变, 操作码, 功能码\nDOS外部命令:比较两个文件的内容"
fcc,[计] 联邦通信委员会\n[化] 流化床催化裂化
fd,"[计] 文件定义, 文件描述, 软磁盘, 功能相关性\n[化] 场解吸"
fda,abbr. （美）食品及药物管理局（Food and Drug Administration）
fe,[计] 现场工程师\n[医] 铁(26号元素)
fear,"n. 恐怖, 害怕, 担心\nv. 害怕, 恐惧, 为...担心, 敬畏"
feared,v. 畏惧( fear的过去式和过去分词 ); 为…忧虑（或担心、焦虑）; 敬畏（神等）; 感到害怕
fearful,"a. 可怕的, 恐怕的, 担心的"
fearing,v. 畏惧( fear的现在分词 ); 为…忧虑（或担心、焦虑）; 敬畏（神等）; 感到害怕
fearless,"a. 大胆的, 勇敢的, 无畏的"
fears,n. 恐惧；担心
feasibility,"n. 可行性, 可能性\n[化] 可行性"
feasible,"a. 能实行的, 可行的, 适宜的\n[法] 可行的, 可执行的, 可完成的"
feast,"n. 宴会, 酒席, 享受, 节日\nvt. 款待, 享乐, 请客\nvi. 参加宴会, 尽情地吃, 享受"
feat,"n. 壮举, 功绩, 技艺表演\na. 灵巧的, 合适的, 整洁的"
feather,n. 羽毛\nvi. 长羽毛\nvt. 用羽毛装饰
feathers,n. 羽状裂缝；翅膀；羽毛（feather的复数）
feats,"n. 功绩, 伟业, 技艺( feat的复数形式 )"
feature,"n. 面孔的一部分(如眼、口等), 特征, 容貌, 特色, 特写\nvt. 是...的特色, 特写, 放映\nvi. 起重要作用\n[计] 特性"
featured,"a. 面貌秀丽的, 被作为特色的"
features,"n. 容貌；产品特点, 特征；嘴脸（feature的复数）"
featuring, feature的现在分词形式
feb,abbr. 二月（February）
february,n. 二月
feces,"pl. 粪, 屎\n[医] 粪便"
fed,feed的过去式和过去分词\n[经] 联邦储备局
federal,"a. 联邦的, 联合的, 同盟的\n[法] 联邦的, 联邦制的, 联盟的"
federally,"adv. 同盟地, 联邦地, 联邦政府地"
federation,"n. 联邦, 联合, 联盟\n[法] 联邦, 联盟, 联邦政府"
federer,n. 费德勒全名：Roger Federer 瑞士网球名将，现世界排名第一，十五个大满贯得主
fedex,n. 联邦快递（等于the Federal Express）
feds,"n. (F-)<美, 非正>（美国）联邦政府执法官员, （尤指）联邦调查局调查员( fed的复数形式 ); feed的过去式和过去分词"
fee,"n. 费用, 小费, 封地, 所有权\nvt. 付费给"
feeble,"a. 微弱的, 衰弱的, 无效的\n[医] 无力的, 衰弱的"
feed,"n. 饲料, 一餐, 饲养\nvt. 喂, 饲养, 放牧, 靠...为生\nvi. 吃东西, 用餐, 流入\n[计] 送纸"
feedback,"n. 反馈, 反应\n[计] 反馈"
feeder,"n. 饲养者, 供给者, 奶瓶\n[化] 给料器"
feeding,"n. 饲养, 进料, 加料\na. 供给饲料的, 摄取食物的"
feeds,n. 饲料；一餐（feed的复数）
feel,"vt. 感觉, 觉得, 触摸, 以为\nvi. 有知觉, 摸索, 同情\nn. 感觉, 觉得, 触摸"
feeling,"n. 摸, 触觉, 知觉, 感觉, 情绪, 同情\na. 有同情心的, 有感觉的, 仁慈的, 动人的"
feelings,"n. 感情, 情绪, 心情, 情感"
feels,v. 觉得；体会；触摸（feel的第三人称单数）
fees,n. 规费；费用（fee的复数）
feet,pl. 脚\nn. 尺
fei,abbr. 发射误差指示器（Firing Error Indicator）
feldman,n. (Feldman)人名；(英、法、芬、俄、匈、罗、瑞典)费尔德曼\n费尔德曼
felicity,"n. 快乐, 幸福, 幸运"
feline,"a. 猫的, 猫科的, 猫一样的\nn. 猫, 猫科动物"
felipe,"n. (Felipe)人名；(西、葡、罗)费莉佩(女名), 费利佩"
felix,n. 菲力克斯（男子名）；费力克斯制导炸弹
fell,"vt. 击倒\nn. 一季所伐的木材, 折缝\na. 凶猛的, 可怕的\nfall的过去式"
fella,"n. 小伙子；[俚]伙伴, 伙计"
fellas,"n. 伙计们, 小伙子们; <俚>伙伴, 伙计, 小伙子( fella的复数形式 )"
fellow,"n. 男人, 朋友, 同事\na. 同伴的, 同事的, 同道的"
fellows,n. 研究员；伙伴们（fellow的复数形式）
fellowship,"n. 伙伴关系, 共同参与, 团体, 奖学金, 友谊\n[经] 合伙关系, 研究员薪金, 研究员基金"
fellowships,n. 团体( fellowship的复数形式 ); 研究员职位; 伙伴关系; 学术奖金
felon,"n. 重罪犯, 恶棍, 瘭疽\n[医] 瘭疽, 指头脓炎"
felony,"n. 重罪\n[法] 重罪, 重刑罪"
felt,"n. 毛毯, 毡\nvt. 制毡, 使粘结\nvi. 粘结\nfeel的过去式和过去分词"
female,"n. 女性, 女人, 雌性动物\na. 女性的, 女子的"
females,n. 雌性动物( female的复数形式 ); 女人
feminine,"a. 女性的, 阴性的, 柔弱的\n[医] 女性的, 雌性的"
femininity,"n. 妇女特质, 温柔, 柔弱性\n[医] 女子本性, 女性, 女子气"
feminism,"n. 女权主义, 男女平等主义\n[医] 男子女性"
feminist,n. 男女平等主义者
feminists,"n. 男女平等主义者, 女权扩张论者( feminist的复数形式 )"
femme,"n. 妻子, (美)(非正式)女子\n[法] 妻子, 妇女"
fence,"n. 围墙, 栅栏, 买卖赃物的人, 剑术\nvt. 用篱笆围住, 练习剑术, 防护\nvi. 击剑, 搪塞"
fenced,v. 围以栅栏( fence的过去式和过去分词 ); 搪塞; 支吾; 回避
fences,n. 栅栏( fence的名词复数 ); （障碍赛马中的）障碍物; 买卖赃物者; 击剑（术）\nv. 围以栅栏( fence的第三人称单数 ); 搪塞; 支吾; 回避
fencing,"n. 围墙, 剑术\n[法] 围栏, 买卖赃物, 辩论"
fend,"vt. 击退, 保护, 供养"
fender,"n. 防卫物, 挡泥板"
feng,n. 冯（中文姓氏）
fenton,n. 芬东（人名）
feral,"a. 野生的, 凶猛的, 野兽的\n[医] 凶猛的, 野生的"
ferdinand,n. 男子名
fergus,"费格斯(姓氏, 男子名)"
ferguson,n. 弗格森（美国密苏里州的一个城市名）；弗格森（姓氏）
fermentation,n. 发酵\n[化] 发酵
fermented,v. （使）发酵( ferment的过去式和过去分词 ); （使）激动; 骚动; 骚扰
fern,n. 蕨类植物\n[医] 蕨类植物
fernandez,n. (Fernandez)人名；(英、法、德、意、葡)费尔南德斯\n费尔南德斯
fernando,n. 费尔南多（男子名）
ferns,n. 蕨类；蕨类植物（fern的复数形式）
ferocious,"a. 残忍的, 凶猛的, 可怕的"
ferrari,[计] 费拉里
ferries,"n. 渡船( ferry的名词复数 ); 渡口; 摆渡; 飞机渡运\nv. 运送( ferry的第三人称单数 ); （乘渡船）渡过（河等）; 渡运飞机; 摆渡, 用（渡）船渡, （船）来往行驶"
ferris,n. 费理斯（男子名）
ferry,"n. 渡船, 渡口\n[法] 摆渡营业权, 轮渡"
fertile,"a. 可繁殖的, 肥沃的, 生产多的\n[医] 能生育的"
fertility,"n. 肥沃, 丰饶, 生产力\n[医] 生育力"
fertilizer,"n. 肥料, 促进发展者, 受精媒介物\n[化] 肥料"
fest,n. 集会；节日
festival,"a. 节日的, 喜庆的, 快乐的\nn. 节日, 庆祝, 欢宴"
festivals,n. 节日( festival的复数形式 ); 节期; （音乐、戏剧、电影等的）会演
festive,"a. 庆祝的, 喜庆的, 欢乐的"
festivities,"n. 欢庆, 庆祝活动, 庆典( festivity的名词复数 ); 过节"
fetal,"a. 胎儿的, 胎的\n[医] 胎的, 胎儿的"
fetch,"n. 取得, 拿, 诡计, 魂\nvt. 接来, 取来, 售得, 带来, 推出, 引出, 杀死, 吸引, 到达\nvi. 取物, 前进\n[计] 取"
fetched,v. 接来（某人）( fetch的过去式和过去分词 ); 使发出; 吸引; 售得（若干价钱）
fetish,"n. 物神, 偶像, 迷信\n[医] 恋物对象"
fetus,"n. 胎儿\n[医] 胎, 胎儿"
feud,"n. 不和, 封地, 争执\nvi. 长期不和, 擦亮"
feudal,"a. 封建制度的, 封地的, 领地的"
fever,"n. 发烧, 发热, 热病\n[医] 发热, 热"
few,"a. 很少的, 不多的, 少数的\nn. 少数"
fewer,a. 较少的
ff,"[计] 快进, 触发器, 换页"
ffa,"国外货运代理人, 船边交货(价格)"
ffs,"(FF 的复数) [计] 快进, 触发器, 换页"
fg,abbr. 悬浮式陀螺（Floated Gyro）；细粒（Fine-Grain）
fi,"[计] 格式标识码, 前端处理器接口\n[化] 场电离"
fiance,n. 未婚夫
fiancee,n. 未婚妻
fiasco,"n. 惨败, 大失败"
fiat,"n. 命令, 严命, 许可\n[医] 制成, 作成"
fiber,"n. 纤维, 构造, 纤维制品\n[化] 纤维"
fibers,n. 纤维（fiber的复数）
fibre,"n. 纤维, 构造, 纤维制品\n[化] 纤维"
fibres,n. （动植物的）纤维( fibre的复数形式 ); 纤维质
fibrosis,"n. 纤维变性, 纤维化\n[医] 纤维变性, 纤维化"
fickle,"a. 变幻无常的, 浮燥的, 薄情的"
fiction,"n. 小说, 虚构故事\n[法] 虚构的事实, 捏造, 拟制"
fictional,"a. 虚构的, 编造的, 小说式的\n[法] 拟制的, 假定的, 虚构的"
fictitious,"a. 假想的, 编造的, 虚伪的\n[法] 假定的, 假设的, 虚构的"
fiddle,"n. 小提琴, 提琴类乐器\nvt. 虚度时光, 拉小提琴\nvi. 拉小提琴, (无目的地)拨弄, 瞎搞"
fide, [体]国际棋联
fidel,n. 卡斯特罗（男子名）
fidelity,"n. 忠实, 诚实, 忠诚, 保真度\n[电] 逼真度"
field,"n. 领域, 田地, 场地, 战场, 场, 域\nvt. 使...晒在场上, 使上场\na. 田间的, 野生的, 野外的, 田赛的\n[计] 域, 字段"
fielder,"n. 外场员, 守队队员"
fielding,n. 守备
fields,"n. 域, 字段；场设置（field复数形式）"
fiend,"n. 魔鬼, 邪神, 能手, 成癖者"
fierce,"a. 凶猛的, 猛烈的, 热烈的, 暴躁的"
fiercely,"adv. 猛烈地, 厉害地"
fiery,"a. 炽热的, 热烈的, 暴躁的"
fiesta,"n. 祭典日, 喜庆日, 假日"
fifa,abbr. 国际足球联盟（Federation Internationale de Football Association）
fife,"n. 横笛, 吹横笛\nv. 吹横笛"
fifteen,"num. 十五, 十五个"
fifteenth,"num. 第十五, 十五分之一"
fifth,"num. 第五, 五分之一"
fifties,"n. 五十几, 五十年代( fifty的名词复数 )"
fifty,"num. 五十, 五十个"
fig,"n. 无花果, 无价值的东西, 少许, 服装\nvt. 打扮, 使马跑快"
fight,"n. 打架, 争吵, 斗志\nv. 对抗, 打架"
fighter,"n. 斗士, 战士, 好战者, 战斗机"
fighters,n. 战士（ fighter的复数形式 ）; 战斗机; 打斗者; 奋斗者
fighting,"a. 战斗的, 容易引起争斗的, 适于格斗的, 好斗的, 好战的, 斗争的, 搏斗的\nn. 战斗, 斗争, 搏斗"
fights,v. 战斗( fight的第三人称单数 ); 斗争; 打架; 吵架
figs,n. 无花果（fig的复数形式）
figurative,"a. 比喻的, 象征的, 修饰丰富的"
figure,"n. 数字, 价格, 图形, 形状\nvt. 描绘, 表示, 演算, 认为\nvi. 计算, 出现, 估计"
figured,"a. 有形状的, 有图案的, 用图表表现的, 用图画表现的"
figures,"n. 图形, 图表；价格, 金额, 数字；规定动作；人物（figure的复数）"
figuring,v. 用数字表示；计算；修琢（figure的ing形式）
fiji,"n. 斐济(西太平洋), 斐济语, 斐济人"
fil,n. 费尔（伊拉克的钱币）
filament,"n. 细丝, 细线, 灯丝, 单纤维\n[化] 长丝; 单丝(复丝中的单根细丝); 丝极"
file,"n. 档案, 公文箱, 文件夹, 文件, 卷宗, 锉刀\nvi. 列队行进, 用锉刀做\nvt. 归档, 申请, 锉, 琢磨\n[计] 文件"
filed,v. [专利]申请；存档（file的过去分词形式）
files,n. 文件；文档（file的复数）
filing,"n. 锉, 琢磨, 锉屑\n[计] 编档; 文件编排"
filings,n. 锉屑\n[医] 锉屑
filipino,n. 菲律宾人
filipinos,n. 菲律宾人（Filipino的复数）
fill,"vt. 装满, 填充, 弥漫, 供给, 满足, 供应\nvi. 充满, 变得沉重\nn. 满足, 装满, 充分, 填方\nvt. 填充\nvi. 填充\n[计] 填充"
filled,a. 加满的；装满的；满的
filler,"n. 装填者, 补白, 装填物\n[计] 填充符"
filling,"n. 充填物, 填料\n[化] 加填; 填充"
fills,n. 填充物；乱纹（fill的复数）
filly,"n. 小雌马, 小姑娘"
film,"n. 软片, 薄膜, 胶卷, 电影\nvt. 覆以薄膜, 拍摄\nvi. 生薄膜, 拍电影"
filmed,v. 拍摄（复以薄膜）
filming,n. 摄影；拍摄；薄膜形成
filmmaker,n. 电影制作人
filmmakers,n. 制片人（filmmaker的复数）
filmmaking,"n. 制片, 电影摄制"
films,n. 电影；薄膜；胶片（film的复数）
filter,"n. 滤波器, 过滤器, 滤光器, 过滤嘴, 去尘器\nvt. 过滤, 渗透, 走漏\nvi. 滤过, 渗入\n[计] 过滤器, 筛选"
filtered,a. 滤过的
filtering,[计] 过滤
filters,"n. 滤器, 滤波器；滤光片（filter的复数）"
filth,"n. 污秽, 不洁, 猥亵\n[法] 污秽, 污物, 淫猥"
filthy,"a. 污秽的, 丑恶的"
filtration,n. 过滤\n[化] 过滤
fin,"n. 鳍, 鱼翅, 鳍状物, 五元纸币\nvi. 猛挥鳍\nvt. 装上翅, 切除鳍"
final,"n. 期末考试, 结局, 决赛\na. 最后的, 终极的, 决定性的"
finale,"n. 结局, 最后乐章, 终曲"
finalist,"n. 决赛选手, 决赛队"
finalists,n. 参加决赛的选手
finalized,vt. 完成（finalize的过去式与过去分词形式）
finally,"adv. 最后, 终于"
finals,"n. 决赛, 总决赛（final的复数）"
finance,"n. 财政, 财务\nvt. 供给...经费, 负担经费\nvi. 筹措资金"
financed,v. 提供经费、筹资；提供资金（finance的过去分词）
finances,"n. 资金, 经费\n[经] 财源, 资金, 岁入"
financial,"a. 财政的, 金融的\n[经] 财政的, 金融的, 财务的"
financially,adv. 金融上；财政上
financing,"n. 融资, 理财, 筹集的资金\n[经] 筹措资金, 理财"
finch,n. 雀科鸣鸟
find,"vt. 发现, 感到, 找到, 认为, 得到\nvi. 裁决\nn. 发现\n[计] 查找; DOS外部命令:在指定的文件或从键盘输入的文本行中\n寻找指定的字符串, 将符合条件的行或行数输出到标准输出设备上"
finder,"a. 发现者, 寻星镜\n[医] 寻觅器, 探示器"
finding,"n. 发现, 发现物, 决定, 裁决\n[法] 调查结果, 对事实的认定, 判定的要素"
findings,"n. 发现, 调查结果；检验发现的情况（finding复数）"
finds,v. 发现( find的第三人称单数 ); 找到; 到达; 发觉
fine,"n. 罚款, 罚金, 晴天, 精细\na. 好的, 晴朗的, 健康的, 细小的, 精细的\nvt. 罚款, 精炼, 澄清\nvi. 变清, 变细\nadv. 很好\n[计] 精细"
fined,v. 罚钱（fine的过去式）
finely,"adv. 雅致地, 仔细地, 敏锐地, 微细地"
finer,"a. 出色的, 好的"
fines,n. 细骨料；粉末；罚款（fine的复数）
finesse,"n. 策略, 手段, (桥牌中的)飞牌\nv. 用计谋处理, 出小牌"
finest,n. [总称]警察
finger,"n. 手指, 指状物, (手套的)手指部分, 指针\nv. 用手指拨弄, 伸出\n[计] 网络命令"
fingernails,n. 指甲( fingernail的复数形式 )
fingerprint,n. 指纹\nvt. 采指纹
fingerprints,n. 指纹( fingerprint的名词复数 )\nv. 指纹( fingerprint的第三人称单数 )
fingers,"n. 梳状剔除器；手指头, 指头（finger复数）"
fingertips,n. 指尖( fingertip的复数形式 ); 手头有某物随时可供应用
finish,"n. 完成, 结束, 末道漆, 磨光, 完美\nvt. 完成, 结束, 用完, 毁掉\nvi. 结束\n[计] 完成"
finished,"a. 完成的, 完结的, 精巧的, 完美的"
finisher,"n. 完工者, 精整工, 整理工, 精轧机, 末道清棉机, 决定性的事件\n[医] 结束器, 修整器; 结束剂"
finishes,"v. 结束, 完成( finish的第三人称单数 )"
finishing,"a. 最后的, 终点的\n[化] 涂饰"
finite,"a. 有限的, 有穷的, 限定的\nn. 有限物"
finland,n. 芬兰
finn,n. 芬兰人
finnish,"n. 芬兰语\na. 芬兰的, 芬兰人的, 芬兰语的"
fins,"n. 鳍片, 散热翅片；五元纸币（fin的复数形式）"
fiona,n. 菲奥纳（女子名）
fir,"n. 枞树, 杉木\n[机] 枞木"
fire,"n. 火, 炉火, 电炉, 火灾, 闪光体, 炮火, 热情\nvt. 点燃, 烧制, 使发光, 激动, 放枪, 解雇\nvi. 着火, 烧火, 开枪, 射击, 激动"
firearm,"n. 火器, 枪炮"
firearms,"n. 火器, 枪炮；轻武器（firearm的复数）"
fireball,"n. 火球, 大流星"
fired,n. 因祸得福（电影名）
firefighter,n. <美>消防队员
firefighters,n. <美>消防队员( firefighter的复数形式 )
firefly,n. 萤火虫
firefox,n. 火狐浏览器
fireman,"n. 救火队员, 消防队员\n[机] 司炉"
firemen,n. 消防员（fireman的复数）
fireplace,n. 壁炉
firepower,n. 火力
fires,"n. 火灾, 点火；火力"
firewall,"[计] 放火墙, 隔离"
firewood,n. 木柴
fireworks,"n. 烟火, 激烈争论\n[化] 焰火"
firing,"n. 烧毁, 焚烧, 加热, 添煤\n[计] 点火"
firm,"n. 公司, 商号\na. 坚定的, 坚强的, 牢固的, 结实的, 坚硬的, 坚挺的, 严格的, 确定的\nvt. 使牢固, 使坚定\nvi. 变稳固, 变坚实\nadv. 稳固地"
firmly,"adv. 坚固, 坚定, 断然"
firms,"n. 公司, 厂商（firm的复数）"
firmware,[计] 固件
first,"adv. 首先, 第一, 优先\na. 第一的\nnum. 第一\nn. 开始, 第一"
firsthand,"a. 直接的, 直接得来的, 直接采购的\nadv. 直接地"
firstly,"adv. 第一, 首先"
firth,"n. 峡湾, 河口"
fiscal,"a. 财政的, 国库的\n[经] 财政上的, 会计的, 国库的"
fischer,n. 费舍尔（诺贝尔化学奖获得者）
fish,"n. 鱼, 鱼肉, 鱼类, 接合板\nvt. 钓, 钓鱼, 查出, 用接合板连接\nvi. 捕鱼, 钓鱼, 用钩捞取, 摸索寻找"
fisher,"n. 渔夫, 食鱼动物, 渔船"
fisheries,n. 渔场( fishery的名词复数 ); 渔业; 养鱼场
fisherman,"n. 渔夫, 钓鱼者, 渔船"
fishermen,n. 渔夫；渔船（fisherman的复数形式）
fishery,"n. 渔业\n[法] 捕鱼, 捕鱼权"
fishes,n. 鱼类（fish的复数）
fishing,"n. 钓鱼, 鱼业\na. 钓鱼的"
fishy,"a. 鱼似的, 多鱼的, 腥臭的, 呆滞的"
fission,"n. 裂开, 分裂, 分体\n[化] 裂变"
fist,"n. 拳头, 手\nvt. 拳打, 握成拳, 紧握"
fists,n. 拳套；拳头（fist的复数形式）
fit,"n. 适宜, 合身, 发作, 痉挛\na. 适宜的, 对的, 准备好的\nvt. 适合, 安装, 使合身, 使适应, 使合格\nvi. 适合, 符合, 合身\n[计] 非特"
fitch,"n. 艾鼬, 艾鼬毛皮"
fitness,"n. 适合, 合宜, 合理, 恰当, 健康\n[医] 适合性, 适应性"
fits,n. 合身的衣服；阵发；一阵（fit的复数）
fitted,"a. [表]配备的, 放在合适地位的\n[计] 拟定的"
fitting,"a. 适宜的\nn. 试穿, 试衣, 装配, 装置"
fittings,n. 家具；设备；配件（fitting的复数）
fitz,n. (Fitz)人名；(德、英、匈、西、捷)菲茨
fitzgerald,"n. 菲茨杰拉德（姓氏）；菲茨杰拉德（英国诗人、翻译家, 爱德华·菲茨杰拉德）；菲茨杰拉德（美国作家, 弗·司各特·菲茨杰拉德）"
fitzpatrick,菲茨帕特里克（人名）
five,"num. 五, 五个"
fives,n. 墙手球
fix,"vt. 使固定, 修理, 准备, 安装, 凝视, 牢记, 确定, 整理\nvi. 固定, 注视, 确定\nn. 困境, 方位, 维修, 贿赂"
fixation,"n. 定置, 固定, 定色\n[医] 固定; 固定法, 固定术; 定影"
fixed,"a. 固定的, 不变的\n[法] 固定的, 确定的, 不变的"
fixes,n. 菲克斯类（一种烈酒）
fixing,"n. 固定, 稳固, 设备, 调料\n[医] 固定"
fixture,"n. 固定(状态), 固定物, 设备\n[计] 夹具"
fixtures,"n. 固定附物, 固定附着物；固定财产；卡具；固定装置（fixture的复数形式）"
fk,abbr. 外键（foreign key）
fl,"abbr. 焦距（focal length）；外国语（foreign language）；[物]呎朗伯（亮度单位）；佛罗里达州（美国州名, Florida）"
fla,abbr. 联邦贷款署（Federal Loan Administration）；联邦贷款局（Federal Loan Agency）
flag,"n. 标志, 旗标, 旗子, 信号旗, 菖蒲\nvt. 悬旗, 打旗号, 铺石板\nvi. 无力地下垂\n[计] 标志; 属性标记命令"
flagged,a. （已醉得）不能再喝的
flags,n. 标记；旗帜（flag的复数）
flagship,n. 旗舰
flair,"n. 鉴别力, 才能, 天资, 资质, 眼光"
flake,"n. 小薄片, 扁薄的一层, 火星, 晒鱼架子\nvt. 使成薄片\nvi. 剥落"
flakes,[化] 鳞片; 片状粉(粉末冶金); 白点; 发裂(钢缺陷); (纤维素塑料)干(片)坯料
flame,"n. 火焰, 火舌, 热情, 光辉\nvt. 焚烧, 用火焰给...灭菌, 用火焰传送(信号), 点燃, 激动\nvi. 燃烧, 爆发, 闪耀\n[计] 无聊邮件, 无益邮件"
flames,n. 火焰；火苗（flame的复数形式）
flaming,"a. 燃烧的, 热烈的, 色彩鲜明的"
flammable,"a. 易燃的, 可燃性的\n[电] 可燃的"
flanagan,弗拉纳根(姓氏)
flanders,"n. 佛兰德斯（中世纪欧洲一伯爵领地, 包括现比利时 的以及法国各一地区）"
flank,"n. 侧面, 侧腹, 胁, 腰窝肉\nvt. 攻击侧面, 守侧面\nvi. 侧面与...相接"
flanked,vi. 位于…的侧面
flanks,n. 拱侧翼；石侧面；两翼（flank的复数）
flannel,"n. 法兰绒, 法兰绒衣服"
flap,"n. 飘, 摆动, 拍打, 拍打声, 片状垂悬物\nv. 拍打, 鼓翼而飞, 飘动"
flaps,n. 马唇肿胀
flare,"n. 闪光, 闪耀\nvi. 闪光, 闪耀\nvt. 用发光信号发出, 使闪耀, 使张开"
flared,a. 喇叭状的
flares,n. 喇叭裤
flash,"n. 闪光, 闪现, 一瞬间\nvi. 闪光, 闪现, 反射\nvt. 使闪光, 反射"
flashback,"n. 倒叙, 火舌回闪\n[机] 回闪"
flashbacks,"n. （文学和电影中）闪回, 倒叙( flashback的复数形式 )"
flashed,v. 发出闪光( flash的过去式和过去分词 ); （使）闪现; 映出; 显示
flashes,n. 光芒；披峰；闪光灯（flash的复数形式）
flashing,"n. 闪光, 遮雨板, 防水板\n[电] 闪光"
flashlight,"n. 手电筒, 闪光信号灯"
flashy,"a. 闪光的, 一瞬间的, 浮华的"
flask,"n. 细颈瓶, 烧瓶, 小水瓶\n[化] 瓶; 烧瓶"
flat,"a. 平坦的, 单调的, 无力的, 浅的, 萧条的, 干脆的, 无聊的\nadv. 平直地, 断然地\nn. 扁平物, 平面, 平地, 平原, 平板车\nv. (使)变平"
flats,"n. 平原, 扁钢；低沼泽（flat的复数形式）"
flattened,"a. [医]（水）平扁的, 弄平的\nv. 变平, 使（某物）变平( flatten的过去式和过去分词 ); 彻底打败某人, 使丢脸; 停止增长（或上升）; （把身体或身体部位）紧贴…"
flatter,"vt. 奉承, 阿谀, 使高兴\n[机] 平面锤"
flattered,"a. 高兴的, 感到荣幸的；过分夸赞"
flattering,"a. 谄媚的, 讨人欢喜的"
flavor,"n. 滋味, 调味品\nvt. 加味于"
flavored,v. 给…调味( flavor的过去式和过去分词 ); 给…增添风趣
flavors,n. 味( flavor的名词复数 ); 韵味; 特点; 香料\nv. 给…调味( flavor的第三人称单数 ); 给…增添风趣
flavour,"n. 味, 调味香料, 滋味, 香味, 气味, 风味, 情味, 情趣, 风韵\nvt. 给...调味, 给...增添风趣, 加香料, 加味于"
flavours,n. 味( flavour的名词复数 ); 味道; 特色; 特性\nv. （加入香料、调味品等）给（某物）调味( flavour的第三人称单数 )
flaw,"n. 缺点, 裂纹, 瑕疵, 一阵狂风\n[化] 划痕; 裂缝; 裂纹"
flawed,a. 有缺陷的；有裂纹的；有瑕疵的
flawless,"a. 无瑕疵的, 无缺点的\n[化] 无裂纹的; 无裂缝的"
flaws,n. 缺点( flaw的名词复数 ); 错误; 裂痕
flea,n. 跳蚤\n[医] 蚤
fleas,n. 跳蚤( flea的复数形式 ); 爱财如命; 没好气地（拒绝某人的要求）
fled,v. 消逝；逃走（flee的过去分词）
fledged,"a. 羽毛长齐的, 快会飞的, 成熟的, 独立的"
fledgling,"n. 羽毛初长的雏鸟, 刚会飞的幼鸟, 无经验的人"
flee,"vt. 逃避, 逃跑, 逃走\nvi. 逃, 消失"
fleece,"n. 羊毛, 羊毛制的覆盖物\nvt. 剪下羊毛, 诈取"
fleeing,"v. 逃走, 逃掉( flee的现在分词 ); 逃离, 逃避"
fleet,"n. 舰队, 港湾, 小河\na. 快速的, 敏捷的, 浅的, 短暂的\nadv. 浅\nvi. 疾驰, 飞逝, 掠过\nvt. 消磨, 变换船(或船员)的位置"
fleeting,"a. 疾驰的, 短暂的, 飞逝的"
fleets,n. 舰队( fleet的名词复数 ); 车队; 捕鱼船队; （同一机构或统一调度的）机群
fleetwood,弗利特伍德(姓氏)
fleming,"n. 佛兰芒人, 说佛兰芒语的比利时人"
flemish,a. 佛兰德人的；佛兰德的
flesh,"n. 肉, 肉体, 肉欲, 人性, 亲属, 人类, 众生, 人体\nvt. 以肉喂, 激起...的杀戳情绪, 使肥, 赋以血肉\nvi. 长胖"
fletcher,"n. 弗莱彻（姓氏, 男子名）；弗莱彻（John, 1579-1625, 英国剧作家）；弗莱彻（John Gould, 1886-1950, 美国诗人及批评家）"
flew,fly的过去式
flex,"vt. 弯曲, 伸缩, 折曲\nvi. 弯曲\nn. 屈曲, 折曲"
flexibility,"n. 弹性, 适应性\n[计] 灵活性; 适应性"
flexible,"a. 易曲的, 灵活的, 柔顺的, 能变形的, 可通融的\n[医] 能屈的"
flick,"n. 快速的轻打, 轻打声, 弹开\nv. 轻弹, 轻轻拂去, 忽然摇动"
flicker,"n. 闪烁, 闪光, 颤动\nvi. 闪动, 闪烁, 摇动, 扑动翅膀\nvt. 使摇曳, 使闪烁"
flickr,n. 网络相簿
flies,n. 裤子前面的开口
flight,"n. 飞行, 射程, 逃走, 飞跃, 飞机航程, 班机, 迁徙, 飞逝\nvi. 迁徙\nvt. 射击(飞禽), 为(箭)装上羽毛, 使惊飞"
flights,n. （物体的）飞行( flight的名词复数 ); 航班; 飞翔; 楼梯的一段
flimsy,"a. 易坏的, 脆弱的, 浅薄的\nn. 易损坏的东西(或材料), 薄纸, 描图用薄纸, 薄纸稿纸"
fling,"n. 投掷, 急冲, 嘲弄\nvt. 投, 丢下, 抛弃, 使陷入, 挥动, 嘲笑, 扫视\nvi. 猛冲"
flint,"n. 打火石, 燧石, 极硬的东西\n[化] 燧石"
flip,"vt. 掷, 弹, 轻击, 空翻\nvi. 用指轻弹, 抽打, 蹦跳\nn. 抛, 弹, 筋斗\na. 无礼的\n[计] 翻转"
flipped,v. 轻弹( flip的过去式和过去分词 ); 按（开关）; 快速翻转; 急挥
flipping,adj .讨厌之极的
flips,v. 轻弹( flip的第三人称单数 ); 按（开关）; 快速翻转; 急挥
flirt,"n. 卖弄风骚的人, 急动, 急扔\nvt. 忽然弹出, 轻快摆动, 挥动\nvi. 调情, 玩弄, 摆动, 轻率地对待"
flirting,"v. 调情, 打情骂俏( flirt的现在分词 )"
flo,n. 弗洛（女子名）
float,"n. 漂流物, 浮舟, 漂浮, 浮萍, 彩车\nvi. 浮动, 飘动, 散播, 摇摆, 动摇, 浮动\nvt. 使漂浮, 容纳, 淹没, 发行, 实行\n[计] 浮动"
floated,a. 浮动的
floating,"a. 漂浮的, 浮动的, 移动的\n[医] 浮动的"
floats,n. 飘浮物；花车（float的复数）
flock,"n. 兽群, 鸟群, 一群人, 大量, 棉束\nvi. 成群而行, 聚集\nvt. 用棉束填满"
flood,"n. 洪水, 大量之水, 涨潮\nvt. 淹没, 使泛滥, 注满\nvi. 被淹, 溢出, 涌进"
flooded,"a. 洪水浸没的；浸没的, 淹没的；灌溉；充斥"
flooding,"n. 充溢, 泛滥, 血崩\n[计] 满屏幕; 扩散式路由选择"
floods,n. 洪水( flood的名词复数 ); 水灾; 大批\nv. （使）充斥( flood的第三人称单数 ); 大量涌来; （使）为水淹没; 使大受感动
floor,"n. 地板, 楼层, 底部, 底价\nvt. 铺地板, 打倒\nn. 地面, 地板, 基底\n[计] 基底"
flooring,"n. 地板, 地板材料, 铺地板"
floors,n. 楼地面；地板；楼层；层数（floor的复数）
flop,"n. 砰然落下, 拍击声, 失败\nvi. 笨重地摔, 猛落\nvt. 笨拙地抛下\nadv. 噗通"
floppy,"a. 叭嗒叭嗒响的, 松软的"
flops,abbr. 每秒浮点计算（loating point operations per second）
flora,"n. 植物群\n[医] 植物区系, 植物丛, 植物群, 菌丛"
floral,"a. 花似的, 花的, 植物的"
florence,n. 佛罗伦萨(意大利城市)
flores,[医] 花; 升华制剂
florida,n. 佛罗里达州
floss,"n. 丝棉, 乱丝"
flotation,"[化] 浮; 浮游选矿\n[医] 浮集(法), 浮选(法)"
flour,"n. 面粉, 粉沫, 碎粉\n[医] 面粉, 麦粉"
flourish,"vi. 繁荣, 茂盛, 活跃, 手舞足蹈\nvt. 挥舞, 夸耀\nn. 挥舞, 炫耀, 茂盛, 兴旺, 华丽词藻"
flourished,"v. 茂盛, 繁荣( flourish的过去式和过去分词 ); 兴旺发达; 挥动"
flourishing,"a. 繁茂的, 隆盛的, 繁荣的"
flow,"n. 流程, 流动, 流量, 洋溢, 泛滥, 涨潮\nvi. 流动, 流泄, 畅流, 川流不息, 飘扬, 涌出\nvt. 使流动, 淹没, 流出"
flowed,v. 流( flow的过去式和过去分词 ); 垂; 流出; （谈话、文体等）流畅
flower,"n. 花, 开花植物, 精华, 盛时\nvi. 开花, 发育, 旺盛, 成熟\nvt. 用花装饰, 使开花"
flowering,"a. 开花的\nn. 开花, 饰以花"
flowers,[医] 花; 升华制成的药物; 月经
flowing,"a. 流动的, 如流的, 平滑的"
flown,fly的过去分词
flows,n. 现金流量
floyd,n. 弗洛伊德
flu,"n. 流感, 流行性感冒"
fluctuations,n. 起伏现象；变动；波动（fluctuation的复数）
fluent,"a. 流利的, 流畅的"
fluff,"n. 软毛, 柔毛, 绒毛, 错误, 无价值的东西\nvi. 起毛, 变松, 出错\nvt. 使起毛, 抖松, 念错"
fluffy,"a. 毛绒绒的, 蓬松的, 空洞的, 无内容的, 不明确的\n[医] 绒毛状的"
fluid,"n. 液体, 分泌液, 流体\na. 流动的, 可改变的"
fluids,n. 液体；流体（fluid的复数形式）
fluke,"v. 侥幸成功\nn. 锚爪, 侥幸, 偶然事故"
flung,"扔, 丢, 掷, 抛, 急伸, 挥动, 扫视, (猛)推, 急派(军队), 猛冲, 急行, 直冲, 乱踢"
fluorescence,"n. 荧光, 发荧光, 荧光性\n[化] 荧光"
fluorescent,n. 荧光\na. 荧光的
fluoride,n. 氟化物\n[化] 氟化物
flurry,"n. 疾风, 飓风, 慌张\nvt. 使恐慌, 使激动\nvi. 慌张"
flush,"n. 流溢, 面红, 旺盛, 发烧, 惊飞的鸟, 同花牌\na. 丰足的, 齐平的, 满盈的, 泛滥的\nadv. 齐平地, 直接地\nvi. 脸发红, 奔涌, 旺盛, 惊飞\nvt. 淹没, 冲洗, 使脸红, 使激动, 使齐平, 使惊飞"
flushed,a. 激动的；心情愉快的
flushing,[计] 冲洗\n[化] 涌料
flute,"n. 笛, 横笛, 凹槽\nvi. 吹笛子\nvt. 用长笛奏, 刻凹槽于"
flux,"n. 流出, 涨潮, 变迁\nvi. 熔化, 流出\nvt. 使熔融\n[计] 助焊剂"
fly,"n. 苍蝇, 两翼昆虫, 飞行\nvi. 飞, 飞翔, 飘扬, 逃走\nvt. 飞, 飞越, 使飘扬, 逃出\na. 敏捷的"
flyer,"n. 飞鸟, 飞行物, 飞行员, 快车, 传单, 飞跳\n[经] 投机买卖, 孤注一掷, (广告)传单"
flyers,"abbr. 未来雅皮士, 正在走向成功之路而又贪玩的少年（15～25岁）专业人士（指全日制工作的年轻人）（Fun Loving Youth En Route to Success）"
flying,"a. 飞的, 飘扬的, 飞速的\nn. 飞行, 飞花"
flynn,[计] 弗林
fm,"(英)陆军元帅, 外国使团, 调频, 频率调制\n[计] 设备管理, 快速存储器, 文件管理, 调频"
fn,"n. 功能, 函数"
fo,"(英)空军中尉, (英国)外交部, 前进观察员, 校官, 野战命令"
foam,"n. 泡沫, 水沫, 泡沫材料\nvi. 起泡沫, 吐白沫\nvt. 使起泡沫"
fob,"n. 诡计, 表袋, 短表链\nvt. 骗人, 混骗"
focal,"a. 焦点的, 在焦点上的\n[医] 病灶的, 灶的"
focus,"n. 焦点, 焦距\nvi. 聚焦, 注视\nvt. 使聚焦, 调焦, 集中\n[计] 焦点"
focused,a. 聚焦的；专心的
focuses,"pl. 焦点, 焦距, 对焦点, 聚焦, 活动中心, 集中点, 兴趣中心, 病灶, 震源, 疫源地"
focusing,[化] 调焦; 聚焦
focussed,"n. [物理学]焦点；[光学](镜头的)焦点, 焦距\nvt. 使聚焦, 使集中于焦点：；调节(眼睛、透镜等的)焦距；定…的焦点；使(眼睛)注视：\nvi. 聚焦；集中于焦点, 注视：；(照相机)对准焦点(于)；调焦距"
fodder,"n. 饲料, 草料, 素材, 弹药\nvt. 喂"
foe,"n. 仇敌, 反对者, 敌人, 对手"
foes,"n. 敌人, 仇敌( foe的复数形式 )"
fog,"n. 雾, 迷惑, (割后的)最生草, 苔藓\nvi. 被雾笼罩, 变模糊\nvt. 使困惑, 以雾笼罩"
foggy,"a. 雾深的, 模糊的"
foil,"n. 箔, 烘托, 衬托\nvt. 贴箔于, 衬托, 阻止, 挡开, 挫败"
fol,"abbr. follow 跟随; free-on-lorry oil and lubricants 卡车加油和润滑油免费; fuel, oil and lubricants 燃料; folio 对开的纸"
fold,"n. 折层, 折, 羊栏, 折痕, 信徒\nvt. 折叠, 包, 合拢, 交迭\nvi. 折叠起来, 彻底失败\n[计] 折叠; 合并"
folded,v. 折叠；交叉合拢；失败垮台；把牲畜关在栏中（fold的过去分词）
folder,"n. 文件夹, 折纸机, 折叠式书本, 卷宗\n[计] 文件夹"
folders,"n. 文件夹, 方法；折页, 档案夹（folder复数形式）"
folding,a. 可折叠的\n[化] 折叠; 折叠效应
folds,n. 皱褶；折痕（fold的复数形式）
foley,n. 福利（姓氏）
foliage,"n. 树叶, 植物"
folio,"n. 对开纸, 页码, (原稿的)一页\na. 对折的, 对开的\nvt. 编页码"
folk,"n. 人们, 家人, 亲属, 民族\na. 民间的"
folklore,"n. 民俗学, 民间风俗, 民间传说"
folks,"n. 人们, 父母, 亲人, 家属"
follow,"vt. 跟随, 沿行, 遵循, 追求\nvi. 跟随, 接着\nn. 跟随, 追随"
followed,a. 跟随的；服从的
follower,"n. 从者, 属下, 追补者\n[电] 随动机"
followers,n. 追随者；仿效者；契约附页；[机械]随动件（follower的复数）
following,"n. 下列各项, 部下, 追随者\na. 下列的, 其次的"
follows,n. 跟随；遵照（follow的复数）
folly,"n. 愚蠢, 荒唐事, 讽刺剧"
fond,"a. 喜欢的, 宠爱的, 温柔的"
fondly,"adv. 溺爱地, 怜爱地, 情柔地"
fondness,n. 溺爱；爱好
font,"n. 字体, 字形, 洗礼盘, 泉\n[计] 字体"
fonts,n. 字体（font的复数）
foo,n. 富/夫（姓氏）
food,"n. 食物, 养料\n[医] 食物, 食品"
foods,n. 食品
fool,"n. 愚人, 受骗者, 奶油拌水果\nvt. 愚弄, 欺骗, 浪费\nvi. 干傻事, 开玩笑, 游荡\na. 傻的"
fooled,"v. 愚弄, 耍弄( fool的过去式和过去分词 ); 欺骗; 开玩笑; 说蠢话, 干傻事（常为逗乐）"
fooling,n. 开玩笑的言行；戏谑
foolish,"a. 愚蠢的, 傻的"
fools,n. 傻瓜（fool的复数）
foot,"n. 脚, 步调, 英尺, 底部, 末尾, 步兵\nvt. 走在...上, 给...换底, 支付\nvi. 跳舞, 步行, 总计"
footage,"n. 英尺长度, 英板尺, (影片的)连续镜头"
football,"n. 足球, 橄榄球"
footballer,"n. 足球员, 足球选手"
footballers,n. （尤指职业的）足球运动员( footballer的复数形式 )
footed,"a. 有脚的, 脚步...的, 有...脚的"
footer,"n. 墩基, 墙基, 足球比赛\n[计] 页脚"
foothills,n. 山麓丘陵地带; 前陆
footing,"n. 站稳, 立足点, 立场, 关系\n[化] 脚子(糖浆下脚的结晶)"
footnote,n. 脚注\n[计] 脚注
footnotes,n. 脚注；附注；表下注释（footnote的复数）
footprint,n. 足迹\n[计] 印迹
footprints,n. 足迹；足印；脚印（footprint的复数）
footsteps,n. 步距；脚步（footstep的复数形式）
footwear,"n. 鞋类, 靴类"
footwork,"n. 脚的动作, 脚力, 现场采访活动"
footy,"a. 无足轻重的, 蹩脚的"
for,"prep. 为, 因为, 至于\nconj. 因为\n[计] DOS批处理命令:对一组参数重复执行指定的命令"
forage,"n. 粮草, 饲料, 搜寻粮草\nvt. 喂, 掠夺, 搜寻粮秣\nvi. 搜寻粮草, 掠夺"
foraging,"v. 搜寻（食物）, 尤指动物觅（食）( forage的现在分词 ); （尤指用手）搜寻（东西）"
forbes,n. 福布斯（美国出版及媒体集团）；福布斯（美国著名财经杂志）；福布斯（姓氏）
forbid,"vt. 禁止, 不准, 妨碍\n[法] 不许, 禁止, 阻止"
forbidden,"a. 被禁止的, 严禁的\nforbid的过去分词"
forbids,v. 禁止( forbid的第三人称单数 ); 妨碍; 阻碍; 阻止
force,"n. 力量, 武力, 势力, 影响力, 军队, 力, 效力\nvt. 强迫, 强夺, 推动, 提高\n[计] 人工转移; 强制"
forced,"a. 被迫的, 强迫的, 用力的\n[法] 强制的, 法定的, 强迫的"
forceful,"a. 有力的, 强烈的, 有说服力的"
forcefully,adv. 激烈地；强有力地；有说服力地
forces,n. 势力；兵力；武装力量（force的复数形式）
forcibly,"adv. 强制地, 用力地"
forcing,"n. 强迫, 培育, 夺取, 施加压力\na. 强迫的, 促成(植物早熟)的, 施加压力的\n[计] 强制的, 强迫的"
ford,"n. 浅滩, 福特汽车\nv. 涉过, 涉水"
fore,"a. 在前的, 以前的\nadv. 在前面, 在船头\nprep. 在...前"
forearm,"n. 前臂\nvt. 预先武装, 准备"
forecast,"n. 预想, 预测, 预报\nvt. 预想, 预测, 预报\n[计] 趋势预测"
forecasting,"[计] 预报, 预测\n[经] 预测"
forecasts,"n. 预测, 预报( forecast的名词复数 )\nv. 预言, 预报( forecast的第三人称单数 )"
foreclosure,n. 取消抵押品赎回权\n[经] 取消抵押品赎回权的法律手续
forefront,"n. 最前部, 最前线"
foreground,"n. 前景, 最显著的位置\n[计] 前景, 前台"
forehead,"n. 额, 前额, 前部\n[医] 额"
foreign,"a. 外国的, 外交的, 外省的, 外来的, 不相关的\n[机] 外来的"
foreigner,"n. 外国人, 外地人\n[法] 外国人, 进口货, 外国货"
foreigners,"n. 外国人( foreigner的复数形式 ); 外来人, 外地人; 老外; 蕃"
foreman,"n. 领班, 工头, 陪审长\n[经] 领班, 工头"
foremost,"a. 最初的, 最重要的\nadv. 在最前"
forensic,"a. 辩论的, 法院的, 关于法庭的\nn. 辩论练习"
forensics,"n. 辩论学, 辩论术"
foresee,"vt. 预见, 预知"
foreseeable,"a. 可预知的, 能预测的\n[法] 可预见的, 可预料的"
foresight,"n. 远见, 深谋远虑\n[法] 先见, 预见, 预见的能力"
forest,"n. 森林, 林区\nvt. 植树于"
forestry,"n. 林学, 森林地\n[法] 林地, 林学, 林业"
forests,n. 森林( forest的名词复数 ); 丛林; （森林似的）一丛; 一片
forever,adv. 永远
foreword,"n. 前言, 序"
forex,[经] 外汇
forfeit,"n. 没收物, 罚金, 丧失\nvt. 没收, 丧失\na. 丧失了的"
forge,"n. 熔炉, 铁工厂\nvt. 打制, 锻造, 伪造\nvi. 锻造, 伪造"
forged,a. 锻的；锻造的
forgery,"n. 伪造, 伪造罪, 伪造物\n[经] 伪造签字, 伪造品"
forget,"vt. 忘记, 忽略, 忘\nvi. 忘记"
forgets,link-v. 忘记; 遗忘; 遗漏; 看漏\nv. 忘记( forget的第三人称单数 ); 不再想; 忘记做（或带、买等）; 不再考虑…的可能
forgetting,v. 遗忘；忘记（forget的ing形式）
forging,"n. 锻炼, 伪造\n[机] 锻造, 锻件"
forgive,"vt. 原谅, 宽恕, 免除\n[法] 免除, 宽恕, 原谅"
forgiven,forgive的过去分词
forgiveness,"n. 宽恕, 宽仁之心"
forgiving,"a. 宽大的, 容许有错误的"
forgot,forget的过去式和过去分词
forgotten,forget的过去分词
fork,"n. 叉子, 叉状物, 分岔\nvi. 分支, 分歧\nvt. 做成叉形, 叉起\n[计] 派生指令"
forks,n. 叉（挖掘用的园艺工具）( fork的名词复数 ); 餐叉; 叉状物; （自行车或摩托车的）车叉子
form,"n. 形状, 形体, 类型, 方式, 表格, 形式\nv. 形成, 排列, (使)组成\nn. 表单\n[计] 表单"
formal,"a. 正式的, 形式的, 礼仪的, 拘于礼节的, 拘谨的\nn. 正式的社交活动"
formality,"n. 礼节, 拘谨, 正式手续\n[化] 克式浓度"
formally,"adv. 正式地, 形式上"
format,"n. 开本, 版式, 形式, 格式\nvt. 格式化\n[计] 格式; DOS外部命令:对磁盘进行格式化"
formation,"n. 形成, 构造, 编队\n[医] 形成, 结构"
formations,n. 队形；形态；形成（formation的复数形式）
formative,"a. 有助于形成的, 造型的, 形成的\nn. 构词要素"
formats,n. 幅度；格式（format的复数）
formatting,[计] 格式化
formed,"a. 成形的, 成形"
former,"a. 从前的, 前者的\nn. 起形成作用的人(或物), 模型, 样板"
formerly,"adv. 从前, 以前"
formidable,"a. 巨大的, 优秀的, 可怕的, 艰难的"
forming,[电] 形成
forms,n. 窗体；表单；表格（form的复数形式）
formula,"n. 客套语, 公式, 准则\n[计] 公式"
formulas,"pl. (专业术语)公式, 方案, 准则, 程式, 处方, 制造法, 配方, 惯用语句, 俗套话"
formulate,"vt. 用公式表示, 明确叙述, 制订\n[机] 公式化, 公式表示"
formulated,v. 构想出( formulate的过去式和过去分词 ); 规划; 确切地阐述; 用公式表示
formulation,"n. 系统陈述, 公式化, 配制\n[化] 表述; 数学表述; 数式化; 数学表述"
forrest,"n. 佛利斯特（人名, 或美国电影阿甘正传）"
forsaken,"a. 被抛弃的, 孤独的\nforsake的过去分词"
forster,福斯特(姓氏)
forsyth,n. 福赛斯（美国地名）
fort,"n. 堡垒, 要塞, 易货站\nvt. 设要塞保卫\nvi. 设要塞"
forte,"n. 长处, 特长, 拿手, 优点"
forth,"adv. 往前, 以后, 向外"
forthcoming,a. 即将来临的\nn. 来临
fortified,a. 加强的
fortitude,"n. 刚毅, 坚毅, 不屈不挠"
fortnight,n. 两星期
fortress,"n. 城堡, 要塞\nvt. 筑要塞, 以要塞防守"
forts,"n. 堡垒, 要塞（fort的复数）"
fortunate,"a. 幸运的, 幸福的"
fortunately,"adv. 幸运地, 幸亏"
fortune,"n. 财富, 运气, 兴隆, 大量财产, 好运, 命运\n[法] 命运, 财产, 大量财产"
fortunes,n. （某人的）命运( fortune的复数形式 ); 富有; 幸运; [常作复数]（人生事件中的）时运
forty,"num. 四十, 四十个"
forum,"n. 论坛, 公开讨论的广场, 法庭, 讨论会\n[法] 讨论会, 专题讨论, 公共论坛"
forums,"pl. 论坛, 讨论会, 座谈会, 广播专题讲话节目, 电视专题讲话节目, 法庭"
forward,"a. 向前的, 早的, 迅速的, 在前的, 进步的\nvt. 促进...的生长, 转寄, 运送\nadv. 向前地\n[计] 前推, 转信"
forwarded,v. 转递；已转发（forward的过去分词）
forwarding,"[计] 转发\n[经] 转入下页, 信件转寄(投)发运"
forwards,adv. 向前；今后
forza,n. 力量；（意）加油
fossil,"n. 化石, 古物\na. 化石的, 陈腐的, 守旧的"
fossils,n. 化石( fossil的名词复数 ); 老顽固; 食古不化的人; 老古董（老人）
foster,"a. 收养的, 养育的\nvt. 养育, 抚育, 培养, 鼓励, 抱(希望)"
fostered,"v. 培养, 促进( foster的过去式和过去分词 ); 收养, 养育"
fostering,v. 哺育；养育（foster的现在分词）
fosters,"v. 培养, 促进( foster的第三人称单数 ); 收养, 养育"
fought,fight的过去式和过去分词
foul,"a. 污秽的, 邪恶的, 恶臭的, 肮脏的, 恶劣的, 淤塞的\nvt. 弄脏, 妨害, 污蔑, 犯规, 淤塞\nvi. 腐烂, 犯规, 缠结\nadv. 违反规则地, 不正当地\nn. 犯规, 缠绕"
fouls,n. 犯规；煤层尖灭
found,"vt. 建立, 创立, 铸造\nfind的过去式和过去分词"
foundation,"n. 基础, 根据, 建立\n[化] 地基"
foundations,n. 地基
founded,"a. 有基础的\nv. 创办, 成立(found的过去式和过去分词)"
founder,"n. 创立者, 建立者\nvt. 使沉没, 使摔倒, 弄跛, 浸水, 破坏\nvi. 沉没, 摔到, 变跛, 倒塌, 失败"
founders,n. 创始人( founder的名词复数 )
founding,[计] 铸造
foundry,"n. 铸造, 铸造厂, 铸造类\n[机] 铸造厂, 铸造"
fountain,"n. 水源, 源, 喷泉, 泉水, 本源\n[医] 泉"
fountains,n. 喷水( fountain的复数形式 ); 喷泉; 来源; 人工喷泉
four,"num. 四, 四个\n[机] 四冲程循环"
fours,n. 双打比赛；灯笼裤；四人舞；四人单桨无舵手（four的复数）
fourteen,"num. 十四, 十四个"
fourteenth,"num. 第十四, 十四分之一"
fourth,"num. 第四, 四分之一"
fowler,n. 捕鸟者
fox,"n. 狐狸, 狡猾的人\nvi. 奸狡地行动, (书页)生斑, 变酸\nvt. 欺骗, 使变酸, 为(鞋等)换面, 使生黄斑"
foxes,n. 狐( fox的名词复数 ); 狐狸; 狡猾的人; 狐皮
foyer,"n. 门厅, 入门大堂"
fp,"总保单, 总保险单, 全部付讫, 冰点, 凝固点\n[计] 浮点, 函数处理器"
fps,"英尺/秒, 英尺磅秒单位制的, (电视图像的)每秒帧数"
fr,[医] 钫(87号元素)
fra,abbr. 联邦铁路局（Federal Railroad Administration）；联邦储备法（Federal Reserve Act）；流量警报记录器（Flow Alarm Recorder）；自由基型（Free Radical Type）
fracking,n. 水力压裂
fraction,"n. 小部分, 破片, 分数\n[医] 部分, 成分, 分散"
fractions,n. <数>分数( fraction的名词复数 ); 小部分; 分裂; [化学]（分）馏（部）分
fracture,"n. 破碎, 骨折\nv. (使)破碎, (使)破裂"
fractured,a. 断裂的；挫伤的；折裂的
fractures,"n. （指状态）骨折( fracture的名词复数 ); 断裂; （指事实）骨折\nv. （使）折断, 破碎( fracture的第三人称单数 )"
fragile,"a. 易碎的, 脆的\n[医] 脆弱的, 脆的"
fragment,"n. 碎片, 破片, 片段\n[计] 段落; 片段; 分段"
fragmentation,"n. 分裂, 破碎\n[计] 在IP层将打包文件切成适当大小的程序"
fragmented,a. 成碎片的；片断的
fragments,n. 碎片( fragment的名词复数 ); 片段; （将文件内容）分段; （文艺作品等）未完成的部分
fragrance,"n. 芬芳, 香味"
fragrant,"a. 芬香的, 馥郁的, 愉快的"
frail,"a. 脆弱的, 虚弱的, 意志薄弱的\nn. 少女, 少妇, 灯心草篓"
frame,"n. 框, 结构, 体格\nvt. 构成, 设计, 制定, 使适合, 陷害\n[计] 框架, 图文框, 帧"
framed,a. 遭到陷害的；有构架的
frames,"n. 帧, 画面；框架；眼镜架（frame的复数）"
framework,"n. 结构, 骨架, 参照标准, 准则, 观点\n[医] 构架组织"
frameworks,n. 构架( framework的复数形式 ); 结构; （体系的）结构; （作为判断、决定等基础的）信仰
framing,[计] 成帧
fran,"n. 弗兰（Frances的昵称, 女子名）"
franc,n. 法郎
france,n. 法国
frances,n. 弗朗西丝（女子名）
francesca,n. 弗朗西斯卡（女名）
francesco,n. 弗朗西斯科（意大利文艺复兴时期著名作家）；弗朗西斯科（意大利著名导演）
franchise,"n. 公民权, 特权, 特许经营权, 免赔额\nvt. 给以特权, 给以...公民权"
franchises,"n. （尤指选举议员的）选举权( franchise的名词复数 ); 参政权; 获特许权的商业机构（或服务）; （公司授予的）特许经销权\nv. 给…以特许权, 出售特许权( franchise的第三人称单数 )"
francis,"n. 弗朗西斯（男子名, 义为自由之人）"
francisco,"n. 弗朗西斯科（男子名, 等于Francis）"
franco,"a. 免费的\n[经] 全部费用在内价, 运费准免的"
francois,n. 弗朗索瓦（人名）
francs,n. 法郎
frank,"a. 坦白的, 率直的, 老实的\nvt. 免费邮寄\nn. 免费邮寄特权"
frankenstein,"n. 自己所创造而无法控制的事物, 人形的怪物, 作法自毙者"
frankfurt,"n. 牛肉香肠, 猪牛肉混合香肠"
frankie,n. 弗兰基（姓名）
franklin,[计] 富兰克林
frankly,adv. 坦白地
franks,弗兰克斯(姓氏)
frantic,"a. 狂乱的, 疯狂的"
frantically,"adv. 狂暴地, 疯狂似地"
franz,n. 弗朗茨（Francis Ferdinand的德文名）
fraser,n. 弗雷则河（加拿大西南部河流）；弗雷泽（男子名）
frat,"n. 大学生联谊会, 大学生联谊会会员"
fraternity,"n. 友爱, 互助会, 大学生联谊会"
fraud,"n. 欺骗, 欺诈, 诡计, 骗子\n[经] 欺诈, 舞弊, 骗子"
fraudulent,"a. 欺诈的, 不正的, 不诚实的\n[法] 欺诈的, 欺骗的, 骗取的"
fraught,"a. 含有...的, 伴着...的, 充满...的"
fray,"n. 磨损, 打架, 争论\nvt. 使磨损\nvi. 被磨损"
frazier,n. (Frazier)人名；(法)弗拉齐耶；(英)弗雷泽\n弗雷泽
freak,"n. 畸形人, 畸形物, 不正常的事物, 反复无常\na. 奇异的, 反常的"
freaked,"a. 有奇特的斑纹的, 有奇特的条纹的"
freaking,"a. （用以加强语气）该死的, 使人憎厌的, 糟透的\nadv. 非常, 十分, 极\nv. （使）强烈反应, 震惊, 畏惧( freak的现在分词 )"
freaks,n. 畸形人；怪胎（电影名）
freaky,"a. (=freakish)畸形的, 捉摸不定的"
fred,n. 佛瑞德（男子名）
freddie,"n. 弗雷迪（男子名, 等于Freddy）"
freddy,n. 弗雷迪（男子名）
frederic,n. 弗雷德里克（男性名）
frederick,n. 弗雷德里克（男子名）
free,"a. 自由的, 享受政治权力的, 允许的, 免费的, 丰富的\nvt. 释放, 解放, 使自由\nadv. 自由地, 免费"
freed,a. 释放的
freedom,"n. 自由, 坦率, 特权\n[法] 自由, 自主, 免除"
freedoms,n. （指权利或状态）自由自在( freedom的复数形式 ); 自由权; 没有…的情况; 不受…影响的状态
freeing,[计] 释放
freelance,"n. 自由作家, 自由投稿, 自由职业者\na. 自由投稿的"
freely,"adv. 自由地, 随意地, 无拘束地, 直率地, 坦白地, 慷慨地, 免费地, 大量地\n[计] 浮动地"
freeman,"n. 自由民, 公民, 正会员\n[法] 自由民, 公民, 有公民权的人"
frees,v. 解放（free的第三人称单数形式）
freestyle,n. 自由式
freeway,n. 高速公路
freeze,"vi. 冻结, 冷冻, 僵硬, 楞住\nvt. 使结冰, 使冻住, 使呆住\nn. 结冰, 凝固\n[计] 冻结"
freezer,"n. 冰库, 冰箱, 冷冻库"
freezes,v. 冻结（freeze单三形式）
freezing,"a. 冰冻的, 冷冻用的, 严寒的\n[化] 冻结; 冻结作用; 凝固; 凝固作用"
freight,"n. 船货, 运费, 货运\nvt. 装货, 使充满, 以货运运送, 租(或出租)(船等)"
fremantle,n. 弗里曼特尔（澳大利亚西海岸城市）
fremont,n. 弗里蒙特（姓氏）；菲蒙市（美国城市名）
french,"n. 法国人, 法文, 法式\na. 法国的, 法国人的, 法语的"
frenchman,n. 法国人
frenzy,"n. 疯狂, 狂暴, 狂怒\n[医] 暴怒, 狂乱"
frequencies,n. 频率（frequency的复数形式）；频数分析；次数分配表
frequency,"n. 频率, 频数\n[计] 频率"
frequent,"a. 时常发生的, 频繁的, 快速的\nvt. 时常来访, 常常聚集, 常与...交往"
frequented,"v. 常到, 光顾, 常与…交往( frequent的过去式和过去分词 )"
frequently,"adv. 频繁, 经常地"
fresco,"n. 湿壁画, 湿壁画技法\nvt. 作湿壁画于"
fresh,"a. 新鲜的, 新奇的, 另外的, 淡的, 精神饱满的, 冒失的\nadv. 最新地, 刚刚\nn. 开始, 泛滥"
freshly,"adv. 新, 新近, 精神饱满"
freshman,"n. 新手, 生手, 大学一年级学生, (美)中学一年级学生"
freshmen,n. 大学一年级新生；新手（freshman的复数）
freshness,"n. 新, 新鲜, 精神饱满"
freshwater,"a. 江河湖泊的, 淡水的"
fresno,n. 夫勒斯诺市（美国加利福尼亚州中部城市）
fret,"n. 烦躁, 磨损, 焦急, 网状饰物\nvi. 烦恼, 不满, 磨损\nvt. 使烦恼, 腐蚀, 使磨损, 使起波纹"
freud,"n. 佛洛伊德（856-1939, 奥地利心理分析学家及精神病学家）"
fri,abbr. 最终成品抽验（Final Random Inspection）
friction,"n. 摩擦, 摩擦治疗, 不和\n[医] 摩擦"
friday,n. 星期五
fridays,"adv. 每星期五, 在任何星期五"
fridge,n. 电冰箱
fried,a. 油炸的
friedman,n. 弗里德曼（男子名）
friedrich,n. 弗里德里希（人名）
friend,"n. 朋友, 支持者, 赞助者\n[法] 朋友, 友人, 赞助者"
friendly,"a. 友好的, 亲切的, 互助的\nadv. 友善地, 温和地"
friends,n. 老友记（剧集）
friendship,"n. 友谊, 友爱, 友善"
friendships,n. 友情( friendship的复数形式 ); 友谊; 朋友关系
fries,n. 炸薯条（French fries）
frigate,"n. 装有大炮的快速帆船, 护卫舰"
fright,"n. 惊骇, 吃惊\n[医] 惊吓"
frightened,"a. 受惊吓的, 受惊的, (非正式)害怕...的"
frightening,a. 令人恐惧的；引起突然惊恐的
fringe,"n. 边缘, 端, 流苏, 穗, 初步\nvt. 加穗于, 加饰边于\na. 边缘的, 附加的"
fringes,"n. （头发的）刘海( fringe的名词复数 ); （外衣, 小地毯等的）饰边; 毛边; 边缘"
fritz,"n. 德国兵, 德国人"
frivolous,"a. 轻佻的, 妄动的, 琐碎的\n[法] 轻薄的, 轻浮的, 无意义的"
fro,"adv. 向那边, 向后"
frog,"n. 青蛙\n[医] 蛙, 马蹄叉"
frogs,n. 青蛙（frog的复数形式）
from,"prep. 从, 来自, 根据"
front,"n. 前面, 开头, 前线, 阵线, 态度\nvt. 面对, 朝向, 对抗\nvi. 朝向"
frontal,"a. 前面的, 正面的, 额的\nn. 额骨, 祭坛(前面的)帏帘, (建筑物的)正面"
fronted,a. 移首的；前移的
frontier,"n. 边界, 边境\n[法] 国境, 边境, 边界"
frontiers,n. 边界( frontier的名词复数 ); 边境; 开发地区的边缘; 尚待开发的领域
frontline,"n. 前线; [体]锋线（包括大前锋, 小前锋, 中锋）"
frontman,"n. 主唱; 出面人物：是名义上的负责人, 但又缺少权威"
fronts,n. 前面( front的名词复数 ); 前线; 一面; 幌子
frost,"n. 霜, 冰冻, 冷漠\nvt. 覆着霜, 冻结, 结霜\nvi. 受冻, 起霜"
frosty,"a. 霜冻的, 严寒的, 冷淡的"
frown,n. 皱眉\nvi. 皱眉头\nvt. 皱眉表示
frowned,v. 皱眉( frown的过去式和过去分词 )
froze,freeze的过去式
frozen,"a. 冻结的, 冰冷的, 严寒的, 冻伤的, 冷酷的\nfreeze的过去分词"
frugal,"a. 节俭的, 朴素的"
fruit,"n. 水果, 果类, 结果\n[医] 果实, 种实"
fruitful,"a. 结果实的, 多实的, 产量多的"
fruition,"n. 成就, 实现, 结果实"
fruits,"[法] 孽息, 收益, 成果"
fruity,"a. 水果的, 有果味的, 有(低级)趣味的, 圆润的"
frustrated,"a. 失意的, 挫败的；泄气的"
frustrating,a. 令人沮丧的
frustration,"n. 挫折, 顿挫\n[医] 挫折"
frustrations,n. 挫折( frustration的复数形式 ); 失败; 挫败; 失意
fry,"n. 油炸食物, 鱼苗\nv. 油炸, 煎"
frying,"v. 油炸, 油煎( fry的现在分词 ); 皮肤晒黑; 煎炸; 油发"
fs,"[计] 字段分隔符, 文件结构, 有限态, 功能选择, 频移"
fsa,[医] 甲醛磺胺醋胺
fsu,abbr. freak student union 怪异学生联盟
ft,n. 英尺
ftc,abbr. （美）联邦贸易委员会（Federal Trade Commission）；（日）公平贸易委员会（Fair Trade Commission）
fu,"[计] 字段单元, 功能部件"
fuck,"vt. 与...性交, 欺骗, 诅咒\nvi. 性交\nn. 性交, 些微, 杂种\ninterj. 他妈的, 混帐"
fucked,a. 受骗的
fucker,"n. 笨蛋, 傻瓜"
fuckers,"n. 傻瓜, 笨蛋( fucker的复数形式 )"
fuckin,该死的（俚语）
fucking,"a. 该死的, 难完成的, 难做的, 低劣的, 讨厌的, 丑恶的, 混乱的, 乱糟糟的"
fucks,vt. 性交；诅咒（fuck的第三人称单数形式）
fudge,"n. 虚构的故事, 谎言, 胡说\ninterj. 胡说八道\nvi. 蒙混, 做傻事\nvt. 粗制滥造, 捏造, 逃避职责"
fuel,"n. 燃料, 木炭\nvt. 加燃料, 供燃料\nvi. 得到燃料"
fueled,v. 加燃料（fuel的过去分词）
fueling,[化] 加燃料; 加油; 燃料转注
fuels,"n. 燃料, 供给燃料（fuel 复数形式）"
fugitive,"a. 逃亡的, 短暂的, 难捉摸的\nn. 逃亡者, 亡命者, 难捕捉之物"
fugitives,"n. 亡命者, 逃命者( fugitive的复数形式 )"
fuji,n. 富士山（在日本本州岛上的死火山）
fukushima,n. 福岛（日本城市）
fulfil,"vt. 实践, 履行, 实行, 完成, 结束, 满足\n[经] 履行(契约), 满期"
fulfill,"vt. 实践, 履行, 实行, 完成, 结束, 满足\n[法] 履行, 完成, 达到"
fulfilled,"a. 满足的, 个人志向得以实现的\nv. 满足( fulfil的过去式和过去分词 ); 执行; 尽到; 应验"
fulfilling,a. 能实现个人抱负的；令人高兴的；令人满意的
fulfillment,"n. 履行, 结束, 完成, 实现, 满意, 称心"
fulham,n. <旧俚>(赌博中作弊的)假骰
full,"n. 全部, 完整\na. 充满的, 完全的, 丰富的, 完美的, 丰满的, 详尽的\nadv. 完全地, 整整, 十分\nvt. 把(衣服等)缝得宽松, 漂洗\n[计] 完整"
fullback,n. 后卫
fuller,"n. 漂洗工, 套柄铁锤\n[机] 半圆型锤"
fullest,"最满的, 最完全的（full的最高级）"
fully,"adv. 十分地, 完全地, 充分地"
fulton,n. 富尔顿（姓氏）
fumble,"n. 摸索, 笨拙的行动, 漏球\nvt. 摸索, 乱摸, 笨拙的处理, 漏接(球)\nvi. 摸索, 笨手笨脚, 漏球"
fumes,"n. 烟, 汽, 气\n[机] 烟"
fun,"n. 乐趣, 玩笑, 娱乐\nvi. 开玩笑\na. 供娱乐用的"
function,"n. 官能, 职务, 功能, 函数\nvi. 活动, 运行, 行使职责\n[计] 功能, 函数"
functional,"a. 功能的\n[医] 机能的, 功能的, 官能的"
functionality,"[计] 功能性, 泛函性\n[化] 官能度"
functionally,"adv. 官能, 有功能, 职务, 机能, 在起作用, 从使用/实用的观点设计, 函数\n[计] 功能地"
functioning,"n. 运行, 运作；功能；机能；起酌（function的动名词）"
functions,n. 功能；函数（function的复数形式）
fund,"n. 基金, 资金, 存款, 财源, 贮藏\nvt. 提供资金, 积累"
fundamental,"n. 基本原理, 原则, 基波\na. 基本的, 重要的, 原音的"
fundamentalist,n. 基要主义者
fundamentally,"adv. 基础, 首要, 主要, 十分重要, 基本, 根本, 原始, 基频, 基音, 基谐波"
fundamentals,n. 基本面；基本原理（fundamental的复数）
funded,"a. 成为有固定利息的长期借款的\n[法] 提供资金的, 有固定利息的, 长期借款的"
funding,[经] 债务转期
fundraiser,n. 资金筹集活动; 筹款人
fundraising,"n. 筹款, 募款\na. 筹款的"
funds,"n. 基金；资金, 现金（fund的复数）"
funeral,"n. 葬礼, 出殡"
funerals,"n. 葬礼, 丧礼( funeral的复数形式 )"
fungal,"a. 真菌, 突然发生而迅速生长的东西, 真菌类植物, 海绵肿, 真菌类病害\n[医] 真菌的, 霉菌的"
fungi,"pl. 真菌, 突然发生而迅速生长的东西\n[医] 真菌, 霉菌, 蕈, 海绵肿"
fungus,"n. 真菌, 真菌类植物\n[医] 真菌, 霉菌, , 蕈, 海绵肿"
funk,"n. 怯懦, 恐惧, 臭味\nvt. 畏缩, 害怕, 使闻到臭味\nvi. 惊恐, 发出臭味"
funky,"a. 畏缩的, 怯懦的, 恶臭的"
funnel,"n. 漏斗, 漏斗状的东西, 烟囱\n[化] 漏斗"
funnier,滑稽的\n有趣的（ funny的比较级 ）
funniest,a. 最滑稽的（funny的最高级形式）
funny,"a. 好笑的, 有趣的, 滑稽的\nn. 滑稽人物"
fur,"n. 毛皮\nvt. 以毛皮制作, 使生苔, 使生水垢\nvi. 生苔, 积水垢"
furious,"a. 狂怒的, 激烈的, 吵闹的"
furiously,adv. 狂暴地；猛烈地
furnace,"n. 火炉, 熔炉, 考验\nvt. 在炉中烧"
furnish,"vt. 供给, 提供, 装设\n[化] 供应; 供给; 配料"
furnished,"a. 家具, 有家具的"
furnishings,n. 家具；供应；穿戴用品（furnishing的复数）
furniture,"n. 家具, 帆具"
furry,"a. 毛皮的, 盖着毛皮的, 似毛皮的"
further,"a. 更远的, 此外的, 更多的\nvt. 促进, 增进, 助长\nadv. 更进一步地, 更远地, 此外"
furthermore,"adv. 此外, 而且"
furthest,"a. 最远的, 最遥远的\nadv. 最远, 最大, 最"
fury,"n. 愤怒, 狂暴, 狂怒的人\n[医] 狂乱, 狂暴, 狂怒"
fuse,"n. 保险丝, 导火线\nv. 熔化, 融合"
fused,"a. 熔化的, 熔凝的"
fuselage,n. 机身
fusion,"n. 熔合物, 结合, 熔合\n[化] 熔融; 熔化; 聚变"
fuss,"n. 大惊小怪, 小题大作, 忙乱\nvi. 无事自扰, 焦急, 焦燥, 忙乱\nvt. 使激动, 使烦燥"
futile,"a. 无用的, 琐细的, 不重要的"
future,"n. 未来, 将来\na. 将来的, 未来的"
futures,n. 期货\n[经] 期货
futuristic,a. 未来派的
fuzzy,"a. 有微毛的, 模糊的\n[电] 微毛"
fw,abbr. 给水（Feed Water）；磁场减弱；淡水；隔火墙
fx,abbr. 外汇（Foreign Exchange）；固定电台（Fixed Station）
fy,[经] 会计年度
fyi,供参考\n[计] 为你所用之信息
ga,[医] 镓(31号元素)
gabby,a. 饶舌的
gabe,n. 加布（男子名）
gabriel,n. 加百利(<<经经>>中七大天使之一)
gabrielle,n. 加布里埃尔（女子名）
gaddafi,n. (Gaddafi)人名；(阿拉伯)卡扎菲
gadget,"n. 小配件, 小玩意, 诡计"
gadgets,n. 小配件；小工具（gadget的复数）
gaelic,n. 盖尔语\na. 盖尔人的
gag,"n. 箝口物, 箝制言论, 讨论终结\nvt. 阻塞, 压制言论自由, 使窒息, 使呕吐, 插科打浑, 欺骗\nvi. 窒息, 作呕, 欺骗, 插科打浑"
gaga,"a. 老朽的, 狂热的"
gage,"n. 抵押品, 挑战\nvt. 以...为担保, 以...为赌注\nn. 抵押品, 标准度量, 计量器\nvt. 精确计量, 估计"
gail,"n. 盖尔（女子名, 等于Gale或Gayle）"
gain,"n. 增益, 获得, 利润, 收获, 增加\nvt. 得到, 增进, 赚到\nvi. 获利, 增加\n[计] 增益"
gained,"v. 增进；获得, 得到（gain的过去式）"
gainesville,n. 盖恩斯维尔（美国佛罗里达州北部城市）
gaining,n. 增进单向开槽；单向开槽
gains,n. 收益；利益；腰槽；榫眼（gain的复数）
gait,"n. 步法, 步态\nvt. 训练...的步法"
gal,"[化] 伽(重力加速度单位,等于1厘米/秒,2)"
gala,"n. 节日, 祝贺"
galactic,"a. 乳汁的, 银河的, 极大的\n[医] 乳液的, 催乳液的"
galaxies,n. 星系( galaxy的名词复数 ); 银河系; 一群（杰出或著名的人物）
galaxy,"n. 银河, 星系, 一群(显赫的人物)\n[电] 银河系"
gale,"n. 狂风, 大风, 定期租金\n[经] 地租, 年金"
galilee,n. 加利利（巴勒斯坦北部一多山地区）；西端入口处的门廊（中古英国教堂）
galileo,n. 伽利略
gall,"n. 胆汁, 五倍子, 苦味, 肿痛, 恼怒, 磨损处\nvt. 烦恼, 屈辱, 磨伤\nvi. 被磨伤"
gallagher,加拉格尔（人名）
gallant,"a. 英勇的, 壮丽的, 华丽的"
galleries,n. 美术馆（gallery的复数）；图表种类
gallery,"n. 走廊, 最高楼座, 画廊, 收集, 图库\n[计] 图库"
galley,"n. 战舰, 军舰"
gallon,n. 加仑\n[医] 加仑
gallons,n. 加仑；一加仑的容器；大量（gallon的复数）
galloway,n. 盖勒韦马(苏格兰产)
gallup,"n. 盖洛普（姓氏）；盖洛普（George Horace, 1901-美国统计学家, 盖洛普民意测验的创始人）"
galore,"adv. 丰富地\nn. 丰富, 大量"
gals,"n. 女孩儿们（gal的复数, 等于girls）"
galveston,"n. 加尔维斯顿（港口城市名, 位于美国得克萨斯州东南部）"
galway,n. 戈尔韦（爱尔兰一城市）
gambit,"n. 以取得优势的开局棋法, 开场白, 话题"
gamble,"n. 赌博, 冒险\nv. 赌博, 孤注一掷"
gambler,"n. 赌博者, 赌徒\n[法] 赌徒, 投机商人"
gamblers,"n. 赌博者, 赌徒( gambler的复数形式 )"
gambling,n. 赌博
game,"n. 比赛, 玩耍, 比分, 得胜, 比赛规则, 策略, 游戏, 野味\nvi. 赌博\na. 勇敢的, 有胆量的, 关于野味的, 跛的\n[计] 博弈; 对策"
gameplay,"n. （电脑游戏的）游戏情节设计, 玩法"
gamer,"n. 玩家, 博弈者"
gamers,"(gamer 的复数) n. 玩家, 博弈者"
games,"n. (英)体操课, 体育课, [谓语用单数或复数]运动会, 比赛会, 竞技会"
gaming,"n. 赌博, 赌胜负\n[法] 赌博, 赌赛"
gamma,"n. 希腊语的第三个字母(Γ,γ)\n[医] γ(希腊文第三个字母), 丙种, 微克(千分之一毫克)"
gandhi,n. 甘地
gang,"n. 队, 群, 帮\nvi. 成群结队, 结成一伙\nvt. 使成群结队"
gangs,n. 帮派（gang的复数）
gangster,"n. 流氓, 歹徒\n[法] 暴徒, 恶棍, 打手"
gangsters,"n. 匪徒, 歹徒( gangster的复数形式 )"
gao,abbr. 总审计局（General Accounting Office）；决算总局（General Accounting Office）
gap,"n. 缝隙, 缺口, 间断, 间距, 通用汇编程序\nvt. 打开缺口, 造成缝隙\nvi. 豁开\n[计] 通用汇编程序, 图形应用程序, 间距"
gaping,a. 多洞穴的
gaps,"n. 差异, 缺口；缝隙（gap的复数形式）"
garage,"n. 车库, 汽车修理厂, 机库\nvt. 把车送入修车场"
garages,n. 车库（ garage的名词复数 ）; 汽车修理站; 加油站; （兼营汽车修理、销售的）加油站
garbage,"n. 垃圾, 废物\n[计] 无用信息"
garcia,n. 加西亚（姓氏）
garde,n. 加尔达（姓氏）
garden,"n. 花园, 果园, 菜园\nvi. 栽培花木\nvt. 造园\na. 花园的, 普通的"
gardener,"n. 园丁, 花匠, 园艺家"
gardeners,"n. 园丁, 园艺爱好者( gardener的名词复数 )"
gardening,n. 园艺(学)
gardens,n. 花园（garden的复数形式）
gardiner,加德纳\n加德纳
gardner,n. 加德纳（男子名）
gareth,"[亚瑟王传奇]加雷思(园桌骑士之一, 亚瑟王的侄子)"
garfield,n. 加菲猫（卡通形象）；加菲尔德（男子名）
garland,"n. 花环, 荣誉\nvt. 戴花环"
garlic,n. 大蒜\n[化] 大蒜
garment,"n. 衣服, 衣装, 外表"
garments,"n. 服装, 衣着"
garner,"n. 谷仓, 积蓄\nvt. 储存, 贮藏"
garnered,"v. 收集并（通常）贮藏（某物）, 取得, 获得( garner的过去式和过去分词 )"
garnet,"n. 石榴石, 深红色\n[化] 石榴子石; 石榴石; 子牙乌(石榴子石类矿物宝石的工艺名称)"
garrett,n. 加勒特（男子名）
garrison,"n. 守备队, 驻军, 要塞\nvt. 守备, 派兵驻守"
garry,n. 奥里根白栎（植物）
garth,"n. 中庭, 庭院"
gary,n. 盖理
gas,"n. 气体, 汽油, 瓦斯\n[化] 气体; 煤气; 瓦斯; 毒气"
gases,n. 气体
gasoline,n. 汽油\n[化] 汽油
gasp,"n. 喘气\nvi. 喘气, 喘息, 渴望\nvt. 气喘吁吁地说"
gaston,n. 加斯顿（男子名）
gastric,a. 胃的\n[医] 胃的
gastrointestinal,"a. 胃肠的, 肠胃的\n[医] 胃肠的"
gate,"n. 门, 牌楼, 大门, 通道, 闸\nvt. 装门于\n[计] 门; 栅"
gated,a. 有关卡的；带栅门的
gates,n. 大门；关口（gate的复数形式）
gateway,"n. 门, 通路\n[计] 网关"
gather,"n. 集合, 聚集\nvi. 聚集, 集合, 渐增\nvt. 使聚集, 搜集, 积聚"
gathered,v. （使）聚集（ gather的过去式和过去分词 ）; 集合; 推断; 了解
gathering,"n. 聚集, 集中, 采集\n[化] 富集"
gatherings,n. 聚集( gathering的复数形式 ); 收集; 采集; 搜集
gathers,n. 碎褶；密褶（gather的复数）
gator,n. 短吻鳄
gators,n. 短吻鳄( gator的复数形式 )
gatsby,n. 杰士派（品牌名）；盖茨比（姓）
gauge,"n. 标准度量, 计量器\nvt. 精确计量, 估计\n[计] 线规"
gauges,n. 规格( gauge的名词复数 ); 厚度; 宽度; 标准尺寸\nv. （用仪器）测量( gauge的第三人称单数 ); 估计; 计量; 划分
gauntlet,"n. 铁手套, 长手套, 夹击\n[医] 手套形绷带"
gave,give的过去式
gavin,n. 加文（男子名）
gay,"a. 欢快的, 艳丽的, 快乐的, 放荡的"
gayle,[医] 羊产后热
gays,n. 同性恋者（尤指男性）( gay的复数形式 )
gaza,n. 加沙（地中海岸港市）
gaze,"n. 注视, 凝视\nvi. 注视, 凝视"
gazette,"n. 报, 公报, 报纸\nvt. 在公报上宣布, 刊载于公报"
gazing,"v. 凝望, 凝视"
gb,[计] 千兆字节
gc,[化] 气相色谱法; 气相层析
gcse,abbr. 普通中等教育证书(General Certificate of Secondary Education)
gd,[计] 图形显示\n[医] 钆(64号元素)
gdp,[化] 鸟苷二磷酸
ge,"通用电气公司\n[计] 通用电气公司, 通用图形编辑程序"
gear,"n. 齿轮, 工具\nvt. 以齿轮连起, 开动, 使适应, 安排\nvi. 连接上, 适合"
gearbox,n. 变速箱\n[化] 齿轮箱; 变速箱
geared,"a. 齿轮传动的, 变速螺旋桨"
gearing,"n. 传动装置\n[经] 比例结合, 齿轮作用"
gears,"n. 齿轮, 传动装置（gear的复数形式）"
gee,"n. 马, 家伙\ninterj. 向右, 前进, 哎呀(惊讶时所发声音)\nv. (使)向右转"
geek,n. 做低级滑稽表演的人
geeks,"n. [俚语]奇葩（指反常的人, 畸形人, 野人, 现也指智力超群, 善于钻研但不懂与人交往的学者或知识分子）；奇客（geek的复数形式）"
geelong,季隆[澳大利亚东南部港市]
geese,"n. 鹅, 鹅肉, 呆头鹅, 傻瓜"
geez,vt. 注射麻醉品\nvi. 注射
gel,"n. 胶化体, 凝胶\nvi. 胶化, 成凝胶状\n[计] 通用仿真语言"
gem,"n. 珠宝, 宝石, 珍贵之物\nvt. 饰以宝石"
gemini,"[医] 双胎, 双生子"
gemma,"n. 芽, 无性芽, 芽体\n[医] 芽, 微胶粒, 分子团"
gems,n. 宝石（gem的复数形式）
gen,"n. 消息, 真相, 情报\n[医] 基因, 遗传因子"
gender,n. 性\nvt. 产生
genders,"n. <语>性某些语言的（阳性、阴性和中性, 不同的性有不同的词尾等）( gender的复数形式 ); 性别; 某些语言的（名词、代词和形容词）性的区分"
gene,n. 基因\n[化] 基因(遗传因子)
genealogy,"n. 系谱, 宗谱, 家系, 世系, 血统\n[医] 家系, 血统, 家系学"
genera,"pl. 类, 种, 属, 种类\n[医] 属(分类)"
general,"n. 一般, 将军, 大体\na. 全面的, 大体的, 总的, 一般的, 普遍的\nn. 常规\n[计] 常规"
generalization,"n. 一般化, 普遍化, 概括\n[化] 推广; 普适化"
generalized,"a. 广义的, 普遍的；无显著特点的"
generally,"adv. 通常, 逐渐地, 普遍地"
generals,n. 将军；上将（general的复数）
generate,"vt. 产生, 发生, 导致\n[电] 产生"
generated,a. 生成的；发生的
generates,v. 生（儿、女）( generate的第三人称单数 ); （通过物理或化学过程）发生; 生成; 引起
generating,"a. 产生的, 生成的\n[计] 生成"
generation,"n. 一代, 一世, 产生\n[医] 生殖, 世代"
generational,"a. 生殖的, 世代的, 代与代之间的, 一代的, 生育的"
generations,n. 世代（generation的复数）
generator,"n. 产生器, 发电机, 生产者\n[计] 发生器"
generators,n. 发电机；生成器（generator的复数）
generic,"a. 属类的, 一般的\n[计] 一般的"
generosity,"n. 慷慨, 宽大"
generous,"a. 慷慨的, 有雅量的, 大量的, 丰富的"
generously,adv. 宽大地；慷慨地；丰盛地
genes,n. 基因（gene的复数形式）
genesis,"n. 发生, 起源, 创世记\n[医] 生殖, 发生"
genetic,"a. 创始的, 遗传的, 起源的, 遗传学的\n[医] 生殖的, 遗传的"
genetically,"adv. 创始, 遗传学, 生殖, 基因, 遗传, 发生"
genetics,n. 遗传学\n[化] 遗传学
geneva,"n. 日内瓦, (荷兰)杜松子酒"
genie,"n. 妖怪, 鬼"
genital,"a. 生殖的\n[医] 生殖的, 生殖器的"
genitalia,"n. 生殖器, 外阴部\n[医] 生殖器"
genitals,"n. 生殖器, 外阴部\n[医] 生殖器"
genius,"n. 天才, 天赋, 精神, 神魔\n[医] 特征"
geniuses,"pl. 天才, 创造能力, 才华, 天赋, 天资, 倾向, 风气, 全部特征, 本质, 思潮"
genoa,n. 热那亚
genocide,"n. 种族灭绝, 灭绝整个种族的大屠杀\n[医] 种族灭绝(侵略军队加害居民的罪行)"
genome,[化] 基因组\n[医] 染色体组
genomic, 染色体组的
genre,"n. 类型, 流派"
genres,"n. <法>（文学、艺术等的）类型, 体裁, 风格( genre的复数形式 )"
gent,n. 绅士
gentle,"a. 温和的, 文雅的"
gentleman,"n. 绅士, 先生"
gentlemen,"pl. 出身高贵的人, 有教养的人, 绅士, 有身分的人, 阁下, 先生, (雅)男人\nn. 男厕所"
gently,"adv. 温和地, 温柔地, 轻轻地, 逐渐地"
gentry,n. 贵族们
gents,n. 公共男厕
genuine,"a. 真正的, 真实的, 诚恳的\n[医] 真性的"
genuinely,adv. 真诚地；诚实地
genus,"n. 种, 类\n[医] 属(分类)"
geo,n. 长狭潮道；海湾
geoff,n. 杰夫（男子名）
geoffrey,n. 杰弗里（男子名）
geographic,"a. 地理(学)的, 地区(性)的"
geographical,"a. 地理学的, 地理的"
geographically,[计] 自通地
geography,"n. 地理学, 地理\n[医] 地理"
geologic,"a. 地质的, 地质学的"
geological,"a. 地质学的, 地质的"
geologist,"n. 地质学家, 地质学者"
geologists,"n. 地质学家, 地质学者( geologist的复数形式 )"
geology,"n. 地质学, 地质情况"
geometric,"a. 几何学的, 几何学上的, 几何学图形的"
geometry,n. 几何学\n[机] 几何学
geopolitical,[计] 地理的
georg,n. 格奥尔格（人名）
george,n. 乔治（男子名）；自动操纵装置；英国最高勋爵勋章上的圣乔治诛龙图
georges,n. 乔治斯（男子名）
georgetown,n. 乔治城（圭亚那首都）
georgia,n. 乔治亚州
georgian,"n. 乔治亚州人, 乔治亚人\na. 乔治王时代的, 乔治王时代艺术风格的, 乔治亚的"
geothermal,"a. 地温的, 地热的"
ger,"n. 圆顶帐篷, 蒙古包"
gerald,"n. 杰拉尔德（男子名, 义为勇敢的战士）"
gerard,"n. 杰勒德（男子名, Gerald的异体）"
germ,"n. 细菌, 种子, 生殖细胞, 根源\n[医] 芽胞, 胚, 胚芽, 病菌"
germain,n. (Germain)人名；(法、葡)热尔曼；(英)杰曼；(西)赫尔马因
german,"n. 德国人, 德语\na. 德国的, 德国人的, 德国语的, 同父母的"
germanic,"a. 德国的, 日耳曼语的, 日耳曼人的\nn. 日耳曼语"
germans,"n. 德国人, 德语( German的名词复数 ); [医]德国人; [人名] 杰曼斯"
germany,n. 德国
germs,n. 致病菌；细菌；病菌（germ的复数形式）
gerrard,n. 杰拉德（男子名）
gerry,n. 格里（男名）
gertrude,"n. 婴儿内衣（无袖, 两肩常用纽扣）"
gestapo,"n. <德>盖世太保, 纳粹秘密警察"
gesture,"n. 手势, 姿态\nvi. 作手势, 作姿态"
gestures,n. 手势( gesture的名词复数 ); 姿势; 姿态; 表示\nv. 做手势( gesture的第三人称单数 )
get,"vt. 得到, 获得, 变成, 使得, 收获, 接通, 抓住, 染上\nvi. 到达, 成为, 变得\nn. (网球等)救球, 生殖, 幼兽\n[计] 取得指令, 获取文件"
getaway,"n. 逃走, 起步"
gets,abbr. 政府电子贸易服务（Government Electronic Tendering Service）；美国政府应急电信服务（Government Emergency Telecommunications Service）
getting,"n. 采煤, 采掘；获得"
getty,n. 盖提（姓氏）
gettysburg,n. 葛底斯堡(美国地名)
gf,[化] 凝胶过滤法; 凝胶过滤色谱法; 生长因子
gg,abbr. 地面制导（Ground Guidance）；煤气发生器（Gas Generator）
gh,[化] 促生长素
ghana,n. 加纳
ghanaian,n. 加纳人\na. 加纳(人)的
ghetto,n. 犹太人区
ghost,"n. 鬼, 灵魂, 幻影, 一丝, 一点\nv. 鬼似地游荡"
ghostbusters,"n. 捉鬼敢死队（美国电影名, 又译魔鬼克星）"
ghostly,"a. 幽灵的, 影子似的, 精神的"
ghosts,n. 鬼；幽灵（ghost的复数）
ghz,[计] 千兆赫
gi,a. 军用的；美国军人的
giant,"n. 巨人, 大力士, 巨大怪物\na. 庞大的, 巨大的"
giants,n. 巨人（giant的复数形式）；癸干忒斯；巨人族（希腊神话中常与天上诸神作战的种族）
gibbons,n. (Gibbons)人名；(英)吉本斯\n[脊椎] 长臂猿( gibbon的名词复数 )\n吉本斯（Gibbons姓氏）
gibbs,n. 吉布斯（姓氏）
gibraltar,n. 直布罗陀
gibson,[计] 吉布森
giddy,"a. 眼花的, 头晕的\nv. (使)眼花, (使)眩晕"
gideon,n. 吉迪恩(犹太勇士)
gif,[计] 图象交换格式
gifs,(GIF 的复数) [计] 图象交换格式
gift,"n. 礼物, 赠予, 天才\nvt. 赋予"
gifted,a. 有天才的
gifts,"n. 礼品, 赠品；礼物；天赋（gift的复数形式）"
gig,"n. 旋转物, 轻便双轮马车, 赛艇, 鱼叉, 记过, 爵士乐演奏会\nvi. 乘轻便双轮马车, 乘快艇, (用鱼叉)叉鱼\nvt. (用鱼叉)叉, 刺激, 记过"
gigantic,"a. 巨人般的, 巨大的"
giggle,"v. 吃吃地笑, 咯咯地笑\nn. 咯咯笑, 傻笑"
giggles,n. 咯咯的笑( giggle的名词复数 ); 傻笑; <英·非正>玩笑; the giggles 止不住的格格笑\nv. 咯咯地笑( giggle的第三人称单数 )
giggling,v. 咯咯地笑( giggle的现在分词 )
gigi,n. 吉吉；金粉世界；琪琪（电影名）
gigs,n. 轻便两轮马车；（爵士乐、摇滚乐等）演奏会；鱼叉（gig的复数）
gil,n. 吉尔（人名）
gilbert,n. 吉尔伯特（男子名）
gilded,"a. 镀金的, 有钱的, 装饰的\ngild的过去式和过去分词"
giles,"n. 贾尔斯（男子名）；圣伊莱斯（7世纪在法兰西的希腊隐士, 残疾人, 乞丐以及被社会遗弃者的主保圣人）"
gill,"n. 鳃, 菌褶, 沟壑, 少女\nvt. 用刺网捕, 去除内脏\nvi. 被刺网捕住"
gillespie,n. 吉莱斯皮（姓）
gillette,n. 吉列公司（财富500强公司之一）
gillian,n. 吉莉安(Juliana的异体)(f.)
gilmore,吉尔摩（人名）\n吉尔摩（地名）
gilt,"n. 镀金, 眩目的外表, 小母猪\na. 镀金的\ngild的过去式"
gimme,<口>=give me(或give it to me)
gimmick,"n. 暗机关\nvt. 耍花招改变, 使暗机关"
gin,"n. 杜松子酒, 轧棉机, 陷阱\nvt. 轧棉, 用陷阱捕"
gina,n. 吉娜（男子名）
ginger,"n. 姜, 精力, 姜黄色\na. 姜黄色的\nvt. 用姜调味, 使活泼, 使有生气"
giorgio,n. 希奥尔希奥（男子名）
giovanni,n. 乔瓦尼（人名）
giraffe,"n. 长颈鹿, 鹿豹座"
girl,"n. 女孩, 少女, 女佣"
girlfriend,n. 女朋友
girlfriends,n. 女朋友；女友们（girlfriend的复数形式）
girls,n. 女孩（girl的复数）
girly,a. 像少女的
giroud,n. (Giroud)人名；(法)吉鲁；(西)希罗德
gis,"[计] 图形输入系统, 通用信息处理系统"
gist,"n. 要点, 要旨, 依据\n[法] 依据, 要旨, 要点"
git,n. [俚]饭桶
giuliani,朱利亚尼（人名）
giuseppe,n. 朱塞佩（男子名）
give,"n. 弹性, 适应性\nvt. 给, 授予, 供给, 产生, 发表, 付出, 献出, 让出\nvi. 捐赠, 支持不住, 让步"
giveaway,"n. 泄漏, 免费赠品"
giveaways,"n. 泄漏, 免费样品( giveaway的复数形式 )"
given,"a. 赠予的, 沉溺的, 约定的\ngive的过去分词"
giver,"n. 给予者, 赠予人"
gives,n. 付出；弯曲；内幕消息（give的复数）
giving,"n. 礼物, 给予物\n[法] 给予物, 礼物"
gk,"abbr. 车库里做出的模型（Garage Kit）；守门员（Goal Keeper）；希腊人, 希腊的（Greek）；卡林加社区发展基金会（Gawad Kalinga, 菲律宾的社会组织）"
gl,[医] 铍(4号元素铍的别名)
glacial,"a. 冰的, 冰川的, 冰川时代的, 冰冷的\n[医] 冰的, 冰样的"
glacier,n. 冰川
glaciers,"n. 冰河, 冰川( glacier的复数形式 )"
glad,"a. 高兴的, 喜欢的, 情愿的"
gladiator,"n. 斗士, 斗剑者, 争论者"
gladly,"adv. 高兴地, 乐意地, 欢喜地"
gladstone,"n. 一种轻型旅行袋；格拉德斯通, 格莱斯顿（英国政治家）"
gladys,n. 格拉迪斯（女子名）
glam,"a. 迷人的, 富有魅力的"
glamorous,"a. 富有魅力的, 迷人的"
glamour,"n. 魅力, 迷人的美, 魔法\nvt. 迷惑"
glance,"n. 一瞥, 闪光, 掠过, 辉矿类\nvi. 扫视, 闪光, 掠过, 提到, 略说\nvt. 扫视, 反射, 使掠过"
glanced,v. 一瞥( glance的过去式和过去分词 ); 略视; 闪耀; 浏览
gland,"n. 腺, 密封套\n[化] 衬片; 密封垫"
glands,n. 腺体（gland的复数）；气封
glare,"n. 闪耀光, 刺眼\nvi. 发眩光, 瞪视\nvt. 瞪眼表示"
glaring,"a. 闪耀的, 炫目的, 瞪视的"
glasgow,n. 格拉斯哥（英国城市名）
glass,"n. 玻璃, 玻璃杯, 透镜\nvt. 装玻璃于, 反射, 反映\nvi. 成玻璃状"
glasses,n. 眼镜；双筒望远镜；玻璃（glass的复数形式）
glastonbury,n. 格拉斯顿堡（位于英国英格兰西南）；摇滚世代（电影名）；英国格拉斯顿伯里音乐节
glaze,"n. 釉, 上光, 光滑面\nvt. 装以玻璃, 上釉于\nvi. 变得光滑, (目光)变呆滞"
glazed,a. 像玻璃的；光滑的；上过釉的；呆滞无神的
gleaming,"a. 闪闪发光的\nv. （使）闪烁, （使）闪亮( gleam的现在分词 )"
glee,"n. 欢乐, 高兴"
glen,"n. 峡谷, 幽谷"
glendale,n. 格兰岱尔市（美国城市名）；一种老式的雪佛兰车
glenn,n. 格伦（男子名）
glide,"n. 滑动, 滑过, 流水\nvi. 滑动, 滑翔, 溜走, 流逝\nvt. 使滑动"
glider,"n. 滑翔员, 滑翔机"
gliding,"a. 游动的, 滑顺的, 滑行的"
glimmer,"n. 一丝光线, 微光, 少许\nvi. 发微光"
glimpse,"n. 一瞥, 一闪\nvi. 投以一瞥, 闪烁不定\nvt. 瞥见"
glimpses,"n. 一瞥( glimpse的名词复数 ); 一看; 短暂的感受; 大致了解\nv. 瞥见( glimpse的第三人称单数 ); 开始领悟到, 开始认识到"
glitch,[计] 假信号
glitches,"n. 小过失, 差错( glitch的复数形式 )"
glitter,"n. 灿烂, 闪烁, 辉耀\nvi. 灿烂, 闪烁, 辉耀"
glittering,"a. 闪闪发光的, 光辉灿烂的, 华丽的, 极好的, 光彩夺目的, 炫耀的"
global,"a. 通用的, 全球的, 球形的, 综合的, 普遍的\n[计] 共用"
globalization,"[计] 全球化, 普及到世界范围"
globally,[计] 全局地
globe,"n. 球, 球状物, 地球仪, 天体\nv. (使)成球状"
glock,"n. 格洛克（公司名, 专产手枪）；格洛克（姓氏）"
gloom,"n. 忧郁, 暗处, 幽暗\nvi. 变忧沉, 变黑暗\nvt. 使忧郁, 使黑暗"
gloomy,"a. 抑沉的, 忧闷的, 黑暗的, 悲观的"
gloria,n. 地质用远程斜向[指示]声纳（Geological LongLORIA Range Inclined [Indicating] Asdic）
glorified,"a. 变荣耀的, 美其名的"
glorious,a. 光荣的
glory,"n. 光荣, 荣耀, 荣誉, 壮丽, 繁荣\nvi. 自豪"
gloss,"n. 光彩, 假象, 注释\nvt. 使光彩, 掩盖, 上光于, 注释, 曲解\nvi. 发光, 作注释"
glossary,"n. 专业词典, 术语集, 词表\n[计] 图文集"
glossy,"a. 平滑的, 有光泽的"
gloucester,n. 格洛斯特（英国西南部的港市）；格洛斯特硬干酪（产于英国）
gloucestershire,格洛斯特郡[英国英格兰郡名]
glove,n. 手套\nvt. 给...戴手套
glover,n. 做手套/卖手套的人
gloves,n. 手套（glove的复数）
glow,"n. 赤热, 光辉, 热情, 热烈, 红光\nvi. 发红光, 红光焕发, 发热, 洋溢, 激动"
glowing,"a. 白热的, 灼热的, 通红的, 鲜艳的\n[化] 辉光"
glucose,n. 葡萄糖\n[化] 葡萄糖; 右旋糖; 葡糖(用于复合词中)
glue,"n. 胶, 粘性物\nvt. 粘合, 胶合"
glued,v. 用胶水将物体粘合( glue的过去式和过去分词 )
gluten,"n. 面筋, 麸质\n[化] 谷蛋白; 面筋"
gm,"通用汽车公司, 总经理, 导弹\n[经] 通用汽车公司"
gma,abbr. 普通微处理器体系结构（General Microprocessor Architecture）；食品加工协会（Grocery Manufacturers Association）；甲基丙烯酸缩水甘油酯
gmail,n. 谷歌邮箱
gmbh,abbr. [德]股份有限公司（Gesellschaft mit beschrankter Haftung）
gmo,n. [医][=garamycin ointment]庆大霉素油膏
gmt,格林威治平均时\n[计] 格林威治平均时间
gnome,"n. 格言, 箴言, 侏儒, 土地神"
go,"vi. 去, 走, 达到, 运转, 查阅, 消失, 结束, 放弃, 花费, 流传, 趋于, 打算, 剩下\nvt. 以...打赌, 对付, 忍受, 出产, 为被捕者出(保释金)\nn. 去, 尝试, 进行"
goa,"n. 西藏原羚, 西藏小羚羊\n[化] 柯桠粉"
goal,"n. 目标, 终点, 得分, 球门, 守门员\nvi. 攻门, 射门得分"
goalie,n. 守门员
goalkeeper,n. 守门员
goals,"n. 目标, 目的；进球, 射中次数"
goat,"n. 山羊, 替罪羊, 色鬼"
goats,n. 山羊（goat的复数形式）
goblin,n. 小妖精
god,"n. 上帝, 神像, 偶像\nvt. 使神化"
goddamn,"a. 该死的, 完全的, 十足的, 讨厌的"
goddard,[计] 戈达德
goddess,"n. 女神, 美女, 受崇拜的女性"
godfather,n. 教父\nvt. 当教父
godfrey,n. 戈弗雷（男人名）
godly,"a. 敬神的, 虔诚的, 神的"
gods,"n. 上帝们；众神, 诸神, 泛指神灵（god的复数）"
godzilla,n. 哥斯拉（动画片名称）
goers,"(goer 的复数) n. 离去的游人(或客人), 走动的东西"
goes,v. 前进；行走（go的第三人称单数形式）
goethe,n. 歌德
goggles,"n. 护目镜, 风镜\n[化] 防护镜; 防护眼镜; 护目镜; 眼罩"
gogh,n. 高赫（姓氏）
goin,abbr. 全球观测信息网络（Global Observation Information Network）
going,"n. 去, 离去, 工作情况, 地面状况, 行为\na. 进行中的, 流行的, 成功的, 现存的"
goku,n. (Goku)人名；(日)后久 (姓)
gold,"n. 黄金, 钱财, 金块, 金色, 宝贵\na. 金的, 似金的, 金色的, 金制的"
goldberg,n. [俚]犹太老板（尤指在黑人聚居区开店或雇用黑人的）
golden,"a. 金的, 含金的, 金色的, 贵重的, 繁盛的\n[法] 金制的, 金色的, 兴隆的"
goldfish,n. 金鱼
goldie,"n. <美>金奖唱片, 金奖唱片集"
goldman,n. 高曼（姓氏）
golds,n. 金( gold的复数形式 ); 金色; 金币; 金饰品
goldsmith,n. 金匠
goldstein,戈德斯坦
golf,n. 高尔夫球\nvi. 打高尔夫球
golfer,n. 打高尔夫球的人
golfers,n. 高尔夫球手( golfer的复数形式 )
golfing,n. 打高尔夫球\nvi. 打高尔夫球(golf的ing形式)
goliath,n. 哥利亚(<<圣经>>中人物)
gomez,n. 戈麦斯（男子名）
gon,n. 百分度；（几何）…角形
gone,"a. 离去的, 死去的, 用完的\ngo的过去分词"
gong,"n. 铜锣, 皿形钟\nvt. 鸣锣召唤"
gonna,abbr. （美）将要（等于going to）
gonzales, [人名] 冈萨雷斯; [地名] [美国] 冈萨雷斯
gonzalez,n. 冈萨雷斯（姓氏）
goo,"n. 粘性物, 过分多情"
good,"n. 善行, 好处, 利益\na. 好的, 优良的, 上等的, 愉快的, 有益的, 好心的, 慈善的, 虔诚的"
goodbye,interj. 再见
goodies,"n. 特别吸引人的东西, 糖果, 好吃的东西, 美味的食品, 令人愉快的东西"
goodman,"n. 家长, 丈夫, 父亲"
goodness,"n. 仁慈, 善良"
goodnight,int. 晚安；再见
goods,"n. 货物\n[经] 货物, 商品, 动产"
goodwill,"n. 友好, 好意, 善意, 亲善, (企业享有的)信誉, 声誉\n[经] (企业的)商誉, 信誉"
goodwin,古德温（人名、地名）
goofy,"a. 愚笨的, 傻瓜的"
google,谷歌；搜索引擎技术；谷歌公司
goon,"n. 受雇暴徒, 愚笨者, 呆子"
goons,"n. 受雇暴徒, 呆子, 愚笨者( goon的复数形式 )"
goose,"n. 鹅, 雌鹅, 鹅肉, 弯把熨斗\nvt. 与...性交, 突然加大油门, 使生色, 喝倒彩"
gop,abbr. 大老党（美国共和党的别称）（Grand Old Party）；地面观测站（Ground Observation Post）
gordon,[计] 哥尔丹
gore,"n. 流出的血, 淤血, 三角形布\nvt. 把...剪成楔形三角布, 缝以补裆, 刺伤, 抵"
gorge,"n. 峡谷, 凹槽, 塞饱, 咽喉\nvi. 狼吞虎咽\nvt. 塞饱, 狼吞虎咽地吃"
gorgeous,"a. 华丽的, 灿烂的"
gorilla,"n. 大猩猩, 残暴的男人, 歹徒"
gorman,戈尔曼（人名）
gosh,"interj. 唉, 天啊, 天哪"
gospel,"n. 福音, 信仰, 真理"
gospels,n. 真理( gospel的复数形式 ); 福音音乐; <新约>四福音书; 原则
gossip,"n. 闲聊, 随笔, 流言, 爱讲闲话的人\nvi. 说闲话, 闲聊"
got,get的过去式和过去分词\n[化] 谷草转氨酶; 谷氨酸草酰乙酸转氨酶
gotcha,<口>=(I have)got you
goth,"n. 哥特人, 野蛮人, 粗野的人"
gotham,"n. 哥谭镇(英传说中愚人村), (美国)纽约市"
gothic,"n. 哥特风格\na. 哥特式的, 野蛮的"
gotta,"必须, 有, 拥有"
gotten,get的过去分词
gould,n. 古尔德（姓氏）
gourmet,n. 美食家
gov,[计] 政府域名
govern,"v. 统治, 支配, 管理"
governance,"n. 统治, 统辖, 管理\n[法] 统治, 管理, 支配"
governed,v. 统治( govern的过去式和过去分词 ); 管理; 治理; 支配（词或短语的形式或用法）
governing,"[计] 调节, 控制"
government,"n. 政府, 内阁\n[经] 政府, 政治, 政体"
governmental,"a. 政治的, 统治上的, 政府的\n[法] 政府的, 统治的, 政治上的"
governments,n. 政权；政府；可转让政府证券（government的复数）
governor,"n. (美)州长, (英)总督, 统治者, 管理者, 理事\n[医] 节制器, 调节器"
governors,n. 主管( governor的复数形式 ); 理事; （美国的）州长; （学校、学院、医院等机构的）董事
governs,v. 统治( govern的第三人称单数 ); 管理; 治理; 支配（词或短语的形式或用法）
govt,abbr. government 政府
gown,"n. 睡衣, 法衣, 大学全体师生\nvt. 使穿睡衣"
gowns,n. （法官、英国律师、大学学生在特别仪式上穿的）长袍( gown的名词复数 ); 女长服; （尤指在医院穿的）罩衣; 宽松长外衣
gp,"普通医师, 普通医生开业医生\n[计] 通用程序设计, 图形处理器"
gpa,abbr. 通用放大器（General Purpose Amplifier）；客运总经纪人（General Procurement Agent）；平均分数（Grade-Point Average）
gps,abbr. 全球定位系统（Global Position System）；通用雷达（General Purpose Radar）；炮长主瞄准镜（Gunner's Primary Sight）
gpu,abbr. 地面动力装置（ground power unit）
gq,abbr. 全船战备部署（general quarters）
gr,"射击场, 总预备队\n[医] 喱, 格令, 谷(英国重量单位)"
grab,"n. 抓握, 掠夺, 强占, 东方沿岸帆船\nvi. 抓取, 抢去\nvt. 攫取, 捕获, 霸占"
grabbed,v. 攫取；捕获；强夺；匆忙地做（grab的过去分词形式）
grabbing,v. 抓；夺走；强烈吸引（grab的ing形式）
grabs,n. 链钩（grab的复数）
grace,"n. 优雅, 风度, 慈悲, 恩惠, 体面, 赦免, 恩典, 谢恩祷告\nvt. 使优美"
graceful,a. 优美的
gracefully,adv. 优雅地；温文地
graces,"n. 风度, 恩遇, 魅力"
gracie,n. 格雷西(Grace的异体)(f.)
gracious,"a. 亲切的, 慈善的"
grad,n. 毕业生；校友
grade,"n. 等级, 年级, 阶段, 成绩, 程度, 坡度, 斜坡\nvt. 分等, 分级, 评分\nvi. 属于某等级, 逐渐变化"
graded,a. 分等级的；按年级分的
grader,"n. 把东西分类别的人/机器, 平路机, 推土机"
graders,分级机\n分类机\n…年级学生\n[建] 平地机（grader的复数）
grades,n. 分数；等级（grade的复数形式）
gradient,"n. 倾斜度, 梯度, 坡度, 斜率\na. 渐升的, 渐降的, 步行的"
grading,"[经] 分级, 归类"
gradual,"a. 逐渐的, 渐增的\nn. 弥撒升阶圣歌"
gradually,adv. 逐渐地
graduate,"n. 毕业生, 量杯\na. 已得学位的, 研究生的, 毕业的\nvi. 毕业, 得学位, 逐渐变为\nvt. 准予...毕业, 授予...学位, 分等级, 刻刻度"
graduated,"a. 毕业了的, 分等级的, 分度的, 刻度的\n[医] 有刻度的"
graduates,n. <美>毕业生( graduate的名词复数 ); <英>大学毕业生; （已经取得学士学位正在攻读高级学位的）研究生; 量筒\nv. 渐变( graduate的第三人称单数 ); 渐渐变为（与into连用）; 渐渐消逝（与away连用）; 取得资格（与as连用）
graduating,v. 渐变( graduate的现在分词 ); 渐渐变为（与into连用）; 渐渐消逝（与away连用）; 取得资格（与as连用）
graduation,"n. 毕业, 得学位, 分划, 刻度, 分等级\n[医] 刻度, 分度, 毕业"
grady,n. 格雷迪（男子名）
graeme,n. 格雷姆（男子名）
graffiti,n. 墙上乱写乱画的东西
graft,"n. 嫁接, 贪污\nv. 嫁接, 移植, 贪污"
graham,a. 全麦的；粗面粉的；全麦粉制成的
grail,n. 长期以来梦寐以求的东西
grain,"n. 谷粒, 颗粒, 谷类, 纹理, 本质\nv. (使)成谷粒"
grains,n. 双齿/多齿鱼叉\n[化] 糟; 酒糟
gram,"n. 克, 绿豆, 鹰嘴豆\n[医] 克"
grammar,"n. 语法学, 入门书\n[计] 语法检查"
grammatical,"a. 语法的, 合乎语法的\n[法] 语法上的, 符合语法规则的, 文法上的"
grammy,n. 格兰密唱片奖
grams,n. 克（gram的复数形式）
gran,"n. 外祖母, 祖母, 老奶奶"
granada,格兰纳达薄呢
grand,"a. 庄重的, 壮观的, 显赫的, 重大的, 最高的, 雄伟的, 宏大的, 豪华的, 傲慢的\n[法] 重大的, 主要的, 伟大的"
grandchild,"n. 孙, 外孙女, 外孙, 孙女, 孙子"
grandchildren,"n. 孙子, 孙辈"
granddaughter,"n. 孙女, 外孙女"
grande,"a. 重大的, 显要的"
grandeur,"n. 庄严, 伟大, 壮丽"
grandfather,"n. 祖父, 始祖\n[电] 原始资料组"
grandkids,(grandkid 的复数) n. （外）孙；（外）孙女
grandma,"n. 奶奶, 外婆"
grandmother,"n. 祖母, 女祖先"
grandpa,"爷爷, 老太爷, 外公"
grandparents,n. 外祖父母；祖父母（grandparent的复数）
grandson,"n. 孙子, 外孙"
grange,"n. 农庄, 田庄"
granger,"n. 农夫, 农民"
granite,n. 花岗岩\n[化] 花岗岩
granny,"n. 奶奶, 老奶奶, 老婆婆, 外婆, 婆婆妈妈的人, 唠叨挑剔的人, 接生婆"
grant,"n. 授予, 授予物, 允许\nvt. 允许, 承认, 授与\n[计] 授权命令"
granted,"adv. 算是如此, 但是"
granting,v. （退一步）承认( grant的现在分词 ); （尤指正式地或法律上）同意; 准许; 让渡
grants,"[经] 补助金, 拨款, 津贴"
granville,n. 格兰维尔（法国一城市）
grape,"n. 葡萄, 葡萄树\n[医] 葡萄"
grapefruit,n. 葡萄轴
grapes,"[医] 马体葡萄疮, 牛结核"
graph,"n. 曲线图, 图表, 图形\n[计] 图形"
graphic,"a. 生动的, 轮廓分明的, 绘画似的, 图解的\n[计] 图形的"
graphical,"a. 图的, 记录的, 图示的, 图解的, 书法的, 绘画的, 印刷的, 雕刻的, 详尽的\n[机] 图解式的"
graphics,"n. 制图法, 制图学, 图解算法, 图形显示\n[计] 图形; DOS外部命令:打印图形方式下的屏幕内容"
graphite,n. 石墨\n[化] 石墨
graphs,"n. 图形, 图表；曲线图（graph的复数）"
grapple,"v. 抓住, 掌握\nn. 抓住, 系紧, 掌握, 与...扭打"
grappling,"=grapnel grappling iron (打捞用的)抓机, 爪钩"
gras,abbr. 一般认为安全（Generally Recognized as Safe）
grasp,"n. 把握, 抓紧, 理解, 抓, 柄, 控制\nvt. 抓住, 紧握, 领会\nvi. 抓"
grasping,"a. 抓的, 握的, 贪婪的"
grass,"n. 草, 草原, 牧场\n[医] 草, 禾本"
grasses,n. 稻科植物类；禾本种；草地（grass的复数）
grassroots,a. 草根的；基层的；乡村的
grassy,"a. 草绿色的, 象草的, 长满草的"
grate,"n. 炉格, 炉篦, 炉栅, 火炉, 壁炉, 格栅\nvt. 装格栅于, 磨擦, 轧碎, 磨碎, 使焦急, 触怒, 使人烦躁, 刺激, 激怒\nvt.vi. 擦响, 发出刺耳的尖厉声"
grated,"a. 有格栅的, 有炉格的"
grateful,"a. 感谢的, 感激的, 令人快意的, 受欢迎的"
gratification,"n. 令人满足的事(或物), 满足, 喜悦\n[医] 愿望满足, 满意"
grating,"n. 光栅, 摩擦, 摩擦声\na. 令人气恼的, 刺耳的"
gratitude,n. 感激之情
grave,"n. 墓穴, 坟墓, 终结, 死亡\na. 庄重的, 严肃的, 重大的, 低沉的\nvt. 雕刻"
gravel,"n. 砂砾, 碎石\n[医] 沙砾, 尿沙"
gravely,"adv. 重大地, 严肃地, 庄重地"
graves,n. 坟墓（grave的复数）
graveyard,n. 墓地
gravitational,a. 重力的
gravity,"n. 地心引力, 重力\n[化] 重力"
gravy,"n. 肉汁, 外快"
gray,"n. 灰色, 暗淡\na. 灰色的, 灰白的, 面色苍白的, 年老的, 老练的, 阴沉的\nv. (使)变灰色"
grayson,格雷森(姓氏)
grazing,"n. 放牧, 牧草, 草场, 放牧法"
grease,"n. 脂肪, 兽脂, 油脂, 贿赂\nvt. 涂脂于, 贿赂"
greasy,"a. 油腻的, 含脂肪多的"
great,"a. 大的, 非常的, 主要的, 重大的, 崇高的, 伟大的\nadv. 顺利地, 得意地\nn. 全部, 大人物, 大师"
greater,[计] 大的
greatest,[计] 最大的
greatly,"adv. 很, 非常"
greatness,"n. 大, 巨大, 广大"
greats,n. 大人物们( great的复数形式 ); 伟大人物; 重要人物：大师; 名家
greece,n. 希腊
greed,"n. 贪欲, 贪婪"
greedy,"a. 贪婪的, 贪得的, 贪吃的"
greek,"n. 希腊人, 希腊语\na. 希腊的, 希腊人的\n[计] 希腊"
greeks,n. 希腊人（Greek的复数）
green,"n. 绿色, 绿色颜料\na. 绿色的, 未成熟的, 新鲜的, 青春的, 无经验的, 脸色发青的"
greenberg,n. 格林伯格（人名）
greene,n. 格林（姓氏）
greener,n. 生手
greenfield,a. 未开发地区的；待开发地区的
greenhouse,n. 温室
greenland,n. 格陵兰
greens,n. 绿叶蔬菜
greensboro,n. 格林斯博罗（美国北卡罗来纳州中北部城市）
greenville,n. 格林维尔（美国城市）
greenwich,n. 格林威治
greenwood,"n. 绿林, 湿材"
greer,n. (Greer)人名；(英)格里尔
greet,"vt. 问候, 致敬, 欢迎, 映入眼帘"
greeted,v. 欢迎( greet的过去式和过去分词 ); 迎接; 致意; （以某种方式）对…作出反应
greeting,"n. 祝贺, 问候"
greetings,n. 问候; 招呼( greeting的复数形式 ); 问候; 祝贺; 祝词
greets,v. 欢迎( greet的第三人称单数 ); 迎接; 致意; （以某种方式）对…作出反应
greg,"n. 格雷格（男子名, 等于Gregory）"
gregg,格雷格（人名）
gregor,n. 格雷戈尔（德语姓名）
gregory,"n. 格雷戈里（男子名, 古代罗马教皇之名）"
grenade,n. 手榴弹
grenades,n. <军>手榴弹( grenade的复数形式 )
greta,"n. 格里塔（女子名, Margaret的昵称, 等于Gretta）"
grew,grow的过去式
grey,"n. 灰色\na. 灰色的, 阴沉的\nv. (使)成灰色"
greyhound,n. 快速船
grid,"n. 格子, 栅格\n[计] 网格"
grids,n. 格子( grid的复数形式 ); 地图上的坐标方格; （输电线路、天然气管道等的）系统网络; （汽车比赛）赛车起跑线
grief,"n. 伤心, 忧愁, 悲痛, 不幸, 灾难"
grievance,"n. 委屈, 冤情, 苦况\n[经] 不满(对雇用条件的)"
grievances,"n. 垒块；抱怨, 不平（grievance的复数形式）"
grieve,"vt. 使悲伤\nvi. 悲痛, 伤心"
grieving,"v. 感到悲痛, 伤心( grieve的现在分词 ); 使…伤心"
grievous,"a. 痛苦的, 严重的, 充满悲伤的\n[法] 极大的, 严重的, 惨无人道的"
griffin,"n. 新手, 未经世故的人"
griffith,"n. 格里菲思（女子名, Griffin的异体）"
griffiths,n. 格里菲思（姓氏）
grill,"n. 烤架, 铁格子, 烤肉\nv. 烧, 烤, 严加盘问, 给...装栅栏"
grille,"n. 格子, 铁格子, 格子窗"
grilled,"a. 烤的, 炙过的, 有格子的"
grilling,n. 格栅
grim,"a. 冷酷的, 坚强的, 残忍的, 可怕的, 讨厌的"
grime,"n. 尘垢, 煤尘, 污点\nvt. 使污秽, 使...弄脏"
grimes,n. 格兰姆斯（广州电气公司名称）
grimm,n. 格林姆（姓氏）
grin,n. 露齿笑\nv. 露齿而笑
grind,"n. 磨, 碾, 苦差, 摩擦声, 用功的学生\nvt. 磨擦, 磨碎, 磨光, 折磨, 压榨\nvi. 磨, 磨碎, 苦干"
grinder,"n. 推磨的人, 研磨者\n[化] 磨床; 磨木机; 研磨机"
grinding,"a. 刺耳的, 沉重的, 剧烈的\n[化] 研磨; 磨碎"
grinning, 笑嘻嘻
grip,"n. 紧握, 柄, 握力, 握手方式, 手提包, 掌握, 支配, 控制\nvt. 抓紧, 抱住, 吸住, 掌握\nvi. 握牢, 有吸引力"
gripped,v. 抓紧( grip的过去式和过去分词 ); 吸引; 引起; 使感兴趣
gripping,"a. 抓的, 吸引人的, 扣人心弦的, 夹的"
grips,vbl. 抓爪
grit,"n. 砂砾, 粗砂石\nvt. 覆以砂砾, 咬牙切齿地说\nvi. 摩擦作声"
gritty,"a. 有砂砾的, 坚韧不拔的"
grizzlies,n. 北美洲灰熊( grizzly的名词复数 )
grizzly,"a. 略为灰色的, 呈灰色的\nn. 灰熊"
groan,"n. 呻吟, 叹息\nvi. 呻吟, 抱怨, 受压迫\nvt. 呻吟地说"
groceries,"n. 食品, 杂货"
grocery,"n. 食品杂货店, 食品杂货业"
groin,"n. 腹股沟, 交叉拱\n[医] 腹股沟"
groom,"n. 马夫, 新郎, 男仆\nvt. 喂马, 使...整洁, 推荐\nvi. 打扮, 穿戴"
groomed,v. 照料或梳洗（马等）( groom的过去式和过去分词 ); 使做好准备; 训练; （给动物）擦洗
grooming,n. 修饰
groove,"n. 凹槽, 惯例, 理想境况\nvt. 开槽于"
grooves,n. 沟( groove的名词复数 ); 槽; 老一套; （某种）音乐节奏\nv. 沟( groove的第三人称单数 ); 槽; 老一套; （某种）音乐节奏
groovy,"a. 槽的, 墨守成规的"
gross,"n. 总数, 总量\na. 总共的, 未打折扣的, 恶劣的, 粗野的\nvt. 总共收入"
grossed,v. 获得（…的）总收入( gross的过去式和过去分词 )
grossing,v. 获得（…的）总收入( gross的现在分词 )
grossly,"adv. 非常, 很, 粗"
grotesque,"n. 奇异风格, 怪异图案\na. 奇怪的, 可笑的"
ground,"n. 土地, 战场, 场地, 地面, 范围\na. 土地的, 地面上的\nvt. 放在地上, 使搁浅, 打基础, 给...以训练\nvi. 搁浅, 落地, 根据, 基于\na. 磨过的\ngrind的过去式和过去分词"
groundbreaking,"a. 开创性的, 突破性的"
grounded,a. [物]接地的；有基础的
grounding,"n. 基础教学, 基础训练\n[经] 搁浅"
grounds,"n. 场地, 庭院, 理由, 渣滓, 沉淀物"
groundwater,n. 地下水
groundwork,"n. 地基, 基础, 根据"
group,"n. 团体, 组, 团, 群\nv. 聚合, 成群\n[计] 创建组; 组, 用户组"
grouped,a. 化合的；分组的
grouping,n. 分组\n[计] 组
groups,"n. 群组, 组；用户组；团体（group的复数形式）"
grouse,"n. 松鸡, 牢骚\nvi. 埋怨"
grove,n. 小树林
grover,n. 格鲁佛氏；调弦系统；卷弦器
groves,n. 格罗夫斯（男子名）（女子名）或（姓氏）
grow,"vt. 种植, 使长满\nvi. 生长, 变成, 发展"
growers,雏
growing,a. 成长的
growl,"n. 吠声, 咆哮声\nv. 怒吠, 咆哮, 吼"
grown,"a. 长大的, 成年的, 长满某物的\ngrow的过去分词"
grows,v. 种植( grow的第三人称单数 ); 扩大; 扩展; 增加
growth,"n. 生长, 栽培, 增长\n[计] 等比级数"
grub,"n. 幼虫, 乏味之人\nv. 寻找, 翻掘"
grudge,"n. 怨恨, 恶意\nvt. 怀恨, 嫉妒, 吝惜"
gruesome,"a. 可怕的, 令人毛骨悚然的, 阴森的"
grumpy,"a. 性情乖戾的, 脾气暴躁的, 生气的"
grunt,"vi. 作呼噜声\nvt. 咕哝\nn. 呼噜声, 咕哝"
gs,"总书记, 秘书长, 一般参谋, 参谋部\n[计] 组分隔"
gsm,abbr. 政府标准手册（Government Standards Manual）；销售总经理（General Sales Manager）；全球移动通信系统（Global System for Mobile Communications）
gst,abbr. 格林威治恒星时（Greenwich Sideral Time）
gt,"[计] 博奕论, 图形终端"
gta,abbr. 政府电信局（Government Telecommunications Agency）；图解训练教具（graphic training aids）；侠盗猎车手（Grand Theft Auto）
gu,abbr. 关岛（Guam）
guam,n. 关岛
guangzhou,n. 广州（广东省省会）
guantanamo,n. 关塔那摩（古巴）
guarantee,"n. 担保, 抵押品, 保证书\nvt. 保证, 担保"
guaranteed,"a. 有保证的, ；有人担保的"
guaranteeing,"vt. 保证, 担保（guarantee的现在分词形式）"
guarantees,n. 担保( guarantee的名词复数 ); 担保品; 保修单; 抵押品
guard,"n. 守卫者, 警戒, 护卫队, 防护装置\nvt. 保卫, 看守, 当心\nvi. 防止, 警惕, 警卫, 看守"
guarded,"a. 被防护着的, 被监视着的, 警戒着的"
guardian,"n. 看守者, 监护人, 保护人\na. 保护的"
guardians,"n. 监护人( guardian的复数形式 ); 保护者, 维护者"
guarding,[计] 保险
guards,n. 禁卫军；护卫队；守卫；后卫（guard的复数形式）
guatemala,n. 危地马拉
gubernatorial,"a. 州长的, 统治者的"
gucci,n. 古琦（品牌名）
guerrero,格雷罗（人名）
guerrilla,n. 游击队
guerrillas,n. 游击队员( guerrilla的复数形式 )
guess,"n. 猜测, 臆测\nv. 猜测, 臆测"
guessed,v. 猜( guess的过去式和过去分词 ); （引出令人惊奇或激动的事）你猜; 猜对; 猜中
guesses,"n. 猜测, 估计, 猜想( guess的名词复数 )\nv. 猜( guess的第三人称单数 ); （引出令人惊奇或激动的事）你猜; 猜对; 猜中"
guessing,v. 猜( guess的现在分词 ); （引出令人惊奇或激动的事）你猜; 猜对; 猜中
guest,"n. 客人, 来宾, 旅客\n[化] 客体"
guests,n. 客人；来宾（guest的复数）
gui,图形用户界面\n[计] 图形用户界面
guidance,"n. 指导, 领导\n[医] 导"
guide,"n. 引导者, 导游, 指南, 路标\nvt. 指导, 支配, 管理, 带领, 操纵\nvi. 任向导\n[计] 辅助线"
guided,a. 有指导的；有向导的
guideline,"n. 指导路线, 方针, 指标\n[经] 指导路线, 方针, 准则"
guidelines,n. 指导方针
guides,n. 辅助线；参考线；指南
guiding,[计] 引导的
guido,"n. <美>太空飞行工程师,导航控制中心负责人"
guild,"n. 团体, 协会, 行业协会\n[经] 同业公会"
guilt,"n. 罪行, 内疚\n[法] 罪, 犯罪, 罪行"
guilty,"a. 犯罪的, 有过失的, 自觉有错的, 心虚的\n[法] 有罪的, 犯罪的, 自觉有罪的"
guinea,n. 几内亚
guineas,"n. 几尼（英国的旧金币, 值一镑一先令）( guinea的复数形式 )"
guinness,n. 吉尼斯黑啤酒
guise,"n. 相似, 外观, 伪装\nv. 穿戴, 伪装"
guitar,n. 吉他
guitarist,n. 吉他弹奏者
guitars,n. 吉他（guitar的复数）
gujarat,n. 古吉拉特邦（印度西部的邦）
gulf,"n. 海湾, 深渊, 漩涡, 隔阂\nvt. 吞没"
gullible,"a. 易受骗的\n[法] 易受骗的, 轻信的"
gully,"n. 小峡谷, 排水沟"
gum,"n. 树胶, 橡皮, 橡皮糖, 牙床, 老天\nvt. 涂以树胶, 用胶粘, 使有粘性\nvi. 分泌树胶, 发粘"
gums,"n. 牙龈, 树胶；牙床（gum复数形式）"
gun,n. 枪\n[医] 枪
gunfire,"n. 炮火, 号炮报时, 炮击"
gunman,"n. 枪手, 持枪的歹徒, 制造枪械者\n[法] 持枪歹徒, 持枪抢劫或杀人者, 枪炮工人"
gunmen,n. 枪手；制造枪械者；持枪的歹徒
gunn,[计] 耿氏
gunna, [地名] [苏丹] 贡纳
gunned,a. 带枪的
gunner,"n. 炮手, 炮长, 机关枪手, 带枪猎人"
gunners,n. 炮手( gunner的复数形式 ); 枪手; 射手; 炮兵
gunpoint,n. 枪口
gunpowder,n. 火药\n[化] 有烟火药; 火药
guns,n. 炮；枪（gun的复数）
gunshot,"n. 枪弹, (枪炮)射击, 炮击, 射程\na. 射击的"
gunshots,"n. 枪炮射击, 枪炮声( gunshot的复数形式 ); 枪炮的射程"
gupta,n. (Gupta)人名；(德、意、印、孟、尼)古普塔\n笈多
gurney,n. （医院中推送病人用的）轮床； 邮件车
guru,n. 古鲁(印度教导师)\n[医] 柯拉子
gus,n. 格斯（男子名）
gust,"n. 突然一阵, 趣味, 爱好"
gustav,n. 冠军
gusts,n. 一阵强风( gust的复数形式 ); （怒、笑等的）爆发; （感情的）迸发; 发作
gut,"n. 剧情, 内容, 内脏, 肚子, 海峡, 勇气\nvt. 取出内脏, 毁坏...的内部"
guthrie,n. 格思里（男子名）
guts,"n. 飞碟游戏（比赛双方每组5人, 相距15码, 互相掷接飞碟）；内脏；狭道；[口语]贪食者（gut的复数）"
gutted,a. 容易消化的\nv. 毁坏（建筑物等）的内部( gut的过去式和过去分词 ); 取出…的内脏
gutter,"n. 排水沟, 槽, 贫民区\nvt. 开沟于\nvi. 流\n[计] 装订线"
guy,"n. 家伙, 支索\nvt. 用支索撑住, 取笑, 嘲弄\nvi. 逃跑"
guyana,n. 圭亚那
guys,"n. 各位, 朋友们；球员"
gw,abbr. 十亿瓦特（gigawatt）；毛重（Gross Weight）；制导武器（Guided Weapon）
gwen,"n. 格温（女子名, Gwendolyn或Guenevere 的昵称）"
gym,"n. +体育馆, 体育训练, 体育课, 体操"
gymnasium,"n. 健身房, 体育馆\n[医] 体育馆, 健身室, 运动场"
gymnastics,"n. 体操, 体育\n[医] 体操, 体育"
gyms,n. 健身房；体育馆（gym的复数）
gypsies,n. 吉普赛人( gypsy的名词复数 ); 吉普赛人的生活方式[状况]
gypsy,"n. 吉卜赛人, 吉卜赛语\na. 象吉卜赛人的\nvi. 流浪"
ha,"interj. 嘿, 哈, 哈哈"
haas,(HAA 的复数) abbr. 重型防空武器（Heavy Anti-Aircraft）
habit,"n. 习惯, 嗜好, 习性\nvt. 使穿衣"
habitable,"a. 适于居住的, 可居住的"
habitat,"n. 栖息地, 居留地, 自生地, 聚集处\n[医] 习生地, 产地, 生境, 栖所"
habitats,"n. （动物的）栖息地, 住处( habitat的复数形式 )"
habits,n. 习性；习惯（habit的复数）
habitual,"a. 习惯的, 惯常的, 平常的\n[法] 习惯的, 以习惯为常业的, 惯常的"
hack,"n. 劈, 砍, 砍痕, 出租车, 干咳, 晒架, 鹤嘴锄\nvt. 劈, 砍, 出租, 用旧\nvi. 劈, 砍, 干咳, 驾驶出租车\na. 出租的"
hacked,生气
hacker,"[计] 计算机窃贼, 计算机新技术挑战者, 黑客"
hackers,"n. 黑客, 骇客；电脑黑客（hacker的复数）"
hacking,"[计] 程序""挖口""不轨用机"
hackney,"n. 乘用马, 出租马车\nvt. 出租, 役使, 过于频繁使用\na. 出租的, 陈腐的"
hacks,"n. 骑用马( hack的名词复数 ); 用靴头踢\nv. 劈, 砍( hack的第三人称单数 ); 狠踢, 乱踢; 能╱不能应付（某情形）; （以普通速度）骑马"
had,have的过去式和过去分词
hades,"n. 冥府, 阎王, 地狱"
hadley,n. 哈德利（姓氏）
hae,"v. (=have)有, 表示"
hague,[法] 海牙
hah,"int. 哈, 嘿"
haha,n. 哈哈（笑）
hahaha,
hahn,n. 哈恩（男子名）
hai,abbr. 国际保健行动（Health Action International）；自动调温式空气滤清器系统（Hot Air Intake）
hail,"n. 冰雹, 致敬, 欢呼, 招呼\nvt. 向...欢呼, 致敬, 招呼, 使象下雹样落下\nvi. 招呼, 下雹\ninterj. 万岁, 欢迎"
hailed,v. 下雹子( hail的过去式和过去分词 ); 如冰雹般地降下; 致敬; 打招呼
hailing,v. 下雹子( hail的现在分词 ); 如冰雹般地降下; 致敬; 打招呼
hails,v. 下雹子( hail的第三人称单数 ); 如冰雹般地降下; 致敬; 打招呼
haines,n. (Haines)人名；(英)海恩斯；(德)海内斯\n海恩斯
hair,"n. 头发, 毛发, 些微\n[医] 毛, 发"
haircut,"n. 理发, (男子的)发式"
hairdresser,"n. 美发师, 理发师"
haired,"a. 有毛发的, 长着...头发的"
hairs,n. 几根头发；体毛（hair的复数）
hairstyle,n. 发型
hairy,"a. 多毛的, 毛状的, 长毛的"
haiti,n. 海地
haitian,"a. 海地的\nn. 海地人, 海地语"
hal,[计] 硬件描象层
halal,n. 伊斯兰教律法的合法食物\nv. 按伊斯兰教律法屠宰牲畜
hale,"a. 强壮的, 矍铄的, 健壮的\nvt. 猛拉, 拖曳"
haley,n. 哈利（人名）
half,"n. 一半, 半场, 不完全\na. 一半的, 不完全的, 部分的, 半场的\nadv. 一半地, 部分地, 在某种程度上地, 几乎"
halftime,n. 中场休息
halfway,"a. 中途的, 不彻底的, 部分的\nadv. 半路地, 在中途, 在半途"
halifax,"哈里法克斯（财富500强公司之一, 总部所在地英国；主要经营银行）"
hall,"n. 门厅, 走廊, 会堂"
halle,n. 哈雷（德国城市）
hallelujah,n. 赞美上帝的颂歌
hallmark,"n. 纯度检验证明, 品质证明\nvt. 加盖纯度检验证明"
halloween,n. (基督教)万圣节前夕
halls,n. 霍尔斯（姓氏）；荷氏（公司名）
hallucinations,n. 幻觉（因患病或吸毒而产生）( hallucination的复数形式 )
hallway,n. 门厅；玄关；走廊
hallways,"n. 走廊, 过道, 门厅( hallway的复数形式 )"
halo,"n. 晕轮, 光圈, 晕状物, 荣光\nvt. 使有晕轮, 围以光环\nvi. 成晕轮"
halt,"n. 停止, 立定, 休息\nvt. 使停止, 使立定\nvi. 立定, 停止, 蹒跚, 踌躇, 有缺点\n[计] 停止"
halted,v. （使）停下来( halt的过去式和过去分词 )
halves,"pl. 半, 一半, (球赛的)半场, (英)半学年, 学期, (美)(非正式)(足球)中卫"
ham,"n. 火腿, 后腿, 笨拙演员\na. 过火的, 做作的\nv. 演得过火"
hamas,n. 伊斯兰抵抗运动
hamburg,n. 汉堡（德国城市）
hamburger,"n. 汉堡(德国港口), 肉饼, 汉堡包, 纯精牛肉, 汉堡牛排"
hamid,n. 哈米德（人名）
hamilton,n. 汉密尔顿（男子名）；哈密尔顿（美国城市名）
hamlet,"n. 小村, 部落"
hammer,"n. 锤, 铁锤, 钉锤\nvt. 锤打, 敲打, 钉\nvi. 连续锤打\n[计] 锤头"
hammered,a. 锤成的；铸打成的
hammering,n. 锤打；锤击；抨击
hammers,"n. 锤( hammer的名词复数 ); 链球; （拍卖时用的）木槌; 音槌\nv. 锤打( hammer的第三人称单数 ); 反复敲打, 连续击打（尤指发出大声）; 击败; 猛踢"
hammock,"n. 吊床\n[医] 吊床, 吊带"
hammond,n. 哈蒙德（美国城市）
hamper,"n. 食篮, 阻碍物, 食盒\nvt. 阻碍, 使困累, 妨碍, 牵制"
hampered,"v. 妨碍, 束缚, 限制( hamper的过去式和过去分词 )"
hampshire,n. 汉普郡（英国南部之一郡）
hampton,n. 汉普顿（姓氏）
hamster,n. 仓鼠\n[医] 仓鼠
hamstring,"n. 后腿腱\nvt. 切断腿腱使成跛腿, 使瘫痪"
han,n. 汉朝；汉民族
hana,n. 花之武者；刘荷娜
hancock,n. 全民超人（电影名）；汉考克
hand,"n. 手, 爪, 指针, 掌握, 协助, 人手, 手艺, 手迹, 支配, 插手\nvt. 交给, 支持, 搀扶"
handbag,n. 手提包
handbags,"n. （女用）手提包, 手提袋( handbag的复数形式 )"
handball,"n. 墙手球, 墙手球运动"
handbook,n. 手册\n[计] 手册
handcuffs,n. 手铐\n[法] 手铐
handed,"a. 有手的, 用手的"
handful,"n. 少数, 一把, 棘手事"
handgun,n. 手枪
handheld,a. 掌上型；手持型
handicap,"n. 障碍, 困难, 不利条件\nvt. 加障碍于, 妨碍"
handicapped,"a. 残疾的\n[法] 有生理缺陷的, 残废的"
handing,"[法] 处理方法, 管理, 操纵"
handkerchief,"n. 手帕, 头巾, 围巾"
handle,"n. 柄, 把手, 把柄, 柄状物, 手感\nvt. 触摸, 运用, 买卖, 处理, 操作\nvi. 搬运, 易于操纵\nn. 句柄\n[计] 句柄"
handled,a. 有把手的；有把柄的
handler,"n. 处理者, 操作者, 拳击教练\n[经] 管理者"
handlers,n. 经理人；操作者；陶器工人（handler的复数）
handles,n. 把；柄；控键（handle的复数形式）
handling,n. 处理\na. 操作的
handmade,"a. 手工的, 手制的"
handouts,n. 救济品( handout的复数形式 ); 施舍物; 印刷品; 讲义
hands,"n. 拥有, 所有\n[计] 动手"
handshake,n. 握手
handsome,"a. 英俊的, 大方的, 慷慨的, 相当可观的, 美观的, 灵敏的"
handwriting,n. 笔迹
handwritten,a. 手写的
handy,"a. 便利的, 敏捷的, 容易取得的\n[化] 便于使用的; 易操作的"
hang,"n. 悬挂, 诀窍, 意义\nvt. 悬挂, 附着, 装饰, 垂下, 踌躇, 绞死, 使悬而未决\nvi. 悬着, 垂下, 被绞死, 悬而不决"
hangar,"n. 棚厂, 飞机库"
hanged,hang的过去式和过去分词
hanger,"n. 挂钩, 吊架, 衣架, 挂衣钩\n[经] (挂在店内的)广告牌"
hanging,"n. 绞死, 绞杀, 悬挂\n[法] 绞刑, 绞死"
hangout,"n. 常去的地方, 聚集处"
hangover,"n. 宿醉, 残留物, 遗物\n[电] 残存物"
hangs,v. 悬( hang的过去分词 ); （被）绞死; 贴; 逗留
hank,"n. 一束, 一圈\nvt. 用帆眼圈(将帆)系牢"
hanks,n. 把数（hank的复数形式）；纵帆前缘帆环
hanley,n. (Hanley)人名；(德)汉莱；(英)汉利
hanna,n. 汉纳（姓氏）
hannah,n. 汉娜（女子名）
hannibal,"n. 汉尼巴尔（男子名）；汉尼拔（公元前247～前183, 迦太基名将、统帅）"
hanoi,n. 河内（越南首都）
hanover,n. 汉诺威市（位于德国）
hans,n. 德国人或荷兰人的绰号；汉斯（男子名）
hansen,n. 汉森（姓氏）
hanson,n. 韩氏兄弟合唱团（美国乐队组合）；汉森（姓氏）
happen,"vi. 发生, 发生, 恰巧"
happened,"v. 发生（happen的过去式, 过去分词）"
happening,"n. 事件, 意外发生的事"
happenings,n. 事件；意外发生的事（happening的复数形式）
happens,v. 发生( happen的第三人称单数 ); 碰巧; 产生结果; （向对方表示异议或不悦等）
happier,"a. 更快乐的, 更幸福的"
happiest,a. 幸福的；快乐的
happily,"adv. 幸福地, 快乐地, 幸好"
happiness,"n. 快乐, 幸运, 适当"
happy,"a. 快乐的, 幸福的, 愉快的, 恰当的"
har,abbr. 海港咨询雷达（Harbor Advisory Radar）
hara,abbr. 双曲绝对风险厌恶（Hyperbolic Absolute Risk Aversion）
haram,"n. (=harem)(伊斯兰教徒)女眷居住的内室,闺房, (伊斯兰教徒的)女眷,共配一雄的一群雌性动物"
harass,"vt. 使困扰, 使烦恼, 折磨"
harassed,a. 疲倦的；厌烦的
harassing,"v. 侵扰, 骚扰( harass的现在分词 ); 不断攻击（敌人）"
harassment,"n. 困扰, 烦扰, 烦恼\n[法] 折磨, 骚扰, 侵扰"
harbor,"n. 港, 避难所\nv. 庇护, 藏匿, (使)入港停泊"
harbour,"n. 港, 避难所\nv. 庇护, 藏匿, (使)入港停泊"
harcourt,n. 哈考特（姓氏）；哈科特港（尼日利亚）
hard,"a. 坚硬的, 硬的, 难的, 艰苦的, 困难的, 坚固的, 猛烈的, 艰难的, 结实的, 确实的\nadv. 坚硬地, 努力地, 辛苦地, 接近地, 猛烈地, 牢固地"
hardcore,a. 赤裸裸描写性行为的
hardcover,"a. 硬书皮的\nn. 硬封面的书, 精装书"
harden,"vt. 使变硬, 使坚强, 使冷酷\nvi. 变硬, 变冷酷"
hardened,a. 变硬的；坚定的
harder,a. 更难的；更努力的；更坚固的（hard的比较级）
hardest,a. 极难
harding,n. 哈丁（姓氏）；哈丁（美国前总统）
hardly,"adv. 刚刚, 几乎不, 勉强是"
hardness,"n. 坚硬, 困难, 严厉, 勇气\n[化] 硬度"
hardship,"n. 艰难, 辛苦, 苦难\n[法] 受苦, 吃苦, 苦难"
hardships,n. 艰难( hardship的复数形式 ); 困苦; 艰难情况; 艰辛
hardware,"n. 硬件, 五金器具, 零件\n[计] 硬件"
hardwood,"n. 硬木, 硬木材, 阔叶材, 落叶树\n[机] 硬木"
hardworking,"a. 苦干的, 不辞辛劳的"
hardy,"a. 难的, 艰苦的, 坚硬的, 勇敢的\nadv. 努力地, 辛苦地, 坚硬地"
hare,n. 野兔\nvi. 飞跑
harem,"n. 闺房, (闺房里的)妻妾"
hari,n. 哈里（男子名）
harlan,n. 哈伦（男子名）；哈尔纶聚偏氯乙烯纤维
harlem,n. 哈莱姆(纽约一地区)
harley,n. 哈利（男子名）
harm,"n. 伤害, 害处\nvt. 伤害, 损害"
harman,[化] 哈尔满; 阿锐宾
harmed,"v. （使）受到损害, 伤害( harm的过去式和过去分词 )"
harmful,"a. 有害的, 伤害的"
harming,"v. （使）受到损害, 伤害( harm的现在分词 )"
harmless,"a. 无害处的, 未受损害的, 无辜的, 无恶意的\n[法] 无害的, 无恶意的, 无损害的"
harmon,n. 哈蒙（姓氏）
harmonic,"a. 和谐的, 音乐般的, 和声的\nn. 泛音, 谐波"
harmonies,n. 和睦( harmony的名词复数 ); 融洽; 和谐; 和声
harmonious,"a. 和睦的, 调和的, 和谐的, 协调的"
harmony,"n. 协调, 和睦, 调和\n[电] 和声学"
harms,n. 危害（harm复数）
harness,"n. 马具, 挽具状带子, 甲胄\nvt. 给...上挽具, 驾驭, 披上甲胄, 利用...以产生动力"
harold,n. 哈罗德（男子名）
harp,"n. 竖琴\nvi. 弹奏竖琴, 不停地说"
harper,n. 哈珀（英语姓氏）
harriet,n. 哈里特（女子名）
harrington,n. 哈林顿（姓；人名）\nn. 哈灵顿（澳大利亚等国家的地名）
harris,n. 哈里斯（英国苏格兰一地区）；哈里斯（姓氏）
harrisburg,哈里斯堡[美国宾夕法尼亚州首府]
harrison,"n. 哈里森（男子名, 哈里之子）"
harry,"vt. 掠夺, 使苦恼, 强使前行, 折磨, 骚扰"
harsh,"a. 粗糙的, 刺耳的, 严厉的\n[法] 粗糙的, 严厉的, 苛刻的"
harshly,"adv. 粗糙地, 粗暴地, 刺耳地"
hart,"n. 雄赤鹿, 雄鹿"
hartford,n. 哈特福特（美国康涅狄格州首府）
hartley,[计] 哈特利
hartman,n. 哈特曼（姓）\nn. 哈特曼（美国地名）
harvard,n. 哈佛大学
harvest,"n. 收获, 成果, 收获物, 收获期\nv. 收割, 收获"
harvested,"v. 收割, 收成( harvest的过去式和过去分词 ); 收到; 收割（庄稼）, 捕猎（动物、鱼）"
harvesting,v. 收割；收获（harvest的ing形式）
harvey,n. 哈维（男子名）
haryana,哈里亚纳邦[印度邦名]
has,have的第三人称单数现在式
hasan,n. (Hasan)人名；(芬、阿拉伯、罗、土、波黑、阿尔巴)哈桑\n哈桑
hash,"n. 剁碎的食物, 杂乱无章的的一大堆, 杂烩, 复述\nvt. 切碎, 搞糟"
hashtag,n. 井号(#)标签（微博twitter中用来标注线索主题的标签）
haskell,n. 哈斯凯尔（男子名）
hassan,n. 哈山（男子名）
hassle,"n. 激烈而持久的争论\nvi. 争论\nvt. 与...争辩, 使烦恼"
hast,have的第二人称单数现在式
haste,"n. 匆忙, 急忙"
hastily,"adv. 匆忙地, 急速地, 急躁地"
hastings,n. 黑斯廷斯（姓氏）
hasty,"a. 匆匆的, 轻率的, 性怠的"
hat,n. 帽子\nvt. 给...戴帽子
hatch,"n. 孵化, 舱口\nvt. 孵, 孵出, 策划\nvi. 孵化"
hatched,a. [计]阴影线的
hate,"n. 憎恨, 恨, 厌恶\nvt. 憎恨, 憎恶\nvi. 仇恨"
hated,v. 憎恨( hate的过去式和过去分词 ); 讨厌; 不愿; 为…感到抱歉
hateful,"a. 憎恨的, 可恨的, 可恶的"
hater,n. 怀恨者
haters,n. 怀恨在心者( hater的复数形式 )
hates,v. 憎恨( hate的第三人称单数 ); 讨厌; 不愿; 为…感到抱歉
hath,vbl.<废>have的第三人称单数现在式
hathaway,n. 哈撒韦（衬衫品牌）；海瑟薇（人名）
hating,v. 憎恨( hate的现在分词 ); 讨厌; 不愿; 为…感到抱歉
hatred,"n. 憎恨, 仇恨, 憎恶\n[法] 敌意, 憎恨, 憎恶"
hats,abbr. 转换终端应用程序（Host Access Transformation Services）
haul,"n. 用力拖拉, 拖运, 强拉, 捕获量, 拖运距离\nvi. 拖, 拉, 改变方向, 改变主意\nvt. 拖拉, 拖运"
hauled,"v. 拖, 拉（ haul的过去式和过去分词 ）"
hauling,n. 搬运；牵引；拖运
haunt,"n. 常到的地方, 生息地\nvt. 常到, 出没于, 萦绕于\nvi. 出没, 作祟"
haunted,"a. 常出现鬼的, 闹鬼的"
haunting,"a. 常浮现于脑海中的, 不易忘怀的"
haunts,v. （鬼魂）出没( haunt的第三人称单数 ); 经常出没于; （不快的事情）萦绕于脑际; 长期不断地缠扰（某人）
haute,n. (Haute)人名；(德)豪特；(法)奥特
havana,"n. 哈瓦那, 哈瓦那雪茄烟"
have,"vt. 有, 怀有, 拿, 进行\naux. 已经"
haven,"n. 港, 避难所, 安息所\nvt. 安置...于港中, 庇护, 入港"
havin,n. (Havin)人名；(挪)哈温
having,"n. 财产, 所有物"
havoc,"n. 大破坏, 蹂躏\nvt. 严重破坏"
haw,"n. 山楂, 吆喝牲畜左转, 呃, 瞬膜\nvt. 使向左转\nvi. 向左转"
hawaii,"n. 夏威夷州, 夏威夷岛"
hawaiian,"n. 夏威夷人, 夏威夷语\na. 夏威夷的, 夏威夷语的"
hawk,"n. 鹰, 掠夺者, 鹰派成员\nvi. 放鹰行猎, 像鹰一般地袭击, 清嗓, 咳嗽\nvt. 捕捉, 咳出, 兜售, 叫卖, 散播"
hawke,n. 霍克（英格兰人名）
hawkeye,n. 衣阿华（Iowa）州的别名；舰载空中早期警报飞机；鹰眼显像系统；鹰眼（美国漫威漫画旗下超级英雄）
hawking,n. 利用鹰行猎
hawkins,n. 霍金斯（姓氏）
hawks,n. 霍克斯（人名）；亚特兰大老鹰队（NBA球队名）
hawthorn,n. 山楂
hawthorne,n. 霍桑（男子名）；霍桑（美国加利福尼亚州西南部城市）
hay,"n. 干草\nvt. 制干草, 供给干草\nvi. 晒干草"
hayden,n. 海登（姓氏）
hayes,n. 海耶斯（男子名）
hayley,n. 海莉(f.)
haynes,n. 海恩斯（姓氏）
hays,海斯（姓氏）
hayward,n. 看管市镇的家畜围篱管理员
hazard,"n. 冒险, 危险, 机会\nvt. 冒...的危险, 赌运气, 使冒危险\n[计] 相关危险; 冒险"
hazardous,"a. 危险的, 冒险的, 碰运气的\n[法] 危险的, 冒险的, 碰运气的"
hazards,n. 危险( hazard的名词复数 ); 冒险的事; 危害物; 危险的根源\nv. 冒险做（无把握之事）( hazard的第三人称单数 ); 冒险做出; 尝试着做[提出]; 冒…的风险
haze,"n. 薄雾, 阴霾, 疑惑\nvt. 使变朦胧, 使变糊涂\nvi. 变朦胧, 变糊涂"
hazel,"n. 榛子, 榛树, 淡褐色\na. 榛树的, 淡褐色的"
hazy,"a. 朦胧的, 模糊的, 烟雾弥漫的"
hb,abbr. [军] 厚膛壁身管（Heavy Barrel）
hbo,abbr. 家庭影院（Home Box Office）；美国家庭电影院
hc,"[计] 处理能力, 大容量, 主机"
hd,"[计] 层次相关性, 高密度"
hdmi,abbr. 高清晰度多媒体接口（High-Definition Multimedia Interface）
he,"pron. 他\nn. 男孩, 男人, 雄性动物"
head,"n. 头, 头脑, 领袖, 脑袋, 最前的部分\nvt. 为首, 朝向, 前进, 用头顶\nvi. 朝特定方向行进, (作物)结穗\na. 头的, 在顶端的, 主要的\n[计] 磁头; 冲头"
headache,"n. 头痛, 令人头痛之事\n[医] 头痛"
headaches,n. 头痛( headache的复数形式 ); 令人头痛的事
headed,"a. 列有标题的, 具有某种类型的头(脑)或头发的"
header,"n. 收割台\nn. 顶梁, 域名\n[计] 页眉, 域名, 数据头, 电子邮件头"
headers,n. 标题（header的复数）
heading,"n. 标题, 起始字, 方向\n[计] 上标题"
headlights,n. （汽车等）的前灯( headlight的复数形式 )
headline,"n. 大标题, 新闻摘要\nvt. 为...做标题, 写标题"
headlines,n. 大字标题( headline的名词复数 ); 新闻提要
headmaster,"n. (中小学)校长, 监工"
headphone,"n. 戴在头上的收话器, 耳机\n[电] 头载数话器"
headphones,n. 听筒；耳机；头戴式受话器（headphone的复数形式）
headquartered,(headquarter 的过去时) vt. 将...的总部设在
headquarters,"n. 总部, 司令部, 总部人员\n[经] 本部, 总部, 总署"
heads,a. 正面朝上的
headset,n. (一副)耳机\n[电] 头载机组
heal,"vi. 痊愈\nvt. 使复原, 使和解, 治愈"
healed,v. （使）愈合( heal的过去式和过去分词 ); 治愈; （使）结束; 较容易忍受
healer,"n. 医治者, 治疗物\n[医] 治病者, 医生, 治病术土, 江湖医"
healing,"a. 治愈的, 恢复健康的\n[计] 修复, 恢复"
heals,霍尼韦尔错误分析与记录系统（Honeywell Error Analysis and Logging System）
health,"n. 健康, 卫生, 蓬勃, 健康状态\n[医] 健康"
healthcare,"n. 医疗保健；卫生保健；健康护理, 健康服务"
healthier,a. 更健康（healthy的比较级）
healthy,"a. 健康的, 有益健康的, 卫生的\n[医] 健康的"
healy,希利 Healey的变体\n希利
heap,"n. 堆, 许多, 累积\nvt. 堆积, 装满\n[计] 堆"
heaps,"adv. 非常, 极其"
hear,"vt. 听到, 倾听, 听说, 审理\nvi. 听见, 听"
heard,hear的过去式和过去分词
hearing,"n. 听, 听觉, 听讯\n[医] 听, 听觉"
hearings,n. 听力( hearing的复数形式 ); 听觉; 听力所及的距离; 听证会
hears,n. 剪切刀；殡仪车
heart,"n. 心, 心脏, 中心, 内心, 感情, 精神, 心情, 宝贝儿\nvt. 鼓励"
heartache,"n. 心痛, 悲叹"
heartbeat,n. 心跳
heartbreak,"n. 心碎, 伤心事"
heartbreaking,"a. 令人悲伤的, 极其累人的, 令人动情的"
heartbroken,a. 心碎的
hearted,a. 有...心(肠)的
heartfelt,"a. 衷心的, 真心真意的"
hearth,"n. 炉床, 灶台, 炉边\n[化] 锻造炉; 敞炉; 炉缸; 炉床; 火床; 炉膛"
heartland,"n. 心脏地区, 中心地带"
heartless,"a. 无情的, 无勇气的"
hearts,n. 心；中心；内心；同情心；心形物（heart的复数）
hearty,"a. 诚恳的, 健壮的, 热烈的, 丰盛的"
heat,"n. 热, 热度, 体温, 高潮\nvi. 加热, 激昂, 加剧\nvt. 把...加热, 使激动"
heated,"a. 热的, 激昂的, 兴奋的"
heater,"n. 加热器, 灯丝, 加热工\n[化] 加热器"
heaters,"n. 加热器, 炉子( heater的复数形式 )"
heath,"n. 石南荒原, 低矮灌木"
heathen,"n. 异教徒, 异族人, 粗野的人\na. 异教的, 野蛮的"
heather,"n. 石南花\na. 似石南的, 杂色的"
heathrow,n. 希思罗机场（位于英国伦敦）
heating,"n. 加热, 供热, 暖气设备, 供暖系统, 暖气装置\na. 加热的, 供暖的"
heats,n. 高温( heat的名词复数 ); 压力; （身体的）热度; 激动\nv. （使）热( heat的第三人称单数 ); 使激动; 激发; 使兴奋
heaven,"n. 天堂, 上帝, 天空"
heavenly,"a. 天上的, 神圣的, 天国似的"
heavens,n. 诸天；天空（heaven的复数形式）
heavier,a. 巨大的；沉重的
heaviest,a. 最重的（heavy的最高级）
heavily,"adv. 很重地, 严重地, 难以忍受地"
heavy,"a. 重的, 巨大的, 沉重的, 笨重的, 过度的\nadv. 沉重地\nn. 重物, 严肃角色"
heavyweight,"n. 重量级拳击运动员, (非正式)有影响的要人\na. 最重量级的"
hebrew,"n. 希伯来人, 希伯来语, 犹太人\na. 希伯来人的, 希伯来语的"
hebrews,n. [圣经]希伯来书（新约之一卷）
heck,int. 真见鬼（hell的委婉说法）
hectare,n. 公顷\n[经] 公顷
hectares,n. 公顷（等于2。471英亩）( hectare的复数形式 )
hectic,"a. 脸上发红, 发热的, 潮热的, 肺病的\nn. 脸红, 潮热病人"
hector,"n. 威吓者, 虚张声势的人\nvt.vi. 说大话, 吓唬, 折磨, 愚弄"
hedge,"n. 树篱, 障碍, 套头交易\nvt. 用树篱围, 套期保值, 妨碍, 两面下注以防...的损失\nvi. 筑树篱, 躲闪, 两面下注以防损失\na. 树篱的, 偷偷摸摸的"
hedgehog,"n. 豪猪, 刺猬, 难交朋友的人, 防卫森严的阵地"
hedges,n. 树篱( hedge的名词复数 ); 保护手段; 防止损失（尤指金钱）的手段
hee,abbr. 家庭娱乐引擎（Home Entertainment Engine）；高情绪表达（High Expressed Emotion）；韩依依（服装品牌）
heed,"n. 注意, 留心\nv. 注意, 留心"
heel,"n. 脚后跟, 踵, 后部, 倾侧\nvt. 尾随, 装以鞋跟, 倾侧, 追赶\nvi. 紧随, 用脚后跟传球"
heels,[化] 残余料; 下脚料\n[医] 跖沟状角皮病
hefty,"a. 重的, 肌肉发达的"
hegemony,"n. 霸权, 领导权, 支配权, 拥有支配权的政府\n[法] 霸权, 盟主权"
heh,n. 嗨！（表示惊异质问）
hehe,vt. 呵呵（笑）
heidelberg,海德尔堡[德意志联邦共和国西南部城市]
heidi,n. 海蒂（Adalheid的昵称）
height,"n. 高度, 海拔, 高地, 顶点\n[化] 高度"
heightened,"v. （使）变高, （使）增大( heighten的过去式和过去分词 ); （使）提高; （使）加强[重]"
heights,n. 高度；高地；高处（height的复数）
heinous,"a. 可憎的, 令人发指的"
heinrich,n. 海因里希（男子名）
heinz,"n. 海因茨（姓氏）；亨氏食品公司（世界著名的食品供应商, 主要产品包括调味品和餐食两大类）"
heir,"n. 继承人, 嗣子, 后嗣\n[法] 继承人, 后嗣"
heirs,n. 继承人；继承者（heir的复数形式）
heist,"n. 强夺, 拦劫, 抢劫\nvt. 强夺, 拦劫, 抢劫"
held,hold的过去式和过去分词
helen,"n. 海伦（女子名, 火把、光亮的之义）"
helena,n. 海伦娜（女子名）
helicopter,n. 直升机\nvt. 由直升机运送\nvi. 乘直升机
helicopters,n. 直升机( helicopter的复数形式 )
helium,n. 氦\n[化] 氦
helix,"n. 螺旋, 螺旋状物, 耳轮\n[化] 螺旋"
hell,"n. 地狱, 邪恶势力, 苦境, 阴间, 毁坏, 训斥\nvi. 狂饮, 飞驰"
hella,很多的（hell?of）
heller,n. 捷克货币；昔德国之小铜币
hello,"interj. 喂, 嘿"
helm,"n. 舵, 驾驶盘, 枢机, 头盔\nvt. 给...掌舵, 指挥, 给...戴头盔"
helmet,"n. 钢盔, 盔, 防护帽\nvt. 给...戴头盔"
helmets,n. 头盔( helmet的复数形式 )
help,"n. 帮忙, 帮助者, 补救办法, 有益的东西\nvt. 帮助, 帮忙, 接济, 治疗, 款待\nvi. 有用, 救命, 招待\n[计] 帮助, 帮助程序; DOS外部命令: DOS命令的电子文件帮助程序"
helped,v. 帮助（help的过去分词）
helper,"n. 帮忙者, 有益的东西\n[机] 助手"
helpers,n. 辅助物体；助理工人（helper的复数）
helpful,"a. 有帮助的, 有益的, 有用的"
helping,"n. 帮助, 协助, 一份"
helpless,"a. 无助的, 无能为力的, 无依无靠的"
helps,abbr. 高端激光打印解决方案（High-End Laser Printing Solutions）
helsinki,n. 赫尔辛基
hem,"n. 边缘, 折边, 哼声\nvt. 缝边, 包围, 关闭\nvi. 做折边, 发哼声\ninterj. 哼"
hemingway,"海明威(①姓氏 ②Ernest, 1899-1961, 美国小说家, 曾获1954年诺贝尔文学奖)"
hemisphere,"n. 半球, 地球的半面, 大脑半球\n[医] 半球"
hemorrhage,n. 出血\n[医] 出血
hemp,"n. 大麻烟卷, 大麻, 麻类植物\n[医] 大麻"
hen,"n. 母鸡, 雌禽"
hence,"adv. 因此, 从此"
henderson,n. 亨德森（姓氏）
hendricks,(Hendrick 的复数) n. (Hendrick)人名；(英、荷)亨德里克；(法)昂德里克
hendrix,亨德里克斯（美国地名）
henley,n. 亨利（姓氏）；亨里（英国诗人）
henri,n. 亨利（人名）
henrik,"n. 亨里克, 亨利克（人名）"
henry,n. 亨利\n[医] 亨[利](电感应单位)
hens,n. 母鸡( hen的名词复数 ); 雌禽
henson,亨森（英格兰人姓氏）
hentai,
hepatitis,n. 肝炎\n[医] 肝炎
hepburn,n. 赫伯恩（姓氏）
her,"pron. 她的, 她"
herald,"n. 使者, 传令官, 先驱\nvt. 预报, 宣布, 传达, 欢呼"
herb,"n. 药草, 香草\n[医] 草, 草本, 草药"
herbal,a. 草药的\n[医] 本草书
herbert,n. 赫伯特（男人名）
herbs,n. 药草；草本植物（herb的复数）
hercules,"n. 赫拉克勒斯(希腊神话中大力士), 大力士, 武仙座"
herd,"n. 兽群, 人群, 牧人\nvt. 群集, 使成群, 放牧\nvi. 聚在一起"
herds,"n. 兽群( herd的名词复数 ); 牧群; 人群; 群众\nv. 群集, 纠结( herd的第三人称单数 ); 放牧; （使）向…移动"
here,"adv. 在这里, 此时, 这里\nn. 这里"
hereafter,"n. 将来, 来世\nadv. 此后, 将来, 来世"
hereby,"adv. 因此, 据此"
hereditary,"a. 世袭的, 遗传的\n[医] 遗传的"
hereford,n. 赫里福德食用牛
herein,"adv. 在此处, 如此"
heres,n. 继承者
heresy,"n. 异端, 异教\n[法] 异端邪说, 异教, 信奉异教"
heritage,"n. 遗产, 祖先遗留物, 继承物\n[医] 遗传性"
herman,n. 赫尔曼（男子名）
hermann,n. 赫尔曼（男子名）
hermes,abbr. 重放射性同位素电磁分离器（heavy element and radioactive material electromagneticseparator）
hermione,n. 赫尔迈厄尼（女子名）；希腊神话Menelzus 与helen 之女
hermit,"n. 隐士, 隐居者"
hernandez,n. 赫尔南德斯（墨西哥足球运动员）
hero,"n. 英雄, 超越常人者, 男主角"
heroes,n. 英雄（hero的复数形式）
heroic,"a. 英勇的, 英雄式的, 壮丽雄伟的\nn. 英雄诗, 史诗, 英勇行为"
heroin,"n. 海洛因, 吗啡\n[化] 海洛因; 二醋吗啡; 二乙酰吗啡"
heroine,"n. 巾帼英雄, 烈妇, 女主角\n[化] 海洛因; 二醋吗啡; 二乙酰吗啡"
heroism,"n. 英勇, 勇敢事迹, 豪侠行为"
heron,n. 鹭
herpes,n. 疱疹\n[医] 疱疹
herr,n. （德）先生；德国绅士
herrera,n. (Herrera)人名；(西、法)埃雷拉；(英、瑞典)赫雷拉\n埃雷拉
herring,"n. 青鱼, 鲱"
hers,pron. 她的
herself,"pron. 她自己, 她亲自"
hertfordshire,n. 赫特福德郡(位于英国英格兰东南部)
hes,abbr. 厚漆单层丝色的（Heavy-Enamel Single-Silk）；家用电子装置的数字键盘（Numeric keyboard for home electronic systems）
hesitant,"a. 迟疑的, 踌躇的, 犹豫不定的"
hesitate,"vi. 犹豫, 迟疑, 踌躇, 支吾, 停顿"
hesitation,"n. 犹豫, 踌躇, 含糊, 口吃, 暂停\n[计] 暂停"
hess,n. 赫斯（姓氏）
hester,"n. 海丝特（女子名, 等于Esther）"
het,abbr. 重型设备运输车（Heavy Equipment Transporter）；高爆曳光弹（High-Explosive Tracer）
heterosexual,"a. 异性的, 异性爱的\nn. 异性恋的人"
hewitt,n. 翰威特（公司名）；休伊特（姓氏）
hewlett,n. 休利特（姓氏）
hex,"n. 十六进制, 巫婆, 妖法\nvt. 施魔法于\nvi. 施魔法\n[计] 十六进制"
hey,interj. 嗨
heyday,n. 全盛期\ninterj. 嘿
hezbollah,n. （黎巴嫩）真主党（等于Hizbollah）
hf,[医] 铃(72号元素)
hg,abbr. 标准德语（High German）；手摇发电机（Hand Generator）
hh,"abbr. 倍硬（指铅笔心硬度 double- hard）；半硬的（Half Hard）；重氢, 氚（Heavy Hydrogen）；高功率不定向无线电归航信标（High-powered, non-directional radio homing beacon）；殿下（His Highness）；陛下（His Holiness）；阁下, 先生（His Honour）"
hi,interj. 喂
hiatus,"n. 裂缝, 中断, 空隙, 间隙, 裂孔, (稿件)脱字, 漏句\npl. 裂缝, 中断, 空隙, 间隙, 裂孔, (稿件)脱字, 漏句"
hickey,n. [口]器械；[俚]唇印；螺纹接合器；弯管器
hickory,"n. 山核桃树, 山核桃木\n[医] 毡毛山核桃"
hicks,n. 希克斯（姓氏）
hid,hide的过去式和过去分词
hidden,a. 隐藏的\nhide的过去分词\n[计] 隐藏的
hide,"n. 兽皮, 迹象, 躲藏处\nvt. 藏, 隐瞒, 遮避, 剥...的皮, 隐藏\nvi. 躲藏\n[计] 隐藏"
hideous,"a. 丑恶的, 可憎的, 令人沮丧的"
hides,n. 躲藏处；兽皮（hide的复数）
hiding,"n. 隐匿, 隐藏之事, 隐匿之所, 痛打\n[法] 躲藏, 躲藏处"
hierarchical,"[计] 分级的, 分层的, 层次的"
hierarchy,"n. 等级制度, 僧侣统治, 等级体系\n[计] 分级结构; 分层结构; 新闻组, 新闻组分层"
higgins,n. 希金斯（姓氏）
high,"n. 高度, 高处\na. 高的, 高级的, 主要的, 高尚的, 高原的, 高音的, 昂贵的, 傲慢的\nadv. 高度地, 奢侈地"
higher,[经] 上扬
highest,[计] 最高
highland,"n. 高地, 苏格兰高地"
highlanders,"(highlander 的复数) n. 高地人, 苏格兰高地人"
highlands,n. 高原地区; 苏格兰高地
highlight,"n. 加亮区, 精彩场面\nvt. 加亮, 使显著, 以强光照射, 突出\n[计] 突出"
highlighted,a. 突出的\n[计] 突出的
highlighting,"[计] 突出性, 醒目性, 高明亮部分, 图象最亮处"
highlights,"n. 拔萃, 集锦；挑染（highlight的复数形式）"
highly,"adv. 非常, 非常赞许地\n[电] 大大地"
highness,"n. 高, 高尚, 殿下"
highs,a. 高的；高级的；崇高的；高音调的\nn. 高水平；天空；由麻醉品引起的快感；高压地带\nadv. 高；奢侈地\nn. (High)人名；(英)海伊
highschool,na. 〈美〉中学；〈英〉大学预科\n[网络] 高中；就读高中；特典
highway,"n. 公路, 大道, 捷径\n[法] 公路, 大路"
highways,n. 公路；高速公路（highway的复数）
hijab,n. 穆斯林妇女戴的面纱或头巾
hijack,"vt. 抢劫, 劫持, 敲诈\n[法] 挡路抢劫, 抢劫, 绑架"
hijacked,"v. 劫持( hijack的过去式和过去分词 ); 绑架; 拦路抢劫; 操纵（会议等, 以推销自己的意图）"
hijacking,"[法] 劫持, 绑架"
hike,"n. 徒步旅行, 远足, 涨价, 提高\nvi. 步行, 徒步旅行, 上升\nvt. 使高涨, 拉起"
hikers,"n. 远足者, 长途旅行者( hiker的复数形式 )"
hikes,v. 徒步旅行( hike的第三人称单数 ); <口>提高（价格等）
hiking,n. 徒步旅行
hilarious,"a. 喜不自禁的, 欢闹的, 引人发笑的"
hilary,"n. 希拉里(m.& f.) , 即Hilarius, Saint"
hilda,n. 希尔达（女子名）
hill,"n. 小山, 丘陵, 小土堆\nvt. 作成土堆, 堆成小丘"
hillary,n. 希拉里（美国现任国务卿）
hills,n. 丘陵（hill的复数形式）
hillsborough,n. (Hillsborough)人名；(斯里)希尔斯伯勒
hillside,"n. 山坡, 山腹"
hilly,"a. 多丘陵的, 多山岗的, 险峻的"
hilton,n. 希尔顿（姓氏）；希尔顿集团（主营酒店和香烟等）
him,pron. 他
himalayan,a. 喜玛拉雅山的
himalayas,n. 喜马拉雅山脉
himself,"pron. 他自己, 他亲自"
hind,"n. 雌鹿\na. 后部的, 在后的"
hinder,"a. 后面的\nv. 阻碍, 打扰"
hindered,"v. 阻碍, 妨碍( hinder的过去式和过去分词 )"
hindi,"a. 印地语的, 印度北部的\nn. 印地语"
hindsight,"n. 枪的表尺, 事后聪明"
hindu,a. 印度教教徒的\nn. 印度教教徒
hinduism,n. 印度教
hindus,"n. 印度人, （尤指印度北部的）印度斯坦人（信奉印度教）( Hindu的名词复数 ); [人名] 欣德斯"
hinge,"n. 铰链, 关键, 枢纽\nvt. 装铰链\nvi. 靠铰链移动, 依...而转移"
hinges,n. 铰链( hinge的名词复数 )
hint,"n. 暗示, 提示\nv. 暗示, 示意"
hinted,vt. 暗示（hint的过去式与过去分词形式）
hinting,vt. 暗示（hint的现在分词形式）
hints,"n. 暗示, 提示（hint的复数形式）"
hip,"n. 臀部, 蔷薇果, 忧郁\na. 熟悉内情的\nvt. 使忧郁, 给(屋顶)造屋脊\ninterj. 喝彩声"
hippie,n. 嬉皮士
hippo,n. 河马\n[化] 吐根(的别名)
hips,[化] 高抗冲聚苯乙烯
hipster,n. 世面灵通的人
hire,"n. 租金, 租用, 雇用\nvt. 雇请, 出租\nvi. 受雇"
hired,v. 租用；雇用（hire的过去式及过去分词形式）
hires,n. 租用( hire的名词复数 ); 雇用; 租金; 工钱\nv. 聘用( hire的第三人称单数 ); 录用; 雇用; 租用
hiring,"[法] 租用, 雇用"
hiroshima,广岛[日本本州岛西南岸港市]
his,pron. 他的\n[化] 组氨酸
hispanic,a. 西班牙的
hispanics,n. 西班牙和葡萄牙的( Hispanic的复数形式 ); 西班牙及其他说西班牙语国家的
historian,"n. 历史学家, 记事者"
historians,"n. 历史学家, 史学工作者( historian的复数形式 )"
historic,"a. 历史上著名的, 有历史性的"
historical,"a. 历史的, 史实的, 历史上的\n[法] 历史性的"
historically,adv. 历史上地；从历史观点上说
histories,"n. 历史, 历史故事；历史纪录（history的复数形式）"
history,"n. 历史, 过去, 经历, 发展过程, 历史学, 过去的事, 历史记录\n[计] 历史记录"
hit,"n. 打击, 打, 冲撞, 讽刺\nvt. 打, 打击, 碰撞, 打中, 袭击, 偶然碰上\nvi. 打, 打中, 打击, 碰撞, 偶然碰上\n[计] 击中; 找到; 瞬时打扰"
hitch,"n. 猛拉, 急推, 蹒跚, 故障\nvt. 猛拉, 系住\nvi. 蹒跚, 被钩住"
hitchcock,n. 希契科克（姓氏）
hitherto,"adv. 迄今, 至今"
hitler,n. 希特勒（纳粹德国元首）
hitman,n. 职业杀手
hits,n. 击打；网页点击数；采样数（hit的复数）
hitter,"n. 打手, 打击的人"
hitters,"n. 打者, 击手, （棒球）击球员( hitter的复数形式 )"
hitting,n. 压缩；拉伸；击中
hiv,abbr. 艾滋病病毒（human immunodeficiency virus）
hive,"n. 蜂房, 闹区, 蜜蜂群\nvi. 进入蜂房, 储藏蜜于蜂房, 如蜂般群居\nvt. 使进蜂房, 储备\n[计] 蜂巢"
hives,n. 荨麻疹\n[医] 荨麻疹
hiya,int. 你好!
hk,abbr. 加热器箱（Heater Kit）；香港（Hong Kong）
hl,[医] 百升
hm,[医] 显性远视
hmm,abbr. 隐马尔可夫模型（Hidden Markov Model）；Hardware Maintenance Manual；Hyundai Merchant Marine
hmmm,abbr. 六甲氧基甲基三聚氰胺；氨基树脂
hms,abbr. 英国政府公务（Her/ His Majesty's Service）；皇家海军舰艇（Her/ His Majesty's Ship）
ho,interj. 嗬(表示惊讶或引人注意)\n[医] 钬(67号元素)
hoard,"n. 贮藏物, 密藏的金钱\nv. 囤积, 贮藏"
hoarding,"n. 贮藏, 积蓄, 囤积, 临时围墙\n[经] 囤积"
hoax,"vt. 欺骗, 哄骗, 愚弄\nn. 愚弄人, 恶作剧"
hobart,n. 霍巴特（澳大利亚地名）
hobbies,n. 嗜好；兴趣爱好；燕隼；[英方]小马（hobby的复数）
hobbit,n. （英国作家J R R Tolkien笔下的）
hobbs,n. 霍布斯（人名）
hobby,"n. 嗜好, 癖好, 爱好"
hoc,"abbr. 下议院, 众议院（House of Commons）；肝卵圆细胞（Hepaticoval Cells）；重油催化裂化（Heavy Oil Cracking ）；最高输出信道（Highest Outgoing Channel）；均质铸锭（Homogeneous Casting）"
hockey,"n. 冰球, 曲棍球"
hodge,"n. 霍奇（男子名, 等于Roger）"
hodges,n. 霍奇斯（姓氏）
hodgson,霍奇森(姓氏)
hoe,"n. 锄头\nv. 用锄耕地, 锄"
hof,[医] 核窝(核所在处的胞浆空腔)
hoffman,[计] 霍夫曼
hog,"n. 猪, 贪婪者, 象猪般的人\nv. (使)拱起"
hogan,n. 泥盖木屋
hogg,霍格(姓氏)
hogs,n. （尤指喂肥供食用的）猪( hog的名词复数 ); （供食用的）阉公猪; 彻底地做某事; <口>自私的或贪婪的人
hogwarts, 霍格华兹（小说哈利波特里的一家魔法学校名）
hoist,"n. 升高, 起重机, 推动\nv. 升起, 升高, 举起"
hold,"n. 把握, 把持力, 柄, 控制, 掌握, 监禁\nvt. 保存, 握住, 拿住, 占据, 持有, 拥有\nvi. 支持, 持续, 有效\nn. 保留\n[计] 保留"
holden,v. 留下；抱住；拿住（hold的过去分词）
holder,"n. 持有人, 所有人, 支持物\n[化] 夹持器; 夹具; 贮罐"
holders,n. 持有人（holder的复数）
holding,"n. 把持, 支持, 保持\n[法] 租借地, 占有物, 拥有的财产"
holdings,n. 占有的财产；所持股份
holds,v. 保存；把握（hold的第三人称单数）
hole,"n. 孔, 洞, 穴, 漏洞\nvt. 挖洞, 掘坑\nvi. 进洞, 凿洞"
holes,n. 小孔；破洞（hole的复数）
holiday,"n. 假日, 假期, 节日\nvi. 度假"
holidays,"adv. 在假日, 每逢假日"
holiness,"n. 神圣；圣座（大写, 对教宗等的尊称）"
holistic,"[计] 完整的, 整体的\n[医] 机能整体性的"
holland,n. 荷兰
hollis,霍利斯（人名）
hollow,"n. 洞, 窟窿, 山谷\na. 空的, 虚伪的, 空腹的, 凹的\nvi. 形成空洞\nvt. 挖空"
holloway,霍洛韦（人名）
holly,n. 冬青树
hollywood,"n. 好莱坞, 美国电影界, 美国电影工业, 美国式电影"
holmes,n. 福尔摩斯（英国作家柯南道尔所著侦探小说中的神探）
holocaust,"n. 大屠杀, 大火灾, 毁灭, 大规模烧杀"
hologram,"n. 全息照相图\n[计] 全息照相, 全息图"
holt,"n. 小林, 林丘"
holy,"a. 神圣的, 圣洁的, 至善的\nn. 神圣的东西"
homage,"n. 尊崇, 尊敬, 效忠"
home,"n. 家, 避难所, 故乡\na. 家庭的, 国内的, 打中目标的\nadv. 在家, 在本国, 打中目标地\n[计] 返回始位"
homecoming,"n. 归国, 省亲回家, 同学会"
homeland,"n. 本国, 故国"
homeless,"a. 无家的, 无养主的"
homelessness,n. 无家可归
homemade,"a. 自制的, 国产的"
homeowner,n. 私房屋主；自己拥有住房者
homeowners,(homeowner 的复数) n. 私房屋主；自己拥有住房者
homepage,n. 主页
homer,"n. 本垒打, 传信鸽"
homers,"(homer 的复数) n. 本垒打, 传信鸽"
homes,n. 房屋；家庭（home的复数形式）
homestead,"n. 家园, 田产\n[法] 宅基地, 住宅"
hometown,"n. 故乡, 家乡"
homework,"n. 家庭作业, 家里做的工作\n[经] 家庭作业"
homicide,"n. 杀人, 杀人者\n[医] 杀人, 杀人者"
homicides,n. <律>杀人（行为）( homicide的复数形式 ); 杀人犯
homie,"a. 家庭似的, 舒适的, 自在的"
homo,[化] 最高占据轨道; 最高占据分子轨道; 最高已占分子轨道\n[医] 人属
homogeneous,"a. 同种的, 同质的, 齐性的\n[医] 同种的, 纯一的, 同质的, 均匀的"
homophobia,n. 对同性恋的憎恶（或恐惧）
homophobic,a. 害怕同性恋的
homosexual,a. 同性恋的\nn. 同性恋者
homosexuality,"n. 同性恋\n[医] 同性性欲, 同性恋爱"
homosexuals,n. 同性恋者( homosexual的复数形式 ); 同性恋关系
hon,[化] δ-羟基-γ-氧代正缬氨酸\n[医] 羟氧基正缬氨酸
honda,n. 本田汽车公司
honduras,n. 洪都拉斯
hone,"n. 磨刀石, 抱怨, 想念\nvt. 用磨刀石磨, 磨练"
honest,"a. 诚实的, 坦直的, 可靠的"
honestly,"adv. 真诚地, 公正地"
honesty,"n. 诚实, 公正, 正直"
honey,"n. 蜂蜜, 甜蜜, 爱人\na. 蜂蜜似的, 甜蜜的, 甘美的\nvt. 加蜜使甜, 对...说甜言蜜语\nvi. 说甜言蜜语, 奉承"
honeymoon,"n. 蜜月, 蜜月假期\nvi. 渡蜜月"
hong,"n. （中国、日本的）行, 商行"
honolulu,n. 火奴鲁鲁(檀香山)
honor,"n. 荣誉, 头衔, 信用, 尊敬, 名誉, 阁下, 勋章\nvt. 尊敬, 授予荣誉, 承兑, 实践"
honorable,"a. 值得尊敬的, 荣耀的, 高贵的"
honorary,"a. 荣誉的, 无报酬的, 道义上的\n[法] 名誉的, 荣誉的"
honored,a. 已承兑或付款的；受尊敬的
honoring,"v. 尊敬, 给以荣誉( honor的现在分词 )"
honors,"n. 优等成绩, (英)优等成绩奖金, 给予优等生的荣誉, 荣誉标志"
honour,"n. 荣誉, 头衔, 信用, 尊敬, 名誉, 阁下, 勋章\nvt. 尊敬, 授予荣誉, 承兑, 实践"
honourable,"a. 值得尊敬的, 荣耀的, 高贵的\n[法] 荣誉的, 正直的, 体面的"
honoured,vt. 尊敬（honour的过去式与过去分词形式）
honours,"n. 优等成绩, (英)优等成绩奖金, 给予优等生的荣誉, 荣誉标志"
hoo,"int. 呼！（表示高兴, 轻蔑, 赞同, 激动等）"
hood,"n. 头巾, 兜帽, 覆盖, 强盗\nvt. 罩上, 覆盖"
hooded,"a. 有罩盖的, 戴头巾的"
hoodie,n. 有冠乌鸦
hoods,n. 兜帽( hood的名词复数 ); 头巾; （汽车、童车等的）折合式车篷; 汽车发动机罩\nv. 兜帽( hood的第三人称单数 ); 头巾; （汽车、童车等的）折合式车篷; 汽车发动机罩
hook,"n. 钩, 钩状, 镰刀, 陷阱\nvt. 挂...于钩上, 钩住, 引上钩, 偷窃\nvi. 弯成钩状, 钩紧\n[计] 钩"
hooked,"a. 钩状的, 有钩的, 用钩针编织的"
hooker,"n. 用钩子的人, 渔船"
hookers,n. 渔船( hooker的复数形式 ); 妓女
hooking,[计] 挂钩
hooks,n. 钩子；挂钩（hook的复数）
hookup,"n. 连接, 接线图, 联播\n[电] 勾住"
hoop,"n. 箍, 铁环, 呼呼声\nvt. 加箍于, 包围\nvi. 发呼呼声"
hooper,n. 桶匠
hoops,n. 箍( hoop的名词复数 ); （篮球）篮圈; （旧时儿童玩的）大环子; （两端埋在地里的）小铁弓
hooray,interj. 万岁\nn. 万岁\nv. 呼万岁
hoover,n. 胡佛电动吸尘器\nvi. 用真空吸尘器打扫
hop,"n. 单脚跳, 跳跃, 舞会, 飞行\nvi. 单脚跳, 跳跃\nvt. 跃过, 跳上, 加蛇麻子于, 服麻醉药\n[计] 跳跃式传输"
hope,"n. 希望, 信心, 期待\nv. 希望, 期望, 信赖"
hoped,v. 希望（hope的过去分词）
hopeful,"n. 有希望之人, 有前途之人\na. 有希望的, 怀抱希望的, 保持乐观的"
hopefully,"adv. 有希望地, 如果希望能实现的话"
hopeless,"a. 无希望的, 绝望的, 不可救药的"
hopelessly,"adv. 绝望地, 无可奈何地"
hopes,v. 希望（hope的第三人称单数）
hoping,v. 希望（hope的ing形式）
hopkins,n. 霍普金（姓氏）
hopped,v. 跳上[下]( hop的过去式和过去分词 ); 单足蹦跳; 齐足（或双足）跳行; 摘葎草花
hopper,"n. 跳跃的东西, 单足跳者, 跳虫\n[化] 漏斗; 贮斗; 料斗; 集尘箱; 集尘斗"
hopping,[计] 跳跃
hops,"[医] 忽布, 蛇麻花, 蜱酒花"
horace,n. 贺拉斯（男子名）
horatio,n. 霍雷肖（男子名）
horde,"n. (一)群, 游牧部落, 移动群\nvi. 成群结队"
hordes,n. 移动着的一大群( horde的复数形式 ); 部落
horizon,"n. 地平线, 眼界, (天)视地平"
horizons,n. 地平线( horizon的复数形式 ); 范围; 界限; 眼界
horizontal,"n. 水平线, 水平面, 水平位置\na. 水平线的, 平坦的, 横的\nn. 水平\n[计] 水平"
horizontally,[计] 水平置中
hormonal,a. 荷尔蒙的\n[医] 激素的
hormone,n. 荷尔蒙\n[化] 激素(旧称荷尔蒙)
hormones,n. 荷尔蒙；激素；性激素；荷尔蒙制剂（hormone的复数）
horn,"n. 角, 角质, 喇叭, 号角\na. 角制的\nvt. 用角触, 长角于"
horne,霍恩（人名）
hornet,n. 大黄蜂
hornets,n. 大黄蜂( hornet的复数形式 ); 马蜂; 马蜂窝; 一大堆麻烦
horns,n. 喇叭；号；角制品；警报器（horn的复数）
horny,"a. 角的, 似角一样坚硬的, 角质的, 老茧的\n[医] 角性的, 角的"
horoscope,"n. 星占, 算命天宫图"
horrendous,"a. 可怕的, 骇人的, 不得了的"
horrible,"a. 可怕的, 遭透的, 极讨厌的"
horribly,"adv. 可怕地, 非常地"
horrid,"a. 可怕的, 极讨厌的, 毛骨悚然的"
horrific,"a. 令人毛骨悚然的, 感到恐惧的"
horrified,"a. 惊骇的, 带有恐怖感的"
horrifying,a. 令人恐惧的；使人惊骇的
horror,"n. 惊骇, 恐怖, 惨状\n[医] 恐怖, 恐惧"
horrors,n. 恐怖( horror的复数形式 ); 憎恶; 令人感到恐怖的事; 讨厌鬼
horse,"n. 马, 骑兵, 脚架\nvi. 骑马, 取笑\nvt. 使骑马, 系马于"
horseback,"n. 马背\nadv. 在马背上, 骑在马上"
horsemen,n. 骑兵；骑士（horseman的复数）
horsepower,n. 马力\n[电] 马力
horses,n. 马；马匹（horse的复数形式）
horseshoe,n. 马蹄铁\nvt. 装蹄铁于
horticultural,a. 园艺的
horticulture,n. 园艺
horton,n. 荷顿奇遇记（美国喜剧动画电影名）
hose,"n. 水管, 橡皮软管, 长统袜\nvt. 用水管浇"
hospice,"n. 旅客住宿处, 收容所"
hospital,n. 医院\n[医] 医院
hospitality,"n. 款待, 亲切, 殷勤"
hospitalization,"n. 医院收容, 住院治疗\n[医] 住院, 入院"
hospitalized,"v. 送…住院, 使留医( hospitalize的过去式和过去分词 )"
hospitals,n. 医院( hospital的复数形式 )
host,"n. 主人, 旅馆老板, 节目主持人\nvt. 当主人招待, 作...节目主持人\n[计] 主机, 宿主机"
hostage,"n. 人质, 抵押品\n[经] 人质, 抵押品"
hostages,n. 人质( hostage的复数形式 )
hosted,"v. （作为主人）款待, 招待（客人）；主持（host的过去式）"
hostel,"n. 青年招待所, 宿舍, 旅店"
hostess,"n. 女主人, 女房东, 女老板"
hostile,"a. 敌人的, 怀敌意的, 敌对的\nn. 敌对分子"
hostilities,"n. 战争行动, 战争"
hostility,"n. 敌意, 敌对, 反对"
hosting,n. 作战；群众或部队的集合
hosts,"n. [计算机]主机( host的名词复数 ); 军队; （寄生动植物的）寄主; 主办人[地方, 机构等]"
hot,"a. 热的, 热心的, 辣的, 热情的, 激动的, 猛烈的, 紧迫的\nadv. 热, 紧迫地"
hotel,"n. 旅馆, 客栈"
hotels,n. 酒店；大饭店；旅馆（hotel的复数）
hotline,"n. 热线电话, 咨询电话；热线"
hotspot,n. 热区；热点
hotter,a. 热的；热烈的
hottest,a. 热的；热烈的；最热门的
hou,abbr. 休斯顿（Houston）
houghton,"n. 霍顿（城市名, 位于密歇根北部）"
hound,"n. 猎犬\nvt. 带猎犬狩猎, 追捕, 激励, 使追逐"
hounds,"n. 猎狗, 猎犬( hound的名词复数 )"
hour,"n. 小时, 钟头, 时间, ...点钟, 课时"
hourly,"a. 每小时的, 以小时计的, 频繁的\nadv. 每小时地, 频繁地, 不绝地"
hours,n. 小时（hour的复数形式）
house,"n. 房子, 住宅, 机构, 议院, 家族, 家庭\nvt. 给...房子住, 收藏\nvi. 住, 躲藏"
housed,a. 封装的
household,"n. 一家人, 家庭, 家族, 王室\na. 家庭的, 家常的, 王室的"
households,"n. 同住在一所房子里的人, 一家人, 户( household的名词复数 )"
housekeeper,"n. 主妇, 女管家"
housekeeping,"n. 家事, 家政, 持家\n[计] 内务处理"
houses,n. 住宅；房子的总称；家园；洋房 （house的复数）
housewife,"n. 主妇, 家庭妇女"
housewives,pl. 家庭主妇
housing,"n. 遮盖, 住房供给, 居留(处), 房屋, 装饰\n[化] 外壳"
houston,n. 休斯敦
hover,"vi. 盘旋, 翱翔, 徘徊\nvt. 孵\nn. 翱翔"
hovering,n. 停悬；空中悬停
how,"adv. 如何, 怎样, 多少, 多么\nn. 方式"
howard,n. 霍华德（男子名）
howe,n. 洞；洼地
howell,n. 豪厄尔（男子名）
however,"adv. 然而, 无论如何, 究竟怎样\nconj. 然而, 可是"
howie,n. 豪伊 (Howard 的异体)(m.)
howl,"n. 嗥叫, 吠声, 号叫\nvi. 狂吠, 咆哮, 呼啸\nvt. 对...吼叫, 狂喊着说"
howling,"a. 咆哮的, 极大的, 荒凉的\nn. 啸声"
hp,"n. 马力, 分期付款购买法\n[计] 惠普公司"
hpv,abbr. [微]人乳头状瘤病毒（human papillomavirus）
hq,"司令部, 指挥部, 总部, 总店"
hr,[经] 小时
hrs,abbr. 高分辨率光谱仪（High Resolution Spectrometer）
hs,abbr. 手持式受送话器（Handset）；头戴式耳机（Head Set）；高速（High Speed）
ht,"[计] 手控终端, 处理时间"
htc,abbr. 热传导系数（Heat Transfer Coefficient）
html,[计] 超文本标记语言
http,[计] 超文本传输协议
https,abbr. 超文本传输协议安全（Hyper Text Transfer Protocol）
hu,abbr. 海南航空公司在国际航空运输协会中的二字代码；匈牙利（Hungary）；英国无国界卫生组织（Health Limited）
hua,abbr. 住房与城市事务（Housing and Urban Affairs）
huang,n. 黄（姓氏）
huawei, 华为
hub,"n. 毂, 木片, 中心\n[计] 插座; 插孔; 集线器, 集中器, 连接器, 中继站"
hubbard,n. 哈伯德（人名）
hubble,"n. 小凸起, 小瘤"
hubby,n. 丈夫
hubert,n. 休伯特（男子名）
hubs,n. 毂；枢纽；中心（hub的复数）
hud,abbr. 住房和城市发展部（Housing and Urban Development）
huddersfield,n. 哈德斯菲尔德（位于英国西约克郡）
hudson,n. 哈得孙河
hue,"n. 样子, 色度, 色彩, 叫声, 色调\n[计] 色调"
huff,"vt. 激怒, 发怒, 提高价格, 吹胀\nvi. 吹气, 恫吓, 发怒\nn. 发怒"
huffington, [人名] 赫芬顿
hug,"n. 紧抱, 拥抱\nvt. 紧抱, 坚持, 使沾沾自喜"
huge,"a. 极大的, 巨大的, 无限的"
hugely,"adv. 巨大地, 非常地"
hugged,"v. 热烈地拥抱, 抱住, 紧抱( hug的过去式和过去分词 ); 紧靠…走; 抱有, 持有; 缠紧, 缚紧（某物, 尤指人体）"
hugging,"v. 热烈地拥抱, 抱住, 紧抱( hug的现在分词 ); 紧靠…走; 抱有, 持有; 缠紧, 缚紧（某物, 尤指人体）"
hugh,n. 休（男子名）
hughes,[计] 体斯
hugo,"n. 雨果（男子名, 等于Hugh）"
hugs,"n. 紧抱, 热烈拥抱( hug的名词复数 )\nv. 热烈地拥抱, 抱住, 紧抱( hug的第三人称单数 ); 紧靠…走; 抱有, 持有; 缠紧, 缚紧（某物, 尤指人体）"
huh,"interj. 哼, 哈"
hui,abbr. 拟人化用户界面（Human User Interface）
hulk,"n. 船体, 笨重的船, 废然大物"
hull,"n. 壳, 皮, 船体\nvt. 去壳"
hulu, [地名] [印度尼西亚] 胡卢
hum,"n. 嗡嗡声, 哼声, 杂声\nvi. 发低哼声\nvt. 哼, 用哼声表示\ninterj. 哼, 嗯"
human,"n. 人, 人类\na. 人类的, 似人类的, 人性的, 有同情心的"
humane,"a. 有人情的, 人道的, 仁慈的"
humanitarian,"n. 人道主义者, 博爱者, 基督凡人论者\na. 人道主义的, 博爱的, 凡人论的"
humanities,n. 人文学科
humanity,"n. 人性, 人类, 博爱"
humankind,n. 人类
humanoid,a. 类人的
humans,n. 人类（human的复数形式）
humble,"a. 低下的, 谦逊的, 粗陋的\nvt. 使...卑下, 降低...地位, 贬抑"
humbled,v. 使谦恭( humble的过去式和过去分词 ); 轻松打败（尤指强大的对手）; 低声下气
humbly,"adv. 谦逊地, 卑贱地, 低声下气地"
humboldt,"洪堡, 洪保德(①姓氏 ②Baron Friedrich Heinrich Alexander von, 1769-1858, 德国自然科学家、自然地理学家、著述家、政治家, 近代气候学、植物地理学、地球物理学的创始人之一 ③Baron Wilhelm von, 1767-1835, 德国语言学家、外交官)"
hume,"n. 休姆（人名, 姓氏）"
humid,"a. 潮湿的, 湿润的, 多湿气的"
humidity,"n. 湿气, 潮湿, 湿度\n[计] 湿度"
humiliated,"a. 感到羞愧的\nv. 使蒙羞, 羞辱, 使丢脸( humiliate的过去式和过去分词 )"
humiliating,"a. 丢脸的, 耻辱的, 羞愧的"
humiliation,"n. 耻辱, 丢脸, 谦卑"
humility,"n. 谦逊, 谦虚, 谦卑"
humming,"a. 发嗡嗡声的, 哼着唱的, 精力旺盛的, 热气腾腾的, (酒)起泡的\n[电] 交流声"
humor,"n. 幽默, 诙谐, 心情\nvt. 迎合, 牵就, 顺应"
humorous,"a. 富幽默感的, 滑稽的, 诙谐的"
humour,"n. 幽默, 诙谐, 情绪, 体液\nvt. 使满足, 迁就"
hump,"n. 驼背, 圆形隆起物, 鸵峰\nvi. 隆起, 急速行进, 努力\nvt. 使弓起, 使烦恼, 使努力干"
humphrey,n. 汉弗莱（男子名）
hun,"n. 匈奴人, 德国佬, 野蛮人"
hundred,"n. 百, 百个东西\nnum. 百, 百个\na. 一百的, 许多的"
hundreds,n. 数百
hung,hang的过去式和过去分词
hungarian,"a. 匈牙利的, 匈牙利人的, 匈牙利语的\nn. 匈牙利人, 匈牙利语"
hungary,n. 匈牙利
hunger,"n. 饥饿, 渴望, 饥荒\nvt. 使挨饿\nvi. 挨饿, 渴望"
hungry,"a. 饥饿的, 荒年的, 渴望的, 不毛的\n[化] 欠鞣皮"
hunk,"n. 大块\na. 行的, 好的"
hunt,"n. 狩猎, 追捕, 搜寻, 猎区\nvt. 狩猎, 打猎, 搜索\nvi. 打猎, 猎食, 搜寻"
hunted,a. 被捕猎的；受迫害的
hunter,"n. 猎人, 猎犬, 追求者"
hunters,n. 猎人（hunter的复数）
hunting,"n. 狩猎, 猎狐, 探求\n[计] 寻找平衡; 寻找"
huntington,"n. 亨廷顿（男子名, 美国地名）"
hunts,"n. 狩猎, 追捕（hunt的复数形式）"
hurdle,"n. 障碍, 跳栏, 临时活动篱笆\nvt. 用篱笆围, 越过, 克服"
hurdles,n. 障碍( hurdle的名词复数 ); 跳栏; （供人或马跳跃的）栏架; 跨栏赛
hurley,赫尔利(姓氏)
hurling,n. 爱尔兰式曲棍球；猛投
huron,n. 休伦湖
hurricane,"n. 飓风, 暴风, 暴风雨"
hurricanes,"n. 飓风, （尤指西印度群岛的）旋风( hurricane的复数形式 )"
hurried,"a. 匆忙的, 仓促的, 草率的"
hurry,"n. 匆忙, 急忙, 急促\nvt. 急派, 催促\nvi. 匆忙, 赶快"
hurst,"n. 小丘, 小树林, 沙洲"
hurt,"n. 伤害, 创伤, 损害\nv. 伤害, (使)伤心, 危害, 刺痛"
hurtful,"a. 造成损害的, 伤感情的, 伤害的"
hurting,v. 弄痛( hurt的现在分词 ); 使受伤; 使伤心; 使受皮肉之苦
hurts,n. 痛痒
husband,"n. 丈夫, 管理人, 节俭的人\nvt. 节俭, 使成丈夫, 持有"
husbands,n. 丈夫；节俭的人（husband的复数）
hush,"n. 肃静, 安静, 沉默\nvt. (使)肃静, (使)安静, (使)缄默\ninterj. 嘘, 别作声"
huskies,"(husky 的复数) n. 强壮结实之人, 爱斯基摩人\na. 有壳的, 声音沙哑的, 强壮的"
husky,"n. 强壮结实之人, 爱斯基摩人\na. 有壳的, 声音沙哑的, 强壮的"
hussain,n. (Hussain)人名；(阿拉伯)侯赛因
hussein,n. 侯赛因（姓氏）
hustle,"n. 心碌, 挤, 推, 拥挤喧嚷\nvt. 催促, 乱挤活动, 硬逼, 强夺\nvi. 赶紧, 硬挤过去"
hut,"n. 小屋, 茅舍, 临时军营\nv. (使)住在茅舍"
hutchinson,n. 哈钦森（英国植物学家）
huts,"n. 小屋, 棚屋( hut的复数形式 )"
hutton,[计] 赫顿
hw,abbr. 半波（Half Wave）；热水（hot water）；硬件（Hardware）
hwy,abbr. highway 总线; 公用信道; 交通干道; 高速公路
hyatt,n. 海特（男子名）
hybrid,"n. 混血儿, 杂种, 混合物\na. 混合的, 杂种的, 混合语的\n[计] NetWare的主机实用程序, 双重用户建立程序"
hybrids,n. 杂交生成的生物体( hybrid的复数形式 ); 杂交植物（或动物）; 杂种; （不同事物的）混合物
hyde,n. 海德
hyderabad,海得拉巴(①印度南部一城市 ②巴基斯坦东南部一城市)
hydra,"n. 水螅, 九头蛇, 难以根除之祸害"
hydrated,"a. [化]含水的,与水结合的"
hydration,n. 水合\n[化] 水合
hydraulic,"a. 与水有关的, 水力的, 水压的\n[电] 水力的"
hydro,n. 水疗医院
hydroelectric,"a. 水力电气的\n[医] 水电的, 水电治疗的"
hydrogen,n. 氢\n[化] 氢H-2
hye,n. (Hye)人名；(东南亚国家华语)海；(孟)海耶
hygiene,"n. 卫生保健, 卫生学, 保健法\n[医] 卫生, 卫生学"
hymn,"n. 赞美诗, 圣歌\nv. 唱赞美歌"
hymns,"n. 赞美诗, 圣歌, 颂歌( hymn的名词复数 )"
hype,n. 大肆宣传；皮下注射
hyped,a. 兴奋的\nv. 炒作（hype的过去分词）
hyper,a. 亢奋的；高度紧张的
hyperbolic,"a. 双曲线的, 夸张法的\n[计] 双曲线的"
hypertension,"n. 高血压, 过度紧张\n[医] 高血压, 血压过高, 张力过强, 压力过高"
hypnosis,"n. 催眠状态, 催眠术\n[医] 催眠, 催眠状态"
hypnotic,"a. 催眠的, 在受催眠状态中, 易于催眠的\nn. 催眠药, 安眠药, 催眠状态的人"
hypocrisy,"n. 伪善\n[法] 伪善, 虚伪"
hypocrite,"n. 伪君子, 伪善者"
hypocrites,"n. 伪君子, 伪善者( hypocrite的复数形式 )"
hypocritical,"a. 伪善的, 伪善者的"
hypotheses,"pl. 假说, 前提, 假设, 假定"
hypothesis,n. 假设\n[化] 假设
hypothetical,"a. 假设的, 有待证实的, 假定的, 有前提的\n[计] 理想的"
hysteria,"n. 歇斯底里症, 不正常的兴奋, 癔病\n[医] 癔病, 歇斯底里"
hysterical,"a. 歇斯底里的, 异常兴奋的\n[医] 癔病的, 歇斯底里的"
hyundai,"n. 现代（公司名, 韩国最大汽车企业）"
hz,[计] 赫兹
ia,"[计] 指令地址, 集成转接器\n[医] 肠下垂"
iain, [男子名] [苏格兰人姓氏] 伊恩 John的盖尔语变体
ian,n. 伊恩（男子名）
ib,"[计] 识别字符块, 输入总线, 内部总线, 接口总线"
ibiza,n. 伊比沙岛（位于地中海西部）
ibm,美国国际商用机器公司\n[计] 国际商用机器公司
ibn,n. 伊本（阿拉伯男子名）
ibrahim,"n. 易卜拉欣（与阿丹、努哈、穆萨、尔撒和穆罕默德并称为安拉的六大使者, 亦系犹太教和基督教推崇的圣人和希伯来人的祖先）"
ic,"集成电路\n[计] 识别码, 指令单元, 互连, 内部通信, 集成电路"
icc,abbr. 国际商会（International Chamber of Commerce）；国际计算中心（International Computation Centre）；印第安人申诉委员会（Indian Claims Commission）；国际版权公约（International Copyright Convention）
ice,"n. 冰, 冰淇淋, 糖衣, 冷若冰霜, 矜持, 贿赂\nvt. 使结冰, 冰镇, 覆以糖衣\nvi. 结冰"
iceberg,"n. 冰山, 冷冰冰的人"
iced,a. 冰冷的；装冰的；冰冻的
iceland,n. 冰岛
icelandic,"a. 冰岛的, 冰岛人的, 冰岛语的\nn. 冰岛语"
ich,（德）我要
icing,"n. 糖衣, 结冰"
ico,[经] 国际咖啡组织
icon,"n. 画像, 肖像, 偶像, 图标, 像标\n[计] 像标, 图标"
iconic,[计] 图标的
icons,abbr. 核标准情报中心[美]（Information Center on Nuclear Standards）
ict,abbr. 结缔组织炎症（Inflammation of Connective Tissue）；粘土工艺学会（Ins-tit
icu,"[计] 工业控制器, 指令控制器, 综合控制器, 接口控制器, 中断控制器"
icy,"a. 冰的, 冰冷的, 冷淡的, 滑溜的"
id,"n. 遗传素质, 本能冲动\n[计] 识别, 标识符, 项目说明"
ida,"[计] 间接数据地址, 交互式数据分析, 智能数据存取\n[化] 同位素稀释分析"
idaho,n. 爱达荷州
idc,[计] 低差别编码
ide,"集成电路设备\n[计] 集成电路设备, 集成式驱动器电子设备接口"
idea,"n. 主意, 办法, 理想, 思想, 概念, 意见\n[医] 观念, 思想"
ideal,"n. 理想, 典范, 观念, 思想, 最后目标\na. 理想的, 完美的, 空想的, 观念的, 唯心论的"
idealism,"n. 唯心主义, 观念论, 唯心论, 理想主义"
idealistic,"a. 理想主义的, 唯心论的, 唯心主义的, 唯心主义者的"
ideally,"adv. 完美地, 理想地"
ideals,n. 理想（ideal的复数）
ideas,abbr. 工业设计优秀奖
identical,"a. 同一的, 恒等的, 完全相同的\n[医] 同一的, 同等的"
identifiable,"a. 可辨认的\n[法] 可证明为同一的, 可以办清的"
identification,"n. 识别, 身份证明, 认同\n[化] 鉴定; 鉴别; 鉴别法; 认证"
identified,a. 被认同者；经鉴定的；被识别的
identifier,"n. 检验人, 标识符\n[计] 用户标识符, 用户ID"
identifies,v. 认出( identify的第三人称单数 ); 支持; 确认; 辨认
identify,"vt. 识别, 认为...等同于, 确定, 使参与\nvi. 一致, 认同"
identifying,"n. 识别, 标识；标识关系"
identities,n. 身份( identity的名词复数 ); 同一性; 个性; 同一人
identity,"n. 身份, 相同, 一致, 特性, 恒等式\n[计] (打)标记, 标识"
ideological,"a. 意识形态的, 空想的\n[法] 思想的, 思想上的, 意识形态的"
ideologies,n. 思想（体系）( ideology的复数形式 ); 思想意识; 意识形态; 观念形态
ideology,"n. 思想体系, 意识形态, 观念学, 空论\n[医] 观念学, 观念形态"
idf,abbr. 综合资料文件（intergrated Data File）
idiot,"n. 白痴, 极蠢之人\n[医] 白痴者, 痴子"
idiotic,"a. 白痴的, 愚蠢的, 呆头呆脑的"
idiots,"n. 傻子, 笨蛋( idiot的复数形式 ); 白痴"
idk,abbr. 我不知道（I don not know）；影像开发套件
idle,"a. 懒惰的, 闲散的, 停顿的, 空闲的, 无用的\nvi. 无所事事, 闲散, 浪费, 空转\nvt. 虚度, 使闲散, 使空转\nn. 空转, 空闲时间\n[计] 空闲时间"
idol,"n. 偶像, 崇拜物, 宠儿, 幻象, 谬论"
idols,n. 偶像（idol的复数）
ids,abbr. 标识部分（Identification Section）
ie,[计] 中断启动
ieee,"[计] 标准总线接口, 电气电子工程师学会"
if,"conj. 如果, 是否, 无论何时, 假设, 即使\nn. 条件\n[计] DOS批处理命令:根据所测试的条件决定是否执行另一条命令"
ifs,"abbr. installable file system 可安装文件系统; integral flange and skirt 综合边缘和环绕\nn. 不确定的事, 无把握的事( if的名词复数 )"
ig,abbr. 监察主任（Inspector General）
ign,abbr. 点火（ignition）
ignite,"vt. 点燃, 使灼热, 使兴奋"
ignited,"v. 点燃, 引发( ignite的过去式和过去分词 )"
ignition,"n. 点火, 点燃\n[化] 点火; 着火"
ignorance,"n. 无知, 愚味\n[法] 无知, 不知情, 愚昧"
ignorant,"a. 无知识的, 不知道的, 由无知产生的\n[法] 无知的, 愚昧的, 不知情的"
ignore,"vt. 不理睬, 忽视, 驳回, 忽略\n[计] 忽略"
ignored,v. 忽略；不理会；不顾（ignore的过去分词）
ignores,v. 不顾( ignore的第三人称单数 ); [法律]驳回（诉讼）; 对…不予理会; 佯装未见
ignoring,v. 不顾( ignore的现在分词 ); [法律]驳回（诉讼）; 对…不予理会; 佯装未见
igor,n. (Igor)人名；(乌克、罗、塞、斯洛伐、法、葡、俄、西、英)伊戈尔\nabbr. 注入气和采出石油比（Injection Gas-Oil Ratio）
ii,abbr. 微光（Image Intensification）
iii,num. 罗马数字3
ik,abbr. 钾电流；反向动力学（Inverse Kinematics）
ike,"n. 艾克,光电摄像管,存储式摄像管"
ikea,n. 宜家家居（瑞典公司）
il,"[计] 指令表, 中间语言, 解释语言\n[医] 钷(61号元素)"
ill,"n. 疾病, 坏事, 罪恶, 灾难\na. 生病的, 邪恶的, 不吉利的, 敌意的, 不良的, 不顺利的\nadv. 有害地, 不幸地, 几乎不"
illegal,"a. 违法的, 不合规定的\n[经] 非法的, 犯规的"
illegally,"[法] 非法地, 不合法地, 违法地"
illegals,"(illegal 的复数) a. 违法的, 不合规定的\n[经] 非法的, 犯规的"
illegitimate,"a. 不法的, 私生的, 不合规则的, 不合理的, 不符合习惯的\nn. 无合法身份的人\nvt. 宣告...为非法, 证明...为私生"
illicit,"a. 不法的, 不正当的, 禁止的\n[法] 违法的, 违禁的, 被禁止的"
illinois,n. 伊利诺州
illiterate,"n. 文盲\na. 目不识丁的, 没受教育的"
illness,"n. 疾病, 恶意\n[医] 病"
illnesses,n. （身体或精神上的）疾病( illness的复数形式 ); （某种）病; 患病期
illogical,"a. 不合逻辑的, 无缘由的\n[法] 不合逻辑的, 无条理的, 说不通的"
illuminate,"vt. 照明, 用灯装饰, 阐明, 说明, 使灿烂\nvi. 照亮, 用灯装饰"
illuminated,"a. 被照明的, 受启发的, 加了灯饰的, 加了彩饰的"
illuminati,n. 先觉者
illuminating,a. 有启发性的
illumination,"n. 照明, 阐明, 启发\n[医] 照明, 映光"
illusion,"n. 幻影, 错觉, 幻想\n[医] 错觉"
illusions,n. 错觉( illusion的复数形式 ); 幻想; 错误观念; 假象
illustrate,"vt. 举例说明, 作图解, 阐明\nvi. 举例说明"
illustrated,n. 有插画的报章杂志
illustrates,v. 给…加插图( illustrate的第三人称单数 ); 说明; 表明; （用示例、图画等）说明
illustrating,v. 给…加插图( illustrate的现在分词 ); 说明; 表明; （用示例、图画等）说明
illustration,"n. 例证, 插图\n[化] 插图"
illustrations,n. 插图；插画（illustration的复数）
illustrator,"n. 插画家, 图解者, 说明者"
illustrious,"a. 著名的, 辉煌的, 明亮的"
im,"[计] 中断屏蔽, 指令存储器"
ima,[医] 最下的
image,"n. 影像, 肖像, 想象, 图像, 形象, 翻版\nvt. 作...的像, 反映, 想象, 象征\nn. 图像\n[计] 图象"
imagery,"n. 肖像, 比喻, 雕刻\n[化] 成像"
images,n. 图片；意象（image的复数）
imaginable,"a. 可想像的, 可能的"
imaginary,"a. 想像的, 虚构的, 假想的"
imagination,"n. 想像, 听觉, 想像力\n[医] 想像"
imaginative,"a. 想像的, 虚构的"
imagine,"vt. 想像, 设想, 猜测\nvi. 想像起来"
imagined,v. 想( imagine的过去式和过去分词 ); 想像; 料想; 误认为
imagines,"[医] 成虫(昆虫), 意像(心理)"
imaging,[计] 成象\n[化] 成像
imagining,v. 想( imagine的现在分词 ); 想像; 料想; 误认为
imam,"n. 阿訇, 伊玛目"
imbalance,"n. 不平衡, 不均衡\n[医] 不平衡, 失调"
imdb,abbr. 网路电影资料库（Internet Movie Database）
imf,国际货币基金组织\n[经] 国际货币基金
imitate,"vt. 模仿, 效法, 冒充, 仿造"
imitating,"n. 模仿, 效法；冒充"
imitation,"n. 模仿, 效法, 冒充, 赝品\n[医] 模仿, 仿制, 仿制品"
imma,[化] 离子探针质量分析器
immaculate,"a. 无污点的, 纯洁的, 无缺点的, 无辜的\n[医] 无斑点, 无瑕疵的, 洁净的"
immature,"a. 不成熟的, 未完全发育的, 粗糙的\n[医] 未成熟的"
immediate,"a. 立即的, 直接的, 接近的\n[医] 直接的, 立即的"
immediately,"adv. 直接地, 立刻, 立即"
immense,"a. 极广大的, 无边的, 非常好的"
immensely,"adv. 无限地, 广大地, 庞大地"
immersed,a. 专注的；浸入的
immersion,"n. 沉浸, 专心, 陷入\n[医] 浸, 浸渍"
immersive,a. 拟真的
immigrant,"n. 移民\na. 移入的, 移民的"
immigrants,n. 移民（immigrant的复数）
immigration,"n. 移民, 移居\n[医] 移民"
imminent,"a. 即将来临的, 逼近的"
immoral,"a. 不道德的, 邪恶的, 放荡的\n[法] 不道德的, 道德败坏的, 邪恶的"
immortal,"n. 不朽人物, 神仙\na. 永远的, 不死的, 长久的"
immortality,"n. 不朽, 不灭的声望"
immune,"a. 免疫的, 免除的, 不受影响的\nn. 免疫者"
immunity,"n. 免疫, 免疫性, 免除\n[化] 免疫性"
immunology,n. 免疫学\n[化] 免疫学
imo,"abbr. imitation (slang short form) 模仿, 冒充（短形式俚语）; immobilized 固定不动"
imp,"n. 顽童\nvt. 加强, 给...装上翅膀\n[计] 图象处理程序, 接口信息处理器"
impact,"n. 冲击, 冲突, 影响, 效果\nvt. 挤入, 撞击, 压紧, 对...发生影响"
impacted,"[医] 嵌入的, 嵌塞的, 阻生的"
impacting," [医]撞击（的）, 碰撞（的）"
impacts,"n. 影响, 作用( impact的名词复数 ); 碰撞; 冲击; 撞击"
impaired,a. 受损的
impairment,"n. 削弱, 减少, 损害, 损伤, 危害\n[计] 减损"
impart,"vt. 给予, 传授, 告知"
impartial,"a. 公平的, 不偏不倚的\n[法] 公正无私的, 不偏袒的, 公平的"
impatient,"a. 不耐烦的, 着急的, 急切的"
impeach,"vt. 控告, 怀疑, 检举, 弹劾\n[法] 控告, 检举, 弹劾"
impeached,v. 控告（某人）犯罪( impeach的过去式和过去分词 ); 弹劾; 对（某事物）怀疑; 提出异议
impeachment,"[法] 控告, 检举, 弹劾"
impeccable,"a. 无懈可击的, 勿容置疑的, 无瑕疵的, 不会做坏事的"
impedance,"n. 阻抗\n[计] 阻抗, 电抗"
impede,"vt. 妨碍, 阻碍, 阻止"
impending,"a. 即将发生的, 迫切的, 悬空的\n[法] 就要来的, 逼在眼前的, 紧急的"
imperative,"n. 命令, 必要的事, 规则, 祈使语气\na. 命令式的, 急需的, 势在必行的, 强制的"
imperfect,"a. 不完美的, 不完整的, 减弱的, 未完成过去时的\nn. 未完成体"
imperfections,n. 不合格折贴（imperfection的复数）
imperial,"a. 帝王的, 宗主国的, 至尊的, 壮丽的\nn. 特等品"
imperialism,"n. 帝国主义, 帝制\n[法] 帝国主义"
imperialist,"n. 帝国主义者, 皇帝统治的拥护者, 皇帝派的人\na. 帝国主义的"
impetus,"n. 动力, 推动力, 动量\n[医] 冲动, 动能, 起始(病)"
implant,"vt. 深植, 灌输, 嵌入\nn. 植入物, 植入管"
implanted, [医]植入的
implants,n. （植入身体中的）移植物( implant的名词复数 )
implement,"n. 工具, 器具, 手段\nvt. 实现, 使生效, 执行"
implementation,"n. 安装启用, 实行, 履行\n[计] 实施; 实现"
implementations,"n. 安装启用, 履行（implementation的复数形式）"
implemented,v. 执行；实施（implement的过去分词形式）
implementing,"n. 实现；实施, 执行"
implements,n. 甪具；工具（implement的复数）
implicated,a. 密切关联的；牵涉其中的
implication,"n. 牵连, 含义, 暗示\n[法] 推断, 含蓄之意, 暗示"
implications,n. 蕴涵式；卷入（implication的复数）
implicit,"a. 暗示的, 含蓄的, 固有的, 绝对的\n[经] 不讲明的, 含蓄的"
implicitly,"adv. 含蓄, 不言明, 暗示, 暗指, 内含, 固有, 无疑, 绝对, 无保留\n[计] 隐含地"
implied,"a. 暗指的, 含蓄的\n[经] 暗指的, 含蓄的"
implies,"v. 暗示, 暗指( imply的第三人称单数 ); 必然包含; 说明, 表明"
imply,"vt. 暗示, 意味\n[计] 隐含"
implying,"v. 暗示, 暗指( imply的现在分词 ); 必然包含; 说明, 表明"
import,"n. 进口货, 进口, 输入, 含义, 重要性\nvt. 输入, 引入, 进口, 含...的意思, 重要\nvi. 有关系\n[计] 引入"
importance,"n. 重要, 重要性, 重要地位, 自大\n[机] 重要, 重要性"
important,"a. 重要的, 有地位的, 大量的, 显要的, 自负的\n[计] 要点"
importantly,adv. 重要地；大量地；有名望地；自命不凡地
imported,"vt. 输入, 进口（import的过去式与过去分词形式）"
importing,v. 导入；进口（import的现在分词）
imports,n. 进口商品；进口总额（import的复数）
impose,"vt. 征(税), 把...强加于, 以...欺骗\nvi. 利用, 欺骗, 施加影响"
imposed,a. 强加的；施加的；应用的
imposes,v. 强迫( impose的第三人称单数 ); 勉强（某人做某事）; 推行; [印刷]把…装版
imposing,"a. 令人难忘的, 壮丽的, 威风的"
imposition,"n. 征收, 课税, 强加, 欺骗\n[经] 征税, 税, 税款"
impossible,"a. 不可能的, 难以置信的, 令人无法忍受的"
impoverished,"a. 穷困的, 无力的,用尽了的"
impractical,"a. 不切实际的, 不能实行的, 不现实的, 不合情理的"
impress,"n. 印象, 特征, 印记\nvt. 使有印象, 印, 铭刻, 传送, 影响, 强征\nvi. 给人印象"
impressed,a. 外加的；印象深刻的；了不起的；受感动的
impression,"n. 印象, 意念, 盖印, 印记, 印数, 底色, 效果\n[医] 压迹, 印模, 印象, 影响"
impressions,n. 印象；观感（impression的复数）
impressive,"a. 给人深刻印象的, 威严的"
imprint,"vt. 印, 铭刻\nn. 印, 印记, 特征, 痕迹, 版本说明"
imprisoned,"v. 下狱, 监禁( imprison的过去式和过去分词 )"
imprisonment,"n. 监禁, 下狱, 坐牢\n[法] 监禁, 徒刑, 拘禁"
improbable,"a. 不大可能的, 不象发生的, 荒谬可笑的\n[法] 未必会的, 不大可能发生的, 未必确实的"
impromptu,"n. 即席演出, 即兴曲\na. 即席的\nadv. 即席"
improper,"a. 不合适的, 错误的, 不成体统的, 不道德的\n[法] 不适当的, 不合适的, 不正确的"
improperly,[计] 不适当地
improv,n. & adj. <口>即兴表演（的）
improve,"vt. 改良, 提高...的价值, 改善, 利用\nvi. 变得更好, 增加"
improved,a. 改良的
improvement,"n. 进步, 改善, 利用\n[医] 改善, 好转, 进步"
improvements,n. 增加或修改( improvement的复数形式 ); 改进; 改善; 改良
improves,"v. 改善, 改进, 提高( improve的第三人称单数 ); 提高（土地、地产）的价值; 利用（机会）; 抓紧（时间）"
improving,a. 有启发的；有教育意义的
improvisation,"n. 即兴而作, 即席演奏, 即席作品"
improvised,a. 临时准备的；即兴的
impulse,"n. 冲动, 驱使, 刺激, 推动, 冲力, 建议, 脉冲\nvt. 推动"
impulses,n. 凭冲动行事( impulse的复数形式 ); 突如其来的念头; 推动; 冲量
impulsive,"a. 冲动的, 受感情驱使的, 任性的\n[医] 冲动的"
impunity,"n. 不受惩罚, 无事, 无患\n[法] 不受刑罚, 免罚, 免罪"
imran,n. 伊姆兰（男子名）
in,"prep. 在...期间, 在...之内, 处于...之中, 从事于, 按照, 穿着\nadv. 进入, 朝里, 在里面, 在屋里\na. 在里面的, 在朝的\nn. 执政者, 交情"
ina,n. 艾娜（女子名）
inability,"n. 无能, 无力"
inaccessible,"a. 难得到的, 难接近的, 难达成的"
inaccurate,"a. 错误的, 不准确的\n[化] 不精确"
inaction,"n. 不活动, 无为, 怠惰, 迟钝\n[医] 无作用"
inactive,"a. 不活动的, 停止的, 怠惰的, 闲置的\n[计] 非活动的"
inadequate,"a. 不充分的, 不适当的\n[法] 不充分的, 不适当的"
inadvertently,"adv. 漫不经心地, 疏忽地; 非故意地"
inappropriate,"a. 不适当的, 不相称的"
inaugural,"a. 就任的, 开幕的\nn. 就职演讲"
inaugurated,"v. 为…举行就职典礼( inaugurate的过去式和过去分词 ); 为…举行仪式, 为…举行落成[开幕]仪式; 开创, 创始"
inauguration,"n. (美)总统就职, 开幕仪式, 就职典礼, 开始, 开辟, 开创, 为...举行开幕式\n[法] 就职, 就职典礼, 创造"
inbound,"a. 归本国的, 入境的\n[计] 不装订"
inbox,[计] 入站
inc,"a. 根据法律组成的公司, 公司"
incapable,"a. 无能力的, 不能的\n[机] 不能行的, 耐不住的"
incapacitated,"a. [法]丧失能力\nv. 使无能力, 使不适合( incapacitate的过去式和过去分词 )"
incarcerated,[医] 箝闭的
incarceration,"n. 下狱, 监禁, 禁闭\n[医] 箝闭"
incarnation,"n. 典型, 特殊阶段, 化身, 体现"
incense,"n. 香, 香气, 奉承\nvi. 焚香\nvt. 用香焚, 使发怒"
incentive,n. 动机\na. 激励的
incentives,n. 激励某人做某事的事物( incentive的复数形式 ); 刺激; 诱因; 动机
inception,"n. 起初, 获得学位"
incest,"n. 近亲相奸, 乱伦\n[医] 近亲通婚"
inch,"n. 英寸, 身高, 小岛\nvi. 慢慢前进, 慢慢移动\nvt. 使缓慢地移动"
inches,n. 英寸（inch的复数）
incidence,"n. 发生, 发生率, 影响, 负担者, 入射, 倾角\n[医] 入射, 发生率, 发生数"
incident,"n. 事件, 事变, 小事\na. 附带的, 易于发生的, 外来的, 入射的"
incidental,"a. 附带的, 偶然的, 容易发生的\nn. 附带事件"
incidentally,"adv. 伴随地, 偶然, 顺便"
incidents,n. 发生的事( incident的复数形式 ); 小插曲; 敌对行动; 骚乱
incision,"n. 切口, 切割, 雕刻, 切入\n[医] 切口, 切开, 缺口(叶)"
incite,"vt. 刺激, 激励, 引诱\n[法] 鼓动, 煽动"
inciting,"a. 刺激的, 煽动的\nv. 刺激, 激励, 煽动( incite的现在分词 )"
incl,"abbr. 包括（including, included）；包括的（inclusive）；包围（enclosure）"
inclination,"n. 倾向, 趋向, 倾斜度, 点头\n[化] 倾角"
incline,"n. 倾斜, 斜坡, 斜面\nvt. 使倾向于, 使倾斜\nvi. 倾向, 倾斜, 爱好, 易于"
inclined,"a. 倾向于...的, 想要...的, 可能的, 趋向于...的"
include,"vt. 包括, 把...算入, 包住\n[计] DOS内部命令:在CONFIG.SYS文件的一个配置块中包含另一配置块的内容"
included,a. 包括在内\n[计] 包含的
includes,v. 包含；包住（include的三单形式）
including,"prep. 包含, 包括\n[经] 包括, 算入"
inclusion,"n. 包含, 内含物\n[计] 蕴含"
inclusive,"a. 包含的, 包括的"
incoherent,"a. 不连贯的, 语无伦次的\n[医] 不连贯的"
income,"n. 收入, 收益, 流入\n[经] 收益"
incomes,n. 收入；收益（income的复数）
incoming,"a. 进来的, 刚开始的, 新来的\nn. 进来"
incompatible,"a. 不相容的, 不能并存的, 矛盾的\n[化] 不协调"
incompetence,"n. 不胜任, 不够格, 不合格, 不适合, 无能力, 不熟练, 无资格\n[医] 机能不全, 闭锁不全, 关闭不全"
incompetent,"a. 无能力的, 无资格的, 机能不全的, 不胜任的\nn. 无能力者"
incomplete,"a. 不完全的, 未完成的, 不完善的\n[机] 不完全的"
incomprehensible,"a. 不能理解的, 费解的, 无限的"
inconclusive,"a. 非决定性的, 无效果的, 不得要领的\n[法] 非决定性的, 不确定的, 无结果的"
inconsistencies,n. 矛盾( inconsistency的名词复数 )
inconsistency,"n. 不一致, 易变, 前后矛盾的事物\n[法] 前后矛盾, 不一致"
inconsistent,"a. 不一致的, 易变的, 前后矛盾的\n[法] 矛盾的, 不一致的, 不协调的"
inconvenience,"n. 不便, 困难\nvt. 使感不便, 使感困难"
inconvenient,"a. 不便的, 有困难的"
incorporate,"a. 合并的, 组成公司的, 一体化的\nvt. 吸收, 合并, 使组成公司, 体现\nvi. 合并, 混合, 组成公司"
incorporated,"a. 根据法律组成的公司, 公司\n[法] 组成法人组织的, 法人的, 合并的"
incorporates,v. 组成公司( incorporate的第三人称单数 ); 包含; 使混合; 使具体化
incorporating,v. 组成公司( incorporate的现在分词 ); 包含; 使混合; 使具体化
incorporation,"n. 包含, 结合, 编入, 团体组织\n[医] 惨合, 混合, 合并"
incorrect,"a. 不正确的\n[法] 不正确, 错误的, 不适当的"
incorrectly,adv. 错误地；不适当地
increase,"n. 增加, 增进, 利益\nvt. 增加, 加大\nvi. 增加, 繁殖"
increased,a. 增强的（increase的过去分词）
increases,"n. 增加量( increase的名词复数 )\nv. 增加, 增大, 增多( increase的第三人称单数 ); 增强, 增进; [缝纫]放（针）; 增强"
increasing,[经] 递增
increasingly,"adv. 逐渐地, 渐增地"
incredible,a. 难以置信的
incredibly,adv. 不能相信地
incremental,"a. 增加的, 增值的\n[经] 增长的, 增量的"
increments,n. 增长( increment的复数形式 ); 增量; 增额; 定期的加薪
incubation,"n. 抱蛋, 孵化, 酝酿\n[医] 孵育, 孵化, 潜伏, 宿庙求梦(古希腊)"
incubator,"n. 孵卵器, 细菌培养器, 早产儿保育器\n[化] 恒温箱; 孵化箱"
incumbent,"a. 现任的, 依靠的, 负有义务的\nn. 领圣俸者, 在职者"
incumbents,n. 教区牧师( incumbent的复数形式 ); 教会中的任职者
incur,"vt. 招致, 蒙受, 遭遇\n[经] 招致, 蒙受, 担负"
incurred,v. 遭受；招致（incur的过去分词）
ind,abbr. 印度；印第安纳州
indebted,"a. 负债的, 受惠的\n[法] 负债的, 法律上有义务偿还的"
indecent,"a. 下流的, 不礼貌的\n[医] 猥亵的"
indeed,"adv. 的确, 实在, 真正地, 甚至"
indefinite,"a. 模糊的, 不确定的, 无限的\n[法] 不确定的, 无限制的"
indefinitely,adv. 无期限地
independence,"n. 独立, 自立, 自主\n[医] 自主性, 独立性"
independent,"n. 独立自主者, 无党派者\na. 独立的, 有主见的, 不须依赖的, 不受约束的"
independently,"adv. 独立地, 自立地"
independents,n. 自主的( independent的复数形式 ); 不相关连的; 无党派的; 不相干的人所做的（或提供的）
index,"n. 索引, 指针, 指数, 指标\nvt. 编入索引中, 指出\nvi. 做索引\n[计] 下标; 附标; 变址; 索引; 编索引"
indexed,a. 编入索引的；有索引的
indexes,n. 指数；索引；标准（index的复数）
indexing,[计] 标引; 变址\n[化] 指标化
india,n. 印度
indian,"n. 印度人, 印第安人, 印第安语\na. 印度的, 印度群岛的, 印第安语的"
indiana,n. 印地安那州
indianapolis,n. 印第安纳波利斯（美国印第安纳州首府）
indians,n. 印第安人；印度人（Indian的复数）
indicate,"vt. 显示, 象征, 指示, 指出\n[医] 指示"
indicated,a. 表明的; 指示的\nv. 标示( indicate的过去式和过去分词 ); 指示; 象征; 表明或暗示…的可能性
indicates,"v. 指示, 显示；表明（indicate的第三人称单数形式）"
indicating,n. 指示；表明
indication,"n. 指示, 象征, 暗示\n[医] 指示, 指征, 适应征"
indications,"n. 适应症, 显示；标志（indication复数形式）"
indicative,"a. 指示的, 象征的, 表示...的\n[经] 指标的"
indicator,"n. 指示器, 指示剂, 指标\n[计] 指示器"
indicators,n. （仪器上显示温度、压力、耗油量等的）指针( indicator的复数形式 ); 指示物; （车辆上的）转弯指示灯; 指示信号
indices,"pl. 索引, 指针, 指数, 指标"
indicted,"v. 控告, 起诉( indict的过去式和过去分词 )"
indictment,"n. 起诉, 控告, 起诉状\n[经] 起诉书"
indie,"n. 独立制片人, 独立制作的影(唱)片"
indies,"n. 印度地方, 西印度群岛"
indifference,"n. 不重视, 无兴趣, 漠不关心\n[法] 中立, 不偏袒, 不重视"
indifferent,"a. 漠不关心的, 无重要性的, 中立的\n[医] 中性的, 无作用的, 无亲和力的, 淡漠的"
indigenous,"a. 本土的, 国产的, 固有的\n[医] 原产的, 本土的"
indigo,"n. 靛青, 靛蓝色\na. 靛蓝色的"
indirect,"a. 间接的, 非直截了当的, 不坦率的\n[医] 间接的"
indirectly,"adv. 间接, 曲折, 迂回, 不直截了当, 不诚实, 不坦率\n[计] 间接地"
indispensable,"n. 不可缺少之物\na. 不可缺少的, 责无旁贷的, 绝对必要的"
indistinguishable,"a. 不能辨别的, 不能区别的"
individual,"n. 人, 个人, 个体\na. 个别的, 个人的, 独特的"
individuality,"n. 个性, 个人, 特征"
individually,"adv. 以个人身分, 各个地, 独特地"
individuals,n. 个人；个体（individual的复数）
indo,[化] 间略微分重叠法
indonesia,n. 印尼
indonesian,"a. 印尼的\nn. 印尼人, 印尼语群"
indoor,"a. 户内的, 室内的"
indoors,adv. 在户内
induce,"vt. 引诱, 招致, 归纳出, 感应\n[医] 诱导, 感应"
induced,a. 感应的；诱发型
induces,v. 引诱( induce的第三人称单数 ); <正>引起; 催产; 催生
inducing,a. 产生诱导作用的
inducted,v. 使正式就任( induct的过去式和过去分词 )
induction,"n. 归纳法, 感应, 就职, 入门\n[计] 归纳法"
indulge,"vt. 纵情于, 使高兴, 放任, 迁就\nvi. 沉溺"
indulgence,"n. 沉溺, 放纵, 嗜好\n[法] 宽容, 纵容, 赎罪券"
indulgent,"a. 纵容的, 任性的, 宽容的"
indulging,v. 放纵( indulge的现在分词 ); 容许; 使（自己）沉溺于; 参加
industrial,"a. 工业的, 供工业用的, 工业高度发展的, 产业的\nn. 工业工人, 工业股票"
industrialized,a. 工业化的
industries,"n. 行业, 工业；实业公司（industry的复数）"
industry,"n. 勤劳, 工业, 企业, 产业, 有组织的劳动\n[经] 工业, 实业"
indy,"n. 印第安纳·琼斯（人名, Indiana Jones, 昵称Indy）；印第安纳波利斯式赛车运动；印地赛车"
ineffective,"a. 无效的\n[法] 失效的, 无效的, 效率低的"
inefficient,"a. 无效率的, 无能的\n[医] 无效的, 无效力的"
ineligible,"a. 无被选任资格的, 不适任的, 无益的\nn. 无被选任资格的人, 不合录用资格的人"
inept,"a. 不适当的, 不理智的, 笨拙的\n[法] 不称职者, 无能的, 不符要求的"
inequalities,"n. [数]不等式；不均等, 不平衡；不平坦（inequality的复数形式）"
inequality,"n. 不平等, 不同, 不平坦, 不平均\nn. 不平等, 不等式\n[计] 不等式"
inert,"a. 惰性的, 迟钝的, 无活力的, 呆滞的\n[医] 惰性的, 无作用的, 无效的"
inertia,"n. 惯性, 惰性, 迟钝\n[化] 惯性"
inevitable,"a. 不可避免的, 必然的\n[法] 不可避免的, 无法规避的, 必然的"
inevitably,adv. 不可避免地
inexpensive,"a. 便宜的, 不贵重的"
inexperienced,"a. 无经验的, 不熟练的"
inexplicable,"a. 不能说明的, 不能解释的, 费解的"
infamous,"a. 无耻的, 不名誉的, 声名狼藉的"
infancy,"n. 幼年, 初期, 幼儿期\n[医] 婴儿期(一足岁以内)"
infant,"n. 婴儿, 儿童, 初学者\na. 婴儿的, 幼稚的"
infantry,"n. 步兵, 步兵团"
infants,"n. 婴儿, 幼儿( infant的复数形式 )"
infect,"vt. 传染, 感染\n[医] 传染, 感染"
infected,a. 被感染的\n[计] 被感染的
infection,"n. 传染, 影响, 传染病\n[医] 传染, 感染"
infections,n. 传染病；口腔病害（infection复数形式）
infectious,"a. 有传染性的, 易传染的\n[医] 传染性的"
infer,"vt. 推论出, 推断\nvi. 作推论"
inference,"n. 推论\n[法] 推论, 推理, 推断"
inferior,"a. 次等的, 较差的, 下方的, 下级的\nn. 部下, 次品, 下标(符号)"
inferno,"n. 地狱, 地狱似的地方"
inferred,v. 推断( infer的过去式和过去分词 ); 间接地提出; 暗示; 意指
infertility,"n. 不肥沃, 不毛\n[医] 不育症, 不孕症"
infestation,"n. 骚扰, 大批出没, 横行\n[医] 侵染, 感染"
infested,"a. 为患的, 大批滋生的（常与with搭配）\nv. 害虫、野兽大批出没于( infest的过去式和过去分词 ); 遍布于"
infidelity,"n. 不信神, 无信仰, 背信"
infiltrate,"vt. 使浸润, 使潜入, 使渗入\nvi. 渗入\nn. 渗透物"
infiltrated,"a. [医]浸润的\nv. （使）渗透, （指思想）渗入人的心中( infiltrate的过去式和过去分词 )"
infiltration,"n. 渗入, 渗透, 渗透物\n[化] 渗滤; 渗入过滤; 渗透; 渗入"
infinite,"n. 无限, 神\na. 无穷的, 无限的, 极大的"
infinitely,"adv. 无限地, 无数地, 庞大地"
infinity,"n. 无限大, 无限\n[计] 无穷"
infirmary,"n. 医院, 养老院\n[医] 医务所, 医务室, 小医院"
inflamed,"a. 红肿的, 发炎的"
inflammation,"n. 怒火, 发火, 燃烧, 发炎\n[医] 炎[症]"
inflammatory,"a. 激动的, 煽动的, 炎症性的\n[医] 炎的, 炎性的"
inflatable,"a. 膨胀的, 得意的, 通货膨胀的"
inflated,"a. 膨胀的, 充了气的, 夸张的, 通货膨胀的"
inflation,"n. 胀大, 夸张, 通货膨胀\n[化] 充气吹胀; 膨胀"
inflict,"vt. 施以, 加害, 使承受\n[法] 处, 加, 予以"
inflicted,"v. 把…强加给, 使承受, 遭受( inflict的过去式和过去分词 )"
inflicting,"v. 把…强加给, 使承受, 遭受( inflict的现在分词 )"
influence,"n. 影响力, 权力, 势力\nvt. 影响, 改变"
influenced,a. 影响性的\nv. 影响( influence的过去式和过去分词 ); 感染; 支配; 对…起作用
influencers,(influencer 的复数) n. 影响者
influences,n. 影响( influence的名词复数 ); 势力; 有影响的人（或事物）; [占星学]星力\nv. 影响( influence的第三人称单数 ); 感染; 支配; 对…起作用
influencing,a. 影响的
influential,"a. 有影响的, 有势力的"
influenza,"n. 流行性感冒\n[医] 流行性感冒, 流感"
influx,"n. 流入, 河口, 汇集\n[医] 注入, 流入"
info,n. 信息\n[计] 信息
inform,"vt. 通知, 使了解, 使充满\nvi. 提供资料, 告发"
informal,"a. 非正式的, 不拘礼的, 通俗的\n[经] 非正式的, 日常使用的"
informally,adv. 非正式地；不拘礼节地
informant,"n. 提供消息者, 密告者, 被调查者\n[经] 填报人, 被征询人"
information,"n. 消息, 知识, 通知, 情报, 信息, 问讯处, 起诉\n[计] 信息"
informational,"a. 信息的, 情报的, 提供消息的, 介绍情况的, 提供情报的\n[计] 信息性的"
informative,"a. 提供消息的, 见闻广博的"
informed,a. 见多识广的
informing,a. 增长见闻的；提供情报的；鼓舞的
informs,abbr. 运筹学和管理学研究协会（Institute for Operations Research and the Management Sciences）
infrared,a. 红外线的\nn. 红外线
infrastructure,"n. 基础结构, 基础设施\n[经] 基础设施"
infringement,"n. 违犯, 侵害, 违反, 侵犯\n[计] 违反, 侵犯, 侵权, 侵犯"
infused,"v. 灌输, 加入（一种特性）( infuse的过去式和过去分词 ); 沏（茶）, 泡（草药）"
infusion,"n. 注入, 泡制, 注入物\n[化] 浸渍; 浸泡"
ing,abbr. 惯性导航与制导（Inertial Navigation and Guidance）；强中子发生器（Intense Neutron Generator）
ingenious,"a. 灵敏的, 精巧的, 聪明的"
ingenuity,"n. 心灵手巧, 精巧, 精巧设计"
ingested,"v. <正>吃, 吞下( ingest的过去式和过去分词 ); 获取（某事物）"
ingram,n. 英格拉姆（男子名）
ingredient,"n. 成分, 因素\n[化] 配合剂; 拼料; 成分; 组分"
ingredients,材料；作料
ingrid,n 英格里德（女子名）
inhabit,"vt. 居住于, 占据, 栖息"
inhabitants,"n. 居民, 住户, （栖息在某地区的）动物( inhabitant的复数形式 )"
inhabited,a. 有人居住的
inhalation,"n. 吸入\n[医] 吸入剂, 吸入[法]"
inhale,vt. 吸入\nvi. 吸气
inherent,"a. 固有的, 与生俱来的\n[医] 固有的, 生来的"
inherently,"adv. 内在地, 生来地, 固有地\n[计] 固有的"
inherit,"vt. 继承, 遗传\nvi. 接受遗产"
inheritance,"n. 遗传, 遗产\n[医] 遗传"
inherited,a. 遗传的；继承权的；通过继承得到的
inhibit,"vt. 禁止, 抑制\nvi. 起抑制作用"
inhibited,"a. 抑制情感的, 约束行动的\n[计] 禁止的, 抑制的"
inhibition,"n. 禁止, 抑制, 压抑\n[计] 禁止"
inhibitor,"n. 禁止者, 抑制人, 抑制物, 抑制因素, 抑制剂, 阻化剂\n[计] 禁止器, 抑制剂"
inhibitors,"n. 禁制因素, 抑制因子；抑制剂；阻止剂（inhibitor的复数）"
inhibits,"v. 阻止, 抑制( inhibit的第三人称单数 ); 使拘束, 使尴尬"
inhuman,"a. 残忍的, 无人性的, 非人类的\n[法] 非人道的, 不人道的, 残忍的"
inhumane,"a. 无人情味的, 薄情的, 残忍的"
initial,"n. 字首, 首字母\na. 开始的, 最初的, 字首的\nvt. 用姓名的首字母签名"
initially,"adv. 最初, 开头"
initials,n. 首字母；姓名中的大写字母（initial的复数）；缩写
initiate,"n. 入会, 开始\na. 新加入的\nvt. 开始, 传授基本知识给"
initiated,v. 开始( initiate的过去式和过去分词 ); 传授; 发起; 接纳新成员
initiates,v. 开始( initiate的第三人称单数 ); 传授; 发起; 接纳新成员
initiating,v. 开始（initiate的ing形式）
initiation,"n. 开始, 指引, 入会\n[化] 引发"
initiative,"n. 主动行动, 首创精神, 主动权\na. 自发的, 起始的"
initiatives,n. 主动性( initiative的复数形式 ); 主动的行动; 初步; 主动权
inject,"vt. 注射, 注入, 使入轨\n[医] 注射"
injected,"a. [医]注入的, 充血的\nv. （给…）注射（药物等）（ inject的过去式和过去分词 ）; （给…）注射（液体）; （给…）添加; （给…）投入（资金）"
injecting,v. （给…）注射（药物等）( inject的现在分词 ); （给…）注射（液体）; （给…）添加; （给…）投入（资金）
injection,"n. 注射, 注射剂\n[化] 注入; 注射"
injections,n. 注射( injection的复数形式 ); （液体）注入; 喷入; 大量资金的投入
injunction,"n. 命令, 禁令, 劝告\n[经] 指令, 禁令"
injure,"vt. 伤害, 损害, 使受冤屈\n[医] 损伤"
injured,"a. 受伤的, 受损害的, 被触怒的\n[法] 受害的, 被害的"
injuries,"n. 伤害, 损害( injury的名词复数 ); 受伤处"
injuring,v. 损害( injure的现在分词 ); 伤害（名誉、自尊等）; （尤指在事故中）伤害; 使受伤
injury,"n. 伤害, 侮辱\n[医] 伤, 损伤"
injustice,"n. 不公平, 非正义的行为\n[法] 不公正, 不公平, 权利侵害"
ink,"n. 墨水, 墨汁\nvt. 涂墨水于, 签署, 加墨水"
inland,"a. 内陆的, 国内的\nn. 内地"
inlet,"n. 进口, 插入物\n[化] 入口; 进口; 投料口; 供料口"
inline,[计] 内联
inmate,"n. 同住者, 被收容者\n[法] 内部的, 接近中心的, 内在的"
inmates,n. 囚犯( inmate的复数形式 )
inn,"n. 旅馆, 客栈\nvi. 住旅馆"
innate,"a. 先天的, 天生的\n[医] 先天的, 生来的"
inner,"a. 内部的, 内心的\nn. 内部"
inning,"n. 一局, 挨次轮换, 执政期, 围垦"
innings,"n. 局, 回合, 盘, 一局, 当权期间"
innocence,"n. 无罪, 无知, 天真无邪\n[法] 无罪, 无罪的人, 清白无辜者"
innocent,"a. 无罪的, 不懂事的, 无知的\nn. 天真的人, 笨蛋"
innocents,n. 无辜者（尤指天真无邪的孩子）( innocent的复数形式 )
innovate,"vi. 改革, 创新"
innovation,"n. 改革, 创新\n[法] 创新, 改革, 刷新"
innovations,n. 改革( innovation的复数形式 ); 新观念; 新事物; 新设施
innovative,"a. 革新的, 创新的, 富有革新精神的"
inorganic,"a. 无机的, 无生物的, 非自然形成的\n[医] 无机的"
inpatient,n. 住院病人
input,"n. 输入, 输入电路\nvt. 输入\n[计] 输入"
inputs,n. 输入；投入（input的复数）
inquest,"n. 审讯, 讯问, 验尸\n[医] 验尸"
inquire,"v. 询问, 问明, 查究"
inquiries,n. 调查( inquiry的名词复数 ); 疑问; 探究; 打听
inquiry,"n. 质询, 探索, 调查, 询盘\n[计] 询问; 查询"
inquisition,"n. 调查, 探究, 审理, 宗教裁判所\n[医] 调查, 审查"
ins,abbr. 惯性导航系统（Inertial Navigation System）；国际新闻社（International News Service）；信息网络系统（Information Network System）
insane,"a. 患精神病的, 极愚蠢的\n[医] 神经错乱的"
insanely,"adv. 精神错乱地, 疯狂地, 极其愚蠢地, 脱离实际地"
insanity,"n. 疯狂, 愚顽, 精神错乱\n[医] 精神病"
inscribed,a. 内切的；记名的；有铭刻的
inscription,"n. 题字, 碑铭\n[医] 划, 药量记载"
inscriptions,n. （作者）题词( inscription的复数形式 ); 献词; 碑文; 证劵持有人的登记
insect,"n. 昆虫, 卑鄙的人\n[医] 昆虫"
insects,"n. 昆虫；昆虫类, 昆虫纲（insect的复数形式）"
insecure,"a. 不安全的, 不牢靠的, 不坚固的, 不稳定的"
insecurities,n. 不安全( insecurity的名词复数 ); 不牢靠; 局促不安; 无把握
insecurity,"n. 不安全, 不安全感\n[医] 不安全感, 无保障"
insensitive,"a. 对...没有感觉的, 感觉迟钝的\n[医] 感觉迟钝的"
inseparable,a. 不能分的\n[化] 不可分的
insert,"n. 插入物\nvt. 插入, 把(人造卫星)射入(轨道), 添写\nvi. 附着\n[计] 插入"
inserted,a. 插入的；嵌入的；著生的；附着的
inserting,"n. 插入, 嵌进"
insertion,"n. 插入, 刊载, 插入物\n[计] 插入"
inserts,n. 镶嵌件；衬垫（insert的复数）
inside,"n. 内部, 内脏, 内幕\na. 内部的, 秘密的, 户内的\nadv. 在里面\nprep. 在...之内"
insider,"n. 内部的人, 权威人士, 知道内情的人\n[经] 熟悉内情者"
insiders,"n. （组织等）内部的人, 知情人( insider的复数形式 )"
insides,n. 心纸；花边机综合特征
insidious,"a. 隐伏的, 阴险的, 狡猾的\n[医] 隐袭的"
insight,"n. 察看, 洞察力, 见识\n[医] 自知力, 洞察, 顿悟"
insightful,"a. 有深刻见解的, 富有洞察力的"
insights,n. 洞察力；眼力；深刻见解（insight的复数）
insignia,"n. 勋章, 徽章\n[法] 勋章, 徽章, 荣誉"
insignificant,"a. 无关紧要的, 无意义的, 琐碎的"
insist,"v. 坚持, 坚决主张, 强调"
insisted,"v. 坚决宣称, 坚持认为( insist的过去式和过去分词 ); 坚决要求"
insistence,"n. 坚持, 坚决主张"
insisting,"v. 坚决宣称, 坚持认为( insist的现在分词 ); 坚决要求"
insists,"v. 坚决宣称, 坚持认为( insist的第三人称单数 ); 坚决要求"
insolvency,"n. 无力偿还, 破产\n[经] 破产, 无力偿付, 不足抵偿债务"
insomnia,n. 失眠症\n[医] 失眠[症]
inspect,"vt. 检查, 检阅, 检验\nvi. 检查"
inspected,"v. 检查, 检验( inspect的过去式和过去分词 ); 视察"
inspecting,"v. 检查, 检验( inspect的现在分词 ); 视察"
inspection,"n. 检验, 检查, 视察\n[医] 检查, 视察, 监督, 望诊"
inspections,n. 检查( inspection的复数形式 ); 检验; 视察; 检阅
inspector,"n. 检查员, 巡视员\n[化] 检查员"
inspectors,n. 检查员( inspector的复数形式 ); （英国公共汽车或火车上的）查票员; （警察）巡官; 检阅官
inspiration,"n. 灵感, 鼓舞人心的人或物, 妙计, 吸气\n[医] 吸[气]"
inspirational,"a. 凭灵感的, 鼓舞人心的, 神感的"
inspire,"vt. 使感动, 激发, 启示, 吸入, 鼓舞, 产生, 使生灵感\nvi. 吸入, 赋予灵感"
inspired,"a. 得到灵感的, 有灵感的, 官方授意的"
inspires,v. 鼓舞( inspire的第三人称单数 ); 激励; 赋予某人灵感; 启迪
inspiring,a. 鼓舞人心的
instability,"n. 不安定, 不稳定\n[医] 不稳定性"
instagram,一款图片分享应用
install,"vt. 安装, 安置, 使就职\n[计] 安装, 安装程序; DOS内部命令:安装常驻程序"
installation,"n. 安装, 装置, 就职\n[医] 结构, 装置, 设立"
installations,n. 装置( installation的复数形式 ); 安装; 就职; 军事设施
installed,a. 安装的；已装入的
installing,n. 安装；插入；任命
installment,"n. 就职, 装设, 分期付款\n[经] 分期付款"
installments,n. 部分( installment的复数形式 )
instance,"n. 建议, 情况, 例子, 场合\nvt. 引以为例, 举例说明"
instances,"n. 例子, 实例( instance的名词复数 )"
instant,"n. 立即, 瞬间\na. 紧急的, 立即的, 即时的"
instantaneous,"a. 即时的, 瞬间的, 猝发的\n[机] 瞬时的"
instantly,"adv. 立即地, 即刻地"
instead,"adv. 作为替代, 反而"
instinct,"n. 本能, 直觉\na. 充满着的"
instinctively,"adv. 本能地, 直觉地"
instincts,n. 直觉；本能（instinct的复数）
institute,"n. 学会, 学院, 协会\nvt. 创立, 开始, 制定, 任命"
instituted,v. 创立；设置（institute的过去分词）
institutes,n. 学院（institute的复数）
institution,"n. 机构, 惯例, 制度\n[医] 机关, 机构, 设施"
institutional,"a. 制度的, 公共机构的, 学会的\n[法] 组织机构的, 制度的, 公共机构的"
institutionalized,a. 使成惯例的；有组织的；遭受收容机构所产生的不良影响的
institutions,n. 体系
instruct,"vt. 教, 教育, 命令, 通知\n[法] 托办, 指导, 指示"
instructed,"a. 受教育的, 得到指示的, 被委派的"
instructing,v. 教( instruct的现在分词 ); 通知; 教授; 命令
instruction,"n. 指令, 教导, 命令\n[计] 指令"
instructional,"a. 教学的, 教育的"
instructions,n. 指令；说明（instruction的复数形式）
instructor,"n. 教员, 讲师\n[法] 指导者, 教员, 讲师"
instructors,"n. 指导者, 教师( instructor的名词复数 )"
instrument,"n. 工具, 手段, 仪器\n[化] 仪器"
instrumental,"a. 仪器的, 器具的, 可作为手段的\n[医] 器械的"
instrumentation,"n. 乐器法, 仪器制造学, 仪表化\n[医] 器械用法, 器械操作法"
instruments,n. 乐器；工具；仪器（instrument的复数）
insufficient,"a. 不够的, 不能胜任的, 不充足的\n[法] 不足的, 不充分的, 不能胜任的"
insulated,a. 隔热的；绝缘的
insulation,"n. 绝缘；隔离, 孤立"
insulin,n. 胰岛素\n[化] 胰岛素
insult,"n. 侮辱, 无礼, 损害\nvt. 损害, 侮辱, 攻击"
insulted,"v. 侮辱, 冒犯( insult的过去式和过去分词 )"
insulting,"a. 侮辱的, 损害人体的"
insults,v. 侮辱；辱骂（insult的第三人称单数）
insurance,"n. 保险, 保险业, 保险费\n[医] 保险"
insure,"vt. 保险, 确保\nvi. 投保"
insured,n. 被保险人
insurer,"n. 保险公司\n[法] 保险人, 承保人, 保险公司"
insurers,"n. 承保人, 保险公司( insurer的复数形式 )"
insurgency,"n. 叛乱状态, 发生暴动\n[法] 暴动, 起义, 叛乱"
insurgent,"a. 谋叛的, 起义的, 澎湃的\nn. 起义者, 叛乱者"
insurgents,"n. 起义, 暴动, 造反( insurgent的复数形式 )"
insurrection,"n. 起义, 暴动, 反抗\n[法] 起义, 叛乱, 暴动"
int,"[计] 整数, 中断"
intact,"a. 尚未被人碰过的, 原封不动的, 完整的\n[医] 完整的, 无伤的"
intake,"n. 入口, 吸入, 吸入量\n[医] 摄取量"
intangible,"a. 难以明了的, 无形的\n[经] 无形的"
integer,"n. 完整的事物, 整体, 整数\n[计] 整数, 整型"
integral,"n. 整体, 积分, 整数\na. 固有的, 整体的, 整数的, 积分的\n[计] 积分"
integrate,"vt. 综合, 使完整, 使成整体\nvi. 成一体\na. 完整的, 完全的"
integrated,"a. 综合的, 完整的, 互相协调的\n[法] 成为整体的, 综合的, 统筹的"
integrating,v. 整合；积分；集成化（integrate的ing形式）
integration,"n. 综合, 与环境协调的行为, 集成\n[化] 集成; 整合"
integrity,"n. 正直, 廉正, 完整\n[计] 完整性"
intel,"n. 美国英特尔公司（财富500强公司之一, 以生产CPU芯片著称）"
intellect,"n. 智力, 出众的才华, 知识分子\n[医] 智力, 才智"
intellectual,"n. 有知识者, 知识分子, 凭理智做事者\na. 智力的, 用脑力的, 聪明的"
intellectually,adv. 智力上；知性上；理智地
intellectuals,n. 知识分子( intellectual的复数形式 ); 脑力劳动者; 有极高智力的人; 凭理智（而非感情）办事的人
intelligence,"n. 智力, 情报, 信息\n[医] 智力"
intelligent,"a. 聪明的, 智能的, 了解的"
intend,"vt. 计划, 打算, 意思是\n[法] 想要, 打算, 意旨"
intended,"a. 有意的, 故意的\nn. 未婚夫(妻)"
intending,a. 未来的；预计中的
intends,v. 意欲( intend的第三人称单数 ); 打算; 打算使; 意指
intense,"a. 非常的, 强烈的, 紧张的, 热情的\n[医] 强的"
intensely,adv. 强烈地; 极度; 剧烈地
intensified,"v. （使）增强, （使）加剧( intensify的过去式和过去分词 )"
intensifies,"n. （使）增强, （使）加剧( intensify的名词复数 )\nv. （使）增强, （使）加剧( intensify的第三人称单数 )"
intensify,vt. 加强\nvi. 强化
intensity,"n. 强烈, 紧张, 强度\n[计] 强度; 亮度"
intensive,"a. 加强的, 内涵的, 集中的\nn. 加强器"
intent,"n. 意图, 含义, 故意\na. 专心的, 决心的, 热心的"
intention,"n. 意图, 目的, 含义\n[医] 愈合, 意向"
intentional,"a. 故意的, 与目的有关的\n[法] 故意的, 有意的"
intentionally,"adv. 故意地, 有意地"
intentions,n. 意图( intention的复数形式 ); 意向; 目的; 打算
inter,vt. 埋葬\nprep. 在中间
interact,"vi. 互相影响, 交互作用\nn. 幕间剧, 幕间休息"
interacted,"v. 相互作用[影响], 互相配合( interact的过去式和过去分词 ); 交流; 沟通; 合作"
interacting,[计] 相互制约
interaction,"n. 交互作用, 交感\n[计] 交互作用"
interactions,n. 一起活动( interaction的复数形式 ); 合作; 互相影响; 互动
interactive,"a. 相互作用的, 相互影响的\n[计] 交互, 人机对话的"
interacts,"v. 相互作用[影响], 互相配合( interact的第三人称单数 ); 交流; 沟通; 合作"
intercept,"n. 截取, 妨碍, 截距\nvt. 拦截, 阻止, 截取"
intercepted,v. 拦截( intercept的过去式和过去分词 ); 截住; 截击; 拦阻
interception,"n. 拦截, 截断, 截住, 截取, 截击, 窃听, 侦听, 雷达侦察\n[计] 截取, 窃听"
interceptions,"(interception 的复数) n. 拦截, 截断, 截住, 截取, 截击, 窃听, 侦听, 雷达侦察\n[计] 截取, 窃听"
interchange,"n. 立体交叉道, 互换\nvt. 交换, 互换\nvi. 交替发生"
interchangeable,a. 可互换的\n[化] 可互换的
interconnected,"v. 互相连接, 互相联系( interconnect的过去式和过去分词)"
intercontinental,"a. 大陆间的, 洲际的"
intercourse,"n. 交往, 交流\n[医] 交际, 往来"
interdisciplinary,[计] 学科间的
interest,"n. 兴趣, 嗜好, 利息, 利益, 爱好, 趣味, 势力\nvt. 使感兴趣, 与...有关系"
interested,"a. 感兴趣的\n[法] 有利害关系的, 有股份的, 偏私的"
interesting,a. 有趣的
interestingly,adv. 有趣地
interests,n. 兴趣( interest的名词复数 ); 利益; 利息; 关注
interface,"n. 分界面, 接触面, 界面\n[计] 接口, 界面"
interfaces,"n. 界面( interface的复数形式 ); <计>接口（连接两装置的电路, 可使数据从一种代码转换成另一种代码）; 交界; 联系"
interfere,"vi. 妨碍, 冲突, 干涉, 抵触\n[医] 干扰, 干涉, 阻碍, 碰腿(马)"
interfered,v. 干预( interfere的过去式和过去分词 ); 调停; 妨碍; 干涉
interference,"n. 冲突, 干涉\n[计] 干扰"
interfering,"a. 干涉的, 多管闲事的"
intergovernmental,a. 政府间的
interim,"a. 暂时的, 临时的, 间歇的\nn. 过渡时期"
interior,"n. 内部, 内政\na. 内部的, 心灵的, 内地的, 内政的"
interiors,n. 内部( interior的复数形式 ); 里面; 内地; （国家的）内政
interlude,"n. 幕间, 幕间时间, 插曲, 穿插, 过场\n[计] 插算; 中间程序"
intermediary,"n. 仲裁者, 调解者, 媒介物, 中间人\na. 中间的, 媒介的"
intermediate,"n. 中间物, 调停者, 中级\na. 中间的, 中级的\nvi. 起媒介作用\n[计] 中级"
intermittent,"a. 间歇的, 断断续续的\n[化] 间歇的; 间断的"
intern,"n. 实习生, 被拘留者\nvi. 作实习医师(教师、实习生)\nvt. 拘留, 扣留"
internal,"a. 内在的, 国内的\n[医] 内的, 内部的"
internally,[计] 内部的
international,a. 国际的\nn. 国别设定\n[计] 国别设定
internationally,"adv. 国际性地, 在国际间"
internationals,n. 世界赛选手；国际组织；侨居外国者；国家代表队（international的复数）
internet,"[计] 因特网, 国际互连网, 网际网络, 互连网络, 广域网"
interns,n. 同住者；实习生（intern的复数）
internship,"n. 实习医师的职务\n[医] 实习医师职位, 实习医师期"
internships,"n. <美>实习医师, 实习医师期( internship的复数形式 )"
interpersonal,"a. 人与人之间的, 人际(关系)的\n[法] 人与人之间的, 需要与他人接触的"
interplay,"n. 互相作用, 互相影响\nvi. 互相作用"
interpol,n. 国际刑警组织\n[法] 国际刑警
interpret,"vt. 解释, 演出, 翻译, 理解\nvi. 翻译, 解释"
interpretation,"n. 解释, 演出, 翻译\n[计] 插值; 插值法; 解释"
interpretations,n. 解释( interpretation的复数形式 ); 表演; 演绎; 理解
interpreted,v. 解释( interpret的过去式和过去分词 ); 理解; 把…理解为; 演绎（按自己的感觉演奏音乐或表现角色）
interpreter,"n. 直译程序, 解释者, 口译者, 注释器\n[计] 注释器"
interpreters,n. 解释器；直译程式；解释程序；口译者（interpreter的复数）
interpreting,[计] 解释的
interracial,"a. 人种间的, 人种混合的"
interrogated,v. 询问( interrogate的过去式和过去分词 ); 审问; （在计算机或其他机器上）查询
interrogation,"n. 审问, 疑问句, 问号\n[电] 询问"
interrupt,"vt. 中断, 妨碍, 插嘴\nvi. 打断\nn. 中断\n[计] 中断"
interrupted,"a. 中断的, 被阻断的, 被遮断的, 被打断的\n[计] 断续的"
interrupting,[计] 中断的
interruption,"n. 打扰, 中断, 障碍物\n[医] 间断, 阻断, 中止"
interruptions,n. 中断( interruption的复数形式 ); 打断; 障碍物; 打岔的事
interrupts,v. 打断( interrupt的第三人称单数 ); 暂停; 中断; 阻断
intersect,"vt. 贯穿, 横穿\nvi. 交错, 相交"
intersection,"n. 交集, 十字路口, 交叉点\n[计] 逻辑乘; 与"
intersections,n. 横断( intersection的复数形式 ); 交叉; 交叉点; 交集
interspersed,a. [医]散开的; 点缀的\nv. intersperse的过去式和过去分词
interstate,"a. 州际的\n[法] 国与国之间的, 州际的, 州与州之间的"
interstellar,a. 星际的
intertwined,v. 缠结在一起( intertwine的过去式和过去分词 )
interval,"n. 间隔, 距离, 间歇, 间隙\n[计] 时间间隔"
intervals,n. [军事]间隔( interval的复数形式 ); 间隔时间; [数学]区间; （戏剧、电影或音乐会的）幕间休息
intervene,"vi. 插入, 调停, 干涉\n[经] 进场干预"
intervened,v. 阻碍( intervene的过去式和过去分词 ); 出面; 插嘴; 介于…之间
intervening,"[计] 中间的, 插入的"
intervention,"n. 插入, 介入, 调停\n[经] 干预"
interventions,"n. 介入, 干涉, 干预( intervention的复数形式 )"
interview,"n. 面谈, 访问, 接见, 面试\nvt. 接见, 对...进行面谈(试)"
interviewed,v. 面试( interview的过去式和过去分词 ); 访问; 会见; （私下）提问
interviewer,"n. 会见者, 面谈者, 进行面试者"
interviewing,vi. 面试；参加面试（interview的ing形式）
interviews,n. 接见( interview的名词复数 ); 采访; 面谈; 会谈\nv. 面试( interview的第三人称单数 ); 访问; 会见; （私下）提问
intestinal,"a. 肠的, 肠内的\n[医] 肠的"
intestine,"a. 内部的, 国内的\nn. 肠"
intestines,n. 肠( intestine的名词复数 )
intimacy,"n. 亲密, 熟悉, 亲昵行为(言语)\n[法] 亲近的行为, 亲密, 隐私"
intimate,"a. 亲密的, 私人的, 秘密的\nvt. 暗示, 通知, 告诉\nn. 至交"
intimately,"adv. 亲切地, 亲密地, 个人性地"
intimidate,"vt. 威胁, 恐吓\n[法] 恐吓, 威胁, 使恐惧"
intimidated,v. 恐吓; 威胁\na. 害怕的; 受到威胁的
intimidating,"vt. 恐吓, 威胁( intimidate的现在分词)"
intimidation,"n. 恐吓, 威胁\n[法] 恐吓, 威胁"
into,"prep. 进入...之内, 朝..., 深入...之中, 成为...状况"
intolerable,"a. 无法忍受的, 难耐的"
intolerance,"n. 不宽容, 偏狭, 不容许相反的言论\n[医] 不耐[性]"
intolerant,"a. 不容忍的, 不容异说的, 偏执的, 偏狭的, 不宽容的, 不耐的, 不耐性的"
intoxicated,"喝醉的,极其兴奋的"
intoxication,"n. 使醉, 沉醉状态\n[医] 中毒, 醉[酒]"
intra,[计] 节点内
intravenous,a. 静脉内的\n[医] 静脉内的
intricate,"a. 复杂的, 错综的, 缠结的, 难懂的"
intrigue,"n. 阴谋, 复杂的事\nvi. 密谋, 私通\nvt. 激起...的兴趣, 用诡计取得"
intrigued,"a. 好奇的, 被迷住了的\nv. 搞阴谋诡计(intrigue的过去式); 激起…的兴趣或好奇心; “intrigue”的过去式和过去分词"
intriguing,"a. 吸引人的, 有趣的"
intrinsic,"a. 本质的, 原有的, 真正的\n[医] 内部的, 内在的"
intro,n. 介绍\n[计] 简介
introduce,"vt. 介绍, 引入, 采用, 输入\n[法] 引进, 输入, 介绍"
introduced,"a. [医]引种的, 引进的\nv. 提出( introduce的过去式和过去分词 ); 介绍; 引进; 作为…的开头"
introduces,介绍
introducing,v. 介绍；引介（introduce的现在分词形式）
introduction,"n. 介绍, 传入, 采用, 初步"
introductions,n. 介绍( introduction的复数形式 ); 引言; 引进; 新采用的东西
introductory,"a. 介绍的, 引导的, 开端的"
intruder,"n. 侵入者, 干扰者, 妨碍者\n[计] 入侵者"
intruders,"n. 未请自入者, 闯入者（尤指企图行窃者）( intruder的复数形式 )"
intrusion,"n. 闯入, 侵扰\n[医] [向内]突入"
intrusive,"a. 打扰的, 插入的\n[法] 闯入的, 侵入的, 干涉的"
intuition,"n. 直觉, 直觉的知识"
intuitive,a. 直觉的
invade,"vt. 侵入, 拥入, 侵略, 侵袭\n[法] 强入, 侵犯, 侵略"
invaded,"v. 侵入, 侵略( invade的过去式和过去分词 ); 涌入; 侵袭; 侵犯"
invaders,n. 侵入种；侵略者（invader的复数）
invading,"v. 侵入, 侵略( invade的现在分词 ); 涌入; 侵袭; 侵犯"
invalid,"n. 病人, 残废者\na. 有病的, 无效的"
invaluable,"a. 无价的, 价值无法衡量的"
invariably,"adv. 不变化地, 恒定地, 始终如一地"
invasion,"n. 侵犯, 侵入, 侵害\n[医] 侵袭, 侵入, 发病"
invasions,n. 武装入侵( invasion的复数形式 ); （尤指烦扰的）涌入; 侵犯; 干预
invasive,"a. 侵入的, 侵略性的, 攻击性的"
invent,"vt. 发明, 创作, 虚构\n[机] 发明"
invented,"n. 虚拟\nv. 发明, 创造( invent的过去式和过去分词 ); 编造"
inventing,"v. 发明, 创造( invent的现在分词 ); 编造"
invention,"n. 发明, 创作能力, 虚构的故事\n[经] 发明"
inventions,n. 发明( invention的复数形式 ); 捏造; 创造力; 发明物
inventive,"a. 善于创造的, 发明的"
inventor,"n. 发明家\n[法] 发明人, 发明家, 创造者"
inventories,n. 总结( inventory的名词复数 ); 细账; 存货清单（或财产目录）的编制
inventors,"n. 发明家, 发明者( inventor的复数形式 )"
inventory,"n. 详细目录, 存货清单\nvt. 列入详细目录, 清点存货\n[计] 存货清单"
inverness,n. 长披风
inverse,"a. 倒转的, 相反的\nn. 反向, 反面\n[计] 反白, 反色"
inversion,"n. 倒转, 倒置, 倒装\n[化] 反转; 倒反; 反演; 转化"
inverted,"a. 倒转的, 反向的"
invest,"vt. 投资, 花费, 笼罩, 授予\nvi. 投资, 利用"
invested,"vt. 投资, 花费"
investigate,"v. 调查, 审查"
investigated,v. 调查( investigate的过去式和过去分词 ); 审查; 侦查; 研究
investigates,n. 调查( investigate的名词复数 ); 审查; 侦查; 研究\nv. 调查( investigate的第三人称单数 ); 审查; 侦查; 研究
investigating,"[法] 调查, 调查研究, 审查"
investigation,"n. 调查, 审查\n[医] 调查, 调查研究"
investigations,n. （正式的）调查( investigation的复数形式 ); 侦查; 科学研究; 学术研究
investigative,"a. 审查的, 调查的, 好研究的\n[法] 调查的, 审查的, 受调查研究的"
investigator,"n. 调查者, 审查者\n[法] 审查员, 侦查员, 调查员"
investigators,"n. 调查者, 审查者( investigator的名词复数 )"
investing,"[医] 包埋, 围模"
investment,"n. 投资\n[医] 包埋料, 围模料, 包埋法, 围模法"
investments,"n. 投资, 投资的财产；投资学（investment的复数形式）"
investor,n. 投资者\n[经] 投资者
investors,"n. 投资者, 出资者( investor的复数形式 )"
invests,"v. 投资, 花费( invest的第三人称单数 ); 授予; （把资金）投入; 投入（时间、精力等）"
invincible,"a. 不能征服的, 无敌的"
invisible,"a. 看不见的, 无形的\n[经] 无形的, 表面上看不见的, 未列在公开帐目的"
invitation,"n. 邀请, 请柬, 引诱\n[经] 邀请, 招待, 吸引"
invitational,"a. (限于被)邀请的,怂恿"
invitations,n. （口头或书面的）邀请( invitation的复数形式 ); 请柬; 鼓励; （尤指）怂恿
invite,"vt. 邀请, 请求, 引起, 招致\nn. 邀请"
invited,"v. 邀请；引起, 招致（invite的过去分词）"
invites,v. 邀请( invite的第三人称单数 ); 请求; 引诱; 招致
inviting,"a. 引人动心的, 有魅力的\n[法] 诱惑人的, 动人心的"
invoice,"n. 发票, 发货单\nv. 开发票, 记清单"
invoices,"n. 发票, 单据（invoice的复数）"
invoke,"vt. 祈求, 恳求, 实行, 援引, 引起\n[计] 调用; 请求"
invoked,"v. 叫唤（invoke的过去式, 过去分词）"
invoking,[计] 调用的
involuntary,"a. 自然而然的, 无意识的, 不知不觉的, 偶然的, 不随意的\n[医] 不随意的"
involve,"vt. 包括, 使陷于, 潜心于, 包围\n[医] 累及, 牵涉, 包含"
involved,"a. 难懂的, 复杂的, 不易懂的, 卷入...之中的, 累及..., 与...有关, 被纠缠的\n[计] 包含, 涉及"
involvement,"n. 卷入, 牵连, 包含, 困窘\n[经] 财政困难, 经济上的困窘"
involves,v. 包含；牵涉（involve的第三人称单数形式）
involving,v. 包括；涉及；使陷于（involve的ing形式）
inward,"a. 内心的, 向内的, 本来的\n[医] 向内的"
io,[计] 输入输出
ioc,国际奥林匹克委员会
iodine,"n. 碘, 碘酒\n[化] 碘I-2"
ion,n. 离子\n[化] 离子
ionic,"a. 离子的, 爱奥尼亚的, 爱奥尼亚韵律的, 爱奥尼亚式的\nn. 爱奥尼亚方言"
ions,n. 离子（ion复数）
ios,abbr. 网间网操作系统（Internet work 0perating System）；国际标准化组织（International Organization for Standardization）；仪表操作台（Instrumentation Operations Station）
iot,abbr. 物联网（Internet of Things）
iowa,n. 衣阿华州
ip,"[计] 初始排列, 指令指示器, 互连网协议"
ipa,国际音标
ipad,n. 苹果平板电脑
iphone,n. 苹果手机
ipl,初始程序装入
ipo,abbr. 首次公开募股（Initial Public Offerings）；初次公开发行（Initial Public Offering）
ipod,n. 苹果公司音乐播放器
ips,[计] 英寸/秒
ipswich,n. 伊普斯威奇（英格兰东部一城市）
iq,"智商, 智力商数"
ir,[化] 红外光谱法\n[医] 铱(77号原素)
ira,abbr. 爱尔兰共和军（Irish Republican Army）；个人退休帐户（Individual Retirement Account）
iran,n. 伊朗
iranian,"a. 伊朗的, 伊朗语系的\nn. 伊朗人, 伊朗语"
iranians,n. 伊朗人（Iranian的复数形式）
iraq,n. 伊拉克
iraqi,"n. 伊拉克人, 伊拉克阿拉伯语\na. 伊拉克的, 伊拉克人的"
irc,国际红十字会\n[计] Internet交互式闲聊程序
ire,n. 忿怒\n[电] 美国无线电工程师学会
ireland,n. 爱尔兰
irene,n. 和平女神\n[化] 鸢尾烯
irina,n. 伊丽娜（人名）
iris,"n. 虹膜, 鸢尾属植物, 虹, 虹彩\n[化] 可变光阑"
irish,"n. 爱尔兰人, 爱尔兰语\na. 爱尔兰的"
irl,中断请求线\n[计] 中断请求线
iron,"n. 铁, 熨斗, 铁器, 坚强, 烙铁, 镣铐\nvt. 烫平, 熨, 用铁包\nvi. 烫平"
ironic,"a. 冷嘲的, 挖苦的, 反话的, 讽刺的, 令人啼笑皆非的, 出乎意料的"
ironically,"adv. 冷嘲地, 挖苦地, 讽刺地, 令人啼笑皆非地"
ironing,n. 熨烫
ironman, 钢铁人；钢铁侠
irons,n. 镣铐
irony,"n. 反语, 讽刺, 具有讽刺意味的事"
irradiation,"n. 发光, 光线, 照射\n[化] 辐射; 辐照"
irrational,"n. 无理数\na. 无理性的, 不合理的"
irregular,"n. 不规则物, 不合规格之物\na. 不规则的, 不整齐的, 不合法的"
irregularities,n. 不规则( irregularity的名词复数 ); 不平整; 不整齐; 不规则的事物
irrelevant,"a. 不恰当的, 无关系的, 不相干的\n[法] 无关的, 不相干的, 离题的"
irresistible,"a. 不可抵抗的, 不能压制的\n[经] 不可抗力"
irrespective,"a. 不顾的, 无关的, 没关系的"
irresponsible,a. 不负责任的；不可靠的
irreversible,"a. 不可逆的, 不可改变的, 不能倒置的, 不能翻转的, 不能倒转的, 不可撤销的\n[计] 不可逆的"
irrigation,"n. 灌溉, 冲洗\n[医] 冲洗法, 灌溉"
irritable,"a. 易怒的, 急躁的\n[医] 应激性的, 过敏的"
irritated,"a. 被激怒的, 生了气的, 变粗的, 因刺激而发炎的, 发红的"
irritating,"a. 刺激的, 使愤怒的, 气人的"
irritation,"n. 刺激, 烦恼, 刺激物\n[医] 刺激[作用], 兴奋"
irs,abbr. 美国国税局（Internal Revenue Service）
irvine,n. [美俚]警官
irving,"n. 欧文（男子名, 涵义为海的朋友）；欧文（美国作家）"
irwin,"n. 欧文（男子名, 姓氏）"
is,"be的现在式第三人称\n[计] 加下标次序, 信息系统, 国际标准, 中间系统"
isa,"[计] 指令系统体系结构, 工业标准结构"
isaac,"n. 艾萨克（男人名）；以撒（希伯来族长, 犹太人的始祖亚伯拉罕和萨拉的儿子）"
isabel,n. 伊莎贝尔（人名）
isabella,n. 伊莎贝拉（女子名）
isabelle,n. 伊莎贝尔（女子名）
isaiah,"n. 以赛亚(希伯来预言家), <<以赛亚书>>"
isbn,[计] 国际标准书号
ish,abbr. 国际高血压联盟（International Society of Hypertension）；单纯收缩期高血压（Isolated Systolic Hypertension）；原位杂交（In Situ Hybridization）
isi,abbr. 工业标准项目（Industry Standard Item）；钢铁学会（Iron and Steel Institute）；印度标准学会（Indian Standards Institution）
isis,abbr. （美）废钢铁协会（Institute of Scrap Iron and Steel）；综合科学情报服务（Integrated Scientific Information Service）
isla,n. 伊斯拉（女子名）；岛屿
islam,n. 伊斯兰教
islamabad,伊斯兰堡(巴基斯坦首都)
islamic,"a. 伊斯兰教的, 穆斯林的"
islamist,n. 伊斯兰教主义者；回教教徒
islamists,伊斯兰教主义者
island,"n. 岛, 岛屿, 孤立地区, 安全岛\nvt. 使成岛状, 孤立"
islanders,n. 岛民( islander的复数形式 )
islands,n. 岛屿；群岛（island的复数）
isle,"n. 小岛, 群岛\nvt. 使成为岛状\nvi. 住在岛屿上"
isles,n. 岛( isle的复数形式 )
isnt,abbr. 原位缺口平移（In Situ Nick Translation）
iso,[计] 国际标准化组织\n[经] 国际糖组织
isolate,"vt. 使隔离, 使孤立, 使绝缘\nn. 隔离种群"
isolated,"a. 孤立的, 孤零零的\n[计] 隔离的, 绝缘的"
isolating,a. 孤立的；绝缘的
isolation,"n. 隔绝, 孤立, 隔离\n[化] 分离; 生物分离"
isotope,n. 同位素\n[化] 同位素
isotopes,n. 核素；同位素（isotope的复数）
isp,[医] 同位素分离率
isps,abbr. international standard paper sizes 国际标准纸码
israel,"n. 以色列, 以色列后裔, 犹太人"
israeli,"a. 以色列的, 以色列人(语)的\nn. 以色列人"
israelis,"n. 以色利人; 以色列人, 以色列国民( Israeli的复数形式 )"
israelites,n. 以色列人（Israelite的复数形式）
iss,[化] 离子散射能谱; 离子散射能谱学
issa,n. (东北非的)伊萨人
issuance,"n. 发行, 发布\n[经] 发行, 发给"
issue,"n. 发行, 问题, 后果, 流出, 出口, 争端\nvi. 发行, 流出, 造成...结果, 传下\nvt. 使流出, 放出, 发行, 发布, 发给"
issued,"v. 发布, 发行（issue的过去分词形式）"
issues,"n. 议题, 问题；争点；债券（issue的复数）"
issuing,v. 出版( issue的现在分词 ); 发表; 宣布; 分配; 发行者( issuer的现在分词 )
ist,abbr. 胰岛素休克疗法（insulin shock therapy）；星际航行（Interplanetary Space Travel）；独立悬挂减震系统（Independent Suspension Technology）
istanbul,n. 伊斯坦布尔
it,"pron. 它\n[计] 信息论, 输入终端, 智能终端, 内捕获"
ita,abbr. （英国）独立电视
italia,n. 意大利
italian,"n. 意大利人, 意大利语\na. 意大利的, 意大利语的"
italians,"n. 意大利人, 意大利国民, 意大利语( Italian的复数形式 )"
italics,n. 斜体字
italy,n. 意大利
itch,"n. 痒, 渴望, 疥疮\nvi. 发痒, 渴望"
itching,"a. 渴望的, 痒的\n[医] 痒, 瘙痒"
itchy,"a. 渴望的, 痒的, 生疥疮的"
item,"n. 项目, 条款, 一则, 项\n[计] 项"
items,n. 项目；名目；所有物品（item的复数形式）
iteration,"n. 重复, 反复说的话\n[计] 迭代"
iterations,n. 迭代次数；反复（iteration的复数）
ithaca,n. 伊萨卡岛（希腊西部爱奥尼亚海中群岛之一）
itinerary,"n. 旅程, 旅行指南, 游记\na. 巡回的, 旅程的"
ito,国际贸易组织
its,pron. 它的
itself,"pron. 它本身, 它自己"
itt,国际电话电报公司(美国)\n[计] 长途电话中断线
itunes,n. 苹果公司最热门音乐软件（苹果公司开发的与iPod搭配的在电脑上使用的音乐播放器和音乐管理器）
itv,"独立电视, 工业电视, 教学电视\n[计] 交互式电视, 电视点播"
iu,"国际单位\n[计] 信息单元, 输入设备, 指令部件, 接口部件"
iv,abbr. 输入阀；交互式视讯；自变量（Independent Variable）
ivan,n. 伊凡（男子名）
ive,abbr. 香港专业教育学院（Hong Kong Institute of Vocational Education）
ives,"艾夫斯(①姓氏,男子名②Charles Edward,1874-1954,美国作曲家 ③James Merritt, 1824-1895, 美国石印家)"
ivf,abbr. 试管受精（in-vitro fertilization）
ivory,"n. 象牙, 乳白色\na. 象牙制的, 乳白色的"
ivy,"n. 常春藤\na. 学院的, 抽象的"
ix,abbr. 离子交换（Ion Exchange）
izzy,n. 依奇（1996年美国亚特兰大夏季奥运会吉祥物）
ja,"数人共有的银行存款帐户, 联合代理人, 军法官, 军法检查官"
jab,"v. 刺, 戳, 猛击\nn. 刺, 戳, 猛击"
jace,abbr. Jason 贾森
jack,"n. 插座, 千斤顶, 男人\nvt. 抬起, 提醒, 扛举, 增加, 提高, 放弃\na. 雄的\n[计] 插座"
jackass,"n. 公驴, 愚蠢的人, 傻瓜"
jacked,v. 抬高（价格等）；用千斤顶顶起（jack的过去分词）
jacket,"n. 夹克, 外套, 护套\nvt. 给...穿夹克, 给...装护套"
jackets,n. 短上装；夹克衫（jacket的复数）
jackie,n. 杰基（人名）
jackpot,"n. 最大赌注, (彩票的)头奖, 最大成功, 意外的成功/奖赏, 困境"
jacks,n. 抓子游戏；家伙；小伙子（jack的复数）
jackson,n. 杰克逊（男子名）；杰克逊（美国密西西比州的城市）
jacksonville,n. 杰克逊维尔（美国佛罗里达州东北部港市）
jacob,n. [圣经]雅各（以色列人的祖先）；雅各布（男子名）
jacobs,n. 雅各布斯（作者名）
jacobson,雅各布森（人名）\n雅各布森（美国地名）
jacqueline,n. 杰奎琳（女子名）
jacques,n. 雅克（男子名）
jade,"n. 玉, 翡翠, 老马\na. 绿色的, 玉制的\nv. (使)疲倦"
jae,abbr. 日本航空电子
jagged,a. 锯齿状的\n[电] 锯齿形的
jagger,[机] L形吊骨
jaguar,n. 美洲虎
jaguars,n. <动>（中、南美洲的）美洲虎( jaguar的复数形式 )
jai,n. （印英）胜利
jail,"n. 监牢, 监狱, 拘留所\nvt. 监禁, 下狱"
jailed,a. 监禁的
jails,"n. 监狱( jail的名词复数 )\nv. 监禁, 拘留( jail的第三人称单数 )"
jaime,n. 杰米（人名）
jain,"n. 耆那教徒\na. 耆那教的, 耆那教徒的"
jaipur,n. 斋蒲尔
jakarta,"n. 雅加达（印尼首都, 等于Djakarta）"
jake,"a. 满意的, 上等的\nn. 乡下佬, 家伙"
jam,"n. 果酱, 拥塞之物, 堵塞, 困境\nvt. 挤进, 使塞满, 混杂, 压碎, 使堵塞\nvi. 堵塞, 轧住, 拥挤"
jamaica,n. 牙买加
jamaican,a. 牙买加的；牙买加人的
jamal,n. 贾马尔（男子名）
james,"n. 詹姆斯（姓氏, 男子名）；[圣]《雅各书》"
jameson,n. 詹姆士（姓氏）
jamie,n. 杰米（男子名）
jammed,a. 轧住了的；堵塞的；拥挤的
jamming,"n. 干扰, 人为干扰\n[计] 干扰"
jammu,"查谟(城市, 位于亚洲查谟和克什米尔的西南)"
jams,n. 宽短裤；短裤睡衣
jan,n. 一月
jane,n. 简（女子名）
janeiro,n. （葡）一月
janet,[计] 英国大学联合科学网
jang,n. 战斗报
janice,"n. 贾尼斯（女子名, 等于Janis）"
janitor,"n. 守卫, 门警, 管理人\n[医] 幽门"
january,n. 一月
japan,n. 日本\n[化] 天然漆; 大漆; 漆器
japanese,"n. 日本人, 日语\na. 日本的, 日语的"
jar,"n. 广口瓶, 震动, 刺耳声\nvi. 震惊, 冲突, 发刺耳声, 不一致\nvt. 震动, 刺激"
jared,(jare 的过去时) abbr. Japanese Antarctic Research Expedition 日本南极科学考察队
jargon,"n. 专门术语, 行话, 梦话, 土语\n[计] 行话"
jarrett,贾勒特（人名）
jars,n. 广口瓶；震动；刺耳声（jar的复数）
jarvis,n. 贾维斯(m.)
jasmine,"n. 茉莉, 淡黄色\n[医] 素馨属植物, 钩吻根"
jason,n. 詹森（男子名）
jasper,n. 碧玉\n[化] 碧玉
java,"n. 爪哇, 爪哇咖啡"
javascript,n. Java描述语言（一种程序语言）
javier,n. 哈维尔（第80届奥斯卡最佳男配角）；海威尔（美国联合商业协会中国区副会长）
jaw,"n. 颚, 颌\nv. 闲谈, 教训, 唠叨"
jaws,"n. 口, 狭口, 咽喉, 险地"
jax,n. (Jax)人名；(德)雅克斯；(英、肯)贾克斯
jay,"n. 鸟, 喋喋不休的人, 傻瓜"
jays,"n. 鸟, 松鸡；橿鸟（jay的复数形式）"
jazz,"n. 爵士乐, 喧闹\na. 爵士乐的, 喧吵的\nvi. 演奏爵士乐, 跳爵士舞, 游荡\nvt. 奏爵士乐, 使活泼"
jb,abbr. 分线盒（Junction Box）
jc,abbr. 法学家（jurisconsult）
jd,法学博士
je,abbr. 作业评估；工作估计（job estimate）
jealous,"a. 嫉妒的, 羡慕的, 留心的, 戒备的"
jealousy,"n. 妒忌, 猜忌, 羡慕\n[法] 妒忌, 嫉妒, 猜忌"
jean,"n. 牛仔裤, 牛仔布, 斜纹棉布"
jeanne,"n. 珍妮（女子名, 等于Joanna）"
jeans,"n. 工装裤, 牛仔裤"
jeb,n. (Jeb)人名；(英)杰布
jed,"n. 杰德（男子名, Jedediah的昵称）"
jedi,n. 绝地武士
jeep,n. 吉普车\nvi. 乘吉普车\nvt. 用吉普车运
jeez,int. 呀
jeff,"n. 杰夫（男子名, 等于Jeffrey）"
jefferson,n. 杰弗逊（姓氏）
jeffery,n. 杰弗里（人名）
jeffrey,"n. 杰弗里（男子名, 等于Geoffrey）"
jehovah,n. 耶和华
jelly,"n. 果冻, 果冻甜食, 胶状物\nv. (使)结冻, (使)成胶状"
jellyfish,"n. 水母, 海蜇, 意志薄弱的人\n[医] 海蛰, 水母"
jen,n. 珍（女子名）
jenkins,n. 詹金斯（姓氏）
jenna,n. 詹娜（女子名）
jenner,"詹纳(①姓氏 ②Edward, 1749-1823, 英国医生, 种痘法的首创者 ③William, 1815-1898, 英国医师、病理学家)"
jennie,"n. 詹妮（女子名, 等于Jenny）"
jennifer,n. 詹尼弗（女子名）
jennings,n. 詹宁斯（姓氏）
jenny,"n. 纺纱机, 移动吊车, 母驴"
jensen,n. 延森（姓氏）
jeopardize,"vt. 危害, 使受危困, 使陷危地"
jeopardy,"n. 危难, 危险\n[法] 危险, 危难, 危险处境"
jeremiah,"n. 耶利米(<<圣经>>故事人物), <<耶利米书>>"
jeremy,n. 杰里米（男子名）
jericho,"n. 耶利哥, 偏僻的地方"
jerk,"n. 性情古怪的人, 急拉, 肌肉抽搐, 牛肉干\nvi. 痉挛, 急拉, 急推\nvt. 猛拉"
jerking,n. 颠簸；震摇；顿挫
jerks,n. 急促而猛烈的动作；[俚]傻瓜（jerk的复数）
jerky,"a. 急动的, 抽筋的, 不平稳的\nn. 牛肉干"
jerome,n. 杰罗姆（男子名）
jerry,"a. 草率的, 偷工减料的\n[经] 偷工减料的, 工程粗略的"
jersey,n. 运动衫
jerseys,"n. 毛线衫, 毛织运动衫；上衣（jersey的复数形式）"
jerusalem,n. 耶路撒冷
jess,n. 鹰的脚带\nvt. 系以脚带
jesse,n. 耶西(<<圣径>>故事人物)
jessica,n. 杰西卡（女子名）
jessie,n. 杰西（女子名）
jesuit,"n. 耶稣会信徒, 阴险的人, 阴谋家"
jesus,n. 耶稣
jet,"n. 喷射流, 喷嘴, 煤玉\nv. 射出, 迸出, 喷射\na. 黑而发亮的, 墨黑的"
jets,n. 喷射机队；喷气机（jet的复数形式）
jew,"n. 犹太人, 守财奴, 犹太教信徒\nvt. 欺骗, 杀价"
jewel,"n. 珠宝, 贵重物, 镶珠宝的饰物\nvt. 饰以珠宝, 镶以宝石"
jewellery,"n. 宝石, 贵重饰物, 珠宝, 宝石饰物, 受珍视的人/物, 宝贝, 有价值的人/物"
jewelry,"n. 珠宝, 珠宝类"
jewels,n. 珠宝；宝石（jewel的复数形式）
jewish,"a. 犹太人的, 犹太族的"
jews,"n. 犹太人, 犹太教（Jew的复数形式）"
jfk,abbr. 约翰·菲茨杰拉德·肯尼迪（John Fitzgerald Kennedy）
ji,abbr. 共同减量（Joint Implementation）；亚洲的一个恐怖组织（Jemaah Islamiyah）
jiang,江\n蒋\n姜（中国姓氏）
jig,"n. 吉格快步舞, 快步舞曲, 带锤子的钓钩, 夹具\nv. 乱跳, 加工用钩钓鱼, 选筛\n[计] 装架; 钻模; 夹具"
jigsaw,n. 线锯\nvt. 用线锯锯
jihad,"n. 讨伐异教徒, 拥护运动"
jill,"n. 吉尔（女子名, 等于Juliana）"
jim,n. 吉姆（人名）
jimi,n. (Jimi)人名；(日)自见 (姓)
jimmy,n. 铁撬\nvt. 撬
jin,n. 神灵（等于jinni）；（汉语）斤（重量单位）
jingle,"n. 叮当声\nv. (使)作叮当声, (使)押韵"
jinx,"n. 不祥物, 厄运\nvt. 使倒霉"
jj,n. 林俊杰；约瑟夫逊结
jk,"n. 工作, 作业；杰克（等于jack）"
jl,abbr. 日本航空（Japan Airlines）
jm,abbr. 牙买加（Jamaica）；法律硕士（Master of Law）
jo,"abbr. 乔（女子名, 等于Joseph, Josephine）"
joachim,n. 约阿希姆（姓氏）
joan,n. 琼（女子名）
joanna,n. 乔安娜（女子名）
joanne,n. 乔安妮（女子名）
joaquin,n. 杰奎因（足球运动员）
job,"n. 工作, 零活, 职业, 事情\nvi. 做零工, 打杂, 做股票经纪, 假公济私\nvt. 代客买卖, 批发, 承包, 欺骗\n[计] 作业"
jobless,"a. 失职的, 无职业的\n[经] 失业的"
jobs,n. 工作（job的复数形式）
jock,n. 苏格兰高原地方的士兵；[美俚]（大学）运动员；乔克（男子名）
jockey,"n. 赛马骑师, 驾驶员, 操作工\nvt. 骗, 瞒, 驾驶, 移动\nvi. 当赛马的骑师"
jodi,n. (Jodi)人名；(德、意)约迪
jodie,n. [美军俚]平民男子；征兵不录（或缓役）的男子（等于jodie）
jody,"n. 乔迪（女子名, 等于Judith, Jodi, Jodie）"
joe,n. 乔（男子名）
joel,"n. 约珥(<<圣经>>人物), <<约珥书>>"
joey,n. 幼兽
jog,"n. 轻推, 轻撞, 慢跑\nv. 轻推, (使)蹒跚行进, (使)慢跑"
jogging,n. 慢跑\n[电] 轻摇
johan,n. 约翰（男子名）
johann,n. 约翰（姓氏）；约翰（男子名）
johanna,"n. 约翰娜（女子名, 等于Joanna）"
johannes,"n. 葡萄牙18, 19世纪的金币"
johannesburg,约翰内斯堡[南非(阿扎尼亚)东北部城市]
johansson,n. 约翰逊（姓氏）
john,"n. 盥洗室, 厕所, 嫖客"
johnnie,"n. 家伙, 纨绔子"
johnny,"n. 男人, 家伙"
johns,n. 约翰斯（姓氏）
johnson,n. 约翰逊（姓氏）
johnston,n. 约翰斯顿（姓氏）
johnstone,n. (Johnstone)人名；(英、葡)约翰斯通
join,"vi. 参加, 结合, 加入\nvt. 连接, 结合, 参加, 加入\nn. 连接, 结合, 接合点\n[计] 连接; 汇合指令"
joined,"v. 加入；连接；参加（join的过去式, 过去分词）"
joining,n. 接缝；连接；连接物
joins,n. 连接；参加；结合（join的复数）
joint,"n. 连接处, 接合, 关节\na. 共同的, 联合的, 连接的, 合办的\nvt. 连接, 接合, 使有接头\nvi. 贴合, 长节"
jointly,"adv. 共同地, 连带地"
joints,"n. 关节；连接, 接头；运动付（joint的复数形式）"
jojo,n. 乔乔（《JOJO的奇妙冒险》系列长篇漫画的主人公）；乔乔（美国女歌手）
joke,"n. 笑话, 玩笑, 笑柄\nv. 开玩笑, 取笑, 作弄"
joked,v. 开玩笑( joke的过去式和过去分词 ); 戏弄; 闹着玩; 说着玩
joker,"n. 诙谐者, 家伙, 巧计\n[法] 曲笔"
jokes,n. 笑话（joke的复数）
joking,"a. 戏谑的, 开玩笑的"
jokingly,"adv. 开玩笑地, 打趣地"
jolie,n. 朱莉（女子名）
jolly,"a. 愉快的, 高兴的, 宜人的\nvt. 恭维, 使高兴, 取笑\nvi. 开玩笑\nadv. 非常, 极为"
jon,n. 乔恩（男子名）
jonah,"n. 约拿(<<圣经>>中的先知), <<约拿书>>, 带来不幸的人"
jonas,n. 乔纳斯（人名）
jonathan,n. 乔纳森（男子名）
jones,n. 琼斯（姓氏）
jong,n. 小伙子；（旧时的）青年男奴
jonny,n. 乔尼（男子名）
joo,n. 郑敏珠（韩国女艺人）
jordan,"n. 约旦, 约旦河, 尿壶"
jordanian,a. 约旦的\nn. 约旦人
jorge,n. 豪尔赫（男子名）
jos,abbr. 交沙霉素；怡和科技
jose,n. 约瑟（人名）
josef,n. 约瑟夫（人名）
joseph,n. 约瑟夫（男子名）；约瑟（圣经中雅各的第十一子）
josephine,n. 约瑟芬（女子名）
josh,"v. 戏弄, 说笑\nn. 无恶意的戏谑, 玩笑"
joshua,"n. 约书亚(<<圣经>>人物), <<约书亚记>>"
josiah,n. 约西亚（男子名）
josie,n. 乔茜（女子名）；何超仪（中国香港演员）
joss,"n. 偶像, 神像, 佛像\n[计] 琼尼阿克开放系统"
journal,"n. 日记, 杂志, 日报\n[化] 轴颈"
journalism,"n. 新闻业, 报章杂志\n[法] 报刊, 新闻业, 新闻出版"
journalist,"n. 新闻记者, 从事新闻杂志业的人"
journalistic,"a. 新闻业的, 新闻工作者的, 报刊特有的, 新闻工作的"
journalists,"n. 新闻工作者, 新闻记者( journalist的复数形式 )"
journals,n. 日记账；日记；学术期刊（journal的复数）
journey,"n. 旅程, 旅行, 行程\nvi. 旅行\nvt. 游历"
journeys,n. 旅行；历程（journey的复数形式）
joy,"n. 欢喜, 乐事, 高兴\nvt. 使快乐, 令人高兴\nvi. 欢喜"
joyce,n. 乔伊斯（女名）
joyful,"a. 欢喜的, 高兴的, 令人高兴的"
joyous,"a. 快乐的, 高兴的"
joys,n. 欢乐( joy的名词复数 ); 乐事; 成功; 满意
jp,"n. 治安官, 地方司法官\n[计] 作业处理器"
jr,"abbr. 初级, 小 Junior"
js,abbr. 射流研究
jt,abbr. 连接（joint）；接合（joint）
ju,abbr. 六月（June）
juan,n. 胡安（男子名）
jubilee,"n. 五十周年纪念/庆祝, 二十五周年纪念/庆祝, 欢乐的佳节, 欢庆日, 狂欢节"
judah,"n. 犹太, 犹太所出的后裔"
judaism,"n. 犹太教, 犹太文明, 犹太教信仰"
judas,"n. 犹大, 叛徒"
judd,n. 贾德（姓氏）
jude,"n. 犹大(<<圣经>>人物), <<犹大书>>"
judge,"n. 法官, 裁判员, 审判官, 鉴定人\nvt. 审理, 鉴定, 判断, 判决, 裁定\nvi. 下判断, 作评价"
judged, 判断正确的
judgement,"n. 审判, 判决, 判断\n[经] 判定, 审定, 鉴定"
judgements,n. 判断( judgement的复数形式 ); 审判; 看法; 报应
judges,"n. 士师记（又译《民长记》, 旧约全书之一卷）"
judging,vt. 判断；审判（judge的现在分词）
judgment,"n. 裁判, 宣告, 判决书\n[医] 判断"
judgmental,a. 审判的
judgments,n. 判断( judgment的复数形式 ); 鉴定; 评价; 审判
judicial,"a. 法庭的, 公正的, 审判上的, 司法的\n[法] 司法的, 审判上的, 法官的"
judiciary,"a. 司法的, 法院的, 法官的\nn. 司法部, 司法系统, 法官"
judith,n. 朱迪思（女子名）
judo,"n. 柔道\n[医] 揉术, 柔道(日本的一种武术)"
judy,n. 朱迪（女子名）；朱迪（英国木偶戏 Punch and Judy中的妻子）
jug,"n. 水壶, 监牢, 模仿夜莺的叫声\nvt. 放入壶中, 炖, 关押\nvi. 模仿夜莺叫"
juggling,a. 欺诈的；变戏法的；欺骗的
juice,"n. 汁, 活力, 体液\nvt. 挤出汁来, 加汁"
juices,n. 汁( juice的复数形式 ); 果汁; 胃液; 电
juicy,"a. 多汁液的, 生动的, 多水分的"
jul,七月
jules,n. 朱尔斯（男子名）
julia,n. 朱莉娅（女子名）
julian,a. 尤利乌斯恺撒的
julie,n. 朱莉（女子名）
julien,n. 朱利安（女子名）；于连（男子名）
juliet,n. 朱丽叶（莎士比亚剧女主人公）
juliette,n. 朱丽叶（女子名）
julio,n. 胡里奥（男子名）
julius,n. 朱利叶斯（男子名）
july,n. 七月
jumbo,n. 庞然大物\na. 巨大的
jump,"n. 跳跃, 跳动, 暴涨, 惊跳\nvt. 跳跃, 跃过, 突升, 使跳跃\nvi. 跳跃, 跳, 跳动, 暴涨\n[计] 转移, 跳转"
jumped,v. 跳跃（jump的过去分词）
jumper,"n. 跳跃者, 工作服\n[计] 跳线连接器, 跳接器"
jumpers,n. 无袖套衫( jumper的复数形式 ); 针织套衫; 跳跃者; 跳跃的马
jumping,a. 跳跃的
jumps,v. 跳跃；暴增（jump的三单形式）
jun,六月
junction,"n. 连接, 会合处, 交叉点\n[医] 接[合]处, 接点.[接]界"
junctions,n. 连接；交叉点；接头（junction的复数）
june,n. 六月
jung,n. 荣格（姓氏）
jungle,"n. 丛林, 杂乱的一堆, 弱肉强食的地方"
junior,"n. 年少者, 地位较低者, 大学三年级学生\na. 年少的, 下级的, 后进的"
juniors,n. 青少年（junior的复数）
juniper,n. 杜松属\n[医] 杜松[实]
junk,"n. 垃圾, 乌七八糟的东西, 舢板\n[计] 清除"
junkie,"n. 有毒瘾者, 废旧品商人"
juno,n. 朱诺(罗马神话中天后)
junta,"n. 以武力政变上台的(军)政府, 私党, 阴谋小集团, 政务会"
jupiter,"n. 朱庇物(罗马神话中的主神), 木星"
jurassic,"a. 侏罗纪的, 侏罗系的\nn. 侏罗纪"
juries,n. 评委会；陪审团（jury的复数）
jurisdiction,"n. 司法权, 审判权, 管辖权\n[经] 法律管辖权, 审判权"
jurisdictions,n. 司法权( jurisdiction的复数形式 ); 裁判权; 管辖区域; 管辖范围
jurisprudence,"n. 法律学, 法律体系\n[医] 法学, 法律学"
juror,"n. 陪审员, 审查委员\n[法] 陪审员, 陪审官, 宣誓者"
jurors,"n. 陪审员, 陪审团成员( juror的复数形式 ); 审查委员"
jury,"n. 陪审团, 评判委员会\na. 应急的"
jus,n. （拉）法律；权利；法律原则；（法）汁液
just,"a. 正直的, 合理的, 正确的, 应得的\nadv. 刚刚, 正好, 仅仅"
justice,"n. 正义, 公平, 公正, 正确, 司法, 审判"
justices,n. 正义( justice的复数形式 ); 公正; 法律制裁; 司法
justifiable,"a. 可辩解的, 可证明的, 有理的\n[法] 正当的, 不可非议的, 可办明的"
justification,"n. 辩护, 证明正当, 释罪\n[计] 调整"
justified,"a. 有道理的, 合乎情理的\n[计] 两端对齐的"
justifies,v. 证明…有理( justify的第三人称单数 ); 为…辩护; 对…作出解释; 为…辩解（或辩护）
justify,"vt. 替...辩护, 证明\nvi. 证明合法\n[计] 段落重排, 两端对齐"
justifying,活字整理
justin,n. 贾斯廷（男子名）
justine,"n. 贾丝廷（女子名, 等于Justina）"
juvenile,"n. 少年, 少年读物\na. 少年的, 不成熟的, 适于少年的"
juveniles,n. 稚气；少年（juvenile的复数形式）
juventus,n. 尤文图斯
jv,abbr. 资浅代表队（Junior Varsity）
jw,abbr. 水套（jacket of water）
ka,[电] 千安培
kabul,n. 喀布尔(阿富汗首都)
kahn,n. [医]康氏试验（梅毒絮状沉淀反应试验）；卡恩（姓氏）
kai,n. 卡伊（姓氏）
kaiser,n. 皇帝
kale,"n. 无头甘蓝类, 甘蓝菜, 蔬菜\n[医] 羽衣甘蓝"
kali,[医] 钾
kan,n. 赣江
kane,"n. 凯恩（姓氏, 美国北极探险家）"
kang,n. （汉）炕
kangaroo,n. 袋鼠\n[医] 袋鼠(澳洲产)
kano,卡诺[尼日利亚北部城市]
kansas,n. 堪萨斯州
kant,n. 康德（德国哲学家）
kanye,n. 卡内（美国说唱歌手）
kaplan,n. 卡普兰（男子名）
kapoor,卡普尔（人名）
kappa,n. 希腊文第十个字母(K)
kara,"n. 喀拉海（北冰洋边海, 在苏联新地岛和北地群岛之间）"
karachi,n. 卡拉奇(巴基斯坦港市)
karan,n. 卡兰（女子名）
karaoke,"n. 卡拉OK；卡拉OK录音, 自动伴奏录音"
karate,n. 空手道
kardashian,n. 卡戴珊（人名）
karen,n. 凯伦（人名）；克伦邦（缅甸邦名）
karim,n. 卡里姆（男子名）
karl,"n. 卡尔（男子名, 等于Charles）"
karma,"n. 因果报应, 命运"
karnataka,卡纳塔克邦[印度邦名](旧称迈索尔邦)
kart,n. 小型赛车
kashmir,n. 克什米尔
kat,[计] 代码地址转换
kate,"n. 凯特（女子名, 等于Catherine）"
katharine,n. 凯瑟琳（女子名）
katherine,n. 凯瑟琳（女子名）
kathleen,"n. 凯思琳（女子名, 等于Kathryn）"
kathmandu,n. 加德满都(尼泊尔首都)
kathryn,n. 凯瑟琳（女子名）
kathy,"n. 凯西（女子名, 等于Katherine）"
katie,"n. 卡蒂（女子名, 等于Kate）"
katrina,n. 卡特里娜(f.)
katy,n. 凯蒂（女子名）
katz,卡茨（人名）
kaufman,n. 考夫曼（人名）
kavanaugh, [人名] 卡瓦诺
kay,"n. 字母K, K字形物"
kayak,n. 爱斯基摩人划子
kayla,n. 凯拉（女性名）
kazakhstan,"n. 哈萨克斯坦（原苏联加盟共和国之一, 已于1991年宣布独立）"
kb,"[计] 键盘, 千位, 千字节, 知识库\n[化] 知识库"
kc,"[计] 千周, 千赫\n[医] 千周"
kd,[医] 阴极期间
ke,abbr. 动能（kinetic energy）；键入错误（Key Error）
keane,n. 基恩乐团
kearney,n. (Kearney)人名；(英)卡尼
keating,"n. 基廷（姓氏, 男子名）"
keaton,基顿（人名）
keel,"n. 龙骨, 平底船\nvt. 装以龙骨, 使倾覆\nvi. 倾覆"
keen,"a. 锋利的, 敏锐的, 强烈的, 敏捷的, 热心的, 渴望的\nn. 挽歌, 痛哭\nv. 唱挽歌, 痛哭"
keep,"n. 生计, 维持, 保持\nvt. 保持, 保存, 遵守, 看守, 整理, 维持, 履行, 经营, 拘留, 记帐\nvi. 保持, 继续不断"
keeper,"n. 监护人, 管理人, 看守人\n[机] 保管人, 看守人, 保持片"
keepers,n. 饲养员( keeper的复数形式 ); 保管人; 管理人; 负责人
keeping,"n. 保管, 供养, 一致\n[法] 保管, 保护, 管理"
keeps,n. 罐笼座；盖子（keep的复数形式）
kei,n. 轻型车
keith,n. 基思（男子名）
keller,n. 凯勒（男子名）
kelley,n. 凯利（人名）；凯莱（白肋烟品种）
kellogg,n. [姓氏] 凯洛格
kelly,n. 凯利（男子名）；[古]战士
kelsey,n. 凯尔西（男子名）
kelvin,[化] 开(尔文)SI热力学温度单位; 符号K\n[医] 开耳芬(电单位)
kemp,n. 冠军
ken,"n. 视野范围, 知识范围, 见地"
kendall,[计] 肯德尔
kendra, [人名] 肯德拉
kendrick,肯德里克
kennedy,"n. 肯尼迪（姓氏, 美国第35任总统）"
kennel,"n. 狗舍, 狗屋, 阴沟\nvt. 置于狗舍, 宿于狗舍\nvi. 进狗窝"
kenneth,n. 肯尼思（男子名）；[古]英俊的领导者
kenny,n. 肯尼（姓氏）
kensington,n. 肯辛通（美国著名电脑外设厂商）；肯辛顿（英格兰伦敦肯辛顿和切尔西区的一个地名）
kent,n. 肯特郡(英国郡名)
kentucky,n. 肯塔基州
kenya,n. 肯尼亚
kenyan,n. 肯尼亚人
kepler,"n. 开普勒（德国天文学家, 物理学家, 开普勒定律的发现者）；开普勒环形山（在月球东北象限, 直径为35公里）"
kept,keep的过去式和过去分词
kerala,n. 喀拉拉邦（印度西南部）
kermit,[计] Kermit协议
kern,"n. 核, 颗粒, 仁\nvt.vi. 结果实\n[计] 出格字母, 出格部分, 压缩字距"
kernel,"n. 核心, 中心, 精髓, 内核\n[计] 内核"
kerr,[计] 克尔
kerry,n. 黑色的小乳牛（英国产）
kershaw,n. (Kershaw)人名；(英)克肖
kessler,喀斯乐
ketchup,n. 蕃茄酱
kettle,"n. 茶壶, 罐\n[化] 釜体釜; 锅"
kev,[医] 千电子伏特
kevin,n. 凯文（男子名）
key,"n. 钥匙, 键, 解答, 关键, 要害, 基调, 线索, 答案, 暗礁\nvt. 调音, 锁上, 提供线索\nvi. 使用钥匙\n[计] 键, 密钥"
keyboard,n. 键盘\n[计] 键盘
keyboards,n. 键盘乐器；键盘（keyboard的复数）
keynes,n. 凯恩斯（英国经济学家）
keynote,"n. 主调音, 基音, 基调\nvt. 说明基本政策, 定基调"
keys,n. 关键帧；（钢琴等的）键；密钥（key的复数）
keystone,"n. 拱顶石, 楔石, 重点"
keyword,[计] 关键字
keywords,n. 关键字\n[计] 关键字
kfc,"abbr. 肯德基（Kentucky Fried Chicken, 快餐连锁店品牌）"
kg,"n. 千克, 公斤\n[医] 千克, 公斤"
kgb,"abbr. 克格勃, 苏联国家安全委员会（Komitet Gosudarstvennoi Bezopasnosti）"
khaled,n. 卡勒德（人名）
khalid,n. 哈利德（男子名）
khalifa,n. (=caliph)哈里发(伊斯兰教国家政教领袖的尊称)
khan,"n. 可汗, 商队宿店"
khmer,"n. 高棉人, 高棉语"
khz,[电] 千赫
ki,abbr. 基瓦尼斯国际（Kiwanis International）；爆震输入装置（Knoch Input）；碘化钾的分子式（Potassium iodide）
kia,abbr. 阵亡（Killed in Action）
kick,"n. 踢, 反冲, 后座力, 凹底\nvi. 踢, 反抗, 反冲\nvt. 踢, 反冲"
kicked,"v. 踢( kick的过去式和过去分词 ); 踢蹬, 踢（腿）; （因干了蠢事、失去良机等）对（自己）生气; 体育运动"
kicker,"n. 踢者, 善踢的人, 爱踢的马\n[化] 抖动器"
kicking,n. 踢腿；反撞
kickoff,"n. 开球, 开始, 肇始"
kicks,n. 踢球；腿法；冲击力（kick的复数）
kid,"n. 小山羊, 小山羊肉, 小孩, 欺骗\na. 小山羊皮制的\nv. 哄骗, 嘲弄"
kidd,n. 基德（姓名）
kidding,n. 开玩笑；山羊产羔
kiddo,"n. 老兄, 老姐"
kidnap,"vt. 绑架, 诱拐, 拐骗\n[法] 拐带, 诱拐, 绑架"
kidnapped, [电影]历劫孤星
kidnapping,n. 绑架；诱拐
kidney,"n. 肾, 个性\n[医] 肾"
kidneys,n. 肾脏；转炉的附着物；肾形矿脉（kidney的复数）
kids,n. 小山羊；儿童（kid的复数）
kieran,n. (Kieran)人名；(英)基兰
kiev,n. 基辅（乌克兰共和国首都）
kill,"n. 杀, 杀戮, 小河\nvt. 杀, 破坏, 消灭, 使终止, 抵消, 否决\nvi. 杀死\n[计] 删除"
killed,"a. 被杀死的, 被屠宰的, 镇静的"
killer,"n. (非正式)杀人者, 屠杀者, 猛兽, 致死(疾病), 杀手, 止痛药, 限制器, 瞄准器\n[计] 删除程序; 断路器"
killers,n. 凶手( killer的复数形式 ); 消灭…者; 致命物; <非正>极难的事
killing,"n. 谋杀, 杀戮\na. 杀害的, 疲惫的, 迷人的"
killings,"n. 谋杀( killing的复数形式 ); 突然发大财, 暴发"
kills,n. 杀戮；杀敌数；歼敌数（kill的复数形式）
kiln,"n. 窑, 炉, 干燥炉\nvt. 烧窑, (在干燥炉)烘干"
kilo,n. 千\n[计] 千
kilograms,n. 千克( kilogram的名词复数 )
kilometer,"n. 千米, 公里\n[医] 千米, 公里"
kilometers,"n. <美>千米, 公里( kilometer的复数形式 )"
kilometre,"n. 公里, 千米"
kilometres,"n. 千米, 公里( kilometre的复数形式 )"
kilos,n. 公斤；千克
kim,n. 金姆（人名）
kimberly,n. 金柏莉（女子名）
kimi,n. 乔任梁（中国歌手）；莱科宁（赛车手）
kimmel,n. (Kimmel)人名；(瑞典)希梅尔；(英、德、俄、匈、捷)基梅尔
kin,"n. 亲戚, 同族, 血缘关系, 家族\na. 有亲属关系的, 性质类似的, 同类的"
kinase,"n. 激酶, 致活酶\n[化] 激酶"
kind,"n. 种类, 性质, 方式\na. 亲切的, 仁慈的, 和蔼的"
kinda,adv. 有几分；有一点
kinder,adv. 有几分；有一点
kindergarten,n. 幼稚园
kindle,"vt. 点燃, 使着火, 引起, 照亮\nvi. 着火, 激动, 发亮"
kindly,"a. 和蔼的, 温和的, 爽快的\nadv. 温和地, 亲切地"
kindness,"n. 仁慈, 亲切, 和蔼"
kindred,"n. 家族, 相似, 亲戚关系\na. 同族的, 同类的, 血缘的"
kinds,n. 种类（kind的复数形式）
kinetic,"a. 运动的, 运动引起的, 动力学的, 活动的\n[医] 运动的, 动的, 动力的"
king,"n. 国王, 君主\nvt. 使...成为君主\nvi. 君临, 统治"
kingdom,"n. 王国, 领域\n[医] 界(动物,植物,矿物)"
kingdoms,n. 王国( kingdom的复数形式 ); 界; 领域
kings,n. 《列王纪》（《圣经》中的篇章）
kingsley,n. 金斯利
kingston,n. 金斯敦（牙买加首都）
kink,"n. 扭结, 蜷缩\nv. (使)扭结, (使)绞缠"
kinks,n. 奇想乐队（乐队名）
kinky,"a. 弯曲的, 古怪的"
kinship,"n. 亲属关系\n[法] 亲属关系, 家族关系, 关系"
kira,n. 基拉（女子名）
kirby,n. 卡比（男子名）
kirk,"n. 教会, 苏格兰教会"
kirsten,n. 柯尔斯顿(f.)
kiss,n. 吻\nvt. 吻\nvi. 接吻
kissed,v. 吻；接吻；轻拂（kiss的过去分词）
kisses,n. 吻；轻触（kiss的复数）
kissing,a. 接吻的
kit,"n. 装备, 工具箱, 成套工具\n[计] 成套部件; 成套零件"
kitchen,"n. 厨房, 全套炊具\n[医] 厨房"
kitchens,n. 厨房( kitchen的复数形式 )
kite,"n. 风筝, 筝帆, 空头支票, 骗子\nvi. 象风筝一样飞, 轻快地移动, 使用空头支票\nvt. 使上升, 骗钱"
kits,n. 装备；小桶；锦囊（kit的复数）
kitten,"n. 小猫, 淘气姑娘\nvt. 产仔, 卖弄风情"
kittens,n. 小猫( kitten的名词复数 )\nv. 小猫( kitten的第三人称单数 )
kitty,"n. 小猫, 全部赌注"
kiwi,"n. 鹬鸵, 地勤人员, 新西兰人"
kk,abbr. 千开（kilokelvin ）
kkk,abbr. 三K党（Ku Klux Klan）
kl,"[医] 音响, 千升"
klan,n. 三K党
klaus,n. 克劳斯（男子名）
klein,n. 克莱因（男子名）
km,"[医] 千米, 公里"
knack,"n. 熟练技术, 巧妙手法, 诀窍\n[化] 窍门"
knee,"n. 膝, 膝盖\nvt. 膝行, 用膝盖碰"
kneel,vi. 跪下
kneeling,"n. 跪着, 跪下"
knees,n. 膝( knee的复数形式 ); 膝盖; （裤子的）膝部; 坐下时)大腿朝上的面
knew,know的过去式
knicks,(knick 的第三人称 -s形式) n. 科尼克（德国公司名）
knife,"n. 小刀, 匕首\nvt. 切割, 伤害, 切, 戳\nvi. 劈开, 穿过"
knight,"n. 骑士, 爵士\nvt. 授以爵位"
knights,"n. 骑兵, 骑士（knight的复数）"
knit,"v. 编织, 结合"
knitted,knit的过去式和过去分词
knitting,"n. 编结, 针织法, 针织, 编结法, 编结物, 针织品\n[医] 骨愈合"
knives,pl. 刀子
knob,"n. 把手, 瘤, 旋钮, 球形突出物\nvt. 使有球形突出物\nvi. 鼓起"
knock,"n. 敲, 敲打, 敲门\nv. 敲击, 互撞, 攻击"
knocked,"v. 敲, 击, 打( knock的过去式和过去分词 ); （心）怦怦跳; 把…撞击成（某种状态）; 批评"
knocking,[机] 爆震内燃机
knockout,"n. (拳击)击倒对方, 被击倒, 击倒, (非正式)令人倾慕的人/物, 轰动的事物\na. 击倒的, 引人注目的, 轰动的, 使昏迷的"
knocks,"n. 短促的敲打（声）( knock的名词复数 ); 爆震声; 敲击声; 敲门（或窗等）声\nv. 敲, 击, 打( knock的第三人称单数 ); （心）怦怦跳; 把…撞击成（某种状态）; 批评"
knot,"n. 结, 群, 难题\nv. 打结, (使)纠缠"
knots,n. 结；结头；要点（knot的复数）
know,"v. 知道, 了解, 认识, 确信"
knowing,"a. 博学的, 聪颖的, 精明的"
knowingly,"adv. 会意地, 心照不宣地, 故意地, 有意地, 老练地\n[法] 心照不宣地, 故意地, 有意地"
knowledge,"n. 知识, 学问, 认识, 知道"
knowledgeable,"a. 聪明的, 有知识的"
knowles,n. 美国楼氏电子
known,"a. 已知的, 有名的\nknow的过去分词"
knows,v. 知道（know的第三人称单数形式）
knox,n. 诺克斯（姓氏）
knoxville,"n. 诺克斯维尔（地名, 美国田纳西州东部城市）"
knuckle,"n. 指节, 蹄爪, 膝关节\nv. 以指节打, 以手指射"
knuckles,"n. （指人）指关节( knuckle的名词复数 ); （指动物）膝关节, 踝\nv. （指人）指关节( knuckle的第三人称单数 ); （指动物）膝关节, 踝"
ko,"vt. 击倒, 打倒\nn. 击倒, 打倒"
kobe,n. 神户（日本本州岛西南岸港市）
koch,n. 科赫（人名）
kodak,"n. 小型照相机, 照片, 柯达(照相机)\nvt.vi. 用小型照相机拍摄"
koh,abbr. 氢氧化钾；苛性钾（等于potassium hydroxide）
kolkata,n. （印度）加尔各答
kong,n. 含锡砾石下的无矿基岩；钢
kool,n. 库尔（男子名）
koran,n. <<可兰经>>
korea,"n. 朝鲜, 韩国"
korean,"n. 朝鲜人, 朝鲜语\na. 朝鲜人的, 朝鲜语的"
koreans,"n. 朝鲜人, 朝鲜国民( Korean的复数形式 ); 朝鲜语"
kosher,"a. 合犹太人戒律的, 清净的, 合适的"
kosovo,科索沃[南斯拉夫自治省名]
kp,abbr. 键控脉冲（Key Pulse）；键盘穿孔机（Keyboard Perforator）；公里标杆（Kilometer Post）
kr,[医] 氪(36号元素)
kraft,n. 牛皮纸
kramer,n. 克雷默（男子名）
kremlin,n. 克里姆林宫\n[经] 克里姆林宫
kris,"n. 波壮刃短剑（等于creese, 马来西亚和印尼的）"
krishna,n. 克利须那神
kristen,克里斯汀（人名）
kristin,n. 克莉丝汀（女子名）
kristina,n. 克里斯蒂娜（女子名）
kruger,n. 克鲁格（现代寻租理论的创始人）；格尔（南非政治家）
ks,abbr. 韩国标准（Korean Standards）；敲缸传感器（Knock Sensor）；闸刀开关（knifeswitch）
kt,abbr. 千吨（kiloton）；[棋]马（knight）；节（knot）
ku,abbr. 堪萨斯大学（University of Kansas）；科威特航空公司（Kuwait Airways）；哥本哈根大学（Kobenhavns Universitet）
kuala,n. 河口
kudos,"n. 称赞, 光荣, 荣誉"
kumar,n. 库马尔（姓氏）
kun,n. 库恩（匈牙利共产党领袖）
kung,n. 龚；宫（粤语姓氏）
kurdish,a. 库尔德人的\nn. 库尔德语
kurdistan,"n. 库尔德斯坦(在西南亚,疆界不明确)"
kurds,n. 库尔德人（Kurd的复数）
kurt,n. 库尔特（男子名）
kuwait,n. 科威特
kv,[医] 千伏[特]
kw,[医] 千瓦[特]
kwh,abbr. kilowatt hour 千瓦小时
ky,abbr. 美国肯塔基州（Kentucky）
kyle,"n. （苏）狭海峡, 海峡"
kylie,n. 回飞棒的一种
kyoto,n. 京都
kyrgyzstan,n. 吉尔吉斯斯坦（国名）
kyrie,n. 垂怜经；慈悲经（等于Kyrie eleison ）；姬莉叶
la,[医] 镧(57号元素)
lab,"n. 实验室, 研究室\n[医] 凝乳酶"
label,"n. 标签, 称号, 商标, 标志\nvt. 贴标签于, 标注\n[计] 标志; 标注; DOS外部命令:用于建立改变或删除磁盘卷标号"
labeled,a. 有标签的；示踪的
labeling,[经] 贴标签
labelled,a. 贴上标签的
labelling,"[计] 标号的, 标明, 标记\n[医] 贴标签, 标记"
labels,n. 标签；分类（label的复数形式）
labor,"n. 劳动, 努力, 工作, 劳工, 分娩\nvi. 劳动, 努力, 苦干\nvt. 详细分析, 使厌烦"
laboratories,n. 实验室( laboratory的名词复数 )
laboratory,"n. 实验室, 研究室, 化工厂\n[医] 实验室, 检验室, 化验室"
laborers,"n. 体力劳动者, 工人( laborer的复数形式 ); （熟练工人的）辅助工"
labour,"n. 劳动, 努力, 工作, 劳工, 分娩\nvi. 劳动, 努力, 苦干\nvt. 详细分析, 使厌烦"
labourers,"n. （尤指户外的）体力劳动者, 劳工, 工人( labourer的复数形式 )"
labrador,n. 纽芬兰拾貘
labs,n. 实验室
labyrinth,"n. 迷宫, 难解事物, 迷路\n[化] 迷宫; 曲径"
lac,"n. 紫胶, 十万, 许多\n[医] 虫胶, 虫漆, 乳"
lace,"n. 饰带, 花边, 缎带, 鞋带\nvt. 结带子, 饰以花边\nvi. 系带子\n[计] 全穿孔"
laced,"a. 用带子束紧了的, 饰有花边的"
laces,abbr. 工程学会洛杉矶委员会（Los Angeles Council of Engineering Societies）
lacey,a. 花边的
lack,"n. 缺乏, 无, 不足\nvt. 缺乏, 短少, 不足, 需要\nvi. 缺乏"
lacked,"v. 缺乏, 缺少( lack的过去式和过去分词 )"
lacking,"a. 缺乏的, 不足的"
lacks,"n. 缺乏, 不足, 没有( lack的名词复数 )\nv. 缺乏, 缺少( lack的第三人称单数 )"
lacrosse,n. 长曲棍球
lactose,n. 乳糖\n[化] 乳糖
lacy,"a. 丝带的, 花边的, 花边状的"
lad,"n. 青年, 家伙, 少年, 情人"
ladder,"n. 梯, 梯状物, 发迹的途径\nvi. 袜子抽丝, 成名"
ladders,n. 梯子( ladder的名词复数 ); 阶梯; 途径; （紧身裤袜或长筒袜的）滑丝
laden,"a. 装满的, 负载的, 苦恼的\nlade的过去分词"
ladies,"n. 公共女厕所, 女盥洗室, 女洗手间"
lads,abbr. 低空探测系统（Low-Altitude Detection System）
lady,"n. 淑女, 夫人, 女士, 贵妇"
lafayette,n. 拉斐特（美国印地安纳州西部城市）；老佛爷（法国百货公司）；三刺光鲳
lag,"n. 落后, 囚犯, 迟延, 桶板, 防护套\na. 最后的\nvi. 落后, 蹒跚, 缓缓而行, 滞后\nvt. 落后于, 押往监狱, 加上外套\n[计] 延迟; 落后"
lager,n. 贮陈啤酒
lagging,"n. 迟钝, 落后, 防护套\na. 迟钝的, 落后的"
lagoon,"n. 环礁湖, 近海岸的浅水区, 泻湖, 咸水湖"
lagos,n. 拉各斯(尼日利亚的首都)
laguna,n. 小池；小湖
lahore,n. 拉合尔（巴基斯坦城市）
lai,abbr. 意大利航空公司（Linee Aeree Italiane）
laid,lay的过去式和过去分词
lair,"n. 兽穴, 兽窝, 泥潭\nvi. 进入兽穴, 在泥中打滚\nvt. 放于穴中, 使陷入泥潭"
laird,"n. 地主, 领主\n[法] 地主"
lake,"n. 湖, 池, 色淀\nv. (使)血球溶解"
lakers,n. 湖人队（美国篮球队名）
lakes,"n. 色淀；湖泊, 湖畔"
lakeside,n. 湖边
lakh,"n. 十万, 十万卢比, 多数\n[化] 紫胶; 虫胶"
lam,"v. 打, 鞭笞, 逃脱\nn. 逃亡"
lama,n. 喇嘛
lamar,"n. 拉马尔（男名, 姓氏）"
lamb,"n. 小羊, 羔羊\nv. 产羊羔"
lambert,[计] 兰伯特\n[医] 朗伯(亮度单位)
lamborghini,n. 公司创建于1962年; 以创建人兰伯基尼命名; 兰博基尼(LAMBORGHINI)的标志是一头公牛; 意大利世界名车：兰博基尼
lambs,n. 羔羊肉( lamb的名词复数 ); （慈爱或怜悯地描述或称呼某人）宝贝; 像羔羊般柔顺的人
lame,"a. 跛足的, 僵痛的, 不完全的, 金属薄板, 不知内情的人\nvi. 变跛\nvt. 使成残废, 使无用"
lament,"n. 悲叹, 悔恨, 恸哭, 挽歌, 悼词\nvt. 哀悼\nvi. 悔恨, 悲叹"
lamented,a. 令人遗憾的；被哀悼的
laminated,"a. 用薄片层压制成, 切成薄片, 把...分成薄片, 由薄片迭成/覆盖的, 层压板\n[计] 层压的, 叠层的"
lamont,拉蒙特\n马尼拉麻
lamp,n. 灯\nvt. 照亮\n[计] 逻辑模拟分析系统
lamps,n. [诗]日月星辰；[俚]眼睛；灯具（lamp的复数）
lan,"局部区域网络, 局域网, 本地网\n[计] 局部区域网络, 局部网, 局网, 局域网"
lana,"[医] 羊毛, 绒毛"
lancashire,n. 兰开夏郡(英格兰郡名)
lancaster,n. 兰开斯特（美国成市）
lance,"n. 长矛, 柳叶刀, 执矛战士\nvt. 以长矛攻击, 冲进\nvi. 急进"
land,"n. 陆地, 地面, 地界, 地产, 国土, 土地\nvi. 登陆, 登岸, 到达\nvt. 使上岸, 使登陆, 使到达\n[计] 连接盘; 焊盘"
landed,"a. 拥有土地的, 有田地的\n[法] 不动产的, 拥有土地的, 地皮的"
lander,n. 出铁槽；着陆器；把钩工人
landfill,n. 垃圾堆；垃圾填埋地
landing,"n. 登陆, 码头, 降落\n[经] 上岸, 登陆, 降落"
landings,n. 出煤量；上市量（landing的复数）
landlord,"n. 房东, 地主\n[经] 业主, 地主, 房东"
landlords,"n. 房东; 房东, 地主( landlord的复数形式 ); 店主"
landmark,"n. 陆标, 划时代的事, 地界标\n[医] 界标"
landmarks,n. 陆标( landmark的复数形式 ); 目标; （标志重要阶段的）里程碑 ~ (in sth); 有历史意义的建筑物（或遗址）
landon,n. [姓氏] 兰德勒
landowner,"n. 地主\n[法] 土地所有人, 地主"
landowners,"n. 土地拥有者, 地主( landowner的复数形式 )"
landry,n. 兰德里（篮球运动员）；兰德瑞（男子名）
lands,n. 平原；平面；土地（land的复数形式）
landscape,"n. 风景, 山水, 风景画\nvi. 从事景观美化\nvt. 美化...景观\n[计] 横向"
landscapes,n. 风景( landscape的名词复数 ); 风景画; 乡村风景画; 地形
landscaping,n. 景观美化
landslide,n. 山崩\n[化] 滑坡
lane,"n. 小路, 巷, 弄, 单行道"
lanes,n. 小路( lane的复数形式 ); 车道; 航道; 分道
lang,abbr. 语言（language）
lange,n. 兰格（姓氏）
langley,[化] 兰勒(太阳辐射或织物、塑料耐晒牢度试验的能通量单位)
language,"n. 语言, 文字, 措辞\n[计] 语言"
languages,"n. 语系, 语种；语言文字（language复数）"
lanka,n. 兰卡；楞伽
lansing,n. 兰辛（美国密执根州首府）
lantern,"n. 灯笼, 提灯, 航标灯\nvt. 装上提灯"
lanterns,n. 灯笼( lantern的复数形式 ); 灯塔
lao,n. 老挝语；老挝人
laos,n. 老挝
lap,"n. 膝盖, 舔, 一圈, 下摆, 衣兜, 山坳\nvi. 重叠, 围住, 轻拍, 舔\nvt. 包围, 抱...在膝上, 使重叠, 舔, 拍打, 泼溅\n[计] 链接访问程序"
lapd,abbr. 洛杉矶警察局（Los Angeles Police Department）
laps,abbr. 光寻址电位传感器；SDH 上的链路接入规程（Link Access Procedure SDH）
lapse,"n. 过失, 流逝, 失效\nvi. 犯错, 堕落, 减退, 消失, 流逝\nvt. 使失效"
laptop,[计] 膝上型的
laptops,n. 便携式电脑( laptop的复数形式 )
lara,"n. 拉腊（Laura的异体, 女子名）"
large,"a. 大的, 大量的, 宽大的, 广博的\nadv. 大大地, 夸大地"
largely,"adv. 大量地, 很多地, 大半地"
larger,a. 大的；多量的
largest,"a. 多量的, 最大的（large的最高级）"
lark,"n. 云雀, 百灵鸟, 欢乐, 嬉耍\nvi. 嬉耍, 骑马玩乐\nvt. 愚弄"
larkin,拉金(男子名)
larry,n. 拉里（男子名）
lars,n. 拉尔斯（男子名）
larsen,n. (Larsen)人名；(英、法、丹、挪、芬、德、意、葡、捷、瑞典)拉森\n拉森
larson,拉森
larvae,"幼虫(昆虫), 幼体, 蚴(蠕虫)\n[医] 幼虫(昆虫), 蚴(蠕虫)"
las,abbr. 阿拉伯国家联盟（League of Arab States）；大气科学实验室（Laboratory of Atmospheric Sciences）；光敏开关（Light Activated Switch）
lasagna,(=lasagne)烤宽面条(上浇肉末番茄汁)
laser,n. 激光\n[计] 激光器
lasers,n. 激光器；激光（laser的复数）
lash,"n. 鞭子, 鞭打, 睫毛, 责骂, 讽刺\nvt. 鞭打, 摆动, 扎捆, 冲击, 讽刺, 煽动\nvi. 冲洗, 鞭打, 责骂"
lashes,n. 鞭挞( lash的名词复数 ); 鞭子; 突然猛烈的一击; 急速挥动\nv. 鞭打( lash的第三人称单数 ); 煽动; 紧系; 怒斥
last,"a. 最后的, 末尾的, 最近的\nvi. 持续, 支持, 维持\nvt. 使维持, 够...用\nadv. 最后, 后来\nn. 最后, 末尾, 鞋楦头"
lasted,vbl. 持续
lasting,"a. 永久的, 永恒的, 持久的\nn. 厚实斜纹织物"
lastly,"adv. 最后, 终于"
lasts,n. 鞋楦（last的复数）
lat,n. 拉特(拉脱维亚货币单位)\n[计] 本地传输协议
latch,"n. 门闩\nvi. 上闩, 抓住, 占有\nvt. 闩上\n[计] 门闩线路; 锁存器"
late,"a. 迟的, 晚的, 已故的\nadv. 很晚, 很迟, 晚"
lately,"adv. 近来, 最近"
latency,"n. 潜伏, 潜在\n[计] 传输时间, 传输延迟时间"
latent,"a. 潜伏性的, 隐藏的\nn. 隐约指纹"
later,"adv. 以后, 随后"
lateral,"n. 侧部, 支线, 边音\na. 侧面的, 旁边的"
latest,a. 最近的
latex,"n. 乳液, 胶乳\n[化] 胶乳"
latin,"n. 拉丁人, 拉丁语\na. 拉丁人的, 拉丁语的"
latina,n. 拉蒂纳（意大利地名）；拉蒂娜（女子名）
latino,n. 拉丁美洲人
latinos,(Latino 的复数) n.拉丁美洲人
latitude,"n. 纬度, 范围\n[化] 宽容度; 伟度"
latte,n. 拿铁咖啡; （意大利语）牛奶
latter,"a. 后者的, 较后的, 近来的"
lattice,"n. 格子, 组合格子, 格子状东西\nvt. 制做格子, 使成格子状\n[计] 格"
latvia,n. 拉脱维亚
latvian,"a. 拉脱维亚的\nn. 拉脱维亚人, 拉脱维亚语"
lau,abbr. 局域网接入单元（LAN Access Unit）；线路适配器单元（Line Adapter Unit）
lauded,"v. 称赞, 赞美( laud的过去式和过去分词 )"
lauderdale,劳德戴尔
laugh,"n. 笑, 笑声\nvi. 笑, 大笑\nvt. 以笑表示"
laughable,"a. 可笑的, 有趣的"
laughed,v. 笑( laugh的过去式和过去分词 ); 发笑; 嘲笑; （特别表示因成功而）处于有利地位
laughing,"a. 一笑置之的, 高兴的\nn. 笑"
laughs,n. 笑声( laugh的名词复数 ); 笑态; 笑料\nv. 笑( laugh的第三人称单数 ); 发笑; 嘲笑; （特别表示因成功而）处于有利地位
laughter,"n. 笑, 笑声\n[医] 笑, 大笑"
launch,"n. 下水, 汽艇, 发射\nvt. 使下水, 发射, 发动\nvi. 起飞, 下水, 投入, 开始"
launched,v. 发射( launch的过去式和过去分词 ); [计算机]开始（应用程序）; 发动; 开展（活动、计划等）
launcher,"n. 发射者, 发射台"
launchers,n. 发射器；发射台；发射者
launches,n. 汽艇（launch的复数）
launching,"n. 发射, 船下水, 下水典礼, 开办"
laundering,n. 洗烫
laundry,"n. 洗衣店, 洗好的衣服, 洗涤\n[机] 洗衣作, 洗衣店, 洗衣房"
laura,n. 劳拉（女子名）
laureate,"a. 戴桂冠的, 用月桂树枝编织成的, 荣誉的\nn. 桂冠诗人\nvt. 使戴桂冠"
laurel,"n. 月桂树, 荣誉\nvt. 使戴桂冠, 授予荣誉"
lauren,n. 劳伦（姓氏）
laurence,n. 劳伦斯（男子名）；闪烁景
laurent,n. 劳伦（法国数学家）
laurie,"n. 劳里（女子名, 等于Laura）；劳里（男子名, 等于Lawrence）"
lava,"n. 熔岩, 火山岩\n[医] 火山石(一种顺势疗法药)"
lavender,"n. 熏衣草, 淡紫色\na. 淡紫色的\nvt. 用熏衣草熏"
lavish,"a. 大方的, 丰富的, 浪费的\nvt. 浪费, 滥用, 慷慨给予"
law,"n. 法律, 法则, 定律, 法律的制约, 法学, 司法界, 诉讼\nv. 起诉"
lawful,"a. 法律许可的, 守法的, 合法的\n[经] 合法的, 法定的"
lawfully,adv. 守法地；合法地
lawless,"a. 非法的, 违法的"
lawmakers,n. 立法者( lawmaker的复数形式 )
lawn,"n. 草地, 草坪, 上等细麻布\n[机] 细筛"
lawns,"n. 草地, 草坪( lawn的复数形式 ); 上等细棉布（或麻布）"
lawrence,n. 劳伦斯（男子名）
laws,n. 法律；规章（law的复数）
lawson,n. [姓氏] 劳森
lawsuit,"n. 诉讼\n[法] 诉讼, 诉讼案件"
lawsuits,"n. 诉讼, 法律诉讼；控诉（lawsuit的复数形式）"
lawyer,n. 律师\n[经] 律师
lawyers,n. 律师（lawyer的复数）
lax,"a. 松的, 不严格的, 腹泻的, 松弛的\nn. 腹泻, 松元音"
lay,"vt. 放置, 产, 铺设, 布置, 提出, 平息\nvi. 下蛋, 打赌\nn. 位置, 层, 隐藏处\na. 世俗的, 外行的\nlie的过去式"
layer,"n. 层, 产卵鸡, 放置者\nvt. 分层堆积, 压植\n[计] 层"
layered,a. 层状的；分层的
layers,"n. 层面板；图层面板, 图层集合（layer复数形式）"
laying,"[计] 布置, 敷设\n[化] 敷设; 铺设(管道等)"
layout,"n. 布局, 陈列, 规划图, 页面布局, 版面编排\n[计] 页面布局, 版面"
layouts,n. 布局；图版；设计（layout的复数形式）
lays,v. 打赌( lay的第三人称单数 ); 提出; 放置; 铺
lazarus,"n. 乞丐, 穷人"
laziness,"n. 怠惰, 无精打采"
lazy,"a. 懒惰的, 怠惰的, 缓慢的\nvi. 懒散"
lb,"磅, 文学士\n[经] 磅"
lbs,磅
lc,"国会图书馆\n[计] 信用证, 小写体"
lcd,液晶显示器\n[计] 液晶显示器; 改变目录
ld,致死剂量
lds,abbr. 长途业务（Local Distribution Service）
le,[计] 小于或等于
lea,n. 草地
leach,"vt. 过滤, 萃取\nvi. 滤掉\nn. 过滤, 过滤器, 沥出物"
lead,"n. 铅, 铅条, 领导, 超前量, 领引, 榜样, 主角, 导线\nvt. 引导, 带领, 领导, 指挥, 致使, 加铅于, 用铅包\nvi. 领导, 带头, 导致, 用测深锤测深, 被铅覆盖\na. 带头的, 最重要的"
leader,"n. 领导者, 社论, 指挥, 领袖, 领唱者, 前导字符\n[计] 前导字符"
leaderboard,n. （尤指高尔夫锦标赛的）选手积分榜
leaders,n. 指挥；引线；前导字符；领袖（leader的复数）
leadership,"n. 领导能力, 领导阶层"
leading,"n. 领导, 指挥, 神示, 铅板\na. 领导的, 主要的, 在前的"
leads,n. 领导者；引线；管道（lead的复数）
leaf,"n. 叶, 树叶, 花瓣, 页\nvi. 生叶, 翻书页\nvt. 在...上长叶, 翻...的页"
leaflet,"n. 小叶, 传单\n[医] 小叶"
leaflets,"n. 传单, 散页印刷品( leaflet的复数形式 )"
leafs,"n. 叶子；（书籍等的）一张；扇页\nvi. 生叶；翻书页\nvt. 翻…的页, 匆匆翻阅\nn. (Leaf)人名；(英)利夫"
leafy,"a. 叶茂盛的, 多叶的, 叶状的"
league,"n. 同盟, 联盟, 盟约\nv. 组联盟, (使)加盟"
leagues,"n. 联盟( league的名词复数 ); 等级; （运动）俱乐部的联合会; 里格（长度单位, 约等于 3 英里）\nv. 联盟( league的第三人称单数 ); 等级; （运动）俱乐部的联合会; 里格（长度单位, 约等于 3 英里）"
leah,n. 利亚(<<圣经>>故事人物)
leak,"n. 漏洞, 漏处, 漏出, 泄漏\nvi. 漏, 泄漏\nvt. 使渗漏"
leakage,"n. 漏, 漏出物, 泄漏\n[化] 漏电; 漏水; 漏气; 渗漏; 漏失量; 漏出量"
leaked,vbl. 漏的
leaking,"[机] 漏, 漏泄"
leaks,"n. 泄漏, 渗漏（leak的复数）"
lean,"n. 瘦肉, 倾斜, 倾斜度\na. 瘦的, 贫乏的, 歉收的\nvi. 倚靠, 倾斜, 依赖\nvt. 使倾斜"
leaned,lean的过去式和过去分词
leaning,"n. 倾斜, 倾向, 爱好"
leans,n. 倾斜；倾斜错觉（lean的复数）
leap,"n. 跳跃, 剧增, 急变, 被越过之物\nvi. 跳跃, 突然经过\nvt. 跃过, 使跃过"
leaping,"a. 跳跃的, 跳跃而行的"
leaps,"n. 跳跃, 飞跃( leap的名词复数 ); 激增\nv. 跳( leap的第三人称单数 ); 猛然行动; 骤增; 剧增"
lear,n. 李尔
learn,vt. 学习；认识到；得知
learned,"a. 有学问的, 学术上的\nlearn的过去式和过去分词"
learner,"n. 学习者, 初学者"
learners,"n. 学习者, 初学者, 见习驾驶员( learner的复数形式 )"
learning,"n. 学问, 学识, 学习\n[计] 学习"
learns,v. 学习( learn的第三人称单数 ); 学会; 得知; 记住
learnt,learn的过去式和过去分词
lease,"n. 租约, 租期, 租\nvt. 出租, 租出, 租得"
leased,[计] 租用的
leases,n. 租赁；租约；租赁协定（lease的复数）
leash,"n. (拴狗颈的)皮带\nvt. 以皮带束缚, 束缚"
leasing,n. 说谎
least,"n. 最少, 最小, 最小限度\na. 最少的, 最小的\nadv. 最小, 最少"
leather,"n. 皮革, 皮制品, 马镫的皮带\nvt. 覆以皮革, 鞭苔, 抽打\na. 皮革的, 皮制的"
leave,"n. 许可, 告别, 请假, 休假\nvt. 离开, 剩下, 遗忘, 委托, 丢弃\nvi. 出发, 离开, 生叶"
leaves,"pl. 树叶, 花瓣"
leaving,n. 离开；残余；渣滓
lebanese,a. 黎巴嫩的
lebanon,n. 黎巴嫩
lebron,n. 勒布朗
lecture,"n. 演讲, 谴责, 讲稿\nvt. 演讲, 训诫, 说教\nvi. 讲演"
lecturer,"n. 演讲者, 讲师\n[法] 讲演人, 讲课人, 讲师"
lecturers,"n. （大学或学院中的）讲课者, 授课者, （英美大学中的）讲师( lecturer的复数形式 )"
lectures,"n. 演讲, 讲课( lecture的名词复数 ); 冗长的训斥[谴责]\nv. （向…）演讲, （给…）讲课( lecture的第三人称单数 ); 责备; 教训; （尤指恼人地）指责"
lecturing,"v. （向…）演讲, （给…）讲课( lecture的现在分词 ); 责备; 教训; （尤指恼人地）指责"
led,lead的过去式和过去分词\n[计] 发光二极管
ledge,"n. 突出部分, 暗礁, 矿层"
ledger,"n. 分类帐, 分户总帐, 盖墓石板, 横木\n[经] 分户帐, 分类帐"
leds,abbr. lateral-energy density slope 横向能量密度倾斜
lee,"n. 背风处, 避风处, 下风处, 保护, 庇护\na. 避风的, 背风的, 下风的, 保护的"
leech,"n. 水蛭, 吸血鬼, 榨取他人利益的人\nvt. 以水蛭吸血\nvi. 依附并榨取别人"
leeds,n. 利兹市（英国城市名）
left,"a. 左边的, 左倾的, 左侧的, 左派的\nadv. 在左面\nn. 左, 左面, 左派\nleave的过去式和过去分词"
leftist,"n. 左翼的人, 左派\na. 左派的"
leftists,n. 左派的支持者( leftist的复数形式 )
leftover,"n. 剩货, 残留物, 剩饭\na. 残余的"
leftovers,n. 吃剩的食物
lefty,"n. 左撇子, 左翼分子"
leg,"n. 腿, 假腿, 路程\nvi. 走, 跑"
legacy,"n. 祖先传下来之物, 遗赠物\n[经] 遗产, 遗赠物"
legal,"a. 法律的, 法定的, 合法的\n[经] 法定权利; 法律(上)的, 合法的"
legality,"n. 合法, 正当\n[经] 合法性"
legalization,"n. 合法化, 法律认可\n[经] 立法, 合法化"
legalize,"vt. 法律上认为正当, 使合法化\n[法] 使合法化, 法律上认可, 使符法律"
legalized,合法的
legally,"adv. 法律上, 合法地\n[法] 法律上, 合法地, 法定地"
legend,"n. 传说, 传奇文学, 图例\n[计] 图例"
legendary,"a. 传说的, 传奇中说的, 传奇般的, 传说中的, 著名的"
legends,n. 传说( legend的复数形式 ); 民间传说; （地图或书中图表的）图例; 传奇人物
legged,a. 有...腿的
leggings,"n. 护胫, 护腿"
legion,"n. 军团, 军队, 众多的人"
legions,"n. 古罗马军团( legion的复数形式 ); 众多, 大量"
legislation,"n. 立法, 法律\n[医] 立法, 法规"
legislative,"n. 立法机构\na. 立法的, 有立法权的"
legislator,"n. 立法者, 立法官, 立法委员\n[法] 立法者, 立法机关成员, 立法委员"
legislators,"n. 立法委员, 议员, 立法者( legislator的复数形式 )"
legislature,"n. 立法机关, 议会, 立法院\n[法] 立法机构, 立法机关"
legislatures,"n. 立法机关, 立法团体( legislature的复数形式 )"
legit,"a. 合法的, 正统的, 守法的"
legitimacy,"n. 合法, 正统, 正当\n[法] 合法性, 正统性, 婚生"
legitimate,"a. 合法的, 正当的, 婚生的\nvt. 认为正当, 立为嫡嗣, 使合法"
legitimately,adv. 正当地；合理地
lego,n. 乐高积木（商标名）
legs,n. 木头支架；腿（leg的复数）
lehman,n. 雷曼（姓氏）
lei,n. 花环
leicester,莱斯特(英国城市)
leigh,"n. 利（男子名, 等于Lee）"
leighton,n. 雷顿（男子名）
leipzig,n. 莱比锡城
leisure,"n. 空闲, 闲暇, 悠闲\na. 空闲的, 有闲的"
leland,n. 利兰（男子姓氏）
lemme,<口>=let me
lemon,"n. 柠檬, 柠檬树, 柠檬色\n[医] 柠檬"
lemonade,n. 柠檬水\n[医] 柠檬水
lemons,n. 柠檬（lemon的复数）
len,n. 伦恩（男子名）
lena,"n. 莉娜（女子名, 等于Helena）；勒拿河（西伯利亚中部河流）"
lend,"vt. 借, 贷款给, 增添, 提供, 出租\nvi. 贷款"
lender,"n. 出借人, 贷方\n[经] 出借者, 贷方, 贷款人"
lenders,"n. 出借人, 贷方( lender的复数形式 )"
lending,"n. 出借, 出借物\na. 出借"
lends,v. 把…借给( lend的第三人称单数 ); 贷（款）; 增加; 增添
length,"n. 长度, 长, 期间, 一段\n[计] 记录长度; 块长; 字长"
lengths,n. 长( length的复数形式 ); （持续）时间的长短; 一段; （马或船的）自身长度
lengthy,"a. 冗长的, 漫长的"
lenient,"a. 宽大的, 温和的, 慈悲为怀的\n[法] 宽大的, 仁慈的"
lenin,n. 列宁（俄国无产阶级革命领袖）
lennon,n. 列侬（男子名）
lennox,伦诺克斯（人名、地名）
lenny,n. 连尼传（电影名）
lenovo,n. 联想（公司名）
lens,"n. 透镜, 镜头, 镜片, 晶状体\nvt. 给...摄影"
lenses,柔性焦距透镜组
lent,lend的过去式和过去分词
leo,"n. 狮子, 狮子座"
leon,"n. 利昂（男子名, 等于Leo）"
leonard,n. 伦纳德（男子名）
leonardo,n. 李奥纳多（姓氏）
leone,[经] 里昂
leopard,"n. 豹, 美洲豹"
leopold,n. 利奥波德（男子名）
leroy,n. 勒罗伊（男子名）
les,abbr. 发射脱离系统（Launch Escape System）
lesbian,a. 女同性恋的\nn. 女同性恋者
lesbians,n. 女同性恋者；女同志（lesbian的复数形式）
lesions,"n. 损害, 损伤( lesion的复数形式 ); 身体器官组织的损伤"
lesley,n. 莱斯利（女子名）
leslie,n. 莱斯利（男子名）
less,"n. 较少, 较小\na. 少的, 小的\nadv. 较少, 较小, 较差\n[计] 最低成本估算与调度法"
lessen,"vt. 减少, 缩小, 减轻\nvi. 变小"
lesser,"a. 较少的, 较小的, 次要的"
lesson,"n. 课, 课业, 教训"
lessons,n. 功课( lesson的名词复数 ); 课程; 教训; 一堂课
lest,"conj. 以免, 唯恐, 免得"
lester,n. 莱斯特（男子名）；喻指显赫的人
let,"vt. 让, 假设, 出租, 排放, 妨碍\nvi. 出租, 被承包\nn. 出租屋, 障碍"
lethal,a. 致命的\nn. 致死因子
lets,abbr. 地方交易系统（Local Exchange Trading System）
letter,"n. 信, 字母, 证书, 字面意义, 铅字, 学问, 出租人\nvt. 写字母于, 在...上刻字母, 用字母标明\nvi. 写印刷体字\n[计] 字母"
lettering,"n. 写字, 印字, 刻字"
letterman,n. (得奖的)运动员
letters,n. 字母；书信；读者投书栏（letter的复数）
letting,[法] 租金
lettuce,"n. 莴苣, 生菜, 纸币\n[医] 莴苣"
leukemia,"n. 白血病, 白血球过多症\n[化] 白血病"
leung,梁/亮；莱翁
lev,n. 列弗（保加利亚的货币单位）
levant,"vi. 躲债\n[法] 逃亡, 躲避, 躲债"
level,"n. 水平, 水准, 平地\na. 同高的, 平坦的, 齐平的, 水平的\nvt. 弄平, 夷平, 使同等, 瞄准, 对准\nvi. 变平, 拉平\n[计] 级别"
leveled, 经调整的
leveling,n. 水准测量
levels,"n. 色阶调整；控制色阶；水平, 标准（level复数形式）"
lever,"n. 杠杆, 似杠杆之工具\nvt. 撬开\nvi. 使用杠杆"
leverage,"n. 杠杆作用, 杠杆装置, 杠杆效率\n[医] 杠杆率"
leveraged,"v. 促使…改变( leverage的过去式和过去分词 ); [美国英语]杠杆式投机, （使）举债经营, （使）利用贷款进行投机"
levers,n. 杠杆；手段（lever的复数）
levi,n. 利瓦伊（男子名）
leviathan,"n. 海中怪兽, 巨轮"
levied,v. 征（兵）( levy的过去式和过去分词 ); 索取; 发动（战争）; 征税
levin,n. 闪电
levine,n. 莱文（姓氏）
levy,"n. 税款, 所征的人数, 征收\nvi. 征税, 课税\nvt. 征收, 强求, 召集"
lew,"n. 卢（等于Louis, 男子名）"
lewd,"a. 淫荡的\n[法] 淫荡的, 猥亵的"
lewis,n. 吊楔
lex,"[法] 法, 法律, 法律实体"
lexicon,"n. 词汇, 词典, 辞典\n[计] 辞典"
lexington,n. 列克星敦市（位于美国肯塔基州）
lexus,"n. 雷克萨斯（凌志）, 日本丰田汽车公司旗下豪华车品牌。"
lf,"[计] 换行, 低频\n[医] 絮凝单位, 絮凝限度"
lg,"abbr. 水平规, 水准仪（Level Gauge ）；直线发生器, 矢量发生器（Line Generator）"
li,[医] 锂(3号元素)
liabilities,n. 碍事的人或物；负债；债务（liability复数形式）
liability,"n. 责任, 债务, 倾向\n[经] 责任, 义务, 负债"
liable,"a. 有义务的, 应负责的, 有...倾向的\n[法] 有责任的, 可受处理的, 应受罚的"
liaison,n. 联络
liam,n. 利亚姆（男子名）
liang,n. 两（中国衡量单位）
liar,n. 说谎者
liars,n. 说谎者( liar的复数形式 )
lib,a. [口]解放的（等于liberal）；解放论者的
libby,"n. 莉比（等于Elizabeth, 女子名）"
libel,"n. 以文字损害名誉, 诽谤罪, 侮辱\nv. 诽谤, 中伤, 损害名誉"
liberal,"n. 自由主义者\na. 慷慨的, 不拘泥的, 宽大的, 自由主义的"
liberalism,n. 自由主义
liberals,n. 自由主义者( liberal的复数形式 ); 宽容大度的人; 支持（社会、政治或宗教）变革的人; （旧时）英国自由党成员
liberate,"vt. 解放, 释放, 使自由\n[机] 释出, 放出"
liberated,"a. 解放的, 自由的"
liberating,"v. 解放, 释放( liberate的现在分词 )"
liberation,"n. 释放, 解放\n[化] 发出; 释放; 放出"
liberia,n. 利比里亚\n[经] 利比利亚
libertarian,"n. 自由意志主义支持者, 行动自由者\na. 自由意志主义支持者的, 主张个人思想的"
liberties,n. 自由( liberty的名词复数 ); <正式>许可权; 自由（自己选择生活方式而不受政府及权威限制）; 自由（不受关押或奴役的状态）
liberty,"n. 自由, 特权, 许可, 冒失\n[法] 自由, 自由权, 自由区域"
librarian,"n. 图书馆员, 图书管理员\n[计] 程序库管理程序; 程序库生成程序"
librarians,"n. 图书馆馆长, 图书馆管理员( librarian的复数形式 )"
libraries,n. 图书馆查询系统；函数库；图书馆（library的复数）
library,"n. 图书馆, 藏书, 库\n[计] 库"
libs,abbr. 激光诱导击穿光谱（Laser-induced Breakdown Spectroscopy）
libya,n. 利比亚
libyan,"a. 利比亚的\nn. 利比亚人, 古代利比亚语"
lice,"n. 虱, 寄生虫, 小虫, (非正式)低贱的人, 不受欢迎的人, 卑鄙的人\n[医] 虱"
licence,"n. 执照, 许可证, 特许\nvt. 许可, 特许, 认可"
licences,n. 许可( licence的名词复数 ); 许可证; 放纵; 放荡
license,"n. 执照, 许可证, 特许\nvt. 许可, 特许"
licensed,"a. 得到许可的\n[经] 领有执照的, 领到许可证的"
licenses,n. 授权；许可（license的复数）
licensing,v. 许可；批准（license的ing形式）
lick,"n. 舔, 少许, 打\nvt. 舔, 卷过, 鞭打\nvi. 轻轻拍打"
licked,v. 舔( lick的过去式和过去分词 ); <口>打败; （波浪）轻拍; （火焰）吞卷
licking,"n. 舔, 挫折, 鞭打"
licks,n. 舔；少许；打（lick的复数）
lid,"n. 盖子, 限制, 眼睑\nvt. 给...盖盖子"
lids,abbr. 入侵检测系统（Linux Intrusion Detection System）
lie,"n. 谎言, 假象, 位置\nvi. 躺着, 说谎, 位于, 展现, 存在, 停泊\nvt. 谎骗"
lied,n. (德国)歌曲
lien,"n. 留置权, 扣押权\n[医] 脾"
lies,v. 躺卧（lie的第三人称单数形式）
lieu,n. 场所
lieutenant,"n. 中尉, 助理人员, 副官"
life,"n. 生活, 生命, 人生, 世事, 生物, 寿命, 一生, 生命力, 灵魂, 无期徒刑\n[医] 生活, 生存, 生命, 寿命"
lifeboat,n. 救生艇
lifeless,"a. 无生命的, 无趣味的, 死气沉沉的"
lifeline,"n. 救生索, 生命线"
lifelong,"a. 终身的, 毕生的"
lifespan,n. 预期生命期限；寿命；预期使用期限
lifestyle,n. 生活方式
lifestyles,[法] 生活方式
lifetime,"n. 一生, 终生\na. 一生的, 终生的"
lifetimes,"n. 一生, 寿命( lifetime的复数形式 ); 有生之年"
lift,"n. 举起, 帮助, 昂扬, 电梯\nvt. 升高, 提高, 鼓舞, 清偿, 空运, 举起, 剽窃\nvi. 升起, 消散, 耸立"
lifted,a. 提升的
lifting,[化] 吊装; 提升
lifts,"n. 升降机, 电梯（lift的复数）"
liga,n. 里加（地名）
ligament,"n. 结带, 纽带, 韧带\n[医] 韧带"
ligaments,n. 韧带( ligament的复数形式 ); 灯丝
light,"n. 光, 光亮, 灯, 日光, 发光体, 光源, 杰出人物, 火花, 眼光\na. 轻的, 少量的, 轻微的, 轻快的, 轻浮的, 明亮的, 淡色的, 容易的\nvt. 点燃, 照亮\nvi. 点着, 变亮, 突降, 偶然碰到\nadv. 轻地"
lighted,light的过去式和过去分词
lighten,"vt. 照亮, 点亮, 减轻, 使轻松, 闪出\nvi. 发亮, 打闪, 变轻"
lighter,"n. 点火者, 点灯工人, 打火机, 驳船\nvt. 以驳船搬运"
lighthouse,n. 灯塔
lighting,"n. 照明, 照明设备, 舞台灯光"
lightly,"adv. 轻轻地, 少许, 不费力地"
lightning,n. 闪电\nvi. 闪电\na. 闪电的
lights,n. （供食用的）家畜的肺脏；灯光（light的复数）
lightweight,"n. 不到平均重量的人/物, 轻量级, 无足轻重的人, 性格不够强的人\na. 平均重量以下的, 重量轻的\n[计] 轻便的, 轻量的"
like,"a. 相似的, 同样的\nvt. 喜欢, 愿意, 想\nvi. 喜欢, 希望\nn. 爱好, 同样的人(或物)\nprep. 象, 如同\nadv. 可能"
liked,v. 喜欢（like的过去式）
likelihood,"n. 可能, 可能性"
likely,"a. 有可能的, 合适的, 前途有望的\nadv. 或许, 可能"
likened,v. 把…比作( liken的过去式和过去分词 ); 把…比作…
likeness,"n. 相象, 相似物, 样子"
likes,n. 爱好的事物
likewise,"adv. 同样地, 也"
liking,"n. 爱好, 嗜好"
lil,abbr. 国际月球实验室（Lunar International Laboratory）
lilac,"n. 丁香, 丁香花, 淡紫色\na. 淡紫色的"
lilies,n. 百合花( lily的名词复数 )
lillian,"n. 莉莲（女子名, 等于Lilian）"
lilly,n. 莉莉（女子名）；丽莱（香港时装公司）
lily,"n. 百合, 百合花\na. 洁白的, 纯白色的, 纯洁的"
lim,abbr. 潜象存储器（Latent Image Memory）；秘鲁利马机场的代号
lima,n. 利马（秘鲁首都）
limb,"n. 四肢, 枝干, 翼, 边缘\nvt. 切断...之手足"
limbo,"n. 地狱边缘, 监狱, 忘却\n[法] 监狱, 拘禁, 忘却"
limbs,n. 四肢（limb的复数）
lime,"n. 石灰, 粘鸟胶, 酸橙\nvt. 以石灰处理, 粘鸟胶于, 撒石灰"
limelight,"n. 石灰光, 石灰光灯, 以石灰光灯照射的舞台\nvt. 使受到注目, 使显露头角"
limestone,n. 石灰石\n[化] 石灰石; 石灰岩
limit,"n. 界限, 边界, 限度, 极限, 限制\nvt. 限制, 限定"
limitation,"n. 限制, 缺陷, 限额\n[医] 限界, 限制, 限度"
limitations,n. 局限性；（限制）因素；边界（limitation的复数形式）
limited,"a. 有限制的, 有限的, 有限责任的\nn. 特别快车"
limiting,a. 限制的\n[电] 极限
limitless,"a. 无限的, 无界限的"
limits,n. 范围；领土；极限（limit的复数）
limo,[医] 柠檬
limousine,n. 轿车
limp,"n. 跛行\na. 柔软的, 无力的, 软弱的\nvi. 跛行"
lin,n. 林
lincoln,n. 林肯
lincolnshire,n. 林肯郡(英格兰郡名)
linda,n. 琳达（女子名）
linden,"n. 椴, 菩提树\n[医] 椴树(菩提树)"
lindsay,n. 琳赛〔女子名）
lindsey,n. 林德赛（人名）
line,"n. 列, 线, 绳, 电线, 线路, 路线, 航线, 作业线, 界线, 战线, 外形, 排, 家系\nvt. 排成一行, 顺...排列, 划线于, 加衬里, 使有线条, 使起皱纹\nvi. 排队\n[计] 线路"
lineage,"n. 血统, 直系\n[法] 血统, 世系"
linear,"a. 线的, 直线的, 线状的\n[计] 线性"
linebacker,n. 中后卫球员
lined,a. 有内衬的；具线纹的
lineman,"n. 线务员, 线路工人, 护路工, 养路工"
linen,"n. 亚麻布, 亚麻线, 亚麻制品\na. 亚麻布制的, 亚麻的"
liner,"n. 班机, 划线者, 定期船, 衬里\n[化] 衬垫; 垫带; 套管"
liners,"n. 衬层；挂面层；班机, 班轮（liner的复数）"
lines,n. 台词
lineup,"n. 阵容, 阵形, 布阵, 一组人"
ling,"n. 鳕鱼, 帚石南"
linger,"vi. 逗留, 消磨, 徘徊\nvt. 消磨"
lingerie,n. 女式内衣
lingering,a. 拖延的
linguistic,"a. 语言的, 语言学的\n[计] 语言的, 语言学的"
linguistics,n. 语言学
lining,"n. 衬里, 内层, 衬垫\n[化] 衬里; 衬垫; 衬套; 衬层"
link,"n. 环, 连结物, 链接, 火把\nvt. 连结, 联合, 挽住\nvi. 连接起来\n[计] 连接, 链路"
linkage,"n. 联合, 连锁, 结合, 联动\n[计] 连接"
linked,a. 连接的；显示连环遗传的；联合的
linkedin,n. 商务化人际关系网
linking,"[计] 连接, 链接"
links,n. 高尔夫球场
linux,n. 一个个人电脑上免费的UNIX操作系统
lion,"n. 狮子, 狮子(星)座, 国际狮子会会员"
lionel,n. 莱昂内尔（男子名）
lions,n. 腰角；雄狮；狮子（lion的复数）
lip,"n. 唇, 口缘, 唇状构造\nvt. 以嘴唇碰, 轻轻说出\na. 口头上的\n[计] 大型互连网信息包"
lipid,"n. 脂类, 类脂物, 脂质\n[化] 类脂; 脂质; 脂类"
lips,n. 嘴唇（lip的复数）
lipstick,"n. 口红, 唇膏\n[机] 口红"
liquid,"n. 液体, 流体, 流音\na. 液体的, 透明的, 明亮的, 流动的, 易变的"
liquidation,"n. 偿还, 偿付, 清算\n[化] 液化; 溶离法; 溶化分离法"
liquidity,"n. 流动性, 流畅\n[经] 流动性"
liquids,n. 液体( liquid的复数形式 )
liquor,"n. 酒, 液体, 汁, 溶液\nvt. 浸水\nvi. 喝酒"
lis,"[法] 诉讼事件, 争执, 起诉"
lisa,n. 丽莎（女子名）
lisbon,n. 里斯本(葡萄牙首都)
list,"n. 目录, 名单, 明细表, 布条, 条纹, 列表, 序列, 数据清单\nvt. 列出, 列于表上, 记入名单内, 装布条\nvi. 列于表上\n[计] 列表, 序列, 数据清单"
listed,"a. 列出的\n[经] 上市的, 已登录的, 表列的"
listen,"vi. 听, 倾听, 听从\nn. 听, 倾听"
listened,v. 倾听( listen的过去式和过去分词 ); 留心听; 听信; （让对方注意）听着
listener,"n. 收听者, 听众"
listeners,n. 听众；监听器（listener的复数）
listening,"n. 听, 监听\na. 助听用的"
listens,v. 倾听( listen的第三人称单数 ); 留心听; 听信; （让对方注意）听着
lister,"n. 双耕犁, 制表人"
listing,"[计] 列表, 清单, 编目\n[经] 挂牌, 上市, 编表"
listings,表
lists,n. 竞技场
lit,light的过去式和过去分词
lite,a. 低盐的；清淡的；简化的
liter,n. 公升\n[化] 升
literacy,"n. 读写能力, 识字, 精通文学"
literal,"a. 逐字的, 字面上的, 文字的, 字母的\nn. 印刷错误\n[计] 文字; 直接量; 字面量; 句节"
literally,"adv. 逐字地, 按照字面上地, 不夸张地"
literary,"a. 文学的, 文艺的, 精通文学的\n[法] 文学的, 从事文学的, 从事写作的"
literate,"n. 学者\na. 有读写能力的, 精通文学的, 受过教育的"
literature,"n. 文学, 文艺, 著作\n[经] 广告, 商品介绍等文学"
liters,公升
lithium,n. 锂\n[化] 锂Li
lithuania,n. 立陶宛
lithuanian,"n. 立陶宛人\na. 立陶宛的, 立陶宛人的, 立陶宛语的"
litigation,"n. 诉讼, 起诉\n[经] 诉讼, 纠葛"
litre,"n. 升, 公升\n[计] 升"
litres,n. 升( litre的复数形式 )
litter,"n. 垃圾, 杂乱, 轿, 担架\nvt. 乱丢, 铺草, 弄乱\nvi. 产仔, 乱丢垃圾"
littered,v. 使杂乱( litter的过去式和过去分词 ); 乱丢杂物; 乱扔; 使饱含
little,"n. 一点点, 少许, 一会儿, 短时间\na. 小的, 很少的, 幼小的, 琐碎的, 短暂的, 矮小的\nadv. 很少, 稍微, 完全不"
liturgy,"n. 礼拜仪式, 祷告文, 圣餐仪式"
liu,n. 线路接口单元；刘（中国姓氏）
liv,n. 押尾学（乐队名）
live,"a. 活的, 生动的, 精力充沛的, 实况转播的\nvi. 活, 生存, 居住\nvt. 过着, 度过, 经历\nadv. 实况地"
lived,a. 有生命的
livelihood,"n. 生计, 营生, 生活"
lively,"a. 活泼的, 鲜明的, 生动的"
liver,"n. 肝脏, 生活者, 居民\n[医] 肝"
liverpool,n. 利物浦
livery,"n. 制服, 侍从\na. 象肝的, 有肝病症状的"
lives,life的复数
livestock,"n. 家畜\n[经] 牲畜, 家畜"
livin, [医]（尚无中文译名）新发现的凋亡抑制蛋白，存在于胚胎组织、胎盘和一些恶性肿瘤组织中。
living,"n. 生活, 生计, 生存\na. 活的, 逼真的, 现存的"
livingston,n. 利文斯顿（美国新泽西州东北部城镇）
livingstone,利文斯敦[赞比亚西南部城市]
liz,n. 莉斯（女子名）
liza,n. 莉莎（女子名）
lizard,n. 蜥蜴\n[医] 蜥蜴
lizards,n. 蜥蜴( lizard的复数形式 )
lizzie,n. 莉齐（女子名）
lj,abbr. 救生短上衣（Life Jacket）；上诉法院法官（Lord Justice）
ll,[计] 低电瓶逻辑
llc,[计] 逻辑链路控制\n[化] 液液色谱法
lloyd,n. 劳埃德（男子名）
llp,abbr. 有限责任合伙（Limited Liability Partnership）
lm,n. 地上移动式无线电设备（Land Mobile）；登月舱（Lagrange multiplier）；光学显微镜
lmao,笑死我了，是 laughing my ass off 的网络缩略语
lmfao,n. 笑本部
ln,abbr. 自然对数（Napierian Logarithm）；液态氮（Liquid Nitrogen）
lng,abbr. 液化天然气（Liquefied Natural Gas）
lo,"interj. 瞧, 看"
load,"n. 负荷, 担子, 重担, 装载量, 负载, 工作量, 加载\nvt. 装载, 装填, 使担负\nvi. 装货, 上客, 装料\n[计] 加载, 装入程序"
loaded,"a. 有负载的, 有含蓄的, 加重的, 不公正的, 偏袒的, 喝醉了的, 富有的\n[计] 有负载的"
loader,"n. 载入程序, 载入者, 装货的人\n[计] 装入程序"
loading,"n. 装载, 装填\n[化] 填充剂; 填料; 装载; 装料; 填充; 载液; 填充量; 装模; 装载"
loads,"n. 货载量；负载, 负荷（load的复数）"
loaf,"n. 一条面包, 块, 游荡\nv. 游手好闲, 虚度光阴"
loan,"n. 贷款, 借出\nv. 借, 供应货款, 借给"
loaned,"v. 借出, 贷与（尤指钱）( loan的过去式和过去分词 ); 出借（贵重物品给博物馆等）"
loans,n. 借贷；贷款（loan的复数形式）
loathe,"vt. 厌恶, 憎恶"
loathing,"n. 非常讨厌, 嫌恶, 极不情愿"
lobbied,vi. 为了支持或抵制某项特定目标游说（lobby的过去式与过去分词形式）
lobby,"n. 大厅, 休息室, 游说议员者\nvi. 游说议员, 游说\nvt. 游说"
lobbying,vi. 为了支持或抵制某项特定目标游说（lobby的现在分词形式）
lobbyist,n. 说客\n[法] 院外活动集团成员
lobbyists,n. 游说议员者( lobbyist的复数形式 )
lobe,"n. 叶, 耳垂, 裂片\n[医] 叶"
lobes,n. 耳垂( lobe的复数形式 ); （器官的）叶; 肺叶; 脑叶
lobster,n. 龙虾
loc,"[计] 局部, 通信线路, 位置, 单元"
local,"a. 地方性的, 当地的, 局部的, 乡土的, 本地的\nn. 当地居民, 本地新闻, 局部\n[计] 本地的; 局部"
localities,"n. （出事的）位置, 地区, 地点( locality的复数形式 )"
locality,"n. 地方, 所在, 位置\n[法] 位置, 场所, 地区"
localization,"n. 局限, 地方化\n[化] 定位化"
localized,a. 小范围的；局部的；地区的
locally,"adv. 地方性地, 局部性地, 在当地"
locals,n. 当地人；区域变量
locate,"vt. 找出, 设于, 位于\nvi. 定居"
located,"a. 处于, 位于；坐落的"
locating,n. 定位；定位查找
location,"n. 位置, 场所, 特定区域\n[计] 位置"
locations,n. 位置；定位件；地点（location的复数）
loch,"n. 湖, 海湾"
lock,"n. 锁, 刹车, 水闸, 一缕头发\nvt. 锁, 锁上, 拘禁, 隐藏, (用锁等)拴住, 刹住\nvi. 锁住, (齿轮等)啮合, (船)过闸"
lockdown,"n. <美>(对囚犯的)一级防范禁闭, 一级防范禁闭期"
locke,n. 洛克（姓氏）
locked,a. 上锁的；不灵活的；下定决心的
locker,"n. 抽屉, 小柜, 上锁人\n[机] 锁柜"
lockhart,n. 洛克哈特（姓氏）
lockheed,n. 美国洛克希德马丁公司（世界军用飞机市场的领军企业）；洛克希勒（人名）
locking,[计] 锁定; 加锁
lockout,n. 封闭工厂\n[计] 封锁
locks,n. 锁；水闸；锁定器（lock的复数）
loco,"n. 疯草病, 疯子, 火车头\nvt. 使发疯\na. 发疯的"
locomotive,"n. 火车头, 机车\na. 运转的, 火车头的, 移动的"
locomotives,"n. 火车头, 机车( locomotive的复数形式 )"
locus,"n. 轨迹；地点, 所在地"
lodge,"n. 小屋, 门房, 支部, 旅舍, 分会\nvi. 临时住宿, 倒伏, 寄宿, 投宿\nvt. 安顿, 容纳, 提出, 把...射入, 存放"
lodged,v. 存放( lodge的过去式和过去分词 ); 暂住; 埋入; （权利、权威等）归属
lodges,n. 小屋；胜地旅舍（lodge的复数）
lodging,"n. 寄宿处, 寄宿\n[法] 提起, 住所"
loft,"n. 阁楼, 鸽房, 楼上\nvt. 储存于阁楼上\nvi. 将球高击"
lofty,"a. 高的, 傲慢的, 崇高的, 高级的, 玄虚的"
log,"n. 记录, 圆木, 日志, 计程仪\nvt. 伐木, 切, 航行\nvi. 伐木\n[计] 日志"
logan,n. 洛根（男子名）
logged,"a. 笨重的, 湿透的"
logging,"n. (木材)采运作业, (事物状况的)记录\n[经] 测井"
logic,"n. 逻辑, 逻辑学, 推理的方法, 推理, 逻辑性\n[计] 逻辑"
logical,"a. 合乎逻辑的, 合理的\n[法] 逻辑的, 符合逻辑的"
logically,"adv. 逻辑, 合乎逻辑, 符合逻辑, 逻辑上, 有逻辑, 有逻辑头脑, 合理, 明智"
login,"[计] 注册(程序), 登记, 用户注册程序"
logistic,"a. 逻辑的, 后勤学的"
logistical,a. 逻辑的; 后勤方面的
logistics,"n. 后勤学, 后勤\n[医] 后勤学"
logo,"n. 连合活字, 商标, 徽标\n[计] 徽标"
logos,"n. 理念, 理性, 圣子(即耶稣)"
logs,n. 日志；原木（log的复数）
lois,n. 洛伊斯（女子名）
lok,"abbr. 洛卡米尔·伊洛曼希斯（游戏魔兽世界中的武器, Lok'amir il Romathis）"
loki,n. 洛基（北欧神话里的火神）
lol,abbr. 大声笑（Laugh Out Loud）
lola,n. 洛拉（女子名）
lollipop,n. 棒棒糖
lon,n. 经度
london,n. 伦敦
lone,"a. 孤单的, 孤立的, 单身的, 寂寞的"
loneliness,"n. 寂寞, 孤独, 清静"
lonely,"a. 孤单的, 孤寂的, 荒凉的"
lonesome,a. 寂寞的
long,"a. 长的, 长久的, 冗长的, 做多头的\nvi. 渴望, 热望, 极想\nadv. 长久, 始终\nn. 长时间, 长信号, 长整型\n[计] 长, 长整型"
longer,adv. 比较久
longest,a. 最长的
longevity,"n. 长命, 长寿, 寿命\n[医] 长寿"
longing,"n. 渴望, 热望, 憧憬\na. 渴望的, 热望的"
longitude,"n. 经度, 经线\n[电] 经度"
longitudinal,"a. 经度的, 经线的, 纵的\n[医] 纵的"
longstanding,"a. 长期间的, 长期存在的"
longtime,"a. (已持续)长时间的,为时甚久的\nadv. 长久"
loo,n. 卢牌戏
look,"n. 一看, 神色, 样子, 面容\nvi. 看, 注意, 朝着, 显得\nvt. 打量, 看上去与...一样, 以眼色(或脸色)显示, 期待"
looked,"v. 看, 瞧( look的过去式和过去分词 ); 注意; 面向; 寻找"
looking,a. 有…相貌的；有…样子的
lookout,"n. 注意, 前途, 了望台, 景色\n[法] 看守, 守望"
looks,n. 美貌
loom,"n. 织布机, 若隐若现的景象\nvi. 朦胧地出现, 隐约可见, 可怕地出现"
looming,n. 上现蜃景；庞视；幽影
looms,"n. 织布机( loom的名词复数 )\nv. 隐约出现, 阴森地逼近( loom的第三人称单数 ); 隐约出现, 阴森地逼近"
loop,"n. 环, 圈, 弯曲部分, 循环\nvt. 使成环, 以圈结, 以环连结\nvi. 打环, 翻筋斗\n[计] 循环"
loophole,"n. 枪眼, 小窗, 换气孔"
loopholes,n. 漏洞( loophole的复数形式 ); 空子; 观察孔; 枪眼
loops,n. 封闭的环形；循环（loop复数）
loose,"n. 发射, 放任, 放纵\na. 宽松的, 松的, 宽的, 不牢固的, 散漫的, 自由的, 不精确的\nvt. 释放, 放枪, 开船\nvi. 变松, 开火\nadv. 松散地"
loosely,"adv. 松弛地, 宽松地, 不紧"
loosen,"vt. 放松, 松开, 解除\nvi. 变松, 松弛"
loosing,n. 赦免的行为；（英）21岁生日庆祝会
loot,"n. 赃物, 洗劫, 抢夺\nv. 洗劫, 抢夺"
looted,"v. 抢劫, 掠夺( loot的过去式和过去分词 )"
looting,"v. 抢劫, 掠夺( loot的现在分词 )"
lopez,n. 洛佩斯（姓氏）
lord,"n. 统治者, 阁下, 上帝\nvi. 称王, 作威作福\nvt. 使成贵族"
lorde," [计]= Linear ORdinary Differentical Equation,线性常微分方程"
lords,n. 上议院；（前面与the连用）上院议员
lordship,"n. 贵族身分, 主权, 支配"
lore,"n. 知识, 眼光"
lorenzo,洛伦佐(男子名)
loretta,n. 洛雷塔（女子名）
lori,"n. 洛里, 罗莉（人名）"
lorraine,n. 洛林（法国东北部的一个地区）；罗琳（人名）
lorry,"n. 卡车, 货车\n[化] 载重汽车"
los,abbr. 月球轨道航天器（Lunar Orbiter Spacecraft）；视线（Line of Sight）
lose,"vt. 遗失, 损失, 丢失, 使失去, 错过, 浪费, 迷失, 使迷路, 输去, 使沉溺于\nvi. 受损失, 失败"
loser,"n. 失败者, 遗失者\n[法] 失败者, 失物者, 遗失者"
losers,"n. 受损失者, 失败者( loser的复数形式 ); 屡屡失败的人（尤指评价较低者）"
loses,"v. 遗失, 失去( lose的第三人称单数 ); （使）失去（所需要的东西, 尤指钱）; （因事故、年老、死亡等）损失; 浪费"
losing,"a. 损失的, 输的\nn. 失败, 损失"
loss,"n. 损失, 遗失, 失败, 输, 错过, 伤亡\n[化] 损失; 损耗"
losses,n. 损失；损耗（loss的复数）
lost,"a. 失去的, 遗失的, 迷惑的\nlose的过去式和过去分词"
lot,"n. 运气, 签, 抽签, 份额, 许多, 一堆\nvt. 划分\nvi. 抽签, 抓阄"
lotion,n. 洗液\n[化] 洗剂
lots,"n. 大量, 许多；一堆；命运（lot的复数）"
lotta,<口>许多(=lot of)
lottery,"n. 奖券, 彩票, 运气\n[经] 抽彩给奖法"
lotto,n. 抽数码游戏
lotus,"n. 莲, 莲花, 荷花, 荷\n[电] LOTUS, 莲花公司"
lou,"n. 卢（女子名, 等于Louise或Lu）"
loud,"a. 大声的, 不断的, 喧吵的\nadv. 高声地, 大声地"
louder,adv. 大声一点
loudest," loud（响亮的, 大声的, 高声的）的最高级形式"
loudly,"adv. 高声地, 大声地, 吵闹地"
louie,"路易（男子名, Louis的异体）"
louis,n. 路易斯（男子名）
louisa,n. 路易莎（人名）
louise,n. 路易丝（女子名）
louisiana,n. 路易斯安那(美国州名)
louisville,n. 路易斯维尔（美国肯塔基州城市）
lounge,"n. 闲逛, 休闲室, 长沙发\nvi. 闲混, (懒洋洋地)躺\nvt. 闲混"
lousy,"a. 污秽的, 恶心的, 生虱的"
louvre,n. 天窗
lovable,"a. 可爱的, 惹人爱的"
love,"n. 爱, 恋爱, 爱情, 爱好, 性爱\nvt. 爱, 爱好, 爱慕\nvi. 爱"
loved,v. 热爱（love的过去分词）
lovely,"a. 可爱的, 有趣的"
lover,"n. 爱人, 爱好者"
lovers,n. 情人（lover的复数形式）
loves,"v. 爱, 热爱( love的第三人称单数 ); 喜爱; 喜好; 喜欢"
lovin,n. (Lovin)人名；(法)洛万；(罗)洛温
loving,"a. 亲爱的, 钟情的, 忠诚的"
lovingly,"adv. 钟爱地, 亲切地"
low,"n. 低点, 低价, 低, 牛叫声\na. 低的, 消沉的, 低等的, 浅的, 卑贱的\nadv. 低下地, 谦卑地, 低\nvi. 牛叫"
lowe,n. 劳氏（世界知名跨国公司）；灵狮（全球第4大广告代理机构）
lowell,"n. 洛厄尔（男子名, 等于Lovell）"
lower,"a. 低的, 下级的, 下层的\nvi. 降低, 跌落, 减弱\nvt. 放下, 降下, 减弱, 贬低"
lowered,v. 降低；削弱（lower的过去分词）
lowering,"a. 皱眉的, 愠怒的, 昏暗的"
lowers,[法]工资（海洋法用语）
lowest,"[法] 最低的, 基层的"
lowly,"a. 地位低的, 卑下的, 谦卑的\nadv. 位置低下的, 低声地, 谦逊地"
lowry,n. 活动顶棚车
lows,n. 低频
loyal,"a. 忠诚的, 忠实的, 忠贞的"
loyalists,"n. （持现政权忠诚的人, (对统治者）效忠者, 反对独立者（loyalist的复数形式）"
loyalty,"n. 忠贞, 忠诚, 忠实\n[法] 忠诚, 忠心"
lp,"n. 密纹唱片\n[计] 语言处理程序, 主程序员, 光笔, 线性协议, 表处理, 逻辑探头"
lps,abbr. 升/秒（liters per second）
lr,"abbr. 书面报告（Letter Report）；远距离, 远程（Long Range）；实验室反应堆（Laboratory Reactor）；液体燃料火箭（Liquid Rocket）"
ls,[计] 目录显示命令
lsd,n. 迷幻剂烈性麻醉药\n[计] 最小有效位
lsu,abbr. （美）通用登陆舰（landing ship utility）
lt,[电] LT线上末端
ltd,有限的
lte,abbr. 长期演进（Long Term Evolution）；局部热动平衡（Local Thermodynamic Equilibrium）
lu,"[计] 逻辑单元, 逻辑部件\n[医] 镥(71号元素)"
lube,n. 润滑油\n[化] 润滑油
luc,n. (Luc)人名；(英)卢克；(法、荷)吕克；(捷)卢茨；(中)吕 (普通话·威妥玛)\nabbr. 土地使用委员会（Land Use Commission）
luca,n. 卢卡（男子名）
lucas,"n. 卢卡斯（男子名, 等于Luke）"
lucia,n. 露西娅（女子名）
lucian,n. 琉善（腊修辞学家和讽刺诗人）；卢西恩（男子名）
lucid,"a. 明晰的, 清澈的, 透明的, 透彻的\n[医] 清明的, 透明的, 清醒的"
lucifer,"n. 明亮之星, 撒旦"
lucille,n. 露西尔（女子名）
lucius,n. 卢修斯（男子名）
luck,"n. 运气, 幸运, 好运, 侥幸\nvi. 靠好运成功"
luckily,"adv. 幸运地, 幸亏, 侥幸"
lucknow,勒克瑙[印度北部城市](北方邦首府)
lucky,"a. 幸运的, 吉祥的, 好运的, 侥幸的"
lucrative,"a. 有利益的, 获利的, 合算的"
lucy,n. 露西（女子名）
ludicrous,"a. 可笑的, 滑稽的, 荒唐的"
ludwig,n. 路德维格（男子名）
lug,"v. 拖, 拉\nn. 一拖, 一拉, 耳朵, 耳状物, 装腔作势, 勒索"
luggage,"n. 行李, 皮箱"
luigi,n. （意）路易吉（男子名）
luis,n. 路易斯（人名）
luiz,n. (Luiz)人名；(西、葡)路易斯
luka,n. (Luka)人名；(法)吕卡；(德、俄、罗、匈、塞、捷、图瓦)卢卡
lukas,(Luka 的复数) n. (Luka)人名；(法)吕卡；(德、俄、罗、匈、塞、捷、图瓦)卢卡
luke,n. 卢克（男子名）；路加（基督教早期信徒之一）；[圣经]路加福音
lukewarm,"a. 微温的, 不热的, 不热情的\n[医] 微温的"
lulu,"n. 卓越的人, 俊秀"
lumbar,"a. 腰的, 腰部的\nn. 腰动脉, 腰神经, 腰椎"
lumber,"n. 木材, 破旧家俱, 废物, 隆隆声\nvt. 砍伐木材, 乱堆\nvi. 笨拙地移动, 喧闹地向前走, 隆隆地移动"
lumen,"n. 流明, 腔\n[医] 腔, 流明(光通单位)"
luminous,"a. 发光的, 明亮的\n[医] 发光的"
lump,"n. 块, 瘤, 很多, 肿块, 笨人\nvt. 使成块状, 混在一起\nvi. 结块"
lumps,n. 金丝鸟病；块煤；肿块（lump的复数）
lumpur,n. 吉隆坡
luna,"n. 卢娜(月神), 月"
lunar,"a. 阴历的, 月的, 微亮的(指光)\n[医] 月的, 银的"
lunatic,"n. 疯人, 癫狂者, 愚蠢的人\na. 疯癫的, 愚蠢的, 丧心病狂的, 精神错乱的"
lunch,n. 午餐
luncheon,"n. 午宴, 午餐会"
lunches,n. 午餐( lunch的名词复数 )
lunchtime,n. 午餐时间
lund,n. 隆德（瑞典南部城市）；伦德（姓氏）
lung,"n. 肺, 肺脏, 空地\n[医] 肺"
lungs,n. 肺( lung的复数形式 ); 肺脏
lupus,"n. 狼疮, 豺狼座\n[医] 狼疮"
lure,"n. 饵, 诱惑\nvt. 引诱, 诱惑"
lured,"vt. 吸引, 引诱（lure的过去式与过去分词形式）"
lurk,"n. 潜伏, 潜行\nvi. 暗藏, 潜伏, 埋伏\n[计] 隐匿阅读"
lurking,"n. （新用户的）“潜伏”（在USENET上作为旁观者, 不参加讨论）"
lush,"a. 苍翠繁茂的, 多青草的, 丰富的\nn. 酒, 酒鬼\nv. 饮"
lust,"n. 贪欲, 欲望, 色欲\nvi. 贪求, 渴望, 动淫念"
luther,n. 卢瑟（男子名）
lutheran,a. 路德教会的\nn. 路德教会
luton,卢顿[英国英格兰中南部城市]
luv,"n. 爱, 爱情"
lux,"n. 勒克斯\n[医] 勒[克司], 米烛光"
luxembourg,n. 卢森堡公国；卢森堡（卢森堡公国首都）
luxuries,n. 奢侈( luxury的名词复数 ); 豪华; 奢侈品; 不常有的乐趣（或享受、优势）
luxurious,"a. 豪华的, 奢侈的, 放纵的"
luxury,"n. 奢侈, 豪华\na. 奢侈的, 豪华的"
lv,abbr. 低压（low voltage）；激光视盘（Laser Vision）；登陆车辆（Landing Vehicle）；活动发射装置（Lanuch Vehicle）
lvl,abbr. 单板层积材（laminated veneer lumber）；低电压闭锁（low voltage lockout）；拉脱维亚拉特（Latvia Lats）；低速带（low velocity layer）；等级（level）
ly,abbr. 林业行业标准；淋巴细胞；铅合金
lydia,n. 吕底亚(小亚细亚古国)
lying,"n. 说谎\na. 横躺的, 说谎的"
lyle,n. 莱尔（男子名）
lyman,n. 莱曼（男子名）
lyme,"arthritis 莱姆关节炎(伴有疼痛、发热与皮肤红斑) , grass [植]欧滨麦"
lymph,"n. 淋巴\n[医] 淋巴, 浆, 苗"
lymphoma,"n. 淋巴瘤, 淋巴组织瘤, 淋巴腺瘤\n[医] 淋巴[组织]瘤"
lyn,n. 林恩（男子名）
lynch,"n. 私刑, 私罚\nvt. 处以私刑处死, 加私刑"
lyndon,n. 林登（男子名）
lynn,n. 林恩（姓氏）
lynne,n. 琳妮（女子名）
lyon,n. 里昂
lyons,n. 里昂
lyric,"n. 抒情诗, 歌词\na. 抒情的"
lyrical,"a. 抒情诗调的, 有抒情味的, 感情丰富的"
lyrics,n. 歌词
ma,"n. 妈\n[计] 存储器地址, 多路存取"
mabel,n. 梅布尔（女子名）
mac,"n. 防水胶布, (英)雨衣, 老兄, 老弟\n[计] 宏, 多路存取计算机, 苹果公司的微机"
macaroni,"n. 通心面, 纨绔子弟"
macarthur,n. 麦克阿瑟(美国五星上将)
macau,n. 澳门（中国地名）
macbeth,n. 麦克佩斯
macbook,n. 苹果笔记本电脑
macdonald,n. 麦克唐纳（姓氏）；麦当劳快餐店
mace,"n. 狼牙棒, 权标, 权杖, 执权标者\n[医] 肉豆蔻衣"
macedonia,n. 马其顿
mach,"n. 马赫数, 马赫\n[计] 机器检查"
machete,n. 大砍刀\n[化] 马歇特; 丁草胺
machine,"n. 机器, 机械装置, 机构, 自动售货机, 机械般工作的人\nvt. 以机器制造"
machinery,"n. 机器, 机械装置, 机构\n[化] 机械"
machines,n. 机器；机械（machine的复数）
macho,[医] 结节型皮肤利什曼病
macintosh,"[计] Macintosh计算机\n[医] 橡皮防水布, 不透水布"
mack,"n. 防水胶布, (英)雨衣"
mackay,n. 麦基（澳大利亚小镇名）
mackenzie,"n. 麦肯齐河（又译“马更些河”, 加拿大西北部河流）；麦肯齐区（又译“马更些区”, 加拿大西北部的小区）；麦肯齐氏"
maclean,n. (MacLean)人名；(英)麦克莱恩
macleod,"麦克劳德(①姓氏 ②John James Rickard, 1876-1935, 英国生理学家, 曾获1923年诺贝尔生理学-医学奖)"
macmillan,n. 麦克米伦（人名）\nn. (MacMillan)人名；(英)麦克米伦
macon,n. 羊肉火腿；马孔葡萄酒
macquarie,麦格里（姓）
macro,"pref. 宏\na. 巨大的, 大量的\n[计] 宏"
mad,"a. 疯狂的, 发疯的, 生气的, 愚蠢的, 狂欢的\nn. 狂怒"
madagascar,n. 马达加斯加岛
madam,"n. 女士, 夫人"
madame,"n. 夫人, 小姐, 太太, 女士, 主妇, (非正式)喜欢差使/指使别人的女子, 鸨母"
madden,"vt. 使发狂, 激怒\nvi. 发狂, 发怒"
maddie,麦迪（人名）
made,"a. 人工制成的, 成功的, 创造的\nmake的过去式和过去分词"
madeleine,n. 马德琳（女子名）
madeline,n. 玛德琳（女子名）
madison,n. 麦迪逊（姓氏）；麦迪逊（美国城市）
madly,"adv. 发狂地, 精神失常地, 愚蠢地"
madman,"n. 疯子, 精神病患者\n[法] 疯子, 狂人"
madness,"n. 疯狂, 愚蠢的行为\n[医] 狂, 疯狂"
madonna,"n. 圣母玛利亚, 圣母像"
madras,n. 马德拉斯薄棉布
madrid,n. 马德里
mae,a. （苏格兰）更多（等于more）
maestro,"n. 音乐大师, 大音乐家"
mafia,"n. 黑手党, 秘密政党"
mag,"n. 杂志, 星期专刊, 期刊, 仓库, 军火库, 弹药, 库存物, 弹仓, 弹盘, 弹盒, 胶卷盒"
maga,abbr. magazine 杂志
magazine,"n. 杂志, 仓库, 弹盒, 胶卷盒\n[计] 卡片箱, 介质装卸程序"
magazines,n. 杂志（magazine的复数）
maggie,n. 马吉（女子名）
magic,"n. 魔术, 魔法\na. 魔术的, 有魔力的, 不可思议的"
magical,"a. 魔术的, 有魔力的, 不可思议的"
magically,adv. 用魔法地；如魔法般地
magician,"n. 魔术家, 幻术家, 术士"
magicians,n. 魔术师( magician的复数形式 ); 巫师; 术士; 施妖术的人
magistrate,"n. 长官, 法官, 推事\n[法] 司法行政官, 治安法官, 地方法官"
magistrates,"n. 地方法官, 治安官( magistrate的复数形式 )"
magma,"n. 岩浆, 糊剂, 乳浆剂\n[化] 晶浆"
magna,"n. 麦格纳（全名为麦格纳国际, 为世界第三大汽车零部件供应商）"
magnesium,n. 镁\n[化] 镁Mg
magnet,"n. 磁铁, 有吸引力之人, 有吸引力之物\n[化] 磁体"
magnetic,"a. 有磁性的, 有吸引力的, 催眠术的\n[医] 磁[性]的"
magnets,"n. 磁铁, 磁体( magnet的复数形式 ); 有吸引力的人[物]; 磁石; 吸铁石"
magnificent,"a. 华丽的, 高尚的, 宏伟的"
magnitude,"n. 巨大, 重大, 重要, 大小, 数量, 星等(指星的亮度)\n[计] 大小; 值"
magnolia,"n. 木兰, 浅桃红色\n[医] 木兰属"
magnum,"[医] 大, 头状骨"
magnus,[医] 大的
maguire,n. 马奎尔（男子名）；美奎（公司名）
mah,abbr. 马来酸酐（Maleic Anhydride）
mahal,n. 马哈尔（姓氏）；宫殿
maharashtra,n. 马哈拉施特拉邦（印度西部邦）
maher,n. 马赫（姓氏）
mahmoud,穆罕默德（伊斯兰男名）
mahogany,"n. 桃花心木, 红褐色\n[机] 桃花心木"
mai, [医][=microscopic aggregation index]显微镜下聚集指数
maid,"n. 少女, 未婚女子, 女仆"
maiden,"n. 年轻未婚女子, 少女, 处女\na. 未婚的, 处女的, 初次的, 无经验的"
maids,abbr. 鼠艾滋病（the Mice AIDS）
mail,"n. 邮件, 邮政, 邮递, 盔甲\nvt. 邮寄, 给...穿盔甲\n[计] 邮件"
mailbox,"n. 邮筒, 邮箱\n[计] 邮箱, 电子邮箱"
mailed,"a. 披甲的, 装甲的"
mailing,"n. 邮寄, 投递, 邮件, 农场租金"
mails,n. 邮件（mail的复数形式）
main,"n. 主要部分, 干线, 体力, 力量, 主群组\na. 主要的, 重要的, 全力的\n[计] 主群组"
maine,n. 缅因州
mainland,"n. 大陆, 本土\n[法] 大陆"
mainly,"adv. 主要地, 大抵"
mains,"n. 电源, 网路, 干线\n[电] 输电干线"
mainstream,n. 主流
maintain,"vt. 维持, 维修, 保持, 坚持, 供养, 主张\n[化] 维修"
maintained,a. 被保持的
maintaining,[化] 维护; 保养
maintains,v. 保持( maintain的第三人称单数 ); 保养; 坚持; 保卫
maintenance,"n. 维护, 保持, 维修, 生活费用, 坚持, 扶养\n[计] 维护; 维修"
maison,n. （法）商店；房屋；家庭；公司
maize,"n. 玉蜀黍, 黄色\na. 玉蜀黍色的, 黄色的"
maj,"abbr. 主要的, 大多数的（major）；少校（Major）"
majestic,"a. 宏伟的, 庄严的"
majesty,"n. 最高权威, 威严, 王权, 雄伟, 庄严"
major,"n. 主修课, 成年人, 陆军少校\na. 主要的, 较多的, 大部分的, 成年的, 严重的\nvi. 主修\n[计] 主要, 主要刻度"
majority,"n. 多数, 大半\n[计] 多数逻辑"
majors,n. 专业；主修（major的复数）
mak,abbr. 多次激活密钥（Multiple Activation Key）
make,"vt. 制造, 安排, 创造, 构成, 使得, 产生, 造成, 整理, 布置, 引起, 到达, 进行\nvi. 开始, 前进, 增大, 被制造, 被处理\nn. 制造, 构造, 性情"
makeover,n. 化妆美容；大转变
maker,"n. 制造者, 上帝\n[经] 制造者, 出票人"
makers,n. 迈克（美国一家公司）
makes,"v. 做, 制作（make的第三人称单数）"
makeshift,"n. 权宜之计, 临时代用品\na. 权宜的, 临时代用的"
makeup,"n. 组成, 性格, 化妆品, 化装(术), 虚构, 补考"
makin,梅金（人名）
making,"n. 制造, (手工)制造业, 制作, 形成, 发展, 要素, 内在因素, 赚头, 制造物"
mal,[医] [疾]病
malaria,"n. 疟疾, 瘴气\n[医] 疟[疾]"
malawi,n. 马拉维
malay,"n. 马来\na. 马来人的, 马来语的"
malaysia,n. 马来西亚\n[经] 马来西亚
malaysian,a. 马来西亚的\nn. 马来西亚人
malcolm,n. 马尔科姆（男子名）
maldives,马尔代夫(群岛)[亚洲岛国]
male,"n. 男人, 雄性动物\na. 男性的, 雄性的, 有力的"
males,n. 壮丁；雄性（male的复数）
malfunction,"n. 故障, 失灵, 疾病\nvi. 发生故障, 不起作用\n[计] 故障"
mali,n. 马里
malibu,n. 马里布（加州地名）
malice,"n. 恶意, 蓄意害人, 怨恨\n[法] 预谋, 蓄意, 恶意"
malicious,"a. 怀恶意的, 恶毒的"
malignant,"a. 有恶意的, 恶性的, 有害的\n[化] 恶性的"
malik,n. (巴基斯坦的)酋长
mall,n. 林荫路
mallory,n. 马洛里合金
malls,n. 购物中心（mall的复数形式）
malnutrition,"n. 营养失调, 营养不良\n[医] 营养不良"
malone,n. 马龙
malpractice,"n. 不当治疗, 不端行为, 渎职\n[医] 疗法失当, 医疗差错"
malt,"n. 麦芽\na. 麦芽的, 含麦芽的, 用麦芽作的\nvt. 使成麦芽, 用麦芽处理\nvi. 发麦芽"
malta,n. 马尔他
malware,n. 恶意软件; 恶意软件。malware是malicious software的合成形式; 流氓软件
mam,n. [英方]妈（等于mamma）
mama,n. 妈妈
mamma,"n. 妈妈, 乳房\n[医] 乳房"
mammal,n. 哺乳动物\n[化] 哺乳动物
mammalian,n. 哺乳动物\na. 哺乳动物的
mammals,n. 哺乳类；哺乳纲；哺乳类动物（mammal的复数）
mammoth,"n. 猛犸, 庞然大物\na. 猛犸似的, 巨大的"
man,"n. 男人, 人类, 人\nvt. 为...配备人手, 操纵, 使振奋\n[计] 城域网, 手册"
mana,"n. 超自然力量, 威望"
manage,"vi. 处理\nvt. 管理, 控制, 维持, 达成, 经营, 运用"
manageable,"a. 易办的, 易管理的, 易控制的"
managed,a. 与中央化计划及管制有关的；托管的
management,"n. 经营, 支配, 管理\n[化] 管理处"
manager,"n. 经理, 管理员, 管理器\n[计] 管理器"
managerial,"a. 管理的\n[经] 管理上的, 经营上的"
managers,"n. 管理者, 经理（manager复数）"
manages,v. 管理；负责；控制；设法对付（manage的三单形式）
managing,"a. 管理的, 节约的\n[法] 管理的, 主管的, 善于经营的"
manchester,n. 曼彻斯特
mandarin,"n. 中国官话, 国语, 满清官吏, 柑橘\na. (中国式)紧身马褂的"
mandate,"n. 命令, 指令, 要求\nvt. 委任统治"
mandated,a. 委托统治的
mandates,vt. 托管（mandate的第三人称单数形式）
mandatory,"a. 命令的, 托管的\n[经] 受托者, 命令者"
mandela,"纳尔逊曼德拉 Nelson, [1918, 南非黑人反种族隔离活动家]"
mandy,n. 曼蒂（女子名）；[药]镇静片（等于Mandrax）
mane,n. 鬃毛
maneuver,"n. 演习, 调遣, 策略\nv. 调遣, 演习, 用计"
maneuvering,"v. 移动, 用策略( maneuver的现在分词 ); 操纵"
maneuvers,"n. 策略, 谋略, 花招( maneuver的名词复数 )"
manga,n. 日本漫画
manganese,n. 锰\n[化] 锰; 锰酸盐
mango,n. 芒果\n[化] 芒果Mangifera indica
manhattan,n. 曼哈顿
manhood,"n. 成年, 勇气, 男儿\n[法] 成年身分, 成年, 男子"
mani,n. 落花生；嘛呢堆（用石块垒成的方形或圆台形石堆）
mania,"n. 狂躁, 热衷, 狂热\n[医] 躁狂, 狂"
maniac,"a. 发狂的, 癫狂的, 疯狂的\nn. 狂人, 疯子"
manic,a. 躁狂的\nn. 躁狂者
manifest,"n. 载货单, 运货单, 旅客名单\na. 显然的, 明白的\nvi. 显示, 出现\nvt. 表明, 表现, 证明"
manifestation,"n. 显示, 证明, 示威运动\n[医] 表现, 表示"
manifestations,"n. 表示, 显示（manifestation的复数形式）"
manifested,"a. [医]已显示的, 证明的\nv. 清楚表示( manifest的过去式和过去分词 ); 显露; 显现; 使人注意到"
manifesto,"n. 宣言, 声明"
manifests,v. 清楚表示( manifest的第三人称单数 ); 显露; 显现; 使人注意到
manifold,"n. 复印本, 多种\na. 多种的, 有许多部分的, 多方面的\nvt. 复写, 使多样化, 增多"
manila,n. 马尼拉
manipulate,"vt. 操纵, 利用, 操作, 巧妙地处理, 假造"
manipulated,"v. 熟练控制[操作]( manipulate的过去式和过去分词 ); （暗中）控制, 操纵, 影响; 正骨; 治疗脱臼"
manipulating,[计] 手动
manipulation,"n. 操作, 处理\n[化] (用手)操作; 使用"
manipulative,"a. 处理的, 巧妙处理的, 操纵的"
manitoba,n. 马尼托巴湖（加拿大中南部）
mankind,"n. 人类, 男性"
manly,"a. 象男人的, 强壮的, 适于男人的"
mann,"n. 曼（姓氏）；曼恩法案（美国国会1910年6月通过的一项法案, 禁止州与州之间贩运妇女）"
manned,"a. 有人驾驶的, 有人操纵的"
manner,"n. 样子, 礼貌, 风格\n[法] 方式, 方法, 样式"
manners,n. 礼貌
manning,n. 人员配备
manny,n. 曼尼（男子名）
manor,"n. 庄园\n[法] 采邑, 庄园, 采地"
manpower,n. 人力\n[经] 人力
mans,abbr. 自然科学学会会员（Member of the Academy of Sciences）
mansfield,n. 曼斯菲尔德（姓氏）
mansion,"n. 大厦, 宅邸"
mansions,"n. 宅第, 公馆, 大厦( mansion的复数形式 )"
manslaughter,"n. 杀人, 过失杀人罪"
manson,曼森
mantis,n. 螳螂
mantle,"n. 斗篷, 罩子, 披风\nvt. 罩住, 覆盖\nvi. 覆盖, 脸红"
mantra,"颂歌, 咒语(尤指四吠陀经典内作为咒文或祷告唱念的)"
manu,"n. 摩奴（印度神话中的人类祖先, 古印度《摩奴法典》的制订者）"
manual,"n. 手册, 指南\na. 手的, 手动的, 手工的, 体力的\n[计] 人工的, 手动的"
manually,adv. 用手
manuals,"n. 手册, 指南；说明书（manual的复数）"
manuel,n. 曼纽尔（男子名）；曼努埃尔二世（拜占庭皇帝约翰五世的次子）
manufacture,"n. 产品, 制造\nvt. 制造, 假造\nvi. 制造"
manufactured,"a. 制造的, 已制成的"
manufacturer,"n. 制造业者, 厂商\n[经] 制造人, 制造商, 制造厂"
manufacturers,n. 制造商；厂商
manufactures,n. 制成品（manufacture的复数）
manufacturing,n. 制造业\na. 制造业的
manure,"n. 肥料, 粪肥\nvt. 施肥于"
manuscript,"n. 手稿, 原稿, 底稿\na. 手写的"
manuscripts,n. 手稿( manuscript的复数形式 ); 原稿; 底稿; 手写本
many,"n. 多数, 多数人\na. 许多的\npron. 许多"
mao,"[医] 单胺氧化酶, 一元胺氧化酶"
maori,"n. 毛利人, 毛利语\na. 毛利人的, 毛利语的"
map,"n. 地图, 天体图, 映像\nvt. 映射, 绘制...地图, 计划\n[计] 实用程序, 映射, 制造自动化协议"
maple,"n. 枫, 枫木, 淡棕色\n[机] 枫木"
mapped,v. 计划；绘制...之地图；映射（map的过去式和过去分词形式）
mapping,[计] 映射; 变换; 映象\n[化] 测绘; 绘图
maps,abbr. 管理分析与规划系统（Management Analysis and Planning System）
mar,"vt. 损毁, 损伤, 糟蹋\nn. 三月"
mara,n. 玛拉（女子名）
marathon,"n. 马拉松, 耐力的考验"
marathons,n. 马拉松赛跑；耐力的考验\na. 马拉松式的；有耐力的\nvi. 参加马拉松赛跑
marble,"n. 大理石, 石弹, 雕刻品\na. 大理石的, 冷酷无情的, 有大理石花纹的"
marbles,n. （在地上玩的）弹子游戏; 大理石( marble的名词复数 ); （用玻璃、泥等制成的）弹子; 理智; 弹子游戏
marc,n. 榨渣\n[计] 机器可读目录; 机读目录
marcel,n. 波浪形鬈发\nvt. 把...烫成波浪形\nvi. 烫发
marcelo,n. 马塞洛（著名足球明星）
march,"n. 三月, 进行, 行军, 步伐, 长途跋涉, 进行曲, 边界\nvi. 进军, 前进, 交界\nvt. 使行军, 使行进"
marched,v. （坚定地向某地）前进( march的过去式和过去分词 ); 进军; 进展; 游行示威（或抗议）
marches,v. （坚定地向某地）前进( march的第三人称单数 ); 进军; 进展; 游行示威（或抗议）
marching,[计] 步进式的
marcia,n. 玛西亚（拉丁女战神）
marco,n. 马尔科（人名）；显示地图；展现地图
marcos,n. 马科斯（姓氏）
marcus,n. 马库斯（男子名）
mardi,n. (Mardi)人名；(阿拉伯)马尔迪\nabbr. 马来西亚农业发展研究所（Malaysian Agricultural Research and Development Institute）
mare,"n. 母马, 母驴, 月球表面阴暗部\n[法] 海"
margaret,n. 玛格利特（女子名）
margarita,n. 玛格丽塔(Margaret的异体)(f.)
margin,"n. 页边的空白, 边缘, 界限, 余裕, 差数, 差额, 保证金\nvt. 加边于, 加旁注于\n[计] 页边距"
marginal,"a. 边缘的, 最低限度的, 有旁注的\n[医] 缘的"
marginalized,使边缘化\n忽略\n排斥(marginalize的过去式和过去分词)
marginally,"adv. 记在页边, 有旁注, 边缘, 边沿地区, 边际, 限界, 勉强够格, 无关紧要, 少量"
margins,n. 边缘；（期权）保证金；利润；边际（margin的复数）
margot,n. 玛戈特(Margaret 的昵称)(f.)
marguerite,n. 雏菊
mari,n. 毛伊岛（位于夏威夷中部）
maria,n. 玛丽亚（女名）
mariah,n. 玛丽亚（女子名）
marian,a. 圣母马利亚的\nn. 圣母马利亚崇拜者
marianne,"n. 玛丽安（法兰西共和国或其政府的绰号, 因以女性为其化身, 故名）"
mariano,马里亚诺
marie,n. 玛丽（女子名）
marijuana,n. 大麻\n[医] 大麻
marilyn,n. 玛里琳（女子名）
marin,n. 马林（姓氏）
marina,n. 码头
marine,"n. 舰队, 水兵, 海景画\na. 海的, 海产的, 海底的, 船舶的, 海运的"
mariners,"n. 海员, 水手（mariner的复数形式）"
marines, [人名] 马林斯; [地名] [西班牙] 马里内斯; [地名] [法国] 马里讷; [电影]时空奇兵之海豹突击队
marino,n. 马里诺（男子名）
mario,n. 马里奥（男子名）
marion,n. 马里恩（男子名）
marissa,玛丽萨（人名）
marital,"a. 丈夫的, 婚姻的, 夫妇间的\n[医] 婚姻的"
maritime,"a. 海的, 海上的, 海事的, 沿海的, 海员的\n[经] 海事的, 海上的, 海员的"
marius,n. 马吕斯（《巴黎圣母院》里的人物）
marjorie,n. 马乔里（女子名）
mark,"n. 标志, 分数, 马克, 痕迹, 斑点, 靶子, 刻度, 记号, 符号, 戳记, 标准, 起跑线\nvt. 做标记于, 留意, 打分数, 表明, 标志, 记录\nvi. 作记号, 记得分\n[计] 标志; 标记; 传号"
marked,"a. 有记号的, 显著的, 醒目的\n[化] 有记号的; 显著的"
markedly,"adv. 显著地, 醒目地, 明显地"
marker,"n. 作记号的人, 记分员, 书签, 纪念碑, 里程碑, 标识物, 标记\n[计] 标记"
markers,n. 标记；记分员；书签；马克笔（marker的复数）
market,"n. 市场, 交易, 集市, 推销地区, 行情, 市面, 销路\nvt. 在市场上交易, 使上市, 销售\nvi. 在市场上买卖"
marketed,交易；销售；市场推广（market的过去分词）
marketers,n. 卖主；市场营销者（marketer的复数）
marketing,"n. 行销, 买卖\n[经] 推销, 在市场买卖, 销售"
marketplace,n. 市场
markets,"n. 市场, 市场组合（market 复数）"
marking,"n. 印记, 印, 分\n[计] 标志"
markings,n. 成交量和价格记录
marks,"n. 标记, 记号；唛头, 分数；台面标志"
markup,"n. 涨价, 利润, 标高价"
markus,n. 马库斯（姓氏）
marlene,n. 马琳
marley,n. 马利（姓氏）
marlins,n. 枪鱼，青枪鱼，四鳃旗鱼( marlin的名词复数 )
marlon,n. 马龙（男子名）
maroon,"n. 逃亡黑人奴隶, 褐紫红色, 爆竹\na. 褐紫红色的\nvt. 放逐到无人岛上, 使孤立\nvi. 闲荡, 带帐篷旅行"
marquee,"n. 大帐篷, 遮篷, 选取框\n[计] 选取框"
marquis,n. 侯爵
marr,n. 马尔（男子名）
marred,"v. 毁坏, 损坏, 玷污( mar的过去式和过去分词 )"
marriage,"n. 婚姻, 结婚, 婚礼, 合并\n[医] 婚姻, 结婚"
marriages,n. 结婚( marriage的复数形式 ); 婚姻状况; 婚礼
married,"a. 已婚的, 婚姻的\n[法] 结了婚的, 有配偶的, 夫妇的"
marries,v. （使）结婚( marry的第三人称单数 ); 娶; 嫁; 结合
marriott,n. 马里奥特（美国第二大宴会承包商）
marrow,"n. 髓, 骨髓, 精华, 活力, 配偶\n[医] 髓(尤指骨髓)"
marry,"vt. 与...结婚, 娶, 嫁\nvi. 结婚"
marrying,v. 证婚；结婚；合成（marry的现在分词形式）
mars,"n. 火星, 战神\n[医] 铁"
marseille,n. 法国马赛市
marsh,"n. 沼泽, 湿地\na. 沼泽的"
marshal,"n. 元帅, 陆空军高级将官, 典礼官, 执法官\nvt. 整理, 引领, 统率\nvi. 排列, 各就各位"
marshall,"n. 马歇尔（姓氏, 男子名, 等于Mar'shal）"
marshals,n. 元帅( marshal的名词复数 ); 典礼官; 执法官; 消防局长
marshes,"n. 沼泽, 湿地( marsh的复数形式 )"
marshmallow,"n. 药用蜀葵, 蜀葵糖剂"
mart,"n. 商业中心, 市场\n[经] 商业中心, 市场"
marta,n. 玛尔塔（姓氏名）
martha,n. 马大(<<圣经>>故事人物)
martial,"a. 战争的, 军事的, 尚武的, 威武的\n[医] 含铁的"
martian,n. 火星人\na. 火星的
martin,"n. 马丁, 圣马丁鸟"
martinez,n. 马丁内斯（男子名）
martini,"n. 马提尼（一种鸡尾酒, 等于Martini）"
martins,n. 马丁斯（男子名）
marty,"n. 马蒂（男子名, Martin的异体）"
martyr,"n. 烈士, 受苦者, 受难者\nvt. 使成为烈士, 使受苦"
martyrdom,"n. 殉教, 殉难, 殉节"
martyrs,n. martyr的复数形式; 烈士( martyr的名词复数 ); 殉道者; 殉教者; 乞怜者（向人诉苦以博取同情）
marvel,"n. 奇异事物, 罕见例子\nvt. 惊异于\nvi. 惊异"
marvellous,"a. 奇异的, 神奇的, 奇迹般的, 惊人的, 不可思议的, 绝妙的, 妙极的"
marvelous,"a. 令人惊异的, 了不起的, 不平常的"
marvin,n. 马文（男子名）
marx,n. 马克思（无产阶级的伟大领袖）
marxism,"n. 马克思主义\n[法] 马克思的, 马克思主义的; 马克思主义"
marxist,a. 马克思主义的\nn. 马克思主义者
mary,n. 玛丽（女子名）
maryland,n. 马里兰州
mas,[化] 低碳混合醇
mascara,n. 染眉毛油\nvt. 在...上涂染眉毛油
mascot,"n. 福神, 吉祥的东西"
masculine,"n. 阳性, 男性\na. 男性的, 阳性的, 有丈夫气的"
masculinity,"n. 男子气, 刚毅, 大丈夫气概\n[医] 男子本性, 男性"
mash,"n. 碎麦芽, 饲料, 糊状物\nvt. 调情, 捣碎"
mashed,a. 捣烂的；被捣成糊状的；捣碎的
mask,"n. 面具, 假面具, 掩饰, 石膏面模\nvt. 戴面具, 掩饰, 使模糊\nvi. 化装, 戴面具, 掩饰, 参加化装舞会\n[计] 屏蔽; 掩码"
masked,"a. 戴假面具的, 隐现的, 伪装的\n[医] 掩蔽的, 隐蔽的"
masking,"[计] 屏蔽, 掩蔽, 掩模\n[化] 掩蔽; 隐蔽"
masks,"n. 遮罩, 面罩；口罩（mask的复数形式）"
mason,"n. 泥瓦匠, 共济会会员\nvt. 用砖瓦砌成"
masonic,a. 共济会会员的
masonry,n. (建筑物的)砖石部分
mass,"n. 块, 大多数, 质量, 大量, 群众, 弥撒\na. 群众的, 大规模的, 整个的\nvt. 使集合, 集中\nvi. 聚集"
massa,"[医] 质, 物质, 块, 丸块, 团"
massachusetts,n. 麻萨诸塞州
massacre,"n. 大屠杀\nvt. 大屠杀, 残杀"
massacred,vt. 残杀；彻底击败\nn. 大屠杀；惨败\nn. (Massacre)人名；(法)马萨克尔
massacres,n. 大屠杀( massacre的名词复数 ); <口>惨败
massage,"n. 按摩, 揉\nvt. 按摩, 揉"
masse, [体]竖直挫球
masses,"n. 民众, 劳动阶层"
massey,n. 梅西；马西（女子名）
massive,"a. 大而重的, 宽大的, 宏伟的\n[医] 大块的, 整块的, 大量的"
massively,"adv. 大而重, 厚实, 粗大, 强有力, 结实, 魁伟, 大块, 大量, 大规模, 实心, 块状\n[计] 大规模地"
mast,"n. 桅, 桅杆, 杆\nvt. 装桅杆于"
master,"n. 主人, 硕士, 大师, 母机\na. 主人的, 主要的\nvt. 征服, 控制, 精通"
mastercard,n. 万事达信用卡
mastered,a. 精通的
mastering,n. 母带后期处理；控制
mastermind,"n. 优秀策划者, 才子\nvt. 指导, 主持, 策划"
masterpiece,"n. 杰作, 名著"
masterpieces,"n. 杰作, 名作( masterpiece的复数形式 ); 佳作"
masters,n. 主人；硕士；大师赛（master的复数形式）
mastery,"n. 征服, 统治权, 优势, 精通, 掌握\n[法] 统治权, 控制权, 征服"
masturbate,v. 手淫
masturbating,v. （对…）进行手淫( masturbate的现在分词 )
masturbation,[医] 手淫
mat,"n. 垫, 丛, 衬边\na. 粗糙的, 无光泽的\nvi. 纠缠在一起\nvt. 铺席于...上, 使无光泽, 使缠结"
mata,n. 马塔（足球运动员）；枯叶龟
match,"n. 比赛, 火柴, 对手\nvt. 使相配, 使比赛, 与...竞争\nvi. 结婚, 相配\n[计] 比较"
matched,a. 相配的；敌得过的
matches,n. 火柴；比赛（match的复数）
matching,"a. 相同的, 协调的\n[计] 匹配, 对比"
matchmaking,"n. 火柴制造, 缔缘, 做媒"
matchup,"n. 火柴, 比赛, 竞赛, 匹配, (足球, 捧球, 蓝球)比赛\nv. 相配, 相称, 比赛, 相比, 匹配"
mate,"n. 配偶, 对手, 助手, (象棋)将死\nvt. 使配对, 使一致, 结伴, (象棋)将死\nvi. 成配偶, 紧密配合"
mateo,n. (Mateo)人名；(坦桑)马泰奥；(西)马特奥
mater,n. 母亲\n[医] 脑[脊]膜
material,"n. 材料, 物资, 素材, 布料, 资料\na. 物质的, 肉体的, 重要的"
materially,"adv. 实质上, 重大, 物质上"
materials,n. 材料；材料费；材料科学；材质（material的复数）
maternal,"a. 母亲的, 母系的, 母方的\n[医] 属母的, 母的, 母性的"
maternity,"n. 母性, 怀孕, 妇产科医院\na. 产妇的"
mates,"n. 好朋友；伴侣牌, 伙伴"
math,n. 数学
mathematical,"a. 数学的, 精确的\n[机] 数学上的"
mathematically,adv. 算术地
mathematician,n. 数学家
mathematicians,n. 数学家( mathematician的复数形式 )
mathematics,n. 数学\n[机] 数学
mathew,n. 马修（男子名）
mathews,n. (Mathews)人名；(英)马修斯
mathieu,n. (Mathieu)人名；(德、英、法、葡)马蒂厄\n马蒂厄
maths,n. 数学
matilda,n. <澳口>(徒步旅行者的)行囊
mating,n. 交配\n[化] 配套; 交配
matrices,"(专业术语)基质, 基体, 基岩, 子宫, 发源地, 母式, 真值表, 矩阵, 型片, 纸型, 模型\n[经] 模型, 矩阵"
matrix,"n. 母体, 子宫, 基质, 脉石, 模型, 矩阵\n[计] 矩阵"
mats,abbr. 军事空运局（Military Air Transport Service）
matt,"a. 表面暗淡的, 无光泽的, 表面粗糙的, 不光滑的\n[医] 无光泽"
matte,"a. 表面粗糙的\nn. 无光粗糙层, 冰铜"
matteo,马泰奥（人名）
matter,"n. 事件, 物质, 原因, 素材, 实体, 重要\nvi. 有关系"
mattered,v. 要紧( matter的过去式和过去分词 ); 化脓; 有重大影响; 有重要性
matters,n. 事项；事态；事件；情事（matter的复数）
matthew,"n. 马太, 马太福音"
matthews,n. 马修斯（姓氏名）
mattress,"n. 床垫, 空气垫, 沉床\n[医] 褥子, 床垫"
mattresses,"n. 褥垫, 床垫( mattress的复数形式 )"
matty,"n. 马蒂（女子名, 姓氏）"
mature,"a. 成熟的, 到期的, 充分考虑的\nvt. 使成熟\nvi. 成熟, 到期"
matured,a. 成熟的；到期的
maturing,"[计] 老化, 陈化"
maturity,"n. 成熟, 完备, 到期\n[医] 成熟, 成熟期, 发育期"
maui,n. 毛伊岛
maureen,n. 莫林（女子名）
maurice,n. 莫里斯（男人名）
mauritius,n. 毛里求斯
maverick,"n. 未烙饲主印记的小牛, 持不同意见的人\nvi. 迷路"
mavericks,"n. 未烙印的牲畜( maverick的复数形式 ); 标新立异的人, 不合常规的人"
max,[计] 最大
maxi,n. 长大衣
maxim,"n. 格言, 座右铭\n[法] 格言, 准则, 原则"
maximise,"vt. 把...增加到最大限度, 把...扩大到最大限度, 充分重视, 找出...的最高值"
maximize,"vt. 取...最大值, 使增加(或扩大)到最大限度\n[计] 最大化"
maximizing,[计] 求最大值\n[化] 达到最大值
maximum,"n. 极点, 最大量, 极大\na. 最高的, 最大的, 最大极限的\n[计] 最大值"
maxine,n. 玛克辛（女子名）
maxwell,n. 麦克斯韦\n[医] 麦克斯韦(磁通量单位)
may,"n. 五月\naux. 愿能, 可以, 愿意"
maya,"n. 马雅人, 马雅语\na. 马雅人的, 马雅语的"
mayan,"a. 马雅人的, 马雅语的\nn. 马雅人, 马雅语"
maybe,"adv. 也许, 大概\nn. 可能性"
mayer,[医] 迈尔(热容单位)
mayhem,"n. 蓄意的破坏, 故意的伤害罪\n[医] 伤残, 残废"
maynard,n. 梅纳德（男子名）
mayo,n. [口]蛋黄酱（等于mayonnaise）
mayonnaise,n. 蛋黄酱
mayor,n. 市长\n[法] 市长
mayoral,a. 市长的
mayors,n. （民选的）市长( mayor的复数形式 ); 镇长; （英格兰、威尔士和北爱尔兰由议员选举产生的）镇长
mazda,n. 马自达汽车
maze,"n. 迷宫, 迷惘\nvt. 使迷惘, 使混乱, 迷失"
mb,兆字节\n[计] 兆字节
mba,abbr. 工商管理学硕士（Master of Business Administration）；海洋生物协会（Marine Biological Association）；主要战区（Main Battle Area）
mc,"国会议员, 典礼官, 司仪, 医疗队\n[计] 机器周期, 磁卡片, 主脉冲, 主控制"
mcbride,n. (McBride)人名；(英)麦克布赖德\n麦克布赖德
mccabe,n. (McCabe)人名；(英)麦凯布
mccain,n. 麦凯恩（美国共和党议员）；麦凯恩（姓氏）
mccall,n. 麦考尔（姓）
mccann,n. (McCann)人名；(英)麦卡恩
mccarthy,n. 麦卡锡（姓氏）
mccartney,n. 麦卡特尼（男子名）
mcconnell,n. (McConnell)人名；(英)麦康奈尔\n麦康内尔（美国地名）
mccormick,"麦考密克(①姓氏 ②Cyrus Hall, 1809-1884, 美国收割机发明者)"
mccoy,n. 本人；真品
mcdermott,n. (McDermott)人名；(英)麦克德莫特
mcdonald,n. 麦克唐纳（男子名）；麦当劳（快餐店名称）
mcdonalds,n. 麦当劳（快餐品牌名）
mcdonnell,麦克唐奈（人名）
mcdowell,"麦克道尔(姓氏) Irvin, 欧文·麦克道尔(1818-1885)美国南北战争时联邦军将领"
mcgee,[计] 麦克吉
mcgill,n. 麦吉尔（特指麦吉尔大学或姓氏）
mcgrath,麦格拉斯(地名)(美国)\n麦格拉(爱尔兰姓氏)与苏格兰语姓氏McCrae相当的爱尔兰语形式
mcgraw,麦格劳（人名）（苏格兰人、爱尔兰人姓氏）（美国地名）
mcgregor,n. 麦格雷戈（男子名）
mcguire,n. (McGuire)人名；(英)麦圭尔\n麦圭尔（人名）
mcintosh,n. 麦金托什苹果
mcintyre,麦金太尔(姓氏)
mckay,"n. (McKay)人名；(英)麦凯\n麦凯, 盖尔语姓氏的英语形式, 来源于人名, 含义是“火”（人名）（苏格兰人、爱尔兰人姓氏）"
mckenna,n. 麦肯纳（姓氏）
mckenzie,麦肯齐（人名）\n马更些（地名）
mckinley,", Mount 麦金利山[美国阿拉斯加州中南部] ( 即德纳里峰)"
mckinney,n. (McKinney)人名；(英)麦金尼\n麦金尼
mclaren,n. 麦克拉伦（英国著名的赛车研发制造公司）
mclaughlin,n. (McLaughlin)人名；(英)麦克劳克林
mclean,n. 麦克林（姓氏）；麦克莱恩市（位于美国弗吉尼亚州）\nn. (McLean)人名；(英)麦克莱恩
mcleod,n. (McLeod)人名；(英)麦克劳德\n麦克劳德
mcmahon,n. 麦克马洪（姓）
mcmillan,"麦克米伦 (①姓氏 ②Edwin Mattison, 1907-, 美国化学家, 曾获1951年诺贝尔化学奖)"
mcnamara,n. (McNamara)人名；(英)麦克纳马拉
mcpherson,麦克弗森（人名）
mcqueen,n. 麦奎因（姓氏）
md,"医学博士, 总经理, 常务董事\n[计] 宏数据, 磁盘, 维护设备, 信息数据, 彼此相关性\nDOS内部命令:该命令用于在软盘或硬盘上建立新的子目录"
me,pron. 我
mead,"n. 蜂蜜酒, 草地\n[医] 蜜酒"
meade,n. 美国米德（望远镜品牌）；米德（人名）
meadow,"n. 草地, 牧场"
meadows,n. 梅多斯（姓氏）
meal,"n. 一餐, 膳食, 粗粉\nvi. 进餐"
meals,n. 膳食；谷类（meal的复数）
mean,"a. 低劣的, 卑贱的, 简陋的, 吝啬的, 惭愧的, 平均的, 中间的, 普通的\nvt. 意谓, 想要, 意欲, 预定\nvi. 用意, 有意义\nn. 平均数, 中间, 中庸"
meaning,"n. 意义, 含义, 目的, 意图\na. 意味深长的"
meaningful,a. 意味深长的
meaningless,a. 无意义的
meanings,n. 含义；价值（meaning的复数）
means,"n. 方法, 手段, 工具, 财产, 收入\n[经] 方法, 手段, 工具; 意谓"
meant,mean的过去式和过去分词
meantime,"n. 间隔时间, 其时\nadv. 其间"
meanwhile,"n. 其时, 其间\nadv. 同时, 于此时"
measles,"n. 麻疹, 风疹, 家畜囊尾蚴病, 米珠\n[医] 麻疹, 囊尾蚴病(家畜)"
measurable,"a. 可测量的, 不久的, 重要的"
measure,"n. 尺寸, 量度器, 量度标准, 测量, 量具, 程度, 范围, 限度, 分寸, 措施, 方法\nvt. 测量, 测度, 估量, 权衡, 调节, 拿(自己或自己的力量等)作较量\nvi. 度量"
measured,"a. 整齐的, 慎重的, 基于标准的"
measurement,"n. 尺寸, 度量, 度量单位\n[计] 度量, 度量单位"
measurements,"n. 测量值, 尺寸（measurement的复数）"
measures,n. 措施；层组（measure的复数）
measuring,n. 测量\n[计] 测量的
meat,"n. 肉, 餐, 食物\n[经] 肉类"
meatballs,n. 肉丸( meatball的复数形式 )
meats,n. 肉类（meat的复数）
mecca,n. 麦加
mech,[化] 机械师
mechanic,"n. 机械工, 技工\na. 手工的"
mechanical,"a. 机械的, 机械性的, 力学的\n[医] 机械的, 力学的"
mechanically,"adv. 机械, 用机械, 机械学, 物理, 力学, 呆板, 无意识, 手工操作, 技工"
mechanics,"n. 机械学, 结构, 力学\n[化] 力学"
mechanism,"n. 机械, 机构, 结构, 机理, 技巧\n[化] 机理; 历程; 机构"
mechanisms,n. 机械( mechanism的复数形式 ); 机械装置; [生物学] 机制; 机械作用
med,教育学硕士
medal,"n. 奖牌, 勋章\nvt. 授勋予"
medalist,"n. 奖章获得者, 奖章设计者, 奖章制作者, 勋章制作者, 奖章搜集者, 勋章搜集者"
medallion,"n. 大奖章, 圆形浮雕, 圆形装饰"
medals,n. 奖章；勋章（medal的复数）
meddling,n. 干预；瞎管
media,n. 媒体\n[计] 媒质
medial,"a. 中间的, 平均的, 普通的\nn. 中间字母"
median,"a. 中央的, 中间的, 正中的\nn. 正中动脉, 中位数, 中线"
mediate,"a. 居间的, 间接的\nvt. 斡旋, 调停\nvi. 处于中间, 调解"
mediated,"vt. 仲裁, 调停；调解（mediate的过去式及过去分词形式）"
mediation,"n. 调停, 调解, 中介\n[医] 间介[作用], 居间[作用]"
mediator,"n. 调停者, 传递者, 基督\n[医] 间介器, 传递器, 介质, 传递质介体"
medic,"n. 苜蓿属植物, 医师, 医科学生"
medicaid,"n. 医疗补助方案, 医疗补助项目\n[法] 公费医疗补助制, 医疗保健业, 医疗补助方案"
medical,"n. 医生, 体格检查\na. 医学的, 内科的, 药的"
medically,"adv. 医学, 医疗, 医术, 内科, 医药"
medicare,"n. 医疗照顾方案, 医疗照顾项目\n[法] 公办的医疗保险制"
medication,"n. 药物治疗, 药物处理, 医药\n[医] 药疗法, 投药法"
medications,n. 药物治疗；药物（medication的复数形式）
medicinal,"a. 药用的, 药的, 有益的\n[医] 药用的, 医药的, 医治的"
medicine,"n. 药, 医学, 内科\nvt. 给...用药"
medicines,n. 药( medicine的复数形式 ); 内服药; 医术; 医学
medics,n. 医学工作者；苜蓿（medic的复数）
medieval,"a. 中古的, 中世纪的"
medina,"麦地那[沙特阿拉伯西部城市](伊斯兰教创立人穆罕默德的陵墓所在地,伊斯兰教圣地之一) \nn. (北非城市中的) 阿拉伯人( 或非欧洲人) 聚居区"
mediocre,"a. 不好不坏的, 通常, 平凡的"
mediocrity,"n. 平常, 平庸之才"
meditate,"vt. 想, 考虑, 计划\nvi. 沉思, 反省"
meditation,"n. 沉思, 冥想"
mediterranean,"n. 地中海, 地中海民族\na. 地中海的, 地中海民族的"
medium,"n. 媒体, 方法, 媒介\na. 半生熟的, 中间的\n[计] 媒体, 中"
mediums,"媒体, 方法, 媒介"
medley,"n. 混合, 混杂, 杂录\na. 混合的, 拼凑的"
meds,n. 精神崩裂（歌曲名）
medusa,n. 水母\n[医] 水母属
meek,"a. 温顺的, 逆来顺受的"
meet,"n. 会, 集会\na. 适宜的, 合适的\nvt. 遇见, 引见, 认识, 满足, 对付\nvi. 相遇, 接触"
meeting,"n. 会议, 会面\n[法] 会议, 会谈, 集会"
meetings,"n. 会议, 集会, 会见（meeting的复数形式）"
meets,v. 相遇( meet的第三人称单数 ); 相识; 开会; 接触（某物）
meg,"n. 梅格（女子名, 等于Margaret）"
mega,[计] 兆; 百万
megan,n. 梅根（女子名）
meghan,梅根（人名）
meh, 指一件事物无聊或平庸; 对一件事物没有兴趣或感到无聊
mei,abbr. 技术细则手册（Manual of Engineering Instructions）；金属工程学会（Metals Engineering Institute）
mein,pron. （德）我的
mel,[医] 蜂蜜
melancholy,"n. 忧郁, 悲哀, 愁思\na. 忧郁的, 使人悲伤的, 愁思的"
melanie,n. 梅勒妮（女子名）
melanoma,"n. 黑瘤\n[医] │黑瘤, 黑素瘤"
melbourne,n. 墨尔本
melee,"n. 互殴, 激烈的论战, 混战"
melinda,n. 梅林达（女子名）
melissa,"[医] │蜜蜂花, 蜜里萨香草"
mellon,[化] 三聚二氰亚胺
mellow,"a. 成熟的, 醇的, 熟练的"
melo,"n. （等于melodrama）音乐剧, 传奇剧"
melodic,"a. 有旋律的, 旋律美妙的"
melodies,n. 曲调( melody的名词复数 ); 旋律; 乐曲的音符编排; 美妙的音乐
melody,"n. 曲子, 美妙音乐, 曲调"
melon,"n. 瓜, 甜瓜, 红利, 赃物\n[化] 三聚二氰亚胺"
melrose,梅尔罗斯(美国马萨诸塞州东部一城市)
melt,"n. 熔化, 熔化物, 溶解\nv. (使)熔化, (使)溶解, (使)消散, (使)变软"
meltdown,"[经] 销毁(货币等), 变卖(财产)"
melted,melt的过去式和过去分词
melting,"a. 熔化的, 温柔的, 令人感动的, 甜美的\n[化] 熔化"
melts,"v. （使）融[溶, 熔]化( melt的第三人称单数 ); 溶解; （使）消散, 消失; （使）软化, 变得温柔"
melville,n. 梅尔维尔（男子名）；梅尔维尔湖（位于加拿大东部）
melvin,"n. 梅尔文（人名, 意思是男巫, 在塞尔特语中是酋长的意思）"
member,"n. 成员, 会员\n[医] │肢, 肢体"
members,n. 成员；会员（member的复数）
membership,"n. 会员的资格, 全体会员, 会员数目\n[法] 会员资格, 成员资格, 会籍"
memberships,"n. 全体会员( membership的复数形式 ); 会员身份, 会员资格"
membrane,"n. 薄膜, 膜, 羊皮纸\n[化] 膜; 隔膜"
membranes,n. （动物或植物体内的）薄膜( membrane的复数形式 ); 隔膜; （可起防水、防风等作用的）膜状物
meme,n. 大脑模仿病毒；文化基因；弥母
memes,(meme 的复数) n. 大脑模仿病毒；文化基因；弥母
memo,n. 备忘录\n[经] 备忘录
memoir,"n. 传记, 实录, 追思录, 回忆录, 自传\n[化] 研究报告"
memoirs,"n. 自传, 回忆录"
memorabilia,"n. 值得纪念的事物, 大事记"
memorable,"a. 值得纪念的, 难忘的"
memorandum,"n. 备忘录, 外交备忘录, 交易备忘录\n[经] 备忘录, 便笺, 便函"
memorial,"n. 纪念物, 请愿书\na. 记念的, 记忆的"
memorials,n. 纪录（memorial的复数形式）
memories,n. 回忆；记忆（memory的复数）
memorize,"vt. 记住, 熟记, 背熟"
memory,"n. 记忆, 记忆力, 回忆, 纪念, 存储\nn. 内存\n[计] 存储器, 内存, 查看内存实用程序"
memphis,n. 孟菲斯
men,pl. man的复数
menace,"n. 威胁, 胁迫\nv. 威吓, 胁迫"
menacing,"a. 恐吓的, 威胁的\n[法] 威胁的, 恐吓的, 险恶的"
mend,"n. 改进, 修补, 好转\nvt. 修改, 改进, 加快, 修理\nvi. 好转, 改善"
mendes,n. 门德人（Mende的复数形式）；门德语（Mende的复数形式）；曼德斯（姓氏）
mendoza,n. 门多萨（阿根廷城市）
meng,abbr. 工程硕士（Master of Engineering）
meningitis,n. 脑膜炎\n[医] 脑[脊]膜炎
menopause,n. 绝经期\n[医] 绝经
mens,"[医] 精神, 意志"
menstrual,"a. 月经的, 一月一次的, 每月的\n[医] 月经的"
ment,abbr. mention 提到; mental 精神的; mentalis 精神的; mentioned 提及的
mental,"a. 心智的, 精神病的, 心理的, 颏的\nn. 精神病患者"
mentality,"n. 精神力, 智力, 头脑作用, 心态\n[医] 智力"
mentally,"adv. 心理上, 精神上, 智力上\n[法] 精神上, 智力上"
mention,"n. 提到, 言及, 陈述\nvt. 提到, 提及"
mentioned,v. 提到( mention的过去式和过去分词 ); 说起; 提名表扬; 传令嘉奖
mentioning,v. 提到( mention的现在分词 ); 说起; 提名表扬; 传令嘉奖
mentions,n. 提及( mention的名词复数 ); 通报表扬\nv. 提到( mention的第三人称单数 ); 说起; 提名表扬; 传令嘉奖
mentor,"n. 指导者, 良师益友"
mentoring,"n. mentoring是一种工作关系。mentor通常是处在比mentee更高工作职位上的有影响力的人。他/她有比‘mentee’更丰富的工作经验和知识, 并用心支持mentee的职业（发展）。\nv. （无经验之人的）有经验可信赖的顾问( mentor的现在分词 )"
mentors,n. （无经验之人的）有经验可信赖的顾问( mentor的名词复数 )\nv. （无经验之人的）有经验可信赖的顾问( mentor的第三人称单数 )
menu,"n. 菜单, (功能)选择单\n[计] 菜单"
menus,n. 菜单（menu的复数形式）
meow,n. 猫叫声\nvi. 猫叫
meps,abbr. 最低能效标准（Minimum Energy Performance Standards）；海洋生态进程（Marine Ecology Progress Series）
mer,[化] 链节
mercantile,"a. 商业的, 商人的\n[经] 商业的"
mercedes,n. 梅塞德斯（人名）；梅赛德斯（公司名）
mercenaries,"n. 雇用的, 为钱的, 唯利是图的( mercenary的名词复数 ); 雇用地, 唯利是图地"
mercenary,"n. 唯利是图者, 雇佣兵\na. 为钱而工作的, 被雇的, 图利的"
mercer,"n. 布商, 绸缎商人, 呢绒布商"
merch,abbr. merchandise （总称）商品; 货物; merchant 商人; merchantable 适销的
merchandise,"n. 商品, 货物\nv. 交易, 买卖"
merchandising,"[经] 商品销售, 商品学, 推销"
merchant,"n. 商人, 店主\na. 商业的, 商人的"
merchants,"n. 商人( merchant的复数形式 ); （某活动的）爱好者, 热中于…的人"
merciful,"a. 仁慈的, 慈悲的"
mercury,"n. 水银, 汞, 使者\n[化] 汞Hg"
mercy,"n. 仁慈, 宽恕, 慈悲, 怜悯, 幸运\n[法] 权宜处置权, 决定权, 宽恕"
mere,"n. 小湖, 池塘\na. 仅仅的, 只不过的"
meredith,"n. 梅雷迪思(m.) , 梅瑞狄斯(Edward Robert Bulwer-Lytton 的笔名)"
merely,adv. 只
merge,"vt. 使合并, 使消失, 吞没\nvi. 合并, 渐渐消失\n[计] 合并"
merged,v. 合并；融合（merge的过去分词）
merger,"n. 合并, 归并\n[经] 购并"
mergers,n. （两个公司的）合并( merger的复数形式 )
merging,"[计] 合并, 归并"
meridian,"n. 子午线, 经线, 顶点\na. 子午线的, 最高点的, 顶点的"
merit,"n. 优点, 功绩, 价值, 功过, 真相\nvt. 值得\nvi. 应受"
merits,n. 功绩；是非曲直；优点（merit的复数）
merkel, [人名] 默克尔; [地名] [美国] 默克尔
merlin,"n. [鸟]隼, 灰背隼"
mermaid,"n. 美人鱼, 善泳的女子"
merrick,n. (Merrick)人名；(英、西、葡)梅里克
merrill,n. 美林（美国证券公司）；美林（美国城市）
merritt,"梅里特(姓氏, 男子名)"
merry,"a. 快乐的, 愉快的, 嬉戏作乐的"
merseyside,n. 默西赛德郡
meryl,n. 梅丽尔（女子名）
mesa,"n. 台面, 岩滩, 平顶山"
mesh,"n. 网孔, 网丝, 网眼, 网状物, 圈套, 陷阱, 啮合\nvt. 以网捕捉, 啮合, 使缠住\nvi. 落网, 相啮合"
mess,"n. 食堂, 伙食, 用膳, 一份食品, 混乱, 乱七八糟, 困境\nvt. 将...弄糟, 妨碍, 使紊乱, 使就餐\nvi. 陷入困境, 搞乱, 用膳"
message,"n. 消息, 通讯, 讯息, 教训, 预言, 广告词\nvt. 通知\nvi. 通报, 报告, 报信\n[计] 报文; 消息; 信息"
messages,"n. 信息, 留言板（message的复数形式）"
messaging,n. 消息传送；信息传送；通知
messed,"v. 弄脏, 弄乱( mess的过去式和过去分词 )"
messenger,"n. 报信者, 使者\n[经] 使者, 送信者, 通信员"
messengers,"n. 信使, 信差, 送信人( messenger的复数形式 )"
messes,"n. 杂乱, 脏乱( mess的名词复数 ); 脏东西; 不整洁[乱七八糟]的人[事]; 粪便"
messi, 梅西
messiah,n. 弥赛亚
messing,"n. 杂乱, 弄乱（mess的动名词形式）"
messy,"a. 散乱的, 污秽的, 麻烦的"
met,meet的过去式和过去分词\n[化] 甲硫氨酸; 蛋氨酸
meta,[计] 元的
metabolic,"a. 变化的, 变形的, 新陈代谢的\n[医] [新陈]代谢的"
metabolism,"n. 新陈代谢, 变态\n[化] 新陈代谢; 代谢"
metadata,[计] 元数据
metal,"n. 金属, 金属制品, 合金, 本质, 质料\na. 金属制的\nvt. 以金属覆盖"
metallic,"a. 金属的, 含金属的, 产生金属的\n[经] 金属的"
metallica,金属乐队（美国乐队名）
metals,五金
metaphor,n. 隐喻
metaphorical,"a. 隐喻性的, 比喻性的"
metaphors,n. 隐喻（metaphor的复数形式）
metaphysical,"a. 形而上学的, 纯粹哲学的, 抽象的"
meteor,"n. 流星, 大气现象"
meteorite,n. 陨星\n[化] 陨石; 陨铁
meteorological,"a. 气象的, 气象学的"
meteorology,"n. 气象学, 气象状态\n[医] 气象学"
meter,"n. 米, 公尺, 仪表, 计量器\nvt. 以仪表计量"
meters,n. 米；公尺（meter的复数形式）
meth,n. 甲安菲他明（一种兴奋剂）
methane,"n. 甲烷, 沼气\n[化] 甲烷; 沼气"
method,"n. 方法, 办法, 条理, 秩序\n[医] [方]法"
methodist,n. 墨守成规者
methodologies,n. （从事某一活动的）一套方法( methodology的复数形式 ); 原则; 方法学; 方法论者
methodology,"n. 方法学, 方法论\n[化] 操作法; 工艺"
methods,"n. 方法, 方式；研究方法（method的复数）"
methyl,n. 甲基\n[化] 甲基
meticulous,"a. 一丝不苟的, 精确的, 过细的"
metre,"n. 公尺, 格律, 韵律\n[医] 米, 公尺"
metres,n. 米( metre的复数形式 ); （诗的）格律; 用于竞赛名称 metres
metric,"a. 公尺的, 公制的, 计量的\n[医] 测量的, 米制的, 公制的"
metrics,"n. 韵律学, (诗等的)韵律特色"
metro,n. 地铁
metropolis,"n. 大都市, 重要中心, 首府\n[医] 产地, 生地"
metropolitan,"n. 大都市居民, 都主教, 宗主国的公民\na. 大都市的, 都主教区的, 宗主国的"
mets,(met 的复数) meet的过去式和过去分词\n[化] 甲硫氨酸; 蛋氨酸
mexican,"n. 墨西哥人, 墨西哥语\na. 墨西哥的"
mexicans,n. 墨西哥人（Mexican的复数）
mexico,n. 墨西哥
meyer,"n. 迈耶（日耳曼语, 指首席侍从或农夫）"
meyers," [人名] [英格兰人姓氏] 迈耶斯取自父名，来源于Meyer,含义是“迈耶之子”(son of Meyer); [地名] [美国] 迈耶斯"
mf,中频\n[化] 三聚氰胺-甲醛树脂; 三聚氰酰胺-甲醛树脂
mfa,abbr. 美术硕士（Master of Fine Arts）
mg,[化] 微粒剂\n[医] 镁(12号元素)
mgm,abbr. 美国米高梅电影制片公司（Metro-Goldwyn-Mayer）
mh,abbr. 报文处理程序（message handler）
mhz,[计] 兆赫兹
mi,"检疫, 军事情报"
mia,abbr. 战斗中失踪的（Missing In Action）
miami,n. 迈阿密
mic,"[计] 介质接口, 连接器"
micah,"n. 弥迦(希伯来先知), <<弥迦书>>"
mice,pl. 老鼠
mich,abbr. 模块化集成通信头盔（Modular Integrated Communication Helmet）；寻呼指示信道
michael,n. 迈克尔（男子名）
michaels,麦克（姓）
michel,n. 米歇尔（男子名）
michelangelo,n. 米开朗琪罗
michele,n. 米歇尔（女名）
michelin,"主要经营轮胎橡胶；米其林（财富500强公司之一, 总部所在地法国）"
michelle,n. 米歇尔（女子名）
michigan,n. 密歇根州
mick,n. 爱尔兰人
mickey,"n. 精神, 骄气"
micro,"[计] 表示""小"",""微"",""微量"",""百分之一"""
microbes,"n. 微生物, 细菌( microbe的复数形式 )"
microbial,"a. 微生物的, 由细菌引起的\n[医] 微生物的"
microbiology,n. 微生物学\n[化] 微生物学
microorganisms,"n. [微] 微生物, 微生虫（microorganism的复数）"
microphone,"n. 扩音器, 麦克风\n[医] 扩音器, 传声器"
microphones,"n. 扩音器, 麦克风( microphone的复数形式 )"
microscope,n. 显微镜\n[化] 显微镜
microscopic,"a. 显微镜的, 用显微镜可见的, 微观的, (非正式)极微小的, 细微的\n[计] 微观的"
microscopy,"n. 显微镜使用, 用显微镜检查, 显微镜学\n[医] 显微镜检查"
microsoft,n. (美国)微软公司\n[电] 微软公司
microwave,n. 微波\n[计] 微波
mid,"a. 中间的, 中央的, 中部的\nprep. 在...之中"
midday,"n. 正午, 中午\na. 正午的"
middle,"n. 中央, 中间, 腰部\na. 中央的, 中庸的, 中间的"
middlesbrough,米德尔斯布勒[英国英格兰东北部港市]( 克利夫兰郡首府)
middlesex,"n. 米德尔塞克斯（英国地名）；米都塞克斯大学（Middlesex, 或米都塞克斯大学 Middlesex University）"
middleton,n. 米德尔顿（姓氏）
midfield,n. 球场中央部分\na. 中场的
midfielder,n. 中场队员
midfielders,(midfielder 的复数) n. 中场队员
midget,n. 侏儒\na. 小型的
midi,"n. 中长裙, 乐器数字化接口\n[计] 乐器数字化接口"
midland,"n. 中部地方, 内地"
midlands,n. 英国中部
midnight,"n. 午夜, 子夜, 半夜\na. 午夜的, 半夜的"
midst,n. 中间\nprep. 在...中间
midsummer,"n. 仲夏, 夏至期\na. 仲夏的"
midterm,a. 中期的\nn. 期中考试
midterms,a. 期中的；中间的\nn. 期中考试
midtown,n. 商业区与住宅区之间的地区
midway,"n. 中途, 中间, 娱乐场\na. 中途的, 中间的\nadv. 中途"
midwest,n. (美国的)中西部\n[经] 中西部
midwestern,a. 美国中西部的
midwife,"n. 助产士, 接生婆\n[医] 助产士"
midwives,"n. 接生婆, 助产士( midwife的名词复数 )"
mig,n. 米格飞机
might,"n. 力量, 权力\naux. 可能, 也许"
mighty,"n. 有势力的人\na. 有势力的, 强大的, 有力的\nadv. 很, 极"
migraine,n. 严重的周期性偏头痛\n[医] 偏头痛
migrant,"n. 候鸟, 移居者\n[法] 移居者"
migrants,n. 移居者( migrant的复数形式 ); 移民; 候鸟; 迁移动物
migrate,"vi. 移动, 移往, 随季节而移居\n[计] 迁移程序"
migrated,"v. 迁移, 移往( migrate的过去式和过去分词 )"
migrating,v. 迁徙；迁移；移居（migrate的ing形式）
migration,"n. 移民, 移往, 移动\n[计] 迁移"
migratory,"a. 迁移的, 流浪的"
miguel,n. 米格尔（男子名）
mika,n. 米卡（英国歌手姓名）
mike,"vi. 偷懒, 游手好闲\nn. 休息, 游手好闲, 扩音器, 话筒"
mikey,n. 米奇（姓氏名）
mikhail,米哈伊尔（人名）
mil,n. 千分之一英寸\n[计] 毫英寸; 密耳; 军队域名
milan,n. 米兰
milano,n. 米兰（意大利地名）
mild,"a. 温和的, 温柔的, 淡味的, 适度的, 轻微的, (肥皂等)软性的\n[医] 轻的, 缓和的"
mildly,"adv. 柔和地, 和善地, 适度地"
mildred,"n. 米尔德里德（女子名, 意为温柔、和善的）"
mile,"n. 英里, 很大距离\n[机] 英里, 哩"
mileage,n. 英里数\n[经] 运费(按英里计算的)
miles,"n. 英里（1英里约合1609米, mile的复数形式）"
milestone,"n. 里程碑, 里程石, 里程标"
milestones,n. 重要事件( milestone的复数形式 ); 重要阶段; 转折点; 里程碑
miley,n. 麦莉（女子名）
milf,abbr. （菲律宾）摩洛伊斯兰解放阵线（Moro Islamic Liberation Front）
milford,"米尔福德(姓氏, 男子名)"
miliband,n. (Miliband)人名；(英)米利班德
militant,a. 好战的
militants,"n. 激进分子, 好斗分子( militant的复数形式 )"
military,"n. 军队\na. 军事的, 军人的, 适于战争的"
militia,"n. 义勇军, 民兵组织, 国民军"
militias,"n. 民兵组织, 民兵( militia的复数形式 )"
milk,"n. 奶, 乳状物\nvt. 挤乳, 榨取\nvi. 产乳"
milking,"n. 挤奶, 一次的挤奶量\n[化] 挤奶"
milky,"a. 乳状的, 乳白色的, 柔和的"
mill,"n. 压榨机, 磨坊, 制造厂\nvt. 碾磨, 磨细, 搅拌, 使乱转\nvi. 乱转, 被碾磨"
millennia,"一千年, 千年周年纪念日, 千年庆典, 千年期, (喻)太平盛世, 想象中的黄金时代"
millennial,"a. 一千年的, 千福年的"
millennium,"n. 千禧年, 一千年"
miller,"n. 厂主, 蛾\n[机] 铣床"
millie,n. 米莉（女子名）
milligrams,n. 毫克（千分之一克）( milligram的复数形式 )
millimeter,n. 毫米\n[医] 毫米
milling,"n. 磨, 制粉, 轧齿边\n[化] 混炼"
million,"n. 百万, 无数\nnum. 百万"
millionaire,"n. 百万富翁, 大富豪\n[经] 大资本家, 巨富, 百万富翁"
millionaires,n. 百万富翁( millionaire的复数形式 ); 大富翁; 大财主; 有钱人
millions,n. 数百万
mills,n. 米尔斯（人名）
milne,米尔恩(姓氏)
milner,米尔纳(姓氏)
milo,n. [植]蜀黍；麦洛（公元前6世纪的希腊摔跤能手）
milton,"n. 米尔顿（男子名, 英国诗人）"
milwaukee,n. （美国）密尔沃基
mimi,[计] 小型微型的
mimic,"a. 模仿的, 摹拟的\nn. 效颦者, 模仿者, 小丑, 仿制品\nvt. 模仿, 摹拟"
mimics,"n. 模仿名人言行的娱乐演员, 滑稽剧演员( mimic的名词复数 ); 善于模仿的人或物\nv. （尤指为了逗乐而）模仿( mimic的第三人称单数 ); 酷似"
min,abbr. 部长（Minister）；部（Ministry）
mina,n. 迈纳(古希腊单位)
mind,"n. 思想, 愿望, 智力, 记忆, 心理, 情绪, 理智, 主意, 心意\nvi. 介意, 注意, 留心\nvt. 注意, 留意, 专心于, 照看, 介意"
minded,"a. 有意的, 有心的, 具有意志的"
mindful,"a. 深切注意的, 留神的, 留心的"
mindfulness,"n. 留心, 警觉"
minding,vi. 介意（mind的现在分词形式）
mindless,"a. 没头脑的, 不小心的, 不留神的"
minds,n. 思想；主意（mind的复数）
mindset,n. 心态；倾向；习惯；精神状态
mindy,n. 明迪（Minna的异体）
mine,"n. 矿, 矿藏, 地雷\nvt. 挖掘, 开采, 在...布雷, 破坏\nvi. 开矿, 埋设地雷\npron. 我的"
minecraft,n. 我的世界
mined,n. 开采
miner,"n. 矿工, 开矿机, 坑道工兵\n[经] 矿工"
mineral,"n. 矿物, 无机物, 苏打水\na. 矿物的, 似矿物的"
minerals,"n. 矿物质；矿物；矿产, 矿产品（mineral的复数）"
miners,n. 矿工( miner的复数形式 )
mines,n. 地雷；矿山（mine的复数）
ming,n. 明朝
mingle,v. (使)混合
minh,n. (Minh)人名；(老、柬)明
mini,"n. 同类中的极小者, 微型汽车, 超短裙\na. 微型的"
miniature,"n. 缩图, 小画像\na. 小规模的, 纤小的"
minimal,"a. 最小的, 极微的, 最小限度的\n[医] 最小的, 最低的"
minimalist,n. 极简抽象派艺术家
minimise,"vt. 使减到最少/最小, 使降到最低限度, 使缩到最小, 极度轻视"
minimize,vt. 将...减到最少\nvt. 最小化\nvi. 最小化\n[计] 最小化
minimizing,[计] 极小值的
minimum,"a. 最小的, 最低的\nn. 最小值\n[计] 最小值"
mining,"n. 采矿\n[经] 采矿, 采矿业"
minions,n. <贬>奴颜婢膝的仆从( minion的复数形式 ); 走狗; 宠儿; 受人崇拜者
miniseries,n. 电视连续短剧
minister,"n. 部长, 牧师, 公使\nvi. 服侍, 救助, 主持宗教仪式"
ministerial,"a. 部长的, 内阁的, 执政的\n[法] 部长的, 部的, 公使的"
ministers,n. 大臣( minister的名词复数 ); 部长; 公使; 牧师
ministries,n. （政府的）部( ministry的复数形式 ); 神职; 牧师职位; 神职任期
ministry,"n. 部, 内阁, 服务\n[经] 部"
mink,"n. 貂, 貂皮衣"
minneapolis,[经] 明尼亚波利
minnesota,n. 明尼苏达州
minnie,n. 迫击炮
minor,"n. 未成年人, 副修科目\na. 较小的, 二流的, 未成年的\nvi. 副修\n[计] 次要"
minorities,n. 少数( minority的名词复数 ); 小部分; 少数民族; 未成年
minority,"n. 少数, 未成年, 少数民族\na. 少数的, 属于少数派的"
minors,n. 未成年人（minor的复数）
mins,abbr. 需监护的未成年人（Minors In Need of Supervision）；分钟（minutes）；微惯性导航系统（micro inertial navigation system）
minsk,n. 明斯克（白俄罗斯首都）
mint,"n. 薄荷, 造币厂, 巨额\nvt. 铸造, 铸币, 制造"
minus,"n. 负号, 不足\na. 减的, 负的, 阴性的\nprep. 减, 缺\n[计] 负差"
minute,"n. 分, 分钟, 片刻, 备忘录, 笔记\nvt. 记录, 摘录, 测定时间\na. 微小的, 详细的"
minutes,"n. 会议记录\n[法] 备忘录, 会议记录, 审判记录"
mir,n. 米尔（沙俄时代的一种村社组织）
mira,n. [天]（鲸鱼星座中的）薴藁增二
miracle,"n. 奇迹, 奇事"
miracles,n. 奇迹( miracle的复数形式 ); 奇事; 令人惊奇的事; 非凡的事
miraculous,"a. 奇迹的, 不可思议的"
miraculously,"adv. 超自然, 非凡, 不可思议, 令人惊叹, 象奇迹一样, 奇迹般, 能创造奇迹"
mirage,"n. 海市蜃楼, 幻景, 妄想"
miranda,n. 米兰达（女子名）
miriam,"n. 米里亚姆（女子名）；[圣经]米里亚姆（希伯来女先知, 摩西和亚伦的姐姐）；苦难之洋"
mirror,"n. 镜子, 写真, 典范\nvt. 反映, 映出"
mirrored,v. 反映( mirror的过去式和过去分词 ); 反射; 映照; 将（玻璃）喷镀成镜子
mirrors,n. 反光镜；写实；[罕]模范；镜子（mirror的复数）
mis,"[计] 管理信息系统, 医学信息系统\n[化] 多离子选择; 管理信息系统"
miscarriage,"n. 失败, 误送, 流产\n[医] 流产"
miscellaneous,"a. 各种的, 多方面的\n[法] 各种的, 不同性质的"
mischief,"n. 损害, 伤害, 灾祸, 恶作剧, 淘气\n[法] 损害, 伤害, 危害"
mischievous,"a. 淘气的, 有害的, 恶作剧的, 胡搅的"
misconception,n. 误解
misconceptions,"n. 误解; 错觉; 误解, 错误想法, 错误印象( misconception的复数形式 )"
misconduct,"vt. 办错, 使行为不端\nn. 办错, 渎职, 通奸"
misdemeanor,"n. 行为不检, 品行不良, 轻罪, 不端行为"
miserable,a. 悲惨的；痛苦的；卑鄙的
miserably,"adv. 非常不幸地, 可悲地, 贫困地"
misery,"n. 痛苦, 悲惨, 不幸, 穷困"
misfortune,"n. 不幸, 灾祸, 坏运气\n[法] 不幸事故, 不幸, 灾祸"
misguided,a. 被误导的
misinformation,"n. 错误的消息, 误传\n[法] 错误的消息, 误传"
mislead,vt. 误导
misleading,"a. 引入歧途的, 使人误解的, 骗人的\n[法] 误写姓名的, 误称的, 令人误解的"
misled,mislead的过去式和过去分词
mismanagement,n. 管理不善；处置失当
mismatch,"n. 错配\nvt. 错配, 使...成不相配的婚姻"
misogyny,"n. 厌恶女人\n[医] 厌女症, 厌恶女人"
misplaced,a. 错位的; 寄托错的\nv. 错放(misplace的过去式)
miss,"n. 失误, 避免, 失败, 小姐\nvt. 未得到, 未达到, 未听到, 未觉察, 逃脱, 遗漏, 错过, 思念\nvi. 失败, 击不中"
missed,v. 投偏；未抓住；错过（miss的过去分词）
misses,"n. （用于姓名或姓之前, 对未婚女子的称呼）小姐（miss的复数形式）\nv. 漏掉（miss的第三人称单数形式）"
missile,"n. 发射物, 导弹, 飞弹, 火箭\na. 可发射的"
missiles,n. 导弹( missile的复数形式 ); 投射物
missing,"a. 不见的, 缺少的\n[法] 行踪不明的, 失踪的, 遗失的"
mission,"n. 任务, 代表团, 使命, 传教团\nvt. 派遣, 向...传教"
missionaries,n. 传教士( missionary的名词复数 )
missionary,"n. 传教士, 负有任务者, 工作人员\na. 传教的, 传教士的"
missions,n. 任务；传教工作；代表团（mission的复数）
mississippi,"n. 密西西比河, 密西西比州"
missouri,n. 密苏里州
missy,"n. 少女, 姑娘, 小姐"
mist,"n. 雾, 迷蒙, 朦胧不清\nvt. 使模糊, 使蒙上雾\nvi. 变模糊, 下雾"
mistake,"n. 错误, 误会\nvi. 犯错, 误认\nvt. 误解, 弄错\n[计] 错误"
mistaken,"a. 犯错的, 错误的\nmistake的过去分词"
mistakenly,"adv. 错误地, 被误解地"
mistakes,"n. 错误( mistake的名词复数 ); 过失; 误解; （用词或数字上的）错误\nv. 弄错, 误解( mistake的第三人称单数 ); 认不出; 误会; 看错"
mister,n. 先生
mistress,"n. 主妇, 女主人, 情妇"
misty,"a. 有雾的, 模糊的, 笼罩着雾的"
misunderstand,"vt. 误解, 误会"
misunderstanding,"n. 误会, 误解\n[法] 误解, 误会, 不和"
misunderstandings,n. 误解( misunderstanding的复数形式 ); 意见不一; 不和; 争执
misunderstood,misunderstand的过去式和过去分词
misuse,"n. 误用, 滥用\nvt. 误用, 滥用, 虐待"
mit,"n. 手, 连指手套, 棒球手套, 拳击手套, 马萨诸塞理工学院, 麻省理工学院\nvt. 与...握手, 用手铐铐住, 逮捕\n[计] 麻省理工学院, 模块化智能终端"
mitch,vi. [方言]逃学
mitchell,"n. 米切尔（男子名, 等于Michael）"
mitigate,"vt. 温和, 缓和, 减轻\n[医] 缓和, 减轻"
mitigating,"v. 减轻, 缓和( mitigate的现在分词 )"
mitigation,"n. 缓和, 减轻\n[法] 减, 减轻, 缓和"
mitochondria,线粒体\n[化] 线粒体
mitochondrial, 线粒体的
mitsubishi,[经] 三菱
mitt,"n. 棒球手套, 拳击手套, 连指手套\nvt. 铐住, 握手"
mix,"n. 混合物, 混乱, 糊涂\nvt. 使混合, 弄混, 使结合, 混淆\nvi. 相混合, 交往, 参与"
mixed,"a. 混合的, 形形色色的, 弄糊涂的\n[计] 混合的"
mixer,"n. 混合者, 混合器, 搅拌机, 搅拌器, 混频器, (非正式)交际家, 与人相处的人\n[计] 混频器, 音装置"
mixes,n. 混淆；调拌料（mix的复数）
mixing,"n. 混合, 混频\n[计] 混合"
mixture,"n. 混合, 混淆, 混合物\n[化] 混合物"
mixtures,n. 配合料；混合物（mixture的复数）
mj,abbr. 玛帝脂接缝（Mastic Joint）；[物]兆焦耳（megajoule）
mk,abbr. （圣经）马可福音（Mark）
ml,"法学硕士, 摩托艇, 汽艇\n[医] 毫升"
mla,abbr. 现代语言协会（Modern Language Association）；混合烷基铅（Mixed Lead Alkyl）
mlb,abbr. 金属链带（Metallic Link Belt）；航海劳工局（Maritime Labor Board）；美国职棒大联盟（Major League Baseball）
mlm,abbr. 传销（Multi-level marketing）；多层金属化（Multiple Layer Module）
mls,abbr. 复式造表服务处（Multiple Listing Service）
mm,毫米\n[计] 毫米
mma,abbr. 甲醛丙烯酸甲酯（Methl Methacrylate）；人工金属（电极）电弧焊接法（Manual Metal Arc）
mmm,[医] 毫微米
mn,[医] 锰(25号元素)
mo,"n. 顷刻, 瞬间, 函购, 邮购, 军医, 军医主任, 汇票, 邮政汇票\n[化] 分子轨道"
moan,"n. 呻吟, 悲叹\nvi. 呻吟, 抱怨, 悲叹\nvt. 呻吟着说"
moaning,"v. 呻吟, 悲叹( moan的现在分词 ); 抱怨; 发出萧萧声"
moans,n. 呻吟；抱怨声；牢骚；悲叹声（moan的复数形式）
moat,"n. 壕沟, 护城河\nvt. 将...围以壕沟"
mob,"n. 暴民, 民众, 暴徒\nvt. 大举包围, 蜂拥进入, 围攻\nvi. 聚众生事"
mobile,"a. 移动的, 易变的, 机动的\nn. 活动物体"
mobility,"n. 可动性, 流动性, 机动性\n[化] 迁移率"
mobilization,"n. 动员, 调动, 活动法\n[化] 活动化"
mobilize,"vt. 动员, 调动, 使流通\nvi. 动员"
mobilized,"v. 动员起来, 调动, 鼓动起( mobilize的过去式和过去分词 )"
mobs,n. 快闪暴走族
mock,"n. 嘲笑, 戏弄, 模仿\na. 假的, 伪造的, 模拟的\nadv. 虚伪地\nvt. 嘲弄, 模仿, 使失望, 欺骗, 挫败\nvi. 嘲弄"
mocked,"v. 愚弄, 嘲弄( mock的过去式和过去分词 ); 使受挫折; 不尊重, 蔑视"
mockery,"n. 嘲弄, 笑柄, 歪曲"
mocking,a. 嘲弄的
mod,"a. 现代派的, 时髦的\n[计] 模型, 修改, 调制, 模"
modal,"a. 形式的, 样式的, 形态上的, 模态的\n[计] 模态的"
mode,"n. 模态, 调式, 样式, 文体, 状态, 方式, 风尚\n[计] 方式; DOS外部命令:设定各种设备命令"
model,"n. 模型, 模范, 模特儿\na. 模范的, 作模型用的\nvi. 做模型, 做模特儿\nvt. 使模仿, 塑造\n[计] 模型"
modeled,v. 被效仿；模式化；模仿（model的过去分词形式）
modeling,"n. 模特儿职业, 立体感\n[计] 建模, 模型化, 模拟"
modelled,vt.& vi. 做模特儿（model的过去式与过去分词形式）
modelling,"n. 模特儿职业, 立体感"
models,n. 模型( model的名词复数 ); 模特儿; 模式; 典型
modem,n. 调制解调器\n[计] 调制解调器
moderate,"a. 适度的, 稳健的, 中等的, 节制的\nvt. 节制, 减轻, 使缓和\nvi. 变缓和, 主持会议"
moderated,"a. 慢化的, 适中的"
moderately,"adv. 适当地, 适度地, 中庸地"
moderates,n. 稳健派；温和派（moderate的复数）
moderation,"n. 缓和, 适度, 温和\n[化] 慢化"
moderator,"n. 主席, 会议主持人, 仲裁人\n[计] 筛选人"
modern,"n. 现代人, 有思想的人\na. 现代的, 时髦的"
modernism,"n. 现代作风, 现代主义, 现代思想"
modernist,"n. 现代主义者, 现代人, 现代主义作家"
modernity,"n. 现代性, 现代状态, 现代东西"
modernization,n. 现代化
modes,n. 分辨率；方法；模式（mode的复数形式）
modest,"a. 谦逊的, 羞怯的, 端庄的, 适度的\n[经] 适当的"
modesty,"n. 谦逊, 质朴, 羞怯"
modi,[计] 模块化光学数字接口
modification,"n. 修正, 修饰, 修改\n[化] 修饰; 修改"
modifications,n. 缓和( modification的复数形式 ); 限制; 更改; 改变
modified,"a. 改良的；改进的, 修改的"
modify,"vt. 修正, 变更, 修饰, 缓和, 减轻\nvi. 被修改\n[计] 修改"
modifying,"v. 修改, 更改( modify的现在分词 ); 改变; 修饰; 缓和"
mods,abbr. 载人的轨道研究站（manned orbital development station）
modular,"a. 模数的, 有标准组件的\n[计] 积木式的; 模块化的"
modulation,"n. 调制, 调节, 语调\n[计] 调制"
module,"n. 组件, 模数\n[计] 模块"
modules,n. 加载模块列表；模块（module的复数）
moe,abbr. 有效性量度（Measure of Effectiveness）
moffat,n. (Moffat)人名；(英、芬、津、赞)莫法特
mohamed,n. (Mohamed)人名；(阿拉伯)穆罕默德；
mohammad,n. 穆罕默德（穆斯林真主）；（阿拉伯）穆罕默德（男子名）
mohammed,n. 穆罕默德(伊斯兰教创始人)
mohawk,"n. 莫霍克族, 莫霍克语, 前刃变后刃溜冰半周跳"
moi,abbr. 惯性矩（Moment of Inertia）；感染复数（Multiplicity of Infection）；英国新闻部（Ministry of Information）；英国内政部（Ministry of the Interior）
moira,n. 莫伊拉（女子名）
moist,"a. 潮湿的, 多雨的, 感伤的, 含泪的\n[医] 湿的"
moisture,"n. 湿气, 水分, 降雨\n[化] 含水量; 含湿量"
mojo,n. 巫术；符咒；运气
mol,"n. 摩尔, 克分子\n[医] 克分子, 模"
mold,"n. 模子, 模型, 霉\nv. 形成, 塑造, 发霉"
molded,a. 造形的；模塑的
molding,"n. 模制, 铸造物, 模制件, 浇铸\n[化] 模塑; 模压"
moldova,n. 摩尔多瓦
molds,n. 模具；霉菌；鞋模（mold的复数）
mole,"n. 痣, 鼹鼠, 防波堤, 摩尔, 克分子\n[化] 摩尔"
molecular,"a. 分子的, 由分子组成的\n[医] 分子的"
molecule,"n. 分子, 些微\n[化] 分子"
molecules,"n. 分子, 微粒；摩尔（molecule的复数）"
molested,v. 骚扰( molest的过去式和过去分词 ); 干扰; 调戏; 猥亵
molly,n. [俚]懦夫；娘娘腔的男人
molten,"a. 熔化的, 炽热的, 铸造的\nmelt的过去分词"
mom,n. 妈妈
moment,"n. 片刻, 瞬间, 重要, 阶段, 力矩\n[医] 片刻, 瞬间, 时机, 因素, 矩"
momentarily,"adv. 暂时地, 立刻, 随时地"
momentous,"a. 重大的, 重要的"
moments,n. 片刻（moment复数形式）
momentum,"n. 动力, 动量\n[化] 动量"
momma,n. 妈咪
mommy,n. 妈咪
moms,abbr. 密西根数学系统（Michigan's Own Mathematical System）
mon,abbr. 发动机辛烷值（Motor Octsne Number）；星期一（Monday）
mona,n. [动]白腹长尾猴；莫娜（女子名）
monaco,n. 摩纳哥
monarch,"n. 帝王, 统治者, 元首\n[医] 单原型(植)"
monarchs,"n. 君主, 帝王( monarch的复数形式 )"
monarchy,"n. 君主政体, 君主国, 君主政治\n[法] 君主政体, 君主制度, 君主国"
monasteries,n. 修道院( monastery的名词复数 )
monastery,"n. 修道院, 僧侣"
monastic,"a. 修道院的, 僧尼的, 寺院的, 庙宇的, 禁欲生活的\nn. 修道士"
monday,n. 星期一
mondays,"adv. 每星期一, 在任何星期一"
monetary,"a. 货币的, 金钱的\n[经] 货币的, 金融的"
money,"n. 金钱, 一笔款, 财富, 货币, 金额\n[经] 货币, 金钱, 财产"
mongolia,n. 蒙古
mongolian,"n. 蒙古人, 属于蒙古人种的人, 蒙古语, 先天愚型患者\na. 蒙古人的, 蒙古语的, 先天愚型的"
monica,n. 莫尼卡（女子名）
monies,n. 货币；金钱（money的复数形式）
monique,n. 欧绮霞（香港歌星）；莫妮可（女子名）
monitor,"n. 监督器, 级长, 监听员, 班长, 监视器, 告诫物\nv. 监视, 监听, 监督\n[计] 监视器, 监视程序; 监视"
monitored,"v. 指导, 检测；监控（monitor的过去分词）"
monitoring,"[计] 监控, 监督, 监视\n[经] 检验, 检查, 控制"
monitors,"n. 监视器, 监控器；情况通报（monitor复数形式）"
monk,"n. 修道士, 僧侣, 和尚"
monkey,"n. 猴子, 猿, 打桩锤\nvi. 淘气, 胡闹\nvt. 嘲弄"
monkeys,n. 猴子（monkey的复数）
monks,"n. 修道士, 僧侣（monk的复数）"
monmouth,n. 蒙默思郡（英国威尔士原郡名）
mono,a. 单声道的
monograph,"n. 专题论文, 专著, 专刊\nvt. 写专题论文"
monologue,"n. 独白, 独脚戏, 独白场面, (非正式)(贬)滔滔不绝的话"
monopolies,n. 垄断( monopoly的名词复数 ); 专卖; 垄断权; 专利权
monopoly,"n. 垄断, 专卖权, 独占事业\n[经] 垄断, 专利品, 垄断(权)独占"
monoxide,n. 一氧化物\n[医] 一氧化物
monroe,n. 门罗（男子名）；门罗（美国第五任总统）
monsanto,n. 孟山都公司（美国著名农业生化公司）
monsieur,"n. 先生, 绅士"
monsoon,"n. 季风, 吹季风的季节, 雨季"
monster,"n. 怪物, 恶人, 巨物\n[医] 畸胎"
monsters,n. 怪物( monster的复数形式 ); 小恶魔; 恶棍; 坏人
monstrous,"a. 巨大的, 畸形的, 怪异的\n[法] 巨大的, 异形的, 畸形的:荒诞的"
mont,"n. 蒙特, 蒙脱石"
montage,"n. 混合画, 画面剪辑, 蒙太奇"
montana,n. 蒙大拿州
monte,[计] 蒙特卡罗
montenegro,n. 黑山
monterey,Jack 蒙特里杰克干酪( 一种含高水分的半软全酯干酪)
montgomery,n. 蒙哥马利（姓氏）；蒙哥马利（英国郡名）
month,n. 月\n[经] 月
monthly,"n. 月刊\na. 每月的, 每月一次的"
months,月份（month的复数）
montreal,n. 蒙特利尔（加拿大东南部港市）
monty,n. （澳新口）必定的事物（尤指赛马时必赢的马）
monument,"n. 纪念碑, 纪念物, 石碑"
monumental,"a. 纪念碑的, 做为纪念的, 不朽的"
monuments,n. 纪念碑( monument的复数形式 ); 遗迹; 遗址; 丰碑
moo,vi. 发哞声\nn. 牛叫声
mood,"n. 心情, 气氛, 生气, 基调\n[医] 心境"
moods,n. 情绪（mood的复数）
moody,"a. 心情不稳的, 郁郁寡欢的, 喜怒无常的"
moon,"n. 月亮, 月球, 月光\nvi. 闲荡\nvt. 虚度"
mooney,n. 穆尼（姓氏）
moonlight,"n. 月光\na. 有月光的, 月夜的"
moons,n. 月亮；月状物；[诗]月份；人造地球卫星（moon的复数）
moor,n.荒野；旷野\nMoor: 摩尔人.\nv.系住；停泊
moore,n. 摩尔（男子名）
moors,"v. 停泊, 系泊（船只）( moor的第三人称单数 )"
moose,"n. 麋, 驼鹿"
moot,"n. 大会, 模拟案件, 辩论会\na. 未决议的, 无实际意义的\nvt. 讨论, 争论"
mop,"n. 拖把, 鬼脸\nvt. 用拖把洗擦, 擦, 拭\nvi. 做鬼脸\n[计] 维护操作协议"
mor,n. 粗腐殖质
mora,"[法] 迟延, 非法延误, 疏忽"
moral,"n. 道德, 品行, 寓意\na. 道德的, 品性端正的, 精神上的"
morale,"n. 士气, 道德"
morales, [人名] 莫拉莱斯; [地名] [厄瓜多尔、哥伦比亚、美国、墨西哥、西班牙] 莫拉莱斯
morality,"n. 道德, 教训, 品行\n[法] 道德, 道义"
morally,"adv. 道德上, 德性上, 有道德地"
morals,"n. 道德, 士气, 品德, 品行, 伦理"
moran,n. 莫兰（人名）
morbid,"a. 致病的, 病态的, 疾病的, 可怕的\n[医] 病的"
more,"n. 更多\na. 多的, 程度较大的, 更大的\nadv. 多, 更多, 进一步\n[计] DOS外部命令:显示满屏后自动暂停, 并显示:""--More--"", 按任意键继续"
moreno,莫雷诺（男子名）
moreover,"adv. 而且, 此外"
morgan,n. 摩根马
mori,abbr. 国际市场研究公司（Market &Opinion Research International）
morley,莫利\n摩尔利
mormon,n. 摩门教徒
mormons,n. 摩门教徒( Mormon的复数形式 )
morning,"n. 早晨, 早上, 初期"
mornings,"n. 每天上午, 在任何上午"
moroccan,a. 摩洛哥的\nn. 摩洛哥人
morocco,"n. 摩洛哥, 摩洛哥皮革\n[机] 摩洛哥革"
moron,"n. 低能者, 笨人\n[医] 痴愚者"
morons,n. <口>傻子( moron的复数形式 ); 痴愚者（指心理年龄在8至12岁的成年人）
morphine,n. 吗啡\n[化] 吗啡
morphological,"a. 形态的, 形态学的, 词法的\n[计] 词法的"
morphology,"n. 形态学, 词法, 形态\n[医] 形态学"
morris,n. 莫里斯舞
morrison,n. 莫里森（姓氏）
morrow,n. 次日
morse,n. 摩尔斯电码
mortal,"n. 生物, 人类\na. 不免一死的, 人类的, 临终的"
mortality,"n. 必死的命运, 死亡数目, 死亡率\n[医] 必死性, 死亡率"
mortals,"n. 凡人, 人类( mortal的复数形式 ); 浊骨凡胎"
mortar,"n. 臼, 研钵, 灰泥\nvt. 用灰泥涂抹, 用灰泥结合"
mortars,n. 迫击炮( mortar的名词复数 ); 砂浆; 房产; 研钵
mortem, 事后剖析
mortgage,"n. 抵押, 约束性义务, 抵押借款\nvt. 抵押, 以...作担保, 把...许给"
mortgages,n. 抵押贷款；财产贷款；房屋贷款（mortgage的复数）
mortimer,n. 莫蒂默（男子名）
morton,n. 莫顿（男子名）
morty,"n. 莫蒂（男子名, 等于Morton）"
mos,"[计] 管理操作系统, 金属氧化物半导体"
mosaic,"n. 马赛克, 镶嵌细工, 镶嵌工艺\na. 马赛克的, 镶嵌细工的, 拼花的\nvt. 用镶嵌细工装饰\n[计] Mosaic浏览程序"
moscow,n. 莫斯科
moses,"n. 摩西, 领导者, 立法者"
mosque,n. 清真寺
mosques,"n. 清真寺; 伊斯兰教寺院, 清真寺; 清真寺, 伊斯兰教寺院( mosque的复数形式 )"
mosquito,n. 蚊子\n[医] 蚊
mosquitoes,蚊子
moss,"n. 苔藓, 泥沼\nvt. 使长满苔藓"
most,"n. 最多, 最大\na. 大多数的, 几乎全部的, 最多的\nadv. 最, 最多, 极其"
mostly,"adv. 大概, 大部分, 主要\n[经] 大部份"
mosul,摩苏尔[伊拉克北部城市]
mot,n. 警句
motel,n. 汽车旅馆
moth,"n. 蛾害, 蛾, 乌头叶菜豆\n[医] 蠹, 蛾"
mother,"n. 母亲, 修女院长\nvt. 产生, 照看, 收养"
motherboard,"n. 底板, 母板\n[计] 母板, 主板"
motherfucker,"n. （通常指男性）不要脸的家伙, 混账东西"
motherfuckers,混账东西
motherfucking,"a. <美俚><粗>不要脸的,混帐的,讨厌的"
motherhood,"n. 母道, 母性, 母亲们"
mothers,n. 母亲；根源（mother的复数）
moths,n. 蛾( moth的名词复数 )
motif,"n. 主题, 基调, 动机, 基本图案\n[法] 主旨, 主题, 动机"
motifs,n. <法> （文艺作品等的）主题( motif的复数形式 ); 中心思想; 基本模式; 基本图案
motion,"n. 移动, 手势, 动作, 意向, 请求, 提议\nv. 打手势"
motions,n. （物体的）运动( motion的名词复数 ); 提议; 通便
motivate,"vt. 给与动机, 刺激, 提高...的学习欲望, 促动\n[经] 促动, 激发, 激励"
motivated,"a. 有动机的, 目的明确的"
motivates,"v. 作为…的动机, 激发, 诱发( motivate的第三人称单数 )"
motivating,"v. 作为…的动机, 激发, 诱发( motivate的现在分词 )"
motivation,"n. 动机, 刺激, 推动\n[医] 促动, 推动, 诱导"
motivational,"a. 激发性的\n[法] 动机说明, 引起动机, 动机的形成"
motivations,n. 动力( motivation的复数形式 ); 刺激; 行动方式; 积极性
motive,"n. 动机, 目的, 主题, 基调\na. 运动的, 成为动机的"
motives,"n. 动机, 目的( motive的复数形式 )"
motley,"a. 杂色的, 穿杂色衣的, 杂乱的, 混杂的\nn. 杂色, 杂色衣服, 混杂, 小丑"
moto,n. [体]摩托车越野赛预赛；（意）运动；进行
motor,"n. 马达, 发动机, 原动力, 汽车\na. 马达的, 发动机的, 汽车的, 发动的\nvt. 推动, 以汽车载运\nvi. 乘汽车, 驾车"
motorbike,"n. 机动脚踏两用车, 摩托车"
motorcycle,"n. 摩托车\n[机] 机动车, 机踏车, 摩托车"
motorcycles,"n. 摩托车, 电单车（motorcycle的复数）"
motorists,n. 汽车驾驶员( motorist的复数形式 )
motorized,"a. 摩托化的, 机动化的"
motorola,n. 摩托罗拉（美国主营电子的公司）
motors,n. 汽车公司证券；汽车；发动机（motor的复数）
motorsport,n. 赛车运动; 摩托车运动
motorway,n. 高速公路
motto,"n. 箴言, 座右铭, 警句"
mou,abbr. 谅解备忘录（Memorandum of Understanding）
mould,"n. 模子, 模制品, 松软沃土, 霉\nvt. 形成, 浇铸, 用泥土覆盖\nvi. 发霉"
mound,"n. 土墩, 堤, 小山\nvt. 筑堤, 用土堆防卫\nvi. 积成堆"
mounds,"n. 土堆, 土丘( mound的名词复数 ); 一大堆"
mount,"n. 乘骑用马, 框, 衬纸, 山\nvi. 乘马, 爬上, 增长\nvt. 爬上, 使上马, 装上, 装裱, 安放, 制作...的标本, 设置, 上演\n[计] 安装"
mountain,"n. 山, 山脉, 大堆"
mountainous,"a. 多山的, 如山的, 巨大的"
mountains,n. 山脉；山区；山岳（mountain的复数）
mounted,"a. 安在马上的, 裱好的"
mounting,"n. 装备, 衬托纸, 舞台效果, 上马\n[化] 装配"
mounts,n. 加载的文件系统；山峰（mount的复数）
mourn,"v. 哀悼, 忧伤, 服丧"
mourning,"n. 哀痛, 居丧, 举哀, 哀悼, 丧服, 戴孝"
mouse,"n. 老鼠, 胆小羞怯的人, 鼠标\nvi. 捕鼠, 窥探\nvt. 探出\n[计] 鼠标"
moustache,"n. 髭, 小胡子, 触须"
mouth,"n. 嘴, 口, 口腔, 口状物\nvi. 装腔作势说话, 做鬼脸\nvt. 说出, 做作地说"
mouthed,vt. 装腔作势地说（mouth的过去式与过去分词形式）
mouthpiece,"n. 发话筒, 代言人, (电话)送话口\n[机] 钳口垫片"
mouths,n. 口（ mouth的名词复数 ）; 出入口
movable,"n. 活动的东西, 动产\na. 可动的, 可移动的, 不定的"
move,"n. 移动, 迁居, 步骤\nvt. 移动, 开动, 感动, 搬(家)\nvi. 移动, 离开, 运行, 迁移, 摇动, 搬家, 交往, 进展, 脱手\n[计] 移动; 传送; DOS外部命令:移动文件, 它可将文件移动到指定的地方"
moved,"v. 移动, 移动到；感动（move的过去式, 过去分词）"
movement,"n. 运动, 动作, 运转, 移动, 倾向, 变化, 活动, 乐章\n[医] 运动"
movements,"n. 运动, 运转；运动健身；动作（movement的复数形式）"
mover,"n. 移动的人, 原动力, 鼓动者"
movers,n. （会议上的）提议人( mover的复数形式 ); 搬家工人; …走动的人; 兴旺发达的事物
moves,v. 移动；搬家；感动（move的第三人称单数）
movie,n. 电影
movies,n. 电影
moving,"a. 动人的, 令人感动的, 鼓动的, 原动的, [无比较级]活动的, 转动的"
mow,"n. 草堆, 皱眉, 怪脸\nvt. 割草\nvi. 割草, 做怪脸"
mower,"n. 刈草的人, 刈草机"
mowing,"n. 刈草, 一次收割量, 牧草地"
moyes,(moye 的第三人称 -s形式)  [人名] 莫伊
mozambique,n. 莫桑比克
mozart,n. 莫扎特
mozzarella,n. 莫泽雷勒干酪(意大利产)
mp,"国会议员, 下院议员\n[计] 宏处理程序, 维护程序, 线性规划, 微程序, 多处理器"
mph,"每小时...英里, 哩/时"
mps,[计] 微处理机系统
mr,"先生\n[计] 存储器回收程序, 多重请求"
mri,abbr. 核磁共振成像（Magnatic Resonance Imaging）；机读信息（Machine Readable Information）；中等度肾功能不全（Moderate Renal Insufficiency）
mrna,[化] 信使核糖核酸
mrs,太太
ms,"美国微软公司\n[计] 主存储器, 制造系统, 毫秒, 微软公司"
msc,理科硕士
msg,[医] 谷氨酸一钠
msm,abbr. Manufacturing Standards Manual 制造标准手册；Missile Standards Manual 导弹标准手册；Multilayer switch module 多层交换模块；Maastricht School of Management 马斯特里赫特管理学院
msnbc,n. 微软全国有线广播电视公司
msp,abbr. 蒸汽总管（Main Steam Pipe）；消息发送协议（Message Send Protocol）；管理服务提供商（Management Service Provider）
msu,abbr. main storage unit 主存储器; mass storage unit 大容量存储器; maximum space use 最大空间利用; maximum space utilization 最大空间利用
mt,"峰, 山\n[计] 磁带, 平均时间, 机器翻译, 测量时间, 多终端"
mtv,abbr. 音乐电视（Music Television）
mu,"n. 希腊字母(M,μ)\n[计] 多用户, 存储"
mubarak,n. 穆巴拉克（姓氏）
much,"n. 大量, 许多, 重要的事\na. 很多的, 重要的\nadv. 多, 甚, 几乎"
muck,"n. 垃圾, 肥料\nvt. 施肥, 弄脏, 弄糟\nvi. 搬运矸石"
mucus,n. 粘液\n[化] 粘液
mud,"n. 泥, 诽谤\nvt. 弄脏"
muddy,"a. 泥泞的, 浑浊的, 模糊的\nvt. 使污浊, 使沾上泥污"
mueller,米勒（人名）
muffin,n. 松饼
muffins,n. （涂牛油趁热吃的）松饼( muffin的复数形式 )
mug,"n. 有柄大杯, 脸, 苦读者\nvt. 给...拍照, 攻击, 苦读\nvi. 拼命用功"
mugs,n. 马克杯；杯子（mug的复数）
muhammad,n. 穆罕默德
muir,缪尔
mulberry,"n. 桑树, 桑椹, 深紫红色\n[医] 桑树; 桑葚"
mule,"n. 骡, 倔强之人"
mules,n. 骡( mule的复数形式 ); 拖鞋; <口>顽固的人; 越境运毒者
muller,"n. 磨杵, 粉碎机, 研磨机\n[医] 平底乳钵(研磨器)"
multi,[计] 多
multicultural,a. 融合或具有多种文化的；多种文化的
multiculturalism,n. 多元文化
multilateral,"a. 多边的, 多国的\n[经] 多边的, 涉及多方的"
multimedia,n. 多媒体\n[计] 多媒体
multinational,"a. 多国的, 跨国公司的\nn. 跨国公司"
multiplayer, （电子游戏）多人的，多玩家的
multiple,"n. 倍数, 并联\na. 多样的, 许多的, 多功能的"
multiples,n. 跨国公司；多倍制图仪；连票；倍数
multiplication,"n. 乘法, 增加, 乘法运算\n[医] 增殖; 倍增"
multiplied,v. 乘( multiply的过去式和过去分词 ); （使）相乘; （使）增加; （使）繁殖
multiplier,"n. 增殖者, 倍加器, 乘数\n[计] 乘数; 乘法器"
multiply,"v. 繁殖, 乘, 增加\n[计] 乘"
multitude,"n. 多数, 群众"
mum,"n. 菊花, 沉默\na. 沉默的\nvi. 演哑剧\ninterj. 别说话"
mumbai,n. 孟买（印度城市）
mummy,"n. 木乃伊, 瘦而干瘪之人, 妈咪\n[医] 干尸, 木乃伊; 普鲁士红"
mums,n. <口>妈妈( mum的复数形式 )
mundane,"a. 现世的, 世俗的, 宇宙的"
munich,n. 慕尼黑
municipal,"a. 市政的, 自治区的, 内政的\n[经] 市政的, 市的"
municipalities,"n. 自治市, 自治区, 自治市或区的政府当局( municipality的名词复数 )"
municipality,"n. 自治区, 市当局, 市民\n[法] 市, 自治市, 自治地区"
munitions,"n. 军火, 军需品\n[法] 军火, 军需品"
munro,芒罗（苏格兰姓氏）
munster,n. 明斯特（德国一小镇）
mural,"a. 壁的, 壁上的, 壁似的\nn. 壁画"
murals,n. （通常指大型的）壁画( mural的复数形式 ); 壁画家
murder,"n. 谋杀\nvt. 谋杀, 损毁, 破坏\nvi. 犯杀人罪"
murdered,v. 糟蹋( murder的过去式和过去分词 ); （尤指在团队运动中）彻底打败; 打垮
murderer,"n. 凶手, 杀人者, 谋害者\n[法] 谋杀犯, 凶手"
murderers,"n. 谋杀犯, 凶手( murderer的复数形式 )"
murdering,v. 糟蹋( murder的现在分词 ); （尤指在团队运动中）彻底打败; 打垮
murderous,"a. 凶狠的, 杀人的, 致命的\n[法] 谋杀的, 杀人的, 残酷的"
murders,n. 谋杀( murder的名词复数 ); 杀戮; 对某事物造成极大的伤害[不便]的事物; 极艰难[令人沮丧]的经历\nv. 糟蹋( murder的第三人称单数 ); （尤指在团队运动中）彻底打败; 打垮
murdoch,n. 默多克(m.)
murky,"a. 黝暗的, 阴沉的, 朦胧的"
murphy,n. 马铃薯
murray,n. 默里（男子名）；墨累河（澳大利亚东南部一条河流）
muscle,"n. 肌肉, 臂力\n[医] 肌"
muscles,n. 肌肉（muscle的复数）
muscular,"a. 强壮的, 肌肉发达的, 有力的\n[医] 肌的; 肌肉发达的"
muse,"n. 沉思, 冥想\nv. 沉思, 冥想, 若有所思地凝望或说"
museum,n. 博物馆
museums,n. 博物馆（museum的复数形式）
mushroom,"n. 蘑菇形物, 蘑菇, 暴发户\nvi. 迅速生长, 迅速增加, 采蘑菇\na. 蘑菇形的, 迅速生长的"
mushrooms,n. 蘑菇；蕈类（mushroom的复数形式）
music,"n. 音乐, 乐曲"
musical,"n. 音乐片, 音乐舞台剧\na. 音乐的, 声音美妙的, 喜爱音乐的"
musically,adv. 音乐上
musicals,音乐剧
musician,"n. 音乐家, 乐师, 作曲家"
musicians,n. 音乐家( musician的复数形式 )
musk,"n. 麝香, 麝香的气味\n[化] 麝香"
muslim,"n. 伊斯兰教, 伊斯兰教教徒"
muslims,n. 穆斯林（muslim复数）
mussels,n. 淡菜；贻贝（mussel的复数）；双壳类
mussolini,"墨索里尼(①姓氏 ②enito, 1883-1945, 意大利法西斯党首领及独裁者, 掌权期间 1922-1945)"
must,"n. 必须, 未发酵葡萄汁, 绝对必要的事物\naux. 必须"
mustache,"n. 髭, 胡子"
mustafa,Kemal 穆斯塔法·基马尔(即 Kemal Atatürk)
mustang,"n. 野马, (海军行伍出身的)军官"
mustard,"n. 芥末, 芥菜, 强烈的兴趣\n[医] 芥子; 芥属植物"
muster,"n. 召集, 集合, 检阅, 清单, 花名册, 样品\nvt. 召集, 集合, 应召\nvi. 集合, 集中"
mustered,"v. 集合, 召集, 集结（尤指部队）( muster的过去式和过去分词 ); （自他人处）搜集某事物; 聚集; 激发"
mutant,n. 突变体\n[化] 突变型
mutants,n. <生>突变体（因遗传基因结构改变以致与同类生物有异的生物）( mutant的复数形式 )
mutated,v. （使某物）变化( mutate的过去式和过去分词 ); 转变; 突变; 变异
mutation,"n. 变化, 突变, 元音变化\n[化] 突变"
mutations,n. [遗] 突变；变化；转变（mutation的复数形式）
mute,"n. 哑子, 哑音字母, 弱音器\na. 哑的, 无声的, 沉默的\nvt. 减弱...的声音\nvi. 排泄"
muted,"a. 变弱了的, 变柔和了的"
mutilated,"v. 严重残害…的身体, 使残缺不全, 肢解( mutilate的过去式和过去分词 )"
mutilation,"n. 切断, 毁损\n[医] 残毁, 残缺"
mutiny,"n. 叛变, 兵变\nvi. 叛变, 反抗, 暴动"
mutual,"a. 相互的, 共有的\n[经] 相互的"
mutually,"adv. 互相地, 互助"
muzzle,"n. 动物之鼻口, 口套, 枪口\nvt. 戴口套于, 使缄默"
mv,"市面价值, 平均变化, 中压, 商船, 内燃机船, 初速\n[计] 毫伏"
mvp,abbr. （美）最优秀选手（most valuable player）
mw,[计] 毫瓦
mx,"abbr. 麦克斯韦（maxwell, 磁通量单位）；中性（Middlesex）"
my,pron. 我的\n[医] 迈尔(热容单位)
myanmar,缅甸[东南亚国家](即Burma)
myers,n. 迈尔斯（姓氏）
myles, [人名] [英格兰人姓氏] 迈尔斯 Miles的变体
myriad,"n. 无数, 无数的人(或物)\na. 无数的, 种种的"
myrtle,n. 桃金娘科植物\n[医] 桃金娘
myself,"pron. 我自己, 我亲自, 我独自"
myspace,"“我的空间”, 美国在线社交网站名称"
mysteries,n. 神秘的事物；难以理解的事；古代的秘密宗教仪式（mystery的复数）
mysterious,"a. 神秘的, 难解的, 不可思议的"
mysteriously,adv. 神秘地; 不可思议地; 诡秘地; 故弄玄虚地
mystery,"n. 秘密, 神秘, 奥秘"
mystic,"a. 神秘的, 奥秘的\nn. 神秘主义者"
mystical,"a. 神秘的, 奥秘的"
myth,"n. 神话, 虚构的事, 虚构的人"
mythical,"a. 神话的, 存在于神话中的, 神话式的, 不真实的, 虚构的, 幻想出来的"
mythology,n. 神话
myths,n. 神话( myth的复数形式 ); 杜撰出来的人[事物]
na,"北美洲, 国立研究院院士, 国立研究院, 国民军\n[医] 钠(11号元素)"
naacp,abbr. 全国有色人种协进会（National Association for the Advancement of Colored People）
nab,"vt. 捉住, 逮捕, 抢夺\n[电] 国际广播协会的简写"
nada,abbr. 美国汽车经销商联合会（the National Automobile Dealers Association）
nadal,n. 纳达尔全名：Rafael Nadal.西班牙男子网球运动员; 前世界排名第一; 红土之王; 六个大满贯得主
nadia,"n. 纳迪亚（人名, 特指香港女明星陈松龄）"
nadine,n. 纳丁（女子名）
nadu,n. (Nadu)人名；(罗)纳杜\nabbr. 海军航空研制单位（naval air development unit）
nafta,abbr. 北美自由贸易协定（North American Free Trade Agreement）
nag,"n. 老马, 驽马, 劣等竞赛马, 唠叨\nv. 不断地唠叨, 恼人"
nagging,"a. 唠叨的, 责备挑剔的"
nah,"a. 没有；很少, 很小"
nail,"n. 钉子, 指甲\nvt. 用钉钉牢, 使固定, 截住, 揭露"
nailed,a. 用钉钉牢的
nails,n. 钉子（nail的复数）
nairobi,n. 内罗比
naive,"a. 天真的, 纯真的, 幼稚的"
naked,"a. 裸体的, 无装饰的, 无保护的, 赤贫的\n[医] 裸露的"
nam,全国制造商协会(美国)
name,"n. 名字, 名称, 姓名, 名义, 名誉, 文件名\nvt. 命名, 称呼, 任命, 提名, 列举\na. 姓名的, 据以取名的\n[计] 名称, 文件名, 姓名"
named,"a. 被指名的, 指定的\n[计] 命名的, 指定的, 有名的"
nameless,"a. 无名的, 匿名的, 不可名状的"
namely,"adv. 即, 就是, 换句话说"
names,n. 名字；名望（name的复数形式）
namesake,"n. 同名人, 同名物"
namibia,n. 纳米比亚
naming,n. 命名\n[计] 命名
nan,"n. 奶奶（小孩儿语）；印度, 巴基斯坦式的微微发酵的面包"
nana,北美报业联盟
nancy,"n. 女性化的男人\na. 女性化的, 同性恋的"
nanny,n. 保姆；母山羊
nano,"[计] 纳, 毫微"
nanoparticles, 纳米粒
naomi,"n. 内奥米（女子名, 圣经中人物）"
nap,"n. 小睡, 稍睡, 细毛, 孤注一掷\nvi. 小睡, 疏忽\nvt. 使拉毛, 打盹度过, 预测...为获胜马"
napa,abbr. 全国演员协会（National Association of Performing Artists）；美国国家汽车配件协会（National Automotive Parts Association）
napier,"纳皮尔[新西兰北岛东岸港市] , grass [植]紫狼尾草,象草"
napkin,"n. 餐巾, 餐巾纸, 尿布"
naples,n. 那不勒斯
napoleon,n. 拿破仑
napoli,<意>=Naples
narcissistic,"a. 自我陶醉的, 自恋的\n[医] 自爱欲的"
narcotics,n. 麻醉毒品；麻醉剂（narcotic的复数）
narrated,v. 故事( narrate的过去式和过去分词 )
narration,"n. 叙述, 故事, 叙述文\n[法] 陈诉, 原告陈述者事实"
narrative,"n. 叙述, 故事\na. 叙述的, 叙事的, 故事体的"
narratives,n. 记叙文( narrative的复数形式 ); 故事; 叙述; 叙述部分
narrator,"n. 讲述者, 叙述者\n[法] 陈述者, 叙述者"
narrow,"n. 狭窄部分, 隘路\na. 狭窄的, 仔细的, 有限的, 勉强的, 狭隘的, 手紧的\nvi. 变窄\nvt. 使变狭窄"
narrowed,a. [医]狭窄的\nv. （使）变窄( narrow的过去式和过去分词 )
narrower,a. 比较狭窄的（narrow的比较级）
narrowing,[计] 缩小性
narrowly,"adv. 狭窄地, 严密地, 仔细地, 几乎不, 勉强地, 仅仅"
narrows,n. 纽约湾海峡（位于美国）
naruto,n. 火影忍者（动漫名称）
nas,全国科学院(美国)\n[计] 网络应用支持
nasa,国家航空和宇宙航行局(美国)\n[电] 国际航空和太空总署的同义字
nasal,"a. 鼻的, 鼻声的, 尖锐的\nn. 鼻音, 鼻音字"
nascar,abbr. 全国运动汽车竞赛协会（National Association of Stock Car Auto Racing）
nasdaq,abbr. 全国证券交易商自动报价系统协会（National Association of Securities Dealers Automated Quotation）
nash,n. 纳什（姓氏）
nashville,n. 那什维尔（美国田纳西州首府）
nassau,n. 拿索（巴哈马群岛之首都）
nasser,"n. 纳塞尔（埃及总统, 1918-1970）"
nasty,"a. 污秽的, 下流的, 险恶的"
nat,"n. 守护神, 精灵"
natal,"a. 出生的, 诞生的\n[医] 分娩的, 生产的; 臀的"
natalia,n. 纳塔莉亚(f.)
natalie,n. 纳塔利（女子名）
natasha,n. 娜塔莎(亦作Natascha)(f.)
nate,abbr. 全国英语教师协会（ National Association of Teachers of English）
nathan,n. 南森（男子名）
nathaniel,n. 纳撒尼尔（男子名）
nation,"n. 国家, 民族\n[法] 民族, 国家"
national,"a. 国家的, 国立的, 全国性的, 民族的\n[经] 全国性的, 国家的, 国民的"
nationalism,"n. 民族主义, 民族特性"
nationalist,"n. 国家主义者, 民族主义者"
nationalists,"n. 民族主义者, 国家主义者( nationalist的复数形式 )"
nationalities,"n. 国籍, 民族（nationality的复数）"
nationality,"n. 国籍, 国家, 民族性\n[法] 国家, 民族, 国民"
nationally,"adv. 作为整个民族, 举国一致地, 全国性地"
nationals,n. [常用复数]全国性比赛( national的复数形式 ); 某国国民; 全国性报刊; （机构等的）全国总部
nations,n. 国家（nation的复数）
nationwide,"a. 全国性的\n[法] 全国的, 全国范围的"
native,"n. 本地人, 土产, 当地人\na. 本国的, 与生俱来的, 自然的"
natives,n. 当地人( native的复数形式 ); （旧时欧洲人用以称呼先于白人居住在某地的人）土著; 出生于某国（或某地）的人; 本地的动物（或植物）
nativity,"n. 出生, 出生的情况, 诞生, 出生地, 耶酥诞生"
nato,"北大西洋公约组织, 北约组织\n[经] 北大西洋公约组织"
natural,"n. 白痴\na. 自然的, 自然界的, 本能的, 天然的, 物质的, 正常的, 原始的, 自然数的"
naturalist,n. 自然主义者
naturally,"adv. 自然地, 以自然力, 天生地"
nature,"n. 自然, 大自然, 本性, 性格, 性质\n[医] 自然, 大自然; 本性, 性能"
naughty,"a. 顽皮的, 没规矩的, 不适当的, 下流的"
nausea,"n. 反胃, 晕船, 恶心, 厌恶\n[医] 恶心"
nautical,"a. 海上的, 航海的, 船员的"
nav,abbr. 资产净值（net asset value）
navajo,n. 纳瓦霍人（美国最大的印第安部落）
naval,"a. 海军的, 军舰的, 有舰队的\n[法] 海军的, 军舰的, 船的"
navigate,"vi. 航行\nvt. 航行于, 驾驶, 操纵, 使通过"
navigating,"v. 航行, 操纵（navigate的现在分词形式）"
navigation,"n. 航行, 航海, 导航\n[经] 航空, 航海, 航船"
navigator,"n. 航海家\n[法] 领航员, 驾驶员, 航海者"
navy,"n. 海军, 海军人员, 海军军力, 烟蒂"
naw,"adv. <俚> 不,不是, 没有(用以表示否定的回答)"
nawaz,n. (Nawaz)人名；(印、孟、巴基、阿富)纳瓦兹
nay,"adv. 否, 不, 不仅如此\nn. 拒绝, 反对, 投反对票"
nazareth,n. 拿撒勒(巴勒斯坦古城)
nazi,n. 纳粹党人\na. 纳粹党的
nazis,n. 纳粹；纳粹党人（nazi的复数）
nazism,n. 纳粹主义
nb,"注意, 留心\n[医] 铌(41号元素)"
nba,abbr. 全美篮球协会（National Basketball Association）
nbc,全国广播公司(美国)
nbsp,abbr. 不间断空格（Non-breaking Space）
nc,"北卡罗来纳\n[计] 网络控制, 不连接, 数控"
ncaa,abbr. （美国）全国大学生体育协会（National Collegiate Athletic Association）
nd,北达科地\n[医] 钕(60号元素)
ndp,abbr. 国内生产净值（Net Domestic Product）；（加拿大）新民主党（New Democratic Party）；三磷酸核苷（nucleoside diphospate）
ne,"a. 原姓...的, 原名...的\n[医] 氖(10元素)"
neal,n. 尼尔（人名）
near,"a. 近的, 近亲的, 近似的\nadv. 接近, 亲近\nprep. 靠近, 近似于\nv. 接近, 走近"
nearby,"a. 附近的, 近旁的\nadv. 在附近, 近旁地\nprep. 在...附近"
nearer,a. 较近
nearest,a. 最近的（near的最高级）
nearing, 垂
nearly,"adv. 几乎, 密切地"
neat,"a. 整洁的, 巧妙的, 匀称的, 简洁的\nn. 牛"
neatly,"adv. 整洁地, 干净地, 匀称地"
nebraska,"[经] 内布拉斯加州, (美国中西部的一州)"
nebula,"n. 星云, 角膜云翳\n[医] 薄翳; 角膜翳, 角膜云翳; 喷雾剂"
nec,日本电气公司
necessarily,"adv. 必然地, 必须地, 必要地"
necessary,a. 必要的；必然的；必需的
necessities,n. 必要（性）( necessity的名词复数 ); （迫切）需要; 必需品; 自然规律
necessity,"n. 需要, 必需品, 必然\n[法] 必要性, 必然性, 必要"
neck,"n. 脖子, 衣领, 颈\nvi. 拥抱, 拥吻, 收缩\nvt. 割颈"
necklace,n. 项链
necklaces,n. 项链( necklace的复数形式 )
necks,n. 脖子（neck的复数形式）
nectar,"n. 神酒, 甜美饮料, 甘露"
ned,牛津大词典
nee,adv. 娘家姓
need,"n. 需要, 必须, 缺乏\nvt. 需要, 必需\nvi. 贫困, 有必要\naux. 需要"
needed,a. 需要的
needing,"v. 需要, 必须( need的现在分词 ); （表示应该或不得不做）有必要"
needle,"n. 针, 尖\nvt. 用针缝\nvi. 缝纫\n[计] 探针"
needles,"n. 针数, 千针本；折页顶针（needle复数形式）"
needless,"a. 不需要的, 不必要的"
needs,adv. （只与must连用）必须地
needy,"a. 贫穷的, 贫困的, 生活艰苦的"
negative,"n. 否定, 否定语, 负数, 底片\na. 否定的, 消极的, 负的, 阴性的\nn. 负数, 负值\n[计] 负数, 负值"
negatively,"adv. 否定地, 消极地"
negatives,n. 底片；负数；负面事物（negative的复数形式）
negativity,"n. 否定性, 消极性"
neglect,"n. 疏忽, 忽略, 漏做\nvt. 疏忽, 忽视, 不顾"
neglected,"a. 被忽视的, 未被好好照管的\n[法] 未被好好照管的, 被忽视的"
neglecting,v. 疏忽( neglect的现在分词 ); 忽略; 遗漏; 疏于照顾
negligence,"n. 疏忽, 粗心大意, 忽视\n[经] 疏忽, 过失"
negligent,"a. 疏忽的, 粗心的, 不在意的"
negligible,"a. 可以忽略的, 不足取的, 无用的\n[医] 可不计的, 可忽视的"
negotiable,"a. 可磋商的, 可转让的, 可通行的\n[经] 可流通的, 可转让的"
negotiate,"vi. 商议, 谈判, 交涉\nvt. 谈妥, 转让, 处理"
negotiated,"v. 谈判, 协商, 议定( negotiate的过去式和过去分词 ); 兑现（支票等）; 通过, 越过（险要路段）"
negotiating,n. 谈判
negotiation,"n. 谈判, 磋商, 交涉\n[经] 谈判, 协商"
negotiations,n. 磋商；谈判（negotiation的复数）
negotiator,"n. 磋商者, 交涉者, 议定者\n[经] 谈判者, 交易者, 协商者"
negro,n. 黑人\na. 黑人的
nehru,n. 尼赫鲁（前印度总理）
neighbor,"n. 邻居\nvt. 邻接\nvi. 毗邻而居, 友好\na. 邻近的"
neighborhood,"n. 附近, 邻近"
neighborhoods,n. 地区( neighborhood的复数形式 ); 某地区的人; 与某处邻近的地区; 临近街坊
neighboring,"a. 附近的, 邻近的, 邻接的"
neighbors,"n. 街坊邻里, 邻居；邻国；邻元素（neighbor的复数）"
neighbour,"n. 邻居, 邻接的东西, 邻国, 邻座, 邻人, 世人\na. 邻接的, 邻近的\nvi.vt. 邻近, 与...结邻, 邻接"
neighbourhood,"n. 邻接, 周围, 附近一带, 邻近, 邻居关系, 地区, 街道, 街坊, 四邻\n[计] 邻域"
neighbourhoods,"n. 地区, 某地区的人, 与某处邻近的地区( neighbourhood的复数形式 )"
neighbouring,"a. 邻近的, 接壤的, 附近的\n[法] 邻近的, 附近的, 接壤的"
neighbours,n. 邻居( neighbour的名词复数 ); 邻近的人[物]; 邻国; 世人
neil,n. 尼尔（男子名）
neither,"adv. 皆不, 两个都不\na. (两者)都不的\npron. 两者都不\nconj. 既非, 既不"
nell,"n. 内尔（女子名, 等于Helen）"
nellie,"n. 内莉（女子名, 等于Nelly或Nell）"
nelly,"n. 内丽（女子名, 等于Eleanor, Ellen, Helen）"
nelson,n. (摔跤用语)肩下握颈
nemesis,"n. 复仇女神, 给与惩罚的人, 天罚, 报应"
nemo,n. 现场转播节目
neo,[计] 最新式
neon,n. 氖\n[化] 氖Ne
neonatal,a. 出生不满一个月的婴儿\n[医] 新生[期]的
nepal,n. 尼泊尔
nephew,"n. 侄子, 外甥"
nephews,"n. 侄子, 外甥( nephew的复数形式 )"
neptune,n. 海王星
nerd,n. 讨厌的人；呆子
nerds,"n. 讨厌的人, 卑微的人( nerd的复数形式 )"
nerdy,a. 傻瓜似的；蠢的
nero,n. 尼禄（古罗马暴君）
nerve,"n. 精神, 勇气, 叶脉, 神经\nvt. 鼓起勇气"
nerves,"n. 神经质, 神经紧张"
nervous,"a. 神经紧张的, 不安的, 神经的\n[医] 神经的; 神经质的, 神经过敏的"
nervously,adv. 焦急地；神经质地；提心吊胆地
nes,abbr. 不另说明（not elsewhere specified）；红白机（Nintendo Entertainment System）
ness,n. 海角
nest,"n. 巢, 窝, 休息所, 隐匿处\nvi. 筑巢, 找鸟巢\nvt. 为...设窝, 使套叠\n[计] 嵌套"
nesting,[计] 嵌套
nests,n. （鸟）窝( nest的名词复数 ); 温床; （套叠在一起的）一套物件; 藏匿处\nv. 筑巢( nest的第三人称单数 )
net,"n. 网, 网状物, 罗网, 净利, 净价\na. 净的, 最终的\nvt. 用网捕, 撒网, 净赚, 得到\nvi. 编网\n[计] 网络, 网络分析程序"
netanyahu,n. 内塔尼亚胡（人名）
netball,n. 无挡板蓝球
netflix,n. 全球十大视频网站中唯一收费站点
netherlands,n. 荷兰
nets,n. 网（net的复数）
netting,"n. 网, 结网, 网鱼"
network,"n. 网络, 广播网, 网状物\n[计] 网络"
networking,"[计] 连网, 建网"
networks,n. 网络；广播电视网（network的复数形式）
neural,"a. 神经的, 神经系统的, 神经中枢的, 背的\n[医] 神经的"
neurological,a. 神经病学上的
neurology,n. 神经病学\n[医] 神经病学
neuron,"n. 神经原, 轴索, 神经细胞\n[计] 神经元"
neuronal,"a. 神经原, 轴索, 神经细胞\n[化] 二乙基溴乙酰胺"
neurons,n. 神经元（neuron的复数形式）
neuroscience,n. 神经系统科学( 指神经病学、 神经化学等)
neutral,"n. 中立者, 中立国, 非彩色, 空档\na. 中立的, 中性的, 无色的"
neutrality,"n. 中立, 不偏不倚, 中间状态\n[医] 中性; 无作用[性]"
neutralize,"vt. 使中立, 使成中立地带, 使中和, 抵销\nvi. 中立化, 变无效, 中和"
neutron,n. 中子\n[化] 中子
nev,"abbr. 内华达（美国州名, Nevada）"
nevada,n. 内华达
never,"adv. 从不, 决不, 不曾\n[法] 永不, 决不, 从来没有"
nevermind,"注意, 留意, 理会"
nevertheless,"adv. 然而, 虽然如此\nconj. 然而"
neville,n. 内维尔（男子名）
new,"a. 新的, 陌生的, 最近的, 不熟悉的\n[法] 新发现的, 新的, 重新开始的"
newark,n. 纽瓦克市（美国新泽西州港市）
newbie,[计] 新成员
newborn,n. 婴儿\na. 新生的
newcastle,n. 纽卡斯尔（英国港市）
newcomer,n. 新来者
newcomers,"n. 新来的人, 新手( newcomer的复数形式 )"
newer,"a. 更新的, 更新"
newest,最新
newfound,a. 新发现的
newfoundland,n. 纽芬兰
newly,"adv. 重新, 最近"
newman,[计] 牛曼
newport,n. 新港；纽波特（美国罗得岛之避暑胜地）
news,"n. 新闻, 消息, 报导\n[法] 新闻, 消息, 新闻报导"
newsletter,"n. 时事通讯, 业务通讯, 时事传报\n[法] 时事通讯, 时事信札"
newspaper,n. 报纸
newspapers,"n. 报纸, 报章（newspaper的复数）"
newsroom,"n. 新闻编辑部, 报刊阅览室, 售报处"
newsweek,n. 新闻周刊（美国一杂志）
newt,n. 水螈
newton,n. 牛顿\n[化] 牛顿
newtown,n. 纽镇（地名）
next,"n. 下一个\na. 下一个的, 其次的, 贴近的\nadv. 然后, 下次, 次于\n[计] 近邻干扰"
nexus,"n. 连结, 关系\n[化] 融合膜"
nf,[电] 千亿分之一法
nfc,abbr. 国家足球联盟（National Football Conference）
nfl,abbr. （美）全国橄榄球联盟（National Football League）
ng,[化] 硝化甘油
ngo,abbr. 民间组织；非政府组织（Non-Governmental Organization）
ngos,abbr. non-government organization 非政府组织，非政府机构
nguyen,n. 阮（越南姓氏）
nh,"abbr. 不吸湿的（nonhygroscopic）；全日空航空公司；美国地名, 新罕布什尔（New Hampshire）"
nhl,abbr. 全国曲棍球联合会（National Hockey League）
nhs,国家医疗保健机构
ni,[医] 镍(28号元素)
nia,abbr. （美）国家情报局（National Intelligence Authority）；（美）全国老年研究所（National Institute on Aging）
niagara,"n. 尼亚加拉, 尼亚加拉河, 急流, 泛滥的洪水"
niall,尼尔（人名）
nic,"[计] 网络接口卡, 网络信息中心"
nicaragua,[经] 尼加拉瓜
nice,"a. 美好的, 和蔼的, 正派的, 做得好的, 精密的, 细微的, 挑剔的, 谨慎的"
nicely,"adv. 漂亮地, 谨慎地, 恰好地"
nicer,a. 良好的
nicest,"最美好的, 最令人愉快的（nice的最高级）"
niche,"n. 壁龛\nvt. 放入壁龛, 安顿"
nicholas,n. 尼古拉斯（男子名）
nicholls,n. (Nicholls)人名；(英)尼科尔斯
nichols,n. 尼克尔斯
nicholson,尼科尔森(姓氏)
nick,"n. 刻痕, 缺口, 划痕\nvt. 刻痕于, 弄缺, 擦伤\nvi. 狙击"
nickel,"n. 镍, 镍币, 五分镍币\nvt. 镀镍于"
nickelodeon,"n. 五分钱娱乐场, 一种旧式自动点唱机"
nicki,尼基
nickname,"n. 绰号, 昵称\nvt. 给...取绰号, 叫错名字\n[计] 绰号"
nicknamed,vt. 给…起绰号（nickname的过去式与过去分词形式）
nicknames,"n. 绰号, 诨名, 昵称( nickname的名词复数 )"
nicky,"n. 尼基（男子名, 等于Nicholas）；妮基（女子名, 等于Nicola或Nicole）"
nico,"n. 尼科, 妮可（人名）"
nicola,n. 尼古拉（男子名）
nicolas,n. 尼古拉斯（男子名）
nicole,"n. 尼科尔（女子名, 等于Nichole）"
nicotine,"n. 烟碱, 尼古丁\n[化] 烟碱; 尼古丁"
niece,"n. 侄女, 甥女"
nieces,"n. 侄女, 外甥女( niece的复数形式 )"
nielsen,n. 尼耳森（人名）
nietzsche,a. 尼采的
nifty,"a. 俏皮的, 时髦的\nn. 俏皮话, 漂亮话"
nigel,n. 奈杰尔（男子名）
niger,n. 尼日尔\n[化] 皂脚
nigeria,n. 尼日利亚
nigerian,n. 尼日利亚人
nigerians, [医]尼日利亚人
nigga,（美国俚语）黑人
niggas,（美国俚语）黑人
nigger,"n. 黑人, 社会地位低下的人, 深棕色\n[法] 被歧视者, 有黑人血统者"
nigh,a. 在附近的\nadv. 在附近地\nprep. 近于
night,"n. 夜, 夜晚, 晚上, 黑暗, 夜晚的工作\n[法] 夜, 黑夜, 黑暗"
nightclub,n. 夜总会
nightclubs,n. 夜总会( nightclub的复数形式 )
nightfall,"n. 傍晚, 黄昏, 日暮"
nightingale,n. 夜莺
nightlife,n. 夜生活
nightly,"a. 每夜的, 夜间的\nadv. 每夜"
nightmare,"n. 梦魇, 恶梦, 可怕的事物(或情景、人物)\n[医] 梦魇, 恶梦"
nightmares,"n. 噩梦( nightmare的复数形式 ); <口>可怕的事情, 无法摆脱的恐惧"
nights,"n. 每夜, 在任何夜晚"
nighttime,n. 夜间
nih,abbr. 国家卫生研究所（National Institutes of Health）
nike,"n. 胜利女神, 奈克导弹"
nikita,n. 尼基塔（人名）
nikki,n. 尼基（女人名）
nikolai,n. 尼古拉
nikon,n. 尼康牌照相机
nil,"n. 无, 全无, 零\n[法] 无, 零, 无有"
nile,n. 尼罗河
niles,"奈尔斯(①姓氏, 男子名 ②美国一城市)"
nina,n. 尼娜（女名）
nine,"num. 九, 九个"
nineteen,"num. 十九, 十九个"
nineteenth,"num. 第十九, 十九分之一"
nineties,"n. 九十几, 九十年代( ninety的名词复数 )"
ninety,"num. 九十, 九十个"
ninja,n. （受过偷窃技术专门训练被雇作间谍或刺客的）日本武士
nino,n. 尼诺（男子名）
nintendo,任天堂
ninth,"num. 第九, 九分之一"
nip,"n. 捏, 夹, 寒冷, 尖刻话\nvt. 捏, 夹, 钳, 剪断, 损伤, 冻伤, 一小口\nvi. 夹, 捏, 刺骨, 快走, 一小口一小口地抿(酒)\n[计] 核心程序的初始程序"
nipple,"n. 乳头, 奶头, 奶嘴\n[化] 螺纹接口; 螺纹接套"
nipples,n. 乳头( nipple的复数形式 ); <美>（奶品的）橡皮奶头; （机器上的）乳头状注油口; 加油嘴
nirvana,n. 天堂
nissan,n. 尼桑（日产汽车名）
nit,"n. 没用的人, 幼虫, 卵\n[医] 虮, 虱卵"
nitrate,n. 硝酸盐\n[化] 硝酸盐(或酯)
nitro,n. 硝基
nitrogen,n. 氮\n[化] 氮N-2
nixon,n. 尼克松（美国第37任总统）
nj,abbr. 新泽西（New Jersey）
nk,abbr. 日本海事协会（Nippon Kaiji Kyokai）；北加拿大航空公司（North Canada Air Ltd）
nl,"[计] 换行, 无标号"
nm,"[计] 纳米, 毫微米\n[医] 新霉素, 弗氏霉素"
no,"n. 不, 拒绝, 否决票\na. 没有, 不是, 绝非\nadv. 不"
noaa,[经] 美国国家气象局
noah,n. 诺亚
nobel,n. 诺贝尔
nobility,"n. 贵族, 高尚, 贵族阶级"
noble,"n. 贵族\na. 高贵的, 高尚的, 贵族的, 辉煌的"
nobles,n. 尊贵的人( noble的复数形式 ); （中世纪后期的）英国金币（约合英国旧币六先令八便士或半马克）; （英国）爵士
nobody,"n. 小人物, 无名小卒\npron. 无人, 没有人"
nocturnal,"a. 夜的, 夜曲的\n[医] 夜间的"
nod,"n. 点头, 打盹, 晃动\nvi. 点头, 打盹\nvt. 点头表示, 点(头)"
nodded,v. 点头；打瞌睡；摇动（nod的过去式）
nodding,"a. 点头的, 低垂的；昏昏欲睡的"
node,"n. 节, 结节, 瘤\n[计] 节点; 结点"
nodes,n. 节点（node的复数形式）
nods,v. 点头( nod的第三人称单数 ); 打盹; 打瞌睡; 点头致意
noel,"n. 圣诞节, 圣诞颂歌"
noir,a. 轮盘戏中黑色数字的
noise,"n. 噪音, 杂音, 响声, 喧闹\nvt. 谣传\nvi. 喧闹\n[计] 噪声"
noises,n. 噪音
noisy,"a. 嘈杂的, 喧闹的\n[机] 噪声的, 嘈杂的"
nokia,n. 诺基亚（财富500强公司之一）
nolan,n. 诺兰（男子名）
nom,abbr. 名义上的（等于nominal）
nomadic,"a. 游牧的, 游牧生活的, 流浪的\n[医] 游动的, 无定的, 游离的"
nomenclature,"n. 命名法, 专门语, 术语\n[化] 命名法; 命名原则"
nominal,"a. 名义上的, 名字的, 有名无实的, 稍许的\nn. 名词性词"
nominally,"adv. 有名无实地, 名义上地, 名称上"
nominate,"vt. 提名, 任命, 命名\n[法] 提名...为候选人, 指定, 推荐"
nominated,a. 被任命的；被提名的
nominating,v. 提名…为候选人( nominate的现在分词 ); 任命; 挑选; 指定（时间、日期、名称等）
nomination,"n. 提名, 任命, 提名权"
nominations,"n. 提名, 任命( nomination的复数形式 )"
nominee,"n. 被提名者, 被任命者\n[经] 被指定人"
nominees,"n. 被提名者, 被任命者( nominee的复数形式 )"
non,"adv. 非, 不"
none,"adv. 一点也不, 毫不\npron. 没有人, 无一物, 并无一个\na. 没有的"
nonetheless,"conj. 然而, 尽管, 不过\nadv. 不过, 仍然, 尽管如此, 然而"
nonexistent,a. 不存在的
nonfiction,n. (非小说的)写实文学
nonlinear,a. 非线性的\n[电] 非线性的
nonprofit,"a. 非赢利的, 无利可图的\n[法] 非营利的, 无利可图的"
nonsense,"n. 无意义的事, 荒谬言行, 荒唐"
nonstop,"a. 直达的, 不着陆的, 不休息的\nadv. 不休息地\nn. 直达车, 直达行驶"
noodle,"n. 面条, 笨蛋"
noodles,"n. 面条, 挂面（noodle的复数形式）"
nook,"n. 角落, 躲蔽处, 隐匿处, 凹处"
noon,"n. 正午, 中午, 全盛期"
nope,"adv. 不, 不是"
nor,"conj. 也不, 也没有\n[计] 或非"
nora,n. 诺拉（女子名）
nord,"n. 北方, 北部"
nordic,"n. 北欧人, 日耳曼民族, 北欧两项滑雪\na. 北欧人的, 日耳曼民族的, 北欧两项滑雪的"
norfolk,n. 诺福克(英格兰郡名)
norm,"n. 基准, 模范, 标准, 准则, 平均数\n[化] 定额"
norma,n. 矩尺(星)座\n[医] 外观(颅)
normal,"n. 常态, 标准, 正常, 普通\na. 正常的, 正规的, 标准的, 师范的, 正态的\n[计] 标准, 普通"
normalized,a. 规格化的；标准化的；正规化的
normally,"adv. 正规地, 合规则, 正常地"
norman,a. 诺曼第语的；诺曼第人的
normandy,n. 诺曼底
normative,"a. 合乎规范的, 标准的, 规范的\n[法] 标准的, 规范的, 合乎规范的"
norms,"n. 标准, 规范；基准（norm复数形式）"
norris,n. 诺里斯（男子名）
norse,a. 挪威人的；挪威的；斯堪的纳维亚语的
north,"n. 北方, 北\na. 北的, 北方的\nadv. 向北方, 在北方"
northampton,n. 北安普敦（英格兰中部郡名）
northbound,a. 北行的
northeast,"n. 东北\na. 东北的, 向东北的, 来自东北的\nadv. 向东北, 来自东北"
northeastern,"a. 东北方的, 在东北的, 来自东北的"
northern,"n. 北方人\na. 北方的, 向北的, 自北方来的"
northumberland,诺森伯兰郡[英国英格兰郡名]
northward,"n. 北方, 北\na. 向北的\nadv. 向北"
northwest,"n. 西北, 西北方\na. 西北的, 在西北的, 来自西北的\nadv. 向西北"
northwestern,"a. 在西北部的, 西北方的, 来自西北的"
norton,n. 诺顿（男子名）；诺顿公司（美国一软件公司）
norway,n. 挪威
norwegian,"n. 挪威人, 挪威语\na. 挪威的, 挪威人的, 挪威语的"
norwich,n. 诺威奇（英国城市）
norwood,n. 诺伍德（位于伦敦郊区）
nos,[计] 网络操作系统
nose,"n. 鼻子, 突出部分, 嗅觉\nvt. 嗅到, 探出, 用鼻子触\nvi. 闻, 嗅, 探听, 告密"
nosed,a. 有...鼻子的
noses,n. 鼻子（nose复数）
nostalgia,"n. 乡愁, 向往过去, 怀旧之情\n[医] 怀乡病"
nostalgic,"a. 乡愁的, 怀旧的\n[医] 怀乡病的"
nostrils,n. 鼻孔( nostril的复数形式 )
not,"adv. 不, 非, 未\n[计] 非"
notable,"n. 著名人士, 值得注意之事物\na. 值得注意的, 显著的"
notably,"adv. 显著地, 著名地, 尤其, 特别"
notary,"n. 公证人\n[经] 公证人, 公证员"
notation,"n. 记号, 符号表示法, 注释\n[计] 记数法"
notch,"n. 刻痕, 等级, 峡谷\nvt. 刻凹痕, 用刻痕计算, 赢得"
note,"n. 笔记, 记录, 注解, 票据, 符号, 显要, 注重, 便笺, 照会\nvt. 记录, 注解, 注意"
notebook,"n. 笔记本, 手册, 期票簿"
notebooks,"n. 笔记簿( notebook的复数形式 ); 笔记本计算机, 笔记本电脑"
noted,"a. 著名的, 显著的, 扬名的"
notes,"n. 票据；注释, 说明（note复数）"
noteworthy,"a. 值得注目的, 显著的"
nothin,n. (Nothin)人名；(瑞典)诺廷
nothing,"n. 无, 不关紧要之事, 零\nadv. 毫不, 决不\ninterj. 什么也没有, 无"
notice,"n. 注意, 布告, 通知, 预告, 短评\nvt. 注意, 通知, 评论, 提及, 关注\nvi. 注意"
noticeable,"a. 显而易见的, 显著的, 值得注意的"
noticeably,"adv. 显而易见, 值得注意, 重要, 显著"
noticed,v. 注意（ notice的过去式和过去分词 ）; 觉察
notices,n. 条款；启事；通知函（notice的复数）
noticing,v. 介绍( notice的现在分词 ); 关注; 关照; 说到
notification,"n. 通知, 通告, 告示\n[经] 通知, 通知书"
notifications,n. 通知；通告；[法] 告示（notification的复数）
notified,"v. 通知, 告知, 报告( notify的过去式和过去分词 )"
notify,"vt. 通知, 通告, 报告\n[计] 通知"
noting,"n. 注释, 注释法；公证文件；提示"
notion,"n. 概念, 观念, 想法, 打算, 别致的小东西\n[经] 概念, 打算, 想法"
notions,n. <美>缝纫用的杂货（如针、线等）; 概念( notion的复数形式 ); 观念; 突然的念头; 意图
notoriety,"n. 恶名, 臭名, 声名狼藉"
notorious,"a. 声名狼藉的, 臭名昭著的, 众人皆知的"
notoriously,"adv. 臭名昭著的, 声名狼藉的"
notre,a. （法）我们的
nottingham,"n. 诺丁汉郡(英格兰郡名), 诺丁汉市"
nottinghamshire,n. 诺丁汉郡(英国英格兰郡名)
notwithstanding,"adv. 虽然, 尽管\nprep. 尽管\nconj. 虽然"
noun,n. 名词
nouns,n. 名词; 名词( noun的复数形式 )
nov,abbr. 十一月（November）
nova,n. 新星\n[计] 诺瓦计算机
novak,n. 诺瓦克（人名）
novel,"n. 小说, 长篇故事\na. 新奇的, 异常的"
novelist,n. 小说家
novels,n. 小说（novel的复数）
novelty,"n. 新奇, 新鲜, 新奇的事物"
november,n. 十一月
novice,"n. 新手, 初学者"
novo,abbr. 芬兰诺瓦公司
now,"adv. 现在, 刚才, 目前\nn. 现在\na. 现在的\nconj. 由于"
nowadays,"n. 现在, 现时, 当今\nadv. 时下, 现今"
nowhere,"adv. 无处, 到处都无"
nozzle,"n. 管口, 喷嘴\n[化] 喷口"
np,[医] 镎(93号元素)
npc,abbr. 全国石油委员会（National PetroleumCouncil）；全国人民代表大会（the National People's Congress）；美国全国专利委员会（National Patent Council）
npr,abbr. 噪声功率比（noise power ratio）；核动力反应堆（Nuclear Power Reactor）；美国国家公共电台（National Public Radio）
nr,abbr. 天然橡胶（Natural Rubber）；水平调节控制
nra,abbr. 国家档案登记处（National Register of Archives）
nrl,abbr. normal rated load 正常额定负荷
ns,"[计] 毫微秒, 纳秒"
nsa,abbr. 美国国家安全局（National Security Agency）；美国国家标准协会（National Standards Association）
nsfw,
nsw,abbr. （澳大利亚）新南威尔士（New South Wales）
nt,"[医] 氡, 镭射气(86号元素)"
nu,n. 希腊字母第13字
nuance,n. 细微差别
nuanced,(色彩、音调、措词、意味、香韵、感情等)有细微差别的
nuances,细微差别
nuclear,"a. 核子的, 原子能的, 核的, 中心的\n[医] 核的"
nuclei,"pl. 核心, 核子, 原子核\n[医] 核"
nucleus,"n. 核心, 核子, 原子核, 起点\n[计] 核心程序"
nude,"a. 裸的, 肉色的, 无装饰的\nn. 裸体画, 裸体"
nudes,n. （绘画、照片或雕塑）裸体( nude的复数形式 )
nudge,"n. 用肘轻推, 推动, 讨厌家伙"
nudity,"n. 裸露, 裸露物, 裸体像"
nugget,"n. 金块, 贵金属块, 小块\n[化] 熔核"
nuggets,"n. （天然）块金, 块( nugget的复数形式 )"
nuisance,"n. 讨厌的东西, 讨厌的人, 损害\n[医] 损害, 讨厌"
nuke,"n. 核武器, 核电厂, 原子核\nvt. 以核武器攻击, 把...打垮\na. 核武器的"
nukes,"abbr. nuclear explosives 核爆炸; nuclear power plants 核能发电站\nn. 核武器, 核能发电厂, 核潜艇( nuke的名词复数 )"
null,"a. 无效力的, 无效的, 无价值的\nn. 零, 空, 零位\n[计] 空"
num,abbr. 号码（number）；数字（numeral）
numb,"a. 麻木的, 失去知觉的\nvt. 使麻木, 使昏迷, 使失去知觉"
number,"n. 数, 数字, 数目, 号码\nvt. 数, 计算, 共计\nvi. 计算, 报数\n[计] 数字"
numbered,"a. 计数的, 编号的"
numbering,n. 编号方式\n[计] 编号方式
numbers,n. 数字（number的复数）；算术
numerical,"a. 数字的, 数值的, 以数字表示的, 擅长于计数的\n[经] 数字的, 用数字表示的"
numerous,"a. 很多的, 数目众多的, 多数的\n[机] 多数的, 甚多的"
nun,"n. 修女, 尼姑"
nuns,"n. （通常指基督教的）修女, （佛教的）尼姑( nun的复数形式 )"
nurse,"n. 护士, 保姆, 奶妈\nvt. 看护, 照顾, 培养\nvi. 喂奶, 看护病人"
nursery,"n. 托儿所, 苗圃, 温床\n[医] 婴儿室, 托儿所"
nurses,"n. 护士；褓姆, 看护（nurse的复数）"
nursing,"n. 看护, 养育\n[医] 护理[法], 喂乳[法]"
nurture,"n. 养育, 营养物, 培育\nvt. 养育, 供给营养物, 教养"
nurtured,v. 养育( nurture的过去式和过去分词 ); 培育; 滋长; 助长
nurturing,v. 养育( nurture的现在分词 ); 培育; 滋长; 助长
nut,"n. 坚果, 核心, 螺帽\n[计] Novell NetWare服务器实用程序"
nutrient,"a. 营养的, 滋养的\nn. 营养物, 滋养物"
nutrients,"n. （食品或化学品）营养物, 营养品( nutrient的复数形式 )"
nutrition,"n. 营养, 营养学\n[医] 营养, 营养品"
nutritional,"a. 营养的, 滋养的\n[医] 营养的"
nutritious,"a. 滋养的, 营养的\n[医] 有营养的"
nuts,"a. 狂热的, 发狂的, 疯的\ninterj. 呸, 胡说"
nutshell,"n. 坚果壳, 极小的东西"
nutty,a. 产坚果的
nv,[电] 十亿分之一伏
nvidia,恩威迪亚（芯片厂方）
nw,[电] 十亿分之一瓦
nxt,abbr. next 接下去的; 其次的; 下一个的; 下一次的
ny,纽约\n[经] 纽约
nyc,abbr. 纽约市（New York City）
nye,n. 奈(m.) \nn. <英>=nide
nylon,n. 尼龙\n[化] 尼龙; 聚酰胺纤维
nypd,abbr. 纽约市警察局（New York Police Department）
nyse,[经] 纽约证券交易所
nyt,abbr. New York Times <美><纽约时报>
nyu,abbr. 纽约大学（New York University）
nz,[计] 非零\n[经] 新西兰
oa,"办公自动化\n[计] 办公自动化, 运算分析"
oak,"n. 橡树, 橡木\na. 橡木制的"
oakland,n. 奥克兰（美国加州西部城市）
oakley,n. [俚]赠券（等于Annie Oakley）；奥克利眼镜
oaks,n. 橡树（oak的复数）
oasis,"n. 绿洲, 舒适的地方\n[医] 绿洲(沙漠中), 健岛(病变区中的健康组织)"
oath,"n. 誓约, 誓言, 咒骂\n[法] 誓言, 誓约, 宣誓"
oatmeal,"n. 燕麦片, 燕麦粥\n[医] 燕麦片"
oats,"n. 燕麦, 燕麦属植物, 燕麦粥, 麦片粥"
ob,abbr. 养地（Ocean Bottom）；实况无线电广播（Outside Broadcasting）；向船外（Out Board）
obama,n. 奥巴马(姓)
obamacare, 奥巴马医改计划
obedience,"n. 服从, 顺从, 忠实\n[法] 服从, 顺从, 遵从"
obedient,"a. 服从的, 顺从的, 孝顺的\n[法] 服从的, 顺从的, 忠顺的"
obese,a. 肥胖的\n[医] 肥胖的
obesity,"n. 肥胖\n[医] 肥胖, 多脂"
obey,"vt. 服从, 遵从, 顺从\nvi. 服从"
obi,n. 宽腰带
obituary,"a. 关于死亡的, 讣告的\nn. 讣告"
object,"n. 物体, 目标, 目的, 对象, 宾语, 客体\nvi. 反对, 抱反感\nvt. 提出...来反对\n[计] 对象"
objected,v. 不赞成( object的过去式和过去分词 ); 抗议; 拒绝接受; 抱反感
objection,"n. 异议, 反对, 不喜欢, 缺点, 缺陷, 妨碍, 拒绝之理由\n[法] 异议, 反对, 抗议"
objections,"n. 反对意见；反对, 异议（objection的复数形式）"
objective,"n. 目的, 目标, 宗旨, 宾格, 实物\na. 客观的, 如实的, 无偏见的, 宾格的"
objectively,adv. 客观地
objectives,n. 目标( objective的名词复数 ); [光学]（望远镜、显微镜、照相机及其他光学仪器上的）物镜; [语法学]1)。 宾语 2)。 宾格; [军事]出击目标
objectivity,"n. 客观, 客观现实, 客观性\n[经] 客观性"
objects,n. 目标；物体（object的复数）
obligated,a. 有义务的; 必须的; 有责任的\nv. 使负有责任或义务（ obligate的过去式和过去分词 ）
obligation,"n. 义务, 责任, 约束, 契约, 恩惠, 债务\n[经] 待付款, 债务, 义务"
obligations,n. 义务；债务；承付款项（obligation的复数）
obligatory,"a. 义务的, 必须的, 强制性的\n[法] 有拘束的, 强制的, 必须的"
oblige,"vt. 强制, 施恩惠于, 使感激\nvi. 施恩惠, 帮忙"
obliged,a. 感激的；有责任的；必须的
oblique,"a. 斜的, 倾斜的, 间接的, 不光明正大的, 躲躲闪闪的\n[医] 斜的"
oblivion,"n. 遗忘, (头脑的)一片空白状, 湮没, 大赦, 赦免\n[法] 忘却, 被忘却的事, 大赦"
oblivious,"a. 遗忘的, 健忘的, 不知不觉的\n[法] 忘却的, 健忘的, 不在意的"
obnoxious,"a. 可憎的, 使人不愉快的, 令人讨厌的"
obscene,"a. 淫秽的, 猥亵的, 讨人厌的, 可憎的\n[法] 猥亵的, 海洋的, 污秽的"
obscure,"a. 模糊的, 昏暗的, 难解的, 晦涩的, 偏僻的, 微贱的, 无名的\nvt. 使变暗, 隐藏, 使变模糊, 使难解"
obscured,a. 遮蔽的；湮没的
obscurity,"n. 阴暗, 朦胧, 晦涩, 费解, 身份低微"
observable,"a. 可遵守的, 可庆祝的, 看得见的, 可辨别的, 观测得到的, 值得注意的, 显著的\nn. 感觉到的事物, 现象"
observance,"n. 观察, 遵守, 仪式, 风俗习惯\n[法] 遵守, 奉行, 惯例"
observation,"n. 观察, 注意, 观测, 观察力\n[化] 观察"
observational,"a. 观察的, 观测的\n[计] 观察的"
observations,"n. 观察, 观察值；观察结果；（观察后发表的）言论（observation的复数形式）"
observatory,"n. 天文台, 气象台, 了望台"
observe,"vt. 觉察到, 遵守, 注意到, 庆祝\nvi. 注意, 评论"
observed,a. 观测的；观察的
observer,"n. 观察者, 遵守者, 观察员\n[法] 观察者, 观察员, 监场员"
observers,n. 观察者( observer的复数形式 ); 遵守者; 观测者; 目击者
observes,"v. 观察, 研究( observe的第三人称单数 ); 遵守; （尤指为科学目的的）观察; 看到"
observing,"a. 注意观察的, 留心的, 观察力敏锐的"
obsessed,a. 着迷的；无法摆脱的
obsession,"n. 困扰, 困扰人的情绪\n[医] 强迫观念"
obsessive,a. 着迷的
obsolete,"a. 荒废的, 成废物的, 陈旧的, 老式的\nn. 废词, 废物"
obstacle,"n. 障碍, 妨害物, 阻碍"
obstacles,n. 障碍（物）( obstacle的复数形式 ); 障碍物; 绊脚石; 障碍栅栏
obstruct,"vt. 阻隔, 妨碍, 阻塞, 遮没\nvi. 设障碍"
obstruction,"n. 障碍, 妨碍, 闭塞物\n[医] 梗阻, 不通"
obtain,"vt. 获得, 达到\nvi. 流行, 得到公认"
obtained,v. 获得（obtain的过去分词）
obtaining,"[法] 获得, 得到"
obvious,"a. 明显的, 明白的, 显然的, 平淡无奇的"
obviously,"adv. 显而易见地, 明显地"
oc,"[计] 操作码, 操作控制器"
occasion,"n. 场合, 时机, 机会, 诱因, 理由\nvt. 惹起, 引起"
occasional,"a. 偶然的, 临时的\n[法] 偶然的, 特殊场合的"
occasionally,"adv. 有时候, 偶而"
occasions,n. 机会( occasion的名词复数 ); 时刻; 原因; 需要
occult,"a. 神秘的, 不可思议的, 超自然的\nv. 掩蔽, 隐藏\nn. 神秘之事, 神秘学"
occupancy,"n. 占有, 居住, 占用\n[法] 占据, 据有, 占用"
occupant,"n. 占有者, 居住者, 占用者"
occupants,n. 居住者；购买者；租赁人（occupant的复数）
occupation,"n. 职业, 占有, 占有期, 占领, 占领军\n[经] 占有, 占用, 职业"
occupational,"a. 职业的, 军事占领的\n[医] 职业的"
occupations,n. 占领( occupation的复数形式 ); 消遣; （土地、房屋、建筑等的）使用; 工作
occupied,a. 已占用的；使用中的；无空闲的
occupies,v. 占领( occupy的第三人称单数 ); 使用; 使从事; 任职
occupy,"vt. 占领, 占(时间、空间等), 住进, 担任, 使从事, 使全神贯注\n[法] 占领, 占据, 占有"
occupying,v. 占领( occupy的现在分词 ); 使用; 使从事; 任职
occur,"vi. 发生, 被想到, 存在"
occurred,v. 发生（occur的过去分词）
occurrence,"n. 发生, 事件, 出现\n[医] 发生"
occurrences,n. 发生( occurrence的复数形式 ); 出现; 事件; 发生的事
occurring,n. 事件；事故；事变
occurs,v. 重现（occur的第三人称单数）
ocd,abbr. 强迫性神经官能症（obsessive-compulsive disorder）；民防局（Office of Civil Defense）；儿童发展处（Office for Child Development）；离线驱动调整（Off-Chip Driver）
ocean,"n. 海洋, 广阔, 许多, 一大片\n[法] 海洋, 海"
oceanic,"a. 海洋的, 产于海洋的, 在海洋中生活的, 广阔的"
oceans,n. 海洋（ocean的复数形式）
oct,abbr. 十月（October）
october,n. 十月
octopus,n. 章鱼
oculus,[医] 眼
od,n. 自然力\n[医] 动物磁力(旧名)
odd,"a. 奇数的, 古怪的, 剩余的, 零散的, 各种各样的, 少量的\nn. 奇特的事物, 怪人\n[计] 奇数, 奇校验, 光数据数字转换器"
oddly,adv. 奇怪地
odds,"n. 可能性, 几率, 机会, 胜算, 不平等"
ode,"n. 颂诗, 赋"
odessa,敖德萨(苏联港市)
odi,[计] 开放数据链路接口
odin,n. 奥丁(北欧神话中的主神)
odor,"n. 气味, 香味, 名声, 意味\n[医] 气味"
odyssey,n. 奥德赛(古希腊史诗)
oecd,[经] 已开发国家组织
oem,[计] 原始设备制造商
of,"prep. 的, 属于"
ofc, [医][=occipitofrontal circumference]枕额周缘
off,"a. 关着的, 不再生效的, 处于...境况的, 休假的, 空闲的\nadv. 走开, ...掉, ...下, 休息, 出发, 隔断\nprep. 离开, 脱落, 不在从事......, 在...之外\nvi. 离开, 滚开\nvt. 杀死\nn. 关闭状态\n[计] 关闭, 清屏命令"
offence,"n. 犯罪, 冒犯, 违反, 罪过, 过错, 攻击\n[法] 犯法, 罪过, 过错"
offences,n. 犯规( offence的复数形式 ); 违法行为; 罪行; 冒犯
offend,"v. 犯罪, 冒犯, 违反, 进攻"
offended,"a. 不舒服, 生气"
offender,"n. 罪犯, 无礼的人, 得罪人的人"
offenders,n. 冒犯者( offender的复数形式 ); 犯规者; 罪犯; 妨害…的人（或事物）
offending,a. 不愉快的；厌恶的
offense,"n. 犯罪, 伤感情, 攻击"
offenses,n. 进攻( offense的复数形式 ); （球队的）前锋; 进攻方法; 攻势
offensive,"a. 令人不快的, 侮辱的, 攻击性的\n[法] 攻击的, 进攻的, 冒犯的"
offer,"n. 给予(物), 出价, 提议, 意图, 报价\nvt. 提供, 出价, 奉献, 试图, 使出现, 演出\nvi. 出现, 献祭, 提议, 求婚"
offered,"v. 提供, 提议；奉献（offer过去时态）"
offering,"n. 提供, 奉献物, 牲礼, 上市的股票(或证券等)\n[经] 出售物"
offerings,"n. 样片；奉献（物）；供品, 供奉祖先神佛的菜等；提供之物（offering的复数形式）"
offers,n. 提议；出价；求婚；试图（offer的复数）
office,"n. 办公室, 部, 公职, 职责\n[化] 办公室"
officer,"n. 军官, 主管, 官员, 公务员\nvt. 指挥"
officers,"n. 军官, 人员（officer复数形式）"
offices,n. 办公室；办事处（office的复数）
official,"n. 官员, 公务员, 职员\na. 公务的, 官方的, 正式的"
officially,"adv. 作为公务员, 职务上, 官方地"
officials,n. 行政官员( official的复数形式 )
officiating,v. 行使（职务）( officiate的现在分词 ); 主持（宗教仪式）
offline,"[计] 挂线, 脱机"
offs,n. 偏移；关闭状态；低价股票（off的复数）
offseason,n. 淡季
offset,"n. 抵消, 把...并列, 旁系, 支管, 用胶印法印\nvt. 弥补, 抵消, 胶印\nvi. 装支管\nn. 偏移量\n[计] 偏移量"
offshore,"a. 海面的, 吹向海面的, 近海的\nadv. 向海面"
offside,"n. 外侧, 越位"
offspring,"n. 子孙, 后代, 产物\n[法] 后辈, 子孙, 后裔"
oft,"adv. 常常, 再三"
often,"adv. 时常, 常常"
oftentimes,adv. 时常地
og,abbr. 奥运会（Olympic Games）
ogden,n. 奥格登（姓氏）；奥格登（美国城市）
ogre,"n. 食人魔鬼, 怪物, 象鬼的人, 可怕的东西"
oh,interj. (表示惊讶、恐怖、赞叹)哦
ohh,int. 噢；哦
ohio,n. 俄亥俄
oi,n. 操作说明
oil,"n. 油, 石油, 油画颜料\nvt. 涂油于, 使融化成油状, 加油于\nvi. 加燃油, 融化"
oiled,"a. 涂油的, 用油防水的, 浸油的\n[机] 涂油的, 擦油"
oilers,n. 加油工；[机] 加油器（oiler的复数形式）
oils,n. 油画颜料\n[机] 油类
oily,"a. 油的, 油滑的, 油嘴的\n[化] 油的; 含油的; 油性的; 油质的; 多油的; 油腻的; 油滑的"
oj,abbr. 橙汁（Orange Juice）
ok,"a. 好, 不错, 可以\nadv. 好, 不错, 可以\nn. 批准, 认可\n[计] 确定"
okay,"a. 好, 可以, 行, 对, 好吗, 很好\nadv. 好, 可以, 行, 对, 好吗, 很好\nn. 同意, 签认, 批准, 认可\nvt. 同意, 签认, 批准, 认可"
okc, [医][=odontogenic keratocyst]牙源性角化囊肿
okinawa,n. 冲绳县（日本）
oklahoma,n. 俄克拉何马
ol,[医] 油
olaf,n. 奥拉夫（男子名）
old,"n. 以前, 往昔\na. 老的, 旧的, 古老的, 年长的, 老练的"
older,a. 年长的；较旧的
oldest,a. 最旧的；最老的（old的最高级）
oldham,n. 奥尔德姆（英国一座城市）
olds,n. 老者（old的复数形式）
ole,对象链接和嵌入\n[计] 对象链接和嵌入
oleg,n. 奥列格（俄罗斯名）
olga,n. 奥尔加（女子名）
olive,"n. 橄榄, 橄榄树, 橄榄色, 橄榄枝\na. 黄绿色的, 黄褐色的, 橄榄色的"
oliver,n. 脚踏铁锤
olives,n. 橄榄（olive的复数）
olivia,n. 奥利维亚（女子名）
olivier,n. 奥利维尔（男子名）
ollie,"奥利(男子名, Oliver 的昵称)"
olsen,n. 奥尔森（姓氏）
olson,n. (Olson)人名；(瑞典、芬、西、印尼)奥尔松；(英)奥尔森\n奥尔森
olympia,n. 奥林匹亚
olympian,a. 威严的；奥林匹克竞赛的；奥林匹斯山的
olympic,"a. 奥林匹亚的, 奥林匹斯山的, 强有力的, 巨大的"
olympics,n. 奥林匹克运动会
olympus,"n. 奥林匹斯山, 天堂"
om,abbr. 英国功劳勋章（Order of Merit）
omaha,n. 奥马哈市（美国内布拉斯加州）；美国奥马哈族印第安人；奥马哈
oman,n. 阿曼
omar,n. 奥马尔（男子名）
ombudsman,"n. (专查官员舞弊的)调查官\n[法] 调查专员, 监察专员, 司法专员"
omega,"n. 希腊字母的最后一个字, 终了, 最后\n[医] ω(希腊文第二十四个字母)"
omen,"n. 预兆, 前兆, 征兆\nvt. 预示, 有...的前兆, 显出...的预兆"
omg,[计] 对象管理集团
ominous,"a. 恶兆的, 不吉利的, 预兆的"
omission,"n. 省略, 遗漏, 疏忽\n[化] 省略"
omissions,n. 省略( omission的复数形式 ); 删节; 遗漏; 略去或漏掉的事（或人）
omitted,a. 省略了的；省去的
omnibus,"n. 公共汽车, 公共马车, 精选集, 汇编\na. 综合性的, 总括的, 作多种用途的"
on,prep. 在...之上\nadv. ...上去\na. 正起作用的\n[计] 打开
onboard,"adv. 在板上, 在船上, 在车上, 在飞机上"
once,"adv. 一次, 曾经, 一旦\nconj. 一旦, 一经\nn. 一次\na. 从前的"
oncology,n. 肿瘤学\n[医] 肿瘤学
one,"n. 一(个)\npron. 一, 任何人\nnum. 一, 一个\na. 一致的, 完整的"
ones,n. 刻录软件
oneself,"pron. 自己, 亲自"
ongoing,"a. 前进的, 进行的, 不间断的\nn. 前进, 发展"
onion,n. 洋葱\nvt. 因洋葱使掉泪
onions,n. 奥尼恩斯（姓氏）；奥尼恩斯（英国语言学家、词典编纂家）
online,[计] 联机
only,"a. 唯一的, 仅有的, 最佳的\nadv. 只有, 仅仅, 只能\nconj. 但是, 不过"
ono,abbr. 或最近报价（售货广告用语）
ons,abbr. 奥运信息服务（Olympic News Service）；物件名称服务（Object Name Service）；一夜情（One Night Stand）
onset,"n. 开始, 攻击, 进攻\n[医] 起始, 开始"
onslaught,"n. 突击, 猛击, 猛攻"
onstage,adv. 在前台\na. 在前台的
ont,abbr. 光网络终端（Optical Network Termination）
ontario,n. 安大略湖（北美五大湖之一）
onto,prep. 在...之上
onward,"a. 向前的, 前进的\nadv. 向前, 前进, 在先"
onwards,"adv. 向前, 在前面"
oo,abbr. 面向对象程式设计（Object Oriented）；已订购而尚未交货的（on order）
oof,"n. 钱, 现钞\n[医] 羊传染性口疮, 触染性深脓疱, 羊痘疮"
ooh,int. （表示惊异、热心、高兴或不悦的叫声）哦！
ooo,n. 已坏
oops,interj. (表示惊讶、沮丧、谢罪等)哎哟
op,"观测所\n[计] 操作, 运算, 算符"
opal,"n. 蛋白石, 猫眼石\n[化] 蛋白石"
opaque,"n. 不透明物\na. 不透明的, 不传热的, 不传导的, 阴暗的\n[计] 白底"
opec,欧佩克(石油输出国家组织)
open,"n. 公开, 户外, 空旷\na. 开着的, 开放的, 开阔的, 营业着的, 公开的, 悬而未决的\nvt. 打开, 公开, 开放\nvi. 展开, 开始, 展现\n[计] 打开指令; 打开语句"
opened,"v. 打开, 开启（open过去分词形式）"
opener,"n. 开...的人, 开局人, 开创人, 开具, 开启工具, 首项\n[经] 申请开证人"
opening,"n. 开始, 口子, 穴, 揭幕\na. 开始的"
openings,n. 开口；开幕；走向世界；空缺（opening的复数）
openly,"adv. 公开地, 坦率地, 直率地, 公然地"
openness,n. 公开；宽阔；率真
opens,n. 打开；公开赛事；旷野（open的复数形式）
opera,n. 歌剧
operas,"n. 歌剧( opera的复数形式 ); 歌剧艺术, 歌剧业"
operate,"v. 操作, 运转, 动手术, 活动"
operated,a. 操作的
operates,v. 运转( operate的第三人称单数 ); 操作; 经营; 管理
operating,"a. 操作的, 工作的, 营业上的, 业务的, 关于收支的, 关于损益的, 外科手术的\n[机] 运转费用"
operation,"n. 操作, 动作, 手术, 运算, 作用, 业务\n[计] 运算"
operational,"a. 操作的, 运作的\n[法] 操作上的, 业务上的, 可起作用的"
operations,n. 运作；运营；业务操作（operation的复数）
operative,"a. 动作的, 运转的, 有效的, 关键的, 手术的\nn. 技工, 侦探"
operatives,n. 工作人员( operative的复数形式 ); （尤指）体力劳动者; 密探; （尤指政府的）特工人员
operator,"n. 操作员, 行家, 经纪人, 算子, 运算符\n[计] 运算符"
operators,n. （某企业的）经营者( operator的复数形式 ); （机器、设备等的）操作员; 电话接线员; 投机取巧者
opinion,"n. 意见, 评价, 主张\n[经] 意见"
opinions,n. 意见；舆论；评价（opinion的复数）
opioid,a. 类鸦片（引起）的\nn. 类鸦片活性肽
opium,n. 鸦片\n[化] 阿片; 鸦片
opponent,"n. 对手, 敌手, 反对者\na. 敌对的, 反对的, 对面的"
opponents,n. 对手（opponent的复数形式）
opportunities,n. 机会( opportunity的名词复数 ); 适当的时机; 条件; 就业（或晋升、进步等）的良机
opportunity,"n. 机会, 时机"
oppose,"vt. 反对, 以...对抗, 抗争\nvi. 反对"
opposed,"a. 反对的, 敌对的, 对抗的, 相对的\n[机] 反对的, 相反的, 对立的"
opposes,v. 反对( oppose的第三人称单数 ); 使相对; 反对（计划、政策等）; 抵制
opposing,"a. 对面的, 反对的, 相反的, 相对的"
opposite,"a. 相对的, 相反的, 对面的\nprep. 对面\nn. 对立面"
opposites,"n. 对立面, 对立物, 相反的人[事物]( opposite的复数形式 ); 反义词; [数学]对边"
opposition,"n. 反对, 敌对, 相反, 在野党\n[医] 对生, 对向, 反抗, 反对症"
oppressed,"a. 受压制的, 受压迫的"
oppression,"n. 压抑, 沉闷, 压迫手段\n[医] 压迫, 压抑"
oppressive,"a. 压制性的, 压迫的, 沉重的"
oprah,n. 奥普拉（美国电视节目主持人）
ops,abbr. （美国）物价管制局（Office of Price Stabilization）；管道安全处（Office of Pipeline Safety）
opt,vi. 选择
opted,"v. 选择, 挑选( opt的过去式和过去分词 )"
optic,"a. 眼睛的, 视觉的, 光学的\nn. 镜片"
optical,"a. 眼睛的, 视觉的, 光学的\n[机] 光学上的, 光学的"
optics,n. 光学\n[化] 光学
optimal,"a. 最佳的, 最理想的\n[化] 最优的"
optimism,"n. 乐观主义, 乐观, 乐天\n[医] 乐观主义, 乐观"
optimistic,"a. 乐观的, 乐观主义的, 乐天的"
optimization,"n. 最佳化, 最优化\n[计] 优化"
optimize,"vt. 使完美, 使完善, 充分利用, 乐观地对待, 优化\nvi. 持乐观态度\n[计] 优化"
optimized,a. 最佳化的；尽量充分利用
optimum,"n. 最适条件, 最佳效果\na. 最优的, 最适宜的"
opting,"v. 选择, 挑选( opt的现在分词 )"
option,"n. 选择权, 挑选, 选项\n[计] 选项"
optional,"a. 可选择的, 随意的\n[化] 选购的"
options,n. 选择；期权；选择项（option的复数）
opus,n. 作品
or,"conj. 或, 或者\n[计] 或"
ora,"[医] 缘, 口"
oracle,"n. 神谕, 神谕处, 预言"
oral,"n. 口试\na. 口头的, 口述的, 口部的"
orally,"adv. 口头, 口语, 口述, 口, 用口发声, 口部"
orange,"n. 柑橘, 桔子, 橘色\na. 橘色的"
oranges,"n. 柑桔, 橙子（orange复数形式）"
orb,"n. 球, 天体, 球状物\nvt. 成圆形, 成球形"
orbit,"n. 轨道, 常轨, 眼眶\nvt. 绕...轨道而行\nvi. 进入轨道, 盘旋"
orbital,"a. 轨道的, 眼眶的\n[化] 轨道"
orbiting,v. 轨道运行；轨道运动；转圈（orbit的ing形式）
orbits,"n. 轨道( orbit的名词复数 ); 势力范围\nv. 在…轨道上运行, 环绕轨道运行( orbit的第三人称单数 )"
orchard,"n. 果园, 果树林"
orchards,n. （通常指围起来的）果园( orchard的复数形式 )
orchestra,"n. 管弦乐队, 乐队演奏处"
orchestral,a. 管弦乐队的
orchestrated,"v. 把（乐曲）编成管弦乐( orchestrate的过去式和过去分词 ); 和谐地安排, 精心策划"
orchid,"n. 兰花, 淡紫色\n[医] 兰科植物"
orchids,n. 兰花( orchid的复数形式 )
ordained,v. 任命（某人）为牧师( ordain的过去式和过去分词 ); 授予（某人）圣职; （上帝、法律等）命令; 判定
ordeal,"n. 严酷考验, 痛苦经历, 煎熬\n[法] 神裁判法, 严酷的考验, 痛苦的经验"
order,"n. 次序, 规则, 命令\nvi. 命令, 定货\nvt. 整理, 命令, 定购\nn. 顺序, 阶数\n[计] 顺序, 阶数"
ordered,"a. 安排好的, 有规律的, 有条理的, 整齐的\n[计] 顺序的"
ordering,n. 有序化\n[计] 定序; 排序
orderly,"a. 有秩序的, 整齐的, 值班的\nn. 护理员, 清道夫, 传令兵, 勤务兵\nadv. 依次地, 顺序地"
orders,"n. 牧师职, 神职"
ordinance,"n. 法令, 条例, 圣餐礼\n[经] 法令, 条款, 条例"
ordinances,n. 条例；法令（ordinance的复数）
ordinarily,"adv. 通常, 普通, 一般地"
ordinary,"a. 平常的, 普通的, 平凡的\nn. 平常的人(或事)"
ordination,"n. 任命, 授神职(礼), 颁布法令, 排列"
ordnance,"n. 大炮, 军械, 武器"
ore,n. 矿石\n[经] 矿
oregon,n. 俄勒冈
org,[计] 域名(代表组织机构)
organ,"n. 风琴, 器官, 元件, 机构, 机关\n[电] 风琴"
organic,"a. 器官的, 有机的, 组织的, 根本的\n[医] 器官的, 有生命的, 有机的, 器质的"
organisation,"n. 组织, 团体, 体制, 编制"
organisational,a. organise的变形
organisations,n. 组织；团体（等于organization）
organise,"vt. 组织, 有机化, 给予生机"
organised,"a. 有组织的, 组织起来的"
organiser,"[经] 组织者, 创立人, 发起人"
organisers,"(organiser 的复数) [经] 组织者, 创立人, 发起人"
organising,组织
organism,"n. 生物, 有机体, 社会组织\n[医] 生物[体],[有]机体"
organisms,n. 有机物( organism的复数形式 ); 有机体; 生物; 有机体系
organization,"n. 组织, 结构, 团体, 体制\n[医] 组织, 机构, 机化(血栓或坏死组织)"
organizational,"a. 组织的\n[法] 组织的, 编制的, 机构的"
organizations,"n. 组织机构；组织, 构造, 有机体（organization的复数）"
organize,"vt. 组织, 有机化, 给予生机\nvi. 组织起来"
organized,"a. 有组织的, 组织起来的"
organizer,"n. 组织者, 编制者, 创立者, 组织导体\n[医] 组织导体, 机化中心(胚)"
organizers,"n. 组织者( organizer的复数形式 ); 备忘记事本, 电子笔记本"
organizing,[经] 组织
organs,n. 器官；机构；风琴（organ的复数）
orgasm,"n. 极度兴奋, 兴奋的高潮, (感情等的)爆发\n[医] 性欲高潮, 性乐"
orgasms,n. 性高潮；极度兴奋（orgasm的复数）
orgy,"n. 无节制, 狂欢, 纵酒宴乐, 放荡"
orient,"n. 东方, 东方诸国\na. 东方的\nvi. 向东\nvt. 使朝东, 使适应, 确定方向"
oriental,"n. 东方人, 亚洲人\na. 东方诸国的, 亚洲的, 东方的"
orientation,"n. 定方位, 适应, 向东方\nn. 方向\n[计] 方向"
oriented,a. 导向的\n[电] 定向的
origin,"n. 起源, 起因, 出身, 开端\n[计] 原点; 起始地址; 信件来源的相关数据"
original,"a. 最初的, 原始的, 有创意的\nn. 原物, 原作"
originality,"n. 创意, 新奇, 独创能力, 原始"
originally,"adv. 本来, 原来, 最初, 就起源而论, 独创地"
originals,n. 原稿；原件（original的复数）
originate,"vt. 创始, 发明, 发起\nvi. 发源, 发生, 起航\n[计] 发自"
originated,"v. 起源于, 来自, 产生( originate的过去式和过去分词 ); 创造; 创始; 开创"
originates,"v. 起源于, 来自, 产生( originate的第三人称单数 ); 创造; 创始; 开创"
originating,"[计] 起源, 始发, 发信"
origins,n. 起源（origin的复数）
orioles,"n. 金莺类, 白头翁科的小鸟( oriole的复数形式 )"
orion,"n. 俄里翁(希腊神话人物), 猎户星座"
orlando,"n. 奥兰多（美国城市名, 男子名）"
orleans,n. 奥尔良（法国城市）
ornament,"n. 装饰, 点缀品, 教堂用品\nvt. 装饰, 修饰"
ornamental,"n. 装饰物, 观赏植物\na. 装饰性的, 装饰的, 观赏用的"
ornaments,n. 装饰品（ornament的复数）
ornate,"a. 装饰的, 华丽的"
orphan,"n. 孤儿\na. 无双亲的, 孤儿的\nvt. 使成孤儿\n[计] 弧体"
orphanage,"n. 孤儿院, 孤儿身份\n[法] 孤儿身份, 孤儿, 孤儿院"
orphaned, [计][修]孤立
orphans,n. 孤儿( orphan的名词复数 )
orr,abbr. 整体反应率（The Overall Response Rate）；氧还原反应（Oxygen Reduction Reaction）
orthodox,"a. 正统的, 传统的, 惯常的"
orthodoxy,"n. 正统说法, 正教, 信奉正教"
orthopedic,"a. 整形术的, 整形学的\n[医] 矫形的, 矫正的, 矫形外科的"
ortiz,n. (Ortiz)人名；(英、法、意、西、葡)奥尔蒂斯
orton,奥顿
orwell,n. 奥威尔（姓氏）
os,"n. 骨, 孔, 穴裂口\n[计] 办公系统, 操作系统"
osaka,[经] 大阪
osama,奥萨马 (本拉登的名字)
osborn,n. 奥斯本（男子名）
osborne,n. 奥斯本（男子名）
oscar,"n. 奥斯卡金像奖, 钱, 现金"
oscars,abbr. one-way synchronous collision avoidance and ranging system 单路同步防撞与测距系统
osha,abbr. 职业安全与卫生条例（Occupational Safety and Health Act）；职业安全和健康署（Occupational Safety &Health Administration）
oslo,n. 奥斯陆
ost,abbr. 科学技术局（Office of Science and Technology）
ostensibly,"adv. 可公开, 显然, 表面, 外表, 诡称, 假装"
osu,abbr. 俄亥俄州立大学（Ohio State University）
oswald,n. 奥斯瓦德（男子名）
ot,abbr. 加班（Overtime ）；圣经旧约（Old Testament）；职业疗法（Occupational therapy）
otc,abbr. 技术合作处（Office of Technical Cooperation）
other,"a. 其他的, 另外的, 从前的\npron. 其他的, 他人, 另外一个"
others,pron. 其他人
otherwise,"adv. 否则, 不同地, 别的方式"
otis,n. 奥蒂斯（男子名）
ott,abbr. 过多的（over-the-top）
ottawa,n. 渥太华
otter,"n. 水獭, 水獭皮"
otto,n. 玫瑰油
ottoman,a. 土耳其人的；土耳其民族的；土耳其帝国的（等于Turkish）
ou,abbr. 开放大学（Open University）；牛津大学（Oxford University）
ouch,"interj. 哎唷(表剧痛)\nn. 扣环, 胸针, 珠宝饰物"
ought,"aux. 应该, 大概\nn. 责任"
ounce,"n. 盎司, 少量, 雪豹\n[医] 英两, Г"
ounces,"n. 盎司( ounce的复数形式 ); <口>少量, 一点儿"
our,pron. 我们的
ours,pron. 我们的
ourselves,pron. 我们自己
ousted,v. 驱逐( oust的过去式和过去分词 ); 革职; 罢黜; 剥夺
out,"a. 外面的, 熄灭的, 结束的\nadv. 在外, 熄灭, 出现\nprep. 出自, 离去, 向"
outage,"n. (水、电、煤)断供, 储运损耗\n[化] (蓄水池为了水膨胀)预留的容量; 排出量"
outages,"n. （尤指电力的）断供期, 断供( outage的复数形式 )"
outback,n. 内地\na. 内地的\nadv. 在内地
outbreak,"n. 爆发, 暴动\n[医] 暴发"
outbreaks,"n. 爆发, 突然发生( outbreak的复数形式 )"
outburst,"n. 爆发, 突发, 破裂, 暴乱"
outcast,"a. 被逐出的, 被遗弃的, 无家可归的\nn. 被驱逐的人, 流浪者"
outcome,"n. 结果, 出口"
outcomes,n. 结果( outcome的复数形式 )
outcry,"n. 尖叫, 倒彩, 强烈抗议, 喊价\nvi. 喊叫\nvt. 叫得比...响"
outdated,"a. 旧式的, 落伍的, 过时的"
outdoor,"a. 户外的, 屋外的, 露天的"
outdoors,"n. 户外, 野外活动\nadv. 在户外, 在野外"
outer,"a. 外部的, 外面的, 在外的, 远离中心的\n[机] 外部的, 外面的, 外侧的"
outfield,"n. 外场, (思想中的)未知世界, 边境"
outfit,"n. 用具, 配备, 机构\nvt. 配备, 供应\nvi. 得到装备"
outfits,n. 全套装备；一套服装（outfit的复数）
outgoing,"n. 外出, 开支, 流出\na. 喜欢外出的, 即将离职的, 乐于助人的"
outing,"n. 郊游, 远足\na. 远足适用的"
outings,"n. 远足, 郊游, 短途旅行( outing的复数形式 )"
outlaw,"n. 被剥夺法律保护的人, 罪犯\nvt. 使...失去法律保护, 将...逐出社会, 宣告非法, 取缔"
outlawed,vt. 宣布…为不合法（outlaw的过去式与过去分词形式）
outlaws,"n. 歹徒, 亡命之徒( outlaw的名词复数 ); 逃犯"
outlet,"n. 出口, 发泄方法, 市场\n[医] 出口"
outlets,n. 出路；排水口；销售点；批发商点（outlet的复数形式）
outline,"n. 大纲, 轮廓, 概要\nvt. 描画轮廓, 描述要点\nn. 大纲, 分级, 轮廓\n[计] 大纲, 分级, 轮廓"
outlined,"v. 画[标]出…的轮廓( outline的过去式和过去分词 ); 概述, 列提纲"
outlines,n. 轮廓；大概描述；概要（outline的复数）
outlining,n. 列提纲；描绘轮廓；提纲挈领
outlook,"n. 观点, 景色, 前途, 了望\n[经] 展望"
outnumbered,"v. 数量多于, 比…多( outnumber的过去式和过去分词 )"
outpatient,n. 门诊病人\n[医] 门诊病人
outpost,"n. 前哨, 前哨部队, 前哨基地"
output,"n. 输出, 产品, 产量\n[计] 输出"
outputs,n. 输出；产出；产量（output复数）
outrage,"n. 暴行, 侮辱, 愤怒\nvt. 凌辱, 虐待, 触犯"
outraged,"a. 义愤填膺的；愤慨的, 气愤的"
outrageous,"a. 暴虐的, 极无礼的, 可恶的"
outreach,"vt. 超出...的范围, 作超出能力所及的事而害及自己, 占...的上风, 胜过\nvi. 走得太远, 伸出, 展开"
outright,"a. 率直的, 完全的, 总共的, 直率的\nadv. 完全地, 率直地, 立刻地, 一直向前"
outs,n. 未现赢张；付出的钱；输出
outset,"n. 着手, 开头, 最初"
outside,"n. 外面, 外表, 外界\na. 外面的, 外表的, 外界的\nadv. 外面, 外表, 外界"
outsider,"n. 外人, 局外人, 非会员, 外行, 门外汉, 比赛中获胜可能性不大的选手\n[经] 外船公司"
outsiders,"n. 局外人, 圈外人, 门外汉( outsider的复数形式 ); 局外企业"
outskirts,"n. 近郊, 市郊"
outsourcing,[计] 外部资源利用
outspoken,"a. 直言无讳的, 坦率的, 坦白无隐的"
outstanding,"a. 杰出的, 突出的, 未偿付的, 未决定的\n[经] 未解决的, 未偿付"
outta,prep. “out of”的简写体
outward,"a. 向外的, 表面的, 外服的\nadv. 向外, 在外, 表面"
outweigh,"vt. 比...重, 比...重要, 比...有价值"
ova,"卵, 卵细胞, 卵子\n[医] 卵"
oval,"n. 椭圆形\na. 卵形的, 椭圆形的"
ovarian,"a. 子房的, 卵巢的, 果核的\n[医] 卵巢的"
ovaries,n. （妇女或雌性动物的）卵巢( ovary的名词复数 ); （植物的）子房
ovation,"n. 热烈欢迎, 大喝采, 小凯旋式"
oven,"n. 烤箱, 灶, 子宫\n[化] 烘箱"
ovens,"n. 烤箱, 炉( oven的复数形式 )"
over,"adv. 结束, 越过, 从头到尾\nprep. 在...之上, 遍于...之上, 越过\na. 上面的\nvt. 越过"
overall,"a. 全部的, 全体的, 从头至尾的, 一切在内的\nadv. 从头到尾, 总的说来\nn. 罩衫, 工作服"
overarching,a. 首要的\nv. 在…上方成拱形( overarch的现在分词 )
overboard,"adv. 自船上落下, 在船外"
overcame,overcome的过去式
overcome,"vt. 战胜, 克服, 胜过\nvi. 得胜"
overcoming,"v. 战胜, 克服( overcome的现在分词 ); 被（烟、感情等）熏[压]倒, 使受不了; 受到…的极大影响"
overcrowded,a. 挤满的; 过度拥挤的\nv. 拥挤(overcrowd的过去式和过去分词)
overdose,"n. 配药量过多\nvt. 配药过量, 使过分沉溺"
overdrive,"vt. 驱使过度, 使工作过度\nn. 超速档"
overdue,"a. 过期的, 未兑的, 迟到的, 早就成熟的\n[经] 过期未付的"
overflow,"n. 溢值, 超值, 泛滥\nv. (使)泛滥, (使)溢出, (使)充溢\n[计] 上溢; 溢出"
overflowing,"a. 溢出的, 充沛的, 过剩的\nn. 溢出, 溢出物, 剩余, 洋溢, 充沛"
overgrown,"a. 发育过度的, 生长过大的, 不合身的, 植被蔓生的\novergrow的过去分词"
overhaul,"vt. 分解检查, 翻修, 精细检查, 彻底革新\nn. 分解检查, 精细检查, 大检修"
overhead,"n. 经常开支, 普通用费, 天花板\na. 在头上的, 高架的\nadv. 在头顶上, 在空中, 在高处, 从头到脚全部没入地\n[计] 总开销; 额外开销"
overheard,overhear的过去式和过去分词
overheating,[经] 过分的经济活动
overland,"a. 经由陆路的, 经过陆地的\nadv. 经由陆路地"
overlap,"n. 重叠, 重复, 部分的同时发生\nvt. 重叠, 重复, 与...同时发生\nvi. 迭盖, 部分的同时发生\n[计] 重叠"
overlapping,"[计] 重叠, 覆盖\n[医] 重迭"
overlay,"n. 覆盖, 覆盖图, 使负担过重\noverlie的过去式\n[计] 覆盖, 覆盖图"
overload,"vt. 超载, 过载, 超过负荷\nn. 超载, 负荷过多"
overloaded,a. 超负荷的；超载的；超重的
overlook,"vt. 俯瞰, 远眺, 没注意到\nn. 眺望, 俯瞰到的景色"
overlooked,v. 忽视( overlook的过去式和过去分词 ); 监督; 俯视; （对不良现象等）不予理会
overlooking,v. 忽视( overlook的现在分词 ); 监督; 俯视; （对不良现象等）不予理会
overlooks,v. 忽视( overlook的第三人称单数 ); 监督; 俯视; （对不良现象等）不予理会
overly,"adv. 过度地, 极度地"
overnight,"n. 前一天晚上, 一夜的逗留\na. 通宵的, 晚上的, 前夜的\nadv. 在前一夜, 整夜, 昨晚一晚上"
overpriced,"a. 价格过高的; 定价太高的\nv. 将…标价过高, 索价过高（ overprice的过去式和过去分词 ）"
overrated,v. 对（质量、能力等）估价过高( overrate的过去式和过去分词 )
overreacting,v. 反应过火( overreact的现在分词 )
override,"vt. 推翻, 无视, 对...有最后发言权, 制服, 践踏, 奔越过\n[经] 代理佣金, 代销佣金"
overriding,"[医] [骨折端]重迭, 架迭"
overruled,"v. 批驳, 推翻, 拒绝( overrule的过去式和过去分词 )"
overrun,"n. 蔓延, 风行一时, 超过限度\nvt. 蔓延, 蹂躏, 超过, 泛滥\nvi. 泛滥, 超载限度\n[计] 超限"
overs,n. 筛渣；筛除物；补加纸张；伸放纸
oversaw,oversee的过去式
overseas,"a. 海外的, 国外的\nadv. 在海外, 在国外"
oversee,"vt. 向下看, 了望, 监督, 偷看到\n[法] 监察, 监督, 俯瞰"
overseeing,"监督\n审查\n俯瞰\n偷看到, 无意中看到"
overseen,oversee的过去分词
oversees,"v. 监督, 监视( oversee的第三人称单数 )"
overshadowed,v. 使（某物）被遮暗( overshadow的过去式和过去分词 ); 使阴暗; 使（某事物）令人不快或减少乐趣; 使（某人）相形见绌或黯然失色
oversight,"n. 勘漏, 失察, 失败, 照料\n[经] 监督权"
oversized,"a. 过大的, 极大的"
overt,"a. 明显的, 公然的, 蓄意的\n[法] 明显的, 公开的"
overtake,"vt. 赶上, 突然降临于, 压倒, 代替"
overtaken,overtake的过去分词
overthrow,"n. 推翻, 瓦解, 倾覆\nvt. 打倒, 推翻, 倾覆"
overthrown,overthrow的过去分词
overtime,"n. 超时, 加班, 延长时间\na. 超时的, 加班的\nadv. 加班地\nvt. 使超过时间"
overtly,"adv. 明显地；公开地, 公然地"
overturn,"n. 倾覆, 破灭, 革命\nvt. 推翻, 颠倒\nvi. 翻倒"
overturned,"v. （使）翻倒( overturn的过去式和过去分词 ); 使垮台, 推翻; 撤销（判决等）"
overview,"n. 概述, 概观, 总的看法\n[计] 概述"
overwatch,"vt. 看守, 掩护射击"
overweight,"n. 超过重量, 过重, 优势\na. 超过重量的, 超重的\nvt. 使超重, 重于, 过于重视"
overwhelm,"vt. 淹没, 受打击, 制服, 压倒, 使不知所措\n[法] 打翻, 倾覆, 覆盖"
overwhelmed,v. 淹没( overwhelm的过去式和过去分词 ); 压倒; 覆盖; 压垮
overwhelming,"a. 压倒性的, 无法抵抗的"
overwhelmingly,"adv. 压倒性地, 不可抵抗地"
ow,interj. 啊唷
owe,"vt. 亏欠, 负...债, 归功于, 怀有, 应给予, 感恩\nvi. 欠钱"
owed,vbl. 感恩；亏欠；负债]
owen,n. 欧文（男子名）
owens,n. 欧文斯（姓氏）
owes,v. 感恩；亏欠；负债（owe的单三形式）
owing,"a. 未付的, 亏欠的, 受惠的, 归因于...的\n[经] 应付的, 欠着的, 未付的"
owl,n. 猫头鹰\n[法] 走私
owls,n. 猫头鹰( owl的复数形式 )
own,"n. 自己的\na. 自己的, 嫡亲的, 同胞的\nvt. 拥有, 支配, 自认, 承认, 顺从于\nvi. 承认, 供认"
owned,v. 拥有；承认（own的过去分词）
owner,"n. 拥有者, 物主, 所有人\n[经] 所有者, 物主, 业主"
owners,n. 所有者；业主（owner的复数）
ownership,"n. 所有权, 物主身份\n[经] 所有权, 所有制"
owning,v. 承认( own的现在分词 ); 拥有; 服从于; 认领
owns,n. 属于自己的东西（own的复数）
ox,n. 牛
oxford,"n. 牛津, 牛津大学"
oxfordshire,n. 牛津郡
oxidation,n. 氧化\n[化] 氧化
oxide,n. 氧化物\n[医] 氧化物
oxygen,n. 氧\n[化] 氧O-2
oy,abbr. 橙黄色（Orange Yellow）
oyster,"n. 牡蛎, 蚝, 沉默者"
oysters,"n. 牡蛎, 蚝（oyster的复数形式）"
oz,abbr. 盎司（ounce）
ozil, 厄齐尔（人名）
ozone,"n. 新鲜的空气, 臭氧, 使人愉快的影响\n[化] 臭氧"
pa,"私人秘书, (露天)扩音系统\n[计] 程序存取, 程序地址, 程序分析"
pablo,n. 巴勃罗（西班牙籍体育明星）；帕布洛（英国水槽产品品牌）；帕布鲁（西班牙著名画家毕加索的姓）
pac,"[医] 一六零五, 二乙基对硝基苯硫代磷酸酯(有机磷杀虫药)"
pace,"n. 速度, 步调, 步法\nvi. 踱步, 缓慢走\nvt. 用步测, 踱步于"
paced,a. 节奏均匀的
pacers,"[经] 领步人, 定调人"
paces,n. 步调（pace的复数）
pacific,"n. 太平洋\na. 太平洋的, 太平洋沿岸的, 爱好和平的, 安静的, 平息的"
pacing,"[计] 调步, 匀速"
pack,"n. 包裹, 一伙, 一副, 背包, 包装\nvt. 包装, 捆扎, 塞满, 压紧, 挑选\nvi. 包装货物, 挤, 群集, 被包装\n[计] 压缩"
package,"n. 包裹, 套装软件, 包, 包装用物, 程序包\nvt. 包装, 打包\na. 一揽子的\n[计] 包, 软件包, 包装"
packaged,a. 包装过的
packages,n. 程序包；包装；包裹（package的复数）
packaging,"n. 包装, 包装业, 包装术\n[计] 组装; 封装"
packard,n. 帕卡德（姓氏）
packed,"a. 充满...的, 满座的, 挤得满满的, 压坚实的, 塞满了...的, 挤满了人的, 拥挤的\n[计] 压缩的, 装配的"
packer,"n. 包装工人, 罐头食品工人, 打包机, 搬家工人, 批发商, 罐头食品厂经理\n[化] 包装机; 打包机"
packers,"n. 包装工人, 包装公司, 包装机( packer的复数形式 )"
packet,"n. 小包, 一批信件, 大量, 信息包\nvt. 打包, 装进小包\n[计] 分组, 分组报文, 数据分组"
packets,n. 数据包；小捆；小包（packet的复数）
packing,"n. 包装, 填垫材料, 封函, 行李\n[化] 填充物; 填料; 填充; 装柱; 装色谱柱; 垫革; 紧束; 敛集; 堆积"
packs,n. 生存集群；包裹；资料袋（pack的复数）
pact,"n. 契约, 协定, 条约\n[化] 合同"
pad,"n. 填补, 衬垫, 印色盒, 路\nvt. 填补, 走, 夸大\nvi. 步行\n[计] 焊接点; 包装配/拆卸"
padded,a. 有装填垫料的；脚底有厚肉的
padding,"n. 垫充, 垫塞, 填料, 废话, 虚报的费用\n[计] 填充; 装填"
paddington,帕丁顿
paddle,"n. 桨, 划桨, 明轮翼\nvi. 划桨, 戏水, 涉水\nvt. 用桨划, 划船运送, 搅, 拌"
paddock,n. 围场
paddy,"n. 稻, 谷, 爱尔兰人, 警察\n[法] 警察"
padre,"n. 神父, 随军牧师"
padres,"n. 教士, <俚>随军牧师( padre的复数形式 )"
pads,"n. 波纹细丝带, 眼镜丝带；衬垫（pad的复数）"
pagan,"n. 异教徒, 无宗教信仰者\na. 异教的, 异教徒的"
page,"n. 页, 记录, 事件, 专栏, 男侍\nvt. 标明...的页数, 翻...的书页, 分页排版, 呼叫, 侍候\nvi. 翻书页, 侍侯\n[计] 页; 页面"
pageant,"n. 盛会, 游行, 虚饰, 露天表演"
pages,n. 页数；青年侍从（page的复数）
pai,abbr. 个人事故保险（Personal Accident Insurance）；血浆酶原激活酶抑制因子（plasminogen activator inhibitor）；聚酰胺-酰亚胺（Polyamide-Imide）
paid,"a. 受雇的, 付清的\npay的过去式和过去分词"
paige,n. 佩奇（姓名）
pain,"n. 痛苦, 疼痛, 辛苦\nvt. 使痛苦, 痛苦\nvi. 作痛, 疼"
paine,"n. 佩因（姓氏, 也译作潘恩、佩恩）"
painful,"a. 痛苦的, 困难的, 令人烦恼的\n[医] 疼痛的"
painfully,"adv. 痛苦地, 苦恼地, 费力地"
painkillers,n. 止痛药( painkiller的复数形式 )
painless,"a. 无痛的, 不痛的\n[医] 无痛的"
pains,"n. 麻烦, 辛苦"
paint,"n. 油漆, 颜料, 绘画作品, 涂漆\nvt. 油漆, 绘, 画, 描绘, 装饰, 点缀\nvi. 绘画, 涂漆"
painted,"a. 描画的, 着色的, 刷上油漆的, 涂脂抹粉的, 矫揉造作的"
painter,"n. 画家, 油漆匠\n[机] 油漆匠, 喷漆匠"
painters,n. 画家( painter的复数形式 ); 油漆匠; （系船的）缆绳
painting,"n. 画, 绘画, 油漆\n[化] 涂漆"
paintings,n. 图画；涂漆；印刷品（painting的复数）
paints,n. 绘画颜料
pair,"n. 一双, 一对, 一副\nv. (使)成对"
paired,a. 成对的；配对的
pairing,"[计] 配对, 成对"
pairs,n. 夫妇；一副（pair的复数）
paisley,(苏格兰)佩斯利涡纹旋花呢(的)
pajamas,"n. 睡衣, 宽松裤, 喇叭裤"
pak,n. 巴基斯坦人
pakistan,n. 巴基斯坦
pakistani,a. 巴基斯坦的\nn. 巴基斯坦人
pal,"n. 朋友, 伙伴, 同志, 同谋\nvi. 交友, 结伴"
palace,"n. 宫, 宫殿, 华丽大厦"
palaces,"n. 宫, 宫殿( palace的复数形式 )"
palate,"n. 腭, 味觉, 趣味, 爱好\n[医] 腭"
pale,"n. 栅栏, 界线, 范围\na. 苍白的, 暗淡的, 无力的\nvi. 变苍白, 变暗, 失色\nvt. 使变苍白, 使失色, 用栅栏围"
paleo,abbr. paleography 古文书，古文书学
palermo,n. 巴勒莫（西西里首府）
palestine,n. 巴勒斯坦
palestinian,[经] 巴勒斯坦的
palestinians,n. 巴勒斯坦人（palestinian的复数）
palette,"n. 调色板, 颜料\n[计] 调色板"
palin,n. 帕林（姓氏）
palladium,n. 钯\n[化] 钯Pd
pallet,"n. 草铺, 简陋小床, 调色板, 棘爪\n[经] 夹板"
palliative,"a. 缓和的, 减轻的, 掩饰的\nn. 辩解, 缓和物"
palm,"n. 手掌, 棕榈, 胜利\nvt. 与...握手, 藏...于掌中"
palmer,n. 朝圣者；变戏法的人；毛虫（尤指北美的小舌麦蛾幼虫）
palms,"n. 手掌, 手心；棕榈植物（palm的复数）"
palo,n. (Palo)人名；(瑞典)帕洛；(英、意、塞、芬)帕洛
palpable,"a. 可感知的, 明显的, 触摸得到的\n[医] 可触知的"
pals,abbr. 高级生命支持（Pediatric Advanced Life Support）；位置测定系统（Positioning and Location System）
palsy,"n. 中风, 麻痹, (不由自主的)颤动, 麻痹状态\nvt. 麻痹, 使瘫痪"
pam,"[计] 脉冲幅度调制\n[医] 解磷定, 派姆, 磷敌, 甲碘化吡啶醛肟(有机磷和毒扁豆硷的解毒药)"
pamela,n. 帕梅拉（女子名）
pamphlet,"n. 小册子, 活页文选"
pamphlets,n. 小册子( pamphlet的复数形式 )
pan,"n. 平锅, 浅盘, 盆地, 硬土层, 拍摄全景\nv. 上下左右移动, 摇镜头, 淘洗, 淘金"
panama,"n. 巴拿马, 巴拿马城"
panasonic,n. 日本松下公司
pancake,"n. 薄烤饼, 薄煎饼, 烙饼"
pancakes,n. 烙饼( pancake的复数形式 ); （尤指舞台化装用的）粉饼; 完全平的; 非常平的
pancreas,n. 胰腺\n[医] 胰[腺]
pancreatic,a. 胰腺的\n[医] 胰的
panda,"n. 大熊猫, 小熊猫"
pandas,n. 熊猫( panda的复数形式 )
pandemic,"a. 大流行的, 普遍的, 全世界的\n[医] 大流行的, 大流行病"
pandora,n. 潘朵拉
pane,"n. 窗玻璃, 方框, 方格, 窗格\nvt. 嵌窗玻璃于\n[计] 窗格"
panel,"n. 嵌板, 仪表板, 专题讨论小组, 全体陪审员\nvt. 嵌镶板"
panels,n. 镶板( panel的名词复数 ); 面; （门、墙等上面的）嵌板; 控制板
pang,"n. 剧痛, 悲痛, 苦闷\nvt. 使剧痛, 折磨"
panic,"n. 恐慌, 惊慌\na. 惊慌的, 没有理由的, 恐慌的\nvt. 使惊慌, 使狂热\nvi. 惊慌"
panicked,vt. 使恐慌（panic的过去式与过去分词形式）
panicking,vt. 使恐慌（panic的现在分词形式）
panorama,"n. 全景, 全貌, 概论, 范围"
panoramic,a. 全景的
pans,n. 平底锅（pan的复数）
pant,"n. 喘息, 悸动\nvi. 喘息, 渴望\nvt. 气喘吁吁地说"
pantheon,"n. 众神庙, 万神殿, 罗马万神殿"
panther,"n. 豹, 黑豹, 美洲豹"
panthers,"n. 豹, 黑豹( panther的复数形式 ); 美洲豹"
panties,n. 女式短裤
pantry,"n. 餐具室, 食品室"
pants,"n. 裤子, 长裤, 短衬裤, 女式运动短裤"
pao,abbr. 典藏学术期刊全文资料库（Periodicals Archive Online）
paolo,n. 保罗（男子名）
pap,"n. 奶头, 乳头状物, 软食, 半流质食物\n[计] 分组交换过程协议, 打印机访问协议"
papa,n. 爸爸
papal,"a. 罗马教皇的, 教皇制度的"
paparazzi,"n. 狗仔队（专门追逐名人偷拍照片的摄影者或记者, paparazzo的复数）"
paper,"n. 纸, 文件, 文章, 报纸, 证券, 证件\nvt. 用纸糊, 贴壁纸于, 用纸包装\nvi. 贴壁纸\na. 纸做的, 纸上的"
paperback,"n. 平装本, 纸面本"
papers,"n. 文件, 官方文件\n[法] 票证, 证券, 纸币"
paperwork,n. 文书工作
papua,n. 巴布亚岛
par,"n. 标准, 票面价值, 平均数量, 同等水平\na. 票面的, 平常的, 标准的, 平价的\n[计] 重新传输的肯定回答"
para,[经] 帕拉
parable,"n. 寓言, 隐晦的比较"
parachute,n. 降落伞\nvi. 跳伞
parade,"n. 游行, 炫耀, 阅兵\nv. 游行, 炫耀, (使)列队行进"
parades,"n. （部队的）检阅( parade的名词复数 )\nv. （使）集合接受检阅( parade的第三人称单数 ); 游行, 列队行进; 展示, 炫耀"
paradigm,"n. 范例, 式样, 词形变化表, 纵聚合关系语言项"
paradise,"n. 天堂, 乐园, 伊甸园"
paradox,"n. 似非而是的论点, 自相矛盾的话, 悖论, 怪人怪事\n[化] 佯谬"
paragraph,"n. 段落, 短评\nvt. 将...分段, 分段落\nvi. 写短讯\n[计] 段落"
paragraphs,n. 段落（paragraph的复数形式）
paraguay,n. 巴拉圭
parallel,"n. 平行, 对比, 相匹敌之物\na. 平行的, 相似的\nvt. 与...平行, 与...相似, 相比, 使平行\n[计] 并联; 并行"
parallels,n. 平行线；平行状态；匹敌者（parallel的复数形式）
paralympic,n. 残奥会
paralympics,n. 伤残奥运会
paralysis,"n. 麻痹, 停顿, 瘫痪\n[医] 麻痹, 瘫痪"
paralyzed,a. 瘫痪的；麻痹的
paramedic,"n. 伞兵军医, 伞降急救人员"
paramedics,"n. <美>护理人员, 医务辅助人员( paramedic的名词复数 )"
parameter,"n. 参变数, 参变量, 参数, 参量\n[计] 参量; 参数"
parameters,n. 参数；参量（parameter的复数）
paramilitary,a. 辅助军事的
paramount,"n. 首长, 最高当局\na. 最重要的, 最高的, 至上的"
paranoia,"n. 偏执狂, 多疑症\n[法] 妄想狂, 偏执狂"
paranoid,"a. (似)患妄想狂的, (似)患偏执狂的\nn. 患妄想狂的人"
paranormal,"a. 超过正常的, 超过科学可知范围的\n[医] 轻度异常的"
parasite,"n. 寄生生物, 寄生虫, 食客\n[医] 寄生物; 寄生胎"
parasites,n. 寄生虫；寄生生物（parasite的复数）
parasitic,"a. 寄生的, 由寄生虫引起的\n[计] 寄生的"
parcel,"n. 包裹, 部分, 片\nvt. 分配, 打包\na. 部分的\nadv. 局部地"
parcels,n. 包裹( parcel的名词复数 ); 一块地
parchment,"n. 羊皮纸, 毕业文凭, 学位证书"
pardon,"n. 原谅, 赦免\nvt. 宽恕, 原谅"
pardoned,v. 宽恕( pardon的过去式和过去分词 ); 原谅; 赦免; 特赦
parent,"n. 父母, 父母亲, 根源\n[法] 父亲, 母亲, 根源"
parental,"a. 父母亲的, 做双亲的, 作为渊源的\n[医] 父母的, 双亲的"
parentheses,"pl. 圆括号, 插入语, 插曲"
parenthood,n. 父母身分
parenting,n. 父母对子女的养育
parents,n. 父母；双亲（parent的复数）
paris,n. 巴黎\n[医] 重楼属
parish,"n. 教区, 堂区\n[法] 救贫区, 教区"
parishes,n. 教区( parish的复数形式 ); 郡以下的地方行政区; 知识领域; 职权范围
parisian,"n. 巴黎人\na. 巴黎的, 巴黎人的"
parity,"n. 同等, 同位, 平价, 奇偶性\n[计] 奇偶性"
park,"n. 公园, 停车处\nvt. 停车, 置于\nvi. 停车"
parked,a. 已泊车的
parker,n. 停放车辆的人
parking,n. 停车\na. 停车的
parkinson,"n. 帕金森（姓氏）；帕金森（全名詹姆士?帕金森, 英国医生, 帕金森症即以他的姓氏命名）"
parks,n. 帕克斯（人名）
parkway,"n. 公园道路, 驾车专用道路"
parliament,"n. 国会, 议会\n[法] 会议, 国会, 议院"
parliamentary,"a. 国会的, 议会的, 议会制度的"
parliaments,"n. 议会, 国会( parliament的复数形式 ); 一届议会的会期"
parlor,"n. 客厅, 会客室, 小店\na. 客厅的"
parlour,"n. 客厅, 会客室, 雅座\na. 客厅的"
parmesan,n. 帕尔马干酪(意大利产)
parody,"n. 打油诗文, 诙谐的模仿诗文, 拙劣的模仿\nvt. 拙劣模仿, 作模仿诗文"
parole,"n. 假释, 誓言, 释放宣言\nvt. 宣誓后释放, 使假释出狱"
parramatta,n. 棉毛交织的一种棉布
parrot,"n. 鹦鹉, 应声虫\nvt. 学舌, 机械地模仿"
parry,"vt. 挡开, 回避, 闪避的回答\nn. 挡开, 回避, 闪避的回答"
parsley,"n. 皱叶欧芹, 荷兰芹\n[医] 绉叶石蛇床"
parsons,n. 帕森斯（姓氏）
part,"n. 部分, 局部, 零件, 要素, 等分, 职责, 角色, 部位\nvt. 分开, 分离, 断绝, 区别, 分配\nvi. 分开, 断裂, 分手\na. 部分的, 局部的\nadv. 部分地, 有些"
partake,"vt. 参与, 分担, 分享\nvi. 分享, 参与, 带有"
parted,a. 分开的
partial,"a. 部分的, 偏袒的, 偏爱的\nn. 分音"
partially,"adv. 部分地, 一部分地, 不公平地"
participant,"n. 参加者, 参与者\na. 有份的, 参加的, 参与的"
participants,"n. 参加者, 参与者; 参加者, 参与者( participant的名词复数 )\na. 有份的, 参与的"
participate,"vi. 参加, 分享, 参与, 带有\nvt. 分享, 分担"
participated,"v. 参加, 参与( participate的过去式和过去分词 )"
participates,"v. 参加, 参与( participate的第三人称单数 )"
participating,"a. 由多人一起参加的, 由多方一起参加的, 股票使持有人有权参与分享的"
participation,"n. 参与, 分享\n[经] 参与, 参股"
participatory,"a. 吸引参与的, 供人分享的"
particle,"n. 颗粒, 粒子, 质点, 极小量\n[化] 粒子; 质点"
particles,"n. 粒子系统；微粒, 粒子；碎木料（particle的复数形式）"
particular,"n. 一项(或条、点), 个别项目, 详细说明\na. 特别的, 独有的, 挑剔的, 详尽的"
particularly,"adv. 特别, 格外, 尤其, 详细地, 细致地"
particulars,"n. 细节, 详细情况, 详情\n[经] 细节, 摘要"
parties,n. 当事人；聚会；党派；政党机关；同行者（party的复数）
parting,"n. 告别, 分歧处, 分界点\na. 离别的, 逝去的, 分隔的"
partisan,"n. 党羽, 虔诚信徒, 同党, 游击队员\na. 党派的, 偏袒的, 效忠的, 献身的, 盲目推崇的"
partisans,n. 游击队员( partisan的复数形式 ); 党人; 党羽; 帮伙
partition,"n. 分割, 隔离物, 隔墙, 财产分割\nvt. 区分, 瓜分, 隔开, 分割\n[计] 分区; 划分"
partitions,v. 分开（partition的三单形式）
partly,"adv. 部分地, 在一定程度上"
partner,"n. 合伙人, 股东, 伙伴, 伴侣\nvt. 与...合伙, 组成一对\nvi. 做伙伴, 当助手"
partnered,vt. 使合作（partner的过去式与过去分词形式）
partnering,n. 伙伴关系
partners,n. 合作伙伴；合伙人；伙伴（partner的复数形式）
partnership,"n. 合伙, 合股, 合作关系\n[经] 合伙(合作)关系, 全体合伙人"
partnerships,n. 伙伴关系( partnership的复数形式 ); 合伙人身份; 合作关系
partridge,"n. 鹧鸪, 山鹑"
parts,"n. 零件, 部件"
party,"n. 宴会, 党, 政党, 团体, 当事人, 聚会\nv. 举办聚会"
partying,v. 为…举行社交聚会（party的现在分词形式）
pas,"n. 优先权, 舞步, 舞\n[化] 光声谱法; 光声光谱法"
pasadena,n. 帕萨迪纳市（美国加州） ）
pascal,[计] PASCAL语言\n[化] 帕斯卡
pasha,n. 帕夏
paso,abbr. 泛美体育组织（Pan American Sports Organization）
pass,"n. 经过, 要隘, 途径, 通行, 护照, 及格\nvt. 经过, 越过, 通过, 批准, 度过, 传递, 忽略\nvi. 经过, 变化, 流通, 及格, 宣判, 终止, 消逝, 被忽略, 不叫牌, 传递\n[计] 遍"
passage,"n. 通道, 通过, 移居, 航行, 一段, 走廊\nvi. 通过, 经过, 航行, 横渡, 争吵\nvt. (使)马以斜横步前进, 使传代"
passages,n. 通路；过客；短文（passage的复数形式）
passed,a. 已被传递的；已经通过的；已经过去的
passenger,"n. 乘客, 旅客\n[经] 乘客, 旅客"
passengers,n. 乘客( passenger的名词复数 ); 旅客; 白吃饭的人; 闲散人员
passer,"n. 过路人, 旅客, 考试合格者, 检查合格证\n[化] 成品检查员"
passes,v. 及格；经过；超过；传递（pass的三单形式）
passing,"n. 通过, 逝去, 死, 流逝\na. 经过的, 流逝的, 目前的, 短暂的, 及格的, 仓促的"
passion,"n. 激情, 酷爱, 热爱, 强烈感情, 耶稣受难(故事)"
passionate,"a. 热情的, 热烈的, 易怒的, 热恋的"
passionately,"adv. 热情地, 激昂地"
passions,n. 激情( passion的复数形式 ); 爱情; [复数]感情（与理智相对而言）; 爱好
passive,"a. 消极的, 被动的, 冷漠的, 顺从的, 无源的\n[医] 被动的"
passover,n. 逾越节
passport,"n. 护照, 手段, 通行证\n[法] 通行证, 护照"
passports,"n. 护照( passport的复数形式 ); 手段, 保障"
password,"n. 密码, 口令, 通行手段\n[计] 口令"
passwords,n. 口令；密码（password的复数形式）
past,"n. 过去, 昔时, 往事, 早年经历, 过去时\na. 过去的, 结束的, 卸任的, 过去时的\nprep. 越过, 晚于, 超越, 超出...的可能性(能力、范围等)\npass的过去分词"
pasta,"n. 意大利面食\n[医] 糊剂, 泥膏剂"
paste,"n. 面团, 面食, 浆糊, 糊状物, 粘贴, 用拳重击\nvt. 用浆糊粘, 张贴, 狠狠地打\n[计] 粘贴"
pastel,"n. 粉蜡笔, 粉蜡笔画, 随笔\na. 彩色蜡笔的, 蜡笔画的, 柔和的, 纤弱的"
pastime,"n. 消遣, 娱乐, 游戏"
pastor,n. 牧师
pastoral,"n. 牧歌, 田园诗\na. 牧人的, 田园生活的, 牧师的, 田园式的"
pastors,n. （基督教的）牧师( pastor的复数形式 )
pastry,"n. 油酥点心, 面粉糕饼"
pasture,"n. 牧场, 草地, 牧草\nvt. 放牧\nvi. 吃草"
pastures,n. 牧草地( pasture的名词复数 ); 生活状况; 工作条件
pat,"n. 轻拍\nv. 轻拍\nadv. 适时, 正好, 恰好, 毫不迟疑, 熟记地\na. 恰好的, 合适的, 熟练的, 坚定的, 人为的"
patch,"n. 片, 补缀, 碎片, 斑, 傻瓜\nvt. 补缀, 掩饰, 拼凑, 平息\n[计] 修补; 拼凑"
patched,a. 打补丁的
patches,n. 修补程序；补丁；斑块（patch的复数）
patchwork,"n. 拼缝物, 拼凑物"
patel,n. 帕特尔（姓氏）
patent,"n. 专利权, 许可证, 执照, 专利品, 素质\na. 专利的, 特许的, 显著的, 新奇的\nvt. 取得...的专利权, 请准专利"
patented,a. 专利的
patents,n. 专利权；专利（patent的复数形式）
paternal,"a. 父亲的, 父系的, 似父亲的, 得自父亲的, 家长式统治的\n[法] 父系的, 父亲的"
paternity,"n. 父亲身份, 父系血统, 创始人(身份), 来源, 出处\n[医] 父权, 亲权; 父系"
paterson,帕特森[美国新泽西州东北部城市]
path,"n. 路径, 小路, 道路, 途径, 路线, 轨道\n[计] 路径; DOS内部命令:设定DOS读取程序的路径"
pathetic,"a. 悲哀的, 可怜的, 感伤的, 差劲的\n[医] 感情的"
pathogen,n. 病原体\n[医] 病原体
pathogens,病原体(物)
pathological,"a. 病理学的, 由疾病引起的, (非正式)不合理的, 仅由想象引起的, 不理智的\n[计] 错误的"
pathologist,n. 病理学家\n[医] 病理学家
pathology,"n. 病理学, 病理, 病状, 病变\n[医] 闰理学"
paths,n. 路径（path的复数）
pathway,"n. 路径, 途径\n[医] 路径, 道"
pathways,"n. 路, 径( pathway的复数形式 )"
patience,"n. 耐性, 忍耐"
patient,"n. 病人, 承受者\na. 忍耐的, 容忍的, 有耐性的, 坚忍的"
patiently,adv. 耐心地；有毅力地
patients,n. 病人（patient的复数形式）
patio,n. 屋子与花园之间的一片供晴天休息用的石砌空地
patriarch,"n. 创办人, 家长, 元老, 教长, (天主教)教皇\n[法] 家长, 族长, 创始人"
patriarchal,"a. 家长的, 族长的, 由族长统治的\n[法] 家长的, 家长制的, 主教的"
patriarchy,"n. 家长统治, 父权制, 男性政体\n[法] 家长制, 父权制, 父系社会"
patrice,n. 帕特里斯（男子名）；特指足球运动员帕特里斯·埃弗拉；特指法国著名导演帕特里斯•夏洛尔
patricia,n. 帕特丽夏（女子名）
patrick,n. 帕特里克（男子名）
patriot,"n. 爱国者, 爱国主义者"
patriotic,"a. 爱国的, 有爱国心的\n[法] 爱国的, 有爱国心的"
patriotism,"n. 爱国心, 爱国精神, 爱国主义"
patriots,"n. 爱国者, 爱国主义者( patriot的复数形式 )"
patrol,"n. 巡逻, 巡逻员, 侦察队\nv. 巡逻, 巡视"
patrolling,"vt.& vi. 巡逻, 巡查（patrol的现在分词形式）"
patrols,n. 巡逻队
patron,"n. 赞助人, 顾客, 保护人\n[法] 保护人, 庇护人, 赞助人"
patronage,"n. 赞助, 恩赐态度, 光顾, 任免权, 保护人的身分\n[经] 光顾, 资助, 赞助"
patrons,"n. 赞助人( patron的复数形式 ); 资助人; 老主顾; 名义赞助人（支持慈善组织等的名人, 名字常用于有关的广告宣传中）"
pats,abbr. 通讯系统状态分析（Performance Analysis of Telecommunication Systems）；优先活性追踪系统（priority activity tracking system）
patsy,"n. 容易受骗的人, 懦夫, 替罪羊"
pattern,"n. 模范, 典型, 式样, 样品, 图案, 格调, 模式\nvt. 模仿, 仿造, 以图案装饰\nvi. 形成图案\n[计] 模式, 图案"
patterned,a. 被组成图案的
patterns,n. 模式（pattern的复数形式）
patterson,n. 帕特森（姓氏）
patti,帕蒂（人名）\n帕蒂（印度城市）\n帕蒂(意大利城市)\n精密和精确的时间与时间间隔（precision and accurate time and time interval）
patton,n. 巴顿将军（美国二战名将）
patty,n. 小馅饼
paul,n. 保罗（男子名）
paula,n. 保拉（女子名）
paulie, [电影]鹦鹉
pauline,"a. 保罗的, 使徒保罗写的\nn. 圣保罗学校的学生"
paulo,n. 保罗（男子名）
pause,"n. 暂停, 中止, 停顿, 间歇, 踌躇, 休止符\nvi. 暂停, 中止, 停顿, 踌躇\n[计] DOS内部命令:暂时停止批处理文件的执行"
paused,v. 停顿( pause的过去式和过去分词 ); 暂停; （按暂停键）暂停放音; 暂停放像
pauses,n. 停顿( pause的名词复数 ); 暂停; 延长记号; 暂停键\nv. 停顿( pause的第三人称单数 ); 暂停; （按暂停键）暂停放音; 暂停放像
pave,"vt. 铺设, 安排, 铺满, 为...铺路\n[化] 铺设"
paved,v. 铺( pave的过去式和过去分词 ); 为…铺平道路
pavel,n. 帕维尔（人名）
pavement,"n. 路面, 人行道, 铺面路, 铺路材料"
pavilion,"n. 楼阁, 亭子, 大帐篷, 观众席\nvt. 置...于亭中, 搭帐篷, 笼罩"
paving,"n. 铺筑过的地面, 铺过的道路, 铺筑过的路, 修筑路面/地面的材料"
paw,"n. 爪\nv. 以蹄扒地, 用爪子抓, 拼命抓, 向...乱抓, 笨拙地使用, 费力地前进"
pawn,"n. 典当, 抵押物, 人质, (象棋)兵, 马前卒, 工具\nvt. 当掉, 以...担保"
paws,（等于Polar Automatic Weather Station） 极地自动天气站
pax,"n. 圣像牌, (大弥撒中的)接吻礼, 和平女神\ninterj. 算了吧\n[计] 内部自动变换机; 专用自动交换机"
paxton,帕克斯顿
pay,"n. 薪资, 付款, 补偿\nvt. 支付, 付清, 补偿, 偿还, 对...有利, 为...涂防水物\nvi. 付款, 付出代价, 偿还, 得到报应, 获得好处"
payable,"a. 可付的, 到期的, 应付的, 有利益的\n[经] 应付的"
payback,[经] 报酬率
paycheck,"n. 付薪水的支票, 薪水"
payday,"n. 发薪日, 发工资日, 交割日, 过户结帐日\n[法] 发薪日"
payer,"n. 支付者, 付款人\n[经] 付款人"
payers,"n. 付款人, 交款人( payer的复数形式 )"
paying,"a. 支付的, 付款的, 有利的, 赢利的, 合算的\n[经] 支付"
payload,"n. 商务载重, 工资负担, 净载重量, 有效负荷, 弹头\n[化] 负荷量"
payment,"n. 付款, 支付的款项(或实物), 偿还, 报应, 惩罚\n[经] 支付, 缴纳, 支付款额"
payments,n. 惩罚；薪资；支付；付款（payment的复数形式）
payne,"n. 佩恩（姓氏）；佩恩（美国剧作家, 演员）"
payoff,"n. 发工资, 分赃, 贿赂, 盈利, 报酬, 报应, 结果, 高潮, 决定因素\na. 决定性的, 产生结果的, 支付的"
payout,"n. 支出, 付出款项\n[经] 付出款项, 花费, 支出"
paypal,n. 贝宝（全球最大的在线支付平台）
payroll,"n. 工资名单, 饷金名单, 发放的工资总额\n[计] 工资表, 工资单"
pays,n. 报酬（pay的复数）；（法）国家
payton,佩顿（男子名）
paz,abbr. polyazine 聚吖嗪
pb,[计] 10的15次方字节\n[医] 铅(82号元素)
pbs,abbr. （美）公共广播公司（Public Broadcasting Service）
pc,"个人计算机\n[计] 外部控制, 个人计算机, 光电导体, 伪码"
pcb,"零用现金簿\n[计] 印制电路板, 过程控制块, 程序控制块"
pci,"[计] 外部控制器接口, 构成控制器接口, 可编程通信接口"
pcr,abbr. 光电导继电器（Photo-conductive Relay）；程序控制暂存器（program control register）
pcs,[计] 个人通信业务\n[化] 青霉素类抗生素
pct,"[计] 外部控制终端, 处理控制表, 程序控制表\n[经] %"
pd,[医] 钯(46号元素)
pdf,abbr. 概率分部函数（Probability Distribution Function）
pdp,"[计] 过程定义处理程序, 程序控制数据处理器"
pe,[计] 相位编码\n[化] 磷脂酰乙醇胺
pea,"n. 豌豆, 似豌豆的东西"
peabody,n. [鸟]白喉带鹀；皮博迪（美国马萨诸塞州一城市名）；皮博迪（公司名）
peace,"n. 和平, 和约, 治安, 和睦, 安宁, 静寂\nvi. 安静下来, 不作声"
peaceful,"a. 平静的, 和平的, 和平时期的, 爱好和平的, 喜爱安静的\n[法] 和平的, 爱好和平的, 和平时期的"
peacefully,adv. 平静地
peacekeeping,"[法] 维护和平的, 执行停火协定的"
peach,"n. 桃子, 桃树, 桃色, 美人儿, 极好的事物\nvt. 告发\nvi. 告密, 检举"
peaches,n. 桃( peach的名词复数 ); 桃树; 桃红色; <口>美人
peacock,"n. 孔雀, 好炫耀的人\nvi. 炫耀, 神气活现地行走"
peak,"n. 山峰, 巅, 山顶, 顶点, 尖峰, 帽舌\na. 最高的, 最大值的\nvi. 到达最高点, 消瘦, 变憔悴, 逐渐缩小\nvt. 使竖起, 使达到最高点"
peaked,"a. 有帽舌的, 有尖端的, 消瘦的, 有病容的"
peaking,[电] 削尖
peaks,n. 山顶；峰巅（peak的复数）
peanut,"n. 花生, 小人物, 极小的数额\na. 渺小的, 微不足道的"
peanuts,n. 花生；小人物；小零碎；微不足道的钱（peanut的复数形式）
pear,"n. 梨子, 梨树, 梨木\n[机] 梨木"
pearce,皮尔斯（人名）
pearl,"n. 珍珠, 珠灰色, 杰出者, 珍贵之物\nvt. 用珍珠镶, 使成珠状\nvi. 成珠子状, 采珍珠, 用珍珠做"
pearls,n. 珍珠( pearl的名词复数 ); 珍品; 人造珍珠; 珠状物
pears,n. 皮尔斯（人名）
pearson,n. 皮尔森（人名）
peas,n. 豌豆（pea的复数）
peasant,"n. 农夫, 乡下人"
peasants,n. 农民( peasant的名词复数 ); 农夫; 佃农; 粗俗的人
peat,"n. 泥煤, 泥炭色\n[化] 泥炭"
pebble,"n. 小圆石, 小鹅卵石, 水晶透镜, 碎石花纹\n[医] 小石"
pebbles,"n. 桔皮表面；鹅卵石, 小软石（pebble的复数形式）"
peck,"n. 配克(英美干量单位), 啄痕, 啄食, 许多\nvt. 啄, 啄食, 琢, 凿成, 扔\nvi. 啄, 吹毛求疵, 啄食, 勉强吃\n[计] 取数"
peculiar,"a. 奇特的, 罕见的, 特殊的, 特别的\nn. 特有财产, 特权"
pedagogy,"n. 教育学, 教授法, 教学工作"
pedal,"n. 踏板, 脚蹬子\na. 脚的, 脚踏的\nvt. 用脚踏动\nvi. 踩踏板, 骑车"
pedals,n. （自行车或其他机器的）踏板( pedal的名词复数 ); 脚蹬子; （钢琴、风琴等的）踏板; 踏瓣
pedestal,"n. 支柱, 基架, 基座, 基础\nvt. 加座, 搁在台上, 支持, 提高...的地位"
pedestrian,"n. 行人, 步行者\na. 人行的, 徒步的, 呆板的, 通俗的, 平淡无奇的"
pedestrians,n. 步行者( pedestrian的复数形式 )
pediatric,a. 小儿科的\n[医] 儿科的
pediatrics,n. 小儿科\n[医] 儿科学
pedigree,"n. 血统, 家谱, 名门世系\n[法] 家系, 出身, 血统"
pedophile,n. 恋童癖者
pedophilia,n. 恋童癖\n[医] 爱童癖
pedro,n. 彼得牌戏（一种纸牌戏）
pee,"n. (英)便士, 小便\nvi. 小便"
peed,"v. 小便, 撒尿( pee的过去式和过去分词 )"
peeing,"v. 小便, 撒尿( pee的现在分词 )"
peek,"vi. 偷看, 窥视\nn. 偷看, 看一眼"
peel,"n. 皮, 外壳\nvt. 削...皮, 剥去...的壳\nvi. 蜕皮, 剥落, 脱皮, 脱去衣服"
peeled,a. 剥去皮的
peeling,"n. 剥皮, 剥下的皮\n[医] 去皮, 脱屑"
peep,"n. 一瞥, 偷看, 不完全的景象, 初现, 吱吱声, 嘀咕抱怨声, 汽车喇叭声\nvi. 窥视, 出现, 吱吱叫\nvt. 使隐约显现"
peeps,v. 窥视( peep的第三人称单数 ); 偷看; 隐现; 慢慢露出
peer,"n. 同等的人, 匹敌, 贵族\nvi. 凝视, 窥视, 费力地看, 隐现\nvt. 与...同等, 封为贵族"
peers,"n. 平辈, 同事（peer的复数）"
peg,"n. 钉, 桩, 栓, 藉口, 销子, 借口\nvt. 钉木钉, 固定, 限制, 使受约束\nvi. 坚持不懈地奋力于, 疾行"
pegasus,"n. 诗兴, 诗才"
peggy,n. 佩吉（女子名）
peking,n. 北京
pelicans,n. <动>鹈鹕( pelican的复数形式 )
pell,n. 一卷羊皮纸
pellet,"n. 颗粒状物, 小子弹, 小药丸\nvt. 使成颗粒, 使成团, 用子弹打"
pellets,n. 小球( pellet的复数形式 ); 小弹丸; 坚硬小球或小丸; 珠形炸弹
pelosi,佩洛西
pelvic,a. 骨盆的\n[医] 骨盆的
pelvis,"n. 骨盆\n[医] 骨盆; 盂, 肾盂"
pen,"n. 钢笔, 笔, 笔调, 笔杆子, 作家, 围栏, 栅栏, 禽畜\nvt. 写, 关入栏中, 囚禁\nvi. 动笔, 写作"
penal,"a. 有关处罚的, 刑的, 刑罚的, 刑法上的, (课税)繁重的\n[法] 刑事的, 刑法的, 受刑罚的"
penalties,n. 惩罚( penalty的名词复数 ); 刑罚; 害处; 足球点球
penalty,"n. 处罚, 刑罚, 罚款, 罚球, 报应, 不利结果, 妨碍\n[经] 罚金(款), 违约金"
penance,"n. 自我惩罚, 忏悔, 悔过, 赎罪, 苦修\nvt. 使悔罪, 使赎罪"
pence,"pl. (非正式)copper便士, (美)分, 分币"
pencil,"n. 铅笔, 色笔, 眉笔, 画笔, 光线束\nvt. 用铅笔写或涂, 草拟"
pencils,"n. 铅笔, 彩色铅笔( pencil的名词复数 ); 光线锥"
pendant,"n. 垂饰, 下垂物, 补充的东西, 补编\n[电] 垂环"
pending,"a. 未决定的, 待决的, 行将发生的, 向外伸出的\nprep. 在等待...之际, 直到...时为止, 在...期间, 在...过程中"
pendleton,"n. 彭德尔顿（人名, 地名）"
pendulum,"n. 钟摆, 摇锤, 摇摆不定的事态(或局面)\n[化] 摆"
penelope,n. 佩内洛普（女子名）；[希神]Odysseus的忠实妻子
penetrate,"vt. 穿透, 刺穿, 渗透, 看穿, 洞察, 了解, 使充溢\nvi. 刺入, 看穿, 渗透, 打进"
penetrated,鞭辟入里
penetrating,"a. 敏锐的, 尖锐的, 伸入很深的, 了解透彻的\n[医] 穿透的"
penetration,"n. 穿透, 渗透, 侵入, 识穿, 洞察(力)\n[化] 渗入"
peng,n. 执业工程师
penguin,"n. 企鹅, 空军地勤人员"
penguins,n. 企鹅( penguin的复数形式 )
peninsula,"n. 半岛, 突出的地方, 伊比利亚半岛"
penis,"n. 阳物, 阴茎\n[医] 阴茎"
penitentiary,"n. 监狱, 收容所, 教养所, 宗教裁判所\na. 用作感化的, 应处监禁的, 教养所的, 收容所的"
penn,abbr. 宾夕法尼亚大学（Pennsylvania）
penned,a. （被）围以栅栏的
pennies,"pl. (非正式)copper便士, (美)分, 分币"
pennsylvania,n. 宾夕法尼亚
penny,"n. 便士, 一分, 小钱, 点滴\n[经] 便士"
pens,n. 钢笔（pen的复数）
pension,"n. 养老金, 退休金, 津贴, 年金, 抚恤金, 膳宿学校, 膳宿费\nvt. 发给退休金, 用津贴拉拢"
pensioners,n. 领取退休、养老金或抚恤金的人( pensioner的复数形式 )
pensions,"n. 退休金, 养老金( pension的名词复数 )"
pentagon,"n. 五角形, 五边形\n[经] 五角平台"
penthouse,"n. 屋顶房间, 顶层公寓, 电梯机器房, 耳房"
penultimate,a. 倒数第二的
people,"n. 人, 人民, 民族, 平民\nvt. 使住满人, 居住于"
peoples,n. 民族学；民族（people的复数形式）
peoria,n. 皮奥瑞亚（伊利诺州的第二大城）
pep,"n. 活力, 气力, 劲头, 锐气\nvt. 鼓起精神, 激励, 使充满活力"
pepe,"n. 小人物狂想曲（电影名）；佩佩（女子名）；柏比（姓氏, 粤语翻译）"
pepper,"n. 胡椒粉, 胡椒, 辣椒\n[化] 胡椒; 辣椒; 花椒"
peppermint,"n. 薄荷, 薄荷油, 胡椒薄荷, 薄荷糖\n[化] 薄荷"
peppers,n. 胡椒粉( pepper的名词复数 ); 辣椒
pepsi,n. 百事可乐（一种饮料的商标名称）
peptide,"n. 肽, 缩氨酸\n[化] 肽; 缩氨酸"
peptides,"(peptide 的复数) n. 肽, 缩氨酸\n[化] 肽; 缩氨酸"
per,"prep. 每一, 通过, 经, 按照\n[经] 每, 按照"
perceive,"vt. 感觉, 认知, 理解, 意识到"
perceived,v. 感觉( perceive的过去式和过去分词 ); 视为; 认为; 理解为
percent,"n. 百分比, 百分数, 部分\n[机] 百分率"
percentage,"n. 百分比, 比率, 部分, 可能性\n[计] 百分比"
percentages,n. 百分比( percentage的复数形式 ); 比例; 利润的分成; 提成
percentile,"[医] 百分率的\n[经] 百分之一, 按百等分排列的"
perception,"n. 知觉, 感觉, 领悟力, 获取\n[医] 知觉"
perceptions,n. 感知（能力）( perception的复数形式 ); 觉察（力）; 认识; 观念
perch,"n. 栖木, 高位, 杆, 河鲈\nv. (使)栖息, 就位, 位于, (使)暂歇"
perched, 栖息; 使坐; 置于（perch的变形词）
percussion,"n. 敲打, 碰撞, 叩击, 叩诊, 击发, 打击, 打击乐器组\n[医] 叩诊"
percy,n. 珀西（男子名）
perennial,"a. 常年的, 长期的, 反复的\n[医] 多年生的"
perez,n. 佩雷斯（人名）
perfect,"n. 完成时\na. 完美的, 完好的, 理想的, 熟练的, 精确的, 完成式的\nvt. 使完美, 修改, 使精通, 改善, 使熟练"
perfected,"v. 使…完美, 使…熟练（perfect的过去形式）"
perfection,"n. 完美, 完成, 极端\n[经] 完整性"
perfectly,"adv. 完全地, 无瑕疵地, 完整地"
perform,"vt. 进行, 履行, 完成, 执行, 表演\nvi. 行动, 工作, 执行, 演出"
performance,"n. 施行, 工作情况, 成绩, 行为, 表现, 演出\n[电] 绩效, 性能"
performances,n. 履行( performance的复数形式 ); 性能; 表现; 演出
performed,"v. 执行, 表演（perform的过去分词形式）"
performer,"n. 表演者, 执行者, 完成者\n[法] 执行者, 履行者, 实行者"
performers,n. 演出者( performer的复数形式 ); 演奏者; 表演者; 履行者
performing,"a. 表演的, 履行的"
performs,v. 执行；表演（perform的第三人称单数形式）
perfume,"n. 香水, 香气, (悦人的)气氛, 美名\nvt. 洒香水于, 薰香, 使充满香气"
perhaps,"adv. 也许, 大概"
peril,"n. 危险, 冒...之险, 险境, 险因\nvt. 置...于险境, 冒险, 危及"
perilous,"a. 危险的, 濒临毁灭的"
perils,n. 极大危险( peril的名词复数 ); 危险的事（或环境）
perimeter,"n. 周长, 周界, 边缘\n[医] 周, 周边, 周界线; 周长; 视野计"
period,"n. 时期, 节段, 节, 句点, 学时, 周期\na. 当时特有的, 过去某段时期的\ninterj. 就是这话, 就是这么回事"
periodic,"a. 周期的, 定期的, 间歇(性)的, 循环的, 用完整句的, 高碘的\n[医] 周期性的"
periodical,"n. 期刊\na. 定期出版的, (有关)期刊的, 间歇(性的), 周期的, 定期的"
periodically,"adv. 定期, 循环, 间歇, 周期, 定期刊行, 期刊"
periodicals,n. 期刊（periodical的名词复数形式）
periods,n. 周期（period的复数）
peripheral,"a. 周边的, 周围的, 圆周的, 无关紧要的, 肤浅的\n[医] 外周的, 周围的, 末梢的"
periphery,"n. 外围, 边缘地区, 圆周\n[医] 外周, 周围"
perish,"vi. 毁灭, 丧生, 凋谢, 颓丧, 死亡, 腐烂\nvt. 毁坏, 使麻木, 使丧生, 耗尽"
perished,v. 丧生( perish的过去式和过去分词 ); 消亡; 死亡; 损坏
perjury,"n. 伪誓, 伪证, 背信弃义\n[经] 伪证, 假的证据"
perk,"vi. 昂首, 振作, 举止高傲, 神气活现, 滤煮\nvt. 竖起, 打扮, 使振作, 滤煮\nn. 小费"
perkins,n. 珀金斯（姓氏）
perks,n. 特权；额外津贴（perk的复数）；特别待遇\nn. (Perks)人名；(英)珀克斯；(法)佩尔克\nv. 打扮；使振作；昂首挺胸（perk的第三人称单数）
perm,"vt. 电烫(发), 化学烫(发)\nn. 电烫的头发, 卷发, 化学烫的头发"
permanent,"a. 永久的, 不变的, 固定的, 持久的\nn. 烫发\n[计] 永久的"
permanently,"adv. 永久, 不变, 持久\n[计] 永久性的"
permissible,"a. 可允许的, 可容许程度的\n[机] 容许, 允许"
permission,"n. 许可, 允许\n[计] 许可, 认可"
permissions,"n. 允许, 许可, 准许( permission的复数形式 )"
permit,"n. 许可证, 许可, 执照, 通行证\nvt. 允许, 容许, 可能, 使放手做\nvi. 容许, 给以机会, 提供可能"
permits,n. 许可( permit的名词复数 ); 许可证; 执照\nv. 允许( permit的第三人称单数 ); 许可
permitted,v. 允许( permit的过去式和过去分词 ); 许可; 许用
permitting,v. 允许( permit的现在分词 ); 许可
peroxide,n. 过氧化物\n[计] 过氧化物
perpendicular,"n. 垂直线, 垂直的位置, 直立(姿势), 刚正, 垂规\na. 垂直的, 直立的, 陡峭的"
perpetrated,"v. 犯（罪）, 作（恶）, 做（坏事）( perpetrate的过去式和过去分词 )"
perpetrator,"n. 作恶者, 犯罪者, 行凶者\n[法] 作恶者, 行凶者, 犯罪者"
perpetrators,n. 犯罪者；作恶者；行凶者
perpetual,"a. 永久的, 不断的, 无期限的, 没完没了的, 四季开花的\n[经] 永远的, 终身的, 持续的"
perpetually,"adv. 永恒地, 持久地"
perpetuate,"vt. 使永存, 使不朽, 保持"
perry,n. 梨子酒
persecuted,"v. （尤指宗教或政治信仰的）迫害(~sb. for sth.)( persecute的过去式和过去分词 ); 烦扰, 困扰或骚扰某人"
persecution,"n. 虐待, 迫害运动, 迫害, 烦扰\n[法] 迫害, 虐待, 困扰"
perseverance,"n. 毅力, 忍耐, 锲而不舍, 不屈不挠"
persia,n. 波斯
persian,"n. 波斯人, 波斯语"
persist,"vi. 坚持, 固执, 持续, 坚称\n[经] 持续"
persisted,v. 坚持( persist的过去式和过去分词 ); 维持; 保持; 持续存在
persistence,"n. 固执, 坚持不懈, 持续(性), 存留(状态)\n[电] 持久"
persistent,"a. 固执的, 坚持的, 持续的, 作用持久的\n[法] 坚持的, 固执的, 持续的"
persists,v. 坚持( persist的第三人称单数 ); 维持; 保持; 持续存在
person,"n. 人, 人身, 人称\n[法] 人, 法人, 人身"
persona,"n. 人, 人物, 角色, 外表印象, 人格面具\n[医] 伪装人格"
personal,"a. 私人的, 涉及隐私的, 有人性的, 人称的, 亲自的, 身体的\n[医] 人的; 个人的, 自身的"
personalised,a. （英）个人化的（等于personalized）
personalities,"n. 人身攻击, 诽谤"
personality,"n. 个性, 人格, (团体、地方、国家)特有特性, 名人\n[医] 人格; 个性"
personalized,a. 个人化的；个性化的
personally,"adv. 亲自地, 个别地, 当面, 就本人而言, 针对个人地"
personnel,"n. 人员, 人事部门, 人事科(处)\n[经] 人事, 全体人员, 职工"
persons,n. 人员；人们（person的复数）
perspective,"n. 远景, 透视感, (观察问题的)视角, 透视法, 看法, 透视图\na. 透视的, 透视法的\n[计] 透视"
perspectives,n. 透视( perspective的复数形式 ); 透视图; 观点; 全景
persuade,"vt. 劝, 使相信, 恳求, 敦促, 说服\nvi. 劝服, 被说服"
persuaded,v. 说服( persuade的过去式和过去分词 ); 劝告; 使信服; 使相信
persuading,v. 说服( persuade的现在分词 ); 劝告; 使信服; 使相信
persuasion,"n. 说服, 信念, 派别, 说服力"
persuasive,"a. 有说服力的, 劝诱的, 劝导性的"
pertaining,a. 附属的；与…有关的
perth,"n. 珀斯, 佩斯（澳大利亚城市）"
pertinent,"a. 相关的, 中肯的, 切题的\n[法] 恰当的, 有关的"
peru,n. 秘鲁
peruvian,"a. 秘鲁的, 秘鲁人的, 秘鲁文化的\nn. 秘鲁人"
pervasive,"a. 普遍的, 流行的, 到处蔓延的, 到处渗透的"
perverse,"a. 乖张的, 故意作对的, 有悖常情的, 执迷不悟的, 歪曲的, 错误的, 不正当的\n[法] 邪恶的, 罪恶的:堕落的, 不合法的"
pervert,"vt. 使堕落, 使反常, 歪曲, 滥用, 使左右颠倒, 唆使...性变态\nn. 堕落者, 行为反常者, 背教者, 性欲反常者"
perverted,"a. 堕落的, 歪曲的, 行为反常的, 性变态的"
peshawar,白沙瓦[巴基斯坦北部城市]
pesky,"a. 麻烦的, 恼人的, 棘手的, 讨厌的"
pesos,n. 比索（一种外国货币单位）( peso的复数形式 )
pessimistic,"a. 悲观的, 厌世的, 悲观主义的"
pest,"n. 令人讨厌之物, 有害之物, 害虫, 瘟疫\n[医] 鼠疫, 瘟疫"
pesticide,n. 杀虫剂\n[化] 农药
pesticides,n. 杀虫剂( pesticide的复数形式 ); 除害药物
pests,n. 有害的人或物( pest的复数形式 ); 害虫; 害兽; 害鸟
pet,"n. 宠物, 受宠爱的人, 宠坏的孩子, 不悦, 生气\na. 宠爱的, 表示亲昵的, 养着观赏的, 特别珍爱的, 格外的\nvt. 宠爱, 溺爱, 抚摸\nvi. 拥抱, 爱抚, 生气, 发脾气"
peta,n. 一千兆
petals,n. 花瓣；翼瓣（petal的复数形式）
pete,"n. 皮特（等于Peter, 男子名）"
peter,"vi. 逐渐消失, 逐渐减少"
peterborough,n. 彼得伯勒（加拿大城市名）
peters,"n. 彼得斯（姓氏, 男子名）"
petersburg,n. 彼得斯堡（美国城市）；彼得堡（苏联城市列宁格勒旧称）
petersen,n. (Petersen)人名；(英、德、西、俄、意、芬、荷、丹、罗)彼得森
peterson,n. 彼得森（男子名）
petit,"[法] 小的, 轻的"
petite,"a. 小的, 次要的, 小个子的, 娇小玲珑的, 娇小的"
petition,"n. 请愿, 诉状, 陈情书, 申请, 祈求, 祷文\nv. 正式请求, 恳求, 请愿"
petitions,n. 请愿书；请愿（petition的复数）
petra,n. 约旦-佩特拉古城
petrol,"n. 汽油\n[经] 汽油, 挥发油, 石油"
petroleum,n. 石油\n[化] 石油
pets,abbr. 公共英语等级考试（Public English Tset System）
petty,"a. 琐碎的, 小规模的, 小气的, 委琐的\n[经] 小额的, 微小的, 小规模的"
peugeot,n. 法国标致（法国汽车公司）
pew,"n. 教堂长椅, 会众, 座位\nvt. 为(教堂)安装座位, 把...围在一起"
peyton,n. 佩顿(亦作 Payton)(m.)
pf,[电] Picofarad的简写
pfizer,n. 辉瑞（美国制药公司）
pg,部分不适合儿童观看的(电影)\n[化] 前列腺素; 磷脂酰甘油
pga,abbr. 美国职业高尔夫球协会（Professional Golfer' Association of America）
ph,氢离子指数\n[医] 药典; 苯基
phantom,"n. 幻影, 虚位, 幽灵, 化身, 令人恐惧的事物, 骇人的想法\na. 幻觉的, 幻影的, 幽灵的, 虚无飘渺的, 捉摸不定的, 有名无实的"
pharaoh,"n. 法老, 暴君\n[法] 法老, 暴君"
pharma,n. 制药公司
pharmaceutical,"a. 药学的, 制药的, 药用的, 药物的, 药剂师的, 药师的\nn. 药品, 成药, 药剂"
pharmaceuticals,医药品
pharmacies,n. 制药( pharmacy的复数形式 ); 药店; 药房; （医院的）药房
pharmacist,"n. 药师, 药品商, 药商, 药剂师\n[医] 药师, 调剂员, 药商"
pharmacists,n. 药剂师( pharmacist的复数形式 )
pharmacology,"n. 药理学, 药物学\n[化] 药理学"
pharmacy,"n. 药房, 配药学, 制药业\n[医] 药学, 药剂学, 调剂学, 药房"
phase,"n. 时期, 局面, 方面, 位相, 相, 阶段\nvt. 使调整相位, 使定相, 使一致, 逐步执行, 实行\n[计] 阶段"
phased,a. 定相的
phases,"n. 阶段, 时期（phase的复数形式）"
phd,abbr. 哲学博士学位（Doctor of Philosophy）
phelps,n. 费尔普斯（男子名）
phenomena,pl. 现象
phenomenal,"a. 现象的, 能知觉的, 异常的, 显著的, 惊人的"
phenomenon,"n. 现象, 迹象, 表现, 奇迹, 奇才\n[化] 现象"
phew,"interj. 咳, 哦, 唷"
phi,"n. 希腊语的第二十一个字母(Φ,φ)"
phil,abbr. 哲学（philosophy）
philadelphia,n. 费城
philanthropic,"a. 慈善(事业)的, 博爱的, 乐善好施的\n[法] 博爱的, 仁慈的, 慈善事业的"
philanthropist,"n. 慈善家, 博爱主义者, 乐善好施的人\n[法] 慈善家, 博爱主义者"
philanthropy,"n. 慈善, 仁慈, 博爱, 慈善事业, 慈善机构(团体)"
philharmonic,"a. 爱好音乐的, 交响乐团的, 爱乐团体的\nn. 音乐爱好者, 音乐协会, 音乐会, 交响乐团"
philip,n. 菲利普（男子名）
philippe,菲力浦（人名）；百达翡丽手表
philippine,"a. 菲律宾(群岛)的, 菲律宾人的"
philippines,n. 菲律宾
philips,n. 飞利浦（荷兰公司名）
phillip,n. 菲利普（人名）；爱马的人
phillips,n. 飞利浦（电子产业集团）；菲利普斯（姓氏）
philly,"n. 费城（Philadelphia的俗称, 美国一座城市）"
philosopher,"n. 哲学家, 哲人, 思想开创人, 达观的人\n[法] 哲学家, 哲学研究者"
philosophers,n. 哲学家( philosopher的复数形式 ); 豁达的人
philosophical,"a. 哲学的, 冷静的, 达观的, 哲学上的, 哲学家似的"
philosophies,n. 哲学( philosophy的名词复数 ); 人生哲学; 人生观; 达观
philosophy,"n. 哲学, 人生观, 哲学思想, 哲理, 基本原理, 见解, 达观, 沉着"
phobia,"n. 恐怖病, 恐惧症, 惧怕, 憎恶\n[医] 恐怖[症]"
phoebe,"n. 福柏(月神), 月亮"
phoenix,"n. 凤凰, 不死鸟, 死而复生的人, 完人, 殊品"
phone,"n. 电话, 受话器, 耳机\nvt. 打电话给\nvi. 打电话"
phoned,vt.& vi. 打电话给某人（phone的过去式与过去分词形式）
phones,n. 听筒；电话（phone的复数）
phony,"n. 假货, 假冒者, 赝品\na. 伪造的, 假的, 不可信的, 华而不实的"
phosphate,"n. 磷酸盐, 磷酸酯\n[化] 磷酸盐; 磷酸酯"
phosphorus,"n. 启明星, 金星, 磷, 磷光体\n[化] 磷P"
photo,"n. 相片, 照片, 逼真的描绘\nv. 照相\na. 照相的, 摄影用的, 详细记录的, 逼真的, 酷似的"
photograph,"n. 相片, 照片, 逼真的描绘\nv. 照相, 摄影"
photographed,vt.& vi. 为…拍照（photograph的过去式与过去分词形式）
photographer,"n. 摄影师, 摄影者"
photographers,n. 摄影者（尤指）摄影师( photographer的复数形式 )
photographic,"a. 照相的, 摄影用的, 详细记录的, 逼真的, 酷似的"
photographing,v. 照相；摄影；摄影自拍（photograph的现在分词）
photographs,n. 照片；逼真的描绘（photograph的复数）
photography,"n. 摄影, 摄影术\n[化] 照相术"
photon,"n. 光子, 光量子, 光度\n[化] 光量子; 光子"
photons,"n. 光子, 光量子; <物>光子, 光量子( photon的复数形式 )"
photos,"n. 照片, 图片；相册（photo的复数形式）"
photoshop,n. 著名图象处理软件（美国Adobe公司）
php,abbr. 个人网页（Personal Home Page）；服务器端编程语言（Professional Hypertext Preprocessor）；菲律宾比索；水解聚丙烯酸胺
phrase,"n. 惯用语, 词组, 成语, 措词, 乐句\nvt. 用短语表达, 把(乐曲)分成短句\n[计] 短语"
phrases,n. 短语；词组；乐句；措词（phrase的复数）
phyllis,n. 菲利斯（女子名）
physical,"a. 身体的, 物质的, 自然的, 物理学的, 好色的\nn. 体格检查"
physically,"adv. 按自然规律, 完全地, 实际上, 真正地, 身体上地"
physician,"n. 医师, 内科医师, 解除痛苦者\n[医] 主治医师"
physicians,"n. 医生, 内科医生( physician的复数形式 )"
physicist,"n. 物理学家, 机械唯物论者, 自然科学家\n[医] 菲西克氏手术(虹膜圆片切除)"
physicists,n. 物理学家( physicist的复数形式 )
physics,"n. 物理学, 物理过程, 物理现象\n[化] 物理; 物理学"
physiological,"a. 生理学的, 生理学上的, 生理机能的\n[医] 生理学的, 生理的"
physiology,"n. 生理学, 生理机能\n[医] 生理学"
physique,"n. 体格, 体形\n[医] 体格"
pi,"n. 圆周率\n[计] 处理器接口, 程序中断"
pia,[计] 外部接口适配器\n[医] 软脑[脊]膜
pianist,"n. 钢琴家, 钢琴演奏者"
piano,n. 钢琴
piazza,"n. 广场, 阳台, 柱廊, 走廊, 露天市场"
pic,"n. 照片, 图片, 影片\n[计] 位置独立代码, 优先中断控制, 过程接口控制, 可编程中断控制器"
picard,n. (Picard)人名；(法)皮卡尔；(英、德、葡)皮卡德\n皮卡尔
picasso,n. 毕加索(法国画家)
pick,"n. 精选, 选择, 掘, 精华, 牙签, 鹤嘴锄\nv. 摘, 掘, 凿, 挖, 挑选\n[计] 拾取"
picked,"a. 精选的, 采摘的, 已收获的, 截出的, 已清除的, 有尖头的, 多刺的"
pickering,皮克林（姓氏）
picket,"n. 桩, 尖桩, 警戒哨, 巡逻艇, 纠察队\nvt. 围住, 警戒, 派...担任纠察\nvi. 担任纠察"
picking,"n. 掘, 选择, 挑选, 采摘, 撬开, [U]采得物, 捡得物, 赃物, 扒窃物\n[经] 挑拣"
pickle,"n. 盐卤, 腌汁, 泡菜, 困境, 讨厌鬼\nvt. 腌制, 酸洗, 葬送(机会等), 泡"
pickled,"a. 烂醉如泥的, 盐渍的"
pickles,n. 腌渍物；各式腌菜；咸菜（pickle的复数形式）
picks,n. 凿；选择；精华；收获量（pick的复数）
pickup,"n. 拾起, 加速, 刺激, 猎物的收集, 好转, 恢复健康, 搭车者, 兴奋剂, 电视摄像\n[电] 拾音器"
pickups,n. 拾音器；补拍镜头（pickup的复数）
picky,"a. 吹毛求疵的, 挑剔的, 找麻烦的"
picnic,"n. 野餐, 远足, 愉快的经历\nvi. 去野餐, 远足"
pics,[计] 生产信息控制系统
pictorial,"a. 绘画的, 插图的, 用图画表示的, 形象化的, 有象形文字特征的\nn. 画报, 画刊, 有图邮票, 插图杂志, 插图报纸"
picture,"n. 图画, 照片, 景色, 美丽如画的人(或物), 化身, 生动的描述, 想像, 形象思维\nvt. 画, 拍摄, 用图说明, 描写, 想像\n[计] 图象; 形象; 字形"
pictured,v. 绘画( picture的过去式和过去分词 ); 描绘; 想像; 设想
pictures,n. 电影院
picturesque,"a. 生动的, 如画的, 独特的, 别致的, 栩栩如生的"
pie,"n. 馅饼, 财富, 总额, 贪污受贿, 杂乱, 喜鹊\n[计] 饼图"
piece,"n. 块, 片, 篇, 碎片, 部分, 部件, 标准量\nvt. 修补, 修理, 拼合, 接线头\nvi. 吃零食"
pieces,"n. 匹头, 毛束；件片块个工件零件"
piedmont,n. 山麓
pier,"n. 码头, 桥墩, 支框, 防波堤\n[医] 桥基, 基牙"
pierce,"vt. 刺穿, 穿透, 打眼于, 洞悉, (声音)响彻, (亮光)照进, 深深地打动\nvi. 刺入, 穿入, 透入, 进入"
pierced,"v. 穿通, 刺过（pierce的过去分词形式）"
piercing,"a. 尖厉的, 刺耳的, 刺骨的, 刺穿的, 敏锐的, 彻骨的, 辛辣的, 讽刺的\n[化] 冲孔"
pierre,n. 皮埃尔（男子名）
piers,"n. 支墩, 支柱；防洪堤（pier的复数形式）"
pies,abbr. 图片兴趣探测调查（Picture Interest Exploration Survey）
piety,"n. 虔诚, 孝敬, 虔诚的行为"
pig,"n. 猪, 猪肉, 贪婪的人, 猪一样的人\nv. 生小猪, 象猪般地生活"
pigeon,"n. 鸽子, 易上当受骗的人, 年轻女子"
pigeons,n. 杂波；鸽子（pigeon的复数）
piggy,"n. 小猪\na. 贪心的, 似猪的, 邋遢的"
pigment,"n. 色素, 色质, 颜料\n[化] 颜料"
pigments,"n. 颜料, 染料；色素（pigment的复数形式）"
pigs,n. 猪（pig的复数）
pikachu,皮卡丘
pike,"n. 长矛, 尖头, (体操)屈体, 流浪者, 狗鱼, 通行费\nvi. 用矛刺杀, 刺, 离开, 谨慎办事, 采用屈体姿势"
pile,"n. 堆, 大堆, 大厦, 建筑群, 电池, 大量, 桥桩, 软毛, 痔疮\nvi. 堆起, 堆积, 积累, 挤, 猛烈攻击\nvt. 堆于, 累积, 堆叠, 打桩于, 用桩支撑"
piled,a. 有细毛的
piles,n. [医]痔疮；[医]痔
pilgrim,"n. 旅行者, 朝圣者, 香客\nvi. 朝圣"
pilgrimage,"n. 朝圣, 漫游, 人生的一段经历\nvi. 朝拜, 朝圣, 漫游"
pilgrims,"n. 香客, 朝圣者( pilgrim的复数形式 )"
piling,"n. 打桩, 桩结构, 打桩工程\n[机] 打椿"
pill,"n. 药丸, 弹丸, 屈辱, 胡说\nv. 做成药丸, 形成丸状, 服药丸, 挫败, 抢劫"
pillar,"n. 柱子, 栋梁, 台柱, 重要的支持者\n[医] 柱, 脚"
pillars,n. 柱子；柱状物；台柱（pillar的复数）
pillow,"n. 枕头, 靠垫, 枕状岩\nvt. 作...的枕头, 垫, 枕于\nvi. 靠在枕上"
pillows,n. 枕头( pillow的名词复数 ); 用作枕头的东西
pills,n. 丸剂；药丸（pill的复数）
pilot,"n. 飞行员, 领航员, 航船者, 导向器, 驾驶仪, 向导, 领导人\nvt. 领航, 驾驶, 引导, 试用\na. 引导的, 控制的, 试点的\n[计] 引导"
pilots,n. 飞行员；向导；试播节目；自动驾驶仪（pilot的复数）
pimp,"n. 皮条客, 男妓, 恶棍, 窥探情人者, 告密者\nvi. 拉皮条, 告密"
pin,"n. 大头针, 针, 别针, 栓, 销子, 图钉, 插头, 管脚, 品(液量单位)\nvt. 将...用针别住, 钉住, 压住, 牵制, 使不能动, 归罪于\na. 针的, 销子的, 闩的"
pinball,"n. 钉球戏, 弹球戏"
pinch,"n. 捏, 拧, 撮, 少量, 收缩, 挤压, 夹痛, 苦恼, 逮捕, 指控, 匮乏, 紧急关头\nvt. 捏, 拧, 掐, 挤压, 修剪, 使困苦, 使萎缩, 节制, 少量加入, 逮捕, 勒索\nvi. 收缩, 节省, 挤压, 引起苦恼"
pinched,"a. 消瘦的, 疲倦的"
pine,"n. 松树, 松木\nvi. 消瘦, 憔悴, 痛苦, 怀念, 渴望\n[计] 邮件程序"
pineapple,"n. 凤梨, 菠萝, 失业救济金\n[医] 凤梨, 波萝"
pines,n. 松树（pine的复数）
ping,"n. 砰(子弹击中时的声音), 报时的最后一声, 声脉冲\nvi. 砰(铛)地发声\n[计] internet网络包测程序, 连通性检测命令"
pink,"n. 粉红色, 石竹花, 化身, 典范, 头面人物, 极度\na. 粉红的, 石竹科的, 比较激进的, 脸色发红的, 精致的, 有点下流的\nvt. 刺, 扎, 刺痛, 射伤, 使面红耳赤, 使变粉红色\nvi. 变粉红色"
pinky,"a. 带淡红色的, 比较激进的"
pinnacle,"n. 小尖塔, 尖峰, 高峰, 极点\nvt. 造小尖塔, 置于尖顶上"
pinned,v. 用针别住(pin的过去分词); 刺穿; 牵制\na. 用针别住的; 被压制的
pinning,[电] 阻塞
pinot,加州葡萄
pinpoint,"n. 极小之物, 针尖, 立锥之地, 精确位置\nvt. 精确地找到, 准确地轰炸, 刺穿, 准确描述, 使突出, 强调\na. 针尖的, 极微的, 精确的, 详尽的, 精确定位的"
pins,"n. 插脚, 针；精确的综合导航系统"
pint,"n. 品脱(干量或液量的单位)\n[医] 量磅, 品脱"
pinto,"a. 黑白花斑的, 杂色的\nn. 花马, 菜豆"
pints,n. 品脱( pint的复数形式 ); 一品脱啤酒
pioneer,"n. 先锋, 拓荒者, 创始人\nvt. 提倡, 开辟, 开创, 倡导\nvi. 作先驱, 开路\na. 最早的, 开拓的, 先驱的, 有开拓者特点的"
pioneered,"vt. 开拓, 开发（pioneer的过去式与过去分词形式）"
pioneering,a. 首创的；先驱的
pioneers,n. 拓荒者( pioneer的名词复数 ); 开发者; 先驱者; 创始者
pious,"a. 虔诚的, 敬神的, 尽责的, 可嘉的, 不可能实现的"
pip,"n. 禽鸟舌喉炎, 痂, 小毛病, 沮丧, 单根茎, 单瓣花, 果仁, 牌点, 忧郁, 报时信号\nvt. 投票反对, 从水果中去籽, 击败, 啄破, 使烦恼, 水果去籽\nvi. 烦恼, 身体不适, 唧唧喳喳地叫, 死, 破壳而出"
pipe,"n. 管, 导管, 输送管, 管状器官, 声带, 尖细的声音, 烟斗, 笛, 管乐器\nvt. 以管输送, 吹哨子, 吹奏, 尖声唱\nvi. 吹笛, 尖叫, 吹长哨发令\n[计] 管道"
pipeline,"n. 管道, 传递途径\n[化] 管路; 管线"
pipelines,n. 管道( pipeline的复数形式 ); 输油管道; 在考虑（或规划、准备） 中; 在酿中
piper,"n. 吹笛者, 风笛手, 管乐器吹奏者, 管道安装工, 幼鸽"
pipes,"n. 管线, 管道；管子（pipe复数形式）"
piping,"n. 吹笛, 笛声, 管道, 尖锐声音, 衣服滚边\na. 吹笛的, 高音的, 平静的, 乐声优雅的"
piracy,"n. 海盗行为, 海上劫掠, 剽窃, 著作权侵害, 非法翻印\n[法] 海盗行为, 海上掠夺, 海盗罪"
pirate,"n. 海盗, 盗印者, 侵犯专利权者\nvt. 盗印, 掠夺, 翻印\nvi. 做海盗, 从事劫掠"
pirates,n. 海盗( pirate的名词复数 ); 剽窃者; 侵犯版权者; 非法播音的人（或组织）
pisa,n. 比萨城
piss,"vi. 小便, 下大雨, 抱怨\nvt. 撒尿弄脏, 尿在...上\nn. 小便"
pissed,a. 喝醉的
pisses,n. 尿( piss的名词复数 )\nv. 撒尿( piss的第三人称单数 ); 倾盆而下
pissing,v. 撒尿( piss的现在分词 ); 倾盆而下
pistol,"n. 手枪, 信号枪\nvt. 以手枪杀死(或伤害)"
pistols,n. 手枪( pistol的复数形式 )
piston,"n. 活塞, 活塞阀键\n[医] 活塞(如注射器的)"
pistons,n. <机>活塞( piston的复数形式 )
pit,"n. 深坑, 矿井, 果核, 地窖, 深渊, 绝境, 陷阱\nvt. 窖藏, 使凹下, 使有麻点, 去...之核, 使留疤痕, 使相斗, 使竞争\nvi. 起凹点, 凹陷"
pitch,"n. 程度, 坡度, 顶点, 前倾, 倾斜, 投掷, 音高, 螺距, 节距, 摊位, 树脂, 沥青\nvt. 投, 掷, 向前倾跌, 扎营, 竭力推销, 为...定调, 定位于, 用沥青涂\nvi. 搭帐篷, 投掷, 向前跌, 猛然摔倒, 坠落, 倾斜\n[计] 孔距"
pitched,a. 斜的；人字形的
pitcher,"n. 有把的大罐, 瓶状体, 投手, 摊贩"
pitchers,n. 瓷渣；水罐（pitcher的复数）
pitches,n. 程度( pitch的名词复数 ); 斜度; 颠簸; 沥青\nv. 投( pitch的第三人称单数 ); 用沥青涂; 排列; 把…定于特定角度
pitching,"n. 护坡(石), 铺地石, 俯仰, (船的)上下颠簸"
pitfalls,"n. （捕猎野兽用的）陷阱( pitfall的复数形式 ); 意想不到的困难, 易犯的错误"
pitiful,"a. 慈悲的, 可怜的, 令人同情的, 可鄙的"
pits,n. 凹点；凸面；维修区（pit的复数）
pitt,"n. 皮特钻石（品牌名）；皮特（姓氏, 特指英国政治家父子威廉姆斯皮特）"
pitted,"a. 有凹痕的, 有麻点的, 去核的"
pittsburgh,n. 匹兹堡
pity,"n. 遗憾, 同情, 怜悯, 憾事, 可惜\nvt. 同情, 怜悯\nvi. 觉得可怜, 有同情心"
pivot,"n. 枢轴, 支点, 旋转运动, 中枢, 关键人物\na. 枢轴的, (如)在枢轴上转动的\nvi. 在枢轴上转动, 随着转移\nvt. 装枢轴于, 以...为中心旋转\n[计] 程序员交互验证和编制工具, 数据透视表"
pivotal,"a. 枢轴的, 关键的, 起中心作用的"
pixar,n. 皮克斯；皮克斯动画工作室
pixel,n. 像素\n[计] 象素
pixels,n. 像素；像素点（pixel的复数）
pixie,"n. 妖精, 喜欢恶作剧的精灵, 小鬼\na. 淘气的, 调皮捣蛋的, 恶作剧的"
pizza,n. 比萨饼
pizzas,"n. 意大利薄饼, 比萨饼( pizza的复数形式 )"
pj,abbr. 有功电度表；圆周喷射（Peripheral Jet）
pk,[建] pK
pl,[化] 磷脂
pla,中国人民解放军\n[计] 可编程序逻辑阵列
place,"n. 地方, 地点, 位置, 住所, 座位, 地位, 处境, 特权, 空间, 余地, 职务, 位\nvt. 放置, 寄予, 认出, 评定, 任命\nvi. 名次列前"
placebo,"n. (为死者所诵的)晚祷歌, 安慰剂, 安慰的话, 使人宽慰的事\n[医] 安慰剂, 无效[对照]剂"
placed,v. 放置（place的过去分词形式）
placement,"n. 放置, 布置, 工作安排, 编班, 定位球\n[计] 放置"
placements,n. 安置( placement的复数形式 ); 实习工作; 实习课; （对物件的）安置
placenta,"n. 胎盘, 胎座\n[化] 胎盘"
places,n. 地点；位置；[数]位数（place的复数）
placing,"n. 出盘, 出售\n[化] 铺设"
plagiarism,"n. 剽窃, 抄袭, 剽窃物\n[法] 抄袭, 剽窃, 剽窃作品"
plague,"n. 瘟疫, 天罚, 麻烦, 灾祸\nvt. 折磨, 使苦恼, 使得灾祸"
plagued,v. 困扰（plague的过去分词）
plaid,"n. 格子花呢披风, 格子花呢, 格子图案"
plain,"n. 平原, 草原, 朴实无华的东西, 无格式\na. 简单的, 明白的, 平常的, 不好看的, 朴素的, 清晰的, 普通的, 平坦的, 十足的\nadv. 清楚地, 显然地\n[计] 无格式"
plainly,"adv. 清楚地, 明白地, 简单地, 朴素地, 直率地, 坦白地"
plains,"n. 平地, 平原（plain的复数）"
plaintiff,"n. 原告, 起诉人\n[经] 原告, 原起诉人"
plaintiffs,n. <律>原告( plaintiff的复数形式 )
plan,"n. 计划, 方案, 策略, 方法, 进度表, 程序表, 平面图, 设计图, 轮廓, 示意图\nvt. 计划, 设计, 意欲\nvi. 订计划"
plane,"n. 平面, 扁平物, 机翼, 飞机, 水准, 地位\na. 平的, 平面的\nvt. 将...刨平, 刨平, 掠过水面\nvi. 翱翔, 乘飞机旅行, 刨掉"
planes,n. 位面\n[计] 位面
planet,"n. 行星, 命运星辰, 杰出的人, 重大影响的事"
planetary,"a. 行星的, 流浪的, 迁移不定的, 地球上的, 现世的"
planets,n. 行星( planet的复数形式 ); 地球（尤指环境）
plank,"n. 厚木板, 支架, 木板制品, 冲浪板, 救急物, 政纲条目\nvt. 在...上铺板, 撂下, 立即付款"
planks,"n. （厚）木板( plank的名词复数 ); 政纲条目, 政策要点"
planned,"a. 计划了的, 预定的, 根据计划的, 有组织的\n[法] 有计划的, 计划的, 有秩序的"
planner,"n. 计划者, 设计者, 安排者\n[机] 刨床机"
planners,"n. 规划者, 策划人( planner的名词复数 )"
planning,"n. 计划的制订, 策划, 设计, 规划\n[计] 计划, 规划"
plans,n. 计划；规划（plan的复数）
plant,"n. 植物, 作物, 工厂, 树枝, 生长, 设施, 成套设备\nvt. 种植, 栽培, 播种, 培养, 安置, 殖民于, 使位于\nvi. 种植"
plantation,"n. 种植园, 大农场, 植树造林, 新开垦地\n[医] 栽植(如牙或其他组织的植入、再植和移植)"
plantations,"n. 种植园, 大农场( plantation的复数形式 )"
planted,vbl. 种植
planter,"n. 种植者, 耕作者, 种植机, 花盆"
planters,n. 种植园主( planter的复数形式 ); 大农场主; 播种机; 花盆
planting,"n. 种植, 栽培, 播种, 人工林, 花圃, 苗圃"
plants,n. 植物；工厂（plant的复数形式）
plaque,"n. 匾, 饰板, 名牌, 勋章, 胸襟饰物, 血小板"
plaques,n. （纪念性的）匾牌( plaque的复数形式 ); 纪念匾; <医>牙斑; <微生物>空斑
plasma,"n. 血浆, 淋巴液, 原生质, 等离子体\n[化] 等离体; 等离子体"
plaster,"n. 石膏, 灰泥, 安慰(缓解)用品, 膏药\nvt. 涂以灰泥, 敷以膏药, 掩饰, 使平服, 彻底击败, 减轻, 粘贴"
plastered,"a. 醉醺醺的, 抹上灰泥的, 涂得厚厚的"
plastic,"n. 塑料, 可塑体, 可塑性物质\na. 塑料的, 塑造的, 有可塑性的, 造型的, 易受影响的, 有创造力的"
plastics,"n. 塑料制造学, 塑料学, 整形外科, 成形外科, 塑料, 塑料制品\n[化] 塑料"
plat,"n. 小块地, 地图\nvt. 制...的地图"
plate,"n. 碟, 盘子, 盆中物, 金属板, 图版, 金银餐具, 印版, 金属牌(照)\nvt. 镀金, 电镀, 用金属板固定, 给...装钢板, 为...制印版"
plateau,"n. 高地, 高原, (上升后的)稳定水平\n[医] 高原, 平顶, 坪"
plated,"a. 镀金的, 装甲的, 被覆镀的"
plates,n. 板材；平板；盘子（plate的复数）
platform,"n. 站台, 月台, 讲台, 论坛, 平台\n[计] 平台"
platforms,n. 台( platform的复数形式 ); 站台; （公开表达意见或在某方面发展的）机会; 纲领
plating,"n. 电镀, 镀层, 金属外表的镀层, 装甲\n[化] 喷镀"
platinum,"n. 白金, 铂, 银灰色\n[化] 铂Pt"
plato,n. 柏拉图
platonic,"a. 空谈的, 不实际的, 柏拉图哲学的, 柏拉图的"
platoon,"n. 排, 一组, 一群人"
platter,"n. 大浅盘, 主菜盘\n[计] 底板"
plausible,"a. 貌似真实的, 貌似合理的, 说得煞有其事的\n[法] 花言巧语的, 似乎有理的"
play,"n. 游戏, 游玩, 玩笑, 运动, 比赛, 赌博, 跳动, 表演, 剧本\nv. 玩, 游戏, 假装, 开玩笑, 比赛, 扮演, 演奏, 演戏, 传摇曳, (使)跳动\n[计] 播放"
playa,"n. 干盐湖, 河滩, 海边休养地"
playable,"a. 可玩的, 可演奏的, 宜玩的, 宜演奏的"
playback,"n. (录音)重放, (录音)重放装置\n[计] 重现"
playbook,"n. 剧本, 剧本集"
playboy,"n. 花花公子, 乖巧的人"
played,v. 玩耍；演奏；播放；参加竞赛（play的过去分词）
player,"n. 竞赛者, 上场队员, 游戏者, 演员\n[经] 交易者"
players,"n. 队员, 参与者；迷你音碟机, 雷射唱盘（player的复数形式）；玩家（player的复数形式）"
playful,"a. 爱打趣的, 多趣的, 开玩笑的, 嬉戏的"
playground,"n. 运动场, 操场, 度假胜地, 活动场所"
playgrounds,n. 操场( playground的复数形式 ); 游乐场; 娱乐场; （某些集体聚会游乐的）园地
playhouse,"n. 剧场, 儿童之家, 玩具房"
playing,"n. 游戏, 玩耍, 竞技, 比赛, 扮演, 演奏, 赌博"
playlist,n. 播放列表；演出剧目表
playlists,(playlist 的复数) n. 播放列表；演出剧目表
playoff,n. 双方得分相等时的最后决赛；复赛；季后赛
playoffs,n. NBA 季后赛
plays,n. 戏剧集；戏剧（play的复数）
playstation,n. 游戏机
playwright,n. 剧作家
plaza,"n. 广场, 市场, 购物区"
plc,[计] 可编程逻辑控制器
plea,"n. 恳求, 辩解, 抗辩, 诉讼, 请愿, 托词\n[法] 抗辩, 申诉案件, 答辩"
plead,"vi. 辩护, 恳求\nvt. 为...辩护, 提出...借口, 托称, 恳求"
pleaded,"为...辩护, 以...作为答辩, 以...为借口, 以...为理由, 辩护, 申明, 抗辩, 恳求"
pleading,"n. 辩论, 恳请, 答辩, 诉讼手续, 诉状\na. 恳求的"
pleads,"v. 恳求, 请求( plead的第三人称单数 ); 提出…为借口[理由]; （向法庭）陈述案情; （在法庭）申辩, 认罪, 辩护"
pleas,n. 借口( plea的复数形式 ); （被告或被告律师的）抗辩; （法庭中的）理由; 请愿
pleasant,"a. 愉快的, 可爱的, 活泼的, 亲切的"
pleasantly,"adv. 和蔼地, 亲切地；友好地；愉快地"
please,"adv. 请\nvt. 使高兴, 合...的心意, 取悦\nvi. 使人满意, 讨好, 愿意, 敬请"
pleased,"a. 高兴的, 喜欢的, 满足的"
pleases,v. （使…）高兴( please的第三人称单数 ); （使…）满意; 想要; 喜欢
pleasing,"a. 令人喜爱的, 愉快的, 舒适的"
pleasurable,"a. 快乐的, 愉快的, 舒适的, 心情舒畅的"
pleasure,"n. 快乐, 愉快, 令人高兴的事, 娱乐, 希望\nv. (使)高兴"
pleasures,n. 愉快；乐事（pleasure的复数）
pledge,"n. 诺言, 保证, 誓言, 抵押, 信物, 保人, 祝愿\nvt. 许诺, 保证, 使发誓, 抵押, 典当, 举杯祝...健康"
pledged,"v. 保证, 许诺, 发誓( pledge的过去式和过去分词 ); 典当; 保证给予（或做）; 以誓言约束"
pledges,"n. 保证( pledge的名词复数 ); 抵押; 信物; 保人\nv. 保证, 许诺, 发誓( pledge的第三人称单数 ); 典当; 保证给予（或做）; 以誓言约束"
plenary,"a. 充分的, 完全的, 全体出席的\n[经] 正式的, 充分的, 全体出席的"
plentiful,"a. 许多的, 丰富的, 丰饶的"
plenty,"n. 充分, 很多, 丰富\na. 很多的, 足够的, 丰富的"
plethora,"n. 过多, 过剩, 多血症\n[医] 多血[症]"
plight,"n. 困境, 窘境\nvt. 宣誓, 保证"
plot,"n. 小块土地, 地区图, 图, 阴谋, 情节\nvt. 划分, 绘图, 密谋\nvi. 密谋, 策划\n[计] 绘制"
plots,n. 情节；阴谋；平面图；小块土地（plot的复数）
plotted,a. 标绘的
plotting,"n. 标绘, 绘图\n[化] 绘图"
plough,"n. 犁, 犁过的地\nvi. 用犁耕田, 开路\nvt. 耕, 犁, 开路"
plow,"n. 犁\nv. 犁, 耕"
ploy,"n. 手段, 活动, 玩乐"
pls,abbr. 请（please）
pluck,"n. 勇气, 猛拉, 动物内脏\nvt. 摘, 猛拉, 拔, 拉, 扯, 采\nvi. 拉, 拽"
plucked,v. 采( pluck的过去式和过去分词 ); 拔掉; 解救; 弹
plug,"n. 塞子, 栓, 插头\nvt. 插入, 塞住, 接插头\nvi. 被塞住"
plugged,a. 塞紧的；堵塞的
plugging,[化] 堵塞\n[医] 填塞[法]
plugin,n. 相关插件；插件
plugs,"n. 插头；栓塞, 插塞（plug的复数）"
plum,n. 李子
plumber,n. 水管工人\n[法] 堵漏防漏人员
plumbing,"n. 测深, 管子工行业, 管道设备"
plume,"n. 羽毛, 羽毛装饰, 羽状的\nvt. 用羽毛装饰, 整理羽毛, 使成羽毛状"
plump,"a. 圆胖的, 丰满的, 直接下落的, 直率的\nvt. 突然放下, 支持, 使丰满, 使鼓起\nvi. 扑通落下, 投票赞成, 变丰满, 鼓起\nadv. 沉重地, 突然地, 直截了当地"
plunder,"n. 抢夺, 掠夺品, 战利品\nv. 掠夺, 抢劫, 抢夺"
plunge,"n. 钻进, 跳进, 跳水, 跳水池, 猛跌, 落下, 投入, 开始从事, 盲目投资\nvi. 投入, 投身于, 跳进, 陷入, 下降\nvt. 使投入, 使插入, 使陷入, 使遭受"
plunged,v. 颠簸( plunge的过去式和过去分词 ); 暴跌; 骤降; 突降
plural,"n. 复数\na. 复数的, 两个以上的"
plurality,"n. 复数, 较大的数, 多数状态, 兼职\n[法] 大多数, 较多数, 复数"
plus,"prep. 加上, 加, 外加\na. 正的, 附加的\nn. 正号, 加号, 附加额, 正数, 增益\n[计] 正差"
plush,"n. 长毛绒, 长毛绒裤\na. 长毛绒制的, 豪华的"
pluto,"n. 冥王星, 普路托(冥王)"
plutonium,n. 钚\n[化] 钚Pu
ply,"n. 厚度, 板层\nvt. 使用, 使劲挥舞, 从事, 折, 弯\nvi. 辛勤工作, 定期航行"
plymouth,n. 普利茅斯（英国一座城市）
plywood,"n. 夹板, 合板\n[机] 层板, 木夹板, 三夹板"
plz,abbr. 伊丽莎白港（位于南非）；波兰兹罗提（波兰官方货币）
pm,"出纳员, 军需官\n[计] 调相, 性能管理, 处理模块, 程序存储器"
pneumatic,"a. 充气的, 空气的, 有气胎的, 气动的, 灵魂的\nn. 充气轮胎"
pneumonia,n. 肺炎\n[医] 肺炎
png,abbr. 可移植的网络图象文件格式（Portable Network Graphic）；（拉）不受欢迎的人（Persona Non Grata）；巴布亚新几内亚（Papua New Guina）
po,"邮局, 邮政汇票\n[医] 口服, 经口"
poaching,"[经] 猎取, 盗取"
poc,停靠港
pocket,"n. 口袋, 钱袋, 钱, 容器\nvt. 装...在口袋里, 隐藏, 抑制, 私吞, 搁置, 击...入袋\na. 袖珍的, 小型的, 压缩的, 金钱上的"
pockets,n. 口袋（pocket的复数）
pod,"n. 豆荚, (豆荚状的)保护性外壳, 扁豆形矿体\nvt. 从豆荚中剥出\nvi. 结豆荚"
podcast,n. 播客
podcasts,n. 播客（podcast的复数形式）
podium,"n. 墩座, 矮隔墙, 指挥台\n[医] 足, 吸足"
pods,abbr. 资料库系统规则（Principles of Database Systems）
poe,abbr. 载货港（port of embarkation）；进口港（port of entry）
poem,"n. 诗, 诗般美的事物"
poems,"n. 诗歌, 诗集（poem复数形式）"
poet,n. 诗人
poetic,"a. 诗的, 诗意的, 诗人的"
poetry,"n. 诗, 韵文, 诗歌艺术"
poets,n. 诗人（poet的复数形式）
poignant,"a. 辛酸的, 尖锐的, 剧烈的"
point,"n. 点, 小数点, 标点, 地点, 要点, 特点, 尖端, 分数, 得分, 穴位\nvt. 弄尖, 强调, 指出, 加标点于, 瞄准\nvi. 指, 指向, 表明"
pointed,"a. 尖的, 有尖顶的, 锐利的, 率直的, 显然的"
pointer,"n. 指示物, 教鞭, 暗示, 指针\n[计] 指针"
pointers,n. 指极星；指针；指标（pointer的复数）
pointing,"[计] 指向, 指点"
pointless,"a. 不尖的, 钝的, 不得要领的"
points,"n. 转轨器, 道岔\n[计] 磅"
pointy,a. 尖的
poised,"a. 平衡的, 均衡的, [表]作好准备的, (褒)沉着的, 泰然自若的, 自信的"
poison,"n. 毒药, 毒, 毒物, 有毒害的事物\nvt. 毒害, 毒杀, 使中毒\nvi. 放毒, 下毒"
poisoned,a. 中毒的；遭毒害的
poisoning,n. 中毒\n[医] 中毒
poisonous,"a. 有毒的, 恶毒的, 讨厌的\n[医] 有毒的"
poisons,n. 毒药( poison的名词复数 ); 酒; 极糟的食物; 极有害的思想（或心情等）\nv. 毒死( poison的第三人称单数 ); 污染; 放毒于; 对…有不良影响
poke,"n. 刺, 戳, 袋子\nvt. 戳, 捅, 拨弄, 刺\nvi. 戳, 刺, 捅, 搜索, 伸出, 行动散慢\n[计] 存数"
poked,v. 伸出( poke的过去式和过去分词 ); 戳出; 拨弄; 与（某人）性交
pokemon,n. 口袋妖怪（游戏、动画名）
poker,"n. 戳的人, 拨火棍, 纸牌戏\nvt. 烙制"
poking,v. 伸出( poke的现在分词 ); 戳出; 拨弄; 与（某人）性交
pol,"abbr. 油料（Petroleum, Oil and Lubricants）；北极星导弹（Polaris）"
poland,n. 波兰
polar,"a. 两极的, 极地的, 正好相反的, 极性的\nn. 极线, 极面"
polarization,"n. 极化, 极化强度, 偏振, 两极分化\n[计] 定位; 对位"
polarized,v. 使分化为不同的看法( polarize的过去式和过去分词 )
pole,"n. 波兰人, 极点, 磁极, 电极, 杆, 竿, 相反的极端\nvt. 用竿支撑\nvi. 撑篙"
poles,n. （南、北）极( pole的名词复数 ); 地极; 柱; 截然相反的两极之一
police,"n. 警察, 警察当局, 治安\nvt. 维持治安, 管辖"
policeman,n. 警察\n[化] 淀帚
policemen,pl. 警察
policies,n. 政策；保险单（policy的复数）
policing,v. （警察、军队等）巡查( police的现在分词 ); 维护治安; （委员会等）监督; 管制
policy,"n. 政策, 方针, 策略, 保险单\n[医] 凭单, 保险单"
policymakers,(policymaker 的复数) n. 政策制定者；决策人
polio,"n. 脊髓灰质炎, 小儿麻痹症\n[医] 脊髓灰质炎"
polish,"a. 波兰的\nn. 波兰人, 上光剂, 光泽, 优雅\nvt. 擦亮, 擦去, 使完美\nvi. 擦亮, 变得光亮"
polished,"a. 擦亮的, 优雅的, 精良的"
polishing,"[计] 磨光, 擦光\n[化] 精制; 抛光"
polite,"a. 有礼貌的, 文雅的, 客气的, 有教养的"
politely,"adv. 有礼貌地, 文雅地, 客气地"
political,"a. 政治的, 政治上的, 政党的, 从事政治的\n[法] 政治的, 政治上的, 党派政治的"
politically,adv. 政治上
politician,"n. 政客, 政治家, 从事党派政治的人\n[法] 政客, 政治家"
politicians,"n. 政治家( politician的复数形式 ); 政客, 玩弄权术者"
politico,n. 政客
politics,"n. 政治, 政治学, 政见, 政治活动\n[法] 政治, 政治学, 政纲"
polk,vi. [口]跳波尔卡舞
polka,"n. 波尔卡舞, 女用紧身短上衣"
poll,"n. 投票, 民意测验, 选举投票, 投票数, 一组人中的一个, 头颈和后脑部, 鹦鹉\nvt. 对...进行民意测验, 获得...票, 剪树枝, 轮询\nvi. 投票\na. 剪过毛的, 修过枝的\n[计] 轮询"
pollard,"n. 无角(截去角)的动物, 截去树梢的树, 麸皮\nvt. 截去树梢"
polled,a. 剪去毛的；无角的；截去树梢的
pollen,n. 花粉\nvt. 传授花粉给
polling,n. 选举投票\n[计] 轮询; 探询
pollock,n. [动]鳕鱼类
polls,n. 投票；民意调查；投票模块（poll的复数形式）
pollutants,n. 污染物质（尤指工业废物）( pollutant的复数形式 )
polluted,"a. 被污染的, 被玷污的, (美)(非正式)喝得烂醉的"
pollution,"n. 污染, 玷污\n[化] 污染"
polly,"n. 波莉（女子名, 等于Mary）；鹦哥（鹦鹉的通称, 等于poll parrot）"
polo,"n. 马球, 水球"
poly,"n. 理工学院, 工艺高等专科学校\n[化] 聚尿苷酸"
polyester,n. 聚酯\n[化] 聚酯
polymer,"n. 聚合物, 聚合体\n[化] 多聚体; 高分子; 大分子; 聚合物"
polymers,n. 聚合物；高分子（polymer的复数）
polynomial,"a. 多项式的, 多词学名的\nn. 多项式, 多词学名\n[计] 多项式"
polytechnic,"a. 各种工艺的, 工艺教育的\nn. 工艺专科学校, 理工专科学校"
pom,"n. 波美拉尼亚种小狗, 砰的一声\nvi. 发砰砰声"
pond,n. 池塘\nv. 筑成池塘
ponder,"v. 沉思, 考虑"
ponds,n. 池塘（pond的复数）
pong,n. 恶臭
ponies,"n. 矮种马, 小型马( pony的名词复数 ); £25 25 英镑\nv. 矮种马, 小型马( pony的第三人称单数 ); £25 25 英镑"
pont,n. （南非的）缆拉渡船
pontiac,n. 旁蒂克（汽车名）
pony,"n. 矮种马\nv. 借助逐字直译文翻译\na. 小型的, 每日摘要的"
poo,邮政汇票
pooh,"interj. 呸, 啐\nvt. 使疲倦"
pool,"n. 池, 水塘, 石油层, 联营\nvt. 合伙经营, 共享, 采掘, 汇聚成\nvi. 汇合成塘, 淤积, 联营"
poole,n. 普尔（英格兰城市）
pools,n. 猜足球赛胜负的赌博
poop,"n. 艉楼, 船尾, 消息, 啪啪声\nvt. 使疲倦, 使船尾受击\nvi. 疲乏, 发啪啪声"
poor,"a. 贫穷的, 贫乏的, 不幸的, 可怜的, 拙劣的, 卑鄙的\n[经] 低劣的, 不良的"
poorer,可怜的\n贫困的（poor 的比较级）
poorest,a. 可怜的\na. 低劣的\na. 贫困的（poor的最高级 ）
poorly,"adv. 贫穷地, 不充分地, 贫乏地\na. 身体不舒服的"
pop,"n. 砰然声, 枪击, 含气饮料, 流行音乐, 通俗艺术\na. 流行的, 热门的, 通俗的\nvt. 使发出爆裂声, 开枪打, 突然伸出\nvi. 发出爆裂声, 射击, 突然出现, 瞪大\nadv. 突然, 砰地\n[计] 出现点, 邮局协议"
popcorn,n. 爆米花
pope,"n. 罗马教皇, 主教"
popped,a. [美俚]被警察局拘押的；被逮捕的
popping,a. 间歇的；凸出的
poppy,n. 罂粟\n[医] 罂粟
pops,abbr. 流行曲调（popular tunes）；大众音乐会（popular concerts）
populace,"n. 平民, 大众, 人口"
popular,"a. 通俗的, 流行的, 受欢迎的, 大众的, 人民的, 普及的\n[经] 大众的, 通俗的, 普及的"
popularity,"n. 名声, 受大众欢迎, 流行"
popularly,"adv. 通俗地, 平易地, 通过民众"
populated,a. 粒子数增加的
population,"n. 人口, 人口数\n[化] 群体; 总体"
populations,n. 人口( population的复数形式 ); 全体居民; 特定人[动物]群
populist,n. 民粹派的成员
populous,"a. 人口多的, 人口稠密的"
por,abbr. 返回后付款（pay on return）
porcelain,"n. 瓷器, 瓷\na. 瓷制的"
porch,"n. 门廊, 走廊"
pore,"n. 毛孔, 小孔, 气孔\nvi. 专心阅读, 细想, 钻研, 沉思, 注视\nvt. 使注视得"
pores,n. 气孔；毛穴（pore的复数）
pork,n. 猪肉\n[医] 猪肉
porn,"n. 色情描写, 黄色书刊, 色情画, 色情照片, 色情文学"
porno,"n. 色情（书刊、电影等, 等于pornography）"
pornographic,"a. 淫秽作品的, 色情的\n[法] 色情画的, 色情文字的"
pornography,"n. 色情描写, 黄色书刊, 色情画, 色情照片, 色情文学\n[法] 色情画, 色情文学, 黄色读物"
porous,"a. 多孔的, 有气孔的, 多孔性的, 能渗透的\n[医] 多孔的"
porridge,"n. 粥, 糊"
porsche,n. 保时捷（德国知名汽车厂商或其出产的轿车品牌名）
port,"n. 港口, 埠, 舱门, 避风港, 左舷, 炮眼, 姿势, 意义\nvt. 左转舵, 持(枪)\nvi. 左转舵\n[计] 端口, 移植"
portable,"a. 可携带的, 可搬运的, 可移动的\n[计] 可移植的"
portal,"n. 入口, 大门\na. 肝门的"
portals,n. [计]门户网站；入口；大门（portal的复数）
porte,n. 高门(奥斯曼帝国政府)\n[医] 柄
porter,"n. 大楼管理员, 门房, 搬运工人, 侍者, 服务员\n[化] 搬运车; 搬运工人"
portfolio,"n. 皮包, 公文包, 部长职务, 有价证券财产目录, 艺术代表作选辑\n[法] 公文包, 文件夹, 阁员职务"
portfolios,n. 投资组合( portfolio的复数形式 ); （保险）业务量; （公司或机构提供的）系列产品; 纸夹
portion,"n. 部分, 一份, 命运, 嫁妆\nvt. 分配, 给...嫁妆"
portions,n. 一部分( portion的名词复数 ); 一份遗产（或赠与的财产）; 分享的部份; 嫁妆
portland,n. 波特兰(美港口)
porto,n. 波尔图（葡萄牙港口）
portrait,"n. 肖像, 人像, 半身像, 描写, 竖排格式\n[计] 纵向"
portraits,"n. 肖像, 画像( portrait的复数形式 ); 生动的描写"
portray,"vt. 描绘, 描写, 描绘...的肖像"
portrayal,"n. 描绘, 描写, 画像, 肖像\n[计] 描绘"
portrayed,v. 画像( portray的过去式和过去分词 ); 描述; 描绘; 描画
portraying,v. 画像( portray的现在分词 ); 描述; 描绘; 描画
portrays,v. 画像( portray的第三人称单数 ); 描述; 描绘; 描画
ports,"n. 港口, 端口（port的复数）"
portsmouth,"n. 朴茨茅斯（英国港市, 美国港市）"
portugal,n. 葡萄牙
portuguese,"n. 葡萄牙人, 葡萄牙语\na. 葡萄牙的, 葡萄牙人的, 葡萄牙语的"
pos,"[计] 销售点, 位置, 正, 主操作系统"
pose,"n. 姿势, 姿态, 装模作样, 伪装\nvi. 摆姿势, 装模作样, 假装\nvt. 使摆好姿势, 提出, 造成"
posed,v. 主张；摆姿势；装模作样；形成（pose的过去分词）
poseidon,n. 波塞冬(海神)
poses,v. 使摆姿势( pose的第三人称单数 ); 以…身份出现; 招摇; 炫耀
posh,"a. 豪华的, 漂亮的, 优雅的, 极好的\ninterj. 呸"
posing,v. 摆姿势（pose的ing形式）
position,"n. 位置, 地位, 身分, 形势, 姿势, 立场, 职位, 状态, 阵地\nvt. 安置, 决定...的位置\n[计] 位置"
positioned,a. 放置的
positioning,"n. 定位；配置, 布置"
positions,n. 定位；位置（position的复数）
positive,"a. 肯定的, 积极的, 有把握的\n[医] 正的, 阳性的"
positively,"adv. 明确地, 肯定地, 无疑地, (非正式)确实地, 真正地"
positives,n. 确实( positive的复数形式 ); 正片; <语>原级形容词; 明确性
positivity,"n. 确实, 确信, 肯定性"
posse,"n. 一队, 一团, 地方武装团队\n[法] 可能性"
possess,"vt. 持有, 占有, 拥有, 克制, 支配, 迷住\n[法] 持有, 占有, 具有"
possessed,"a. 中邪魔的, 被妖魔缠住的"
possesses,v. 有( possess的第三人称单数 ); 具有; 占据; 感觉
possessing,v. 有( possess的现在分词 ); 具有; 占据; 感觉
possession,"n. 拥有, 占有, 所有, 财产, 领土, 领地, 自制, 着迷\n[经] 占有, 持有"
possessions,n. 所有物（possession的复数形式）；财产
possessive,"n. 所有格\na. 所有的, 占有的"
possibilities,n. 可能性( possibility的名词复数 ); 可能的事; 可选择的方法; 可以利用和改善的余地
possibility,"n. 可能性, 可能的事\n[法] 可能性, 可能发生的事, 不确定权"
possible,"a. 可能的, 潜在的, 合适的\nn. 可能性, 可能的事物"
possibly,"adv. 可能, 也许"
post,"n. 柱, 杆, 准星, 邮件, 邮政, 标竿, 职位, 岗位, 哨所, 兵营\nvt. 张帖, 邮递, 公布, 登入帐, 使熟悉, 布置\nvi. 快速行进\nadv. 急速地\n[计] 记入; 登记, 上电自检"
postage,"n. 邮资\n[经] 邮费, 邮资"
postal,"a. 邮政的, 邮局的\n[经] 邮政的"
postcard,n. 明信片
postcards,n. 明信片( postcard的复数形式 )
postdoctoral,a. 博士后的
posted,v. 贴出；布置；通告（post的过去分词）
poster,"n. 海报, 招贴, 驿马"
posterior,"a. 在后的, 其次的, 后面的\nn. 后部, 臀部"
posters,"n. 招贴, 海报( poster的复数形式 ); 印成的大幅画"
postgraduate,"a. 大学毕业后的, 大学研究院的\nn. 研究生"
posting,"[计] 记入, 记录, 稿件, 邮件\n[经] 过帐, 誊入总帐"
postings,"n. 任命, 委派( posting的复数形式 )"
postman,"n. 邮递员\n[法] 邮递员, 理财法庭的高级律师"
postmaster,n. 邮政局长\n[计] 邮件主管员
postpone,"vt. 延迟, 使延期, 缓办, 搁延\nvi. 延缓, 延缓发作"
postponed,"vt.& vi. 延期, 缓办, （使）延迟\nvt. 把…放在次要地位; [语]把…放在后面（或句尾）\nvi. （疟疾等）延缓发作（或复发）"
posts,n. 标杆；岗位；帖子；邮件（post的复数）
postseason,n. 赛季后
posture,"n. 姿势, 态度, 情形, 形势\nvt. 作...的姿势\nvi. 作姿势"
postwar,a. 战后的
pot,"n. 盆, 罐, 壶, 坩埚, 奖杯\nvt. 装入盆中, 在锅中煮, 随手射击\nvi. 随手射击"
potassium,n. 钾\n[化] 钾K
potato,n. 马铃薯
potatoes,n. 马铃薯；土豆（potato的复数形式）
potency,"n. 力量, 权力, 效力\n[化] 能力"
potent,"a. 有力的, 有说服力的, 有效的\n[医] 有力的, 有性交能力的"
potential,"n. 潜在性, 可能性, 潜力, 潜能, 势, 位\na. 有潜力的, 可能的, 潜在的"
potentially,"adv. 可能地, 潜在地"
potentials,n. 潜力( potential的复数形式 ); 电位; [电子学]电势
potion,"n. 饮剂, 饮料, 一次饮用量, 一服, 一剂\n[医] 饮剂"
potomac,n. 波拖马可河（美国河名）
pots,[计] 简易老式电话服务
potter,"n. 陶工, 制陶工人"
pottery,"n. 陶器, 陶器厂\n[化] 陶器"
potts,波茨
potty,"a. 微小的, 不足道的\nn. 便壶"
potus,饮剂
pouch,"n. 小袋, 小包, 眼袋, 邮袋, 育儿袋\nvt. 装...入袋中, 使成袋状\nvi. 成袋状"
poultry,n. 家禽
pound,"n. 磅, 英镑, 重击, 鱼塘, 拘留所, 兽栏\nvt. 强烈打击, 捣烂, 监禁, 关入栏内\nvi. 连续重击, 苦干"
pounded,a. 捣碎的
pounding,n. 重击；重击声
pounds,"n. 磅, 英镑；重击（pound复数形式）"
pour,"n. 流出, 倾泻, 骤雨\nvt. 倒, 灌, 注, 倾泻, 诉说, 倾吐\nvi. 倾泻, 蜂涌而来, 下大雨"
poured,"v. 涌出( pour的过去式和过去分词 ); 倾, 倒; 涌流; 倾泻"
pouring,"[机] 浇铸, 浇注"
pours,"v. 涌出( pour的第三人称单数 ); 倾, 倒; 涌流; 倾泻"
pov,abbr. 观点（Position Of View）
poverty,"n. 贫穷, 贫困, 缺乏\n[医] 贫乏, 缺乏"
pow,n. 战俘
powder,"n. 粉, 粉末, 火药\nvt. 搽粉于, 搽粉, 撒粉, 使成粉末\nvi. 搽粉, 变成粉末"
powdered,"a. 弄成粉末的, 粉状的\n[医] 粉状的"
powders,"n. 粉, 粉末( powder的名词复数 ); 粉状物质"
powell,n. 鲍威尔（英国物理学家）
power,"n. 力, 体力, 力量, 势力, 动力, 权力, 强国, 乘方, 强度, 幂, 功率\nvt. 使...有力量, 供以动力, 激励\n[计] 乘幂; DOS外部命令:能控制许多电池电源计算机上的电源管理特性"
powered,"a. 有动力装置的, 用动力推动的, 产生动力的, 产生...动力的"
powerful,"a. 有力的, 有权力的, 强大的\n[机] 强力的"
powerfully,"adv. 强有力, 强大, 效力大, 有权威, 权力大, 有影响, 很多, 相当, 非常"
powerhouse,"n. 发电所, 动力室, 精力旺盛的人, 办事效率高的机构"
powering,[机] 动力估计
powerless,"a. 无力的, 无权的, 无效能的"
powerpoint,n. 微软办公软件
powers,n. 权势；力量（power的复数形式）
pp,"包裹邮递, 包裹邮件, 邮包, 包裹邮务处, 过去分词\n[计] 并行打印, 并行处理器, 打印位置"
ppg,abbr. 聚丙二醇；脉冲程序发生器（ programme pulse generator）；每加仑脉冲数（Pulses Per Gallon）；聚醚
ppl,abbr. 等离子体物理实验所[美]（Plasma Physics Laboratory）；等离子体喷射推进实验所[美]（Plasma Propulsion Laboratory）；多用途程序设计语言（Polymorphic Programming Language）
ppm,[化] 百万分率
ppp,[计] 点到点协议\n[化] PPP法
ppv,abbr. 按次收费电视服务（Pay Per View）；聚对苯撑乙炔（Poly-Phenylene Vinylene）；猪细小病毒
pr,"与公众的关系, 公关\n[计] 模式识别, 实际记录, 前缀, 程序寄存器"
practical,"a. 实际的, 现实的, 实用性的\n[法] 事实上的, 实际上的, 接近...的"
practically,"adv. 几乎, 差不多, 事实上"
practice,"n. 实践, 练习, 实行, 惯例, 习惯, 开业\nv. 实践, 实行, 练习, 实习, 业务"
practiced,"a. 有经验的, 熟练的, 精通的"
practices,n. 练习( practice的名词复数 ); 实践; （医生或律师的）业务; 惯例
practicing,"a. 在工作的, 开业的"
practise,"v. 实践, 实行, 练习, 实习, 从事(职业)"
practised,"a. 有经验的, 熟练的, 精通的"
practising,"a. 在从事职业的, 在从事活动的"
practitioner,"n. 从业者, 开业者\n[医] 行医者, 医师"
practitioners,"n. 习艺者, 实习者( practitioner的复数形式 ); 从业者（尤指医师）"
prada,n. 普拉达（奢侈品品牌）
pradesh,邦
pragmatic,"a. 忙碌的, 爱管闲事的, 自负的, 固执己见的, 实际的, 务实的, 国事的, 国务的\n[法] 闲断的, 固执己见的, 实用主义的"
prague,n. 布拉格
prairie,"n. 大草原, 草甸"
praise,"n. 赞美, 称赞, 崇拜\nvt. 称赞, 赞美\nvi. 赞扬, 表扬"
praised,v. 称赞( praise的过去式和过去分词 ); 赞美; 颂扬; 崇拜
praises,n. 称赞( praise的名词复数 ); 赞扬; 崇拜; 赞美的话\nv. 称赞( praise的第三人称单数 ); 赞美; 颂扬; 崇拜
praising,v. 称赞( praise的现在分词 ); 赞美; 颂扬; 崇拜
prank,"n. 开玩笑, 恶作剧, 戏谑\nvt. 盛装, 装饰, 打扮\nvi. 炫耀自己"
pranks,"n. 玩笑, 恶作剧( prank的名词复数 )"
pratt,n. 屁股
pray,"v. 祈祷, 恳求, 请"
prayed,"v. 祈祷, 祷告( pray的过去式和过去分词 ); <文或旧>请求, 恳求"
prayer,"n. 祈祷, 恳求, 祷辞, 祈祷者"
prayers,n. 祈祷；祝福；祷告者；恳求者（prayer的复数）
praying,"v. 祈祷, 祷告( pray的现在分词 ); <文或旧>请求, 恳求"
prays,n. 祈求（pray的复数）
prc,中华人民共和国\n[计] 程序使用赁证
pre,abbr. 炼油工程师（Petroleum Refining Engineer）
preach,"v. 传道, 讲道, 说教, 宣讲, 鼓吹\nn. 说教, 布道"
preached,v. 布道( preach的过去式和过去分词 ); 劝诫; 说教; 宣传
preacher,"n. 传道士, 讲道者, 牧师"
preachers,n. 说教者( preacher的复数形式 ); 鼓吹者; 传道人; 讲道的道士
preaching,"n. 讲道, 说教, (喋喋不休的)劝诫"
precarious,"a. 不稳定的, 不安的, 危险的"
precaution,"n. 预防, 留心, 警戒\nvt. 预先警告"
precautions,n. 预防措施( precaution的名词复数 ); 防备; 避孕措施
preceded,"v. 在…之前发生（或出现）, 先于( precede的过去式和过去分词 ); 走在…前面"
precedence,"n. 优先, 居先\n[计] 先后次序; 优先规定"
precedent,"n. 先例, 前例\na. 在先的, 在前的"
preceding,"a. 在前的, 前面的\n[法] 在前的, 在先的, 前面的"
precinct,"n. 区域, 管理区, 管辖区域\n[法] 管辖区, 选区, 分界"
precious,"a. 宝贵的, 珍贵的, 过于精致的, 珍爱的"
precipitation,"n. 坠落, 沉淀, 降水, 轻率, 急速, 猛冲, 突如其来\n[化] 析出"
precise,"a. 精确的, 严谨的, 明确的\n[机] 精密的, 正确的"
precisely,"adv. 精确地, 明确地, 刻板地, 拘泥地, 正好, 恰恰, 对, 正是如此, 确实如此, 不错"
precision,"n. 精密, 精确, 精确度, 精度\na. 精密的, 精确的\n[计] 精度"
precursor,"n. 先驱者, 前导, 前兆\n[化] 前体; 前身; 产物母体"
predator,"n. 食肉动物, 掠夺者\n[医] 捕食者"
predators,n. 食肉动物( predator的复数形式 ); 奴役他人者（尤指在财务或性关系方面）
predatory,"a. 掠夺成性的, 捕食生物的, 掠夺的\n[医] 捕食的"
predecessor,"n. 前任, 先辈, 前身\n[医] 初牙, 前辈, 祖先"
predecessors,n. 前任( predecessor的复数形式 ); 前辈; （被取代的）原有事物; 前身
predetermined,a. 业已决定的；先已决定的
predicament,"n. 处境, 穷境, 困局"
predict,"v. 预知, 预言, 预报"
predictable,a. 可预言的
predicted,"v. 预言, 预测, 预示( predict的过去式和过去分词 )"
predicting,[计] 判定的
prediction,"n. 预言, 预报\n[化] 预测"
predictions,"n. 预言, 预言的事物( prediction的复数形式 )"
predictive,"a. 预言性的, 成为前兆的"
predictor,n. 预言者\n[计] 预示变量; 预测程序
predicts,"v. 预言, 预测, 预示( predict的第三人称单数 )"
predominant,"a. 占主导地位的, 卓越的\n[法] 占优势的, 支配其他的, 主要的"
predominantly,"adv. 主要地, 显著地, 大多数地, 突出地"
preface,"n. 序, 绪言, 前言\nvi. 作序, 写前言\nvt. 给...作序, 以...开始"
prefect,"n. 长官, 地方行政长官\n[法] 县长, 地方行政长官, 司令官"
prefecture,"n. 地方长官的职位(或辖区), 县\n[法] 县长的职权, 地方长官的职权"
prefer,"vt. 宁可, 较喜欢, 提出\n[法] 给予优先权, 优先偿还, 提出"
preferable,"a. 更可取的, 更好的, 更合意的"
preferably,"adv. 更可取地, 更好地, 更合意地"
preference,"n. 偏爱, 优先, 喜爱物\n[计] 首选项"
preferences,[计] 参数选择
preferential,"a. 优先的, (关税等)优惠的\n[经] 特惠的; 特惠关税率, 优先权"
preferred,a. 首选的\n[计] 首选的
preferring,v. 偏爱；宁可；提升（prefer的ing形式）
prefers,v. 提出（请求、控诉等）( prefer的第三人称单数 ); 提升; 建议; 选择某事物（而不选择他事物）
prefix,"前缀, 称谓\n[计] 地区号码, 前缀"
pregnancies,"n. 怀孕, 妊娠( pregnancy的复数形式 )"
pregnancy,"n. 怀孕；丰富, 多产；意义深长"
pregnant,"a. 怀孕的, 充满的, 思想丰富的, 成果丰硕的\n[医] 妊娠的, 有孕的"
prehistoric,"a. 历史以前的, 史前的"
prejudice,"n. 偏见, 成见, 侵害\nvt. 使存偏见, 使有成见, 侵害"
prejudices,"n. 成见, 偏见, 歧视( prejudice的名词复数 )"
preliminary,"n. 初步做法, 初步措施, 预试, 预选赛\na. 初步的, 开始的, 预备的"
prelude,"n. 前奏, 序幕, 序诗, 前奏曲\nvi. 作为前奏\nvt. 作为...的开头"
prem,"n. (Prem)人名；(泰)炳；(德、西、罗、捷、印、尼、毛里求)普雷姆\nabbr. 第一, 首要（premium）"
premature,"a. 早产的, 过早的, 不成熟的\nn. 早产儿, 过早发生的事物"
prematurely,"adv. 过早地, 贸然地"
premier,"n. 总理, 首相\na. 首位的, 最初的"
premiere,"v. 初次公演, 首次露面\nn. 初次的演出\na. 首次的, 首位的"
premiered,v. （戏剧、电影等）首次公演( premiere的过去式和过去分词 )
premieres,n. （戏剧、电影等）首次公演( premiere的名词复数 )\nv. （戏剧、电影等）首次公演( premiere的第三人称单数 )
premiers,"n. 总理, 首相( premier的名词复数 ); 首席官员, "
premiership,"n. 总理职位, 首相职权, 首相职位, 总理职权\n[法] 总理职位"
premise,"n. 前提, 房屋连地基, 上述各项\nvt. 预先提出, 引出, 作为...的前提\nvi. 作出前提"
premises,"n. 房屋, 上述各点, 上述房屋\n[经] 房屋, 店铺, 契约前言"
premium,"n. 额外补贴, 奖金, 奖赏, 保险费\n[医] 保险费"
premiums,n. 费用( premium的名词复数 ); 保险费; 额外费用; （商品定价、贷款利息等以外的）加价
prenatal,"a. 出生以前的, 孕期的\n[医] 产前的, 出生前的"
prentice,"n. 学徒, 初学者\na. 徒弟的, 无经验的, 不熟练的\nvt. 使做学徒"
preoccupied,"a. 被先占的, 入神的, 一心一意的"
prep,"n. (英)(非正式)准备功课, 预备学校, 预料\na. (美)(非正式)预备的, 准备的\nvi. 进预备学校, 进行预备训练, 自修, 自我训练\nvt. 预备, 给病人作手术前的准备, 准备"
prepaid,a. 先付的
preparation,"n. 准备, 预备, 预习\n[化] 制剂"
preparations,n. 准备工作; 准备( preparation的复数形式 ); 配制剂; 安排; 准备工作
preparatory,"a. 预备性的, 准备性的\nn. 预科"
prepare,"vt. 准备, 筹备, 使在思想上有准备, 制造, 调制\nvi. 预备"
prepared,"a. 准备好的, 特制的"
preparedness,"n. 准备状态, 战备状态"
prepares,v. 准备( prepare的第三人称单数 ); 预备（饭菜）; 配备; 使（自己）有准备
preparing,a. 准备的
preposterous,"a. 反常的, 乖戾的, 荒谬的, 首末倒置的"
prepping,[美口]运动前的练习
prequel,"n. (据已问世文艺作品的情节凭想象上溯创作的)先行篇, 前篇"
prerequisite,"a. 先决条件的, 必要的\nn. 先决条件, 必备条件"
pres,"abbr. 主席, 总统（President）"
presbyterian,"a. 长老派的, 长老宗的\nn. 长老教教友, 长老制支持者"
preschool,"a. 就学前的\nn. 育幼院, 幼稚园"
prescott,"n. 普莱斯考特（男子名, 姓氏）"
prescribe,"v. 规定, 指定, 嘱咐, 开处方"
prescribed,a. 规定的
prescribing,v. 开药方( prescribe的现在分词 ); 指示; 规定; 指定遵守
prescription,"n. 处方, 命令, 指定\n[医] 处方, 药方"
prescriptions,"n. 医药处方, 药方（prescription复数形式）"
preseason,"a. 活跃季节前的,旺季前的"
presence,"n. 出席, 面前, 存在, 仪态, 风度\n[电] 出现"
present,"n. 现在, 礼品, 瞄准\na. 现在的, 出席的\nvt. 介绍, 引见, 赠送, 提出, 呈现, 上演\nvi. 举枪瞄准"
presentation,"n. 赠与, 描述, 介绍\n[计] 简报"
presentations,n. 介绍( presentation的复数形式 ); 报告; 提供; 展示会
presented,"vt.& vi. （动词present的过去式及过去分词形式）; 表示""展示; 展现; 出示""\nv. 举向( present的过去式和过去分词 ); 面向; 举枪瞄准; （分娩时婴儿）露出"
presenter,"n. 节目主持人, 奉献者, 提出者\n[法] 告发者, 提出者, 推荐者"
presenters,"n. 节目主持人, 演播员( presenter的复数形式 )"
presenting,v. 举向( present的现在分词 ); 面向; 举枪瞄准; （分娩时婴儿）露出
presently,"adv. 目前, 不久"
presents,n. 出品；礼物（present的复数）
preservation,"n. 保存, 保藏, 保护\n[医] 保藏, 保存, 防腐"
preserve,"vt. 保护, 保持, 保存, 维持, 腌, 禁猎\nvi. 加工食品, 禁猎\nn. 加工成的食品, 禁猎地, 保护区, 防护物"
preserved,a. 喝醉的\n[计] 保留的
preserves,饯
preserving,"n. 保留, 保存"
presided,"v. 主持, 主管( preside的过去式和过去分词 )"
presidency,"n. 总统职权, 总裁职位"
president,"n. 总统, 总裁, 董事长, (学院)院长, (大学)校长, 主管人, 主持人\n[经] 总经理, 董事长, 总裁"
presidential,"a. 总统制的, 总统的, 首长的, 统辖的\n[法] 总统的, 议长的, 总经理的"
presidents,n. 总统; （大学）校长( president的复数形式 ); 会长; [P-]总统; 银行行长
presiding,"a. 主持会议的, 主持的, 首席的\n[法] 主持的, 执行的"
presley,n. 普雷斯利（男子名）
press,"n. 压, 揿, 按, 人群, 印刷机, 压力, 出版社, 记者, 报刊, 新闻舆论, 紧迫\nvt. 压, 压榨, 紧抱, 逼迫, 推进, 强迫征募, 催逼\nvi. 压, 重压, 催促, 拥挤, 奋力前进, 受压"
pressed,"a. 紧迫的, 繁忙的"
presses,n. 精榨机；压力机（press的复数）
pressing,"a. 紧迫的, 迫切的, 热切的\nn. 压, 压榨, 冲压件, 唱片"
pressure,"n. 压, 榨, 按, 强制, 压力, 压迫, 压强\nvt. 迫使, 使增压, 密封"
pressured,v. 迫使（pressure的过去分词）\na. 紧迫的；感受压力的
pressures,n. 压（力）( pressure的名词复数 ); 压力; 气压（或血压）（的缩略形式）; 压（迫）感
pressuring,v. （美）对…施加压力（pressure的ing形式）
prestige,"n. 声望, 威望, 威信\n[经] 商誉, 声誉"
prestigious,a. 享有声望的
preston,n. 普勒斯顿（男子名；英国港市名字）
presumably,"adv. 推测上, 大概"
presume,"vt. 假定, 推测, 擅自, 意味着\nvi. 擅自行动, 相信"
presumed,"a. 假定的, 推测的"
presumption,"n. 专横, 放肆, 假定, 推测\n[法] 假定, 推测, 设想"
pretend,"v. 假装, 伪称, 自命, 自称"
pretended,a. 假装的；虚假的
pretending,v. 假装；伪装（pretend的现在分词）
pretends,v. 假装( pretend的第三人称单数 ); 伪装; （尤指儿童）（在游戏中）装扮; 自诩
pretentious,"a. 自负的, 自命不凡的, 夸耀的"
pretext,"n. 借口, 托词\nv. 以...为借口"
pretoria,n. 比勒陀利亚[南非（阿扎尼亚）首都]
prettier,a. 较美丽
prettiest,adv. 极美（pretty的最高级）
pretty,"a. 漂亮的, 优美的, 机灵的, 狡猾的, 恰当的\nadv. 相当, 颇"
prevail,"vi. 获胜, 流行, 盛行\n[医] 流行, 盛行"
prevailed,v. 获胜( prevail的过去式和过去分词 ); 盛行; 说服; （ 思想、观点等）被接受
prevailing,"a. 盛行很广的, 优势的, 主要的, 普遍的\n[法] 占优势的, 盛行的, 通行的"
prevails,v. 获胜( prevail的第三人称单数 ); 盛行; 说服; （ 思想、观点等）被接受
prevalence,"n. 普遍, 流行, 广泛\n[医] 流行, 盛行"
prevalent,"a. 普遍的, 流行的"
prevent,"v. 预防, 防止, 阻止, 妨碍"
preventable,"a. 可防止的, 可阻止的, 可预防的"
preventative,"a. 预防的, 防止的\nn. 预防法, 预防措施, 预防物, 预防药"
prevented,v. 预防( prevent的过去式和过去分词 ); 阻碍; 阻止; [宗教]引领
preventing,v. 预防( prevent的现在分词 ); 阻碍; 阻止; [宗教]引领
prevention,"n. 阻止, 妨碍, 预防\n[医] 预防"
preventive,"a. 预防的, 防止的\nn. 防止物, 预防方法, 预防药"
prevents,v. 预防；阻止（prevent的第三人称单数）
preview,"n. 事先查看, 预览\nvt. 事先查看, 预演\n[计] 预览"
previews,"n. 预展, 试映, 预演( preview的名词复数 )\nv. 预映( preview的第三人称单数 ); 为（影视节目）写预评; 概述; 扼要介绍"
previous,"a. 早先的, 前面的, 过急的\n[法] 以前的, 生前的, 前述的"
previously,"adv. 先, 先前, 以前, 前, (非正式)过早, 过急, 在前, 在...以前, 在先\n[计] 先前地"
prey,"n. 被掠食者, 牺牲者\nvi. 捕食"
pri,"[计] 主速率接口, 速率综合业务数字网, 优先级"
price,"n. 价格, 代价, 价值\nvt. 定...的价格"
priced,"a. 有定价的, 定价的\n[经] 已标价, 有定价的, 定价的"
priceless,"a. 无价的, 极贵重的"
prices,n. 价格（price的复数）
pricey,"a. 昂贵的, 价格高的"
pricing,"[经] 定价, 标价"
prick,"vt. 刺, 戳, 刺痛, 使竖起\nvi. 刺, 竖起\nn. 扎, 一刺, 刺痛\na. 竖起的"
pride,"n. 骄傲, 自尊心, 自豪, 精华, 勇气\nvt. 以...自豪"
priest,"n. 祭司, 牧师, 神父, 神质人员, 僧侣, 泰斗"
priesthood,"n. 神职人员, 祭司职"
priests,n. （基督教和罗马天主教的）神父( priest的复数形式 ); 牧师; （非基督教会的）教士; 祭司
prima,"a. 第一的, 主要的"
primal,"a. 主要的, 最初的, 原始的"
primaries,"n. 基元；主翼羽, 比较原色（primary复数）"
primarily,"adv. 主要地, 首先地"
primary,"n. 最主要者, 原色\na. 主要的, 初期的, 根本的, 原始的, 首要的, 基本的\n[计] 初等量; 主要的; 一次的"
primate,"n. 大主教, 灵长目动物\n[医] 灵长类"
primates,n. 灵长目\n[医] 灵长目
prime,"n. 最佳部分, 初期, 全盛期\na. 主要的, 最初的, 根本的\nv. 加油启动, 灌注, 填装"
primed,a. 待发的
primer,"n. 入门书, 初级读本, 雷管, 导火线, 底漆\n[化] 底漆; 引物; 雷管; 导火线"
primitive,"n. 原始人, 早期艺术家\na. 原始的, 上古的\n[计] 图元; 原语; 基元"
prince,"n. 王子, 亲王, 国君, 贵族, 诸侯, 有权势的大人物"
princes,n. 诸侯；王子（prince的复数）
princess,"n. 公主, 王妃, 女巨头"
princesses,n. （除女王或王后外的）王室女成员( princess的复数形式 ); （尤指）公主; 王妃; 王公贵族夫人
princeton,n. 普林斯顿
principal,"n. 校长, 首长, 本金, 主犯, 资本, 委托人\na. 主要的, 最重要的, 首要的"
principally,"adv. 主要地, 大部分"
principals,n. 负责人( principal的复数形式 ); [法律]本人; 主要的人（或物）
principle,"n. 原则, 原理, 主义\n[化] 原理"
principles,"n. 原则, 原理, 道义, 节操"
print,"n. 打印, 版, 印刷物, 痕迹, 印刷业, 印刷字体, 图片, 印花布, 印章\nv. 打印, 印刷, 铭记, 留印记于, 用印刷体写\n[计] DOS外部命令:在打印机上打印文件, 可一边打印文件一边执行其他工作"
printed,"a. 印刷的, 印好的, 印花样的\n[电] 印刷的"
printer,"n. 印刷工, 打印机\n[计] 打印机"
printers,n. 打印机；印刷厂；印花平纹坯布（printer的复数）
printing,"n. 印刷, 印刷术, 印花\n[计] 打印; 印刷"
prints,"n. 打印；图片, 相片；报刊, 印刷品；印花布（print的复数）"
prior,"a. 更重要的, 较早的, 在先的\nn. 小隐修院院长, 大隐修院副院长"
priorities,n. 先( priority的名词复数 ); 优先; 优先权; 优先考虑的事
prioritize,"vt. 按优先次序列出, 优先考虑"
priority,"n. 优先权, 优先\n[计] 优先级"
priscilla,n. 普里西拉（女子名）
prism,"n. 棱镜, 棱柱\n[化] 棱镜"
prison,"n. 监狱, 监禁, 拘留所\nvt. 监禁"
prisoner,"n. 囚犯, 犯人, 战俘\n[法] 犯人, 囚犯, 扣押犯"
prisoners,n. 囚徒( prisoner的复数形式 ); 俘虏; 被夺去自由的人[动物]等
prisons,n. 监狱( prison的复数形式 ); 牢笼; 监禁; 入狱
pristine,"a. 太古的, 原来的, 古时的, 原始的"
pritchard,普里查德
privacy,"n. 隐私, 隐居, 秘密\n[计] 个人保密权"
private,"a. 私人的, 秘密的, 私立的, 隐蔽的\nn. 士兵, 隐士, 阴部\n[计] 私人的"
privately,adv. 秘密地；私下地
privatisation,"n. 私有化, 非国营化（将国营企业转为民营）"
privatization,[计] 私有化
privilege,"n. 特权, 特别恩典, 基本权利, 特免\nvt. 给与...特权, 特免"
privileged,"a. 有特权的, 有特别恩典的\n[法] 特许的, 有特权的"
privileges,n. 特权( privilege的名词复数 ); （因财富和社会地位而仅有部分人享有的）权益; 免责特权; 特殊荣幸
privy,"a. 个人的, 私人的, 秘密的, 隐蔽的\nn. 有利害关系的人, 当事人, 厕所"
prix,"n. 奖金, 价格"
prize,"n. 奖赏, 奖金, 奖品, 战利品, 捕获\na. 得奖的\nvt. 珍视, 估价, 捕获, 撬, 撬动"
prized,a. 被看作最有价值的
prizes,"n. 奖赏( prize的名词复数 ); 值得竞争的东西; 难能可贵的事物; 难以争取的重要事物\nv. 珍视, 珍惜( prize的第三人称单数 )"
pro,adv. 正面地\n[计] 可编程远程操作
proactive,a. 〈心理〉前摄的
prob,abbr. 可能性（等于probability）；可能的（probable）；大概（等于probably）；问题（等于problem）
probabilities,"n. 可能性, 可能发生的事( probability的名词复数 ); <数>概率"
probability,"n. 可能性, 或然率, 几率, 概率\n[化] 概率; 几率"
probable,"a. 很可能的, 大概的, 可信的\nn. 很有希望的候选人, 很可能的事情"
probably,"adv. 大概, 或许"
probate,"n. 遗嘱查验, 遗嘱查讫证\nvt. 查验, 处以缓刑"
probation,"n. 鉴定, 查验, 证明, 试用, 察看, 缓刑\n[医] 审辨, 试验, 鉴定, 试用, 见习"
probe,"n. 探索, 调查, 探针, 探测器\nv. 用探针探测, 调查, 探索"
probes,"n. 探针( probe的名词复数 ); 探索; 探头; 探测仪\nv. 探索, 用探针（或探测器等）探查, 探测( probe的第三人称单数 ); 盘问; （用试探性袭击等）侦察（敌情）; 用尖物刺穿（物件）"
probing,[电] 探求
problem,"n. 问题, 难题\na. 成问题的, 难处理的"
problematic,"a. 成问题的, 未定的, 疑难的, 有疑问的, 盖然性的, 或然性的"
problems,n. 问题；难题（problem的复数）
proc,"[计] 程序, 工艺规程, 方法, 过程"
procedural,a. 程序上的\n[经] 程序上的
procedure,"n. 程序, 过程, 手续\n[计] 规程; 过程"
procedures,n. 程序；规程（procedure的复数）
proceed,"vi. 继续进行, 进行, 开始, 发出, 起诉\n[法] 所得, 收入, 收益"
proceeded,v. 进行( proceed的过去式和过去分词 ); 前进; （沿特定路线）行进; （尤指打断后）继续说
proceeding,"n. 进行, 程序, 行动, 诉讼程序, 事项\n[化] 会议论文集"
proceedings,"n. 诉讼, 事项, 行径, 事件, 活动, 项目, 会议录, 记录汇编, 活动记录"
proceeds,"pl. 收益\n[经] 收入, 收款, 所得"
process,"n. 程序, 进行, 过程\nvt. 加工, 使...接受处理, 对...处置, 对...起诉\na. 经加工的, 有特殊光效的\n[计] 进程"
processed,"a. 处理的, 加工过的"
processes,n. 过程；进程（process的复数）
processing,[计] 处理\n[化] 加工
procession,"n. 队伍, 连续, 列队行进, 涌出"
processor,"n. 信息处理机, 加工者, 处理者\n[计] 处理器"
processors,"n. 处理器, 处理机（processor复数）"
proclaim,"vt. 宣布, 公告, 宣言, 表明, 赞扬\n[法] 宣布, 宣告, 公布"
proclaimed,v. 正式宣布( proclaim的过去式和过去分词 ); 显示
proclaiming,v. 正式宣布( proclaim的现在分词 ); 显示
proclamation,"n. 宣言, 公布, 布告, 公告\n[法] 宣告, 宣布, 布告"
proctor,"n. 代理人, 监考人, 代诉人\n[法] 代理人, 代诉人, 监督人"
procure,"vt. 获得, 取得, 导致\nvi. 拉皮条"
procurement,n. 获得\n[经] 采购
prod,"n. 刺针, 刺棒, 激励话, 提醒物\nvt. 戳, 刺, 刺激\nvi. 戳, 刺"
prodigy,"n. 惊人的事物, 奇迹, 不凡的人, 奇才, 神童, 预兆"
produce,"n. 生产品, 物产, 后代\nvt. 产生, 生产, 提出, 出示\nvi. 生产, 制造"
produced,v. 创作；产生；制造（produce的过去式和过去分词）
producer,"n. 生产者, 制作者, 制作人\n[化] 发生器; (炉煤气)发生炉; 制气炉; 生产者"
producers,"n. 生产者, 制造者( producer的复数形式 ); 制片人"
produces,"n. 过程管理, 产品（produce复数形式）"
producing,a. 生产的
product,"n. 产品, 结果, 乘积\n[化] 生产物"
production,"n. 制造, 生产, 产物\n[医] 产生, 生成"
productions,n. 生产( production的复数形式 ); 产量; 产品; 出示
productive,"a. 能生产的, 有生产价值的, 多产的\n[医] 产出性的, 产生性的"
productivity,"n. 生产力\n[经] 生产率, 生产能力"
products,n. 产品；商品（product的复数）
prof,n. 教授
professed,"a. 明言的, 专职的, 宣誓后入教的"
profession,"n. 职业, 表白, 声明\n[化] 工种; 职业"
professional,"n. 专业人才\na. 专业的, 职业的"
professionalism,"n. 职业特性, 专业技巧, 职业行为, 职业作风, (褒)专业人员的特质, 职业化\n[经] 职业特性, 职业作风, 职业化"
professionally,adv. 专业地；内行地
professionals,n. 专业人员（professional的复数）
professions,n. 专业；职业；行业（profession的复数形式）
professor,n. 教授
professors,"n. 教授( professor的复数形式 ); （大学的）讲师, 教员"
proficiency,"n. 精通, 熟练, 精练"
proficient,"n. 高手, 专家\na. 精通的, 熟练的"
profile,"n. 侧面, 轮廓, 传略\nvt. 描绘...轮廓, 写...的传略\n[计] 提问档; 剖面图法; 剖面法"
profiles,n. 配置文件；个人档案；剖面图（profile的复数）
profiling,"[机] 靠模机, 靠模切削"
profit,"n. 利润, 赢利, 利益\nvi. 有益, 获利, 赚钱\nvt. 有益于"
profitability,"n. 收益性, 利益率\n[经] 可获利润率"
profitable,"a. 有利润的, 有利益的, 赚钱的\n[经] 有利(可图)的, 合算的"
profits,"n. 收益, 红利；盈利（profit的复数）"
profound,"a. 极深的, 深厚的, 深刻的, 渊博的"
profoundly,"adv. 深深地, 深切地"
prog,"n. 食物, 进步分子, 学监\nvi. 掠夺\nvt. 监督, 处罚"
prognosis,"n. 预测, 预后\n[医] 预后"
program,"n. 节目, 节目单, 程序, 纲要, 大纲, 计划\nvt. 规划, 拟...计划\nvi. 安排节目, 编程序\n[计] 程序"
programme,"n. 节目, 节目单, 程序, 纲要, 大纲, 计划\nvt. 规划, 拟...计划\nvi. 安排节目, 编程序"
programmed,"a. 程序化的, 程控的"
programmer,n. 程序员\n[计] 程序设计员; 程序员
programmers,n. （计算机的）程序员( programmer的复数形式 )
programmes,n. （演出或活动的）程序( programme的复数形式 ); 计划; 节目; 课程\nv. 训练( programme的第三人称单数 ); 培养; 预调
programming,"n. 节目的计划, 编制程序\n[计] 程序设计; 程序编制"
programs,"n. 程序, 程序集；所有程式（program的复数）"
progress,"n. 进步, 发展, 前进\nvi. 进步, 进行"
progressed,"v. （使）进步, （使）进行( progress的过去式和过去分词 ); 改进; 进展; （时间上）推移"
progresses,"n. 进步( progress的名词复数 ); 前进; [生物学]进化; （向更高方向）增长\nv. （使）进步, （使）进行( progress的第三人称单数 ); 改进; 进展; （时间上）推移"
progressing,"v. （使）进步, （使）进行( progress的现在分词 ); 改进; 进展; （时间上）推移"
progression,"n. 前进, 连续, 级数\n[医] 进行, 前进, 步态"
progressive,"n. 改革论者, 进步论者\na. 前进的, 累进的, 进步的"
progressively,"adv. 进步, 先进, 向前进, 不断前进, 累进, 渐进, 逐渐, 渐次, 主张进步, 进行性"
progressives,n. 先进分子; 不断前进的( progressive的复数形式 ); 进步的; 开明的; 进行的
prohibit,"vt. 禁止, 阻止\n[经] 禁止"
prohibited,"v. 禁止, 被禁止的（prohibite的过去分词形式）"
prohibiting,"v. 禁止, 阻止( prohibit的现在分词 )"
prohibition,"n. 禁令, 禁止"
prohibits,"v. 禁止, 阻止( prohibit的第三人称单数 )"
project,"n. 计划, 设计, 事业\nvt. 计划, 设计, 投掷, 发射, 使凸出, 放映\nvi. 凸出"
projected,"a. 投影的, 投射"
projectile,"n. 发射体, 抛射物\na. 发射的, 投射的"
projecting,"a. 突出的, 伸出的"
projection,"n. 发射, 计划, 突出部分, 设计, 推测\n[计] 投影"
projections,"n. 投影；发射, 规划；突出部分；预测, 推测（projection的复数形式）"
projector,"n. 计划人, 发起人, 规划人, 放映机, 映画器, 幻灯机, 幻灯, 探照灯, 发射器\n[计] 投影仪"
projects,n. 项目；企划；工程（project的复数）
proliferation,"n. 增殖, 激增\n[医] 增生, 增殖"
prolific,"a. 有生殖力的, 多产的, 丰富的\n[医] 多育的, 多产的, 繁殖的"
prologue,"n. 开场白, 序言, 序幕\nvt. 为...作序, 加上...前言"
prolong,"vt. 延长, 拖延, 拖长\n[化] 冷凝管"
prolonged,"a. 延续的, 长时间的"
prom,"n. (英)音乐会, (美)舞会, 散步道\n[计] 可编程序只读存储器"
promenade,"n. 散步, 骑马, 舞会\nvi. 漫步, 兜风\nvt. 在...散步"
prometheus,n. 普罗米修斯(希腊神话人物)
prominence,"n. 突起, 突出, 显著, 突出物, 凸出\n[医] 隆凸, 凸"
prominent,"a. 卓越的, 显著的, 突出的, 凸出的"
prominently,adv. 显著地
promise,"n. 诺言, 约定的事情, 有指望\nvt. 允诺, 约定, 预示\nvi. 允诺, 有前途, 有指望"
promised,vt.& vi. (promise的过去式或过去分词形式); 承诺; 允诺; 答应\nv. 允诺( promise的过去式和过去分词 ); 答应; 有…希望; 预示
promises,v. 允诺
promising,"a. 有希望的, 前途有望的\n[经] 有希望的"
promo,n. 商品广告；商品推销
promote,"vt. 促进, 晋升, 创办, 推销\n[经] 促进, 推广, 推销"
promoted,a. 晋升的
promoter,"n. 促进者, 助长者\n[化] 助催化剂"
promoters,n. （房地产、证券和体育赛事的）承办人( promoter的复数形式 ); 出资人; 促进者; 起促进作用的事物
promotes,v. <正>促进( promote的第三人称单数 ); 提升; 推销; 使 （学生）升级
promoting,v. <正>促进( promote的现在分词 ); 提升; 推销; 使 （学生）升级
promotion,"n. 晋级, 创建, 增进\n[经] 推广, 推销, 促进"
promotional,a. 增进的
promotions,n. 促销；升职（promotion复数）
prompt,"n. 激励, 提示, 提醒物, 提词, 付款期限\na. 迅速的, 敏捷的, 立刻的, 提词员的\nvt. 激励, 鼓动, 提示\nadv. 准时地\n[计] 提示符; DOS内部命令:设定DOS命令行的提示符"
prompted,"v. 引起；提示（prompt的过去时, 过去分词）"
prompting,"n. 刺激, 激励, 提示\n[计] 提示; 提醒"
promptly,"adv. 敏捷地, 迅速地"
prompts,n. 提示；提示性语言（prompt的复数形式）
prone,"a. 俯伏的, 面向下的, 有...倾向的\n[医] 旋前的, 伏的, 俯的"
pronoun,n. 代词
pronounce,"v. 发音, 宣告, 断言"
pronounced,"a. 发出音的, 读出来的, 显著的, 断然的, 明显的\n[法] 显著的, 明显的, 明确的"
pronouns,n. 代名词；代词
pronunciation,"n. 发音, 读法"
proof,"n. 证据, 证明, 试验, 检验, 考验\na. 不能透入的, 证明用的, 防...的, 耐...的\nvt. 检验, 试验, 校对, 使不被穿透\n[计] 审稿"
proofs,n. 校稿；证明；证据（proof的复数）
prop,"n. 支柱, 支持者, 倚靠人, 道具, 螺旋桨\nvt. 支撑, 维持"
propaganda,"n. 宣传, 宣传活动\n[医] 宣传"
propagate,"vt. 繁殖, 传播, 传送\nvi. 繁殖, 蔓延"
propagation,"n. 增殖, 繁殖, 宣传\n[医] 传播, 繁殖, 持续培养"
propane,n. 丙烷\n[化] 丙烷
propel,"vt. 推进, 驱使\n[机] 推进"
propelled,a. 推进的
propeller,"n. 螺旋桨, 推进器\n[化] 搅拌叶片; 螺旋桨"
propensity,"n. 倾向, 爱好, 习性"
proper,"a. 适当的, 固有的, 高尚的, 专属的\nadv. 完全地, 彻底地"
properly,"adv. 适当地, 相当地"
properties,"n. 性能；道具, 内容（property的复数形式）"
property,"n. 财产, 所有权, 性质, 属性\n[计] 属性"
prophecies,"n. 预言, 预言能力( prophecy的名词复数 )"
prophecy,"n. 预言, 预言能力"
prophet,"n. 预言者, 先知, 提倡者"
prophetic,"a. 预言的, 先知的, 预示的"
prophets,"n. 预言家, 先知( prophet的复数形式 ); 倡导者; 穆罕默德（伊斯兰教的创始人）; (<圣经>旧约>和<希伯来圣经>中的)先知书"
proponent,"n. 建议者, 支持者\n[法] 提议者, 辩护者, 支持者"
proponents,"n. （某事业、理论等的）支持者, 拥护者( proponent的复数形式 )"
proportion,"n. 比例, 比率, 均衡, 部分, 面积\nvt. 使成比例, 使均衡"
proportional,"a. 比例的, 相称的\nn. 比例项"
proportions,n. 比例；大小（proportion的复数形式）
proposal,"n. 提议, 计划, 求婚\n[经] 提案, 申请, 投标"
proposals,n. 提议( proposal的复数形式 ); 推荐; 求婚; 赞成提案
propose,"vt. 计划, 打算, 建议, 提议, 求(婚)\nvi. 打算, 求婚"
proposed,a. 被提议的；所推荐的
proposes,"v. 提议, 建议( propose的第三人称单数 ); 打算; 提供（解释）; 提出（行动, 计划或供表决的方案等）"
proposing,"v. 提议, 建议( propose的现在分词 ); 打算; 提供（解释）; 提出（行动, 计划或供表决的方案等）"
proposition,"n. 建议, 命题, 主张\nvt. 向...提议, 向...提出猥亵的要求"
proprietary,"a. 所有者的, 所有权的, 私有的\nn. 所有者, 业主, 所有权"
proprietor,"n. 所有者\n[经] 所有人, 资本主, 业主"
props,n. 小道具；支柱；后盾（prop的复数）
propulsion,"n. 推进, 推进力\n[医] 前冲, 慌张步态"
pros,n. 赞成者；赞成的意见（pro的复数）
prose,"n. 散文\nv. 写散文\na. 散文的, 平凡的"
prosecute,"vt. 告发, 起诉, 彻底进行, 执行, 从事\nvi. 告发, 起诉, 作检察官"
prosecuted,v. 检举、告发某人( prosecute的过去式和过去分词 ); 对某人提起公诉; 继续从事（某事物）; 担任控方律师
prosecuting,"[法] 控告的, 检控的, 起诉的"
prosecution,"n. 执行, 经营, 起诉"
prosecutions,n. 起诉( prosecution的复数形式 ); 原告; 实施; 从事
prosecutor,"n. 实行者, 告发者, 公诉人\n[法] 原告, 起诉人, 检举人"
prosecutors,n. 检举人( prosecutor的复数形式 ); 告发人; 起诉人; 公诉人
prospect,"n. 景色, 展望\nvt. 勘探, 勘察\nvi. 勘探, 有前途"
prospective,"a. 预期的, 将来的\n[经] 预期的, 未来的"
prospects,n. 预期；前景；潜在顾客；远景展望
prospectus,"n. 创办计划书, (内容)说明书, 内容简介\n[经] (募债)说明书"
prosper,"vi. 繁荣, 兴隆, 成功\nvt. 使成功, 使昌盛"
prosperity,"n. 繁荣, 茂盛, 成功\n[经] 繁荣"
prosperous,"a. 成功的, 繁盛的, 幸运的\n[经] 繁荣的, 昌盛的"
prostate,a. 前列腺的\nn. 前列腺
prosthetic,"a. 修复术的, 弥补性的, 非朊基的\n[医] 修复的, 假体的"
prostitute,"n. 妓女, 男娼\nvt. 使沦为妓女\na. 卖淫的, 堕落的"
prostitutes,"n. 卖淫者, 妓女, 男妓( prostitute的名词复数 )\nv. 滥用才能( prostitute的第三人称单数 ); 糟蹋自己; 卖淫; 出卖肉体"
prostitution,"n. 卖淫, 糟蹋, 滥用\n[法] 卖淫, 滥用"
protagonist,"n. 主人公, 主角, 领导者"
protagonists,n. （戏剧的）主角( protagonist的复数形式 ); （故事的）主人公; 现实事件（尤指冲突和争端的）主要参与者; 领导者
protect,"vt. 防卫, 保护, 警戒\n[法] 庇护, 保护, 警戒"
protected,a. 受保护的
protecting,v. 保护( protect的现在分词 ); 防护; 投保; 关税保护
protection,"n. 保护, 防卫, 贸易保护制度\n[计] 保护"
protections,n. 保护( protection的复数形式 ); 贸易保护措施; 保险; （向歹徒缴纳的）保护费
protective,"a. 给予保护的, 保护的\n[医] 保护的, 防护的, 保护剂, 保护物, 油绸"
protector,"n. 保护者, 保护物, 保护装置\n[医] [催化]保护质, 保护器"
protectors,n. 保护者( protector的复数形式 ); 保护装置; 保护器; 保护物
protects,v. 保护( protect的第三人称单数 ); 防护; 投保; 关税保护
protein,n. 蛋白质\na. 蛋白质的
proteins,n. 蛋白质( protein的复数形式 )
protest,"n. 抗议, 反对, 抗议书, 断言\nv. 反对, 抗议, 断言"
protestant,"n. 新教徒\na. 新教的, 新教徒的"
protestants,n. 新教徒（指16世纪脱离罗马天主教之基督教团体或后来由其形成的教派成员）( Protestant的复数形式 )
protested,抗拒
protester,"n. 抗议者, 持异议者, 拒付者\n[经] 反对者"
protesters,n. 抗议者( protester的复数形式 ); 反对者; 拒绝者; 断言者
protesting,v. 声明( protest的现在分词 ); 坚决地表示; 申辩
protestors,"(protestor 的复数) n. 抗议者, 持异议者, 拒付者\n[经] (期票等的)拒付者, 抗议者"
protests,"n. [体]抗议; 抗议, 反对( protest的名词复数 )\nv. 声明( protest的第三人称单数 ); 坚决地表示; 申辩"
proto,"[计] 原型, 样机, 典型"
protocol,"n. 草案, 礼仪, 协议\nv. 拟定\n[计] 协议, 协议列表实用程序"
protocols,n. 协议；礼仪礼节；条款（protocol的复数）
proton,n. 质子\n[化] 质子
prototype,n. 原型\n[计] 样机; 原型
prototypes,n. 技术原型；雏型；原型
protracted,a. 拖延的
proud,"a. 骄傲的, 自大的, 自豪的, 辉煌的, 壮丽的"
proudly,"adv. 傲慢地, 自大地, 得意洋洋地"
prove,"vt. 证明, 查验, 检验, 勘探, 显示\nvi. 证明是"
proved,prove的过去式和过去分词
proven,prove的过去分词
provenance,"n. 起源, 出处"
proverb,"n. 谚语, 格言, 箴言\nvt. 使众所周知, 用谚语表达"
proverbial,"a. 谚语的, 谚语式的, 闻名的"
proverbs,n. 箴言篇（旧约圣经中的）
proves,"v. 证明( prove的第三人称单数 ); 检验, 试验"
provide,"vt. 提供, 供应, 规定, 预备\nvi. 作准备, 抚养, 规定"
provided,"conj. 倘若, 以...为条件"
providence,"n. 深谋远虑, 天意, 天命"
provider,"n. 供应者, 供养人, 伙食承办人\n[计] 提供器"
providers,"n. 供应者, 提供者, （尤指）维持家庭生计者( provider的复数形式 )"
provides,"v. 提供, 供给, 供应( provide的第三人称单数 ); 规定; 提供[(+for)]; 装备"
providing,"conj. 以...为条件, 假如"
province,"n. 省, 地方, 职权, 领域\n[法] 省, 地方, 领域"
provinces,"n. 外省, 边远地区, 乡间"
provincial,"n. 外地人, 粗野的人\na. 省的, 外地的, 偏狭的"
proving,"[计] 验证, 证明\n[医] 药力试验(顺势疗法的名词)"
provision,"n. (政府提供的)钱和设备, 准备, 供应品, 规定, 条款\nvt. 供给...食物及必需品"
provisional,"a. 暂时的, 暂定的, 临时的\n[医] 临时的"
provisions,"n. 存粮, 给养, 口粮, 食物, 粮食\n[经] 食品, 粮食"
provocation,"n. 激怒, 刺激, 挑拨\n[医] 激发[作用]"
provocative,"a. 激发感情的, 挑拨的, 刺激的\nn. 刺激物, 挑拨物, 兴奋剂"
provoke,"vt. 激怒, 惹起, 诱导\n[法] 刺激, 煽动, 激怒"
provoked,v. 激起( provoke的过去式和过去分词 ); 惹怒; 引起; 引发
provoking,"a. 令人生气的, 使人愤怒的, 难熬的"
provost,"n. 教务长, 监督员, 牧师\n[法] 监督者, 负责官员, 监狱看守"
prowess,"n. 英勇, 勇敢, 超凡技术"
proximal,"a. 最接近的, 近中心的, 近身体中央的\n[医] 近接的, 邻近的"
proximity,"n. 接近, 亲近"
proxy,"n. 代理, 代理人, 委托书\n[经] 代理人, 代表权, 授权书"
prudent,"a. 审慎的, 三思而后行的, 精明的, 节俭的"
prussia,n. 普鲁士
prussian,"a. 普鲁士的, 普鲁士语的, 普鲁士式的\nn. 普鲁士人, 普鲁士语"
pryor,n. (Pryor)人名；(英、西)普赖尔\n一种熏干的烟草
ps,"[计] 实际顺序, 图象系统, 电源, 保护状态\n[化] 磷脂酰丝氨酸"
psa,"[化] 酞磺醋胺; 酞磺胺醋酰\n[医] 酞酰磺乙酰胺, 酞[酰]磺醋胺, 羟苯甲酰磺乙酰胺"
psalm,"n. 圣诗, 圣歌, 诗篇\nvt. 唱(圣歌)"
psalms,n. 圣经旧约中的诗篇（等于Book of Psalms）
pseudo,"a. 假的, 冒充的"
pseudonym,"n. 假名, 笔名\n[法] 笔名, 假名"
psg,abbr. 脉冲信号发生器（Pulse Signal Generator）；磷硅酸玻璃（Phosphosilicate Glass）
psi,"n. 希腊字母的第23个字母\n[机] 磅, 平方寸"
psp,abbr. 掌上游戏机（SONY推出的掌上娱乐平台）；起动前操纵台（Prestart Panel）
pst,太平洋标准时间\n[化] 酞磺胺噻唑
psych,"vt. 精神分析治疗, 使作好心理准备"
psyche,"n. 灵魂, 精神, 普赛克(希腊神话中人类灵魂的化身)\n[医] 精神, 心灵"
psychedelic,"a. 引起幻觉的, 荧光的\nn. 迷幻剂"
psychiatric,"a. 精神病学的, 医精神病的\n[医] 精神病学的"
psychiatrist,"n. 精神病医生, 精神病学家\n[医] 精神病学家"
psychiatrists,"n. 精神病专家, 精神病医生( psychiatrist的复数形式 )"
psychiatry,"n. 精神病学, 精神病治疗\n[医] 精神病学"
psychic,"a. 灵魂的, 精神的, 心灵的\nn. 巫师, 灵物, 心灵现象"
psycho,"n. 心理分析, 精神神经病患者\na. 精神变态的, 精神神经病的"
psychological,"a. 心理学的, 精神上的, 心灵的\n[法] 心理上的, 心理学的"
psychologically,"adv. 心理上, 从心理学角度"
psychologist,n. 心理学家\n[医] 心理学家
psychologists,"n. 心理学研究者, 心理学家( psychologist的复数形式 )"
psychology,"n. 心理学, 心理状态\n[医] 心理学"
psychopath,"n. 精神病患者, 精神变态者\n[医] 精神变态者, 变态人格者"
psychosis,"n. 精神病, 精神不正常\n[医] 精神病"
psychotherapy,"n. 精神疗法, 心理疗法\n[医] 精神疗法, 心理疗法"
psychotic,a. 精神病的\nn. 精神病患者
pt,"[计] 点, 处理时间, 可编程序终端\n[医] 铂(78号元素)"
pts,[计] 程序测试系统
ptsd,abbr. 创伤后精神紧张性精神障碍（post-traumatic stress disorder）
pty,abbr. 巴拿马城（Panama City）；伪终端（	Pseudo-Terminal Utilities）；节目类型（Program Type）
pu,[计] 物理单元\n[医] 钚(94号元素)
pub,"n. 酒馆, 客栈"
puberty,"n. 青春期, 春情发动期\n[医] 青春期(12-17岁)"
public,"n. 公众, 民众\na. 公众的, 公共的, 公立的, 公用的"
publication,"n. 出版物, 出版, 公布\n[经] 发布"
publications,n. 出版物（publication的复数）
publicity,"n. 名声, 宣传, 公开场合\n[经] 宣传, 广告"
publicized,v. 公布；广告；宣传（publicize的过去分词）
publicly,"adv. 公然地, 以公众名义"
publish,"vt. 出版, 发行, 公开, 发表, 宣传, 公布\nvi. 出版, 发行"
published,a. 已发布的
publisher,"n. 出版者, 发行人\n[法] 发行人, 出版者, 报刊发行者"
publishers,"n. 出版商, 出版公司；出版社（publisher的复数）"
publishes,v. 出版( publish的第三人称单数 ); （在互联网上）发表; 公布; 在报刊)发表
publishing,"n. 出版, 刊印, 发行"
pubs,n. 小酒馆；酒吧（pub的复数）
puck,"n. 好恶作剧的小妖精, 淘气小孩, 冰球"
pudding,n. 布丁
puddle,"n. 小池, 水坑, 胶土\nvt. 搅浊, 搅炼\nvi. 在泥污中打滚, (把黏土等)捣制成胶土"
pueblo,"n. 普韦布洛印第安人, 印第安人村庄"
puerto,"n. 垭口, 港口, 山口\nn. (Puerto)人名；(西)普埃尔托"
puff,"n. 一阵喷烟, 肿块, 喘息\nv. 喷出, 张开, 吹捧, (使)充气, 喘气, (使)骄傲, (使)膨胀"
puffy,"a. 胀大的, 肥胖的, 喘气的, 一阵阵吹的\n[医] 虚肿的, 浮肿的"
pug,"n. 哈巴狗, 泥料, 拳击运动员, (兽)脚印\nvt. 捣, 跟踪追寻"
puke,"n. 呕吐, 呕吐物, 吐剂\nv. 呕吐"
pulitzer,n. 普利策（美国新闻业经营者）
pull,"vt. 拉, 拖, 拔, 牵, 撕开, 吸引\nvi. 拉, 拖, 拔, 有吸引力\nn. 拉, 拖, 拔, 拉力, 牵引力, 划船, 吸引"
pulled,a. 牵引的；扯下来的
pulling,[计] 拉单晶的
pullman,n. 普尔曼式卧车
pulls,v. 拉( pull的第三人称单数 ); 扯; 拉过来; 划（船）
pulmonary,"a. 肺的, 与肺有关的, 有肺的\n[医] 肺的"
pulp,"n. 果肉, 纸浆\nvt. 使化成纸浆, 除去...果肉\nvi. 变成纸浆"
pulpit,n. 讲道坛
pulse,"n. 脉冲, 脉搏, 情绪, 意向, 拍子, 豆类\nvi. 跳动, 脉跳\nvt. 使跳动, 用脉冲调制\n[计] 脉冲"
pulses,n. 脉搏( pulse的名词复数 ); [无线电]（电磁波等）脉动; 活力; 有节奏的跳动（或拍打）
puma,"n. 美洲狮, 美洲狮毛皮"
pump,"n. 抽水机, 打气筒, 泵, 抽吸\nvt. 用唧筒抽水, 打气, 盘问, 倾注, 使疲惫\nvi. 抽水, 上下(或往复)运动"
pumped,a. （肌肉由于过度运动）肿胀的；喘得上气不接下气的；腐心的
pumping,"n. 抽水, 泵送\n[化] 抽运"
pumpkin,n. 南瓜
pumpkins,n. 南瓜（pumpkin的复数）
pumps,n. 泵；抽运器；无带轻便舞鞋；脉动（pump的复数）
pun,"n. 双关语, 俏皮话\nvi. 说双关语, 说俏皮话\nvt. 用双关语说服, 捣实"
punch,"n. 打洞器, 钻孔机, 冲压机, 冲床, 潘趣酒\nvt. 以拳重击, 开洞, 冲压\nvi. 用拳猛击"
punched,"a. 穿孔, 无孔的"
punches,n. 猛击( punch的名词复数 ); 拳打; 冲床; 力量vi.\nv. 用拳猛击( punch的第三人称单数 ); 打孔
punching,[计] 穿孔\n[化] 冲孔
punctuation,"n. 标点, 标点符号\n[计] 标点符号"
puncture,"n. 刺痕, 穿刺\nvt. 刺穿, 刺, 揭穿\nvi. 被刺穿"
pundits,"n. 某一学科的权威, 专家( pundit的复数形式 )"
pune,n. 普纳（印度西部城市）
punish,"vt. 处罚, 惩罚, 严厉对待\nvi. 惩罚"
punishable,"a. 该罚的, 可罚的\n[法] 该罚的, 可受惩处的"
punished,未受处罚的
punishing,"a. 令人精疲力竭的, 消耗体力的"
punishment,"n. 处罚, 刑罚, 惩罚\n[法] 罚, 处罚, 刑罚"
punishments,n. 惩罚( punishment的复数形式 ); 处罚; 刑罚; 粗暴对待
punitive,"a. 刑罚的, 惩罚性的\n[法] 刑罚的, 惩罚性的, 结予惩处的"
punjab,n. 旁遮普(南亚一地区)
punjabi,"n. 旁遮普人, 旁遮普语\na. 旁遮普的, 旁遮普人的, 旁遮普语的"
punk,"n. 废物, 小阿飞\na. 无用的, 腐朽的"
puns,"n. 双关语, 俏皮话( pun的名词复数 )\nv. 说双关语, 说俏皮话( pun的第三人称单数 )"
punt,"n. 方头平底船, 踢悬空球, 赌博者\nv. 踢悬空球, 用篙撑船, 赌博"
pup,"n. 小狗, 幼畜, 令人讨厌的年轻人\nv. 生小狗"
pupil,"n. 学生, 门生, 未成年人, 瞳孔\n[医] 瞳孔"
pupils,n. 学生( pupil的复数形式 ); 瞳孔; 弟子; 门生
puppet,"n. 傀儡, 木偶\n[法] 木偶, 傀儡, 受他人操纵的人"
puppets,n. 木偶( puppet的复数形式 ); 玩偶; 受他人操纵的人或集团; 傀儡
puppies,n. 小狗（puppy的复数）
puppy,"n. 小狗, 小动物, 自负的年轻人"
pups,n. 小狗；幼兽（pup复数）
purchase,"n. 购买, 购买品, 紧握, 绞辘\nvt. 购买, 赢得, 努力取得, 用滑轮起(锚等)"
purchased,a. 已经购买的
purchaser,"n. 买方, 购买者\n[经] 买主, 购买人"
purchasers,"n. 用户, 购买者（purchaser的复数形式）"
purchases,v. 购买；进货（purchase的第三人称单数形式）
purchasing,[计] 采购的
purdue,n. 普杜大学（美国一所大学）
pure,"a. 纯的, 纯净的, 纯洁的, 清白的, 完美的, 无瑕的, 抽象的\n[医] 的, 纯净的"
purely,"adv. 纯粹地, 清白地, 贞洁地"
purest,a. 纯的( pure的最高级 ); 单纯的; 纯真的; 干净的
purgatory,"n. 涤罪, 炼狱\na. 涤罪的"
purge,"n. 净化, 清除, 泻药\nv. (使)净化, 清除, (使)通便\n[计] 服务器文件删除实用程序"
purification,"n. 纯化, 提纯, 涤罪\n[化] 提纯"
purified,a. 净化的；精制的
purity,"n. 纯净, 纯正, 纯粹\n[化] 纯度"
purple,"n. 紫色, 帝位\na. 紫色的, 帝王的, 华而不实的\nv. (使)成紫色"
purported,a. 传说的
purpose,"n. 目的, 意向, 决心, 用途, 效果, 论题\nvt. 意欲, 企图, 计划"
purposely,adv. 故意地
purposes,n. 目的；意志（purpose的复数形式）
purse,"n. 钱包, 小钱袋, 金钱, 募捐款, 囊状物\nv. 缩拢, 皱起"
pursuant,"a. 依据的, 按照的, 追赶的\nadv. 相符地, 一致地"
pursue,"vt. 追赶, 追踪, 追随, 追求, 实行, 继续, 从事\nvi. 追赶, 继续"
pursued,v. 继续( pursue的过去式和过去分词 ); 追求; 进行; 追捕
pursuing,v. 继续( pursue的现在分词 ); 追求; 进行; 追捕
pursuit,"n. 追踪, 追求, 追赶, 娱乐, 职业\n[法] 追捕, 追求"
pursuits,n. 追赶( pursuit的复数形式 ); 工作; 消遣; 嗜好
push,"n. 推, 推动, 奋斗, 攻击, 进取心\nvt. 推, 推动, 使伸出, 推行, 逼迫, 增加\nvi. 推, 推进, 增加, 努力争取"
pushed,"a. 拮据的, 紧张的, 没空的, 忙"
pushes,"v. 推, 推动( push的第三人称单数 ); 对…施加压力; 逼迫; 按"
pushing,"a. 有精力的, 富有进取心的, 莽撞的"
pussies,"n. （粗俚） 女阴( pussy的复数形式 ); （总称）（作为性对象的）女人; （主要北美使用, 非正式）软弱的; 小猫咪"
pussy,n.〈非正式〉猫咪；〈侮辱〉女阴；〈侮辱〉娘娘腔\na. 多脓的\n[网络] 小猫；阴户；小猫咪
put,"vt. 放, 摆, 安置, 移动, 发射, 投掷, 写上, 表达, 使从事, 使受到, 驱使, 赋予\nvi. 出发, 航行, 发芽\nn. 掷, 股票出售权, 笨蛋\na. 固定不动的\n[计] 发送文件"
putin,n. 普京（人名）
putnam,n. (Putnam)人名；(英)帕特南\n帕特南
puts,n. 卖出选择权；[计]字符串输出（put的复数）
putt,vt. 击球入洞\nvi. 轻击高尔夫球\nn. 轻轻一击(入洞)
putting,n. 投掷；（高尔夫球）打球入洞
puzzle,"n. 难题, 迷惑\nvt. 使困惑, 使为难\nvi. 迷惑, 苦思"
puzzled,"a. 困惑的, 迷惑的"
puzzles,n. 智力游戏；游戏拼图；谜题（puzzle的复数）
puzzling,"a. 使迷惑的, 把人难住的"
pv,abbr. 产品鉴定（Production Validation）；票面值（Par Value）；撑杆跳高（Pole Vault）；卯酉圈（prime vertical）
pvc,聚氯乙烯\n[计] 永久虚电路
pvt,abbr. 私有的（private）；压力、体积、温度（Pressure-Volume-Temperature）
pyongyang,n. 平壤(朝鲜民主主义人民共和国首都)
pyramid,"n. 角锥, 金字塔\nv. (使)成金字塔状, (使)渐增, (使)上涨"
pyramids,n. 金字塔( pyramid的名词复数 ); 金字塔形的物体（或一堆东西）; 金字塔式的组织（或系统）; 棱锥（体）
python,"n. 大蟒, 巨蟒"
qa,abbr. 品质保证（Quality Assurance）；质量评价（Quality Assessment）
qaeda,[网络] 凯达；组织盖达；品牌
qatar,n. 卡塔尔
qb,abbr. 定量（电生理）电池（quantitative（electrophysiological）battery）
qc,[化] 质量管理
qi,abbr. 质量指标（Quality Index）
qing,清；青（汉语拼音）
qld,"abbr. 昆士兰州（Queensland, 澳大利亚的第二大州）"
qpr,abbr. 季度进度报告（Quarterly Progress Report）；女王公园巡游者足球俱乐部
qr,"[计] 商, 二次余数"
qt,"abbr. 夸脱（液量单位, quart）；鉴定试验（Qualification Test）"
qu,n. 合格单位
quad,"n. 铅块, 监狱, 四方院子, 四胞胎, 四胞胎中的一个孩子, 成套的四件东西\n[计] 四芯导线"
quadrant,"n. 四分之一圆, 象限, 象限仪\n[医] 四分体, 象限"
quadruple,"a. 四倍的, 四重的, 四部分组成的\nn. 四倍\nvt. 使成四倍\nvi. 成为四倍"
quail,"n. 鹌鹑\nvi. 胆怯, 畏缩"
quaint,"a. 古雅的, 离奇有趣的, 奇怪的"
quake,"vi. 颤抖, 地震\nn. 颤抖, 地震"
quaker,n. 贵格会教徒
qualification,"n. 资格, 条件, 限制\n[计] 限定"
qualifications,n. 职位要求；任职资格；资格证书；限定性条件（qualification的复数形式）
qualified,"a. 有资格的\n[经] 合格的, 有条件的, 有限制的"
qualifier,"n. 取得资格的人, 限定语\n[计] 限定词"
qualifiers,"n. 合格者, 已取得资格的人( qualifier的复数形式 ); 修饰语"
qualifies,v. （使）具有资格( qualify的第三人称单数 ); 有权; 达标; 使所说的话语气减弱（或更具体等）
qualify,"vi. 取得资格, 有资格\nvt. 使有资格, 使合格, 限定, 限制, 准予"
qualifying,"[计] 限定的, 限制的"
qualitative,"a. 性质的, 质的, 定性的"
qualities,n. 质( quality的名词复数 ); 特点; 品质; 优点
quality,"n. 品质, 特性, 才能, 质量\na. 优质的\n[计] 品质"
quantify,"vt. 定量, 用数量表示, 测量"
quantitative,"a. 数量的, 定量的\n[医] 定量的, 数量的"
quantities,"n. 数量, 工程量；[音]音符长度（quantity的复数）"
quantity,"n. 量, 数量, 总量\n[计] 数量; 量"
quantum,"n. 量, 量子\n[计] 量子"
quarantine,"n. 隔离, 封锁交通, 检疫期\nvt. 隔离, 排斥"
quarrel,"n. 吵架, 反目, 怨言, 方头凿\nvi. 吵架, 争论, 挑剔"
quarry,"n. 采石场, 方形石, 猎物, 被追求物, 来源\nvt. 挖出, 努力挖掘\nvi. 费力地找"
quarter,"n. 四分之一, 一刻钟, 季度, 地区\nvt. 四等分, 肢解\nvi. 驻扎, 住宿"
quarterback,n. 四分卫\nvi. 担任四分卫
quarterbacks,"n. （美式足球）（指挥进攻的）四分卫, 枢纽前卫( quarterback的复数形式 )"
quarterfinals,a. 四分之一决赛的\nn. 四分之一决赛
quarterly,"a. 季度的, 按季度的, 每季的\nadv. 按季, 每三个月, 每季一次\nn. 季刊"
quarters,"n. 寓所, 营房, 住处"
quartet,n. 四重奏\n[计] 四位字节
quartz,n. 石英\n[化] 石英
quasi,"a. 类似的, 准的\n[经] 半, 准; 类似的"
quay,"n. 码头, 驳岸\n[经] 贴岸码头"
que,n. 队列
quebec,n. 魁北克（加拿大港市省名）
queen,"n. 王后, 女王\nvt. 立为女王\nvi. 做女王"
queens,n. 皇后区；女王（queen的复数形式）
queensland,[经] 昆士兰
queer,"n. 怪人, 同性恋者\na. 奇怪的, 不舒服的, 可疑的\nvt. 搞糟"
quentin,n. 昆廷（男子名）
queries,n. 问题；怀疑；问号（query的复数形式）
query,"n. 疑问, 疑问号, 质问, 查询\nv. 询问, 质问\n[计] 查询"
quest,"n. 探索, 寻求, 调查\nv. 寻找, 找, 追寻猎物"
question,"n. 问题, 询问\nv. 询问, 审问, 怀疑\n[计] 询问"
questionable,"a. 可疑的\n[法] 可疑的, 有问题的, 不可靠的"
questioned,v. 问（某人）问题( question的过去式和过去分词 ); 对（某事物）表示[感到]怀疑
questioning,"[法] 审问, 讯问, 质问"
questionnaire,"n. 调查表, 问卷\n[经] 调查表"
questions,n. 问题（question的复数）
quests,n. 过关模式（游戏用语）；任务道具（游戏用语）；远征；中世纪参加远征的骑士（quest的复数）
queue,"n. 辫子, 一队人, 队列\nvt. 使排队, 将...梳成辫子\nvi. 排队\n[计] 队列"
queues,"n. （人或车辆）行列, 长队( queue的名词复数 ); （贮存的数据）队列\nv. （人、车等）排队等候( queue的第三人称单数 ); （使）排队, 列队等待"
qui,abbr. 定量超声指数（Quantitative Ultrasound Index）；门控；速度
quick,"a. 快的, 迅速的, 敏捷的, 灵敏的, 急速的\nadv. 快\nn. 新长出的肉, 要害, 核心, 感觉敏锐部位"
quicker,a. 快些（quick的形容词比较级）
quickest,a. 最快的
quickly,adv. 很快地
quid,"n. 一镑金币, 一镑, 咀嚼物"
quiet,"n. 安静, 闲适, 平静\na. 安静的, 静止的, 寂静的, 朴素的, 从容的, 暗中的\nvi. 平静下来\nvt. 使平静, 使平息, 使安心, 安慰"
quieter,n. 消音装置；消声器
quietly,"adv. 安静地, 沉着地, 秘密地"
quill,"n. 羽根, 大翎毛, 羽毛笔\nvt. 刺穿"
quilt,"n. 棉被\nvt. 加软衬料后缝制, 东拼西凑地编\nvi. 缝被子"
quincy,n. 昆西(m.)
quinn,n. 奎恩（姓氏）
quirk,"n. 古怪举动, 俏皮话, 急转"
quirky,"a. 诡诈的, 突兀的, 古怪的, 离奇的\n[法] 诡诈的, 颇为曲折的"
quit,"vi. 离开, 辞职, 停止\nvt. 离开, 放弃, 使解除, 停止\nn. 离开\n[计] 结束, 退出"
quite,"adv. 相当, 完全, 十分"
quits,"a. 抵消的, 对等的"
quitting,[经] 书面收据
quiz,"n. 考查, 课堂测验, 恶作剧, 智力测验\nvt. 戏弄, 考查, 恶作剧"
quo,vt. [古]说
quot,"n. 引用语；开价, 报价；行市"
quota,"n. 配额, 限额\n[化] 定额"
quotas,n. （正式限定的）定量( quota的复数形式 ); 定额; 指标; 摊派
quotation,"n. 引用语, 语录, 牌价, 报价\n[化] 报价"
quotations,"n. 价目, 估价单；行情（quotation复数形式）"
quote,"n. 引用\nvt. 引述, 举证, 报(价)\nvi. 引用"
quoted,v. 引证（quote的过去式）
quotes,"n. 引用, 引号；报价（quote的复数）"
quoting,"[计] 引号, 引用, 引证"
quran,n. (伊斯兰教)可兰经
ra,"正规陆军(美国), (英国)皇家艺术学会, 常备军, 正规军\n[计] 重复地址"
rabbi,"n. 拉比(犹太教圣职人员), 大师(对犹太学者的尊称)\n[法] 犹太教的法学博士, 老师, 犹太教教士"
rabbit,n. 兔子\nvi. 猎兔\nvt. 让...见鬼去
rabbits,n. 兔子；穴兔（rabbit的复数）
rabid,"a. 猛烈的, 热烈的, 急进的, 狂怒的, 偏激的, 疯狂的\n[医] 狂犬病的, 咬病的"
rabies,"n. 狂犬病\n[医] 狂犬病, 咬病"
raccoon,"n. 浣熊, 浣熊毛皮"
race,"n. 种族, 人种, 赛跑, 比赛, 急流, 人类, 同道, 姜根\nvi. 赛跑, 竞赛, 疾走\nvt. 与...赛跑, 使疾走, 使猛转\n[计] 竞争; 追赶; 欧州高级通信研究开发计划"
raced,"vt.& vi. 和…比速度, （使）参加比赛（race的过去式与过去分词形式）"
racer,"n. 比赛者, 游蛇属黑蛇"
racers,"n. 专供比赛用的动物, 比赛用的车辆( racer的复数形式 )"
races,n. 赛马会
rachael,n. 蕾切尔（女子名）
rachel,n. 雷切尔（女子名）
racial,"a. 人种的, 种族的\n[医] 种族的"
racially,"adv. 按人种, 人种上"
racing,"n. 赛马, 赛车\n[机] 空转, 急转"
racism,"n. 种族主义, 种族偏见\n[法] 种族主义, 种族歧视, 种族歧视主张"
racist,"n. 种族主义者\n[法] 种族主义的, 种族歧视"
racists,n. 种族歧视者( racist的复数形式 )
rack,"n. 架, 行李架, 饲草架, 搁物架, 痛苦, 折磨, 齿条, 行云团\nvt. 把...放在架上, 在架上制作, 折磨, 使痛苦, 压榨, 榨取, 猛烈撕拉, 拷问\nvi. 变形, 倾斜, (云)随风飘, (马)小步跑\n[计] 机架"
racket,"n. 球拍, 喧闹, 杂乱无章\nvi. 喧闹\nvt. 用球拍打"
racking,n. 推压动作
racks,n. 货架；行李架；拷问台（rack的复数形式）
rad,"[计] 随机存取装置, 快速存取数据, 快速存取设备\n[化] 拉德"
radar,"n. 雷达, 无线电探测器\n[计] 雷达图"
radcliffe,n. 拉德克利夫（姓氏）
radial,"a. 光线的, 光线状的, 放射状的, 半径的, 径向的\nn. 光线, 射线"
radiant,"a. 发光的, 明亮的, 辐射的, 容光焕发的\n[医] 放射的, 辐射的, 辐射物[质]"
radiation,n. 辐射\n[化] 放射
radiator,"n. 暖气装置, 散热器, 辐射体\n[化] 散热器"
radical,"n. 激进分子, 词根, 基础, 根式, 根\na. 激进的, 根本的, 基本的, 根的"
radically,"adv. 根本地, 完全地"
radicals,n. 激进分子( radical的复数形式 ); 根基; 基本原理; [数学]根数
radio,"n. 无线电, 收音机, 无线电报, 无线电广播, 无线电台\nv. 用无线电发送"
radioactive,"a. 放射性的, 有放射能的\n[医] 放射性的, 放射的"
radiology,"n. 辐射学, 放射学\n[医] 放射学"
radios,n. 收音机；无线电话；无线电广播设备（radio的复数）
radius,"n. 半径, 范围, 辐射光线\n[电] 半径"
rae,"abbr. 英国皇家航空研究中心（Royal Aeronautical Establishment）；研究评估考核（高等教育基金会为研究项目拨款所使用的考评工具, research assessment exercise）"
raf,abbr. 英国皇家空军（Royal Air Force）
rafa,n. (Rafa)人名；(塞、阿拉伯)拉法
rafael,"n. 拉斐尔（男子名, 来源于圣经故事）"
raffle,"n. 抽彩售货, 废物\nvt. 抽彩售货\nvi. 抽彩"
raft,"n. 筏, 救生筏, 大量\nvi. 乘筏\nvt. 筏运, 制成筏"
rag,"n. 碎布, 抹布, 碎片, 碎屑, 少量, 破旧衣服\nvt. 责骂, 揶揄, 戏弄\nvi. 喧闹"
rage,"n. 愤怒, 情绪激动, 狂暴\nvi. 大怒, 狂吹, 流行"
ragged,"a. 衣衫褴褛的, 参差不齐的, 不协调的, 粗糙的, 刺耳的"
raging,"a. 愤怒的, 狂暴的, 猛烈的, 使极痛的"
rags,n. 破旧衣服; 破布( rag的名词复数 ); 碎布; 破旧衣服; （质量差的）报纸
rahman,n. (Rahman)人名；(塞、印、阿拉伯)拉赫曼
rahul,n. 拉胡尔（人名）
rai,abbr. 随机存取及查询（random access and inquiry）
raid,"n. 袭击, 突袭, 搜捕\nv. 奇袭, 搜捕\n[计] 廉价磁盘冗余阵列"
raided,vi. 对…进行突然袭击（raid的过去式与过去分词形式）
raider,"n. 奇袭者, 侵入者\n[法] 袭击者, 侵入者, 劫掠商船的武装快船"
raiders,"n. 进行袭击、抢劫或搜查的人, 进行突袭的舰队、飞机等( raider的复数形式 )"
raiding,vi. 对…进行突然袭击（raid的现在分词形式）
raids,abbr. 空中入侵雷达探测系统（Radar Airbor
rail,"n. 横杆, 围栏, 栏杆, 铁轨, 扶手, 秧鸡\nvt. 以横木围栏, 给...铺铁轨\nvi. 责骂, 抱怨"
railing,"n. 扶手, 栏杆, 抱怨\n[电] 高重回率的雷达脉冲排挤"
railroad,"n. 铁路, 铁路公司\nvt. 铺设铁路, 用铁路运输\nvi. 在铁路工作"
railroads,"n. 铁路, 铁道( railroad的名词复数 ); 铁路系统\nv. 铁路, 铁道( railroad的第三人称单数 ); 铁路系统"
rails,铁路股票
railway,"n. 铁路, 轨道\n[经] 铁路"
railways,"n. 铁路, 铁道( railway的复数形式 ); 铁路系统"
rain,"n. 雨, 下雨, 雨天\nvi. 下雨\nvt. 使大量落下"
rainbow,n. 彩虹\na. 五彩缤纷的
rainbows,n. 彩虹( rainbow的复数形式 )
rained,下雨（rain的过去式）
rainfall,"n. 降雨, 降雨量\n[经] 降雨量"
rainforest,[生态]雨林
raining,[化] 淋降现象
rains,n. 雨季
rainy,"a. 下雨的, 多雨的"
raise,"n. 上升, 高地, 增高\nvt. 升起, 举起, 唤起, 提高, 使出现, 使复活, 提出, 筹集, 饲养"
raised,"a. 凸起的, 浮雕的, 发酵的\n[医] 隆起的"
raises,v. 举起；建造；饲养（raise的三单形式）
raising,[机] 起油
raisins,n. 葡萄干( raisin的复数形式 )
raj,"n. 主权, 统治\n[法] 统治, 支配, 主权"
raja,"n. 印度王公, 统治者"
rajasthan,拉贾斯坦邦[印度邦名]
rake,"n. 耙子, 钱耙, 斜度, 浪子\nv. 搜索, 掠过, (用耙子)耙, (使)倾斜"
raleigh,n. 罗利（美国北卡罗来纳州首府）；罗利（英国的探险家、航海家及作家）
rallied,v. 恢复( rally的过去式和过去分词 ); 价格回升; 集合起来; 嘲笑
rallies,n. 集会( rally的名词复数 ); [网球、羽毛球]连续对打; 公路汽车赛; （精神等方面）振作\nv. 恢复( rally的第三人称单数 ); 价格回升; 集合起来; 嘲笑
rally,"n. 重振旗鼓, 集合, 群众集会, 跌停回升\nv. 重整旗鼓, 集合, 恢复精神, 团结, 挖苦, 嘲笑"
rallying,v. 恢复( rally的现在分词 ); 价格回升; 集合起来; 嘲笑
ralph,n. 拉尔夫（男子名）
ram,"n. 公羊, 撞锤\nvi. 猛击, 撞\nvt. 猛击, 填塞, 反复灌输\nn. 只读内存, 随机存取内存, 随机存取存储器\n[计] 随机存取存储器"
rama,n. 罗摩（印度教神名）
ramadan,n. 斋戒月
rambling,"a. 漫步的, 布局零乱的, 散漫的"
ramen,n. 拉面；面条
ramifications,"n. 结果, 后果( ramification的复数形式 )"
ramirez,拉米雷斯\n拉米雷兹
ramon,n. 雷蒙(Raymond 的异体)(m.)
ramos,n. 拉莫斯（男子名）；蓝魔（数码产品品牌）
ramp,"n. 斜坡, 坡道, 敲诈\nvi. 狂跳乱撞, 乱冲, 敲诈, 蔓延\nvt. 使有斜面, 敲诈"
rampage,"n. 乱闹, 乱冲, 暴跳\nvi. 乱闹, 狂暴"
rampant,"a. 猖獗的, 蔓生的, 猛烈的, 跃立作扑击状的"
ramps,abbr. resources allocation and multiproject scheduling 资源分配和多项目的行程安排\nn. 土堤斜坡( ramp的名词复数 ); 斜道; 斜路; （装车或上下飞机的）活动梯\nv. 土堤斜坡( ramp的第三人称单数 ); 斜道; 斜路; （装车或上下飞机的）活动梯
rams,"abbr. 可靠性、可用性、可维护性和安全性（Reliability, Availability, Maintainability, and Safety）；随机存取测量系统（Random Access Measurement System）；地区性自动化管理系统（Random Access Measurement System）"
ramsay,"拉姆齐(①姓氏 ②Sir William, 1852-1916, 英国化学家, 氦的发现者, 曾获1904年诺贝尔化学奖)"
ramsey,[计] 拉姆齐
ran,run的过去式
rana,[医] 蛙属
ranch,n. 大牧场\nv. 经营牧场
rancho,"n. 牧人, (农场工人住的)棚屋, 牧场"
rand,"n. 兰特, (非正式)边, 田埂, 缘\n[经] 兰特"
randall,"n. 兰德尔（男子名, 等于Randal）"
randolph,n. 伦道夫（男子名）
random,"n. 随意, 随机\na. 任意的, 随便的, 胡乱的, 随机的\nadv. 胡乱地"
randomized,"a. 随机化的, 随机的"
randomly,"adv. 偶然, 胡乱, 无目的, 任意, 随便, 任取, 无规则, 机遇, 胡乱地, 任意地, 随便地\n[计] 随机地"
randy,"a. 喧闹的, 大声的, 好色的\nn. 粗鲁悍妇, 莽汉"
rang,ring的过去式
range,"n. 排, 行, 山脉, 范围, 行列, 射程\nvt. 排列, 归类于, 使并列, 放牧\nvi. 平行, 延伸, 漫游\n[计] 量程; 范围; 域; 距离"
ranged,v. 排列；把…分类；射程为…（range的过去分词）
ranger,"n. 王室守林人, 骑警, 漫游者"
rangers,n. 护林者( ranger的复数形式 ); <美>突击队员
ranges,"n. 量程, 范围；山脉（range的复数）"
ranging,"n. 距离修正, 广泛搜索"
rank,"n. 等级, 排, 横列, 队伍, 阶级\na. 茂密丛生的, 恶臭的, 十足的, 粗俗的\nvt. 排列, 归类于, 把...分等\nvi. 列为, 列队\nn. 秩\n[计] 秩"
ranked,"vt.& vi. 排列, 使成横排（rank的过去式与过去分词形式）"
rankin,n. (Rankin)人名；(英、葡、瑞典)兰金\n兰金
ranking,"n. 等级, 地位\na. 上级的, 头等的, 超群的"
rankings,"n. 地位, 等级( ranking的复数形式 ); 某项体育运动的)最佳运动员排名表"
ranks,"n. 队伍；用户等级, 级别（rank的复数）"
ransom,"n. 赎金, 赎身, 赎回\nvt. 赎, 赎身, 赎回, 勒索赎金"
rant,"v. 咆哮, 痛骂\nn. 咆哮, 大话"
ranting,v. 夸夸其谈( rant的现在分词 ); 大叫大嚷地以…说教; 气愤地)大叫大嚷; 不停地大声抱怨
rants,n. 夸夸其谈( rant的名词复数 ); 大叫大嚷地以…说教; 气愤地)大叫大嚷; 不停地大声抱怨\nv. 夸夸其谈( rant的第三人称单数 ); 大叫大嚷地以…说教; 气愤地)大叫大嚷; 不停地大声抱怨
rao,abbr. 右前斜位（right anterior oblique）
rap,"n. 轻敲, 拍击, 责骂, 无价值的东西\nvt. 轻敲, 厉声说出, 叱责, 抢走, 使着迷\nvi. 敲击, 发敲击声, 交谈, 同情\n[计] 随机存取程序, 资源分配处理器, 常驻汇编程序"
rape,"n. 抢夺, 掠夺, 强奸, 葡萄渣, 芸苔\nvt. 掠夺, 抢夺, 强奸"
raped,vbl. 强暴
rapes,"n. 芸苔( rape的名词复数 ); 强奸罪; 强奸案; 肆意损坏\nv. 以暴力夺取, 强夺( rape的第三人称单数 ); 强奸"
raphael,n. 拉斐尔（姓氏）；拉斐尔（意大利画家、建筑学家）
rapid,"a. 迅速的, 飞快的, 急促的, 陡的\nn. 急流"
rapidly,"adv. 飞快地, 迅速地, 赶紧地"
rapids,n. 湍流；急流
raping,"v. 以暴力夺取, 强夺( rape的现在分词 ); 强奸"
rapist,n. 强奸犯\n[法] 强奸犯
rapists,n. 强奸犯( rapist的复数形式 )
rapper,"n. 敲门人, (美)(非正式)控告人, 证人, 检举人\n[机] 敲杆"
rappers,"n. 叩击者, 敲门者( rapper的复数形式 ); 说唱乐歌手"
rapping,"[机] 轻敲, 起模"
rapport,"n. 关系, 融洽, 一致\n[医] 关系, 协调(病人与医师间), 感通(唯心的灵交术时)"
raps,n. （轻快的）敲击（声）( rap的名词复数 ); 说唱音乐; 说唱歌; 速度快的谈话\nv. 突然说出( rap的第三人称单数 ); （公开地）严厉批评; 突然大声说出; 连续敲叩
raptor,n. 猛禽
raptors,"n. 猛禽, 肉食鸟( raptor的复数形式 )"
rapture,"n. 兴高采烈, 着迷, 欢天喜地, 狂喜\nvt. 使狂喜"
rare,"a. 稀罕的, 罕有的, 珍奇的, 稀薄的, 半熟的, 非常好的\nadv. 非常"
rarely,"adv. 很少地, 罕有地"
rarity,"n. 稀罕, 罕有, 珍奇, 稀薄"
ras,[计] 行地址选通
rash,"a. 轻率的, 匆忙的, 鲁莽的\nn. 皮疹"
rashid,"n. 拉希德（男子名）；拉希德（埃及城市, 位于尼罗河畔）"
rasmussen,拉斯马森（人名）
raspberry,"n. 悬钩子, 呸声\n[化] 覆盆子; 悬钩子"
rat,"n. 鼠, 卑鄙的人, 破坏者, 变节者\nvi. 捕鼠, 变节\nvt. 弄蓬松"
ratchet,"n. 棘轮, 棘爪\n[机] 棘轮, 棘齿轮"
rate,"n. 比率, 率, 速度, 价格, 费用, 等级\nvt. 估价, 认为, 鉴定等级, 责骂\nvi. 被评价, 责骂"
rated,[电] 额定的
rates,n. 比率；价格；等级（rate的复数形式）
rather,"adv. 宁可, 稍微, 相当"
ratification,"n. 批准, 承认, 认可\n[经] 追认, 批准"
ratified,a. 批准的
rating,"n. 等级, 额定功率, 责骂\n[经] 等级评定"
ratings,n. 评级；等级（rating的复数形式）
ratio,"n. 比, 比率\n[医] 比, 比率, 比例"
ration,"n. 定额, 定量, 配给\nvt. 配给, 定量供应"
rational,"a. 理性的, 合理的\nn. 有理数"
rationale,"n. 基本原理\n[医] 原理, 理论"
rationality,"n. 合理性, 纯理性"
rations,n. 配给量；比例；给养（ration的复数）
ratios,"n. 比, 比率( ratio的复数形式 )"
rats,int. [俚]胡说；瞎扯
rattle,"vt. 使嘎嘎响, 喋喋不休地说\nvi. 格格响, 喋喋不休\nn. 格格声, 拨浪鼓, 喋喋不休的话"
rattled,"a. 慌乱的, 激动得不知所措的, 愚蠢的"
rattling,"a. 格格作响的, 轻快的, 很好的\nadv. 很, 非常"
raul,n. 劳尔（男子名）
ravaged,v. 毁坏( ravage的过去式和过去分词 ); 蹂躏; 劫掠; 抢劫
rave,"n. 狂吼, 狂暴\nv. 愤怒地说, 叫嚷, 咆哮"
raven,"n. 渡鸦, 掠夺\na. 乌黑的\nv. 掠夺, 狼吞虎咽"
ravens,n. 乌鸦（raven的复数）；低质煤
ravi,n. 拉维（男子名）；拉维河（印度西北部和巴基斯坦东北部河流）
ravine,"n. 峡谷, 冲沟, 溪谷"
raving,"a. 胡说的, 疯狂的, 狂暴的\nn. 胡说"
raw,"n. 擦伤处, 半成品\na. 生的, 未加工的, 生疏的, 不成熟的, 阴冷的, 刺痛的, 擦掉皮的\nvt. 擦伤\n[计] 写后读"
ray,"n. 光线, 射线, 闪烁, 光辉\nvi. 射出光线, 浮现, 放射光线\nvt. 放射, 显出"
raymond,n. 雷蒙德（男子名）
rays,n. 射线；[俚]日光浴；光线（ray的复数）
razor,n. 剃刀\nvt. 剃
rb,[计] 归偏制\n[医] 铷(37号元素)
rbi,"abbr.[棒球] Run Batted In ,打点"
rbs,[化] 核糖体结合部位
rc,"红十字, 红十字会\n[计] 遥控, 补码, 远程集中器"
rca,abbr. 美国无线电公司（Radio Corporation of America）
rd,[计] 报表描述; DOS内部命令:该命令用于删除磁盘中的空白子目录\n[医] 卢[瑟福](放射物质的蜕变单位)
re,"prep. 关于\nn. 不动产, 房地产\n[计] 赖斯编码"
rea,abbr. （美）农村电气化管理局（Rural Electrification Administration）；铁路快运代办处（Railway Express Agency）
reach,"n. 伸出, 延伸, 区域, 范围, 流域, 岬\nvt. 到达, 达到, 伸出, 延伸, 影响\nvi. 达到, 延伸, 伸出手, 传到"
reached,"v. 到达( reach的过去式和过去分词 ); 联络; 伸出手臂, 延伸"
reaches,n. 河段；流域；（上、中或下）游; （外）围；（远）处; （组织或机构中的）层级
reaching,"v. 到达( reach的现在分词 ); 联络; 伸出手臂, 延伸"
react,"vi. 起反应, 起作用, 反攻\n[医] 应答, 发生反应"
reacted,v. 起反应( react的过去式和过去分词 ); 反对; （对食物等）有不良反应; 物质起化学反应
reacting,a. 反应的
reaction,"n. 反应, 反作用, 反动\n[医] 反应"
reactionary,"n. 反动分子\na. 反动的, 反动主义的, 反对改革的"
reactions,n. 反应（reaction的复数）
reactive,"a. 反动的, 反应的\n[医] 反应的"
reactor,"n. 反应者, 反应器, 反应堆, 电抗器\n[化] 反应釜; 反应锅"
reactors,n. 起反应的人( reactor的复数形式 ); 反应装置; 原子炉; 核反应堆
reacts,v. 起反应( react的第三人称单数 ); 反对; （对食物等）有不良反应; 物质起化学反应
read,"v. 读, 阅读, 理解\na. 有学问的\nn. 读取, 阅读\n[计] 读取"
readable,"a. 值得一读的, 易读的, 读起来津津有味的\n[电] 可读的"
reader,"n. 读者, 读物, 文选, 校对人, 讲师\n[计] 阅读程序; 阅读器"
readers,"n. 读者, 读物（reader的复数形式）"
readership,"n. 读者, 读者人数"
readily,"adv. 迅速地, 轻易地, 乐意地"
readiness,"n. 预备, 准备, 敏捷"
reading,"n. 阅读, 知识, 读物\na. 阅读的"
readings,n. 读物；文本；朗读（reading的复数）
reads,"v. 读, 看懂, 理解( read的第三人称单数 ); 显示, 标明"
ready,"n. 预备好的状态, 现款\na. 准备好的, 备用的, 可以使用的\nadv. 预先, 迅速\nvt. 使准备好"
reaffirmed,"v. 重申, 再确认( reaffirm的过去式和过去分词 )"
reagan,n. 里根（姓氏）
real,"a. 真的, 真实的, 实际的, 实在的, 不动(产)的, 实数的\nn. 实数, 现实\nadv. 真正地"
realisation,"n. 实现, 完成（等于realization）"
realise,"vt. 实现, 认识到, 体会到, 了解, 认清, 使显得逼真, 变卖财产为现钱"
realised,v. 实现（realise的过去分词）\na. 实现的
realises,"(realise 的第三人称 -s形式) vt. 实现, 认识到, 体会到, 了解, 认清, 使显得逼真, 变卖财产为现钱"
realising,"(realise 的现在分词) vt. 实现, 认识到, 体会到, 了解, 认清, 使显得逼真, 变卖财产为现钱"
realism,"n. 写实主义, 现实, 实在论\n[法] 现实主义"
realist,"n. 现实主义者, 写实主义者, 实在论者"
realistic,"a. 现实的, 逼真的, 现实主义的, 实在论的"
realistically,"adv. 写实地, 逼真地, 现实地"
realities,"n. 现实, 实际( reality的名词复数 ); 真实的事物"
reality,"n. 实在, 事实, 实体, 逼真\n[法] 现实, 实在存在的事物, 实在性"
realization,"n. 实现, 领悟, 实得\n[医] 现实化, 实现"
realize,"vt. 了解, 实现, 使显得逼真, 变卖\nvi. 变卖"
realized,a. 实现的；已实现
realizes,v. 实现( realize的第三人称单数 ); 了解; （所担心的事）发生; 以…价格卖出
realizing,a. 明确无误的；清晰生动地
really,"adv. 实际上, 真实地, 实在"
realm,"n. 王国, 领土, 领域\n[计] 领域"
realms,n. 领域（realm的复数）
realtor,n. 房地产经纪人\n[法] 房地产经纪人
realty,"n. 不动产, 房地产\n[经] 不动产, 房地产"
reap,"vt. 收割, 收获, 获得\nvi. 收割, 得到报应"
reaper,"n. 收割者, 收割机"
rear,"n. 后面, 背后, 后方\na. 后面的, 背面的, 后方的\nvt. 养育, 培养, 饲养, 举起, 树立, 栽种\nvi. 高耸, 暴跳"
rearing,n. 饲养；抚养；养育
reason,"n. 理由, 原因, 理智, 道理, 前提, 理性\nvt. 说服, 推论, 辩论\nvi. 推论, 劝说, 思考"
reasonable,"a. 合理的, 明理的, 适当的\n[法] 合理的, 公道的, 正当的"
reasonably,"adv. 适度地, 相当地"
reasoned,"a. 思路清晰的, 言之有据的"
reasoning,"n. 推论, 推理, 论证\n[化] 推理"
reasons,n. 理由；理智；原因（reason的复数）
reassurance,"n. 安心, 放心, 再保证"
reassure,"vt. 使...安心, 向...再保证\n[法] 重新保证, 再保险, 使清除疑虑"
reassured,"a. 使消除疑虑的; 使放心的\nv. 再保证, 恢复信心( reassure的过去式和过去分词)"
reassuring,"a. 安心的, 可靠的, 鼓励的"
rebate,"n. 部分退款, 折扣\nvt. 退还, 打折扣\nvi. 退还部分付款"
rebates,n. 回扣；部分退款（rebate的复数）
rebecca,"n. 丽贝卡（女子名, 寓意迷人的美）"
rebel,"n. 叛徒, 反叛者\nvi. 造反, 反抗, 抵抗, 反感\na. 造反的, 反抗的"
rebellion,"n. 谋反, 叛乱, 反抗\n[法] 造反, 反叛, 叛乱"
rebellious,"a. 造反的, 反抗的\n[法] 造反的, 反抗的, 反判的"
rebels,n. 反叛者（rebel的复数形式）
rebirth,"n. 再生, 复活, 新生"
reboot,[计] 重新启动
reborn,"a. 再生的, 更新的"
rebound,"vi. 弹回, 返回, 产生事与愿违的结果\nvt. 使弹回, 使返回\nn. 反弹, 返回, 篮板球, 振作\nrebind的过去式和过去分词"
rebounds,n. 反弹球( rebound的名词复数 ); 回弹球; 抢断篮板球; 复兴\nv. 弹回( rebound的第三人称单数 ); 反弹; 产生反作用; 未能奏效
rebuild,"vt. 改建, 重建, 改造\nvi. 重建"
rebuilding,n. 重建
rebuilt,rebuild的过去式和过去分词\n[经] 重新组装
rebuke,"n. 指责, 谴责, 非难\nvt. 斥责, 指责, 制止"
rebuttal,"n. 辩驳, 驳回, 反驳, 反驳的证据, 反证\n[法] 辩驳, 反驳, 驳回"
rec,"[计] 接收, 记录, 恢复, 补偿, 娱乐"
recall,"n. 回忆, 召回, 撤消\nvt. 回想, 回忆, 召回, 撤消, 使恢复\n[计] 检索"
recalled,v. 回忆起( recall的过去式和过去分词 ); 使想起; 使想到; 勾起
recalling,v. 回忆起( recall的现在分词 ); 使想起; 使想到; 勾起
recalls,v. 回忆起( recall的第三人称单数 ); 使想起; 使想到; 勾起
recap,vt. 翻新胎面\nn. 翻新的轮胎
recapture,"n. 取回, 夺回\nvt. 再捕获, 夺回, 重温"
receipt,"n. 收据, 收入, 收到\nvt. 开...的收据"
receipts,"n. 进款, 收入\n[经] 收入分类"
receive,"vt. 收到, 接到, 得到, 接待, 迎接, 承受\nvi. 收到, 会客\n[计] 接收"
received,"a. 被一般承认的, 公认的"
receiver,"n. 接收器；接受者；收信机；收款员, 接待者"
receivers,n. 接受者( receiver的复数形式 ); 听筒; 无限电接收机; （破产公司的）官方接管人
receives,n. 受光面
receiving,[计] 接收
recent,"a. 最近的, 近代的, 最新的\n[经] 最近的, 新进的"
recently,adv. 最近
reception,"n. 接待, 接受, 招待会\n[医] 接受, 感受"
receptionist,n. 接待员
receptions,n. 招待会；接待处（reception的复数）
receptive,"a. 能接纳的\n[医] 接受的, 感受的"
receptor,"n. 受体, 感觉器官\n[化] 接受器; 受体"
receptors,"n. <生>感受器, 受体( receptor的复数形式 )"
recess,"n. 休息, 休会, 放假, 凹进处, 深处\nvt. 使凹进\nvi. 休假, 休息"
recession,"n. 后退, 凹处, 衰退, 归还\n[医] 退缩"
recharge,"vt. 再充电, 再装填, 再控告, 再袭击\nvi. 再袭击\nn. 再袭击, 再装填"
recipe,"n. 食谱, 处方, 秘诀\n[医] 取(处方头语), 处方"
recipes,n. 烹饪法( recipe的名词复数 ); 食谱; 方法; 秘诀
recipient,"a. 领受的, 容易接受的, 感受性强的\nn. 领受者, 容纳者, 容器"
recipients,n. 收件人（recipient的复数）
reciprocal,"a. 互惠的, 相互的, 相等的, 倒数的, 彼此相反的\nn. 倒数, 互相起作用的事物"
recital,"n. 背诵, 吟诵, 详述\n[法] 叙述, 评述, 列举"
recite,"v. 背诵, 朗读, 叙述"
recited,"v. 背诵( recite的过去式和过去分词 ); 详述, 列举"
reciting,"v. 背诵( recite的现在分词 ); 详述, 列举"
reckless,"a. 不介意的, 大意的, 鲁莽的, 不顾后果的\n[法] 不注意的, 粗心大意的, 鲁莽的"
reckon,"vt. 计算, 总计, 估计, 认为, 猜想\nvi. 数, 计算, 估计, 依赖, 料想"
reckoned,v. <正>计算( reckon的过去式和过去分词 ); 猜想; 考虑; <非正>思忖
reckoning,"n. 计算, 算帐, 清算\n[经] 计算, 算帐, 估计"
reclaim,"vt. 开垦, 改造, 感化, 纠正, 回收\nvi. 喊叫, 抗议"
reclaimed,"a. 回收的, 再生的；翻造的"
reclamation,"n. 开垦, 教化\n[经] 经济上的复原再造"
recognise,"vt. 认识, 辩认, 认出, 承认, 认可, 清楚地认识到, 自认, 公认, 赏识, 准许某人发言"
recognised,v. 承认；认出；辨别（recognise的过去分词）\na. 认可的
recognises,"(recognise 的第三人称 -s形式) vt. 认识, 辩认, 认出, 承认, 认可, 清楚地认识到, 自认, 公认, 赏识, 准许某人发言"
recognising,"(recognise 的现在分词) vt. 认识, 辩认, 认出, 承认, 认可, 清楚地认识到, 自认, 公认, 赏识, 准许某人发言"
recognition,"n. 赞誉, 认得, 识别, 承认, 认可, 认识\n[电] 认识"
recognizable,"a. 可认识的, 可承认的, 可识别的\n[法] 可被认出的, 可辩认的, 可被承认的"
recognize,"vt. 认出, 认可, 承认, 公认, 识别, 赏识\nvi. 承认, 具结"
recognized,a. 经过验证的；公认的
recognizes,v. 认出( recognize的第三人称单数 ); 承认[认清]（某事物）; 赏识; 承认…有效[属实]
recognizing,v. 认识；承认；察觉（recognize的ing形式）
recoil,"n. 畏缩, 后退, 弹回, 反作用, 后坐力\nvi. 退却, 畏缩, 弹回, 撤退, 反冲, 报应"
recollection,"n. 记忆, 回想, 回忆"
recommend,"vt. 推荐, 介绍, 劝告, 使受欢迎, 托付\n[经] 建议, 推荐"
recommendation,"n. 推荐, 介绍, 推荐信, 劝告\n[经] 建议书"
recommendations,n. 推荐( recommendation的复数形式 ); 推荐信; 正式建议; 提议
recommended,a. 被推荐的
recommending,v. 托( recommend的现在分词 ); 推荐; 劝告; 使显得吸引人
recommends,v. 托( recommend的第三人称单数 ); 推荐; 劝告; 使显得吸引人
recon,"n. 侦察, 交换子\n[计] 追溯转换"
reconcile,"vt. 使和解, 调停, 使和谐, 使一致, 使听从\n[经] 对帐, 使一致"
reconciled,v. 使和好( reconcile的过去式和过去分词 ); 和解; 使一致; 使和谐
reconciliation,"n. 和解, 和好, 复交, 调解, 调停, 和谐, 一致, 甘愿, 顺从\n[经] (银行往来)调节, 调和, 一致"
reconnaissance,"n. 侦察, 勘察队\n[电] 勘查"
reconnect,vt. 使再接合
reconsider,"v. 再考虑, 重新考虑"
reconstruct,"vt. 重建, 改造\n[化] 按原样修复"
reconstructed,"a. 重建的, 改造的"
reconstruction,"n. 改造, 再建\n[医] 改建, 改造, 翻造"
record,"n. 记录, 履历, 档案, 审判记录, 最高纪录, 唱片\nvt. 记录, 记载, 标明, 将...录音\nvi. 记录, 录音, 可被录音\na. 创纪录的\n[计] 录制, 记录"
recorded,a. 记录的
recorder,"n. 记录员, 录音机\nn. 记录器\n[计] 宏录制器, 记录器"
recorders,n. 录音机( recorder的复数形式 ); 记录员; （英国）刑事法院的临时法官; 竖笛
recording,"a. 记录的, 记录用的\nn. 录音"
recordings,n. 记录( recording的复数形式 ); 录音; 录像; 唱片
records,"n. 记录, 录音；唱片, 档案（record的复数形式）"
recount,"vt. 详述, 叙述, 重新计算\nn. 重新计算"
recounted,"v. 详细叙述某事, 讲述某事( recount的过去式和过去分词 ); 重新计算"
recounts,"n. 重数, 重新计算选票( recount的名词复数 )\nv. 详细叙述某事, 讲述某事( recount的第三人称单数 ); 重新计算"
recourse,"n. 求援, 求助, 追索权\n[经] 追索权"
recover,"vt. 重新获得, 恢复, 复原, 拯救\nvi. 痊愈, 复原, 胜诉\n[计] 恢复"
recovered,v. 重新获得；恢复（recover的过去分词）
recovering,n. 恢复；补偿；再生
recovers,v. 恢复( recover的第三人称单数 ); 重新获得; 找回; <正>恢复（适当的状态或位置）
recovery,"n. 恢复, 复原, 痊愈, 重获\n[计] 恢复"
recreate,"v. (使)得到休养, (使)得到娱乐, 再创造"
recreated,v. 再创造( recreate的过去式和过去分词 ); 再现; 消遣; 娱乐
recreation,"n. 娱乐, 消遣, 休息, 再创造\n[医] 娱乐, 休养"
recreational,"a. 消遣的, 娱乐的"
recruit,"n. 新兵, 新手, 新会员, 补给品\nvt. 恢复, 补充, 充实, 征募\nvi. 征募新兵, 复原, 得到补充"
recruited,v. 招聘( recruit的过去式和过去分词 ); 吸收某人为新成员; 动员…（提供帮助）; 雇用
recruiter,"n. 招聘人员, 征兵人员"
recruiters,"n. 招聘人员, 征兵人员"
recruiting,v. 招聘( recruit的现在分词 ); 吸收某人为新成员; 动员…（提供帮助）; 雇用
recruitment,"n. 新兵征召\n[医] 募集[反应], 募集[现象](生理), 复聪(耳科)"
recruits,n. 新兵( recruit的名词复数 ); （机构中的）新成员; 就业; 人才开发\nv. 招聘( recruit的第三人称单数 ); 吸收某人为新成员; 动员…（提供帮助）; 雇用
rectangle,"n. 长方形, 矩形\n[化] 矩形"
rectangular,a. 成直角的\n[化] 矩形的
rectify,"vt. 订正, 矫正, 改正, 调正, 校正, 精馏, 整流\n[化] 精馏"
rector,"n. 教区长, 校长, 院长"
recurrence,"n. 再现, 再发生, 反复, 循环\n[医] 复发, 再发"
recurrent,"a. 再发生的, 定期重复的, 循环的\n[医] 复发的, 再发的, 回归的"
recurring,"[计] 循环的\n[医] 复发的, 再发的"
recycle,"vt. 使再循环, 重新利用, 再制\nn. 再循环"
recycled,v. 回收利用( recycle的过去式和过去分词 ); 再利用; 再次应用; 重新使用（概念、方法、玩笑等）
recycling,[电] 再循环
red,"a. 红的, 红色的, 红肿的, 流血的\nn. 红色, 红颜料, 赤字\n[计] 简化, 减少"
reddish,"a. 微红的, 略带红色的"
reddit,n. （新闻网站名）红迪网
redeem,"vt. 赎回, 挽回, 恢复, 偿还, 补偿\n[经] 履行(契约), 买回, 赎回"
redeemed,n. 债券收徊溢价
redefine,vt. 重新定义\n[计] 重新定义
redemption,"n. 赎回, 赎身, 偿还, 拯救\n[经] 偿还, 买回, 赎回"
redesign,[化] 重新设计
redesigned,"a. 修订的, 重建的, 重新设计的\nv. 重新设计( redesign的过去式和过去分词 )"
redevelopment,n. 再开发；重点恢复
redhead,n. 红发的人
redirect,"vt. 重新寄送, 使改道, 使改方向\n[计] 重定向, 重新引导"
redistribution,"n. 重新分配, 再分发\n[计] 重新分配"
redmond,"n. 雷德蒙（姓氏）；雷德蒙德（美国华盛顿州城市, 微软总部）"
redneck,n. 红脖子（指美国南方保守的露天劳动者）；乡下人
redo,"vt. 再做, 重做, 改装\n[计] 重做"
redress,"n. 赔偿, 补救, 矫正\nvt. 纠正, 赔偿, 救济"
reds,n. [俚]红胶丸（安眠药的俚称）；红色的物品（red的复数）
redskins,n. 红皮肤人( redskin的复数形式 )
reduce,"vt. 减少, 分解, 降低, 使衰退, 把...分解, 把...归纳\nvi. 减少, 减肥, 缩小\n[计] 缩小"
reduced,a. 减少的；简化的；缩减的
reduces,v. 减少；降低；将…归纳；折合（reduce的第三人称单数形式）
reducing,"n. 减低；减轻体重法, 减肥法"
reduction,"n. 减少, 缩影, 变化\n[化] 还原"
reductions,n. 减少( reduction的复数形式 ); 降低; [数学]约简; [摄影术]减薄
redundancy,"n. 过多, 冗长, 累赘, 多余, 冗余位, 冗余度, 冗余码, 多余信息\n[计] 冗余"
redundant,"a. 多余的, 过多的, 冗长的\n[医] 过多的, 多余的"
redwood,"n. (美国)红杉, 红树"
reece,n. (Reece)人名；(意)雷切；(西)雷塞；(英)里斯
reed,"n. 芦苇, 芦笛, 簧舌, 纤弱的人\nvt. 用芦苇盖, 用小凸嵌线装饰"
reef,"n. 暗礁, 礁, 缩帆\nv. 缩(帆)"
reefs, 礁体
reel,"n. 卷轴, 一卷, 纺车, 旋转, 蹒跚\nvt. 卷...于轴上, 绕, 使旋转\nvi. 蹒跚地走, 旋转, 眩晕, 摇晃, 退缩\n[计] 卷; 盘"
reelection,"n. 再选, 改选\n[法] 再选, 重选, 再次当选"
reeling,n. 卷取；摇纱；矫直；轧管机均整
reels,"n. 卷轴( reel的名词复数 ); 卷盘; 卷筒; 绕在卷轴上的线（或金属丝、胶卷等）\nv. 把东西用卷轴卷起来, 从卷轴上放出来( reel的第三人称单数 ); 感到震惊; 发昏; 似乎在不停旋转"
rees,n. Rees公司；里斯（人名）
reese,n. 里斯（姓氏）
reeves,n. 里夫斯（姓氏）
ref,"n. 裁判员\n[计] 参考, 外部文件报告"
refer,"vt. 提交, 归诸于, 把...提交, 使求助于\nvi. 提到, 涉及, 查阅, 查询, 咨询"
referee,"n. 仲裁人, 调解人, 裁判员\nv. 仲裁, 裁判"
referees,n. 裁判员( referee的名词复数 ); 证明人; 公断人; （专业性强的文章的）审阅人
reference,"n. 参考, 索引, 参照\nvt. 给...加上参考资料\nvt. 引用\nvi. 引用\n[计] 引用"
referenced,"a. 引用的, 参考的"
references,n. 参考文献；参照；推荐信（reference的复数）
referencing,[计] 引用的
referendum,n. （就重大政治或社会问题进行的）全民公决，全民投票
referral,"n. 参照, 介绍, 被介绍人, 转诊病人"
referrals,"n. 转交, 呈交, 提供( referral的复数形式 )"
referred,"v. 归类, 谈及, 送交；参考, 查阅（refer的过去式）"
referring,v. 谈及；提交；谘询（refer的ing形式）
refers,v. 提到( refer的第三人称单数 ); 针对; 关系到; 请教
refill,"n. 再注满, 替换物\nvt. 再将...注满\nvi. 被再注满"
refine,"vt. 精炼, 净化, 使优雅, 使精炼\nvi. 被精炼, 被净化"
refined,"a. 精炼的, 优雅的, 精细的\n[医] 精制过的, 精练过的"
refinement,"n. 精致, 高尚, 精巧\n[医] 精制, 精练"
refineries,n. 精炼厂( refinery的名词复数 )
refinery,n. 精炼厂\n[化] 精炼厂炼糖厂
refining,"[计] 精炼, 提纯\n[化] 精炼; 精制; 提炼; 匀料; 匀浆"
reflect,"vt. 反射, 反映, 招致, 深思\nvi. 被反射, 映出, 深思, 考虑, 指责"
reflected,a. 反射的；得自他人的
reflecting,"a. 反射的, 引起反射的, 思考的, 沉思的"
reflection,"n. 反映, 沉思, 映像, 想法, 责难\n[计] 反射"
reflections,"n. 反光；反响, 回声；回旋曲"
reflective,"a. 反射的, 反映的, 沉思的"
reflects,v. 反射（光、热、声或影像）( reflect的第三人称单数 ); 考虑; 反照; 表达
reflex,"n. 反射, 反射光, 映像\na. 反射的, 折转的\nvt. 使折转, 使折回"
reflexes,"n. 反应能力, 反射作用( reflex的复数形式 )"
reform,"n. 改革, 改正, 改造\nvt. 改革, 改过, 革新, 重整\nvi. 革新, 改过"
reformation,"n. 改革, 改正, 重新形成, 重新组成"
reformed,"a. 改革过的, 改革派的"
reformer,"n. 改革家, 改革运动者\n[化] 转化炉; 转化器; 重整器; 重整炉"
reformers,n. 社会改革者( reformer的复数形式 )
reforming,"[计] 变换, 重整, 改进\n[化] 重整"
reforms,"n. 改革, 改良, 改造( reform的名词复数 )\nv. 改善( reform的第三人称单数 )"
refrain,"n. 重复的话, 叠句, 副歌\nvi. 节制, 避免, 克制"
refresh,"vt. 使清新, 使恢复, 使生气蓬勃\nvi. 提起精神, 恢复精神, 吃点心, 喝饮料\nvt. 刷新, 重新整理\nvi. 刷新, 重新整理\n[计] 刷新, 重新整理"
refreshed,v. 使清凉；使重新提起精神；得到补充给养（refresh的过去分词）
refreshing,"a. 使清爽的, 有精神的, 爽快的"
refrigerated,v. 冷藏( refrigerate的过去式和过去分词 ); 冷冻
refrigeration,"n. 冷却, 冷藏, 冷冻\n[计] 致冷"
refrigerator,"n. 电冰箱, 冷藏库\n[计] 冷冻机; 致冷器"
refs,"abbr. references （与to连用）提及, 涉及, 参考\nn. 裁判员( ref的复数形式 )"
refuge,"n. 避难所, 安全地带, 避难, 庇护\nvi. 躲避\nvt. 给予...庇护"
refugee,"n. 难民, 流亡者\n[法] 避难者, 流亡者, 难民"
refugees,"n. 避难者, 难民( refugee的复数形式 )"
refund,"n. 偿还\nvt. 付还, 偿还借款\nvi. 归还, 偿还"
refunded,"v. 归还, 退还( refund的过去式和过去分词 )"
refunds,"n. 归还, 偿还额, 退款( refund的名词复数 )\nv. 归还, 退还( refund的第三人称单数 )"
refurbished,"vt.& vi. (refurbish的动词过去式或过去分词形式), 再磨光, 刷新\nv. 刷新( refurbish的过去式和过去分词 ); 擦亮; 使清洁; 整修"
refurbishment,n. 整修; 翻新; 重新磨亮
refusal,"n. 拒绝, 推却, 优先决定权\n[法] 拒绝, 谢绝, 取舍权"
refuse,"vt. 拒绝, 谢绝\nvi. 拒绝\nn. 废物\na. 扔掉的, 无用的"
refused,a. 遭拒绝的
refuses,"v. 拒绝, 回绝( refuse的第三人称单数 ); 推却, 回绝; 拒绝给（所需之物）"
refusing,"v. 拒绝, 回绝( refuse的现在分词 ); 推却, 回绝; 拒绝给（所需之物）"
refute,"vt. 反驳, 驳斥；驳倒"
reg,abbr. [计]注册表文件；寄存器（register ）
regain,"vt. 取回, 恢复, 重回, 复得\n[化] 回潮"
regained,v. 复得( regain的过去式和过去分词 ); 赢回; 重回; 复至某地
regal,"a. 帝王的, 适于帝王的"
regan,n. 里根（人名）
regard,"n. 关心, 注意, 尊敬, 关系, 问候\nvt. 视为, 注意, 考虑, 和...有关, 看待\nvi. 注视, 注意"
regarded,v. 关系( regard的过去式和过去分词 ); 注意; （尤指以某种方式）注视; 尊敬
regarding,prep. 关于
regardless,"a. 不管, 不注意, 不顾"
regards,"n. 问候, 致意"
regency,"n. 摄政统治, 摄政权, 摄政统治区\n[法] 摄政, 摄政权, 统治"
regenerate,"vt. 使再生, 重建, 革新\nvi. 新生, 再生\na. 新生的, 再生的\n[计] 再生; 重写"
regeneration,"n. 再生, 重建\n[化] 再生作用"
regent,"n. 摄政者, 摄政王\na. 摄政的"
regents,"n. 摄政者；摄政王；(大学等机构的)董事, 校务委员；学监\na. [用在名词后]摄政的；[古语]统治的"
reggae,n. 雷盖
reggie,n. 雷吉（男子名）
regime,"n. 政权, 当权期间, 政体, 社会制度, 体制, 情态\n[医] 制度, 生活制度"
regimen,"n. 养生法, 常规强化训练课, 体制, 情态\n[医] 制度, 生活制度"
regiment,"n. （军队）团, 大量（人或物）\nv. 组编成团，组织，严格管制"
regiments,n. （军队的）团( regiment的名词复数 ); 大量的人或物
regimes,"n. 政治制度, 政权, 政体( regime的复数形式 ); 组织方法; 管理体制; [物理]（某类现象发生时所需的, 或者某类现象其主导作用时的）物理条件/环境"
regina,"n. 女王\n[法] 女王, 女王称号"
reginald,n. 雷金纳德（男子名）
region,"n. 区域, 地带, 地区, 领域, 范围, 区\n[计] 区, 区域"
regional,"a. 地方的, 地域性的\n[医] 区的, 部位的"
regions,n. 地区；地域；领域（region的复数）
regis,n. 里吉斯（男子名）
register,"n. 寄存器, 记录, 登记簿, 注册\nvt. 记录, 注册, 提示, 表达, 把...挂号\nvi. 登记, 注册, 挂号\n[计] 寄存器"
registered,"a. 注册的, 登记过的, 记名的, 挂号的\n[法] 已注册的, 已登记的, 挂号的"
registering,a. 登记的；套版
registers,n. 登记；暂存器；登记簿；登记员（register的复数）
registrar,"n. 记录者, 登记者, 登记官员\n[医] 登记员, 挂号员, 专科住院医师"
registration,"n. 登记, 挂号, 注册\n[计] 登记; 定位; 对齐; 记录"
registrations,n. 登记( registration的复数形式 ); 登记项目; 登记（或注册、挂号）人数; <音>（管风琴）音栓配合（法）
registry,"n. 登记处, 登记名册\n[计] 登录库"
regression,"n. 退步, 回归\n[计] 回归"
regret,"n. 遗憾, 后悔, 悔恨, 抱歉, 歉意\nvt. 为...感到遗憾, 后悔, 惋惜, 懊悔, 抱歉\nvi. 感到抱歉"
regrets,"n. （用于礼貌地表示拒绝）辞谢邀请的短柬或口信; 痛惜( regret的名词复数 ); 惆怅\nv. 懊悔, 惋惜, 遗憾( regret的第三人称单数 ); 抱歉; 痛惜, 怀念; 感到懊悔, 感到遗憾"
regretted,a. 后悔的
regular,"a. 规则的, 常例的, 有秩序的, 整齐的, 等边的, 定期的, 经常的, 合格的, 常备军的\nn. 正规军, 正式队员\nadv. 经常地\nn. 正常体\n[计] 正常体"
regularly,"adv. 有规则地, 一丝不苟地, 正式地"
regulars,n. 正规军人( regular的复数形式 ); 主力（或正式）队员; 常客; 僧侣
regulate,"vt. 管理, 控制, 调节, 调整, 校准\n[经] 控制, 管理"
regulated,v. 管制；管理；规定（regulate的过去分词）
regulates,v. 控制( regulate的第三人称单数 ); 管理; 调整; 调节
regulating,vt. 调节；校正（regulate的现在分词）
regulation,"n. 规则, 管理, 调整\n[计] 调整; 规章; 规则; 调节"
regulations,n. 章则；条例；规程（regulation的复数）
regulator,"n. 调整者, 校准者, 校准器, 调整器, 标准钟\n[化] 调节剂; 调节器"
regulators,n. 调节器( regulator的复数形式 ); 校准器; 整时器; 监管者
regulatory,"a. 受控制的, 统制的, 调整的\n[经] 规则的"
rehab,n. 修复（等于rehabilitation）
rehabilitation,"n. 复原\n[医] 复原, 恢复, 康复"
rehearsal,"n. 预演, 排演, 练习, 叙述, 复述\n[法] 详述, 列举事实, 复述"
rehearsals,n. 练习( rehearsal的复数形式 ); 排练; 复述; 重复
rehearsing,"v. 排练, 排演( rehearse的现在分词 ); 详述"
rei,"n. 里斯（葡萄牙和巴西的旧货币单位, reis的单数形式）"
reich,n. 德国；德意志帝国
reid,"n. 里德（等于Read, 男子名）"
reign,v. 为王，为君；当政；统治\nn. 为王，为君；当政；统治
reigned,"vi. 当政, 统治（reign的过去式形式）"
reigning,a. 统治的；在位的；本届的；起支配作用的
reigns,n. 君主的统治( reign的名词复数 ); 君主统治时期; 任期; 当政期
reilly,n. 赖利（姓氏）
reimbursement,"n. 付还, 退还\n[经] 偿付, 赔还"
rein,"n. 缰绳, 统治, 支配\nvt. 驾驭, 以缰绳控制, 控制\nvi. 勒住马"
reincarnation,"n. 转世化身, 再生"
reindeer,n. 驯鹿
reinforce,"vt. 加强, 增援, 补充\nvi. 求援, 得到增援\nn. 加固材料"
reinforced,a. 加强的；加固的；加筋的
reinforcement,"n. 加强, 增援, 补充, 援军, 加固物\n[化] 补强; 加强件"
reinforcements,"n. 增援部队, 援军, 加固物"
reinforces,v. 加固( reinforce的第三人称单数 ); 使更结实; 加强; 充实
reinforcing,[化] 增强; 补强
reins,"pl. 肾脏, 腰部, 肺腑"
reinstate,"vt. 使复原, 使恢复, 使复立"
reinstated,"v. 使恢复原职, 使恢复原有权利( reinstate的过去式和过去分词 ); 把…放回原处"
reiterate,"vt. 反复地说, 重申, 反复地做\n[法] 重述, 重申, 反覆地做"
reiterated,"v. 反复地说, 重申( reiterate的过去式和过去分词 )"
reject,"n. 被拒之人, 被弃之物, 不合格品, 次品\nvt. 拒绝, 抵制, 否决, 驳回, 丢弃, 呕出"
rejected,"n. 被弃之物, 落选者\na. 拒绝的\nv. 拒绝( reject的过去式和过去分词 ); （因质量差）不用; 排斥; 拒收"
rejecting,v. 拒绝( reject的现在分词 ); （因质量差）不用; 排斥; 拒收
rejection,"n. 拒绝, 抛弃, 驳回, 被抛弃的东西, 呕出物\n[化] 报废; 拒收"
rejects,n. 不良品；选矿废渣；尾矿（reject的复数）
rejoice,"vt. 使欢喜\nvi. 欣喜, 高兴, 庆祝"
rejoin,"vt. 使再结合, 再加入, 回答\nvi. 重新聚合, 回答, 第二次答辩"
relapse,"n. 回复, 故态复萌, 复发\nvi. 故态复萌, 再陷邪道, 再度堕落"
relatable, 有关系的(relate的形容词形式)
relate,"vt. 讲, 叙述, 使互相关联\nvi. 有关, 符合, 相处得好"
related,"a. 讲述的, 叙述的；有关系的, 有关联的"
relates,"v. 使有联系；与…有关；叙述, 讲述（relate的三单形式）"
relating,v. 关联；叙述；涉及（relate的ing形式）
relation,"n. 关系, 联系, 叙述, 故事, 家属, 亲戚\n[计] 关系"
relational,"a. 有关系的, 有联系的, 亲属的, 有亲属关系的\n[计] 相关的, 关系的"
relations,"n. 交往, 关系, 事务"
relationship,"n. 关系, 关联\n[医] 关系"
relationships,n. （事物之间的）关系( relationship的复数形式 ); （人、团体、国家之间的）关系; 情爱关系; 血缘关系
relative,"n. 亲戚, 关系词\na. 有关系的, 相对的, 比较的"
relatively,"adv. 相对地, 比较地, 相当地, 相关地\n[计] 相对地"
relatives,n. 亲属；[语法学]关系词（relative的复数）
relativity,"n. 有关系, 相关性, 相对性\n[化] 相对性"
relax,"vi. 放松, 松懈, 松弛, 变从容, 休息, 休养\nvt. 使松弛, 缓和, 使松懈, 使休息"
relaxation,"n. 松弛, 放松, 减轻, 缓和, 休息, 休养\n[化] 松弛; 驰豫"
relaxed,"a. 松懈的, 不严密的, 不严格的, 放松的, 得到休息的, 随意的, 不拘束的, 自在的"
relaxing,a. 令人轻松的
relay,"n. 驿马, 替班, 中继, 接力\nvt. 分程传递, 转播, 使接替\nvi. 接力传送, 转播"
relays,v. 转述( relay的第三人称单数 ); 转达
release,"n. 释放, 发泄, 豁免, 发行, 释放证书\nvt. 释放, 解除, 放松, 豁免, 免除, 发布, 放弃, 让与\nn. 发布\n[计] 版本, 发布"
released,v. 已发布；释放（release的过去式）
releases,n. 释放；豁免；发泄（release的复数形式）
releasing,n. 释放；松释动作；脱扣释放
relegated,v. 使降级( relegate的过去式和过去分词 ); 使降职; 转移; 把…归类
relegation,"n. 驱逐, 调职, 归属\n[法] 放逐, 贬谪"
relentless,"a. 无情的, 冷酷的, 残酷的"
relentlessly,"adv. 不仁慈, 严酷, 无情, 坚韧, 不懈, 不屈不挠"
relevance,n. 中肯；关联；相关性
relevant,"a. 有关联的, 有关系的, 适当的, 相应的\n[法] 有关的, 相关的"
reliability,"n. 信度, 可靠性\n[计] 可靠性"
reliable,"a. 可靠的, 可信赖的\n[法] 可靠的, 可信赖的, 确实的"
reliably,"adv. 可靠地, 可信赖地"
reliance,"n. 信任, 信赖, 受信赖的人(或事)\n[法] 信任, 信赖, 信心"
reliant,"a. 依赖的, 信赖的"
relic,"n. 遗物, 遗迹, 纪念物, 遗风, 残留物"
relics,n. 遗迹；遗骸；纪念物（relic的复数）
relied,v. 信任( rely的过去式和过去分词 ); 信赖; 依赖; 依靠
relief,"n. 减轻, 解除, 救济, 安慰, 调剂, 浮雕, 换班, (地势的)起伏\n[医] 缓减, 减轻, 浮雕(绘画中)"
relies,v. 信任( rely的第三人称单数 ); 信赖; 依赖; 依靠
relieve,"vt. 减轻, 救济, 解除, 使免除, 换...的班, 使得到调剂, 使不单调, 衬托, 使显著\nvi. 救济, 当替补投手, 呈鲜明突出"
relieved,"a. 宽慰的, 解除的, 减轻的"
reliever,"n. 解除痛苦的人, 接替者, 救济者"
relieving,a. 救助的；救援的
religion,"n. 宗教, 信仰\n[法] 宗教, 宗教信仰, 信仰"
religions,"n. 宗教, 宗教信仰（religion的复数）"
religious,"a. 宗教性的, 虔诚的, 宗教上的, 严谨的\nn. 修道士, 出家人"
religiously,"adv. 虔诚而经常地, 笃诚地"
relinquish,"vt. 放弃, 撤回, 停止, 松开, 让与\n[法] 让与, 把...交给, 放弃"
relish,"n. 滋味, 风味, 美味, 爱好, 食欲, 调味品\nvt. 调味, 喜欢, 玩味\nvi. 有味道"
relive,"vi. 再生, 复活\nvt. 再体验"
reload,vt. 再装\nvi. 再装填弹药
relocate,"vt. 重新安置, 再配置, 放在新地方\n[计] 再定位; 浮动"
relocated,v. 迁移( relocate的过去式和过去分词 )
relocating,"[计] 浮的, 浮动的"
relocation,"n. 再布置, 变换布置\n[经] 重新安置"
reluctance,"n. 不情愿, 勉强\n[电] 磁阻"
reluctant,"a. 不情愿的, 勉强的\n[法] 不愿的, 勉强的, 难以处理的"
reluctantly,"adv. 不情愿地, 勉强地"
rely,"vi. 信赖, 依赖, 信任"
relying,v. 信任( rely的现在分词 ); 信赖; 依赖; 依靠
rem,眼的迅速跳动\n[计] 识别存储器; DOS内部命令:可在批处理或CONFIG.SYS文件中加上注释行
remain,"vi. 保持, 逗留, 剩余\n[法] 停留, 居住, 继续"
remainder,"n. 剩余物, 其他人, 残余, 余数\nv. 削价出售(图书)\na. 剩余的, 出售削价剩书的\n[计] 余数"
remained,v. 留下( remain的过去式和过去分词 ); 保持; 留待; 仍然是
remaining,[电] 剩余的
remains,"n. 剩余物, 废墟, 残余\n[法] 遗体, 尸体, 遗骸"
remake,"vt. 再作, 再制, 重作\nn. 再制, 改作, 重制物"
remanded,v. <律>将…还押候审( remand的过去式和过去分词 ); 将…发回重审
remark,"n. 评论, 注意\nvt. 评论, 注意\nvi. 评论, 谈论\n[计] 注释"
remarkable,"a. 不平常的, 值得注意的, 显著的"
remarkably,"adv. 显著地, 引人注目地, 非常地"
remarked,"v. 谈论, 评论( remark的过去式和过去分词 ); 注意到…"
remarks,n. 摘要；附注；评论（remark的复数）
remastered,v. （根据旧唱片或磁带的）重新灌录( remaster的过去式和过去分词 )
rematch,"n. 复赛, 重赛"
remedies,n. 救济方法（remedy的复数）
remedy,"n. 药物, 治疗法, 治疗, 补救, 赔偿\nvt. 治疗, 补救, 矫正, 改善, 修补, 修缮"
remember,"vt. 记得, 回忆起, 记住, 铭记, 纪念\nvi. 记得"
remembered,"v. 记得, 牢记( remember的过去式和过去分词 ); 纪念; 记着; 回想起"
remembering,"n. 回忆, 记住"
remembers,"v. 记得, 牢记( remember的第三人称单数 ); 纪念; 记着; 回想起"
remembrance,"n. 回想, 记忆, 纪念品, 记忆力, 问候, 致意"
remind,"vt. 提醒, 使想起"
reminded,v. 使想起( remind的过去式和过去分词 ); 提醒
reminder,"n. 提醒的人, 暗示\n[经] 催单"
reminders,n. 令人回忆起…的东西( reminder的复数形式 ); 提醒…的东西; （告知该做某事的）通知单; 提示信
reminding,v. 使想起( remind的现在分词 ); 提醒
reminds,v. 使想起( remind的第三人称单数 ); 提醒
remington,n. 雷明顿（男子名）
reminiscent,"a. 回忆的, 怀旧的\nn. 往事叙述者, 回忆录作者"
remission,"n. 宽恕, 豁免, 免罪, 缓和, 减轻\n[医] 缓解, 弛张"
remit,"vt. 宽恕, 赦免, 免除, 汇出, 缓解, 减轻, 把...提交, 使恢复原状, 推迟\nvi. 缓解, 汇款\nn. 移交的事物"
remix,vt. 使再混合；再搅拌；重新合成（乐曲等）
remixes,(remix 的复数) vt. 使再混合；再搅拌；重新合成（乐曲等）
remnant,"n. 剩余, 零料, 遗迹\na. 剩余的, 残余的"
remnants,n. 剩余部分( remnant的复数形式 ); 残余; 零料; 零头布
remodeling,n. 重塑；改建；重构（remodel进行式）
remorse,"n. 懊悔, 良心不安, 自责, 同情\n[法] 悔恨, 自责, 懊悔"
remote,"a. 遥远的, 偏僻的, 疏远的, 微少的\n[计] 远程, 远程访问实用程序"
remotely,"adv. 极小地, 极细微地"
removable,"a. 可移去的, 可免职的, 可移动的\n[电] 可移动的"
removal,"n. 移动, 移居, 迁移, 排除, 切除\n[医] 切除, 除去"
remove,"vt. 移动, 调动, 除去, 迁移, 开除, 移交\nvi. 迁移, 移动, 搬家\nn. 班级, 升级, 移动, 搬家, 间距\n[计] 删除"
removed,"a. 离开的, 间隔的, 远离的\n[化] 拆除的"
removes,n. 引语排版；迁移；清除；差距（remove的复数）
removing,n. 拆迁；消除
remuneration,"n. 报酬\n[经] 报酬, 酬劳"
remy,n. 雷米（女子名）
ren,[计] DOS内部命令:更改文件名\n[医] 肾
renaissance,"n. 复活, 复兴, 文艺复兴\na. 文艺复兴的"
renal,"a. 肾脏的, 肾的\n[医] 肾的"
rename,"vt. 重新命名, 再命名, 给...改名\n[计] 重命名; DOS内部命令:更改文件名"
renamed,"v. 给…重新取名, 改名( rename的过去式和过去分词 )"
renault,n. 法国雷诺公司；雷诺（姓氏）
render,"vt. 回报, 给于, 付给, 汇报, 提出, 舍弃, 反映, 表示, 表演, 致使, 执行, 实施\nvi. 给予补偿\nn. 交纳, 打底"
rendered,a. 已渲染的
rendering,"n. 翻译, 表现, 描写, 表演, 打底, 透视图"
renders,v. 使( render的第三人称单数 ); 放弃; 表达; 提供（帮助等）
rendezvous,"n. 约会, 约会地点\nv. 集合, 集结, 在约定场所会面\n[计] 会合"
rendition,"n. 译文, 施舍, 表演\n[经] 生产量"
rene,n. 雷内（男子名）；刘若英
renee,n. 蕾妮（人名）
renegade,"n. 背教者, 变节者, 脱党者\na. 背弃的, 脱离的, 叛徒的\nvi. 背叛, 背弃, 脱离"
renew,"vt. 使更新, 使恢复, 复兴, 修补, 补充, 继续, 重订, 重申, 续借\nvi. 更新, 重新开始"
renewable,"a. 可更新的, 可恢复的, 可继续的, 可换新的, 可重复的, 可重说的\n[计] 可更新, 可再生的"
renewables,"n. 可继续的, 可续订的( renewable的名词复数 )"
renewal,"n. 更新, 革新, 复兴, 恢复, 修补, 补充, 继续, 重订, 重申, 续借\n[经] 更新, 换新, 重申"
renewed,a. 复兴的；更新的；重建的
renewing,"a. 再生的, 更新的"
reno,"n. 里诺（美国一城市名, 著名的“离婚城市”）"
renounce,"vt. 拒绝, 放弃, 否认, 垫牌\nvi. 垫牌, 声明放弃权利\nn. 垫牌"
renovated,"v. 翻新, 修复, 整修( renovate的过去式和过去分词 )"
renovation,"n. 革新, 刷新, 修理\n[化] 改建"
renovations,n. 革新（renovation的复数）；翻新
renown,"n. 名声, 声望\nvt. 使有声望"
renowned,"a. 有名的, 有声誉的"
rent,"n. 租金, 房租, 出租物, 裂缝, 破裂处, 分裂\nvt. 租用, 租出\nvi. 出租\na. 分裂的, 破裂的\nrend的过去式和过去分词"
rental,"n. 租费, 租金收入\na. 租赁的, 收取租金的"
rentals,n. 住房出租；租金收入（rental的复数形式）
rented,a. 租用的
renters,n. 承租人；佃户；出租人；地主（renter的复数）
renting,v. 租用；出租（rent的ing形式）
rents,n. 租金（rent的复数）
reopen,"v. 重开, 再开始, 再开"
reopened,v. 重新开始( reopen的过去式和过去分词 ); 再开; 揭旧疮疤; 重提伤心事
reopening,v. 重新开始( reopen的现在分词 ); 再开; 揭旧疮疤; 重提伤心事
reorganization,"n. 改组, 再编制, 改造\n[医] 再机化, 组织再生"
rep,"n. 棱纹平布, 浪荡子, 名声\n[化] 物理伦琴当量"
repaid,repay的过去式和过去分词
repair,"n. 修理, 补救, 修复\nvt. 修理, 修补, 补救, 恢复, 补偿\nvi. 修理, 修补, 补救, 恢复, 去, 常去, 集合"
repaired,v. 纠正( repair的过去式和过去分词 ); 补救
repairing,v. 修理；修复（repair的ing形式）
repairs,n. 备件；修理；修理费；修理工作（repair的复数形式）
reparations,n. 赔款
repay,"v. 偿还, 报答, 报复"
repayment,"n. 付还, 偿还, 报复, 付还的钱\n[经] 偿还, 付还"
repeal,"n. 废止, 撤消\nvt. 废止, 撤消, 放弃"
repealed,"v. 撤销, 废除( repeal的过去式和过去分词 )"
repeat,"n. 重复, 反复\nvt. 重做, 重复, 复述, 使再现, 复制\nvi. 重复\n[计] 重复"
repeated,"a. 重复的, 再三的\n[法] 反复的, 再三的, 屡次的"
repeatedly,"adv. 重复地, 再三地"
repeating,a. 重复的；循环的；反复的
repeats,n. （节目）重演( repeat的名词复数 )\nv. 重做( repeat的第三人称单数 ); 复述; 重说; 重复发生
repel,"vt. 逐退, 抵制, 使厌恶, 抗御\nvi. 使厌恶, 相互排斥"
repent,"vi. 后悔, 懊悔, 忏悔\nvt. 后悔\na. 匍匐生根的"
repentance,"n. 后悔, 悔改\n[法] 悔改, 悔悟, 后悔"
repercussions,"n. 后果, 反响( repercussion的复数形式 ); 余波"
repertoire,"n. 全部剧目, 全部技能, 全部节目, 全部作品"
repetition,"n. 重复, 背诵, 循环, 复制品, 副本\n[机] 重复, 反复"
repetitive,"a. 重复的, 反复性的"
replace,"vt. 代替, 替换, 放回, 归还\n[计] 替换; DOS外部命令:取代或更新文件"
replaced,v. 取代；替换；放回（replace的过去分词）
replacement,"n. 归还, 更换, 代替者\n[医] 复位, 置换"
replacements,"n. 替代, 替换件；补充"
replaces,v. 放回原处；替代（replace的三单形式）
replacing,v. 替代；更换（replace的ing形式）
replay,"vt. 重新比赛, 重演\nn. 重赛"
replays,"n. 重播, 重放( replay的名词复数 )\nv. 重播, 重放( replay的第三人称单数 )"
replica,n. 复制品\n[计] 目录分区复制
replicate,"vt. 折叠, 折转, 复制\nn. 复现试验, 复制品, 高八度音\na. 复现的, 复制的, 折转的, 弯回的"
replicated,v. 复制( replicate的过去式和过去分词 ); 重复; 再造; 再生
replication,"n. 回答, 反响, 复制, 第二次答辩, 折转, 弯回\n[化] 复制"
replied,v. 反响；报复；回答（reply的过去分词）
replies,n. 回复；回答；答复（reply的复数形式）
reply,"n. 答复, 回答, 答辩\nvi. 答复, 回答, 回击, 反响, 答辩\nvt. 回答\n[计] 答复"
replying,v. [法律]（原告对被告）答辩( reply的现在分词 ); 反响; 作答; （以行动）做出反应
repo,n. 购回债券（等于repurchase agreement）
report,"n. 报告, 报道, 传说, 案情报告, 爆炸声, 成绩单\nvt. 报告, 汇报, 转述, 报道, 揭发, 使报到\nvi. 报告, 写报道, 报到\n[计] 报告"
reported,a. 报告的；据报道的
reportedly,"adv. 根据传说, 根据传闻, 据报道"
reporter,"n. 记者, 报告者\n[化] 指示器"
reporters,n. 记者( reporter的复数形式 )
reporting,"n. 报道\n[经] 报告, 汇报"
reports,n. 报表；专题；报告（report的复数）
repository,"n. 贮藏所, 贮物器, 仓库, 博物馆, 店铺, 陈列室, 资源丰富地区, 墓地, 亲信, 知己\n[经] 仓库, 栈房, 贮藏所"
repost,vt .<主英>重新投寄
represent,"vt. 表现, 表示, 描绘, 讲述, 代表, 象征, 回忆, 再赠送, 再上演\nvi. 提出异议"
representation,"n. 表示法, 表现, 陈述, 代表\n[计] 表示法指定"
representations,"n. 陈述, 投诉, 抗议; 表现( representation的复数形式 ); 陈述; 表现…的事物; 有代理人"
representative,"n. 代表, 众议员, 典型\na. 描写的, 表现的, 代理的, 代表的, 代议制的, 典型的"
representatives,n. 代表( representative的复数形式 ); 代理人; 典型人物; [常作 R-]（美国）众议院议员
represented,v. 表现( represent的过去式和过去分词 ); 代表; 体现; 作为…的代表
representing,v. 表现( represent的现在分词 ); 代表; 体现; 作为…的代表
represents,v. 表现( represent的第三人称单数 ); 代表; 体现; 作为…的代表
repressed,"a. 被镇压的, 受约束的, 被抑制的"
repression,"n. 抑制, 压抑, 制止\n[医] 压抑, 抑制"
reprint,"n. 再版, 翻版, 重印\nvt. 再版, 翻版"
reprinted,"v. 转载( reprint的过去式和过去分词 ); （书籍）重印, 再版"
reproduce,"v. 繁殖, 再生, 复制, 生殖\n[计] 复制"
reproduced,v. 复制( reproduce的过去式和过去分词 ); 重现; 再版; 生殖
reproduction,"n. 再现, 复制, 生殖, 繁殖, 复制品\n[医] 生殖, 复现(心理)"
reproductive,"a. 生殖的, 再生的, 复制的\n[医] 生殖的, 复现的"
reps,n. 条花织品之一种
reptile,"n. 爬行动物, 爬虫, 卑鄙的人\na. 爬行的, 爬虫类的, 卑鄙的"
reptiles,n. 爬行类；爬虫类；爬行动物（reptile的复数）
republic,"n. 共和国, 共和政体, 团体, 界"
republican,"n. 共和主义者, 共和党员\na. 共和政体的, 共和国的, 共和主义的"
republicans,"n. 共和党, 共和党员（republican的复数形式）"
republics,n. 共和国( republic的复数形式 ); 共和政体; 成员具有平等权利的)团体; 界
repulsive,"a. 排斥的, 可恶的, 击退的"
reputable,"a. 受好评的, 有声望的, 规范的\n[法] 声誉好的, 可尊敬的"
reputation,"n. 名誉, 名声, 声望\n[法] 名声, 名誉, 公认证据"
reputed,"a. 名誉好的, 被称为...的, 有...名气的\n[法] 好名誉的, 驰名的, 号称的"
request,"n. 请求, 需要, 申请书\nvt. 请求, 要求, 邀请\n[计] 请求"
requested,a. 要求的；被请求的
requesting,n. 要求；请求
requests,n. 要求( request的名词复数 ); 需要; 所请求的事物; 申请书\nv. （下级对上级的）请求( request的第三人称单数 ); 请求得到; 索取; 邀请[常接不定式或从句]
require,"vt. 需要, 命令, 要求\n[法] 需要, 要求, 命令"
required,a. 必需的
requirement,"n. 需求, 必要条件, 要求\n[化] 要求; 合同要求"
requirements,"n. 调整需要量, 必需品；要求（requirement的复数）"
requires,n. 需要；要求；需求（require的复数）
requiring,v. 要求( require的现在分词 ); 需要; 想要; 命令
requisite,"n. 必需品, 要素, 必要物品\na. 必要的, 需要的"
res,[计] 远程输入服务\n[医] 网状内皮系统
resale,"n. 再贩卖, 转售\n[经] 再卖, 转卖"
rescheduled,v. 重订时间表( reschedule的过去式和过去分词 )
rescue,"n. 援救, 解救, 营救\nvt. 援救, 救出, 营救"
rescued,"v. 营救, 救援, 使免遭损失( rescue的过去式和过去分词 )"
rescues,"n. 营救, 救援( rescue的名词复数 ); 营救[救援]行动\nv. 营救, 救援, 使免遭损失( rescue的第三人称单数 )"
rescuing,"v. 营救, 救援, 使免遭损失( rescue的现在分词 )"
research,"n. 研究, 调查, 考察\nvi. 研究, 调查"
researched,"v. 做研究( research的过去式和过去分词 ); 探究; （从市场调研中）得出所预测的结果; 从事…的研究, 为…而做研究"
researcher,n. 研究人员
researchers,"n. 研究员, 调查者( researcher的复数形式 )"
researches,n. 研究报告（research的复数）
researching,"v. 做研究( research的现在分词 ); 探究; （从市场调研中）得出所预测的结果; 从事…的研究, 为…而做研究"
resemblance,"n. 相似处, 类似, 肖像"
resemble,"vt. 相似, 类似"
resembled,"v. 像…, 类似于( resemble的过去式和过去分词 ); 效仿"
resembles,"v. 像…, 类似于( resemble的第三人称单数 ); 效仿"
resembling,肖
resent,"vt. 愤恨, 憎恶, 怨恨"
resentment,"n. 怨恨, 愤恨"
reservation,"n. 保留, 预定, 保留品, 保留地\n[经] 预定, 预约, 权益保留"
reservations,n. 保留；预定（reservation的复数形式）
reserve,"n. 储备品, 贮量, 后备军, 自然保护区, 保留, 拘谨, 节制, 储备金\nvt. 保留, 保存, 预订, 延期, 推迟"
reserved,"a. 保留的, 预备的, 预定的, 腼腆的, 不露感情的, 含蓄的, 缄默的, 冷淡的\n[法] 用作储备的, 保留的, 预定的"
reserves,"n. 储量, 后备队\n[经] 准备金"
reservoir,"n. 贮水池, 贮藏处, 贮备, 水库\nvt. 储藏"
reservoirs,n. 水库( reservoir的复数形式 ); 储藏; 大量的储备; 储液槽
reset,"n. 重新设定, 重新组合, 重排版\nvt. 重新设定, 重置, 重新组合\nvi. 重置, 清零\n[计] 重置, 清零"
resettlement,"[法] 重新定居, 重予安置"
reside,"vi. 住, 居留, 属于\n[法] 居住"
resided,v. 居住( reside的过去式和过去分词 ); 定居; 驻扎; 属于
residence,"n. 住宅, 居留, 驻扎, 居住期间\n[医] 住房"
residences,n. 住处( residence的复数形式 ); 住宅; 公馆; 居住
residency,"n. 住处\n[法] 住处, 管辖区"
resident,"n. 居民, 常驻程序, 居住者, 留鸟\na. 居留的, 定居的"
residential,"a. 住宅的, 与居住有关的\n[法] 有关居住的, 房产的:居所的, 适于居住的"
residents,n. 居民；房客；住院医生（resident的复数）
resides,v. 居住( reside的第三人称单数 ); 定居; 驻扎; 属于
residing,v. 居住( reside的现在分词 ); 定居; 驻扎; 属于
residual,"a. 残渣的, 剩余的\nn. 残渣, 剩余, 余数"
residue,"n. 残渣, 剩余, 余数\n[化] 残基; 残渣; 残液; 釜液"
residues,"n. 剩余, 余渣( residue的复数形式 ); <律>剩余财产; 剩数"
resign,"vt. 辞职, 放弃, 使顺从\nvi. 辞职, 屈从"
resignation,"n. 辞职, 辞呈, 听从\n[经] 辞职"
resigned,"a. 服从的, 听任的, 已辞职的"
resigning,"v. 辞职, 放弃( resign的现在分词 ); (to)使顺从"
resigns,"v. 辞职, 放弃( resign的第三人称单数 ); (to)使顺从"
resilience,"n. 弹回, 有弹力, 恢复力\n[化] 回弹; 弹性; 弹回性; 回能; 弹能"
resilient,"a. 弹回的, 有弹力的\n[医] 回弹的, 回能的"
resin,n. 树脂\nvt. 涂树脂于
resist,"v. 抵抗, 耐得住, 抵制, 反抗\nn. 防染材料"
resistance,"n. 抵抗力, 反抗, 耐力, 阻力, 电阻\n[化] 抵抗; 抗性; 阻力; 抗药性; 电阻"
resistant,"n. 抵抗者, 反抗者\na. 抵抗的, 反抗的, 耐...的"
resisted,"v. 抵抗, 抗拒（resist的过去式与过去分词形式）"
resisting,[法] 抗拒
resists,v. 使用武力阻止（某事）发生[取得成功]( resist的第三人称单数 ); 抵抗; 对抗; 阻挡
resolute,"n. 果断的人\na. 坚决的, 刚毅的, 毅然的"
resolution,"n. 解析, 决心, 坚定, 决定, 决议, 消除, 解答, 分解\nn. 图形分辨率\n[计] 图形分辨率"
resolutions,n. 分辨率；决心；解决；决议（resolution的复数）
resolve,"vi. 决定, 分解, 决心\nvt. 使分解, 解析, 解决, 消除, 决心\nn. 决定之事, 决心, 坚决"
resolved,"a. 下定决心的, 断然的"
resolves,"n. 决意, 决定( resolve的名词复数 ); （会议等的）决议\nv. 决定, 决心( resolve的第三人称单数 ); 解决（问题、疑问。、困难等）; 分解; （指委员会或集会）表决"
resolving,n. 解析；分解
resonance,"n. 共鸣, 回声, 反响, 谐振, 共振\n[化] 共振; 共鸣"
resonant,"a. 共鸣的, 反响的, 洪亮的, 共振的\n[医] 反响的, 叩响的, 共鸣的, 共振的"
resonate,"v. (使)共鸣, (使)共振"
resort,"n. 度假胜地, 手段, 凭借, 常去之地\nvi. 诉诸, 常去"
resorted,"v. 求助于或诉诸某事物, 采取某手段或方法应急或作为对策( resort的过去式和过去分词 )"
resorting,"v. 求助于或诉诸某事物, 采取某手段或方法应急或作为对策( resort的现在分词 )"
resorts,n. 度假村；度假胜地（resort复数）
resource,"n. 资源, 财力, 办法, 策略, 急智, 消遣\n[计] 资源"
resources,n. 资源；物力（resource的复数）
respect,"n. 尊敬, 尊重, 问候\nvt. 尊敬, 注意, 遵守"
respectable,"a. 值得尊重的, 人格高尚的, 相当数量的\nn. 品格高尚的人"
respected,a. 受尊敬的
respectful,"a. 表示尊敬的, 有礼貌的, 谦恭的"
respectfully,adv. 尊敬地
respecting,"prep. 关于, 鉴于"
respective,"a. 分别的, 各自的"
respectively,"adv. 各自地, 独自地, 个别地, 分别地"
respects,"n. 敬意, 问候"
respiratory,a. 呼吸的\n[医] 呼吸的
respite,"n. 暂缓, 缓期执行\nvt. 使暂缓"
respond,"vt. 以...回答\nvi. 回答, 响应, 回报, 有反应, 承担责任"
responded,"v. 回答, 回报, 响应( respond的过去式和过去分词 ); 有反应; 有效果; 有影响"
respondent,"a. 回答的, 应答的, 反射的\nn. 应答者, 被告"
respondents,"n. <律>（尤指离婚案的）被告( respondent的名词复数 ); 回答问题的人, （尤指）调查对象"
responders,"(responder 的复数) n. 回答者, 响应者, 响应器, 应答机\n[计] 响应站, 应答机"
responding,v. 反应；作答（respond的ing形式）
responds,"v. 回答, 回报, 响应( respond的第三人称单数 ); 有反应; 有效果; 有影响"
response,"n. 反应, 回答, 响应\n[计] 应答"
responses,n. 响应回应
responsibilities,n. 责任；职责（responsibility的复数）
responsibility,"n. 责任, 职责, 负担, 可靠性\n[化] 职责"
responsible,"a. 有责任的, 负责的, 责任重大的\n[法] 应负责任的, 有责任的, 能履行责任的"
responsibly,"adv. 认真负责地, 可信赖地, 可靠地"
responsive,"a. 回答的, 应答的, 易感应的"
rest,"n. 休息, 睡眠, 安息, 稍息, 静止, 支架, 休息处, 其余者, 剩余部分\nvi. 休息, 睡, 长眠, 安心, 静止, 停止, 安置, 依赖\nvt. 使休息, 使支撑, 把...寄托于"
restart,"v. 重新开始, 重新启动\n[计] 重新启动"
restarted,"v. 重新开始, 重新启动( restart的过去式和过去分词 )"
restaurant,"n. 餐馆, 饭店"
restaurants,n. 饭店( restaurant的名词复数 ); 餐馆; 饭馆; 菜馆
rested,a. 精力充沛的；休息得好的
resting,a. 静止的；休眠的
restitution,"n. 归还, 偿还, 赔偿\n[医] 整复, 恢复, 转回(胎头)"
restless,"a. 不安静的, 慌张的, 休息不充分的\n[医] 不安静的, 不宁的"
restoration,"n. 恢复, 归还, 复位\n[医] 恢复, 康复, 复位, 回复, 修复"
restore,"vt. 回复, 恢复, 归还, 修补, 修复\nvt. 还原\nvi. 还原\n[计] 还原; DOS外部命令:从备份盘中取回文件"
restored,a. 精力充沛的；精力恢复的
restoring,a. 恢复的
restrain,"vt. 抑制, 阻止, 束缚\n[法] 抑制, 遏制, 制止"
restrained,"a. 限制的, 拘谨的, 克制的"
restraining,a. 抑制的；遏制的；控制的
restraint,"n. 抑制, 克制, 束缚\n[医] 约束, 拘束"
restraints,n. 抑制( restraint的复数形式 ); 克制; 控制; 约束力
restrict,"vt. 限制, 限定, 约束\n[医] 限制"
restricted,"a. 受限制的, 有限的"
restricting,"n. 扼流；整形, 限制"
restriction,"n. 限制, 限定, 约束\n[计] 限定"
restrictions,n. 限制；限制条件（restriction的复数形式）
restrictive,"a. 限制的, 约束的, 限定的\nn. 限制词"
restricts,v. （以法规）限制( restrict的第三人称单数 ); 约束; 束缚
restroom,n. 洗手间；休息室；更衣室；厕所
restructuring,[计] 重构的
rests,v. 其他
result,"n. 结果, 成绩, 答案\nvi. 产生, 结果, 致使\n[计] 结果"
resultant,"a. 结果的, 合成的\nn. 结果, 合力, 生成物"
resulted,v. 发生( result的过去式和过去分词 ); 导致; 随着发生; 结果发生
resulting,"[计] 结果的, 合成的"
results,n. 结果；成绩（result的复数）
resume,"vt. 重新开始, 取回, 恢复\nvi. 再开始\nn. 摘要, 个人简历\n[计] 继续执行"
resumed,v. 重新开始( resume的过去式和过去分词 ); 重新获得; 重新占用; 恢复
resumes,n. 简历；个人履历（resume的复数）
resumption,"n. 取回, 恢复, 再开始\n[经] 再取回, 恢复, 重新占用"
resurgence,"n. 再起, 复活, 再现"
resurrected,v. 使复活( resurrect的过去式和过去分词 ); 使复苏; 使再活跃; 使再流行
resurrection,"n. 复活, 复兴, 恢复, 掘墓盗尸\n[法] 复活, 恢复, 修复"
ret,vt. 沤软\nvi. 受潮湿腐烂\n[计] 可靠地面终端
retail,"n. 零售\na. 零售的\nvt. 零售, 详述, 传播\nvi. 零售"
retailer,"n. 零售商人, 传播的人\n[经] 零售商"
retailers,"n. 零售商, 零售店( retailer的复数形式 )"
retailing,n. 零售业
retain,"vt. 保持, 保有, 留住, 记得, 付定金聘请\n[经] 保留, 留存"
retained,v. 保持( retain的过去式和过去分词 ); 拦住; 保存; 止住
retainer,"n. 家臣, 侍从, 保持者\n[化] 保持器; 定位器; 隔栅; 隔环; 护圈; 止动器; 止动装置"
retaining,"n. 保留, 保持, 维持防护\nv. 保持( retain的现在分词 ); 拦住; 保存; 止住"
retains,v. 保持( retain的第三人称单数 ); 拦住; 保存; 止住
retake,"vt. 再取, 取回, 重摄\nn. 重拍, 取回"
retaliate,"vt. 报复, 回敬\nvi. 报复, 以牙还牙"
retaliation,"n. 报复\n[法] 报仇, 报复, 回敬"
retard,"n. 阻止, 延迟\nvt. 妨碍, 延迟, 使减速\nvi. 减速, 延迟"
retarded,a. 智力上迟钝的
retention,"n. 保持, 留置, 保留, 保持力, 保留物, 记忆, 停滞, 固位\n[计] 保贸, 保持"
rethink,"v. 再想, 重想"
rethinking,v. 重新考虑或再想( rethink的现在分词 )
retina,n. 视网膜\n[医] 视网膜
retinal,a. 视网膜的\n[化] 视黄醛
retire,"n. 隐居\nvi. 引退, 退役, 退休, 退去, 撤退, 退却\nvt. 使...撤退, 辞退"
retired,"a. 隐退的, 退休的, 退役的\n[经] 退休的, 已收回的"
retirees,"n. 退休者, 退职者, 退役者( retiree的复数形式 )"
retirement,"n. 退休, 隐居, 撤退\n[经] 退休, 退股, (固定资产)报废"
retires,"v. 退职, 退役, （使）退休( retire的第三人称单数 ); 退下; 撤退; 就寝"
retiring,"a. 行将隐退的, 行将退休的, 就寝的"
retreat,"n. 休息寓所, 撤退, 隐居, 退避\nvi. 撤退, 隐退, 向后倾\nvt. 退(棋)"
retreated,v. 撤退( retreat的过去式和过去分词 ); 隐退; 离开; 规避
retreating,[化] 再精制; 再处理
retreats,v. 撤退( retreat的第三人称单数 ); 隐退; 离开; 规避
retribution,"n. 报应, 惩罚, 报酬\n[法] 惩罚, 报应, 报答"
retrieval,"n. 取回, 恢复, 检索\n[计] 检索"
retrieve,"vt. 取回, 挽回, 弥补, 恢复, 补偿, 回忆, 检索\nvi. 找回猎物\nn. 取回, 恢复, 救险球\n[计] 检索"
retrieved,v. 重新取回；恢复；补偿；挽救（retrieved的过去分词）
retro,"n. 制动火箭, 减速火箭；（服装式样等）重新流行"
retrograde,"a. 后退的, 倒退的, 退步的\nvi. 倒退, 退步, 回顾"
retrospect,"n. 回顾, 追忆, 回溯\nv. 回顾, 追忆"
retrospective,"a. 回顾的, 怀旧的, 在后面的\nn. 回顾展"
return,"n. 回来, 返回, 来回票, 归还, 报答, 利润率, 报告书\na. 返回的, 回程的, 报答的, 反向的, 重现的, 复原的\nvi. 返回, 归还, 回来\nvt. 归还, 还, 回报, 产生, 反射, 报告, 申报, 退回\n[计] 返回"
returned,"a. 被送回的, 归来的\n[法] 已回来的, 已归还的"
returning,"v. 归还, 返回, 回复（return的ing形式）"
returns,n. 回报；收益；退货（return的复数）
reuben,n. 鲁宾（男子名）；流便（圣经人物）
reunification,"n. 使重新统一, 使重新团结"
reunion,"n. 团圆, 重聚\n[医] 再连合, 复连[合]"
reunite,v. (使)再联合
reunited,v. 重聚；使再结合（reunite的过去式和过去分词）
reusable,a. 可以再度使用的\n[计] 可重复使用的; 可再用的
reuse,vt. 再使用\nn. 重新使用
reused,a. 再生的
reuters,n. 路透社
rev,"n. 一次回转\nv. 加快转速\n[计] 反转, 周, 转数"
revamp,"vt. 换新鞋面, 修理, 修补, 修改\n[经] 整修, 补, 修改"
revamped,v. 将（某物）更新( revamp的过去式和过去分词 ); 翻新; 改变; 修改
reveal,"vt. 露出, 显示, 透露, 揭露, 泄露, (神)启示\nn. 窗侧, 门侧"
revealed,v. 透露（reveal的过去式）；显示
revealing,"a. 暴露的, 显露的, 揭露的"
reveals,v. 显示( reveal的第三人称单数 ); 揭示; 泄露; [神学]启示
revel,"n. 作乐, 狂欢\nvi. 狂欢作乐, 陶醉, 着迷\nvt. 耗费"
revelation,"n. 揭露, 泄露, 发觉, 默示, 启示"
revelations,n. 显露( revelation的复数形式 ); 被揭露的事; 天启; 出乎意料的事[S][(+to)]
revenge,"n. 报仇, 复仇, 报复\nvt. 报仇, 报复"
revenue,"n. 收入, 岁入, 税收, 税务局\n[经] 岁入, 税收, 税务局"
revenues,n. 收入( revenue的复数形式 ); [复数]总收入; 收入来源; 税务局
revere,"vt. 崇敬, 敬畏, 尊敬"
revered,"v. 崇敬, 尊崇, 敬畏（ revere的过去式和过去分词 ）\na. 可敬的, 尊敬的"
reverence,"n. 尊敬, 敬重, 敬礼, 尊严, 威望\nvt. 崇敬, 敬畏, 尊敬"
reverend,"n. 教士, 大人(对教士的尊称)\na. 应受尊敬的, 教士的"
reversal,"n. 翻转, 颠倒, 反转\n[医] 逆转, 颠倒"
reverse,"n. 相反, 背面, 倒退, 挫折, 失败\na. 反面的, 相反的, 反向的, 颠倒的\nvt. 使颠倒, 使逆转, 使倒退, 使反向\nvi. 倒退, 反向, 倒转, 反转\n[计] 反转"
reversed,"a. 反面的, 相反的, 反向的, 颠倒的\n[法] 被撤销的, 被推翻的"
reversible,"a. 可逆的, 可撤消的\nn. 双面可用织物"
reversing,a. 回动的\n[化] 换向
revert,"vi. 恢复, 复归, 回复, 还原\nvt. 使回复原状, 使回转\nn. 恢复原信仰的人\n[计] 还原"
reverted,v. 恢复( revert的过去式和过去分词 ); 重提; 回到…上; <律>归还
review,"n. 检讨, 复习, 回顾, 检阅, 评论\nvt. 温习, 检讨, 评论, 再检察, 复审\nvi. 复习功课, 写评论"
reviewed,v. 评估；复习；评论；检讨（review的过去分词形式）
reviewer,"n. 评论者, 书评作者, 评论家, 剧评家, 报刊评论家"
reviewers,n. 评论家( reviewer的复数形式 )
reviewing,"v. 检验( review的现在分词 ); 复查; 写…的评论文章; 复习功课, 温习功课"
reviews,n. 评论；综述；复核；复习（review的复数）
revise,"n. 校订, 修正, 改样\nvt. 校订, 修正, 校正"
revised,a. 改进的
revising,v. 修订( revise的现在分词 ); 改变; 修正; [主英国英语]复习
revision,"n. 校订, 修正, 修订本, 修订版\n[计] 修订版"
revisions,"n. 校订, 修正；复习（revision的复数形式）"
revisit,"vt. 再访, 重游, 重临\nn. 再访问"
revisited,"v. 再访问, 再参观( revisit的过去式和过去分词 )"
revival,"n. 复兴, 复活, 恢复精神, 苏醒\n[医] 复苏, 回生, 精神重振"
revive,"vt. 使苏醒, 使复兴, 使振奋, 回想起, 重播\nvi. 苏醒, 复活, 复兴, 恢复精神"
revived,"a. 复活的, 再生的"
reviving,返青
revoke,"vt. 撤回, 废除\nvi. 藏牌\nn. 藏牌\n[计] 取消权限程序"
revoked,"a. [法]取消的\nv. 撤销, 取消, 废除( revoke的过去式和过去分词 )"
revolt,"n. 叛乱, 反抗, 反感\nvi. 叛乱, 反抗, 起义, 厌恶, 反感\nvt. 使反感, 使恶心"
revolution,"n. 革命, 大变革, 旋转, 转数, 循环\n[化] 回转"
revolutionaries,"n. 革命者, 革新者( revolutionary的复数形式 )"
revolutionary,"n. 革命者, 革命党人\na. 革命的, 革命性的"
revolutions,"n. 革命, 转数（revolution的复数形式）"
revolve,"v. (使)旋转, 反复考虑, 循环出现"
revolver,n. 左轮手枪\n[化] 旋转炉
revolves,v. （使）旋转( revolve的第三人称单数 ); 细想
revolving,"a. 回转的, 旋转的, 旋转式的\n[经] 循环, 周转"
reward,"n. 报酬, 酬谢, 赏金\nvt. 奖赏, 酬谢, 给...应有报应"
rewarded,"v. 酬谢, 奖赏( reward的过去式和过去分词 )"
rewarding,"a. 有益的, 有报酬的, 报答的"
rewards,n. 奖励；奖品（reward的复数）
rewind,vt. 重绕\nn. 重绕\n[计] 反绕
reworked,"v. 改编, 把…加工成新的形式( rework的过去式和过去分词 )"
rewrite,"vt. 重写, 改写, 改写新闻, 书面答复\nvi. 修改旧作\nn. 改写的作品\n[计] 重写"
rewriting,n. 改写；重写
rewritten,v. 重写；改写（rewrite的过去分词形式）
rex,n. 雷克斯（男子名）；国王；君主
rey,"n. 雷伊（男子名, 姓氏）"
reyes,n. 雷耶斯（男子名）
reynolds,n. 雷诺兹（姓氏）
rf,"射频, 测距计, 测远仪\n[计] 射频"
rg,abbr. 角速度陀螺仪（Rate Gyroscope）；巴西航空（Brazilian Airlines）
rgb,"n. （red, green, blue）红绿兰颜色表示法"
rh,[计] 报表头
rhetoric,"n. 修辞, 修辞学, 雄辩(术)"
rhetorical,"a. 修辞学的, 符合修辞学的, 修辞的"
rhine,n. 莱茵河
rhino,"n. 钱, 现金, 犀牛"
rhinos,n. 犀牛（rhino的复数形式）
rhode,n. 罗德岛
rhodes,n. 罗兹岛（希腊东南端佐泽卡尼索斯群岛中最大的岛屿）；罗兹市（罗兹岛上的港口城市）
rhodesia,罗得西亚(津巴布韦的旧称)[非洲]
rhyme,"n. 韵, 押韵, 韵文\nvi. 押韵\nvt. 使押韵, 用韵诗表达"
rhymes,n. 尾韵；押韵（rhyme的复数）
rhys,里斯（男子名）
rhythm,"n. 旋律, 节奏, 韵律, 匀称, 张弛节律\n[医] 节律"
rhythmic,"a. 有韵律的, 有节奏的"
rhythms,n. 节奏( rhythm的复数形式 ); 规则变化; 规律; 节律
ri,[化] 放射性同位素
rib,"n. 肋骨, 肋状物, 笑话\nvt. 装肋状物于, 戏弄"
ribbon,"n. 缎带, 色带, 带状物\nvt. 用丝带装饰, 把...撕成条状\nvi. 形成带状\n[计] 带状条, 格式栏"
ribbons,n. 带( ribbon的复数形式 ); （打印机的）色带; 绶带; 带状物
ribs,n. 肋骨；排骨（rib的复数）
ric,abbr. 英国皇家化学学会（Royal Institute of Chemistry）
rica,n. 黎加（人名）
ricardo,里卡多(姓氏)
rice,"n. 米, 米饭, 稻\nvt. 将...压成米粒状"
rich,"a. 富裕的, 富饶的, 浓厚的, 贵重的"
richard,n. 理查德（男子名）
richards,n. 理查兹（姓氏）
richardson,n. 理查森（姓氏）
richer,a. 更富有的
riches,"pl. 财富, 财产, 富有\n[经] 财富, 财宝, 房地产"
richest,深的\n富裕的\n强烈的（rich的最高级）
richie,n. 里奇（男子名）
richly,"adv. 富裕地, 丰富地, 充分地"
richmond,n. 里士满（美国弗吉尼亚首府）
richness,"n. 富裕, 丰富, 肥沃"
richter,n. 里克特（姓氏）
rick,n. 草堆\nvt. 把...堆成垛
ricky,"n. 里基（男子名, 等于Rick, Rickie）"
rico,abbr. 反诈骗腐败组织集团犯罪法（Racketeer Influenced and Corrupt Organizations Act）
rid,"vt. 免除, 以...清除, 使获自由, 使摆脱\n[法] 免除, 清除, 摆脱"
ridden,"ride的过去分词\n[法] 受折磨的, 受虐待的, 受支配的"
riddle,"n. 谜, 谜语, 粗筛\nvt. 解谜, 给...出谜, 筛, 寻根究底地检验, 充满于\nvi. 出谜"
riddled,"a. 布满的; 充斥的; 泛滥的\nv. 解谜, 出谜题(riddle的过去分词形式)"
ride,"n. 骑马, 乘坐, 乘车, 搭便车\nvt. 骑, 乘坐, 压迫, 控制\nvi. 骑马, 乘车, 漂游"
rider,"n. 骑手, (文件后的)附件, 扶手\n[化] 游码"
riders,n. 骑（马、自行车等）的人( rider的名词复数 ); 乘客; 附文; 附加条款
rides,n. 座骑（ride的复数）
ridge,"n. 脊, 山脊, 山脉\n[医] 嵴, 脊, 棱线"
ridges,n. 带钢单向皱纹
ridicule,"n. 嘲笑, 愚弄, 笑柄\nvt. 嘲笑, 嘲弄, 愚弄"
ridiculed,"v. 嘲笑, 嘲弄, 奚落( ridicule的过去式和过去分词 )"
ridiculous,"a. 荒谬的, 可笑的"
ridiculously,"adv. 可笑, 滑稽, 荒谬"
riding,"n. 骑, 乘车, 乘, 骑术, 骑马"
ridley,n. [动] 鳞龟属(=Lepidochelys)动物 (产于墨西哥湾)
rife,"a. 流行的, 盛传的, 充满的"
riff,n. 连复段
riffs,n. 即兴重复段( riff的名词复数 )
rifle,"n. 来复枪, 步枪\nvt. 用步枪射击, 抢夺\nvi. (抱有不良意图)迅速翻查"
rifles,n. 来福枪；卡宾枪；步枪（rifle复数）
rift,"n. 裂口, 空隙\nvi. 裂开\nvt. 使分开, 使割开"
rig,"n. 装备, 帆装\nvt. 装配, 装扮, 给船装帆, 垄断, 操纵"
rigged,"a. 作弊的, 非法操纵的"
rigging,"n. 索具, 装备\n[经] 提价"
riggs,里格斯（人名）
right,"n. 权利, 右边, 正义, 右派, 公正\na. 正确的, 对的, 恰当的, 正常的, 正直的, 正面的, 右方的\nadv. 正确地, 以有利结果, 一直, 直接, 向右\nvt. 扶直, 整理, 纠正, 伸冤, 使昭雪\nvi. 恢复平衡\n[计] 右, 权利"
righteous,"a. 公正的, 正义的, 正直的\n[法] 正直的, 正当的, 正义的"
righteousness,"n. 正义, 公正, 正直"
rightful,"a. 合法的, 正直的, 恰当的\n[法] 正当的, 合法的, 依法有求权的"
rightfully,adv. 正当地；正直地
rightly,"adv. 合适地, 正当地, 正确地"
rights,"n. 正当权利\n[计] 权限, 权限程序"
rigid,"a. 坚硬的, 刚性的, 严格的, 精密的, 刻板的"
rigorous,"a. 严厉的, 严酷的, 严格的, 苛刻的, 严密的, 精确的"
rigs,n. 船桅（或船帆等）的装置( rig的名词复数 ); 成套器械\nv. 给（船、桅杆）装配帆及索具( rig的第三人称单数 ); 用临时替代材料迅速搭起; （用不正当手段）操纵; 垄断
rihanna,n. [人名]蕾哈娜
riley,a. 生气的
rim,"n. 边, 轮缘, 框\nvt. 镶边, 为...装边\nvi. 形成边缘"
rims,[计] 远程信息管理系统
rin,abbr. 相对强度噪声（Relative Intensity Noise）；报告识别号码（report identification number）
ring,"n. 环, 环形物, 拳击场, 戒指, 角逐, 小集团, 铃声, 钟声, 声调\nvt. 包围, 套住, 按铃, 敲钟\nvi. 成环形, 响, 鸣, 按铃, 敲钟, 回响"
ringing,"a. 响亮的, 明白的, 清脆的, 干脆的\n[电] 振铃"
ringo,n. 张灵康（男子名）
rings,n. 吊环（ring的复数）
rink,"n. 溜冰场, 室内溜冰场\nvi. 溜冰"
rinse,"n. 清洗, 染发, 染发剂\nvt. 以清水冲洗, 漱, 漂清\nvi. 被漂净"
rio,n. 里约（巴西共和国的旧首都）
riot,"n. 暴动, 喧闹, 放纵\nvi. 发动, 暴动, 纵情, 放荡\nvt. 浪费, 挥霍"
rioting,"n. 暴乱, 骚乱\nv. 暴动, 闹事( riot的现在分词 )"
riots,"n. 暴乱( riot的名词复数 ); 骚乱; 极度丰富; 非常有趣的人（或事）\nv. 暴动, 闹事( riot的第三人称单数 )"
rip,"n. 裂痕, 破绽, 拉裂, 浪子, 巨浪\nvi. 被拉开, 裂开, 猛冲\nvt. 撕, 扯, 劈"
ripe,"a. 成熟的, 熟练的, 成年的\n[医] 成熟的"
ripley,n. 里普利（男子名）；天才雷普利（歌曲名）
ripped,a. [美俚]喝醉的；受毒品麻醉的
ripper,n. 撕裂者
ripping,"a. 撕的, 绝妙的\nadv. 极, 非常"
ripple,"n. 涟波, 涟漪, 波纹, 粗钢梳\nvt. 使起涟漪\nvi. 起微波, 起潺潺声"
rips,"v. 扯破, 撕坏( rip的第三人称单数 ); 撕成; 锯; 猛地扯开"
rise,"n. 上升, 增加, 上涨, 高地, 升高, 出现\nvi. 升起, 起身, 起立, 上升, 上涨, 增长, 高耸, 起义, 浮现\nvt. 使飞起"
risen,"a. 升起的, 复活的\nrise的过去分词"
rises,v. 价格上涨；（日、月、星）升起；起身（rise第三人称单数）
rising,"n. 上升, 造反, 叛乱\na. 上升的, 高涨的, 新兴的"
risk,"n. 冒险, 危险, 保险额\nvt. 冒...的危险, 冒险干"
risked,vt. 冒…的危险（risk的过去式与过去分词形式）
risking,vt. 冒…的危险（risk的现在分词形式）
risks,"n. 风险, 危险（risk复数）"
risky,a. 危险的
rita,n. 丽塔（女子名）
ritchie,n. 里奇（姓氏）
rite,"n. 仪式, 典礼, 惯例, 礼拜式"
rites,n. 仪式（rite的复数）
ritual,"n. 仪式, 典礼, 宗教仪式\na. 仪式的, 依仪式进行的"
rituals,"n. （宗教等的）仪式( ritual的复数形式 ); 例行公事, 老规矩"
ritz,n. 豪华旅馆
rival,"n. 对手, 竞争者\na. 竞争的"
rivalries,"n. 敌对, 竞争, 对抗( rivalry的名词复数 )"
rivalry,"n. 竞争, 对抗\n[医] 拮抗"
rivals,n. 竞争对手( rival的名词复数 )
river,"n. 河, 江\n[法] 河流, 江河, 内河"
rivera,"n. 里韦拉（乌拉圭北部最重要的边境城市, 里韦拉省首府）"
rivers,n. 里弗斯（人名）；河流州（尼日利亚州名）；河水钻
riverside,"n. 河边, 河畔"
riviera,n. 海滨游憩胜地
riyadh,n. 利雅得（阿拉伯半岛中部的城市）
rj,abbr. 交叉路口（road junction）
rl,[计] 现实社会
rm,"[计] 识别方式, 资源管理程序, 删除\n[化] 标准物质"
rn,"(英国)皇家海军, 注册护士\n[计] 新闻阅读程序"
rna,[医] 核糖核酸
ro,[计] 只接收
roach,n. 斜齿鳊\nvt. 使成凹状
road,"n. 路, 道路, 公路, 途径, 方法\n[法] 公路, 道路, 行车道"
roadmap,n. 路标
roads,n. 开敞或半开敞锚地；道路（road的复数）
roadside,"n. 路旁, 路边\na. 路边的"
roadway,"n. 车道, 道路, 轨道\n[法] 道路, 路面, 快车道"
roam,"v. 漫游, 闲逛, 徜徉\nn. 漫步, 漫游"
roaming,"[计] 移动, 移象, 漫游"
roar,"n. 吼, 咆哮, 轰鸣\nvi. 吼, 大声说出, 叫喊, 喧闹\nvt. 呼喊, 使轰鸣"
roaring,"n. 吼声, 咆哮, 怒吼\na. 风哮雨嚎的, 咆哮的, 轰鸣的, 喧哗的, 狂暴的"
roast,"n. 烤肉, 烘烤, 嘲笑\na. 烘烤的, 烤过的\nvt. 烤, 炙, 烘焙, 嘲笑\nvi. 烤, 炙, 烘焙"
roasted,a. 烤的
roasting,a. 非常热的\nadv. 非常热地
rob,"v. 抢夺, 抢掠, 剥夺"
robb,n. 罗伯（姓氏）
robbed,v. 抢夺( rob的过去式和过去分词 ); 抢劫; 掠夺; 使丧失
robber,"n. 强盗, 盗贼"
robberies,n. 抢劫案( robbery的名词复数 ); 明抢; 敲竹杠; 明目张胆地索取高价
robbers,n. 盗贼（robber的复数形式）
robbery,"n. 抢掠, 抢夺\n[法] 强盗, 抢劫, 劫掠"
robbie,n. 罗比（男子名）
robbing,n. 回采矿柱
robbins,"罗宾斯(①姓氏 ②Frederick Chapman, 1916-, 美国医学家, 曾获1954年诺贝尔生理学-医学奖)"
robe,"n. 宽松长袍, 礼服, 披肩, 覆盖物\nv. (给)穿长袍"
robert,[法] 警察
roberta,n. 罗伯塔（女子名）
roberto,n. 罗伯托（人名）
roberts,n. 罗伯茨（姓氏）
robertson,n. 罗伯森（姓氏）
robes,n. 礼服；长袍
robin,n. 旅鸫\n[医] 刺槐毒素
robinson,n. 罗宾逊（男子名）
robo,n. [宗]无袖长衫；妇女儿童穿用的连衣裙
robot,"n. 机械人, 自动机械, 机械般工作的人\n[计] 机器人; 自动机"
robotic,"a. 自动的；机器人的, 像机器人的"
robotics,"[计] 机器人学, 自动机工程学"
robots,n. 机器人（robot的复数形式）
robson,n. 罗布森街（位于温哥华）；罗伯森（姓氏）
robust,"a. 健康的, 强健的, 要用力气的, 坚定的, 粗野的\n[计] 健壮性"
robyn,"n. (Robyn)人名；(法)罗宾；(英)罗宾, 萝宾(女名)"
roc,"n. 大鹏, 大鹏式制导炸弹"
rocco,"n. 罗科（男子名, 姓氏）"
roche,n. 瑞士罗氏（制药企业）
rochelle,n. 罗谢尔(f.)
rochester,n. 罗契斯特市（美国明尼苏达州一城市）；罗契斯特市（美国纽约州港市）；罗契斯特市（英国东南部一城市）
rock,"n. 岩石, 岩礁, 石头, 基石, 暗礁, 摇动, 摇滚乐\nvt. 摇摆, 摇动, 使摇晃, 使动摇\nvi. 摇, 摇动"
rocked,"v. （使）来回摆动( rock的过去式和过去分词 ); 使震惊, 使受震动"
rockefeller,洛克菲勒(姓氏)
rocker,"n. 摇的人, 摇杆\n[电] 摇杆"
rockers,n. 摇篮；摇摆物（rocker的复数形式）
rocket,"n. 火箭, 烟火\nvi. 急升, 猛涨, 飞驰\nvt. 用火箭运载"
rockets,n. 休斯敦火箭队（篮球队名）
rockford,n. 罗克福德（美国一城市）
rockies,n. 落基山脉
rocking,"a. 摇摆的, 摇动的\n[电] 摇移"
rocks,"n. 岩石, 岩礁；岩石礁石（rock复数形式）"
rockstar,摇滚歌星（游戏名）
rockwell,n. 罗克韦尔（美国公司）；洛克威尔（姓氏）
rocky,"a. 岩石的, 多石的, 像岩石的, 无情的, 摇动的, 摇晃的"
rod,"n. 竿, 笞鞭, 小枝\n[化] 棒"
rode,ride的过去式
rodent,"a. 咬的, 啮齿类的\nn. 啮齿动物"
rodents,"n. 啮齿动物, 啮齿类"
rodeo,n. 竞技表演\n[经] 牛市场
rodgers,n. 罗杰斯（人名）
rodney,n. 罗德尼（男子名）
rodrigo,n. 罗德里戈（歌曲名称）
rodriguez,n. （西）罗德里格斯（姓氏）
rods,n. 棒条体；鱼竿（rod的复数）
roe,"n. 狍, 鱼子, 鱼卵\n[医] 鱼卵, 牝鹿"
roger,"interj. 对!, 行!, 好!"
rogers,n. 罗杰斯（姓氏）；乐爵士（英国一家音箱生产厂）
rogue,"n. 恶棍, 流氓, 小淘气\nvt. 欺骗\nvi. 游手好闲"
rohan,n. 罗翰（人名）
roi,abbr. 投资回收率（return on investment）；利润率（Rate of Interest）
roland,n. 罗兰（男子名）
role,"n. 角色, 职责, 任务\n[医] 作用, 功用"
roles,"n. 人物；角色；任务, 作用（role的复数形式）"
rolex,n. 劳力士手表（瑞士手表品牌）
rolf,vt. 对…进行罗尔夫氏按摩；把…呕吐出
roll,"n. 卷, 滚动, 名单, 案卷, 压路机\nvi. 滚, 滚动, 飘流, 起伏, 卷, 绕\nvt. 使滚动, 卷, 绕"
rolled,"a. 辗压的, 辊轧的, 轧制的"
roller,"n. 滚筒, 滚轴, 压路机\n[化] 滚柱; 托辊"
rollercoaster,n. 过山车
rollers,"n. 压路机, 长涌群；辊轴支架；滚筒；滚轴（roller的复数形式）"
rollin,n. 转入（返回）\nn. (Rollin)人名；(英、德、西、意、葡、瑞典、芬)罗林；(法)罗兰
rolling,"a. 旋转的, 波动的, 起伏的\nn. 旋转, 轰响, 动摇"
rollins,n. (Rollins)人名；(英、意)罗林斯
rolls,n. 面包卷；捆；卷轴；辊碎机；滚动（roll的复数）
rom,只读存储器\n[计] 只读存储器
roma,"n. 罗马, 罗马帝国"
roman,"n. 罗马人\na. 罗马人的, 罗马的"
romance,"n. 冒险故事, 浪漫史, 传奇文学\nvi. 写传奇, 作空想, 虚构"
romances,n. 浪漫史( romance的名词复数 ); 爱情小说; 恋爱; 传奇色彩
romania,n. 罗马尼亚
romanian,"n. 罗马尼亚人, 罗马尼亚语\na. 罗马尼亚的"
romans,n. 《罗马书》（《圣经·新约》中的一卷）
romantic,"a. 浪漫的, 风流的, 传奇性的, 夸大的, 空想的, 浪漫派的"
romantically,"adv. 浪漫地, 小说般地, 空想地"
rome,n. 罗马
romeo,n. 一种男式室内便鞋
romero,罗梅罗（人名）
romney,"n. 罗姆尼羊(英国种肉用羊,毛粗长,适应沼泽地区)"
ron,abbr. 研究法辛烷值（Research Octane Number）
ronald,n. 罗纳德（男子名）
ronaldo,n. 罗纳尔多（男子名、姓氏）
ronnie,n. 罗尼（男子名）；罗妮（女子名）
roo,n. [动]袋鼠
roof,"n. 屋顶, 室顶\nvt. 给...盖屋顶, 遮蔽"
roofing,n. 盖屋顶
roofs,n. 屋顶( roof的名词复数 ); (1)顶板(2)顶（巷道）; 有…顶的; 洞顶
rooftop,n. 屋顶
rook,"n. (象棋)车, 骗子\nvt. 骗"
rookie,n. 新手
rookies,"n. 新成员, 新手( rookie的复数形式 )"
room,"n. 房间, 空位, 场所\nvi. 住宿, 居住\nvt. 留宿"
roommate,n. 住在同室的人
roommates,"n. <英>室友, 住在同室的人( roommate的复数形式 ); <美>同住一屋（一套公寓等）的人"
rooms,n. 空间；房间（room的复数）
rooney,n. 鲁尼（男子名）
roosevelt,"罗斯福( ①姓氏 ②Franklin Delano, 1882-1945, 于1933-1945任美国第32任总统 ③Theodore, 1858-1919, 于1901-1909任美国第26任总统,曾获1906年诺贝尔和平奖)"
rooster,"n. 公鸡, 栖息的鸟\n[机] 炉篦"
root,"n. 根, 根本, 根源, 基础, 底部\nvt. 使扎根, 使固定, 根除, 肃清, 搜出, 用鼻拱\nvi. 生根, 固定, 源于, 用鼻拱土, 寻找, 捧场, 支持"
rooted,"a. 生根的, 有根的, 根深蒂固的"
rooting,[计] 求根
roots,"n. 乡土感情, 归根之情"
rope,"n. 绳, 索, 粗绳, 绞索, 决窍\nvt. 捆, 缚, 绑, 圈起, 以绳将...系住\nvi. 拧成绳状"
ropes,n. 围绳；绳索（rope的复数）
rory,n. 罗里(m.)
ros,abbr. 只读存储器（Read-Only-Storage）；活性氧（Reactive oxygen species）
rosa,"[医] 蔷薇, 玫瑰"
rosario,罗萨里奥[阿根廷东部港市]
rosary,"n. 玫瑰园, 玫瑰花坛\n[医] 串珠形构造, 串珠"
rose,"n. 玫瑰, 蔷薇, 玫瑰色\na. 玫瑰色的, 玫瑰花的\nvt. 使成玫瑰色\nrise的过去式"
rosemary,n. 迷迭香\n[化] 迷迭香
rosen,n. 罗斯（姓氏）
rosenberg,n. 罗森伯格（姓氏）
roses,n. 玫瑰（rose的复数）
rosie,n. 罗西（女名）
ross,n. 罗丝（女性名）
rossi,n. 罗西（意大利姓氏）
roster,n. 花名册
rosy,"a. 蔷薇色的, 玫瑰红色的"
rot,"n. 腐烂, 腐蚀, 败坏\nvi. 腐烂, 烂, 堕落, 憔悴\nvt. 使腐烂, 使腐朽, 使堕落"
rotary,"a. 旋转的, 轮流的\nn. 旋转式机器"
rotate,"a. 辐状的\nvt. 使旋转, 使转动, 使轮流\nvi. 旋转, 循环\n[计] 旋转"
rotated,v. （使某物）旋转[转动]( rotate的过去式和过去分词 ); （使某人或某物）轮流[按顺序循环]
rotating,"[医] 旋转的, 转动的"
rotation,"n. 旋转, 循环, 轮流\n[计] 旋转"
rotational,"a. 转动的, 轮流的"
rotations,n. 旋转( rotation的复数形式 ); 转动; 轮流; 轮换
roth,n. 罗斯（姓氏）
rotherham,n. 罗瑟勒姆（地名）
rothschild,n. 闻名的犹太财阀\nn. (Rothschild)人名；(德、匈、罗、以、法、瑞典、荷)罗特席尔德；(英)罗思柴尔德
rotor,"n. 转子, 旋筒, 转动体\n[化] 转鼓; 转轴"
rotten,"a. 腐烂的, 恶臭的, 堕落的, 风化的, 虚弱的\n[经] 腐烂的, 堕落的"
rotterdam,[经] 鹿特丹
rotting,"vt. 深蚀刻；腐败, 腐坏之（rot的现在分词形式）"
rouge,"n. 口红, 胭脂\nv. 擦口红"
rough,"n. 粗糙的东西, 毛坯, 未加工品, 梗概, 草图, 暴徒, 艰难\na. 粗糙的, 粗暴的, 蓬乱的, 草率的, 大致的, 简陋的, 暴风雨的, 艰难的\nvt. 使粗糙, 使不平, 使蓬乱, 粗制, 草拟, 粗暴对待, 对...动粗\nvi. 变粗糙\nadv. 粗糙地, 粗暴地"
roughly,"adv. 概略地, 粗糙地, 粗暴地"
roulette,"n. 轮盘赌, 点线机, 骑缝线"
round,"n. 圆, 圆形物, 巡回, 循环, 一轮, 一回合, 一局, 范围, 轮唱\na. 圆的, 球形的, 丰满的, 肥胖的, 完全的, 大概的, 完美的, 圆润的\nprep. 围着, 附近, 绕过, 在...周围\nadv. 围绕着, 在周围, 迂回地, 挨个, 朝反方向\nvt. 弄圆, 使成圆形, 绕行, 完成, 围捕, 把...四舍五入\nvi. 变圆, 发胖, 环行, 拐弯, 进展"
roundabout,"a. 迂回的, 委婉的\nn. 迂回路线"
rounded,"a. 圆形的, 滚圆的, 完整的, 圆润的"
rounder,"n. 巡行者, 看夜人, 巡官, (美)(非正式)浪荡子, 惯犯, 酒鬼"
rounding,[计] 舍入\n[化] 倒圆
rounds,n. 圆形物；旋转；巡视；循环（round的复数）
roundtable,"a. 圆桌的, 圆台"
roundup,"n. 驱集, 集拢, 综述"
rouse,"n. 觉醒, 奋起, 干杯\nvt. 唤醒, 鼓舞, 激动, 使振奋, 惊起\nvi. 醒来, 奋起"
rout,"n. 溃败, 大败, 乌合之众, 盛大晚会\nvt. 使溃败, 使败逃, 打垮, 用鼻拱, 挖起, 搜, 唤起\nvi. 用鼻拱地, 搜"
route,"n. 路径, 途径, 路线\nvt. 确定路线, 按规定路线发送\n[计] 传递, 路由设定程序"
routed,n. 已选择路径
router,[计] 路由器
routes,"n. 线路；路由, 路径"
routine,"n. 常规, 日常工作, 惯例, 例行公事\na. 日常的, 常规的\n[计] 例程"
routinely,"adv. 日常, 乏味, 常规, 例行"
routines,"n. 日常生活；日常活动；常规, 惯例（routine的复数）"
routing,[计] 路由选择; 布线
routledge,"n. 劳特利奇（姓氏, 出版社名称）"
rover,"n. 漂泊者, 流浪者, 海盗\n[法] 流浪者, 海盗, 海盗船"
rovers,"n. 巡游者, 海上掠夺(rover的复数形式)"
row,"n. 排, 行, 街道, 划船, 吵闹\nvt. 使成排, 划, 划船, 参加(赛船), 痛骂\nvi. 划船, 划动, 争吵\n[计] 行"
rowan,n. 花楸树
rowdy,n. 好吵闹的人\na. 吵闹的
rowe,n. 罗（姓氏）
rower,n. 桨手
rowing,n. 划船
rowland,n. 罗兰（男子名）
rowling, [人名] [英格兰人姓氏] 罗林 Rollo的昵称
rows,n. 返回引用中的行数；行（row的复数形式）
roxy,[计] 代理主机
roy,n. 罗伊（男子名）
royal,"n. 王室, 皇族\na. 王室的, 皇家的, 盛大的, 庄严的"
royale,n. 蛋糕饰块（用作汤中饰菜）
royals,n. 王室成员( royal的复数形式 )
royalties,n. 版税；稿酬（royalty的复数形式）
royalty,"n. 皇室, 王族成员, 王权, 特权阶层, 庄严\n[经] 特许权, 使用费, 使用税"
royce,n. 罗伊斯（姓氏）
rp,[计] 阅读器/打印机
rpg,[计] 报表程序的生成程序
rpm,n. 每分钟转数\n[电] 转/每分
rr,abbr. 无线电航向信标（Radio Range-beacon）；雷达测距（Radar Ranging）；无线电接受器（Radio Receptor）；连流继电器（Reverse Relay）；阻力比（Resistance Ratio）
rs,"[计] 实寄存器, 寄存器和存储器, 复位"
rsa,abbr. 南非共和国（Republic of South Africa）；英国皇家艺术学会（Royal Society of Arts）；无线电操作人员协会（Radio Service Men Association）；英国转播事业协会（Relay Services Association of Great Britain）
rss,"abbr. 和的平方根（root-sum square）；[拉]英国皇家学会会员（Regiae Societatis Socius, 等于fellow of the royal society）"
rt,"[计] 实时, 接收终端, 运行时间"
rts,"[计] 实时操作系统, 实时仿真, 远程终端系统, 请求发送"
ru,[计] 请求回答单元\n[医] 钌(44号元素)
rub,"n. 摩擦, 困难, 障碍, 磨损处\nvt. 擦, 搓, 摩擦, 惹怒\nvi. 摩擦, 擦破"
rubbed,v. 摩擦；搓；擦（rub的过去式和过去分词）
rubber,"n. 橡皮, 橡胶, 做摩擦动作的人, 按摩师, 决胜盘\nvt. 用橡胶制造, 涂橡胶于"
rubbing,"n. 摩擦, 研磨, 摹拓\n[化] 打磨"
rubbish,"n. 废物, 垃圾, 胡说"
rubble,"n. 粗石, 碎砖, 粗石堆"
ruben,"n. 鲁本（男子名, 等于Reuben）"
rubin,"[医] 品红, 复红"
rubio, [地名] [玻利维亚、古巴、美国、墨西哥、委内瑞拉、西班牙] 鲁维奥
rubs,v. 擦( rub的第三人称单数 ); 擦掉; 涂; （使）相互磨擦
ruby,"n. 红宝石, 深红色\na. 红宝石色的, 深红色的\nvt. 使带红宝石色"
rudd,n. 红眼鱼
rudder,"n. 舵, 方向舵, 指导原则"
rude,"a. 粗鲁无礼的, 粗陋的, 粗暴的, 原始的, 未开化的, 大略的, 崎岖不平的, 狂暴的"
rudimentary,"a. 基本的, 起码的, 初步的, 发展不完全的, 残留的, 退化的\n[医] 原基的, 未成熟的; 残遗的, 已退化的"
rudolph,n. 鲁道夫（男子名）
rudy,"n. 鲁迪（男子名, Rudolf的昵称）"
rue,"n. 懊悔, 后悔, 芸香\nv. 后悔, 悲伤, 懊悔"
rufus,n. 鲁弗斯（男子名）
rug,"n. 小块地毯, 揭露某人"
rugby,"n. 橄榄球, 橄榄球赛"
rugged,"a. 高低不平的, 崎岖的, 粗糙的"
rugs,n. 地毯；毯子（rug的复数）
ruin,"n. 毁灭, 推翻, 废墟\nvi. 毁灭, 衰败, 破坏, 破产, 堕落\nvt. 使毁灭, 毁坏, 使破产"
ruined,"a. 毁灭的, 没落的, 荒废的"
ruining,v. 破坏( ruin的现在分词 ); 毁掉; 使破产; 使沦落
ruins,"n. 虚墟, 遗迹"
ruiz,鲁伊斯（人名）
rule,"n. 规则, 统治, 控制, 支配, 规律, 标准, 章程, 破折号, 铅线\nvt. 规定, 统治, 管理, 控制, 支配, 裁决\nvi. 统治, 管辖, 裁定\n[计] 规则, 水线"
ruled,a. 有横隔线的；有直线行的；受统治的
ruler,"n. 统治者, 管理者, 尺, 直尺\nn. 划线板\n[计] 标尺"
rulers,n. 尺( ruler的复数形式 ); 直尺; 统治者; 支配者
rules,n. 规则；条例（rule的复数形式）
ruling,"n. 判决, 裁定, 统治\na. 统治的, 支配的, 普遍的"
rulings,"n. 裁定, 规定( ruling的复数形式 )"
rum,"n. 朗姆酒\na. 古怪的, 奇特的"
rumble,"n. 隆隆声, 辘辘声\nvi. 发隆隆声, 辘辘响\nvt. 使隆隆响, 低沉地说"
rumor,"n. 谣言, 传闻\nvt. 谣传"
rumored,"a. 传闻的, 谣传的"
rumors,n. <美>传闻( rumor的名词复数 ); [古]名誉; 咕哝; [古]喧嚷\nv. <美>传闻( rumor的第三人称单数 ); [古]名誉; 咕哝; [古]喧嚷
rumour,"n. 谣言, 传闻\nvt. 谣传"
rumours,n. 传闻( rumour的名词复数 ); 风闻; 谣言; 谣传
run,"n. 跑, 赛跑, 奔跑, 奔跑的路程, 趋向, 流出, 运转时间, 连续\nvi. 跑, 奔跑, 跑步, 赛跑, 竞赛, 行驶, 运转, 进行, 蔓延\nvt. 使跑, 参赛, 追究, 驾驶, 开动, 管理, 经营, 使流出, 运行\na. 熔化的, 融化的, 浇铸的\nrun的过去式和过去分词\n[计] 运行"
runaway,"n. 逃跑, 逃走的人, 逃亡, 压倒性的优胜\na. 逃亡的, 逃走的"
rundown,"n. 裁减, 梗概, 夹杀出局"
rung,"n. (梯子)踏步, 横档, 轮辐, 粗棍\nring的过去分词"
runner,"n. 跑步者, 赛跑者, 送信人, 走私船, 操作者, 滑槽\n[化] 碾碎机; 压碎机"
runners,n. 滑行装置；页边行数；奔跑者；走私船（runner的复数形式）
running,"n. 赛跑, 流出, 运转\na. 流动的, 跑着的, 连续的"
runoff,"n. 径流(量), 决赛, 决定性竞选"
runs,n. 顺串；泻肚子；流量（run的复数形式）
runway,"n. 跑道, 河床, 过道\n[化] 单轨架空道; 吊车道"
runways,n. （机场的）跑道( runway的复数形式 )
rupees,n. （印度、巴基斯坦、斯里兰卡等国的货币单位）卢比( rupee的复数形式 )
rupert,n. 鲁珀特（男子名）
rupture,"n. 破裂, 断裂, 裂开, 决裂, 不和\nv. (使)破裂"
ruptured,a. 破裂的
rural,"a. 乡下的, 田园的, 乡村风味的\n[法] 农村的, 乡村的, 有关农业的"
ruse,"n. 计策, 谋略, 诡计\n[法] 诡计, 计策"
rush,"n. 匆促, 冲进, 急流, 灯心草\nvi. 冲, 奔, 闯, 赶紧, 匆促行事, 涌现\nvt. 使冲, 匆忙地做, 突袭, 飞跃, 用灯心草做\na. 紧急的"
rushed,a. 匆忙的；贸然的
rushes,[医] 蠕动波
rushing,a. 急流的；旺盛的
russ,a. 俄国的；俄国人的；俄国语的
russell,"n. 拉塞尔（英国工程师, 整流器发明人）"
russia,"n. 俄国, 俄罗斯\n[法] 俄罗斯, 苏联"
russian,"n. 俄国人, 俄语\na. 俄国的, 俄语的"
russians,"n. 俄国人, 俄罗斯人, 俄语( Russian的复数形式 )"
russo,拉索（人名）
rust,"n. 锈, 生锈, 衰退\nvi. 生锈, 衰退\nvt. 使生锈, 腐蚀"
rustic,"n. 乡下人, 乡巴佬\na. 乡村的, 纯朴的, 手工粗糙的"
rusty,"a. 生锈的, 腐蚀的, 生疏的, 顽固的, 腐烂的\n[医] 锈色的"
rut,"n. 辙迹, 凹槽, 常规, 惯例, 发情期\nvi. 交尾, 发情\nvt. 挖槽于"
rutgers, [医]避虫酮，苯二甲酸二甲酯
ruth,"n. 怜悯, 悲哀"
rutherford,[医] 卢[瑟福](放射物质的蜕变单位)
ruthless,"a. 无情的, 残忍的, 毫不留情的, 彻底的\n[法] 无情的, 残忍的"
rv,abbr. （设有床位、厨房等野营用的）娱乐车（Recreational Vehicle）；重返大气层飞行器（Reentry Vehicle）；《圣经》的修订本（Revised Version）
rw,abbr. 卢旺达（Rwanda）；辐射武器（radiation weapon）；辐射战（radiological warfare）；阁下（Right worshipful）
rwanda,n. 卢旺达（东非国家）；卢旺达语
rx,n. 处方；治疗方案
ryan,n. 赖安（男子名）
ryder,n. 瑞得（男子名）
rye,"n. 黑麦, 吉卜赛绅士\n[医] 黑麦"
ryu,abbr. Ryukyu 琉球群岛; Ryukyuan 琉球人，琉球民族
sa,"救世军, 南非, 南美, 南澳大利亚, 性的魅力, 性感\n[计] 源地址, 结构分析, 系统分析"
saab,n. 瑞典萨布牌轿车
sabbath,n. 安息日
saber,"n. 军刀, 骑兵\nvt. 用马刀砍"
sabine,n. 萨宾人
sabotage,"n. 怠工, 破坏活动, 破坏\nvi. 从事破坏活动\nvt. 妨害, 破坏"
sabres,n. 军刀( sabre的复数形式 ); 马刀; （击剑时用的）尖细的轻剑; 武力威胁
sabrina,n. 塞布丽娜(f.)
sac,"n. 囊, 液囊, (美)战略空军司令部\n[医] 囊, 袋"
sachs,n. 萨克斯（汽车零配件生产厂商）
sack,"n. 麻布袋, 洗劫\nvt. 把...装入袋, 洗劫"
sacked,v. 解雇；洗劫；把…装进袋里；睡觉（sack的过去分词）\na. 袋装的；被洗劫的
sacks,麻布袋
sacrament,"n. 圣礼, 圣事, 誓言\nvt. 使立誓, 使宣誓"
sacramento,n. 萨克拉门托（美国加州首府）
sacred,"a. 神圣的, 献给上帝的, 庄严的, 祭祀的\n[法] 神圣的, 不可侵犯的"
sacrifice,"n. 牺牲, 供奉, 祭品\nvt. 牺牲, 祭祀, 贱卖\nvi. 献祭"
sacrificed,"a. [医]被处死的\nv. 牺牲, 献出( sacrifice的过去式和过去分词 )"
sacrifices,"n. 牺牲( sacrifice的名词复数 ); 舍身; 献祭; 祭品\nv. 牺牲, 献出( sacrifice的第三人称单数 )"
sacrificing,"v. 牺牲, 献出( sacrifice的现在分词 )"
sad,"a. 忧愁的, 悲哀的"
saddam,n. 萨达姆（伊拉克前总统）
saddened,"v. （使某人）悲哀, 忧愁( sadden的过去式和过去分词 ); 怛; 惨然"
saddest,a. 悲伤的（sad的最高级）
saddle,"n. 鞍, 马鞍, 车座, 鞍状物\nvt. 装以马鞍, 使负担\nvi. 跨上马鞍"
sadie,n. 莎蒂（女子名）
sadistic,"a. 虐待狂的, 残酷成性的"
sadly,"adv. 悲痛地, 悲惨地, 悲伤地, 说来遗憾"
sadness,"n. 悲哀, 悲伤"
safari,"n. 旅行, 旅行队, 科学考察"
safe,"n. 保险箱, 冷藏室\na. 安全的, 可靠的, 平安的, 稳健的, 有把握的"
safeguard,"n. 保卫, 保护措施, 防护设施\nvt. 保卫, 保护"
safeguarding,n. 安全防护；安全措施
safeguards,n. 保障措施；安全保护（safeguard的复数）
safely,"adv. 安全地, 确实地"
safer,a. 更安全（safe的比较级）
safest,a. 安全的（safe的最高级）
safety,"n. 安全, 保险, 平安, 保安设备\nvt. 保护, 防护"
saffron,"n. 藏红花, 藏红花柱头, 藏红花色\na. 藏红花色的"
sag,"vi. 下垂, 倾斜, 萎靡, 萧条, 变得乏味\nvt. 使下垂\nn. 下垂, 倾斜, 萧条\n[计] 系统分析组, 语法分析生成程序, 电压下降"
saga,"n. 传说, 英雄传奇, 冒险故事"
sage,"n. 圣人, 哲人, 鼠尾草属植物\na. 贤明的, 明智的"
sahara,n. 撒哈拉沙漠
saharan,n. 撒哈拉沙漠之人\na. 撒哈拉沙漠的；不毛的
sai,abbr. 社会责任国际组织（Social Accountability International）；单指针自动同步指示器（single autosyn indicator）
said,a. 上述的\nsay的过去式和过去分词
saigon,"n. 西贡（越南一座城市, 现称胡志明市）"
sail,"n. 帆, 篷, 帆船, 航程, 帆状物\nvi. 航行, 启航, 张帆而行\nvt. 航行于, 驾船"
sailed,v. 驾驶( sail的过去式和过去分词 ); 起航; 坐船旅行; 掠
sailing,"n. 航行, 航海术, 启航\na. 航行的"
sailor,"n. 水手, 船员, 海员\n[法] 水手, 船员, 海员"
sailors,"n. 水手, 海员( sailor的复数形式 ); 驾船人"
sails,n. 帆；航行（sail的复数）
saint,"n. 圣徒, 圣人\na. 神圣的\n[计] 自动积分程序符号"
saints,n. 圣人；圣徒（saint的复数）
sake,"n. 目的, 缘故, 理由"
sakura,n. 樱花
sal,"n. 婆罗双树, 盐\n[医] 盐"
salaam,"n. 额手礼, 问安\nv. 行额手礼"
salad,n. 色拉
salads,"n. 色拉( salad的复数形式 ); （或生或熟, 多拌有蛋黄酱, 与面食、豆类等一起食用的）蔬菜色拉; （拌有肉、鱼、奶酪等的）混合色拉; 拌色拉的青菜（尤指生菜）"
salah,n. = salat [变体]
salaries,n. 薪水( salary的名词复数 )
salary,n. 薪水\nvt. 给...加薪
sale,"n. 出售, 卖, 拍卖, 销售额, 廉价出售\n[经] 卖, 出售; 销售(货)"
salem,n. 塞伦；礼拜堂
sales,a. 销售的\n[计] 销售
salesman,"n. 售货员, 推销员\n[经] 售货员, 店员, 推销员"
salford,索尔福德[英国英格兰西北部港市]
salient,"a. 显著的, 突出的, 跳跃的\nn. 凸角, 突出部分"
saline,"a. 盐的, 苦涩的, 由碱金属(或含镁之盐类)组成的\nn. 盐湖, 盐田, 碱盐泻药, 生理盐水"
salisbury,"n. 索尔兹伯里市（津巴布韦, 原罗得西亚首都）"
saliva,"n. 唾液, 唾沫, 涎\n[医] 涎, 唾液"
salle,"n. 大厅, 室"
sally,"n. 突击, 出击, 远足\nvi. 突击, 出击, 出发"
salman,n. 萨尔曼（男子名）
salmon,"n. 鲑鱼, 大麻哈鱼\n[医] 鲑"
salmonella,n. 沙门氏菌\n[医] 沙门氏菌属
salon,"n. 大会客室, 大厅, 客厅, 交谊室, 沙龙, 美术展览馆, 画廊, 美容院, 发廊"
saloon,"n. 大厅, 沙龙, 酒吧, 会客室"
salsa,n. 洋葱做的辣调味汁；萨尔萨舞曲
salt,"n. 盐, 风趣, 刺激\na. 含盐的, 咸的, 风趣的, 辛辣的\nvt. 加盐于, 用盐腌"
salted,"a. 盐腌的, 盐味的, 有经验的, 虚报的"
salts,n. 盐( salt的名词复数 ); 风趣; 味道或外观等像盐的物质; 增添趣味[活跃气氛]的事物\nv. （撒盐似的）散布( salt的第三人称单数 ); 使更有趣; 加盐于…以调味; 把盐撒在路面上（以使冰雪融化）
salty,"a. 有盐分的, 咸味浓的, 海洋的, 辛辣的, 有经验的"
salute,"vi. 行礼, 致意, 问候, 放礼炮\nvt. 向...致意, 迎接, 赞扬\nn. 招呼, 敬礼, 礼炮"
salvador,[经] 萨尔瓦多
salvage,"n. 海上救助, 抢救, 打捞, 抢救出来的财物\nvt. 海上救助, 抢救, 打捞, 营救\n[计] 文件恢复程序"
salvation,"n. 拯救, 救助, 救世"
salvatore,n. 塞尔瓦托（男子名）
sam,[计] 安全性帐户管理器
sama,abbr. 科学仪器厂商学会（Scientific Apparatus Makers Association）
samantha,n. 萨曼莎（女子名）
samaritan,n. 乐善好施者
samba,n. 桑巴舞\nvi. 跳桑巴舞
same,"a. 相同的, 同样的\npron. 相同的人(或事物)\nadv. 同样地"
sami,n. 萨米人；萨米（等于Lapp）
sammy,n. [俚]美国兵；[俚]傻瓜；萨米（女子名）；塞米（男子名）
samoa,n. 萨摩亚（南太平洋中部一群岛）
sample,"n. 样品, 范例, 样本\nvt. 抽样, 尝试\n[计] 示例, 字样"
sampled,"a. 取样的, 抽样的"
sampler,"n. 样品检验员, 刺绣样品\n[化] 取样器; 进样器"
samples,n. 样品；采样；例子（suffer的复数形式）
sampling,[计] 抽样; 采样\n[化] 取样
sampson,n. 桑普森（人名）
samson,n. 大力士；[圣经]参孙
samsung,n. 三星电子（韩国电子公司）
samuel,n. 撒母耳（希伯来先知）；塞缪尔（男子名）
samurai,n. 武士
san,abbr. 存储区域网（Storage Area Networking）
sanchez,n. 桑切斯（姓氏）
sanction,"n. 核准, 制裁, 处罚, 约束力\nvt. 制定制裁规则, 认可, 核准, 同意"
sanctioned,v. 实施惩罚( sanction的过去式和过去分词 ); 实施制裁
sanctions,n. 制裁；制发；处罚（sanction的复数）
sanctuary,"n. 圣所(指教堂、寺院等), 耶路撒冷的神殿, 避难所\n[法] 庇护所, 避难所, 教堂"
sand,"n. 沙, 沙子, 沙滩, 光阴, 生涯\nvt. 撒沙, 以沙掩盖"
sandals,n. 凉鞋；便鞋；拖鞋（sandal的复数）
sanders,"[医] 檀香, 檀木"
sanderson,桑德森（英国墙纸公司）
sandra,n. 桑德拉（女子名）
sands,n. 沙滩；沙漠；含油砂岩地层（sand复数）
sandstone,n. 沙岩\n[化] 砂岩
sandwich,"n. 三明治, 夹心面包, 夹层板\nvt. 插入, 夹入, 把...制成三明治"
sandwiches,n. 三明治( sandwich的名词复数 ); 夹层; 夹心蛋糕; 状似三明治的东西\nv. 插入( sandwich的第三人称单数 ); 把…夹在…之间; 挤在…中间; 把…夹在面包片中
sandy,"a. 沙的, 沙地的, 多沙的"
sane,"a. 神智健全的, 稳健的, 没病的, 合理的\n[医] 精神健全的"
sanford,n. 桑福德（男子名）
sang,sing的过去式
sanitary,a. 卫生的\nn. 公共厕所
sanitation,"n. (环境)卫生, 环境卫生的提倡/维持, 卫生设备, 下水道设施, 卫生设施\n[医] 环境卫生"
sanity,"n. 神智健全, 头脑清楚, 通情达理\n[医] 精神健全"
sanjay,n. 桑杰（男子名）
sank,sink的过去式
sans,"[法] 没有, 无"
sanskrit,n. 梵语\na. 梵语的
santa,n. 圣诞老人（等于Santa Claus）
santana,n. 桑塔纳（乐队名）；桑塔纳汽车
santiago,n. 圣地亚哥
santo,n. 圣者像；圣者
santos,桑托斯(巴西港市)
sao,abbr. 区段刻录（Session at once）；安全咨询意见
sap,"n. 树液, 体液, 活力, 坑道, 消弱, 警棍\nvt. 使排出体液, 使伤元气, 使衰竭, 挖坑道逼近, 逐渐侵蚀\nvi. 挖坑道, 消弱\n[计] 共享汇编程序, 结构分析程序, 符号汇编程序, 服务器广告协议"
sapphire,"a. 天蓝色的\nn. 蓝宝石, 刚玉宝石, 天蓝色"
sar,搜索救援
sara,"n. 萨拉族, 萨拉人"
sarah,n. 萨拉(<<圣经>>故事人物)
sarajevo,n. 萨拉热窝
saratoga,"萨拉托加(美国纽约州东部一村落, 附近有温泉疗养地)"
sarcasm,"n. 挖苦, 讽刺, 讽刺话, 讽刺性"
sarcastic,"a. 讽刺的, 讥讽的"
sargent,n. 萨金特（姓氏）
sas,[计] 单一连接站
sash,"n. 框格, 肩带, 腰带\nvt. 装以窗框, 系上腰带"
sasha,n. 萨莎（女子名）
saskatchewan,n. 萨斯喀彻温省
sassy,"a. 无礼的, 充满生气的, 时髦的"
sat,n. 饱和度\nsit的过去式和过去分词\n[计] 饱和度
satan,"n. 撒旦, 魔鬼"
satanic,"a. 魔鬼似的, 穷凶极恶的, 邪恶的, 非常残酷的, 罪恶的, 极恶劣的"
satellite,"n. 人造卫星\n[医] 伴行静脉, 陪静脉, 陪病部, 随体, 卫星"
satellites,n. 卫星( satellite的复数形式 ); 人造卫星; 卫星国; 附庸国
satin,"n. 缎子\na. 绸缎做的, 缎子一般的, 光滑的"
satire,"n. 讽刺文学, 讽刺"
satirical,"a. 讽刺的, 讥讽的, 好挖苦的, 写讽刺作品的"
satisfaction,"n. 满足, 满意, 快事, 赔偿, 赎罪, 报仇的机会\n[经] 偿还, 赎回"
satisfactory,"a. 满意的, 赎罪的\n[法] 令人满意的, 令当事人满意的, 充分的"
satisfied,a. 感到满意的
satisfies,n. 满足因素
satisfy,"vt. 使满意, 满足, 符合, 使确信, 赔偿\nvi. 令人满意, 替人赎罪"
satisfying,"a. 满意的, 充分的, 足可相信的"
saturated,"a. 饱和的, 渗透的\n[医] 饱和的"
saturation,"n. 饱和, 渗透, 浸透, 色饱和度\n[计] 饱和度"
saturday,n. 星期六
saturdays,"adv. 每星期六, 在任何星期六"
saturn,n. 土星
sauce,"n. 酱油, 调味汁, 酱\nvt. 给...调味, 使增加趣味"
sauces,n. 调味汁( sauce的名词复数 ); 酱汁; 无礼的话; 顶撞的话
saudi,a. 沙乌地阿拉伯（人或语）的
saudis,沙特阿拉伯人的（Saudi的名词复数）\n沙特阿拉伯国家的（Saudi的名词复数）
saul,n. 索尔（男名）
sauna,n. 桑拿浴
saunders,"[医] 檀木, 檀香"
sausage,"n. 香肠, 腊肠"
sausages,"n. 腊肠, 香肠; 香肠( sausage的复数形式 )"
savage,"a. 未开化的, 野蛮的, 无礼的, 残酷的, 原始的, 粗鲁的, 未开发的\nvt. 用暴力对付, 凶猛攻击\nn. 原始人, 粗鲁人"
savages,n. 残酷的人；野蛮人（savage的复数）
savannah,"n. 大草原, 热带草原（等于savanna）"
save,"n. 救球\nvt. 解救, 挽救, 储蓄, 保存, 节省, 保留\nvi. 挽救, 节省, 救球\nprep. 除...之外\n[计] 保存"
saved,a. 已保存的；获救的
saver,"n. 节省...的器具, 节约装置, 省俭的人\n[化] 回收器; 收集器"
saves,n. 救援（save的复数）
saving,"n. 存款, 挽救, 节约\na. 搭救的, 节约的, 保留的, 补偿的\nprep. 除...之外"
savings,"n. 储蓄, 存款\n[经] 储金, 储蓄"
savior,"n. 救助者, 救世主, 救星"
saviour,"n. 救助者, 救世主, 救星"
savoy,n. [植]皱叶甘兰
savvy,"v. 理解, 领悟\nn. 理解能力, 机智, 悟性"
saw,"n. 锯子, 谚语\nvt. 锯, 锯开, 来回移动\nvi. 拉锯, 移动\nsee的过去式"
sawyer,"n. 锯工, 漂流圆木, 显赫天牛"
sax,n. 萨克斯管
saxon,n. 撒克逊人
saxophone,n. 萨克斯管\n[电] 俱有余割平方辐射图案的线性排列天线
say,"vt. 说, 讲, 念, 说明, 指明\nvi. 说, 讲\nn. 意见, 发言权"
saying,"n. 叙述, 话, 说, 言论"
sayings,n. 语录（saying的复数）
says,v. 说（第三人称单数）
sb,"[计] 栈底, 标准二进制, 减, 备用设备\n[医] 锑(51号元素)"
sbs,abbr. 小型商业卫星（small business satellite）；亚声速的（subsonic）
sc,"[计] 系统控制, 存储容量, 半导体, 会话控制\n[医] 钪(21号元素)"
scaffolding,"n. 脚手架, 台架, (搭脚手架用的)支杆和木板, (喻)(论点等的)支柱\n[化] 搭脚手架"
scale,"n. 刻度, 衡量, 比例, 比例尺, 数值范围, 等级, 规模, 天平, 秤, 鳞, 积垢\nvt. 依比例决定, 攀登, 测量, 绘制, 刮鳞, 使生垢, 过秤\nvi. 剥落, 生水垢, 重量为, 攀登, 衡量\n[计] 刻度"
scaled,"a. 有鳞(斑)的, 瓦片迭盖的, 栉比鳞次的"
scales,n. 缩放；天平；鳞屑；磅秤
scaling,"n. 鱼鳞, 鳞片排列, 去鳞, 鳞片剥落, 攀登进攻, 按比例测量, 按比例缩放\n[计] 缩放比例"
scalp,"v. 剥头皮\nn. 头皮, 战利品"
scam,"n. 骗局, 诡计；故事"
scams,n. 诈骗；诡计（scam的复数形式）
scan,"n. 审视, 浏览, 扫描, 细查\nvt. 细看, 浏览, 扫描, 详细调查, 标出格律\nvi. 押韵, 扫描\n[计] 网络软件目录, 编码与分析系统"
scandal,"n. 丑闻, 中伤, 耻辱, 反感, 流言蜚语\n[法] 丑事, 丑闻, 干丑事的人"
scandalous,"a. 不体面的, 可耻的, 诽谤性的, 爱传播丑闻的"
scandals,n. 丑事( scandal的复数形式 ); 流言蜚语; 闲话; 诽谤
scandinavia,n. 斯堪的纳维亚(半岛)
scandinavian,"n. 斯堪的纳维亚人, 斯堪的纳维亚语, 北欧日耳曼语系\na. 斯堪的纳维亚人的, 斯堪的纳维亚语的, 北欧日耳曼语系的"
scanned,a. 已扫描的
scanner,"n. 扫描仪, 扫描盘, 审视者\n[计] 扫描器; 词法分析程序; 扫描程序; 扫视程序"
scanners,n. 检测装置( scanner的复数形式 ); 扫描设备; 扫描器; 扫掠天线
scanning,"[计] 扫描\n[医] 断续言语, 扫描"
scans,abbr. 网络系统自动程序控制（scheduling control automation by network system）
scant,"a. 不充分的, 不足的\nvt. 减少, 吝啬, 限制, 藐视, 忽略"
scapegoat,"n. 替罪羔羊, 替人顶罪者, 替身\n[法] 替罪羊, 代人受过者"
scar,"n. 疤痕, 伤痕, 悬崖\nvi. 结疤, 愈合, 痊愈\nvt. 使有伤痕"
scarborough,n. 士嘉堡（多伦多一区名）；斯卡伯勒（英格兰一自治市）
scarce,"a. 难得的, 稀罕的, 缺乏的"
scarcely,"adv. 简直不, 一定不, 仅仅"
scarcity,"n. 缺乏, 不足, 缺少\n[经] 缺乏, 不足"
scare,"n. 惊吓, 恐慌\nvt. 惊吓, 使恐慌\nvi. 受惊"
scarecrow,"n. 稻草人, 衣衫褴褛的人"
scared,"a. 害怕的, 担惊受怕的, 惊慌的, 吓坏了的"
scares,n. 砂岩中透镜状煤体；煤中黄铁矿薄片
scarf,"n. 围巾, 头巾, 领带, 领巾, 嵌接\nvt. 用围巾围, 嵌接"
scariest,恐怖的\n吓人的（scary的最高级）
scaring,"vt. 惊吓, 受惊, 威吓\nv. 恐吓, 使惊恐( scare的现在分词 ); 受惊吓, 感到害怕"
scarlet,"n. 猩红色, 绯红色, 红衣\na. 绯红色的, 鲜红色的"
scarlett,n. 斯嘉丽（女子名或《飘》中的女主人公）
scarred,"a. 伤痕累累, 有疤痕的；瘢痕性的"
scars,n. 冻结物；疤痕；创伤（scar的复数形式）
scarves,"肩上的披巾, 头巾, 围巾, 领带, 领巾, 狭长台布, 绶带, 斜面, 槽, 截面, 切口"
scary,"a. 容易受惊的, 胆小的, 提心吊胆的"
scatter,"n. 消散, 分散, 散播, 散射, 散布, 酒馆\nvi. 散布, 散播, 消散\nvt. 使消散, 使分散, 撒, 散布, 散播, 散射\n[计] 散点图"
scattered,"a. 分散的, 散乱的\n[计] 分散的"
scattering,"n. 分散, 散射, 稀疏的少量\na. 四散开的, 分散的\n[计] 散射, 扩散, 杂散"
scenario,"n. 剧本提纲, 情节, 剧本, 方案, 事态\n[计] 方案"
scenarios,n. 情节；脚本；情景介绍（scenario的复数）
scene,"n. 场, 情景, 镜头, 发生地点, 道具, 布景, 景色\n[化] 现场"
scenery,"n. 风景, 景色, 舞台布景"
scenes,"n. 现场, 景色；场景（scene的复数）"
scenic,"a. 风景好的, 戏剧性的, 舞台的, 布景的\nn. 风光影片, 风景照片"
scent,"n. 气味, 香味, 香水, 踪迹, 痕迹, 线索, 嗅觉\nvt. 闻出, 嗅, 发觉, 使充满气味\nvi. 嗅猎, 发出气味"
scented,"a. 有香味的, 洒了香水的, 有嗅觉的"
scents,n. 香水( scent的名词复数 ); 气味; （动物的）臭迹; （尤指狗的）嗅觉
sceptical,"a. 怀疑论的, 怀疑的"
schedule,"n. 时间表, 一览表, 计划表, 议事日程\nvt. 预定, 编制目录, 制...表, 安排"
scheduled,a. 预定的
schedules,n. 时间表；待办事项；日程安排（schedule的复数形式）
scheduling,"n. 行程安排, 时间表制定\n[计] 调度"
schema,"n. 概要, 图解, 略图\n[计] 模式"
schematic,"a. 概要的, 图解的, 略图的\nn. 图表"
scheme,"n. 方案, 计划, 组合, 系统, 图解, 诡计, 阴谋\nv. 计划, 设计, 图谋, 策划"
schemes,"n. 计划( scheme的名词复数 ); 体系; 阴谋\nv. 策划, 图谋( scheme的第三人称单数 ); 设计, 计划; 设计, 制定计划"
schizophrenia,n. 精神分裂症\n[医] 精神分裂症
schizophrenic,"a. 精神分裂症的\n[医] 精神分裂症的, 精神分裂症患者"
schmidt,n. 施密特（姓氏）
schneider,n. 施耐德（公司名）
scholar,"n. 学者, 奖学金获得者, 有文化者, 学习者"
scholarly,"a. 学者派头的, 学者风度的, 有学问的, 博学的, 好学的"
scholars,n. 奖学金获得者( scholar的复数形式 ); 学者; 聪颖勤奋的学生; 文人学士
scholarship,"n. 学问, 学术成就, 奖学金"
scholarships,"n. 学问, 学识( scholarship的复数形式 ); 奖学金"
scholastic,"a. 学校的, 学校教育的, 学者的, 学究的\nn. 经院哲学家, 学究, 墨守成规者, 学生"
school,"n. 学校, 鱼群, 门派, 学派\nvt. 教育, 训练, 培养\nvi. 成群地游"
schoolboy,n. 男学生
schooled,"a. 受过教育的, 受过训练的"
schoolgirl,n. 女学生
schooling,"n. 学校教育, 学费"
schools,n. 学校（school的复数形式）
schultz,n. 舒尔茨（姓氏）
schumacher,n. 舒马赫（F1赛车手）
schumer, [人名] 舒默
schuster,n. (Schuster)人名；(英、德、匈、捷、瑞典)舒斯特\n舒斯特
schwartz,n. 施瓦兹（姓氏）；史华兹（姓氏）
schwarzenegger,n. 施瓦辛格（姓氏名）
sci,"[计] 串行通信接口, 栈控制指令, 系统控制接口, 科学新闻组类"
science,"n. 科学, 学科, 学问, 自然科学\n[医] 科学"
sciences,n. 科学（science的复数）
scientific,"a. 科学的, 系统的, 符合科学规律的\n[计] 科学记数法"
scientifically,"adv. 合乎科学地, 学问上, 系统地"
scientist,n. 科学家\n[医] 科学家
scientists,n. 科学家( scientist的名词复数 )
scientology,"信仰疗法, 基督教科学派"
scissors,pl. 剪刀\n[医] 剪
sclerosis,"n. 硬化症, 硬化, 僵化\n[医] 硬化"
scooby,史酷比
scoop,"n. 铲子, 勺子, 穴, 口, 独家新闻\nvt. 汲取, 舀取, 挖空, 抢先报道"
scooter,"n. 小型摩托车, 踏板车\n[机] 机车"
scope,"n. 范围, 机会, 广度, 眼界, 观察仪器, 导弹射程\n[计] 作用域"
score,"n. 得分, 抓痕, 二十个, 刻痕, 帐目, 乐谱, 起跑线, 终点线, 大量\nvt. 刻划, 划线, 获得, 评价, 把...记下\nvi. 刻痕, 记分, 得分\n[计] 得分"
scoreboard,n. 记分板
scored,a. 折叠的；刮伤的
scoreless,a. 没得分的
scorer,"n. 记录员, 刻痕者"
scorers,n. （体育比赛时的）记分员( scorer的复数形式 ); 得分或进球的运动员
scores,"n. 大量, 众多; 二十( score的名词复数 ); （游戏或比赛中的）得分; 大量; 百分数"
scoring,[化] 擦伤; 划伤
scorn,"n. 轻蔑, 藐视, 嘲笑, 被嘲弄的人\nvt. 轻蔑, 不屑做"
scorpio,[医] 蝎属
scorpion,"n. 蝎子, 心黑的人, 蝎尾鞭\n[医] 蝎"
scot,"n. 摊派的款项, 税赋\n[化] 涂载体空心柱"
scotch,"n. 苏格兰人, 苏格兰语, 刻痕\na. 苏格兰人的, 苏格兰语的\nvt. 刻痕于, 伤害, 镇压, 妨碍"
scotia,n. 凹形边饰
scotland,n. 苏格兰
scots,"a. 苏格兰的, 苏格兰式的"
scott,n. 斯科特（男子名）
scottish,"a. 苏格兰的, 苏格兰人的"
scotty,n. 苏格兰狗（等于Scottie）
scourge,"n. 鞭, 苦难根源, 灾祸\nvt. 鞭打, 痛斥, 蹂躏"
scout,"n. 守候, 侦察, 搜索, 侦察员, 侦察机\nvi. 守候, 侦察, 巡视, 嘲笑\nvt. 侦察, 跟踪, 发现, 监视, 嘲弄"
scouting,"n. 侦察活动, 童子军活动\n[经] 初步勘探"
scouts,"n. 侦察员[机, 舰]( scout的名词复数 ); 童子军; 搜索; 童子军成员\nv. 寻找, 侦察( scout的第三人称单数 ); 物色（优秀运动员、演员、音乐家等）"
scramble,"n. 攀缘, 爬行, 抢夺, 混乱, 紧急起飞\nvi. 攀缘, 杂乱蔓延, 争夺, 拼凑, 匆忙\nvt. 攀登, 扰乱, 使混杂"
scrambled,n. 密码形式；扰频
scrambling,n. 混乱；不规则性；攀登；加扰
scrap,"n. 碎片, 残余物, 些微, 片断, 铁屑, 吵架\nvt. 扔弃, 敲碎, 拆毁\nvi. 互相殴打\na. 零碎拼凑成的, 废弃的"
scrape,"n. 刮, 擦, 挖, 擦痕, 刮擦声, 困境\nvi. 刮掉, 擦掉, 刮出刺耳声\nvt. 刮, 擦, 擦伤, 挖成, 积蓄"
scraped,v. 刮掉(scrape的过去式和过去分词); 擦伤
scraping,"n. 擦去, 抹去, 削去, 刮擦声, 碎屑\na. 刮擦的, 吝啬的"
scrapped,a. 报废的；已经销毁的
scraps,"n. 残羹剩饭, 泔脚\n[医] 刮屑"
scratch,"n. 抓痕, 搔, 抓, 擦伤, 刮擦声, 乱写, 零分, 起跑线\nvt. 搔, 抓, 挖出, 擦, 刮, 乱涂, 勾抹掉\nvi. 搔, 抓, 发刮擦声, 勉强糊口\na. 碰巧的, 凑合的, 打草稿用的\n[计] 擦除"
scratched, [体]弃权
scratches,n. 搔痒( scratch的名词复数 ); 抓痕; 刮擦声
scratching,v. 擦伤；划伤；刮痕（scratch的ing形式）
scream,"n. 尖叫声\nvi. 尖叫, 大笑, 尖啸, 令人震惊\nvt. 尖叫着说, 大叫大嚷着要求"
screamed,v. （因伤痛、害怕、激动等）尖叫 ~发出尖叫声( scream的过去式和过去分词 ); （向某人或为某事）高声喊; 发出大而尖的声音; 呼啸而过
screaming,"a. 发出尖叫声的, 极滑稽的, 惊人的"
screams,v. （因伤痛、害怕、激动等）尖叫 ~发出尖叫声( scream的第三人称单数 ); （向某人或为某事）高声喊; 发出大而尖的声音; 呼啸而过
screeching,v. 发出尖叫声( screech的现在分词 ); 发出粗而刺耳的声音; 高叫
screen,"n. 幕, 银幕, 屏风, 掩蔽物, 屏蔽, 筛子\nvt. 掩蔽, 放映, 拍摄, 掩护, 筛, 甄别\nvi. 拍电影\n[计] 筛选; 屏幕"
screened,"a. 筛过的, 屏蔽的"
screening,"[医] 筛选, 筛分(如普查癌、结核等病), 萤光屏检查"
screenings,n. 筛后残余的物；筛屑；残渣
screenplay,n. 电影剧本
screens,n. 卡位；屏幕（screen的复数）
screenshot, 屏幕截图
screenshots,(screenshot 的复数)  屏幕截图
screenwriter,"n. 电影剧本作家, 编剧家"
screw,"n. 螺旋, 螺杆, 螺钉, 螺旋桨, 吝啬鬼\nvt. 调节, 扭紧, 旋, 拧, 加强, 压榨, 勒索\nvi. 转动, 旋, 拧"
screwdriver,n. 螺丝起子\n[机] 活动扳手
screwed,"a. 以螺丝拧紧的, 螺丝状的, 喝醉了的"
screwing,n. 螺丝接合；车削螺纹
screws,n. 潜水员病；螺丝；螺旋体（screw的复数）
script,"n. 手迹, 手稿, 正本, 手写体\nvt. 改编为演出本\n[计] 手写体, 小型程序"
scripted,v. 为电影（或戏剧等）写剧本( script的过去式和过去分词 )
scripts,"n. 原稿, 手稿（script的复数形式）"
scripture,"n. 圣经, 圣经的一节, 圣经的一句, 铭文"
scriptures,"n. 经文, 经典著作"
scroll,"n. 卷轴, 画卷, 名册, 条幅, 滚动\nv. (使)成卷形\n[计] 滚动"
scrolling,n. 卷动
scrolls,"n. （常用于录写正式文件的）纸卷( scroll的名词复数 ); 卷轴; 涡卷形（装饰）; 卷形花纹\nv. （电脑屏幕上）从上到下移动（资料等）, 卷页( scroll的第三人称单数 ); （似卷轴般）卷起; （像展开卷轴般地）将文字显示于屏幕"
scrub,"n. 用力擦洗, 矮树, 矮人, 渺小之物\nvt. 用力擦洗, 擦掉, 摩擦\nvi. 擦洗干净, 进行手臂消毒\na. 次等的, 矮小的, 非正规球队的, 临时凑合的"
scrubbing,[化] 洗涤
scrubs,n. 实习医生风云（电视剧名）
scrum,"n. (橄榄球中)扭夺, 并列争球"
scrutiny,"n. 细看, 仔细检查, 监视, 选票检查\n[经] 复查, 评核, 仔细检查"
scuba,n. 自携式水中呼吸器
scully,斯库利（人名）
sculpted,v. 雕刻( sculpt的过去式和过去分词 ); 雕塑; 做（头发）; 梳（发式）
sculptor,n. 雕刻家
sculpture,"n. 雕刻, 雕塑\nvt. 雕刻, 雕塑\nvi. 当雕刻师"
sculptures,n. 雕刻( sculpture的名词复数 ); 雕刻品; 雕刻术; 雕塑术
scum,"n. 浮渣, 糟粕, 浮藻, 熔渣, 不起好作用的人\nvt. 撇去(浮沫)\nvi. 产生泡沫"
scumbag,"n. <俚>避孕套, 卑鄙的家伙"
sd,[化] 磺胺嘧啶
se,"[计] 栈空, 系统扩充\n[医] 硒(34号元素)"
sea,"n. 海, 海洋, 海浪, 大量\n[法] 海, 海洋"
seafood,"n. 海味, 海鲜, 鱼类"
seahawks, 海鹰队
seal,"n. 印章, 封条, 海豹, 海豹皮, 火漆, 封蜡, 玺, 保证, 批准, 象征, 标志\nvt. 封闭, 盖印, 盖章\nvi. 猎海豹"
sealed,"a. 未知的, 密封的\n[法] 盖印的, 经盖章批准或证实的, 密封的"
sealing,"[化] 封闭; 封闭处理\n[医] 封闭, 封口(创伤)"
seals,n. 海豹( seal的名词复数 ); 批准; （火漆）封印; 印章\nv. 密封( seal的第三人称单数 ); 决定; 确定; 封上（信封）
seam,"n. 缝合线, 衔接口, 接缝, 线缝, 伤疤\nvt. 缝合, 接合, 焊合, 使留下伤痕\nvi. 裂开, 发生裂痕"
seaman,"n. 船员, 海员, 水兵\n[法] 海员, 水手, 精通海事者"
seamless,"a. 无缝的, 无缝合线的\n[医] 无缝的"
seamlessly,adv. 无空隙地; 无停顿地
seams,n. 缝( seam的名词复数 ); （合在一起的两块木板等之间的）接缝; 层; 接口
sean,n. 肖恩（男子名）
search,"n. 搜寻, 查究\nv. 搜寻, 搜查, 探求, 调查, 搜索\n[计] 搜索, 路径检索程序"
searched,v. 找寻( search的过去式和过去分词 ); 搜查; 探查; [医学]（用仪器）探测（外伤）
searches,n. 检索；搜索（search的复数）
searching,"a. 搜索的, 遍寻的, 彻底的, 敏锐的\nn. 搜索, 检查"
sears,v. 使干枯；灼伤（sear的单三形式）
seas,n. 海洋（sea的复数）
seaside,"a. 海边的, 海滨的\nn. 海滨"
season,"n. 季节, 时节, 当令期, 时期\nvt. 给...调味, 使成熟, 使老练, 缓和\nvi. 变干燥"
seasonal,"a. 季节的, 依照季节的, 周期性的\n[经] 季节性的, 季节的"
seasonally,adv. 季节性地；周期性地
seasoned,"a. 经验丰富的, 老练的"
seasoning,"n. 调味品, 作料, 佐料, 锻练\n[化] 天然时效"
seasons,"n. 季节, 四季"
seat,"n. 座, 座位, 位子, 席位, 所在地\nvt. 使坐下, 使就座, 为...设座于, 使就职\nvi. 安装在底座上"
seated,a. 就座的；固定的；根深蒂固的
seater,n. 有...座位之交通工具
seating,"n. 使就座, 就座, 座位"
seats,"n. 座椅, 座位（seat的复数形式）"
seattle,n. 西雅图
seawater,n. 海水\n[化] 海水
seaweed,"n. 海草, 海藻\n[医] 海藻"
sebastian,n. 塞巴斯蒂安（男子名）
sec,"[计] 秒, 辅助\n[化] 尺寸排阻色谱法"
secession,"n. 脱离, 分离"
secluded,"a. 隐退的, 隐蔽的"
second,"n. 秒, 瞬间, 第二名, 支持者, 助手\na. 第二的, 其次的, 次要的, 附加的, 辅助的\nnum. 第二\nvt. 当...助手, 支持"
secondary,"a. 中级的, 中等的, 次要的, 第二的, 从属的, 辅助的\n[化] 仲(指CH-3...CH(CH-3)-型支链烃基或指二元胺及R-2CHOH型的醇); 第二"
seconded,vbl. 附议
secondly,"adv. 第二, 其次"
seconds,"n. 次级品, 二等品"
secrecy,"n. 秘密, 保密\n[法] 秘密, 秘密状态, 保密"
secret,"n. 秘密, 机密, 秘诀, 秘方\na. 秘密的, 极机密的, 隐蔽的, 暗中的, 神秘的, 偏僻的"
secretariat,"n. 书记处, 秘书之职, 秘书处"
secretaries,n. 秘书( secretary的名词复数 ); [英]大臣; （政府机关等的） 秘书官; [印刷]草书体大号铅字
secretary,"n. 秘书, 书记, 大臣\n[经] 秘书"
secretion,"n. 分泌, 分泌物, 分泌液, 隐蔽\n[医] 分泌; 分泌物"
secretive,"a. 秘密的, 偷偷摸摸的, 分泌的, 促进分泌的"
secretly,"adv. 秘密地, 背地里"
secrets,n. 秘密；隐私（secret的复数）
secs,abbr. 半导体设备通信标准（SEMI Equipment Communication Standard）
sect,"n. 宗派, 教派"
sectarian,"a. 宗派的, 党派的, 偏狭的\nn. 宗派成员, 闹宗派的人"
section,"n. 区段, 部分, 区域, 节, 截面, 处, 科, 区, 扇区\nvt. 把...分段, 把...切片\nvi. 被切成片\n[计] 扇区"
sectional,"a. 部分的, 部门的, 节的, 截面的\nn. 组合式家具"
sections,"n. 截面, 节段；型材（section的复数）"
sector,"n. 扇形, 部门, 部分, 函数尺, 象限仪, 段, 区段\nvt. 把...分成扇形\n[计] 扇面; 扇区; 段; 区段"
sectors,n. 分区；部门；扇区数（sector的复数）
sects,n. 教派；氏族与党派（sect的复数形式）
secular,"n. 修道院外的教士\na. 世俗的, 现世的, 长期的"
secure,"a. 无虑的, 安心的, 安全的, 可靠的, 保险的\nvt. 固定, 获得, 保证, 使安全, 掩护, 招致\nvi. 停止操作, 船抛锚"
secured,a. 有担保的
securely,adv. 安全地；安心地；牢固地；有把握地
secures,v. 保护( secure的第三人称单数 ); （使）获得; 使安全; 担保
securing,a. 固定住的；作为固定用的
securities,n. 有价证券\n[经] 证券
security,"n. 安全, 安全性, 防护物, 保安, 可靠性, 担保人, 抵押品, 保证金\n[计] 安全性, 保密性, 安全检查程序"
sedan,"n. 轿车, 轿子"
sedentary,"a. 久坐的, 坐惯的, 定栖的\n[医] 静坐的; 坐式的"
sediment,"n. 沉淀物, 沉积\n[化] 沉降物; 沉积物"
sedimentary,"a. 沉渣的, 沉淀物的, 由沉淀物所生成的\n[医] 沉淀的, 沉积的, 沉降的"
sediments,"n. 沉积物, 沉淀物（sediment的复数）"
seduce,"vt. 唆使, 怂恿, 引诱, 诱奸\n[法] 勾引, 诱惑, 诱奸"
seduced,v. 诱奸( seduce的过去式和过去分词 ); 勾引; 诱使堕落; 使入迷
seduction,"n. 教唆, 怂恿, 诱惑, 诱惑物, 诱饵\n[法] 诱奸, 勾引, 引诱"
seductive,"a. 诱惑的, 引人注意的, 有魅力的"
see,"vt. 看见, 查看, 参观, 游览, 理解, 知道, 同意\nvi. 看, 观看, 注意, 知道, 考虑\nn. 主教的职位"
seed,"n. 种子, 籽, 萌芽, 子孙, 精液\nvt. 在...播种, 催...发育, 脱...籽\nvi. 结实, 播种"
seeded,a. 已播种了的；去籽的
seeding,[机] 晶种
seedlings,n. 刚出芽的幼苗( seedling的复数形式 )
seeds,n. 种子；种子状物；子孙后代；[体]种子选手（seed的复数）
seeing,"n. 视觉, 视力, 观看\nconj. 鉴于"
seek,"vt. 寻求, 寻找, 探索, 追求, 搜索, 请求\nvi. 寻找, 搜索\n[计] 查找"
seeker,"n. 搜索者, 探求者\n[法] 搜索人, 搜查人"
seekers,"n. 搜索者, 探求者( seeker的复数形式 )"
seeking,"[计] 查找, 寻找, 故障检查"
seeks,"v. 寻找, 探寻( seek的第三人称单数 ); 企图; 试图; 探索"
seem,"vi. 象是, 似乎"
seemed,v. 装作；似乎（seem的过去式）
seeming,a. 表面上的\nn. 外观
seemingly,"adv. 看来似乎, 表面上看来"
seems,"v. 好像, 仿佛（ seem的第三人称单数 ）"
seen,see的过去分词
sees,abbr. 扩展企业应用套件（Sage Extended Enterprise Suite）
sega,abbr. 世嘉株式会社（日本游戏公司）
segment,"n. 片段, 部分, 分节, 段\nv. 分割, 分裂\n[计] 段"
segmentation,"n. 分割, 割断, 细胞分裂\n[计] 分段; 分割; 段式调度; 分段法"
segments,n. 积弓形片模型；片段；段数（segment的复数）
segregated,"a. 被分离的, 被隔离的, 实行种族隔离政策的, 偏析的"
segregation,"n. 隔离, 偏析, 被隔离的部分, 种族隔离\n[化] 分离; 分凝; 离析; 偏析; 分聚"
seine,"n. 曳网, 拖地大网\nvt. 用曳网围捕\nvi. 用曳网捕鱼"
seinfeld,n. 宋飞正传（美国系列喜剧名）
seismic,a. 地震的
seize,"vt. 抓住, 逮捕, 俘获, 没收, 扣押, 掌握\nvi. 突然抓住, 利用"
seized,v. 抓住( seize的过去式和过去分词 ); 逮捕; 捉拿; 俘获
seizing,"n. 抓, 夺, 捆绑"
seizure,"n. 捕获, 夺取, 占领, 捕获物, 没收, 充公\n[医] 发作; 癫痫发作"
seizures,"n. 癫痫, 痉挛；发作（seizure的复数）"
seldom,"a. 不常的, 稀少的\nadv. 很少, 不常"
select,"a. 挑选出来的, 极好的\nv. 选择, 挑选\nn. 被挑选者, 精萃\n[计] 选定"
selected,"a. 挑选出来的, 精选的\n[计] 被选的"
selecting,[计] 选择\n[经] 选择
selection,"n. 选择, 选文, 精选品\n[医] 选择, 淘汰"
selections,n. 选集；选择（selection的复数）
selective,"a. 选择的, 选择性的\n[经] 选择的, 选择性的"
selectively,adv. 有选择地
selector,"n. 选择者, 选择器\n[计] 选择器"
selects,n. 选辑；被选出的人（select的复数）
selena,"n. 哭泣的玫瑰（电影名）；萨琳娜（女子名, 特指著名歌手）"
self,"n. 自己, 自我, 本性, 本质, 私心, 本人\nvt. 使近亲繁殖, 使自花授精\nvi. 自花授精\na. 同一的"
selfie,n. 自拍照
selfish,"a. 自私的, 利己主义的, 自我中心的"
selfishness,"n. 自我中心, 利己主义, 任性"
selfless,"a. 不顾自己的, 无私的"
sell,"vt. 卖, 背叛, 销售, 出卖\nvi. 卖, 销售\nn. 卖, 推销术, 失望"
seller,n. 销售者\n[化] 卖方
sellers,n. 塞勒斯（姓氏）
selling,"a. 卖的, 销路好的, 出售的\n[经] 卖盘, 出售, 销路好"
sells,"v. 卖；背叛, 经营（sell第三人称形式）"
selma,n. 塞尔玛（女子名）
selves,"自己, 自我, 本性, 本质, 私心, 本人"
sem,abbr. 标准电子组件（Standard Electronic Modules）；扫瞄式电子显微镜（scanning electron microscope）
semantic,a. 语义的\n[计] 语义
semantics,n. [语]语义学；语义论
semblance,"n. 外表, 伪装, 假象, 少量"
semen,"n. 精液, 精子\n[医] 种子; 精液"
semester,n. 学期
semi,[计] 半
semiconductor,n. 半导体\n[化] 半导体
semifinal,n. 半决赛
semifinals, 半决赛
seminal,"a. 精液的, 种子的, 生殖的\n[医] 种子的; 精液的"
seminar,"n. 研究班, 专题讨论会\n[经] 讨论会, 专家讨论会"
seminars,n. 研讨班( seminar的复数形式 ); 研讨小组; 研讨会; 培训会
seminary,"n. 神学院, 发源地"
semitic,"a. 闪米特人的, 犹太人的"
semitism,n. 闪族人特质；闪族语
sen,"n. 传感器（传感元件, 探测设备）"
senate,"n. 参议院, 立法机构, 评议会"
senator,"n. 参议员, (某些大学的)理事\n[法] 参议员, 上议员"
senators,n. 参议员( senator的复数形式 )
send,"vt. 发送, 使进入, 寄, 派遣, 发射, 使陷于\nvi. 寄信, 派人, 播送\nn. (船的)上升运动\n[计] 发送"
sender,"n. 寄件人, 发报机\n[经] 送货人, 发送者"
sending,"n. 发送, 派遣, 发射, 信件, 神赐, 天降\n[计] 发送"
sends,vt. 发送（send第三人称单数）
seneca,n. 塞内卡族（位于纽约西部）；塞内卡语；塞内卡人
senegal,n. 塞内加尔
senior,"n. 年长者, 资深者, 毕业班学生\na. 年长的, 高级的, 资深的"
seniority,"n. 长辈, 老资格\n[经] 资历, 服务年限"
seniors,"n. 年长者, 老年人；资历较深的人（senior的复数形式）"
sens,abbr. 系统事件通知服务（System Event Notification Service）
sensation,"n. 感觉, 轰动\n[医] 感觉"
sensational,"a. 使人感动的, 非常好的"
sensations,n. 感觉( sensation的复数形式 ); 感受; 知觉; 激动
sense,"n. 感应, 感觉, 感官, 意识, 观念, 情理, 知觉, 理智\nvt. 感觉, 觉察, 检测\n[计] 阅读; 检测"
sensed,v. 了解（sense的过去式）；感觉
sensei,"n. 老师（日语中的sensei发音为先生, 意思是老师）"
senseless,"a. 无感觉的, 无意识的, 不省人事的"
senses,"n. 五官的感觉, 知觉, 理性, 理智"
sensibilities,n. 识别力( sensibility的名词复数 ); 敏感性; 灵敏性; （易生气或易受刺激的）感情
sensibility,"n. 感性, 感觉, 情感\n[医] 感觉性, 感受性; 感觉, 感觉能力"
sensible,"a. 有感觉的, 敏感的, 明智的\n[医] 可感觉的"
sensing,"n. 测向, 偏航显示\n[电] 测知"
sensitive,"a. 敏感的, 易感的, 灵敏的, 感光的\n[机] 敏感的, 灵敏的, 感度高的"
sensitivity,"n. 敏感, 灵敏度\n[计] 灵敏度"
sensor,n. 传感器\n[计] 检测器
sensors,"n. 传感器, 感应器；感测器（sensor的复数）"
sensory,"a. 知觉的, 感觉的, 传递感觉的\n[医] 感觉的"
sensual,"a. 肉欲的, 感觉的, 感觉论的"
sent,send的过去式和过去分词
sentence,"n. 句子, 命题, 宣判\nvt. 宣判, 判决\n[计] 句子"
sentenced,"v. 宣判, 判决( sentence的过去式和过去分词 )"
sentences,"n. [律]判决, 宣判; 句子（ sentence的名词复数 ）\nv. 宣判, 判决（ sentence的第三人称单数 ）"
sentencing,"[法] 判决, 宣判"
sentient,"a. 有感觉力的, 意识到的\nn. 有知觉的人"
sentiment,"n. 感情, 感伤, 情操, 情绪, 感想, 意见\n[医] 情感, 情操"
sentimental,"a. 感伤的, 感情用事的"
sentiments,n. （基于情感的）观点( sentiment的复数形式 ); （对怜悯、怀旧等的）柔情; （失之过度或不恰当的）伤感; 态度或意见
sentinel,"n. 哨兵, 标记\nvt. 警戒, 守卫\n[计] 标记"
seo,abbr. 搜索引擎优化（Search Engine Optimization）
seoul,n. 汉城
sep,九月
separate,"n. 独立件, 抽印本\na. 分开的, 各别的, 单独的, 分隔的\nvi. 分开, 隔开, 分居\nvt. 使分离, 使分开, 区分, 使分居"
separated,a. 分居；分开的；不在一起生活的
separately,"adv. [表]分开, 不相连, 分隔, 分离, 不同, 单独, 独立, 各自, 各别, 脱离肉体, 灵魂\n[计] 分离地"
separates,n. 可搭配穿着的女服\nv. 分开( separate的第三人称单数 ); （使）分离; 区分; 隔开
separating,"[计] 分离的, 分隔的"
separation,"n. 分离, 分居, 缺口, 退职\n[化] 分离"
separatist,"n. 分离主义者, 独立派"
sept,n. 氏族\n[经] 九月
september,n. 九月
septic,"a. 腐败的, 脓毒性的\nn. 引起腐败的物质"
seq,abbr. 序列发生器；音序器（sequencer）
sequel,"n. 继续, 续集, 后果\n[计] 结构的英语查询语言"
sequels,n. 继续( sequel的复数形式 ); 续集; 结局; 余波
sequence,"n. 序列, 续发事件, 顺序, 连续\nvt. 按顺序排好\n[计] 顺序"
sequences,n. 后果( sequence的名词复数 ); （纸牌中的）顺牌; 有关联的一组事物; （电影中表现同一主题或场面的）一组镜头
sequencing,[计] 排序; 定序
sequential,"a. 继续的, 后果的\n[计] 顺序的"
ser,n. 锡厄(印、巴等国重量单位)\n[化] 丝氨酸
sera,"浆液, 血清\n[医] 血清; 浆液"
serb,"n. 塞尔维亚人[语]\na. 塞尔维亚的, 塞尔维亚人[语]的"
serbia,n. 塞尔维亚（南斯拉夫成员共和国名）
serbian,a. 塞尔维亚人（语）的；塞尔维亚的
serbs,n. 塞尔维亚人（Serb的复数形式）
serena,n. 塞丽娜(f.) \nn. 爱情小夜曲
serene,"a. 宁静的, 沉着的, 安详的, 晴朗的\nn. 晴朗, 平静"
serenity,"n. 宁静, 沉着, 晴朗"
serge,n. 哔叽
sergeant,"n. 警察小队长, 军士"
sergei,塞奇（人名）
sergey,n. 谢尔盖（男子名）
sergio,n. 塞尔吉奥（NBA球员）
serial,"n. 分期连载作品, 连载小说\na. 连续的, 一连串的, 连载的, 分期偿还的\n[计] 连续的; 串行的"
serie,n. 批量；系列
series,"n. 串联, 序列, 连续, 系列, 丛书, 套, 级数, 组\n[计] 系列"
serious,"a. 严肃的, 认真的, 重要的, 严重的\n[电] 严重的"
seriously,"adv. 严肃地, 认真地, 严重地"
seriousness,"n. 严肃, 认真, 严重性"
sermon,"n. 说教, 启示, 布道"
sermons,n. 布道( sermon的复数形式 ); 讲道; 讲道文章; 一大通教训
serotonin,n. 血清素\n[化] 5-羟色胺
serpent,"n. 巨蛇座, 蛇, 蛇形管, 狡猾的人"
serum,"n. 浆液, 血清, 乳清\n[医] 血清; 浆液"
servant,"n. 仆人, 有用物, 公务员, 雇员\n[法] 受雇人, 服务者, 公务员"
servants,n. 仆人( servant的复数形式 ); 雇员; 奴仆般受制（或献身）于…的人; 服务于…的事物
serve,"vt. 可作...用, 服务, 经历, 招待, 供应, 送交, 对待\nvi. 服务, 服役, 侍应, 适合, 有用, 开球\nn. 发球, 轮到发球"
served,v. 招待；服役；发球；服务（serve的过去分词）
server,"n. 服伺者, 上菜用具, 发球员\nn. 服务器\n[计] 服务器, 服务器启动程序, 服务台程序"
servers,n. 服务器（server的复数）
serves,v. （为…）服务( serve的第三人称单数 ); 任（职）; 提供; 端上
service,"n. 服务, 贡献, 雇佣, 公职, 服役, 功劳, 仪式, 送达, 行政部门\nvt. 保养, 维修\na. 武装部队的, 服务性的, 仆人的, 耐用的\n[计] 服务, 业务"
serviced,"vt. 检修, 维修（service的过去式与过去分词形式）"
servicemen,n. 技工（军人）
services,n. 服务；服务项目（service复数形式）
servicing,"n. 维修\n[计] 维护, 修理"
serving,"n. 服务, 招待, 上菜, 一份食物"
servings,n. 服务；（食品等的）一份；上菜（serving的复数形式）
ses,abbr. （美）工程科学学会（Society of Engineering Science）；（美）太阳能学会（Solar Energy Society）
sesame,"n. 芝麻\n[医] 芝麻, 脂麻, 胡麻"
session,"n. 期间, 开庭期, 会议, 学期\n[计] 会话, 对话, 会晤, 通用任务程序"
sessions,n. 会议；会期（session的复数）
set,"n. 日落, 同伙, 组合, 集合, 装置\nvt. 放, 安置, 放置, 设定, 使凝结, 点燃, 确定, 点缀, 使就位, 树立, 分配, 调整\nvi. 日落, 凝固, 定型, 搁住, 结果, 适合\na. 决心的, 规定的, 故意的, 持久的, 固定的, 老套的, 准备好的\n[计] 设置; DOS内部命令:改变或显示分配给环境变量的值"
setback,"n. 挫折, 退步, 逆流"
setbacks, 周折
seth,n. 赛斯（男子名）
sets,"n. 集合, 设置（set的复数）"
setting,"n. 环境, 背景, 布景, 镶嵌, 调整, 沉落, 一副餐具\n[计] 设置"
settings,n. 设置（setting的复数）
settle,"n. 有背长椅\nvt. 决定, 整理, 安放, 使定居, 使平静, 支付, 安排, 解决, 结算\nvi. 停留, 下陷, 沉淀, 澄清, 安下心来, 结清, 定居, 安家"
settled,"a. 固定的, 决定的, 持续的, 难以消除的\n[经] 付讫的, 固定的, 结过帐的"
settlement,"n. 安顿, 解决, 处理, 结算, 殖民, 殖民地, 沉降\n[医] 居住区; 沉渣"
settlements,n. 解决( settlement的复数形式 ); 结算; <律>金钱或财产的转让（契约）; 移民
settler,"n. 移民者, 解决者, 结算员\n[化] 沉淀池; 沉降器; 澄清槽"
settlers,"n. 移民, 侨民( settler的复数形式 )"
settles,v. 安排( settle的第三人称单数 ); 安放; 安家; （使）安定
settling,"n. 沉淀物\n[法] 固定, 移住, 殖民"
setup,"n. 装备, 组织, 计划, 机构, 调整, 设置\n[计] 设置"
seven,"num. 七, 七个"
sevens,"n. 七年之痒, （因对配偶生厌而）想找个新的性伴侶( seven的复数形式 )"
seventeen,"num. 十七, 十七个"
seventeenth,"num. 第十七, 十七分之一"
seventh,"num. 第七, 七分之一"
seventies,n. 七十( seventy的名词复数 ); 从七十到七十九的数目、年数或温度
seventy,"num. 七十, 七十个"
sever,"vt. 切断, 脱离, 分开, 使分离, 断绝, 中断\nvi. 断, 裂开"
several,"a. 几个的, 一些的, 各自的\npron. 几个"
severance,"n. 切断, 分离, 断绝\n[经] 解雇"
severe,"a. 严格的, 尖锐的, 严肃的, 严重的, 严厉的, 朴素的\n[法] 严厉的, 苛刻的, 严重的"
severed,a. 隔断的；切断的
severely,"adv. 严格, 尖锐, 严肃, 严重, 严厉, 朴素"
severity,"n. 严格, 朴素, 激烈"
sevilla,塞维利亚
seville,n. 塞维利亚 （西班牙地名）
sew,"vt. 缝纫, 缝合, 缝\nvi. 缝纫"
sewage,"n. 脏水, 污水\n[医] 污水, 污物"
sewer,"n. 下水道, 阴沟, 裁缝师\nvt. 用下水道排, 铺设下水道于"
sewers,"n. 阴沟, 污水管, 下水道( sewer的复数形式 )"
sewing,"n. 缝制品, 缝纫"
sewn,sew的过去分词
sex,"n. 性别, 性欲\nvt. 区别...的性别, 引起...的性欲"
sexes,n. 两性（sex的复数）
sexiest,最性感的（ sexy的最高级 ）
sexism,"n. 性别歧视, 歧视女性"
sexist,n. 性别歧视者
sexual,"a. 性的, 性别的\n[医] 性的; 性欲的"
sexuality,"n. 性征, 性行为, 性欲\n[医] 性别, 性欲"
sexually,adv. 性别地；两性之间地
sexy,"a. 有性感的, 色情的"
seymour,n. 西摩（男子名）
sf,"[计] 比例因子, 栈前, 栈满"
sg,[计] 系统生成程序\n[医] 磺胺胍
sgt,[计] 段表
sh,interj. 嘘
sha,abbr. 恒星时角（Sideral Hour Angle）
shabby,"a. 衣衫褴褛的, 低劣的, 破旧的, 吝啬的, 卑鄙的"
shack,"n. 陋屋, 棚屋\nvi. 居住, 暂住"
shade,"n. 荫, 阴暗, 遮光物, 灯罩, 帘, 浓淡, 微量, 底纹\nvi. 渐变\nvt. 使阴暗, 使渐变, 遮蔽, 微减\n[计] 底纹"
shaded,a. 荫蔽的；色彩较暗的
shades,"n. 墨镜；阴魂咒法术, 制造幽影（shade复数）"
shading,"n. 留下阴影, 描影法, 明暗法, 细微变化\n[计] 底纹"
shadow,"n. 阴影, 荫, 影子, 影像, 阴暗, 幽灵, 少许, 隐蔽处, 庇护\nvt. 遮蔽, 使朦胧, 预示, 尾随\nvi. 渐变, 变阴暗\n[计] 阴影"
shadows,"n. 阴影, 影子（shadow复数）"
shadowy,"a. 有影的, 暗黑的, 朦胧的, 虚幻的"
shady,"a. 荫凉的, 成荫的, 阴暗的, 隐蔽的\n[法] 成问题的, 令人怀疑的"
shaft,"n. 轴, 箭杆, 矛, 矿井\nvt. 装杆于, 利用"
shafts,n. 轴( shaft的名词复数 ); （箭、高尔夫球棒等的）杆; 通风井; 一阵（疼痛、害怕等）
shaggy,"a. 毛发蓬乱的, 粗浓的, 草木丛生的"
shah,n. 沙(伊朗国王的称号)
shake,"n. 摇动, 震动\nvt. 摇动, 动摇, 使震动, 挥舞\nvi. 震动, 发抖, 动摇"
shaken,shake的过去分词
shaker,"n. 摇动者, 摇动器, 混和器\n[计] 筛选"
shakes,n. 摇动；打击；握手（shake的复数）
shakespeare,n. 莎士比亚
shaking,"n. 摇动, 挥动\n[医] 震动法(一种按摩法); 摇动, 振荡"
shaky,"a. 震动的, 摇晃的, 动摇的"
shale,n. 页岩
shall,aux. 将
shallow,"n. 水浅的地方, 浅滩\na. 浅的, 肤浅的\nv. (使)变浅"
shalt,vbl.shall的第二人称单数现在式
sham,"n. 假, 赝品, 骗子, 哄骗\na. 假的, 伪造的\nvt. 假装, 冒充\nvi. 装假"
shaman,n. 萨满教巫医\n[法] 巫师
shambles,"n. 肉店, 屠宰场, 混乱, 废墟"
shame,"n. 羞耻, 羞愧, 耻辱\nvt. 使羞愧, 侮辱"
shamed,v. 使蒙羞( shame的过去式和过去分词 ); 玷辱; 使感到羞愧; 使相形见绌
shameful,"a. 可耻的, 丢脸的, 不道德的, 淫猥的, 猥亵的, 不体面的"
shameless,a. 不知羞耻的
shaming,v. 使蒙羞( shame的现在分词 ); 玷辱; 使感到羞愧; 使相形见绌
shampoo,"n. 洗头, 洗发剂\nvt. 洗头, 洗发"
shan,"n. 掸人, 掸族（居住在东南亚一带）；掸邦（前缅甸联邦的成员国之一）"
shane,n. 谢恩（女子名）
shanghai,"n. 上海, 浦东鸡\na. 上海的, 上海时行的, 上海风格的\nvt. 拐骗, 胁迫"
shannon,[计] 香农
shape,"n. 形状, 形态, 外形, 形式, 身材\nvt. 定形, 使成形, 塑造, 计划, 使符合\nvi. 成形, 形成, 成长\n[计] 形状"
shaped,"a. 成某种形状的, 制成一定形状的, 有某种形状的, 合适的, 计划好的, 有目标的\n[医] 具形的, 形似的"
shapes,n. 图形；二维造型体；身材；形状（shape的复数）
shaping,"n. 成形, 塑造\na. 成形的, 塑造的\n[计] 整形"
shapiro,n. 夏皮罗（姓氏）
shaq,"n. 沙克·奥尼尔（绰号鲨鱼, NBA球星）"
share,"n. 部分, 参与, 一份, 参股, 份额\nvt. 均分, 分担, 分享, 分配, 共有\nvi. 分享\n[计] 共享; DOS外部命令:在网络或多工系统中提供文件共享\n文件锁定及检测磁盘更动和对超过32MB硬盘分区的支持"
shared,a. 共享的
shareholder,"n. 股东\n[法] 股东, 股票持有人"
shareholders,n. 股东( shareholder的复数形式 )
shares,n. 股份（share的复数形式）
sharia,n. 伊斯兰教教法
sharif,n. 沙里夫(m.) \nn. =sherif
sharing,"[计] 共享, 公用"
shark,"n. 鲨鱼, 骗子\nv. 诈骗"
sharks,"n. 鲨鱼( shark的名词复数 ); 坑蒙拐骗的人, 诈骗者"
sharma,n. 沙玛（印度和巴基斯坦地区的姓氏）
sharon,n. 莎伦（女子名）
sharp,"n. 半升音调, 利刃, 骗子\na. 锋利的, 明显的, 敏锐的, 急剧的, 尖刻的, 严厉的, 刺耳的, 精明的\nadv. 锐利地, 急速地"
sharpe,n. 夏普指数；夏普指标；夏普（人名）
sharpen,"vt. 使尖锐, 使敏捷, 加重, 削尖\nvi. 尖锐化, 变锋利"
sharper,"n. 骗子, 欺诈者, 赌棍\n[法] 欺骗者, 欺诈犯"
sharply,"adv. 锐利地, 严厉地, 厉害地\n[经] 剧烈地"
shatter,"n. 碎片, 粉碎, 落叶, 喷洒\nvt. 打碎, 使散开, 粉碎, 破坏\nvi. 粉碎, 损坏, 脱落"
shattered,a. 极度疲劳的；破碎的
shattering,a. 令人震惊的；令人极度疲劳的；破碎的
shaun,n. 肖恩（男子名）
shave,"n. 修面, 刮胡子, 幸免, 剃刀\nvt. 修面, 剃, 修剪, 掠过\nvi. 刮脸, 勉强通过"
shaved,shave的过去式和过去分词
shaving,"n. 薄片, 修胡须, 削\n[医] 刮屑"
shaw,n. 杂木林
shawl,"n. 披肩, 围巾\nvt. 用披肩裹"
shawn,n. 肖恩（男子、女子名）
shay,n. 二轮（单座）的轻便马车
she,pron. 她
shea,n. [植]非洲酪脂树
shear,"n. 修剪, 剪下的东西, 大剪刀, 切变, 剪切机, 切\nvt. 修剪, 割, 剥夺, 横越, 削剪\nvi. 剪, 修剪, 剪羊毛, 切断"
sheath,"n. 鞘, 叶鞘, 翅鞘\n[化] 护套"
shed,"n. 车棚, 小屋, 脱落之物, 分水岭\nvt. 使流出, 放射, 脱落, 散发, 摆脱\nvi. 流出, 散布, 脱落"
shedding,"n. 脱落, 蜕落, 蜕落物, 流出, 散发, 梭口, 梭道\n[医] 脱落"
sheds,"n. 棚, 库( shed的名词复数 )\nv. 流出( shed的第三人称单数 ); 流下; 蜕皮; 树叶脱落"
sheen,"n. 光辉, 光彩, 光泽\na. 光辉的, 发光的, 有光泽的\nvi. 发出光泽"
sheep,"n. 羊, 胆小者"
sheer,"a. 绝对的, 全然的, 纯粹的, 透明的, 峻峭的\nvi. 偏转, 偏航\nvt. 使急转向, 使偏航\nadv. 完全, 全然, 峻峭\nn. 偏航"
sheet,"n. 床单, 张, 纸张, 印刷品, 裹尸布, 薄片\nvt. 盖上被单, 遍布\nvi. 大片落下\na. 片状的, 成薄片的\n[计] 工作表"
sheets,"n. 被单；片材, 板片（sheet复数）"
sheffield,n. 谢菲尔德（英国城市）
sheik,"n. 酋长, 王子, 村长, 族长, 教长, 导师, 有威信的丈夫"
sheikh,"n. 酋长, 王子, 村长, 族长, 教长, 导师, 有威信的丈夫"
sheila,"n. 姑娘, 小姐"
shelby,n. 谢尔比（男子名）
sheldon,n. 谢尔登（男子名）
shelf,"n. 架子, 搁板\n[化] 架子"
shell,"n. 贝壳, 壳, 外形, 炮弹\nvt. 去壳, 脱落, 炮轰\nvi. 剥落, 脱壳\n[计] 外壳; DOS内部命令:指定命令行处理程序"
shelley,n. 谢莉（女子名）
shellfish,"n. 贝, 甲壳类水生物\n[医] 牡蛎"
shelling,"n. 去壳, 谷壳, 贝壳的采集, 炮轰"
shells,n. 贝壳（shell的复数）
shelly,"a. 多壳的, 壳一般的, 有壳的"
shelter,"n. 庇护所, 避难所, 庇护, 隐蔽处, 掩蔽\nvt. 庇护, 保护, 隐匿\nvi. 躲避"
sheltered,"a. 受庇护的, 受保护的"
shelters,n. 居所( shelter的名词复数 ); 避难所; （无家可归者或受虐待者的）收容所; 遮蔽
shelton,n. 谢尔顿(m.)
shelves,pl. 架子
shen,n. 沈（姓氏）
shenanigans,"n. （尤指可笑、有趣的）恶作剧, 诡计, 鬼把戏"
shenzhen,n. 深圳
shepard,n. 谢泼德（人名）
shepherd,"n. 牧羊人, 牧羊犬, 牧师, 保护者\nvt. 看守, 领导, 指导, 牧羊"
shepherds,n. 牧羊人；牧人（shepherd的复数）；牧师\nv. 带领（shepherd的三单形式）；放牧；照看
sheppard,n. 谢泼德（姓氏）；雪柏街（位于加拿大多伦多市）
sheridan,n. 谢里丹(m.)
sheriff,"n. 郡治安官, 县治安官\n[法] 司法行政官, 郡长, 执行吏"
sheriffs, [人名] 谢里夫斯
sherlock,[法] 私家侦探
sherman,n. 谢尔曼（男子名）
sherry,"n. 雪利酒, 葡萄酒"
sherwood,"n. 舍伍德（姓氏, 男子名）"
shes,n. 女人；雌性动物；可视为阴性的东西（she的复数）
shetland,n. 设得兰群岛(英国苏格兰东北部一郡)
shi,abbr. 三星重工（Samsung Heavy Industries）；日本芝蒲电气公司
shia,n. 什叶；什叶派（等于Shiah）
shield,"n. 盾, 防卫物, 保护者, 屏蔽\nvt. 保护, 遮蔽, 屏蔽, 庇护, 挡开, 避开\nvi. 起保护作用"
shielded,a. 隔离的；屏蔽了的；防护的；铠装的
shielding,"[计] 屏幕, 掩盖, 隔离\n[化] 屏蔽"
shields,"n. 盾, 防卫物（shield的复数形式）"
shift,"n. 变化, 移动, 轮班, 手段, 应急办法, 移位\nvt. 替换, 转移, 改变, 推卸, 变速\nvi. 转换, 移动, 转变, 推托, 变速\n[计] DOS内部命令:该命令可将批处理参数向左移动一个位置"
shifted,v. 改变( shift的过去式和过去分词 ); 去掉; 摆脱掉; 换挡
shifting,"[计] 移位, 移位操作"
shifts,n. 转换( shift的名词复数 ); 切换键; （汽车等的）变速; 更换\nv. 改变( shift的第三人称单数 ); 去掉; 摆脱掉; 换挡
shilling,n. 先令\n[经] 先令
shillings,"n. 先令（英国1971年以前的货币单位, 为一镑的二十分之一）( shilling的复数形式 )"
shin,"n. 胫骨\nv. 攀, 爬"
shine,"n. 光泽, 阳光\nvt. 使发光\nvi. 照耀, 发光, 发亮"
shines,v. 发光；使亮（shine的第三人称单数）
shining,"a. 光亮的, 华丽的"
shiny,"a. 有光泽的, 发光的, 辉煌的, 磨光的, 磨损的"
ship,"n. 船, 舰\nvt. 以船运送, 装船, 运送\nvi. 上船, 乘船"
shipbuilding,n. 造船
shipment,"n. 装船, 出货\n[经] 运送, 运送(寄出)货物, 装载"
shipments,n. 发货；运载的货物（shipment的复数）
shipped,v. 发货；装船（ship的过去分词）
shippers,"n. 承运商, 托运人, 发货人( shipper的复数形式 )"
shipping,"n. 装运, 航行, 船舶, 船舶吨数\n[经] 装运, 运送, 海运"
ships,n. 舰船（ship的复数）
shipwreck,"n. 遇难船, 海难\nvt. 遇海难, 毁灭, 使失事"
shipyard,"n. 造船厂\n[经] 船坞, 造船厂, 修船厂"
shire,n. 郡
shirley,n. 雪莉（女子名）
shirt,"n. 衬衫, 内衣, 汗衫"
shirtless,a. 赤膊的；无上装的
shirts,n. 衬衫（shirt的复数形式）
shit,"vi. 拉屎\nvt. 欺骗, 在...拉屎\nn. 粪, 屎\ninterj. 狗屁"
shite,"n. [戏谑语, 委婉语]屎；粪便"
shits,"n. 屎( shit的名词复数 ); 拉屎; 假话; 运气\nv. 大便, 拉屎( shit的第三人称单数 ); 拉屎弄脏（某物）; 取笑; 欺骗"
shitting,"v. 大便, 拉屎( shit的现在分词 ); 拉屎弄脏（某物）; 取笑; 欺骗"
shitty,"劣等的, 较差的"
shiv,"n. 刀, 剃刀"
shiva,n. 七日服丧期
shivering,"n. 发抖, 打碎\n[医] 战栗"
sho,abbr. 超高输出（Super High Output）；继发性肥大性骨关节病（secondary hypertrophic osteoarthropathy）
shock,"n. 震动, 冲突, 震惊, 冲击, 突击, 禾束堆, 休克, 长毛狗\nvt. 使震动, 使休克, 使受电击, 震惊得\nvi. 震动, 吓人\na. 蓬乱浓密的"
shocked,a. 震撼的；震惊的
shocker,"n. 令人震惊的东西, 令人震惊的人, 令人愤慨的人, 令人厌恶的人"
shocking,"a. 令人震惊的, 极坏的, 不正当的"
shockingly,"adv. 令人震惊地, 极糟地, 极度地, 极厉害地"
shocks,n. 缓冲装置；冲击；震动；蓬乱的一堆；禾束堆（shock的复数）
shoe,"n. 鞋, 靴, 外胎\nvt. 给...穿鞋, 为马钉蹄铁"
shoes,n. 鞋子（shoe的复数）
shone,shine的过去式和过去分词
shook,shake的过去式
shoot,"n. 射击, 狩猎, 芽, 射伤, 发射, 发芽, 急流, 推力, 摄影, 急送, 滑运道, 浪费\nvt. 射击, 射中, 损毁, 拍摄, 喷出, 投射, 挥出, 飞速行进, 挥霍, 给...注射\nvi. 射出, 射击, 发出, 拍电影, 射门, 发芽"
shooter,"n. 射手, 狩猎者, 手枪"
shooters,n. 射手；一口酒（一种鸡尾酒的名字）；射门者（shooter的复数形式）
shooting,"n. 发射, 猎场, 射击"
shootings,n. 射击( shooting的复数形式 ); 打猎; 射击竞赛; （通常指犯罪行为的）开枪
shootout, 交火; 点球大战; 枪战
shoots,n. 嫩枝
shop,"n. 商店, 工厂, 车间\nvi. 购物, 到处寻找\nvt. 选购"
shopper,"n. 购物者\n[经] 顾客, 购物的人"
shoppers,n. 购物者（shopper复数）
shopping,"n. 买东西, 购物\n[经] 购物, 买东西"
shops,n. 商店；商店用包装纸（shop的复数）
shore,"n. 海岸, 海滨, 斜撑柱\nvt. 把...送上岸, 支撑, 支持"
shoreline,n. 海岸线
shores,"n. 岸, 滨( shore的名词复数 ); 国家（尤指濒海国家）"
short,"a. 短的, 近的, 矮的, 短期的, 简短的, 少量的\nadv. 简短地, 突然\nn. 扼要, 短片, 缺乏\nvt. 故意少给, 使短路"
shortage,"n. 不足, 缺乏\n[化] 缺额"
shortages,n. 不足( shortage的复数形式 ); 缺少; 缺少量; 不足额
shortcomings,"n. 短处, 缺点( shortcoming的复数形式 ); 不足之处"
shortcut,"n. 捷径, 最短路线\n[计] 快捷方式"
shortcuts,n. 快捷键；快捷方式；捷径（shortcut的复数）
shorten,"vt. 弄短, 缩短, 减少\nvi. 缩小, 变短"
shortened,"v. 弄短, 缩短( shorten的过去式和过去分词 )"
shortening,"n. 缩短, 使糕饼松脆的油\n[化] 起酥油"
shorter,a. 较短的；更短的；更矮的（short的比较级）
shortest,[计] 最短的
shorthand,"n. 速记\n[法] 速记法, 速记, 记录文字"
shortlisted,a. 筛选后的（候选人名单）
shortly,"adv. 不久, 简短, 唐突地"
shorts,"n. 短裤, (美)男人的短衬裤\n[经] 空头户, 空头, 短期债券"
shorty,"n. 矮个子, 特别短的东西"
shot,"n. 发射, 炮弹, 射击, 射手, 投篮, 射门, 子弹, 射程, 拍摄, 注射\nvt. 装弹, 使成颗粒状\na. 杂色的, 交织着的, 渗透的, 点焊的, 破旧的\nshoot的过去式和过去分词"
shotgun,"n. 散弹猎枪, 媒人\nv. 用猎枪射击"
shots,n. 炮弹；射击；射手（shot的复数）
should,"aux. 应该, 将要"
shoulda,<美俚>= should have
shoulder,"n. 肩, 肩膀, 衣肩\nvt. 肩负, 负担, 担任\nvi. 用肩推挤"
shoulders,n. 肩部；肩膀（shoulder的复数）
shout,"n. 呼喊, 喊声\nvi. 呼喊, 喊叫, 嚷\nvt. 高喊"
shouted,"v. 呼, 喊, 叫( shout的过去式和过去分词 ); 大声讲"
shouting,"n. 呼喊, 喊话"
shouts,"n. 呼喊, 喊叫( shout的名词复数 ); 轮到请客\nv. 呼, 喊, 叫( shout的第三人称单数 ); 大声讲"
shove,"n. 推, 挤\nvt. 推挤, 猛推, 强使\nvi. 推"
shoved,"v. 推, 猛推, 乱推( shove的过去式和过去分词 ); 乱放; 随便放; 胡乱丢"
shovel,"n. 铲, 铁铲\nv. 铲"
shoving,"v. 推开, 挤浆（shove的ing形式）"
show,"n. 显示, 表现, 展览, 卖弄, 炫耀, 外观, 演出, 洋相\nvt. 表示, 显示, 展现, 陈列, 演出, 表明, 指出, 带领\nvi. 露面, 显现, 演出\n[计] 显示"
showcase,"n. 陈列橱\n[经] 商品陈列所, 货物陈列架"
showcased,"(showcase 的过去分词) n. 陈列橱\n[经] 商品陈列所, 货物陈列架"
showcases,"n. （商店或博物馆等的）玻璃柜台, 玻璃陈列柜( showcase的复数形式 ); 展示（本领、才华或优良品质）的场合\nv. （商店或博物馆等的）玻璃柜台, 玻璃陈列柜( showcase的第三人称单数 ); 展示（本领、才华或优良品质）的场合"
showcasing,"(showcase 的现在分词) n. 陈列橱\n[经] 商品陈列所, 货物陈列架"
showdown,"n. 摊牌, 暴露, 紧要关头"
showed,show的过去式和过去分词
shower,"n. 阵雨, 淋浴, 一阵, 展出者, 显示者\nvi. 淋浴, 下阵雨\nvt. 淋湿, 倾注"
showered,v. 下阵雨( shower的过去式和过去分词 ); 似阵雨般降落; 洒落; 纷纷降落
showering,v. 下阵雨( shower的现在分词 ); 似阵雨般降落; 洒落; 纷纷降落
showers,"n. 阵雨（shower的复数形式）；淋浴站, 淋浴设备"
showing,"n. 显示, 陈列, 展览, 成绩, 表现, 表演, 夸耀, 陈述, 叙述, 外表, 迹象"
shown,show的过去分词
showroom,"n. 陈列室\n[经] 样品间, 陈列室"
shows,"n. 秀场, 表演（show的复数）"
showtime,n. 好戏上演；（电视等的）节目播放时间
shrapnel,"n. 零钱, 榴霰弹, 弹片"
shred,"n. 碎布条, 细片, 少量\nv. 撕碎"
shredded,shred的过去式和过去分词
shreds,"v. 撕碎, 切碎( shred的第三人称单数 ); 用撕毁机撕毁（文件）"
shrek,n. 怪物史莱克（动画片名）
shrewd,"a. 精明的, 锐利的, 剧烈的, 机灵的, 厉害的"
shrewsbury,什鲁斯伯里[英国英格兰西部城市](即萨洛普)
shri,n. 先生(印度人对男子的尊称)
shrimp,"n. 虾, 小虾, 矮子\nvi. 捕小虾"
shrine,"n. 圣地, 神龛, 庙\nvt. 将...置于神龛内"
shrines,"n. 圣地, 圣坛, 神圣场所( shrine的名词复数 )"
shrink,"n. 收缩, 萎缩, 回避\nvi. 收缩, 退缩, 萎缩, 缩小, 回避\nvt. 使收缩, 使缩小"
shrinking,[医] 皱缩
shrinks,v. 收缩( shrink的第三人称单数 ); （使）缩水; 退缩; 畏缩
shropshire,"(黑头黑脚白毛无角)肉用羊, 萨罗普羊"
shroud,"n. 尸衣, 寿衣, 覆盖物, (船的)横桅索\nvt. 包以尸衣, 遮蔽, 隐藏, 覆盖"
shrub,"n. 矮树, 灌木, 果汁甜酒"
shrubs,n. 灌木( shrub的复数形式 )
shrug,n. 耸肩\nv. 耸肩
shrugged,vt. 耸肩（shrug的过去式与过去分词形式）
shrunk,shrink的过去式和过去分词
shu,abbr. 上海大学（Shanghai University）；辣味强弱程度（Scoville Heat Units）
shudder,"n. 战栗, 发抖\nvi. 战栗, 发抖"
shuffle,"n. 拖着脚走, 曳步, 混乱, 蒙混, 洗纸牌\nv. 拖曳, 马虎地做, 笨手笨脚地穿(脱)衣, 推诿, 洗牌\n[计] 混洗"
shun,"vt. 避开, 规避, 避免"
shunned,"v. 避开, 回避, 避免( shun的过去式和过去分词 )"
shut,"n. 关闭\nvt. 关上, 闭起, 幽禁, 合拢, 轧住\nvi. 关上, 停止营业"
shutdown,"n. 关门, 停工, 停机\n[经] 停工"
shutout,"n. 关厂, 停业, 被关在外面的人, 不让对方得分\n[经] 退关, 闭厂, 停业"
shuts,v. 关( shut的第三人称单数 ); 关上; （使）停止营业; 关门
shutter,"n. 百叶窗, 关闭物, 照相机快门, 关闭者\nvt. 为...装百叶窗, 以百叶窗遮闭"
shutters,"n. 百叶门窗, 百叶窗（shutter的复数形式）"
shutting,n. [轻工业]闭锁
shuttle,"n. 穿梭, 梭子, 往返移动之物\nv. (使)穿梭移动, 往返运送"
shy,"n. 惊跳, 惊避\na. 胆怯的, 畏缩的, 迟疑的, 羞怯的\nvi. 惊退, 乱投, 乱掷, 厌恶, 避开\nvt. 乱投, 乱掷"
si,"[计] 国际单位制, 串行接口, 移入\n[医] 硅(14号元素,旧名矽)"
sia,abbr. 新加坡航空公司（Singapore Airlines）
siam,n. 暹罗
siberia,n. 西伯利亚
siberian,a. 西伯利亚（人）的；来自西伯利亚的
sibling,"n. 兄弟, 同胞\n[医] 同胞(兄弟姐妹)"
siblings,"n. 兄弟, 姐妹( sibling的复数形式 )"
sic,adv. 原文如此
sicilian,a. 西西里岛的
sicily,n. 西西里岛（意大利一岛名）
sick,"n. 病人\na. 不舒服, 有病的, 恶心的, 厌恶的, 渴望的, 病态的\nvt. 呕吐, 追击, 使(狗)去攻击"
sickening,"a. 引起疾病的, 引起呕吐的, 令人厌恶的, 使人作呕的"
sickle,n. 镰刀
sickness,"n. 疾病, 不健康, 呕吐\n[医] 病"
sid,[计] 安全性标识
side,"n. 旁边, 侧, 方面, 胁, 侧边, 血统\na. 旁的, 侧的, 次要的\nvt. 同意, 支持\nvi. 支持, 赞助"
sided,"a. 有边的, 有面的"
sidekick,"n. 伙伴, 插袋"
sideline,"n. 副业, 旁线, 界线, 兼职, 旁观者看法\nvt. 使退出比赛场地"
sidelined,v. 使退出比赛( sideline的过去式和过去分词 ); 使下场（尤指由于受伤）; 把…排除在核心之外; 使靠边
sidelines,n. 副业( sideline的名词复数 ); 兼职; （球场等的）边线; 两侧场外区域\nv. 使退出比赛( sideline的第三人称单数 ); 使下场（尤指由于受伤）; 把…排除在核心之外; 使靠边
sides,n. 边；面数；台词表（side的复数形式）
sidewalk,n. 人行道
sidewalks,n. 人行道( sidewalk的复数形式 )
sideways,"adv. 向旁边, 向侧面地\na. 旁边的, 向侧面的"
siding,"n. 侧线, 旁轨, 边宽"
sidney,n. 西德尼（男子名）；茜德尼（女子名）
siege,"n. 包围, 围攻, 再三的努力\nvt. 包围, 围攻"
siemens,"n. 西门子（财富500强公司之一, 总部所在地德国, 主要经营电子电气）"
sierra,n. 呈齿状起伏的山脉
sig,[计] 特别兴趣新闻组
sigh,"n. 叹息\nvi. 叹息, 渴望\nvt. 叹息着说"
sighed,"v. 叹气, 叹息( sigh的过去式和过去分词 ); 悲鸣; 叹着气说; 叹息道"
sighs,n. 叹息；手势；标记（sigh的复数）
sight,"n. 景观, 视力, 眼界, 阅读, 见解, 意见\nvt. 看见, 瞄准\nvi. 瞄准, 观看\na. 即席的, 见票即付的"
sighted,"a. 有视力的, 不盲的"
sighting,n. 照准；瞄准；视线
sightings,"n. 照准, 观察, 视线( sighting的复数形式 )"
sights,"n. 风景, 名胜；视野（sight的复数）"
sightseeing,"n. 观光, 游览\na. 观光的, 游览的"
sigma,[计] 求和\n[医] σ(希腊文第十八个字母)
sign,"n. 符号, 招牌, 征兆, 正负号, 手势\nvt. 签名, 打手势表达\nvi. 签名\n[计] 正负号; 符号; 符号字符"
signage,n. 标记； 标识系统
signal,"n. 信号, 暗号, 近因, 导火线\nvt. 向...作信号, 标志, 用信号通知\nvi. 发信号\na. 作为信号的, 显著的\n[计] 信号"
signaled,"v. 以动作向…示意；用信号发出, 用信号通知；向…发信号（signal的过去分词）"
signaling,n. 发信号；打信号
signalling,[计] 信号传输法
signals,"n. 信号( signal的名词复数 ); （无线电或电视所传送的）讯号; 标志; （尤指铁路和公路上的）指示灯\nv. 发信号, 用信号传达, 用信号通讯( signal的第三人称单数 ); 发暗号; 示意"
signature,"n. 签字, 识别标志, 调号\n[计] 签名附件"
signatures,n. 签名；鲜明特征（signature的复数）
signed,a. 有符号的；有正负之分的；已签字的
significance,"n. 重要性, 意义, 意味\n[计] 有效; 有效性"
significant,"a. 重要的, 有效的, 有含义的, 暗示的, 值得注意的"
significantly,adv. 值得注目地；意味深长地
signifies,"v. 表示…的意思, 意味( signify的第三人称单数 ); 具有重要性, 要紧"
signify,"vt. 象征, 预示\nvi. 要紧, 重要"
signing,"[法] 签署, 签字"
signings,"(signing 的复数) [法] 签署, 签字"
signs,n. 标志；符号（sign的复数）
sikh,n. 锡克教教徒
sikhs,n. 印度锡克教徒( Sikh的名词复数 )
silas,n. 赛拉斯（男性名）
silence,"n. 沉默, 无声, 静寂, 湮没, 无声息\nvt. 使缄默\ninterj. 安静"
silenced,v. 使安静( silence的过去式和过去分词 ); 使沉默; 压制; （用以让人们安静）安静
silent,"a. 沉默的, 安静的, 无声的, 静止的\n[医] 静止的, 无症状的"
silently,"adv. 默默地, 静静地"
silhouette,"n. 黑色半身侧面影, 影子, 轮廓, 剪影\nvt. 描绘...成侧面影, 使照出影子来, 使仅仅显出轮廓"
silica,"n. 硅石, 二氧化硅\n[化] 二氧化硅"
silicon,n. 硅\n[化] 硅Si
silicone,n. 硅树脂\n[化] 硅氧烷; 聚硅氧烷
silk,"n. 丝, 绸, 绸锻类, 丝织品\na. 丝的, 丝织的"
silky,"a. 丝的, 柔滑的"
silly,"a. 愚蠢的, 糊涂的"
silva,"n. 森林, 森林志"
silver,"n. 银, 银币, 银器\na. 银的, 银制的, 银器的\nvt. 镀银\nvi. 变银白色"
sim,abbr. 用户身份识别卡（subscriber identity module）；工业管理学院（School of Industrial Management）；科学仪表舱（Scientific Instrument Module）；模拟计算机索引法（Simulated Machine Indexing）
similar,"a. 相似的, 类似的\nn. 相似的东西"
similarities,n. [ similarity ]的复数形式; 类似( similarity的复数形式 ); 相像性; 相仿性; 类似性
similarity,"n. 类似, 类似处\n[法] 类似, 相似, 类似事例"
similarly,"adv. 相像地, 类似于"
simmer,"vt. 煨\nvi. 炖, 内心充满\nn. 即将沸腾的状态, 即将发作"
simmons,西蒙斯（人名）
simon,n. 西蒙（男子名）
simone,n. 西蒙妮（电影名）；西蒙（女子名）
simons,n. 西蒙斯（男子名）；席梦思（家居品牌）
simple,"a. 简单的, 普通的, 朴素的, 单纯的, 绝对的, 初级的, 原始的, 迟钝的\nn. 出身低微者, 傻子"
simpler,n. 药草采集者\n[医] 草药医生
simplest,"a. 最简单的, 单纯的"
simplicity,"n. 单纯, 简朴, 朴素, 坦率, 天真\n[计] 简明性"
simplified,a. 简化了的
simplify,"vt. 单一化, 简单化"
simplistic,a. 过分简单化的
simply,"adv. 简单地, 只是, 简直, 简朴地, 坦白地"
simpson,n. 辛普森（姓氏）
simpsons,n. 辛普森一家（电影名）
sims,abbr. 次级离子质谱分析法（secondary ion mass spectroscopy）
simulate,"vt. 模拟, 假装, 模仿\n[法] 伪装的, 模拟的; 假装的, 伪装的, 冒充"
simulated,a. 模仿的\n[计] 模拟的
simulation,"n. 模拟, 假冒物, 模仿\n[计] 模拟"
simulations,n. 仿真；模拟（simulation的复数）
simulator,"n. 模拟器, 假装者\n[计] 模拟器"
simultaneous,"a. 同时的, 同时发生的\n[计] 同时的"
simultaneously,"adv. 同时发生, 一齐, 同时, 同时存在"
sin,"n. 罪, 犯罪, 过失, 失礼\nv. 犯"
sinai,n. 西奈
sinatra,n. 辛纳特拉（美国歌手、电影演员）
since,"prep. 自...以后, 自...以来\nadv. 自那时以后\nconj. 既然, 自...以后, 自...以来"
sincere,"a. 诚实的, 正直的, 真挚的, 纯净的"
sincerely,adv. 真诚地
sincerity,"n. 诚实, 真实, 诚心诚意"
sinclair,n. 辛克莱(m.)
sine,n. 正弦\n[计] 正弦
sinful,"a. 有罪的, 罪孽深重的\n[法] 有罪, 充满罪恶的"
sing,"vi. 唱, 唱歌, 演唱, 鸣, 啼\nvt. 唱, 歌颂\nn. 嗖嗖声"
singapore,n. 新加坡
singer,n. 歌手
singers,"n. 歌手, 歌唱家( singer的复数形式 ); 唱歌的人"
singh,n. 辛格（印度总理）；查理·拉杰（电影名）
singing,"n. 歌唱, 歌声\n[计] 振鸣; 蜂鸣"
single,"a. 单身的, 单程的, 单一的, 个别的, 孤独的, 专一的\nn. 一个, 单打, 单程票\nvt. 选出\nvi. 击出一垒打\n[计] 单精度型"
singled,v. 挑选( single的过去式和过去分词 )
singles,n. 单打比赛
singleton,"n. 一个, 独生子, 独身"
sings,n. 合唱；歌声（sing复数形式）
singular,"n. 单数\na. 异常的, 单一的"
singularity,"n. 奇异, 突出, 稀有\n[化] 奇点"
sinister,"a. 不吉利的, 凶恶的, 左边的\n[医] 左的"
sink,"n. 藏垢的场所, 沟渠, 污水槽\nvi. 下沉, 沉没, 下陷, 减弱, 衰退, 消沉, 堕落, 渗透\nvt. 使低落, 使下沉, 陷于, 投入(资金等), 挖掘"
sinking,"n. 沉没, 降低, 衰颓感\n[法] 偿还债务"
sinks,n. 低洼地；污水池；水槽（sink的复数）
sinn, [人名] 辛恩; [地名] [德国] 辛恩; [地名] [德国] 辛恩河
sinner,"n. 罪人, 不知礼仪的人, 无赖\n[法] 罪人, 无赖"
sinners,n. 罪人( sinner的复数形式 )
sino,"a. 中国人的, 中国的"
sins,n. 罪恶
sinus,"n. 窦, 静脉窦, 凹陷处"
sioux,a. 苏人的；苏语的
sip,"n. 啜饮, 小口喝, 抿\nvi. 啜饮\nvt. 啜\n[计] 单列直插式组件"
sipping,"v. 小口喝, 呷, 抿( sip的现在分词 )"
sir,"n. 先生, 阁下"
sire,"n. 陛下, 殿下, 父亲\nvt. 生殖, 创作"
siren,"n. 女海妖, 妖女, 警报器, 汽笛, 迷人的美女\na. 诱惑的\nvi. 响着警报器前进"
sirens,"n. 汽笛( siren的复数形式 ); 妖冶而危险的女人; 危险的诱惑; 塞壬（古希腊传说中半人半鸟的女海妖, 惯以美妙的歌声引诱水手, 使他们的船只或触礁或驶入危险水域）"
siri,n. iPhone 4S上的语音控制功能
sirius,n. 天狼星
sis,n. [美口]姐妹（等于sister）
sissy,"n. 女孩子, 女人腔的男人, 胆小鬼\na. 女人腔的"
sister,"n. 姐妹, 姐, 妹, 护士, 修女\nvt. 姐妹般对待"
sisters,n. 姐妹们（sister的复数形式）
sit,"vi. 坐, 就座, 坐落\nvt. 使就座, 骑\nn. 坐, 衣服合身"
sitcom,abbr. 情景喜剧（situation comedy）
site,"n. 位置, 场所, 地点\nvt. 给...择址"
sites,"n. 遗址, 举办地点；网站（site的复数）"
sits,v. 坐（sit的第三人称单数形式）
sitter,"n. 坐着的人, 坐着被画像的人"
sitting,"n. 入席, 就坐, 开庭, 孵卵\na. 坐着的, 就座的, 在职的, 在孵卵中的, 易被击中的"
situ,n. 原地
situated,"a. 位于...的, 坐落在...的, 处于某种境地的\n[法] 坐落...的, 位于...的, 处于某种境地的"
situation,"n. 情形, 境遇, 位置\n[医] 情境, 处境"
situational,a. 环境形成的；情形的
situations,n. 情境；状况；局面（situation的复数形式）
six,"num. 六, 六个"
sixers,(sixer 的复数) n. 得六分的击球
sixteen,"num. 十六, 十六个"
sixteenth,"num. 第十六, 十六分之一"
sixth,"num. 第六, 六分之一"
sixties,n. 六十( sixty的名词复数 )
sixty,"num. 六十, 六十个"
sizable,"a. 相当大的, 大小相当的"
size,"n. 大小, 尺寸, 规模, 尺码, 能力, 浆料\nvt. 上浆, 依大小排列\nvi. 可比拟\na. 一定大小的, 一定尺寸的"
sizeable,"a. 相当大的, 可观的"
sized,"a. 依大小排列的, 依大小调整的, 型号的, ...尺码的"
sizes,"n. 象素显示尺寸, 尺寸（size复数形式）"
sizing,"n. 涂料, 上浆\n[计] 调整大小"
sizzling,"v. 发咝咝声( sizzle的现在分词 ); 表现良好, 进行顺利; 把…烧得哧哧响, 烧焦; 恶言相骂"
sj,abbr. 耶稣会（Society of Jesus）；软焊接头（Soldered Joint）
sk,"[医] 链球菌激酶, 链球菌致活酶"
skate,"n. 溜冰, 冰鞋\nvi. 滑冰, 滑过"
skateboard,n. 溜冰板
skateboarding,n. 滑板运动
skater,n. 溜冰者
skaters,n. 滑冰者（ skater的复数形式 ）
skates,n. 冰鞋；滑架（skate的复数）
skating,n. 溜冰
skeletal,"a. 骨骼的, 框架的\n[医] 骨胳的"
skeleton,"n. 骨骼, 骨瘦如柴的人, 梗概, 骨干, 残骸\na. 骨骼的, 概略的, 基层的, 骨干的\n[计] 骨架"
skeletons,n. （建筑物等的）骨架( skeleton的复数形式 ); 骨骼; 梗概; 骨瘦如柴的人（或动物）
skeptical,"a. 怀疑论的, 怀疑的, 不可知论的\n[法] 怀疑的, 不信的, 怀疑论者的"
skepticism,n. 怀疑论\n[医] 多疑癖
sketch,"n. 素描, 草图, 小品\nv. 描绘略图, 画素描或速写"
sketches,n. 草图( sketch的名词复数 ); 素描; 速写; 梗概
sketchy,"a. 概略的, 草草完成的"
skewed,v. 歪曲( skew的过去式和过去分词 ); 曲解; 使不公允; 影响…的准确性
ski,n. 滑雪橇\nvi. 滑雪
skid,"vt. 刹住, 滚滑\nvi. 打滑\nn. 刹车, 滑动垫木"
skier,n. 滑雪的人
skiers,n. 滑雪的人
skies,n. 天空（sky的复数）
skiing,"n. 滑雪运动, 滑雪术"
skill,"n. 技术, 技巧, 技能, 熟练, 熟练工人\n[化] 技能"
skilled,"a. 熟练的\n[经] 熟练的, 有技能的"
skillful,"a. 熟练的, 巧妙的\n[机] 熟练的"
skills,n. 技术；技能；技巧（skill的复数形式）
skim,"vt. 撇取浮沫, 略读, 掠过\nvi. 擦过, 浏览\nn. 脱脂乳, 擦过, 表层物\na. 撇去浮沫的"
skin,"n. 皮肤, 皮\nvt. 剥皮, 在...植皮\nvi. 长皮, 愈合, 蜕皮"
skincare,a. 护理皮肤的
skinned,"a. 具有...皮肤的, 具有...肤色的, 没有草皮的"
skinner,"n. 皮商, 剥皮工人, 骗子\n[电] 剥波者"
skinny,"a. 似皮的, 极瘦的, 少的, 小气的\n[医] 皮的; 消瘦的"
skins,n. （美）连皮烤土豆；面板；皮囊；皮肤（skin的复数）
skip,"n. 跳跃, 跳读\nvi. 跳越, 跳读, 跳绳, 遗漏, 跳级\nvt. 跳过, 遗漏\n[计] 跳过"
skipped,a. 跳跃的
skipper,"n. 船长, 机长, 队长"
skipping,[计] 跳跃
skips,v. 跳( skip的第三人称单数 ); 跳绳; 悄悄溜走; 快速转移
skirt,"n. 裙子, 下摆, 边缘, 郊区\nvt. 位于...边缘, 绕过, 回避\nvi. 位于边缘"
skirts,n. 裙子；短裙（skirt的复数形式）
skis,n. 滑雪板( ski的名词复数 )\nv. 滑雪( ski的第三人称单数 )
skit,"n. 讽刺文, 戏文, 小喜剧"
skull,"n. 头盖骨, 头脑, 好学生\n[医] 头颅"
skulls,n. 颅骨( skull的复数形式 ); 脑袋; 脑子; 脑瓜
skunk,"n. 臭鼬, 臭鼬皮, 讨厌鬼\nvt. 使惨败, 欺骗"
sky,"n. 天空, 天色, 天堂\nvt. 击向空中, 挂在高处\nvi. 高涨"
skye,n. 匐犬（一种猎狐犬）；斯凯岛（苏格兰西部的岛）
skyline,"n. 天涯, 地平线, 空中轮廓线"
skype,n. 网络电话（一个网络语音沟通工具）
skyscraper,"n. 摩天楼, 三角形天帆"
skyscrapers,n. 摩天大楼( skyscraper的复数形式 ); 层楼高耸; 广厦高楼
skywalker,n. 天行者（星球大战中的人物名）
sl,"[计] 仿真语言, 源语言, 系统语言"
slab,"n. 平板, 厚片\nvt. 切成厚板, 以平板盖上"
slabs,[化] (复)胶块; 板状橡胶
slack,"n. 松弛, 松懈, 淡季, 闲散, 家常裤\na. 松弛的, 不流畅的, 疏忽的, 无力的, 呆滞的, 软弱的, 漏水的\nadv. 马虎地, 缓慢地\nvt. 放松, 使缓慢\nvi. 松懈, 减弱, 松弛"
slade,"abbr.Society of Lithographic Artists,Designers, Engravers,and Process Workers(英国)平版及套色印刷工人工会"
slag,"n. 熔渣, 矿渣, 无足轻重的人\nvt. 使变成熔渣\nvi. 变熔渣"
slain,slay的过去分词
slalom,n. 障碍滑雪
slam,"n. 砰然声, 猛然, 猛烈的抨击\nvt. 猛然关上, 砰地关上, 猛烈抨击\nvi. 砰地关上, 猛攻"
slammed,v. 砰地关上（门或窗）( slam的过去式和过去分词 ); 用力一放; 使劲一推; 猛劲一摔
slamming,n. [船舶]砰击
slams,"砰然声；批评, 猛击"
slander,"n. 中伤, 诽谤\nvt. 中伤, 诽谤"
slang,"n. 俚语\nv. 辱骂, 用俚语说"
slant,"n. 倾斜, 斜面, 观点, 偏见, 歪曲\na. 倾斜的\nv. (使)倾斜"
slap,"n. 掴, 掌击, 侮辱, 拍击声\nv. 拍击, 惩罚\nadv. 正面地, 直接地, 突然地"
slapped,"v. 掌击, 拍打( slap的过去式和过去分词 ); 制止; 镇压; （尤指生气地）啪的一声放下"
slapping,"a. 出奇快的, 巨大的\n[医] 掌拍法"
slaps,"n. 拍打声, 类似拍打的声音( slap的名词复数 )\nv. 掌击, 拍打( slap的第三人称单数 ); 制止; 镇压; （尤指生气地）啪的一声放下"
slash,"v. 猛砍, 乱砍\nn. 猛砍, 乱砍, 删减\n[计] 斜线"
slashed,v. 挥砍( slash的过去式和过去分词 ); 鞭打; 割破; 削减
slate,"n. 板岩, 页岩, 提名名单, 人选, 记录, 石板\na. 石板色的\nvt. 铺石板, 责骂, 痛打"
slated,v. 用石板瓦盖( slate的过去式和过去分词 )
slater,"n. 石板瓦工, 铺石板者"
slaughter,"n. 残杀, 屠杀, 杀戮\nvt. 残杀, 屠杀, 亏本出售"
slaughtered,"v. 屠杀, 杀戮, 屠宰( slaughter的过去式和过去分词 )"
slave,"n. 奴隶, 从动装置, 卑鄙的人\nvi. 拼命工作\n[计] 从设备"
slavery,"n. 奴隶的身分, 奴隶状态, 奴隶制度\n[法] 奴隶制度, 奴役, 苦役"
slaves,n. 斯拉夫人
slavic,"a. 斯拉夫的, 斯拉夫人的"
slay,"v. 杀害, 残杀"
slayer,"n. 杀人者, 凶手, 屠宰者\n[法] 杀人者, 凶手"
slaying,"n. 杀戮。\nv. 杀死, 宰杀, 杀戮( slay的现在分词 )"
sled,n. 雪撬\nvt. 用雪撬搬运\nvi. 乘雪撬\n[计] 单一大型贵重磁盘
sleek,"a. 光滑的, 油嘴滑舌的, 线条明快的, 圆滑的, 时髦的\nvt. 使光滑, 掩盖\nvi. 打扮漂亮, 滑动"
sleep,"n. 睡眠, 静止, 昏迷, 麻木, 长眠, 冬眠\nvi. 睡觉, 睡眠, 静止\nvt. 睡"
sleeper,"n. 睡眠者, 枕木, 卧铺\n[法] 睡眠者, 懒人, 死人"
sleeping,n. 睡眠\na. 睡着的
sleepless,"a. 不睡眠的, 睡不着的, 不休息的"
sleeps,v. 为…提供床位( sleep的第三人称单数 )
sleepy,"a. 困乏的, 欲睡的"
sleeve,"n. 袖子, 套管\nvt. 缝上袖子"
sleeves,n. 袖子（sleeve的复数形式）；套筒
slender,"a. 苗条的, 纤弱的, 微少的, 微薄的\n[机] 细的, 纤细的"
slept,sleep的过去式和过去分词
slew,"n. 沼地, 回转, 旋转, 扭转, 大量\nvt. 使旋转, 使猛拐, 使侧滑\nvi. 回转, 扭转, 侧滑, 猛拐\nslay的过去式"
slice,"n. 薄的切片, 一部分, 菜刀\nvt. 切成薄片, 切下\nvi. 切\n[计] 片"
sliced, 刨切的
slices,n. 部分( slice的名词复数 ); 锅铲; 削球
slicing,"[计] 切片, 切断, 限制, 分片"
slick,"a. 光滑的, 熟练的, 聪明的, 华而不实的, 老套的, 陈腐的\nadv. 灵活地, 聪明地\nvt. 使光滑, 使漂亮\nvi. 打扮整洁\nn. 光滑平面, 平滑器, 修光工具"
slid,slide的过去式和过去分词
slide,"n. 滑, 滑道, 山崩, 雪崩, 幻灯片\nvt. 使滑动, 偷偷放入\nvi. 滑动, 滑落, 不知不觉陷入, 偷偷地走"
slider,[电] 滑动器
slides,v. 滑；徐徐而行；下跌（slide的三单形式）
sliding,"a. 滑行的, 变化的\n[机] 滑动"
slight,"n. 轻蔑, 怠慢\na. 轻微的, 纤细的, 脆弱的, 苗条的\nvt. 轻视, 忽略, 怠慢"
slightest,"a. 极不重要的, 最少的"
slightly,"adv. 些微地, 苗条地"
slim,"a. 瘦的, 苗条的, 微小的, 稀少的, 微薄的\nvi. 变苗条\nvt. 使苗条"
slime,"n. 烂泥, 粘液\nvt. 涂上泥\nvi. 变粘滑"
sling,"n. 投石器, 抛掷, 吊索, 吊钩\nvt. 用投石器投掷, 用吊钩吊上, 吊起"
slip,"n. 滑, 滑行, 事故, 溜, 差错, 滑台, 下降, 插条, 后裔, 板条, 瘦长的年轻人\nvi. 滑动, 滑倒, 失足, 溜走, 滑落, 犯错, 变坏\nvt. 使滑动, 滑过, 摆脱, 闪开, 塞入, 从...取接枝\na. 滑动的, 滑移的, 活络的, 有活结的\n[计] 串行线接口协议"
slipped,a. 打滑的
slippers,n. 拖鞋（slipper的复数形式）
slippery,"a. 滑的, 光滑的, 靠不住的, 圆滑的, 不稳固的\n[法] 狡猾的, 不可靠的, 不安定的"
slipping,[经] 不严重的价格下跌
slips,n. 外场员防守的地区
slit,"n. 裂缝, 投币口, 狭长裂口\nvt. 切开, 扯裂, 使有狭缝\nvi. 纵切, 纵裂"
sloan,n. 斯隆（姓氏）；麻省理工学院斯隆商学院
sloane,n. 英国上流社会中衣着时髦的传统女子
slogan,"n. 呐喊声, 标语, 口号"
slogans,"n. 标语, 口号, 广告语( slogan的复数形式 )"
slope,"n. 倾斜, 斜坡, 斜率, 扛枪姿势\nvt. 使倾斜, 弄斜, 扛\nvi. 倾斜, 走, 逃走"
slopes,n. 斜坡( slope的名词复数 ); 斜面; 倾斜; 山坡\nv. 有斜度( slope的第三人称单数 ); 悄悄地走; 潜行
sloppy,"a. 泥泞的, 潮湿的, 粗心的"
slot,"n. 水沟, 细长孔, 硬币投币口, 缝, 狭槽, 狭通道, 位置, 一档(广播节目等)\nvt. 开槽于, 把...纳入机构\n[计] 槽; 存储槽"
sloth,"n. 怠惰, 懒惰"
slots,n. 插槽；老虎机（slot的复数）
slovak,n. 斯洛伐克语
slovakia,n. 斯洛伐克
slovenia,n. 斯洛文尼亚
slow,"a. 慢的, 缓慢的, 迟缓的, 迟钝的, 冷漠的, 落后的\nadv. 慢地, 迟缓地\nv. (使)慢下来"
slowdown,"n. 降低速度, 减速"
slowed,"v. （使）缓行, （使）减速( slow的过去式和过去分词 )"
slower,[计] 减慢
slowest,a. 最慢的（slow的最高级）
slowing,n. 放慢；减速；慢化
slowly,"adv. 慢慢地, 迟缓地"
slows,v. 减速（slow的第三人称单数）
sludge,"n. 软泥, 泥泞\n[化] 沉淀物; 泥状沉淀"
slug,"n. 鼻涕虫, 刺蛾, 懒汉, 弹丸, 金属小块, 重击\nvi. 偷懒, 动作迟缓\nvt. 重击"
sluggish,"a. 偷懒的, 懒惰的, 迟钝的\n[经] 萧条的, 呆滞的"
slum,n. 贫民窟\nvi. 访问贫民区
slumber,"n. 睡眠, 麻木状态\nvi. 微睡, 静止, 麻木\nvt. 睡着度过(时间)"
slump,"n. 暴跌, 垂头弯腰的姿态\nvi. 猛然掉落, 陷入, 衰落(经济等)"
slums,"n. 贫民窟, 贫民区( slum的名词复数 )"
slur,"n. 连音符, 诽谤, 玷污, 印刷模糊\nvt. 草率地看过, 忽略, 含糊地念\nvi. 模糊不清"
slurs,n. 含糊的发音( slur的名词复数 ); 玷污; 连奏线; 连唱线\nv. 含糊地说出( slur的第三人称单数 ); 含糊地发…的声; 侮辱; 连唱
slut,"n. 懒妇, 荡妇"
sluts,"n. 荡妇, 懒妇, 母狗( slut的复数形式 )"
slutty,a. 淫荡的
sly,"a. 狡猾的, 诡密的, 俏皮的, 偷偷摸摸的"
sm,"理科硕士\n[计] 仿真器, 同步调制解调器"
smack,"n. 风味, 滋味, 少量, 拍击声, 咂嘴声, 小渔船, 海洛因\nvi. 有味道, 咂嘴, 发出拍击声\nvt. 拍, 打, 掴, 咂, 出声地吻\nadv. 啪地一声, 猛然"
smacked,"v. 拍, 打, 掴( smack的过去式和过去分词 )"
small,"a. 小的, 少的, 小型的, 低微的, 小气的, 细微的\nadv. 些微地\nn. 狭小部分"
smaller,"a. 较小, 更小的"
smallest,a. 最小的（small的最高级）
smallpox,"n. 天花\n[医] 天花, 痘疮"
smart,"a. 聪明的, 漂亮的, 刺痛的, 剧烈的, 敏捷的, 巧妙的, 伶俐的, 潇洒的\nn. 刺痛, 痛苦\nvi. 刺痛"
smarter,a. 聪明的；精明的（smart的比较级）
smartest,聪明伶俐地\n敏捷地\n漂亮的\n聪明的\n敏捷的（smart 的最高级）
smartphone,n. 智能手机
smartphones, 智能手机（smartphone的复数）
smash,"n. 打碎, 粉碎, 打碎时哗啦声, 猛击, 扣球, 杀球, 经营失败, 破产, 硬币, 假硬币\na. 非常轰动的, 了不起的\nvt. 打碎, 粉碎, 击溃, 使破产, 使裂变, 使用假硬币\nvi. 碎裂, 猛撞, 破产, 扣球, 杀球\nadv. 轰隆一声, 哗啦一声"
smashed,a. 喝醉酒的\n[法] 酒醉的
smashing,"a. 猛烈的, 发出撞击声的, 了不起的, 轰动的"
smear,"vt. 涂, 擦上, 玷污, 把...擦模糊\nvi. 被弄脏\nn. 污点, 污迹, 污蔑"
smeared,v. 弄脏; 玷污; 涂抹; 擦上\na. 弄脏的; 污迹斑斑的
smell,"n. 味道, 气味, 嗅觉, 嗅, 臭味, 气息\nvt. 闻, 探出, 察觉, 发出...的气味\nvi. 嗅, 散发气味, 发臭"
smelled,smell的过去式和过去分词
smelling,"v. 嗅, 闻( smell的现在分词 ); 闻到; 嗅出; 觉察出"
smells,n. 臭味；气味（smell的复数）
smelly,"a. 发臭的, 有臭味的"
smh, [医][=state mental hospital]州立精神病院，国立精神病院
smile,"n. 微笑, 喜色, 笑容\nvi. 微笑, 觉得好笑\nvt. 微笑着表示"
smiled,vbl. 以微笑表示；微笑
smiles,n. 微笑；喜色（smile的复数）
smiley,[计] 微笑符
smiling,"a. 微笑的, 欢快的"
smith,"n. 铁匠, 金属品工匠\n[机] 锻造工, 上手"
smiths,n. 铁匠；制作者；[机] 锻工（smith的复数）\nv. 锻制；当锻工（smith的三单形式）
smithsonian,n. 史密森尼（美国博物馆）；史密森学会
smoke,"n. 烟, 雾气, 烟熏剂, 抽烟, 烟色\nvi. 吸烟, 冒烟, 弥漫\nvt. 以烟熏, 抽烟而导致..."
smoked,a. 熏制的
smoker,"n. 吸烟者, 吸烟的人, 吸烟车厢, (美)(非正式)蒸汽火车头"
smokers,n. 吸烟者( smoker的名词复数 )
smokes,"v. 冒烟( smoke的第三人称单数 ); 抽烟; 用烟熏制; 吸（烟）, 抽"
smokey,a. 多烟的
smoking,"n. 抽烟, 冒烟\n[医] 烟熏; 吸烟"
smoky,"a. 冒烟的, 满是烟的, 熏脏的, 烟灰色的"
smooth,"a. 平滑的, 平稳的, 流畅的, 和蔼的, 安祥的, 圆滑的, 调匀的, 无毛的\nvt. 使光滑, 烫平, 使平和, 消除\nvi. 变平滑, 变平静\nn. 一块平地, 平滑部分"
smoother,"n. 弄平的人, 路面平整机, 修光工具\n[机] 光镘"
smoothie,"n. 举止优雅的人, 善于奉承的人, 油嘴滑舌的人"
smoothly,"adv. 平滑地, 流畅地, 流利地"
sms,[计] 存储管理服务
smug,"a. 自以为是的, 自鸣得意的, 整洁的\nn. 书呆子, 自命不凡的家伙"
smuggle,"vt. 偷运, 走私, 私运\nvi. 走私"
smuggled,v. 偷运( smuggle的过去式和过去分词 ); 私运; 走私; 不按规章地偷带（人或物）
smugglers,n. 走私者( smuggler的复数形式 ); 走私船
smuggling,n. 走私\n[经] 走私
smurf,n. 拆分洗钱（者）
sn,[计] 顺序号\n[医] 锡(50号元素)
snack,"n. 小吃, 点心, 快餐\nvi. 吃零食, 吃快餐"
snacks,n. 快餐；小吃；零嘴（snack的复数）
snag,"n. (尖利的)突出物, (衣服等的)戳破处, 断牙, 意外障碍\nvt. 造成阻碍, 抓住机会, 抢到, 清除障碍物"
snail,"n. 蜗牛, 行动迟缓的人, 脑筋迟钝的人, 蜗形凸轮\nvt. (蜗牛般)缓慢地打发(时间)\nvi. 缓慢移动"
snails,n. 腹足类；蜗牛；行动迟缓的人或动物（snail的复数）
snake,"n. 蛇, 阴险的人\nvi. 曲折行进\nvt. 迂回, 拉, 急抽"
snakes,n. 蛇( snake的名词复数 ); 奸险的人; 卑劣的人; 蛇形浮动汇率制
snap,"vt. 使突然中断, 猛咬, 争夺, 拉断, 使有啪啪声, 厉声说, 突然射击, 用快照拍摄\nvi. 咬, 扑, 抓, 折断, 劈啪地响, 厉声说, 砰然关上\nn. 猛咬, 猛扑, 劈啪声, 申斥, 快照, 活力, 一般时期的寒冷天气, 揿钮\na. 突然的, 装搭扣的\nadv. 猛地\n[计] 子网访问协议"
snapped,v. 啪啪作响；突然中断；猛咬；给…拍快照（snap的过去分词）
snapping,"adv. 显著地, 强烈地, 非常地"
snaps,n. 纽扣；四合扣；饰片类（snap的复数形式）
snapshot,"n. 快照, 抽点打印\n[计] 瞬象; 抽点打印"
snapshots,"n. （快照）照片( snapshot的复数形式 ); 简介, 简要说明"
snare,"n. 陷阱, 诱惑, 圈套\nvt. 以陷阱捕获, 诱惑"
snatch,"n. 抢夺, 攫取, 片断\nvt. 夺取, 攫取\nvi. 想抢走, 攫取"
snatched,"v. 突然伸手拿取, 攫取, 抓住( snatch的过去式和过去分词 ); 抓紧时间做; 乘机获得; 夺去"
sneak,"vi. 鬼鬼祟祟做事\nvt. 偷偷地做\nn. 鬼鬼祟祟的人, 偷偷摸摸的行为, 帆布胶底运动鞋\na. 暗中进行的"
sneakers,n. 胶底运动鞋（sneaker的复数形式）
sneaking,"a. 偷偷逃走的, 暗中的, 卑微的\n[法] 隐密的, 鬼祟的, 卑怯的"
sneaky,"a. 鬼祟的, 卑微的"
sneeze,n. 喷嚏\nvi. 打喷嚏
sniff,"n. 以鼻吸气, 嗅, 气息\nvi. 嗅, 蔑视, 嗤之以鼻\nvt. 闻, 用力吸, 发觉"
sniffing,[计] 测错
sniper,n. 狙击兵
snipers,n. 狙击手( sniper的复数形式 )
snippet,"n. 小片, 片断, 摘录"
snitch,"vt. 偷, 扒(不太值钱的东西)\nvi. 进行小偷小摸, 告密, 告发\nn. 告密者, 告发者"
snl,abbr. 桑地亚国家实验室（Sandia National Laboratories）；标准术语表（Standard Nomenclature List）
snoop,"vi. 调查, 窥探\nn. 窥视行为, 爱管闲事的人, 私家侦探"
snoring,"v. 打呼噜, 打鼾( snore的现在分词 )"
snow,"n. 雪, 积雪, 下雪, 雪花形干扰\nvi. 下雪, 似雪般落下\nvt. 使雪白, 用雪覆盖, 使像雪般落下"
snowball,"n. 雪球, 果味冰霜卷, 滚雪球式的募捐法\nvt. 向...丢雪球, 使滚雪球般增长\nvi. 打雪仗, 滚雪球般增长"
snowboarding,v. 测雪板(snowboard的现在分词 )\nn. 单板滑雪; 滑板滑雪; 滑雪板
snowden,斯诺登(姓氏)
snowfall,"n. 降雪, 降雪量"
snowflake,"n. 雪片, 雪花, 雪片莲"
snowflakes,"n. 雪花, 雪片( snowflake的复数形式 )"
snowing,v. 下雪（snow的ing形式）
snowman,n. 雪人
snowy,"a. 多雪的, 雪的, 被雪所覆盖着的, 下雪的"
snp,abbr. （英国）苏格兰国民党（Scottish National Party）
snuck,<方>sneak的过去式和过去分词
snuff,"n. 烛花, 用鼻吸气, 嗅, 闻, 鼻烟, 气味\nvt. 剪烛花, 掐灭, 扼杀, 消灭, 用鼻吸, 嗅出, 闻出\nvi. 嗅, 闻"
snug,"a. 舒适的, 温暖的, 整洁的, 紧身的, 隐藏的\nvt. 使整洁干净, 使紧身, 隐藏"
snyder,n. 斯奈德（美国得克萨斯州城市名）
so,"adv. 如此, 如是, 如...那样\nconj. 所以, 因此\npron. 这样"
soak,"n. 浸, 湿透, 大雨\nvt. 使上下湿透, 浸, 吸入, 吸收, 浸洗掉\nvi. 浸泡, 渗透"
soaked,a. 湿透的
soaking,"a. 湿透的, 使人湿透的\nadv. 湿透地\nn. 浸, 渍, 泡"
soap,"n. 肥皂, 阿谀\nvt. 以肥皂洗, 阿谀\n[计] 评语"
soaps,n. 穿孔砖；肥皂（soap的复数形式）
soar,"n. 高扬, 翱翔\nvi. 往上飞舞, 高耸, 翱翔"
soaring,"a. 高飞的, 翱翔的, 高耸入云的, 崇高的, 高涨的\n[经] 飞涨的, 高涨的"
sob,"vi. 啜泣, 呜咽\nvt. 哭诉, 哭得使\nn. 啜泣, 呜咽"
sobbing,[医] 呜咽
sober,"a. 未醉的, 稳重的, 节制的, 严肃的, 不夸大的, 合理的, 朴素的\nvt. 使醒酒, 使严肃\nvi. 从醉里醒来, 变严肃"
sobriety,"n. 节制饮酒, 戒酒, 节制, 一本正经, 庄重"
sobs,"n. 啜泣（声）, 呜咽（声）( sob的名词复数 )\nv. 哭泣, 啜泣( sob的第三人称单数 ); 哭诉, 呜咽地说"
soc,[计] 社科新闻类
soccer,n. 英式足球
social,"a. 社会的, 群居的, 社交的\nn. 联欢会"
socialism,"n. 社会主义, 社会主义运动"
socialist,"n. 社会主义者, 社会党党员\n[法] 社会主义的"
socialists,n. 社会主义者( socialist的复数形式 )
socialize,"vt. 使社会化, 使社会主义化, 使适合社会需要\nvi. (美)(非正式)参加社交活动, 发生社交往来"
socially,"adv. 在社会上, 在社交上, 以社会生活方式"
societal,a. 社会的
societies,n. 社会( society的名词复数 ); 上流社会; 社团; 社群
society,n. 社会；社交界；交往；社团
socio,a. 社会的
socioeconomic,a. 社会经济学的
sociological,"a. 社会的, 社会学的"
sociology,n. 社会学\n[医] 社会学
sock,"n. 短袜, 鞋垫, 一击\nvt. 重击, 猛投, 给...穿袜\nvi. 打击\nadv. 正着地, 不偏不倚地\na. 非常成功的"
socket,"n. 窝, 穴, 插座, 眼窝\nvt. 插进插座\n[计] 套接字"
sockets,n. 套接口；插座；套筒（socket的复数）
socks,"短袜, 袜子, 鞋内的衬垫, 轻软鞋, 巨款, 存款, 存钱处, 银箱, 拳打, 一击, 重击"
socrates,n. 苏格拉底
sod,"n. 草地, (铺草坪用的)草皮, 故乡\nvt. 铺上草皮, 以生草土覆盖"
soda,"n. 苏打, 碳酸水\n[化] 纯碱; 苏打; 碳酸钠"
sodium,n. 钠\n[化] 钠Na
sofa,n. 沙发
sofia,n. 索非亚（保加利亚首都）
soft,"a. 软的, 温和的, 柔和的, 柔滑的, 温柔的, 软弱的, 坡度小的, 笨的, 纸币的\nn. 柔软的东西, 笨人, 纸币\nadv. 柔软地, 温和地"
softball,"n. 垒球运动, 垒球"
soften,"v. (使)变柔软, (使)变柔和"
softened,"a. 退火的, 软化"
softening,[机] 软化处理
softer,柔软的\n柔和的\n温和的（soft的比较级）
softly,"adv. 柔和地, 静静地, 温柔地"
software,n. 软件\n[计] 软设备
soggy,"a. 浸水的, 沉闷的\n[化] 欠硫; 硫化不足"
soho,"interj. 哈, 嗬"
soil,"n. 土壤, 土地, 国家, 国土, 温床, 污物, 粪便, 水池\nvt. 弄脏, 污辱\nvi. 变脏"
soils,"n. 泥土( soil的名词复数 ); 国土; 领土; 土地\nv. 弄脏, 污辱( soil的第三人称单数 )"
sol,"n. 溶胶, 索尔(秘鲁货币单位)\n[化] 溶胶"
solace,"n. 安慰, 安慰之物\nvt. 安慰, 抚慰, 给与安慰, 使轻松"
solar,"a. 太阳的, 日光的, 源自太阳的\n[医] 太阳的; 腹腔丛的"
sold,sell的过去式和过去分词
solder,"n. 焊接剂, 接合物\nv. 施以焊接, 焊合, 联结"
soldier,"n. 军人, 士兵, 兵蚁\nvi. 从军, 尽职, 偷懒, 磨洋工"
soldiers,n. 士兵；战士数量（soldier的复数）
sole,"n. 脚掌, 鞋底, 底部\na. 唯一的, 仅有的, 单独的, 独身的\nvt. 上鞋底, 触底"
solely,"adv. 仅仅, 单独地"
solemn,"a. 严肃的, 郑重的, 庄严的"
soles,n. 鞋底( sole的名词复数 ); 有...底的 -soled; 脚掌; 鳎（可食用比目鱼）
solicitation,"n. 恳求, 恳请, 教唆, 诱惑"
solicitor,"n. (英)律师, 初级律师, (美)法务官, (美)掮客, 游说者, (美)募捐者\n[经] 募损者, 律师"
solicitors,n. 初级律师( solicitor的复数形式 )
solid,"n. 固体\na. 坚硬的, 稳固的, 固体的, 实心的, 纯质的, 立体的, 立方的\n[计] 原色"
solidarity,"n. 团结, 团结一致, 共同一致\n[法] 团结, 共同责任"
solidly,adv. 坚硬地；坚固地；团结一致地
solids,n. 固体( solid的复数形式 ); 立体图形; 立方体; 硬粒
solitary,"n. 独居者\na. 孤独的, 独居的"
solitude,"n. 孤独, 单独, 孤寂"
solo,"n. 独奏, 独唱, 单独表演\na. 单独的, 独奏的, 独唱的\nvi. 放单飞"
solomon,"n. 所罗门(古以色列国王), 聪明人, 贤人\n[计] 所罗门阵列处理机"
solos,"独奏曲, 独唱, 独奏, 独唱曲, 单独表演, 单飞, 单人纸牌戏"
solstice,"n. 至, 至日, 至点, 极限, 决定性时刻"
soluble,"a. 溶解的, 可溶解的, 可以解决的\n[医] 溶解的, 可溶的"
solution,"n. 解决, 解答, 溶液\n[化] 溶液"
solutions,n. 解决方案；应对措施；溶液剂（solution的复数）
solve,"vt. 解决, 付给, 溶解\nvt. 求解\nvi. 求解\n[计] 求解"
solved,a. 解决了的
solvent,"n. 溶剂\na. 有偿付能力的, 有溶解力的"
solves,v. 解决( solve的第三人称单数 ); 解答; 解释; 揭示
solving,v. 解决
som,[计] 报文开始符
soma,"n. 身体, 肉体, 身体细胞\n[医] 体, 躯体"
somali,n. 索马里人
somalia,n. 索马里
some,"pron. 一些, 一部分, 若干\nadv. 大约\na. 一些的, 少许的, 某一的"
somebody,"n. 了不起的人, 大人物\npron. 有人, 某人"
someday,adv. 有一天
somehow,adv. 不知何故
someone,"pron. 有人, 某人"
someones,"pron. 有人, 某人"
someplace,adv. 在某处\nn. 某处
somerset,n. 有衬垫的马鞍（独腿者乘坐的）
something,"pron. 某事, 某物"
somethings,pron. 某事；某物\nn. 重要的人；值得重视的事\nadv. 非常；有点；大约\na. 大约；有点象
sometime,"a. 以前的, 某一时间的\nadv. 改天, 来日"
sometimes,"adv. 有时, 时常, 往往"
somewhat,"n. 某物, 几分\nadv. 多少, 几分"
somewhere,"adv. 到某处, 在某处"
son,"n. 儿子, 女婿, 子孙\n[法] 儿子, 女婿, 养子"
sonar,n. 声纳\n[计] 声纳
sonata,n. 奏鸣曲
song,"n. 歌, 曲, 鸣声, 歌唱, 歌曲, 诗歌"
songs,"n. 歌曲, 歌集（song的复数）"
songwriter,n. 流行歌曲的作者
songwriters,"n. 歌词作者, 歌曲的词曲作者( songwriter的复数形式 )"
songwriting, 歌曲创作
sonia,n. 索尼亚（女子名）
sonic,"a. 音波的, 音速的, 声音的\n[电] 音波"
sonny,"n. 宝贝, 小家伙"
sonoma, [地名] [洪都拉斯、美国] 索诺马
sons,n. 儿子们（son的复数）；子弟
sony,n. 索尼（日本电子娱乐公司）
soo,abbr. 超氧化物歧化酶；单点登录系统；销售订单
soon,"adv. 不久, 早, 快, 宁可"
sooner,"n. (美)(非正式)抢先占有土地者, 抢先而获得不正当利益的人"
soothe,"vt. 缓和, 使安静, 安慰, 奉承\nvi. 起安慰作用"
soothing,"a. 抚慰的, 使人宽心的\n[医] 缓解的, 安抚的"
sophia,n. 索菲娅（女子名）
sophie,n. 索菲（女子名）
sophisticated,"a. 复杂的, 久经世故的\n[法] 尖端的, 高级的, 非常有经验的"
sophistication,"n. 诡辩, 老于世故, 复杂(性)\n[医] 掺假"
sophomore,"n. (大学)二年级生\na. 二年级学生的, 二年级的"
soprano,"n. 女高音, 最高音部, 女高音歌手\na. 女高音的"
sorcerer,"n. 男巫士, 魔术师\n[法] 男巫师, 魔法师"
sorcery,"n. 巫术, 魔术\n[法] 巫术"
sore,"a. 悲伤的, 痛的, 引起痛苦的\nn. 痛处, 溃疡, 疮"
sorely,"adv. 疼痛地, 强烈地, 非常"
sorority,"n. 妇女联谊会, 女学生联谊会"
soros,n. 索罗斯（投资专家）；索罗斯基金
sorrow,"n. 悲伤, 哀惜, 不幸\nvi. 悲伤, 懊悔, 遗憾"
sorrows,n. 悲痛( sorrow的名词复数 ); 遗憾; 不幸的事; 忧患
sorry,"a. 难过的, 悲哀的, 遗憾的"
sort,"n. 种类, 方式, 品质, 态度, 举止\nvt. 分类, 排序, 挑选\nvi. 交往, 协调\n[计] 排序; DOS外部命令:从标准输入设备接收数据, 整个数据输入完后\n对它以行为单位进行排序, 然后在标准输出设备上输出"
sorta,adv. 有几分地
sorted,a. 分选的；分类的；挑选的
sorting,"[计] 排序\n[经] 分类拣选, 整理"
sorts,n. 程度；种类；品质（sort的复数）
sos,紧急呼救信号\n[计] 独立操作系统
sought,seek的过去式和过去分词
soul,"n. 灵魂, 心灵, 精神, 精髓, 人, 化身, 典型, 鬼魂\na. 黑人的"
soulful,"a. 充满精神的, 感情上的, 高尚的"
souls,n. 灵魂；精神（soul的复数）
sound,"n. 声音, 语音, 吵闹, 声调, 听力范围, 探条, 海峡\na. 健全的, 可靠的, 合理的, 健康的, 彻底的, 资金充实的\nadv. 彻底地, 充分地\nvi. 发出声音, 回响, 测深, 试探, 听起来\nvt. 使发声, 宣告, 听诊, 测...深, 试探\n[计] 声音"
sounded,vbl. 听起来
sounding,"a. 发出声音的, 响亮的, 夸大的, 听上去堂皇的, 夸张的\nn. 测深, 水深测量, 探空, 试探, 调查, 搜集意见"
sounds,"n. 音效, 声音（sound的复数）"
soundtrack,"n. 声迹, 声槽, 声带"
soup,"n. 汤, 马力\nvt. 加速, 增加马力"
soups,"n. 汤, 羹( soup的名词复数 )"
sour,"a. 酸的, 酸臭的, 发酵的, 愠怒的, 讨厌的, 拙劣的, 不健全的\nvi. 变酸, 发酵, 厌烦, 变坏\nvt. 使变酸, 使失望\nn. 酸味, 酸饮料"
source,"n. 来源, 水源, 根源, 原始资料, 源\n[计] 来源, 源程序"
sourced,"a. 有来源的, 有出处的"
sources,n. 输入源；发起者；来源（source的复数）
sourcing,[电] 纯源化
sous,n. 苏斯（摩洛哥地区）
south,"n. 南方, 南\na. 南的, 向南的\nadv. 在南方\nvi. 转向南方"
southampton,n. 南安普敦（英国港市）
southbound,"a. 向南行的, 向南行驶的"
southeast,"n. 东南, 东南地区\na. 东南的, 向东南的, 来自东南的\nadv. 往东南, 来自东南"
southeastern,a. 东南方的
southend,n. 索森德； 绍森德
southern,"n. 南方人, 男风\na. 向南方的, 来自南方的"
southwest,"n. 西南, 西南方, 西南地区\na. 西南的, 来自西南方的\nadv. 往西南, 来自西南"
southwestern,"a. 西南的, 向西南的, 来自西南的, 西南部的"
souvenir,n. 纪念品
souvenirs,n. 纪念品( souvenir的名词复数 )
sovereign,"n. 元首, 独立国\na. 具有主权的, 至高无上的, 国王的, 完全的"
sovereignty,"n. 主权, 独立国\n[法] 主权, 主权国家, 统治权"
soviet,"n. 代表会议, 苏维埃, 苏联\na. 苏维埃的, 苏联的"
soviets,"n. 布尔什维克, 苏联人"
sow,"n. 母猪, 懒胖女人\nvt. 播种, 散布, 使密布\nvi. 播种"
sox,"短袜, 袜子, 鞋内的衬垫, 轻软鞋, 巨款, 存款, 存钱处, 银箱, 拳打, 一击, 重击"
soy,"n. 酱油, 大豆\n[医] 大豆; 酱油"
soybean,n. 大豆\n[化] 大豆
sp,"岸上宪兵, 基地宪兵\n[计] 结构程序设计, 用户过程处理"
spa,"n. 矿泉, 温泉浴场, 矿泉治疗地\n[计] 软件出版者协会"
space,"n. 位置, 空间, 距离, 太空, 空白, 间隔, (期刊等的)篇幅\nvt. 隔开, 分隔\nvi. 留间隔\n[计] 空白, 空格校验"
spacecraft,n. 航天飞船
spaced,a. 以规定距离排列的；间隔排列的；隔开的
spaces,n. 空间；空格；控制室（space的复数）
spaceship,n. 宇宙飞船
spacing,"n. 留间隔, 空隙, 空白, 间隔\n[计] 间隔"
spacious,"a. 广大的, 宽广的"
spade,"n. 铲子, 锄, 铲刀, 黑桃\nvt. 以锄掘, 把...弄实抹平\nvi. 铲"
spades,n. 锹（spade的复数）
spaghetti,n. 意大利面条
spain,n. 西班牙
spam,"n. 罐头猪肉, 垃圾邮件\nv. 发送垃圾邮件"
spamming,[计] 滥塞
span,"n. 指距, 全长, 跨距, 一段时间, 小范围\nvt. 以手指测量, 跨越, 架设, 持续"
spaniards,"n. 西班牙人, 西班牙居民( Spaniard的复数形式 )"
spanish,"n. 西班牙人, 西班牙语\na. 西班牙的"
spanking,"a. 清爽的, 疾行的, 强烈的\nadv. 显著地\nn. 拍击, 打屁股"
spanned,a. [生]生活期有限的
spanning,[计] 生成
spans,n. 跨度( span的名词复数 ); 持续时间; 一段时间; （五指张开时的）指距
spare,"n. 剩余, 备用品, 备件, 备用零件, 备用轮胎\na. 多余的, 备用的, 空闲的, 节约的, 瘦的\nvi. 节约, 省掉, 宽恕\nvt. 节约, 省用, 剩下, 饶恕, 赦免"
spared,v. 抽出( spare的过去式和过去分词 ); 节省; （尤指不会造成不便或损失地）供给; 剩下
spark,"n. 火花, 火星, 闪光, 无线电报务员, 瞬间放电, 活力, 朝气, 花花公子, 情郎\nvi. 闪光, 发火花, 求婚\nvt. 发动, 鼓舞, 使有朝气, 求婚"
sparked,"vi. 发出火星, 发出闪光（spark的过去式与过去分词形式）"
sparkle,"n. 闪耀, 火花, 活力, 发泡\nvi. 闪耀, 冒火花\nvt. 使闪耀"
sparkling,"a. 闪闪发光的, 闪烁的, 闪烁着才华的"
sparks,n. （船或飞机上的）无线电通信师
sparring,"n. 对打；夹条板, 保护条"
sparrow,n. 麻雀
sparse,"a. 稀疏的, 稀稀落落的, 稀薄的"
sparsely,adv. 稀疏地; 稀少地; 不足地; 贫乏地
sparta,n. 斯巴达（希腊南部的古代城邦）
spartan,"a. 斯巴达的, 斯巴达式的, 刚强的, 勇敢的, 好战的, 严峻的, 简朴的, 艰苦的\nn. 斯巴达人, 勇士, 坚韧不拔的人"
spartans,n. 斯巴达（spartan的复数形式）
spat,"n. 蚝卵, 口角, 拍打\nvi. 拍打, 争吵\nspit的过去式和过去分词"
spatial,"a. 空间的, 受空间条件限制的, 占地位的\n[医] 隙的, 间隙的, 腔的; 空间的, 立体的"
spawn,"n. (鱼)卵, 产物\nvt. 产卵, 酿成, 大量生产\nvi. 产卵, 大量生产"
spawned,v. 孵出；引起（spawn的过去分词）
spawning,"v. 播种, 产卵；大量生成（spawn的现在分词）"
spd,abbr. 电涌保护器；补充石油税；统计过程诊断（Statistical Process Diagnosis）
speak,"vi. 说, 说话, 演说, 发言\nvt. 说, 讲, 说出"
speaker,"n. 说话人, 讲演者, 发言人, 喇叭, 扬声器\n[计] 扬声器"
speakers,n. 演说家；扬声器；发言者（speaker的复数）
speaking,"n. 谈话, 演说\na. 讲话的, 适于说的, 讲某种语言的"
speaks,"v. 讲, 谈( speak的第三人称单数 ); 说; 演说; 从某种观点来说"
spear,"n. 矛, 枪, 持矛者, 嫩枝\nvt. 用矛刺\nvi. 刺, 戳\na. 父系的"
spears,n. 斯皮尔斯（姓氏）
spec,"n. 投机, 投机事业, 规格, 说明书, 专业人员\n[化] 加工单"
special,"n. 专辑, 专车, 号外, 特别的东西, 负有特别任务的人员\na. 特别的, 专门的, 特殊的, 额外的, 附加的, 特别亲密的"
specialised,"a. 专门的, 特别的, 专科的, 特化的, 专化的"
specialising,"v. 专门从事, 专攻( specialise的现在分词 )"
specialist,"n. 专门医师, 专家\na. 专业的, 专家的"
specialists,n. 特种经纪人；专科医生；专家（specialist的复数）
speciality,"n. 专长, 擅长, 特种技能, 详细说明, 特性, 特产, 专业\n[化] 特制品"
specialization,"n. 专业化, 特殊化, 专门化\n[经] 特殊化, 专门化"
specialize,"vt. 使特殊化, 列举, 特别指明, 限定...的范围\nvi. 成为专家, 专攻"
specialized,"a. 专门的, 特别的, 专科的, 特化的, 专化的\n[计] 专业化的"
specializes,"v. 专门从事, 专攻( specialize的第三人称单数 )"
specializing,n. 专攻
specially,"adv. 特别地, 专门地"
specials,n. 特殊的人或事；特刊；降价（special的复数形式）
specialties,n. 特别；专长；特性（specialty的复数）
specialty,"n. 专业, 专长, 特产, 特制品, 特性, 特点\na. 专门的, 独立的"
species,"n. 种, 类, 外形\n[医] 茶剂; 种"
specific,"n. 特效药, 特性\na. 特殊的, 明确的, 具有特效的, 特定地, 具体地"
specifically,"adv. 特定地, 明确地, 按特性"
specification,"n. 规格, 详述, 详细说明书\n[计] 规范; 形式说明; 说明; 说明书; 规格"
specifications,"n. 规格, 规范, 明细单, 说明书, 详细的计划书"
specificity,"n. 特异性, 专一性, 特殊性, 特性, 特征\n[化] 专一性"
specifics,n. 详情；细节；特性（specific的复数）
specified,a. 规定的；详细说明的
specifies,n. 指定
specify,"vt. 详列, 指定, 说明\n[计] 指定"
specifying,n. 说明
specimen,"n. 样品, 标本, 试料\n[化] 试样"
specimens,n. 样品( specimen的复数形式 ); 范例; （化验的）抽样; 某种类型的人
specs,"n. 眼镜, 规格, 说明书"
spectacle,"n. 引人羡慕的东西, 景象, 眼镜, 场面, 公开展示"
spectacles,n. 眼镜\n[化] 眼镜
spectacular,"a. 公开展示的, 惊人的, 壮观的\nn. 奇观, 惊人之举, 展览物"
spectator,"n. 观众, 目击者, 旁观者"
spectators,n. 观众；旁观者（spectator复数）
spectra,"系列, 范围, 谱, 光谱, 波谱, 射频频谱, 无线电信号频谱, 余象\n[计] , 光谱, 频谱"
spectral,"a. 光谱的, 鬼怪的, 幻觉的\n[医] 光谱的"
spectre,"n. 幽灵, 妖怪, 凶兆"
spectroscopy,n. 光谱学\n[化] 光谱学
spectrum,"n. 光谱, 范围, 系列\n[化] 光谱"
speculate,"vi. 深思, 推测, 投机\n[经] 投机"
speculated,"v. 思索, 猜测, 推测( speculate的过去式和过去分词 ); 投机"
speculation,"n. 沉思, 推测, 投机\n[经] 投机交易, 买空卖空"
speculative,"a. 思索性的, 投机的, 推测的\n[经] 投机的, 冒险的"
sped,speed的过去式和过去分词
speech,"n. 演讲, 说话, 谈话, 言语, 引语, 民族语言\n[医] 言语, 语言"
speeches,n. 说话( speech的复数形式 ); 演说; 说话方式; 口语
speechless,"a. 不会说话的, 哑的, 说不出话的, 无言的, 非言语所能表达的, (非正式)烂醉的"
speed,"n. 速率, 速度, 迅速\nvi. 加速, 超速, 快进\nvt. 快速传送, 促进, 使加速\n[计] 中央处理机速度设置程序"
speeding,n. 超速行驶
speeds,"n. 速度( speed的名词复数 ); 快速; 快门速度; 感光度\nv. 急行, 加速( speed的第三人称单数 ); 超速行驶; 快速运送; 加速, 促进"
speedway,"n. 汽车(或摩托车)竞赛场, 高速公路"
speedy,"a. 快的, 迅速的\n[经] 快的, 迅速的"
spell,"n. 符咒, 魅力, 轮值, 轮班, 工作时间, 一次发作\nvt. 拼写, 拼成, 琢磨, 理解, 招致, 轮换, 迷住\nvi. 轮换, 拼字"
spelled,spell的过去式和过去分词
spelling,"n. 拼, 拼字, 拼法\n[计] 拼写检查"
spells,v. 拼写（spell的第三人称单数）
spelt,spell的过去式和过去分词\n[医] 德国小麦
spence,"n. 思朋斯（男子名, 等于Spencer）"
spencer,"n. 针织短外衣, 斜桁纵帆"
spend,"vt. 花费, 浪费, 度过, 消耗, 消磨\nvi. 花费, 用尽"
spending,"n. 经费, 开销\n[经] 开支, 开销, 经费"
spends,"v. 用钱, 花钱( spend的第三人称单数 ); 花费; 消耗; 花（时间）"
spent,"a. 用尽的, 精疲力竭的\nspend的过去式和过去分词"
sperm,"n. 精液, 精虫, 鲸油, 抹香鲸\n[化] 鲸蜡油"
sphere,"n. 球, 球面, 球体, 天体, 地球仪, 范围\nvt. 包围, 使成球体, 放入球内"
spheres,n. 球（体）( sphere的复数形式 ); （兴趣或活动的）范围; （包围地球等的大气的）层; 圆球
spherical,"a. 球的, 球面的, 球状的, 天体的\n[医] 球形的, 球状的"
spice,"n. 香料, 药料, 香气, 调味品, 情趣, 少许\nvt. 加香料, 使添趣味"
spices,"n. 香味料, 调味料（spice的复数）"
spicy,"a. 香的, 多香料的, 辛辣的, 下流的"
spider,"n. 蜘蛛, 设圈套者\n[化] 星形轮"
spiderman,n. <主英>高空作业的建筑工人
spiders,n. 蜘蛛；网页爬虫；蜘蛛布（spider复数）
spielberg,n. 斯皮尔伯格（美国著名导演）
spies,n. 间谍；密探（spy的复数形式）
spike,"n. 长钉, 鞋钉, 钉状物, 尖峰状物, 穗\nvt. 以大钉钉牢, 用尖物刺穿, 阻止, 弃置不用\n[计] 尖峰信号"
spiked,a. 有穗的
spikes,n. 钉鞋（spike的复数）
spill,"n. 溢出, 溅出, 摔下, 溢出量, 木片, 小塞子\nvt. 使溢出, 使散落, 洒, 使流出, 倒出, 使摔下\nvi. 溢出, 涌流, 摔下"
spilled,spill的过去式和过去分词
spilling,"v. 跌下；溢漏, 泄漏（spill的现在分词）"
spills,"n. 漏损, 溢出（spill的复数）"
spin,"n. 旋转, 自旋, 疾驰, 情绪低落\nvt. 纺织, 纺, 使旋转, 编造\nvi. 纺纱, 吐丝, 作茧, 结网, 旋转, 自旋, 疾驰"
spinach,"n. 菠菜, 货币, 胡说八道"
spinal,"a. 针的, 尖刺的, 尖刺状突起的, 脊骨的\n[医] 棘折; 脊柱的"
spindle,"n. 纱锭, 纺锤, 轴, 心轴\nvi. 变细长\nvt. 装锭子于\na. 像锭子的"
spine,"n. 背骨, 脊柱, 尖刺\n[医] 脊柱; 棘, 刺; 马蹄嵴"
spines,n. 脊柱( spine的复数形式 ); 脊椎; （动植物的）刺; 书脊
spinner,"n. 纺纱工人, 旋床工人, 纺纱机, 机头罩, 旋转动作, (美)(非正式)卡车司机\n[计] 微调控制项"
spinning,n. 纺纱\n[化] 纺丝
spinoff,[经] 副产品
spins,n. 旋转；暴跌；尖硬纤维（spin的复数）
spiral,"n. 螺旋形之物, 螺线\na. 螺旋形的, 盘旋的\nvi. 螺旋形下降, 螺旋形上升, 螺旋形行进\nvt. 使螺旋形行进"
spire,"n. 尖塔, 尖顶, 锥形体, 螺旋\nvi. 突出, 耸立, 螺旋形上升\nvt. 给...加塔尖"
spirit,"n. 精神, 心灵, 灵魂, 态度, 志气, 人格, 情绪, 心情, 烈酒\nvt. 诱拐, 鼓励, 鼓舞"
spirited,"a. 有精神的, 活泼的, 生气勃勃的"
spirits,"n. 情绪, 兴致, 心情, 烈酒, 酒精"
spiritual,"a. 精神上的, 神圣的, 崇高的, 高尚的, 鬼的, 招魂术的\nn. 有关教会的事"
spirituality,"n. 精神性, 灵性, 教士, 牧师"
spiritually,adv. 在精神上地
spit,"n. 唾液, 唾吐, 小雨, 炙叉, 一铲的深度\nvt. 唾吐, 吐出, 降小雨, 用炙叉穿过\nvi. 吐唾沫, 吐痰, 唾弃, 飘霏霏细雨"
spite,"n. 恶意, 怨恨, 使人烦恼的事物\nvt. 故意刁难, 欺侮"
spitting,v. 吐痰；啐唾沫；吐出；用炙叉叉住（spit的ing形式）
splash,"n. 飞溅, 污点, 一点儿, 溅泼声, 色斑\nvi. 溅湿, 溅开, 飞溅\nvt. 溅, 泼, 使溅起水, 洒, 使成斑驳状"
splashing,[医] 击水声
spleen,"n. 脾脏, 坏脾气, 怨恨\n[医] 脾"
splendid,"a. 光亮的, 了不起的, 灿烂的, 壮丽的, 显著的, 杰出的"
splinter,"n. 碎片, 尖片, 分裂出来的小派别, 微小的东西\nv. 使分裂, (使)破裂"
split,"n. 劈开, 裂片, 裂缝, 分裂, 派系, 派别, 柳条\na. 劈开的\nvi. 分离, 分开, 裂开, 被劈开\nvt. 劈开, 切开, 使分裂, 使分离\n[计] 拆分"
splits,"n. 劈叉; 划分( split的名词复数 ); 分歧; 裂缝; 劈叉\nv. （使）裂开, （使）破裂( split的第三人称单数 ); 分裂; 分开; [俚语]（迅速）离开"
splitting,"a. 爆裂似的, 极快的\n[化] 剖层"
spoil,"n. 战利品, 赃物, 奖品, 变质, 次品\nvt. 损坏, 破坏, 溺爱\nvi. 腐坏, 掠夺"
spoiled,spoil的过去式和过去分词\n[经] 损坏的
spoiler,"n. 掠夺者, 搞坏事情的人, 宠坏别人的人"
spoilers,"(spoiler 的复数) n. 掠夺者, 搞坏事情的人, 宠坏别人的人"
spoiling,"v. 扫兴；损坏, 破坏（spoil的现在分词）"
spoils,n. 赃物；战利品（spoil的复数）
spoilt,spoil的过去式和过去分词
spokane,n. 斯波坎市（美国华盛顿州）
spoke,"n. 轮辐\nvt. 装轮辐, 用刹车刹住\nspeak的过去式"
spoken,"a. 口头讲的, 口语的\nspeak的过去分词"
spokesman,"n. 发言人, 代言者"
spokesperson,"n. 发言人, 代言人"
spokeswoman,"n. 女发言人, 女代言人"
sponge,"n. 海绵, 海绵状的东西\nvt. 用海绵擦拭, 吸收掉, 抹掉\nvi. 采集海绵, 海绵般吸收"
spongebob,n. 海绵宝宝（动画片名）
sponsor,"n. 保证人, 赞助者, 发起者, 倡议者, 教父\nvt. 发起, 赞助, 倡议"
sponsored,"v. 赞助( sponsor的过去式和过去分词); 资助（某人的培训或教育）; 为慈善活动捐资; 发起, 倡议\na. 赞助的; 发起的"
sponsoring,"[法] 发起人的, 倡办的"
sponsors,n. 保人( sponsor的名词复数 ); （广播电视节目、音乐会或运动会的）赞助者; （培训或教育的）资助者; （法案等的）倡议者\nv. 赞助( sponsor的第三人称单数 ); 资助（某人的培训或教育）; 为慈善活动捐资; 倡议
sponsorship,"n. 发起, 倡议, 主办, 保证人的地位, 教父的地位, 教母的地位"
spontaneous,"a. 自然的, 自发的, 未经琢磨的\n[医] 自发的, 特发的, 自生的"
spontaneously,"adv. 自发, 一时冲动, 出自自然, 不依赖人工, 自然产生, 本能, 自动, 自然而优雅"
spoof,"n. 幽默的讽刺诗文, 愚弄, 戏弄\nv. 对...作幽默讽刺, 戏弄, 哄骗\na. 哄骗认的"
spooky,"a. 幽灵一般的, 吓人的, 令人毛骨悚然的"
spoon,"n. 匙, 调羹, 匙形工具\nvt. 以匙舀起, 调情, 使成匙状"
spoons,"n. 匙, 调羹( spoon的名词复数 ); 一匙的量"
sporadic,"a. 偶尔发生的, 零星发生的, 分散的\n[医] 散在的, 散发的"
spores,n. （细菌、苔藓、蕨类植物）孢子( spore的复数形式 )\nv. （细菌、苔藓、蕨类植物）孢子( spore的第三人称单数 )
sport,"n. 运动, 游戏, 娱乐, 消遣, 玩笑\na. 运动的, 户外穿戴的\nvi. 游戏, 参加体育运动, 戏弄, 产生变种\nvt. 炫耀, 使产生变种"
sporting,"a. 喜好运动的, 运动用的, 冒险性的"
sports,"n. (英)运动会, 运动的, 适用于运动的, 运动会的, 与运动会有关的"
sportsman,"n. 运动员, 冒险家"
sporty,"a. 象运动员的, 有体育道德精神的, 炫耀的, 华而不实的, 花哨的, 供娱乐的"
spot,"n. 污点, 地点, 斑点, 点, 娱乐场所, 处境, 少量\na. 当场的, 现场的, 现货买卖的, 现金交易的, 抽样的\nvt. 点缀, 玷污, 认出, 准确定...的位, 用灯光照射\nvi. 玷污, (从空中)侦察敌方目标"
spotless,"a. 无脏污的, 无缺点的, 无可挑剔的"
spotlight,"n. 照明灯, 反光灯, 聚光灯"
spots,"n. 插播广告；花点布, 点子花纹棉布；置球点；斑点（spot的复数）"
spotted,"a. 有斑点的, 斑纹的, 弄污了的"
spotting,n. 测定点位；合模
spouse,n. 配偶
spouses,"n. 配偶, 夫或妻( spouse的复数形式 )"
spout,"n. 喷口, 从喷口流出的水, 水落管, 水龙卷\nvt. 喷出, 喷射, 滔滔不绝说出, 典押\nvi. 喷射, 高谈阔论"
spp,abbr. 太阳光度测定器（Solar Photometry Probe）；系统组（合）件设计（System Package Plan）；定序分组协议（Sequential Packet Protocol）；立管压力
sprang,spring的过去式
sprawling,"a. 蔓生的, 不规则地伸展的"
spray,"n. 水沫, 浪花, 水花, 喷雾, 喷雾器, 小树枝\nvt. 喷雾, 扫射, 喷射\nvi. 喷, 溅开"
sprayed,a. 喷雾的
spraying,"[化] 喷镀; 喷涂\n[医] 喷雾, 喷水"
sprays,"n. 喷雾( spray的名词复数 ); 浪花; 喷雾器; （用作装饰的）小树枝\nv. 喷( spray的第三人称单数 ); 向…扫射（或抛洒）, 往…上撒; 尤指雄猫撒尿（以示领地占有）"
spread,"n. 传播, 散布, 伸展\na. 双唇展开的, 伸展的\nvt. 展开, 铺开, 传播, 推广, 伸出, 涂, 敷, 延伸\nvi. 展开, 扩大, 传开, 延伸\n[计] 展开"
spreading,"[医] 摊开, 涂布\n[经] 套期图利"
spreads,n. 扩展；广阔；桌布（spread的复数）
spreadsheet,"n. 空白表格程序, 电子制表软件, 电子数据表\n[计] 电子表格"
spree,"n. 戏耍, 喧闹, 宴会, 狂饮\nvi. 狂欢, 狂饮"
spring,"n. 春天, 弹簧, 跳跃, 弹性, 活力, 泉, 源泉\na. 春天的\nvi. 跳, 弹跳, 涌出, 生长, 裂开, 高耸\nvt. 使跳起, 使爆炸, 突然提出"
springer,n. 跳的人
springfield,n. 斯普林菲尔德（美伊利诺斯州首府）
springs,n. 斯普林斯（南非东部城市名）
springsteen,斯普林斯汀（姓氏）
sprinkle,"vt. 洒, 散置, 撒, 点缀\nvi. 洒, 撒, 下小雨\nn. 洒, 撒, 散置, 小雨, 少量"
sprinkled,"vt. 撒（某物）于（某物之表面）, 洒, 喷撒"
sprint,"n. 短距离赛跑\nvi. 全速跑, 冲刺\nvt. 全速跑过"
sprinter,n. 短跑选手
sprite,"n. 小妖, 小鬼, 妖精\n[计] 子图形; 子画面"
sprout,"n. 芽, 萌芽\nvt. 使发芽, 摘去芽\nvi. 长芽, 抽条"
sprouts,"n. 新芽, 嫩枝( sprout的名词复数 )\nv. 发芽( sprout的第三人称单数 ); 抽芽; 出现; （使）涌现出"
spruce,"n. 云杉\na. 颇为干净的, 俏的, 整洁的\nv. (使)显干净, 打扮整齐"
sprung,spring的过去式和过去分词
spun,a. 纺成的\nspin的过去式和过去分词
spur,"n. 马刺, 刺激物, 鼓舞\nvt. 刺激, 激励, 用马刺策(马)前进\nvi. 用马刺驱马, 疾驰"
spurred,a. 靴上装有踢马刺的
spurs,n. 马刺( spur的名词复数 ); 支柱; （公路或铁路的）支线; 激励因素\nv. 策（马）前进( spur的第三人称单数 ); （尤指用马刺）策（马）加速; 鞭策; 策马飞奔
spy,"n. 间谍, 侦探, 侦察\nvt. 侦察, 找出, 发现\nvi. 做密探, 侦查"
spying,"[法] 间谍活动, 侦探"
sq,"n. 正方形, 方形物, 平方, 广场, 直角尺, 矩尺, 棋盘上的方格, 纵横字谜, 方阵"
sql,[计] 结构化英语询问语言
squad,"n. 班, 小队, 小集团\nvt. 编成班"
squadron,"n. 骑兵营, 分遣队, 小舰队"
squads,n. （军队中的）班( squad的复数形式 ); （暗杀）小组; 体育运动的运动（代表）队; （对付某类犯罪活动的）警察队伍
square,"n. 正方形, 街区, 广场, 平方, 直角尺\na. 正方形的, 正直的, 公正的, 平方的, 方正的, 结清的\nadv. 成直角地, 对准地\nvi. 一致, 符合, 结清\nvt. 使成方形, 使平方自乘, 调正, 结清, 使一致"
squared,a. 方格的；成正方形的
squarely,"adv. 干脆地, 正好, 直角地"
squares,n. 广场；方钢；直角尺；正方形（square的复数形式）
squash,"n. 挤压, 压碎的东西, 南瓜属植物, 拥挤的人群\nvt. 压扁, 镇压, 压制\nvi. 被压扁, 发溅泼声, 挤入"
squat,"n. 蹲, 窝\na. 蹲着的, 矮胖的\nvi. 蹲下, 蹲坐, 蹲伏\nvt. 使蹲下, 擅自占有"
squats,"n. 蹲坐, 蹲姿( squat的名词复数 ); 被擅自占用的建筑物\nv. 像动物一样蹲下( squat的第三人称单数 ); 非法擅自占用（土地或房屋）; 为获得其所有权; 而占用某片公共用地。"
squeeze,"n. 紧握, 挤, 榨, 榨取, 佣金\nvt. 紧握, 挤, 榨取\nvi. 压榨, 榨"
squeezed, squeeze（挤压）的过去式与过去分词
squeezing,[机] 推挤
squid,"n. 枪乌贼, 鱿鱼, 反潜水雷发射装置\n[电] 超导量子干涉元件"
squire,"n. 乡绅, 大地主, 治安官\nvt. 随侍, 护卫\nvi. 当乡绅"
squirrel,"n. 松鼠, 松鼠毛皮\nvt. 贮藏"
squirrels,n. 松鼠( squirrel的复数形式 )
squirt,"v. 喷出, 溅迸, 注射\nn. 水枪, 注射器, 喷出"
sr,[计] 开关寄存器\n[化] 同步辐射
sri,n. 斯里兰卡（Sri Lanka）；（拉）神圣罗马帝国（Sacrum Romanum Imperium）
ss,"[计] 子系统, 卫星系统, 源语句, 同步分类, 系统管理程序\n[医] 半"
ssd,abbr. （拉）基督教《圣经》博士（Sacrae Scripturae Doctor）；稳态分布（steady-state distribution）
ssh,int. 嘘！
ssr,abbr. 苏维埃社会主义共和国（Soviet Socialist Republic）；二次监视雷达（Secondary Surveillance Radar）；小型潜艇反应堆（Small Submarine Reactor）
st,"[计] 段表, 状态, 系统测试, 直端连接器\n[化] 磺胺噻唑"
sta,abbr. 无线电台临时使用许可证（Special Temporary Authority）；航海训练协会（Sail Training Association）；科学技术局（ScienceandTechnology Agency）
stab,"n. 刺, 戳, 剧痛, 尝试, 努力\nvt. 刺, 戳, 刺入, 刺痛, 直入, 使伤心\nvi. 刺, 刺伤"
stabbed,v. 刺穿；刺伤（stab的过去式和过去分词）
stabbing,a. (疼痛)剧烈而突然的
stability,"n. 安定, 稳定性, 坚实, 巩固\n[化] 稳定性"
stabilization,"n. 安定, 稳定, 平抑, 安定化, 稳定化\n[医] 稳定, 安定"
stabilize,"vt. 使安定, 使稳固\nvi. 稳定, 安定"
stabilized,a. 稳定的；减摇的
stabilizing,[计] 稳定化
stable,"n. 马房, 牛棚\na. 稳定的, 安定的, 坚固的, 坚定的\nvt. 赶入马房\nvi. 被关在马厩"
stables,n. （养马作特定用途的）养马场( stable的名词复数 ); 畜舍; 统称某人拥有（或训练的）赛马; 在同一地方工作或训练的)一批人
stacey,n. 史黛丝（女子名）
stack,"n. 堆叠, 堆, 大量, 书库, 枪架, 烟囱, 堆积, 存贮栈\nvt. 堆积, 堆满, 暗中对...做手脚\nvi. 堆起\n[计] 堆积, 堆栈"
stacked,"a. 体态漂亮的\n[计] 入栈的, 栈式的"
stacking,[计] 叠卡
stacks,n. 堆叠；进程堆栈应用；书库（stack的复数）
stacy,n. 史黛西（女子名）；斯特西（男子名）
stadium,"n. 露天大型运动场\n[医] 期, 病期"
stadiums,n. 体育馆；露天大型运动场（stadium的复数）
staff,"n. 全体人员, 工作班子, 棍棒, 杆, 拐杖, 支柱, 权杖\na. 职员的, 雇员的, 参谋的\nvt. 为...配备人员"
staffed,v. 雇用( staff的过去式和过去分词 ); 担任…的职员（或雇员）; 为…配备工作人员; 给（职员）下发学习（或工作）指令（通常与 out 连用）
staffer,n. (一名)职员(尤指编辑或记者)
staffers,"n. 编辑, 职员( staffer的复数形式 )"
staffing,[计] 人员指挥\n[经] 配备职工
stafford,n. 斯塔福郡（英格兰中西部一郡）
staffordshire,斯塔福德郡[英国英格兰郡名]
staffs,n. 参谋( staff的名词复数 ); 全体职员; （大、中、小学的）管理人员; 权杖\nv. 雇用( staff的第三人称单数 ); 担任…的职员（或雇员）; 为…配备工作人员; 给（职员）下发学习（或工作）指令（通常与 out 连用）
stag,"n. 牡鹿, 男性社交晚会\nvi. 不带女伴参加晚会\na. 全是男人的"
stage,"n. 阶段, 舞台, 场所, 戏剧, 站, 驿站, 级, 层, 脚手架\nvt. 上演, 表演, 筹划\nvi. 适于上演, 乘驿车旅行"
staged,a. 分期的
stages,n. 戏剧表演；舞台；阶段（stage的复数）
staggered,a. 吃惊的；错列的
staggering,"a. 蹒跚的, 巨大的, 惊人的\n[电] 参差"
staging,"n. 脚手架, 上演, 公共马车业\n[计] 登台"
stagnant,"a. 不流动的, 停滞的, 不景气的, 萧条的, 污浊的, 迟钝的\n[经] 萧条的"
stagnation,"n. 淤塞, 停滞\n[医] 停滞, 滞留, 郁积"
stain,"n. 污染, 污点, 着色剂\nvt. 沾染, 染污, 着色\nvi. 变脏"
stained,"a. 沾污的, 褪色的, 着色的, 染色的\n[化] 染污"
staining,"[医] 染色法, 染色"
stainless,"a. 无瑕疵的, 不锈的\n[机] 不绣的, 污染的"
stains,n. 染色剂；污点（stain的复数）
stair,"n. 梯级, 楼梯, 阶梯"
staircase,"n. 楼梯, 梯子, 楼梯部分\n[医] 阶梯现象"
stairs,n. 楼梯
stairway,"n. 楼梯, 阶梯"
stake,"n. 桩, 炮烙刑, 木柱, 赌注, 奖金\nvt. 打桩, 用桩撑, 下赌注, 资助\nvi. 打赌"
stakeholders,n. 赌金保管者( stakeholder的复数形式 )
stakes,n. 利益；赌注；风险（stake的复数）
stale,"n. 尿\na. 不新鲜的, 陈腐的, 疲惫的, 陈旧的\nvt. 使变旧, 走味\nvi. 变陈旧, 走味, 失时效, 撒尿"
stalin,n. 斯大林（前苏联领导人）
stalk,"n. 茎, 追踪, 高视阔步\nvi. 悄悄靠近, 蹑手蹑脚地走近, 蔓延, 高视阔步\nvt. 追踪, 搜索"
stalked,a. 有茎的；长于茎上的
stalker,n. 潜随猎物者
stalking,n. 围捕；潜行追踪
stalks,"n. 主茎, 花梗, 叶柄( stalk的名词复数 )"
stall,"n. 厩, 停车处, 牧师职位, 货摊, 托辞, 拖延\nvt. 关入厩, 停顿, 推托, 支吾, 使陷于泥中\nvi. 被关在厩内, 陷于泥中, 停止, 支吾"
stalled,失速的
stalling,"n. 失速, 停转"
stallion,n. 种马
stalls,"n. 戏院正厅前排座位, 前座观众"
stamford,n. 斯坦福德（美国康涅狄格州西南部城市）
stamina,"n. 精力, 活力, 耐力, 雄蕊\n[医] 耐力, 精力; 雄蕊"
stamp,"n. 印, 邮票, 打印器, 戳子, 图章, 印花税票, 标志, 特征, 类型, 跺脚\nvt. 盖章于, 顿足, 贴上邮票, 铭刻, 捣碎, 扑灭\nvi. 捣碎, 跺脚"
stamped,a. 盖上邮戳的；铭刻的；顿足的
stampede,"v. (使)惊跑, (使)蜂拥\nn. 惊跑, 蜂拥"
stamping,"[计] 冲压, 模压\n[化] 冲压; 标记"
stamps,n. 邮票；印记；图章（stamp的复数）
stan,n. 斯坦（男子名）
stance,"n. 准备击球姿势, 站立的姿势, 位置, 姿态\n[经] 地位, 形势"
stand,"n. 站立, 站住, 停顿, 讲台, 看台, 立场, 法院证人席\nvi. 站, 立, 坐落, 停滞, 位于, 坚持, 维持原状\nvt. 忍受, 使站立, 抵挡"
standalone,"n. 脱机\na. 单独的, 独立的"
standard,"n. 标准, 规格, 旗, 军旗, 本位\na. 标准的, 合规格的\n[计] 标准"
standardization,"[计] 标准化, 规格化\n[化] 标准化; 标定"
standardized,a. 标准化的；标准的；定型的
standards,n. 标准；规格（standard的复数）
standby,"n. 可依靠的人, 被喜爱的食品, 备用品, 准备发报, 准备收报\n[电] 备用的"
standing,"n. 起立, 持续, 身分\na. 立着的, 不动的, 经常的, 持续的"
standings,n. [体]战绩; 名望( standing的复数形式 ); 身份; 地位; 级别
standoff,"a. 冷淡的, 有支架的\nn. 冷淡, 平衡, 和局"
standout,"n. 杰出的人\na. 杰出的, 出色的"
standpoint,"n. 立场, 观点"
stands,n. 看台；架子；货摊（stand的复数）
stanford,"n. 斯坦福（姓氏, 男子名）；斯坦福大学（美国一所大学）"
stanley,n. 斯坦利（男子名）
stanton,n. 斯坦顿(m.)
staple,"n. 主要产物, 常用品, 主要要素, 原料, 订书钉, 钩环\na. 主要的, 重要的\nvt. 分级, 钉住"
staples,"n. 主要产物, 主要原料（staple的复数）\nn. (Staples)人名；(英)斯特普尔斯\nv. 分类, 选择（staple的第三人称单数）"
star,"n. 星, 恒星, 星形物, 运气, 明星\nvt. 以星状物装饰, 用星号标, 使成为明星\nvi. 变成明星"
starboard,"n. 右舷, 右侧\nadv. 向右舷\nvt. 转向右方, 向右转舵"
starbucks,n. 星巴克（咖啡店名）; 星巴克（集团公司名）
starch,"n. 淀粉, 浆糊, 刻板\nvt. 浆硬"
stardom,"n. 明星身分, 明星们"
stardust,"n. 星团, 幻觉"
stare,"vi. 注视, 凝视, 瞪视, 显眼\nvt. 盯\nn. 凝视"
stared,"v. 凝视, 注视（stare过去分词形式）"
stares,"v. 凝视, 瞪视( stare的第三人称单数 )"
staring,"a. 凝视的, 瞪着眼的, 显眼的"
stark,"a. 僵硬的, 完全的, 刻板的, 明显的, 荒凉的, 结实的\nadv. 突出地, 简直, 全然"
starlight,n. 星光
starr,n. 斯塔尔（姓氏）
starred,"a. 用星装饰的, 用星号标明的, 受命运支配的, 担任主角的\n[计] 加星号的"
starring,"n. 扮演主角, 领衔主演；纯锑表面呈星状花纹"
starry,"a. 星光照耀的, 多星的, 星形的, 明亮的"
stars,"n. 明星类, 明星（star的复数形式）"
starship, 恒星飞船
start,"n. 惊起, 出发, 开端, 起点, 吃惊, 有利条件\nvi. 开始, 出发, 启动, 跳起, 吃惊, 出现, 松动, 脱落, 起价, 参赛\nvt. 使惊起, 开动, 发动, 启动, 开始, 创办, 提议, 使松动, 使脱落, 起用\n[计] 起始"
started,"v. 出发, 启程( start的过去式和过去分词 ); 起动; 提出（问题）; 开办"
starter,"n. 开端者, 在起跑线上的人, 参加赛跑的人, 调度员, 起动机, 酵母\n[计] 启动程序, 启动器"
starters,n. 开胃菜（starter的复数形式）
starting,"n. 开端, 开始, 出发, 起动, 开动\n[机] 开动, 起动"
startled,v. 震惊（startle的过去分词）
startling,a. 令人吃惊的
starts,n. 开创；开始（start的复数）
startup,[计] 启动
startups,n. 创业（startup的复数）；开办
starvation,"n. 饥饿, 饿死\n[医] 绝食, 饥锇(指长时期的)"
starve,"v. (使)饿死, (使)挨饿"
starved,a. （等于starving）饥饿的
starving,a. 挨饿的；饥饿的
stash,"vt. 藏起来\nn. 隐藏处, 隐藏物"
stat,[电] 静
state,"n. 州, 状态, 情形, 国家, 政府, 领土, 国务, 社会地位\na. 国家的, 正式的, 礼仪用的, 州的\nvt. 说明, 陈述, 规定\n[计] 状态"
stated,"a. 决定了的, 一定的, 阐明的, 规定的\n[经] 固定的, 规定的, 定期的"
stately,"a. 庄严的, 宏伟的"
statement,"n. 陈述, 指令, 声明\n[计] 程序语句; 语句"
statements,n. 声明；报告；陈述句；状态说明（statement的复数形式）
staten,n. 斯塔恩（岛）
states,n. 美国
statesman,n. 政治家
statewide,"a. 全州的, 遍及全州的"
static,"n. 静电, 静电干扰\na. 静态的, 静止的, 固有的, 静电的"
stating,n. 叙述；说明
station,"n. 车站, 站, 局, 驻地, 位置, 身分, 地位\nvt. 安置, 配置, 驻扎\n[计] 站"
stationary,"a. 不动的, 静止的, 不变的, 固定的, 停留的\n[计] 定常, 定态, 固定的"
stationed,"vt. 配置, 安置（station的过去式与过去分词形式）"
stationery,"n. 文具, 信纸\n[法] 文具"
stations,n. 车站；驻地；位置（station的复数形式）
statistic,"n. 统计量\na. 统计的, 统计学的"
statistical,"a. 统计的, 统计上的, 统计学的\n[经] 统计的, 统计学的"
statistically,"adv. 用统计的方法, 统计学上"
statistics,"n. 统计学, 统计资料\n[计] 统计信息"
stats,abbr. [军]静止坦克自动目标系统（Stationary Tank Automatic Target System）
statue,vt. 以雕像装饰\nn. 雕像
statues,"n. 雕像, 塑像( statue的复数形式 )"
stature,"n. 身材, 身高, 高度\n[医] 身材, 身高"
status,"n. 状态, 情形, 地位, 要人身份\n[计] 状态"
statute,"n. 法令, 成文法律, 法规, 章程, 条例\n[法] 法令, 法规, 成文法"
statutes,"n. 议会立法, 章程（statute复数形式）"
statutory,"a. 法令的, 法定的, 可依法惩处的\n[经] 法定的"
staunch,"vt. 止住, 止血\na. 坚固的, 坚强的, 忠实的, 忠诚的, 不透水的"
stay,"n. 停留, 逗留, 制止, 延缓, 停止, 支柱, 支撑物, 支索\nvt. 制止, 延缓, 坚持, 支持, 支撑, 用支索固定\nvi. 停留, 逗留, 暂停, 坚持, 中止"
stayed,"v. 停留, 制止（stay的过去分词形式）"
staying,n. 刚性结合；撑法；加劲；拉线
stays,n. 停留；依靠；妇女胸衣（stay的复数）
std,[计] 标准
ste,"[计] 软件测试环境, 用户终端设备"
stead,"n. 代替, 接替, 有利, 用处, 好处\nvt. 对...有利"
steadfast,"a. 坚定的, 踏实的, 固定的, 不变的"
steadily,"adv. 稳定地, 无变化地, 有规则地"
steady,"a. 稳定的, 不动摇的, 沉着的, 稳固的, 坚定的, 经常的\nvt. 使稳定, 使坚定\nvi. 变为沉着, 稳固"
steak,"n. 牛排, 鱼排, 肉排"
steaks,"n. 牛排( steak的复数形式 ); 肉排; 鱼排; 碎牛肉（不是最佳部位, 常剁碎出售, 可以炖或做馅等）"
steal,vt. 剽窃；偷偷地做；偷窃；vi. 窃取；偷偷地行动；[棒球]偷垒；n. [口]偷窃；便宜货；偷垒；[篮球]断球
stealing,"n. 偷窃, 贼赃\na. 有偷窃行为的"
steals,"v. 偷( steal的第三人称单数 ); 悄悄地做, 悄悄地走"
stealth,"n. 秘密行动, 秘密, 鬼祟\n[法] 秘密行动, 鬼祟"
steam,"n. 蒸汽, 精力\na. 蒸汽的\nvi. 蒸发, 行驶, 发怒\nvt. 蒸, 煮, 散发"
steamed,"a. 蒸熟的, 蒸的"
steamer,"n. 汽船, 蒸汽机\n[化] 蒸汽发生器; 蒸汽机"
steaming,[化] 通入蒸汽
steamy,"a. 蒸汽的, 充满蒸汽的"
steel,"n. 钢, 钢制品, 钢铁, 坚硬, 坚固\na. 钢的, 钢制的, 钢铁业的, 坚强的\nvt. 使坚强, 钢化, 使冷酷"
steele,n. 斯蒂尔（姓氏）
steelers, 钢人（橄榄球队名）
steep,"n. 浸渍, 悬崖\na. 险峻的, 陡峭的, 急剧升降的, 夸大的\nv. 浸, 泡"
steer,"vt. 引导, 驾驶, 航行, 控制\nvi. 驾驶, 掌舵, 行驶\nn. 驾驶指示, 劝告"
steered,v. 驾驶( steer的过去式和过去分词 ); 操纵; 控制; 引导
steering,"n. 掌舵, 操纵, 指导"
stefan,n. 斯蒂芬（男子名）
stein,n. 啤酒杯
steiner,斯坦纳（人名）
stella,[医] 星状绷法; 星
stellar,"a. 星的, 似星的, 星球的, 主要的"
stem,"n. 茎, 干, 柄, 船首, 血统, 堵塞物\nvt. 摘掉茎, 装柄于, 阻止, 堵住, 逆行\nvi. 堵住, 逆行"
stemmed,"a. 有...茎的, 装有...柄的, 有...梗的, 去掉茎的, 去掉梗的"
stemming,n. 炮泥；填塞物；大字式攀登法
stems,n. 树管；阻挡物；茎（stem的复数）
stench,"n. 恶臭, 臭气\nv. (使)发恶臭"
step,"n. 步骤, 步, 步幅, 脚步声, 踏级, 步伐, 短距离, 步态, 手段, 等级\nvt. 踏, 以步测量, 跨步, 使成阶梯状\nvi. 跨步, 轻快地走, 跳舞, 踩, 踏上, 行走\n[计] 步骤"
stepfather,n. 继父\n[法] 继父
steph,abbr. Stephen 斯蒂芬
stephanie,n. 斯蒂芬妮（女子名）
stephen,n. 斯蒂芬（男子名）
stephens,n. 斯蒂芬斯（地名）；史蒂芬斯（人名）
stephenson,n. 斯蒂芬森（姓氏）
stepmother,n. 继母
stepped,v. 踏；行走（step的过去式和过去分词）
stepping,"[计] 步进式, 改变"
steps,n. （楼外的）台阶；步伐；步幅；步数
stereo,"n. 铅版, 立体照片\na. 立体的, 立体感觉的"
stereotype,"n. 铅版, 陈规, 老套\nvt. 使用铅版, 把...印制成盲文, 套用老套, 使一成不变"
stereotypes,"n. 老套, 模式化的见解, 有老一套固定想法的人( stereotype的名词复数 )\nv. 把…模式化, 使成陈规( stereotype的第三人称单数 )"
stereotypical,a. 典型的; 带有成见的
sterile,"a. 不毛的, 不孕的, 无菌的, 贫瘠的, 无效的, 枯燥的\n[医] 无菌的, 消毒的; 不育的"
sterilization,"n. 使成不毛, 无用状态, 杀菌, 绝育\n[化] 消毒"
sterling,"n. 英国货币, 标准纯银\na. 英国货币的, 标准纯银的, 含标准成分的"
stern,"n. 尾部, 船尾, 臀\na. 严厉的, 严格的, 坚定的, 坚决的"
steroid,n. 类固醇\n[化] 甾族化合物
steroids,n. 类固醇( steroid的名词复数 )
steve,n. 史蒂夫（男子名）
steven,n. 史蒂文（男子名）
stevens,n. 史蒂文斯（姓氏）
stevenson,n. 史蒂文森（姓氏）
stevie,n. 史蒂夫（男子名）
stew,"n. 炖, 烦恼, 热浴, 妓院, 鱼塘\nvi. 炖, 焖, 忧虑\nvt. 炖, 焖, 使焦虑"
steward,"n. 管理人, 招待员, 管家, 乘务员\n[经] 轮船, 飞机的服务员, (财务)管理员"
stewards,n. （轮船、飞机等的）乘务员( steward的复数形式 ); （俱乐部、旅馆、工会等的）管理员; （大型活动的）组织者; （私人家中的）管家
stewardship,"n. steward的职务, 管理工作"
stewart,n. 斯图尔特（男子名）
stick,"n. 棍, 棒, 刺, 枯枝, 茎, 条状物\nvt. 插进, 刺入, 钉住, 伸出, 粘贴, 停止\nvi. 粘住, 停留, 坚持, 陷住, 伸出"
sticker,"n. 屠夫, 尖刀, 刺, 芒, 尖物, 携带尖刀者, 张贴物, 滞销品, (非正式)难题\n[经] 呆滞商品"
stickers,"n. 有背胶的标签( sticker的复数形式 ); 坚持不懈的人, 锲而不舍的人"
sticking,"a. 粘的, 有粘性的\n[计] 坚持性"
sticks,n. 树枝；棍；麻骨（stick复数形式）
sticky,"a. 粘的, 有粘性的, 顽固的"
stiff,"a. 坚硬的, 严厉的, 呆板的, 生硬的, 刚强的, 强烈的, 粘的, 稠的, 艰难的\nn. 死尸, 醉鬼, 钞票\nvt. 不肯付...小费"
stiffness,"n. 坚硬, 呆板, 刻板\n[医] 强直, 僵硬"
stigma,"n. 耻辱, 污名, 烙印\n[医] 柱头; 小孔, 眼点; 气孔; 小斑; 特征"
stiles,n. 斯泰尔斯（姓氏）
still,"n. 蒸馏室, 寂静, 剧照\nv. 蒸馏, (使)平静, (使)静止\na. 静止的, 不动的, 静寂的, 不起泡的, 静物摄影的\nadv. 仍然, 更, 静止地\nconj. 然而, 但是"
stills,n. 平静( still的名词复数 ); （电影片中某一镜头的）剧照; [摄影术]静止摄影; （制酒的）蒸馏器
stimulate,"vt. 刺激, 激励, 鼓舞\nvi. 起刺激作用"
stimulated,a. 受激的
stimulates,"v. 刺激( stimulate的第三人称单数 ); 激励; 使兴奋; 起兴奋作用, 起刺激作用, 起促进作用"
stimulating,"a. 刺激的, 有刺激性的"
stimulation,"n. 刺激, 激励, 鼓舞\n[医] 兴奋, 刺激"
stimuli,"剌激, 剌激物, 促进因素, 动因\n[医] 刺激特, 刺激"
stimulus,"n. 刺激, 激励, 刺激品\n[医] 刺激特, 刺激"
sting,"n. 叮, 刺痛, 刺激, 讽刺\nvt. 叮, 刺痛, 刺激, 使苦恼\nvi. 叮, 刺痛"
stings,n. 恒星惯性制导系统
stink,"n. 臭味, 臭气\nvi. 发臭味, 名声臭\nvt. 用臭味赶"
stinks,v. 散发出恶臭( stink的第三人称单数 ); 发臭味; 名声臭; 糟透
stinky,a. 发恶臭的
stint,"vt. 节省, 限制, 停止\nvi. 节约\nn. 吝惜, 节约, 限额"
stipulated,vt.& vi. 规定; 约定\na. [法]合同规定的
stir,"n. 骚动, 轰动, 搅动, 监狱\nvt. 移动, 摇动, 激起, 惹起, 搅拌\nvi. 走动, 传播, 搅拌"
stirling,"n. 斯特灵（英国苏格兰中部城市, 中央区首府）"
stirred,v. （使）移动( stir的过去式和过去分词 ); 搅拌; （使）行动; （使）微动
stirring,"a. 活跃的, 忙碌的, 激动人心的\n[化] 调和; 搅拌"
stitch,"n. 一针, 疼痛, 针法, 碎布条, 针脚\nv. 缝, 缝合, 装订"
stitched,"v. 缝, 缝补, 缝合( stitch的过去式和过去分词 ); [引申]把某物连在一起"
stitches,n. 缝针；针法；缝线；线步（stitch的复数）
stitching,"[机] 缀缝熔接, 柄, 货; 库存的, 现有的; 买进, 装柄, 储藏"
stochastic,a. 随机的\n[计] 随机的
stock,"n. 树干, 祖先, 血统, 原料, 备料, 库存, 牲畜, 股票, 股份, 保留剧目\na. 存货的, 常备的, 平凡的, 普通的, 股票的, 保留剧目的, 繁殖用的\nvt. 装把手于, 进货, 备有, 放牧\nvi. 出新芽, 备货, 囤积"
stocked,vt. 提供货物（stock的过去式与过去分词形式）
stockholders,n. 股东（stockholder的复数）
stockholm,n. 斯德哥尔摩
stocking,n. 长袜\n[医] 马足水肿; 长袜
stockings,"n. 丝袜；长袜, 球袜"
stockpile,"n. 储蓄, 积蓄, 库存\nvt. 储蓄, 贮存"
stocks,n. 股票；存货；库存量（stock的复数）
stockton,n. 斯托克顿市（美国加州城市名）
stoic,"a. 斯多葛派的, 禁欲主义的, 不以苦乐为意的, 坚忍的, 淡泊的\nn. 斯多葛派学者, 画廊派的人, 禁欲主义者, 不介意苦乐的人, 高度自制的人"
stoke,"v. 司炉, (使)大吃"
stoked,"a. <俚>热烈的, 振奋的\nv. 煽动( stoke的过去式和过去分词 ); 预先吃饱; 拨旺火; 往（火里等）加燃料"
stokes,n. 斯托克斯（姓氏）
stole,"n. 女用披肩, 圣衣\nsteal的过去式"
stolen,steal的过去分词\n[经] 被偷窃的
stomach,"n. 胃, 食欲, 欲望, 肚子\nvt. 吃下, 忍受"
stomachs,n. 胃（stomach的复数形式）
stomp,"n. 跺脚\nvt. 跺, 践踏\nvi. 跺脚, 践踏"
stomping,"v. 跺脚, 践踏, 重踏( stomp的现在分词 )"
stone,"n. 石头, 宝石, 果核, 纪念碑, 结石\nvt. 投扔石子, 铺石头\na. 石的, 石制的, 完全的"
stoned,"a. 有核的, 除去核的, 醉酒的"
stoner, 投石者; 铺石块者; 琢石者; 去果核的工具
stones,n. 小石头；石子（stone的复数）
stony,"a. 多石的, 无情的"
stood,stand的过去式和过去分词
stool,"n. 凳子, 大便, 粪便, 厕所\nvi. 长新枝\nvt. 引诱, 诱捕"
stoop,"n. 佝偻, 屈从, 弯腰\nvi. 弯下, 屈从, 弯腰, 堕落\nvt. 使屈从, 使弯曲"
stop,"n. 停止, 车站, 逗留, 填塞, 障碍, (风琴的)音栓\nvi. 停止, 被塞住\nvt. 塞住, 堵塞, 阻止, 击落, 停止, 终止, 断绝"
stoppage,"n. 停止, 中止, 阻塞, 阻碍, 堵塞, 故障, 停付, 扣除, 扣留, 停工, 罢工\n[化] 停机"
stopped,v. 停止；停下来（stop的过去式和过去分词）
stopper,"n. 阻止的人, 木塞, 制止器\nvt. 用塞子塞住, 闭嘴"
stopping,"n. 停止, 制动, 中止, 制止, 堵塞, 阻塞, 填充物, 填塞料, 风幛, 隔墙, 风墙\n[计] 停机的"
stops,n. 站点；停靠站（stop的复数）
storage,"n. 存储器, 储藏, 保管, 库存, 仓库\n[计] 存放处; 存储"
store,"n. 商店, 贮藏, 仓库, 备用品, 存储器\nvt. 储存, 贮藏, 供给\nvi. 贮藏\na. 贮藏的, 现成的\n[计] 存储器操作; 存储"
stored,a. 储存的
stores,"n. (英)百货商店\na. 贮藏的, 用作贮藏处的, 贮存的"
storey,"n. 楼, 楼层, 层楼"
stories,n. 故事（story的复数）
storing,n. 储存；保管
storm,"n. 暴风雨, 骚动, 风波, 风暴, 猛攻\nvi. 起风, 猛冲, 怒吼\nvt. 猛攻"
stormed,"vi. 起风暴, 下暴雨（storm的过去式与过去分词形式）"
storming,"n. 震荡, 激荡期；调整阶段"
storms,n. 暴风雨；风暴；暴风（storm复数）
stormy,"a. 暴风雨的, 粗暴的, 激烈的"
story,"n. 故事, 小说, 传奇, 描述, 阅历, 经历, 层"
storyline,n. 故事情节
storylines,(storyline 的复数) n. 故事情节
storytelling,"n. 说故事, 说谎话"
stout,a. 结实的；矮胖的；勇敢的；激烈的\nn. 矮胖子；烈性啤酒
stove,"n. 火炉, 窑\nvt. 用火炉烤\nstave的过去式和过去分词"
str,[计] 同步收发机
straight,"n. 直线, 直\na. 直的, 笔直的, 正直的, 直接的, 连续的, 整齐的\nadv. 直接地, 立即, 不断地"
straighten,"vt. 弄直, 整顿, 清理, 使改正\nvi. 直起来, 改正, 好转"
straightened,"v. （使）变直, 把…弄直( straighten的过去式和过去分词 ); 整理; 解决问题（或困难）; 挺直身子"
straightforward,"a. 笔直的, 率直的, 明确的, 简单的, 直接的"
strain,"n. 紧张, 拉紧, 张力, 过劳, 扭伤, 血缘, 种, 族, 气质, 曲调, 旋律, 口吻\nvt. 使劳累, 拉紧, 过分使用, 扭伤, 滥用, 曲解, 滤\nvi. 尽力, 努力, 紧拉, 弯曲, 被滤出"
strained,"a. 紧张的, 滤过的, 矫饰的\n[法] 牵强附会的, 勉强的, 紧张的"
straining,"[医] 应变; 使劲, 用力; 滤过"
strains,v. 拉紧( strain的第三人称单数 ); 尽量利用; 尽全力; 过滤
strait,"n. 海峡, 困境\na. 困难的, 窘迫的, 狭窄的"
straits,"n. [谓语用单数]海峡, 困难, 窘迫"
strand,"n. (绳索的)股, 绳, 串, 海滨, 河岸\nvi. 搁浅\nvt. 使搁浅, 使落后, 使陷于困境, 弄断, 搓"
stranded,"a. 处于困境的, 进退两难的"
strands,"n. （线、绳、金属线、毛发等的）股( strand的名词复数 ); 缕; 海洋、湖或河的)岸; （观点、计划、故事等的）部份\nv. 使滞留, 使搁浅( strand的第三人称单数 )"
strange,"a. 奇怪的, 陌生的, 生疏的, 不熟悉的, 不可思议的, 外行的, 外地的, 异乡的"
strangely,"adv. 奇妙地, 奇怪地, 不可思议地"
stranger,"n. 陌生人, 门外汉\n[法] 局外人, 非当事人, 第三者"
strangers,"n. 陌生人( stranger的复数形式 ); 外地人, 初到者"
strangest,陌生的\n奇怪的（strange的最高级）
strangled,v. 扼死( strangle的过去式和过去分词 ); 使窒息; 抑制; 压制
strap,"n. 带, 皮带\nvt. (用皮带)捆扎"
strapped,"a. 用皮绳捆住的, 用皮带装饰的, 身无分文的"
straps,n. 绳；打包带；皮带（strap的复数）
strasbourg,n. 斯特拉斯堡（法国东北部城市）
strata,"pl. 层, 地层, 阶层\n[医] 层"
strategic,"a. 战略的, 战略上的\n[经] 战略的"
strategically,"adv. 在战略上, 颇策略地"
strategies,n. 策略( strategy的复数形式 ); 战略; 战略学; 对策
strategist,n. 战略家
strategy,"n. 战略, 策略\n[经] 战略, 策略"
stratford,n. 斯特拉特福德（男子名及城市名）
stratton,n. (Stratton)人名；(英)斯特拉顿
strauss,n. 施特劳斯（奥国作曲家）
straw,"n. 稻草, 麦管, 吸管, 一文不值的东西, 草帽\na. 稻草的, 稻草色的, 琐碎的, 无价值的"
strawberries,n. 草莓( strawberry的复数形式 )
strawberry,n. 草莓
straws,n. 稻草( straw的名词复数 ); 麦秆; 吸管; 毫无价值的东西
stray,"n. 走失的家畜, 浪子\na. 迷途的, 偶然的\nvi. 迷路, 彷徨, 流浪"
streak,"n. 条理, 斑纹, 倾向\nvt. 加条纹\nvi. 变成条纹, 飞跑"
streaks,n. 条痕；直横条（streak的复数）
stream,"n. 水流, 小河, 流出, 趋势, 人潮\nvt. 流出, 流动, 展开\nvi. 流, 涌, 飘扬\n[计] 流"
streamed,"vt.& vi. 流, 流动（stream的过去式与过去分词形式）"
streaming,[电] 流
streamline,"n. 流线, 流线型\nvt. 使成流线型, 使合理化"
streamlined,"a. 流线的, 流线型的, 集成一个整体的, 现代化了的, 精简了的, 合理化了的"
streams,"n. 数据流, 流控制（stream复数形式）"
street,"n. 街道, 马路, 街区\na. 街道的"
streets,n. 街道；市区；城市道路（street的复数形式）
strength,"n. 力量, 实力, 强度, 浓度, 人数, 抵抗力\n[化] 强度"
strengthen,"vt. 加强, 变坚固\nvi. 变强, 股票上涨"
strengthened,"v. 加强, 巩固( strengthen的过去式和过去分词 )"
strengthening,"[医] 强化的; 强化, 加固"
strengthens,"v. 加强, 巩固( strengthen的第三人称单数 )"
strengths,"n. 长处；优势, 强项（strength的复数形式）"
strenuous,"a. 奋发的, 费劲的, 艰苦的"
stress,"n. 压力, 紧迫, 强调, 重音, 重点, 应力\nvt. 加压力于, 着重, 重读"
stressed,a. 感到有压力的；紧张的
stresses,n. 强调( stress的名词复数 ); 重音; 压力; 重力\nv. 重读( stress的第三人称单数 ); [机械学]使承受压力; 给…加压力（或应力）
stressful,"a. 着重, 强调, 重读, 使受应力"
stressing,v. 重读( stress的现在分词 ); [机械学]使承受压力; 给…加压力（或应力）; 加载
stretch,"n. 伸展, 张开, 连绵, 一段路, 一段时间\na. 可伸缩的, 弹性的\nvt. 伸展, 张开, 曲解, 使过度伸展\nvi. 伸展, 延伸\n[计] 伸展"
stretched,"a. 拉伸的, 伸展了的"
stretcher,"n. 担架, 延伸器\n[医] 担架"
stretches,"n. 一段时间( stretch的名词复数 ); 一片; 方向\nv. 伸展, 拉紧( stretch的第三人称单数 ); 延伸; 拉长; 损伤"
stretching,"[机] 伸展作业, 锻伸作业"
stricken,"a. 受打击的, 负了伤的, 衰老的, 受灾的\nstrike的过去分词"
strict,"a. 严厉的, 绝对的, 详尽的, 严格的, 精确的\n[法] 严格的, 精确的, 绝对的"
stricter,严格的（ strict的比较级 ）
strictly,"adv. 严格地, 确实地"
stride,"n. 大步, 步幅, 步态, 进步\nv. 迈大步走, 跨过, 跨"
strides,"n. <非正><澳>裤子; 大步( stride的名词复数 ); 步法; 步态; 进展\nv. 大踏步走, 跨过( stride的第三人称单数 )"
strife,"n. 争吵, 竞争, 冲突"
strike,"n. 罢工, 打击, 殴打\nvt. 打, 撞击, 冲击, 侵袭, 取消, 结算, 打掉, 罢工, 刺透, 使生根, 遇见\nvi. 打, 打击, 抓, 罢工, 搏动, 触礁, 敲, 响, 穿透, 打动"
striker,"n. 打击者, 罢工者\n[经] 罢工者"
strikers,n. 魔法少女奈叶（日本电视剧名）
strikes,"n. 袭击( strike的名词复数 ); 罢工[课, 市]; 突然发现\nv. 打( strike的第三人称单数 ); 击; 敲响; 报时"
striking,"a. 醒目的, 惊人的, 打击的, 罢工的\n[法] 罢工的, 罢市的, 罢课的"
strikingly,"adv. 显著地, 惊人地, 引人注目地"
string,"n. 线, 细绳, 一串, 字符串\nvt. 串起, 成串, 收紧, 缚, 扎\nvi. 成一串\n[计] 字符串, 串"
stringent,"a. 迫切的, 严厉的, 银根紧的\n[医] 约束的, 紧迫的"
strings,"n. 附带条件, 弦乐部分, 弦乐器"
strip,"n. 长条, 条状, 带, 脱衣舞\nvt. 脱衣, 被剥去, 剥夺, 拆卸\nvi. 脱衣服"
stripe,"n. 斑纹, 条纹\n[医] 纹, 条纹"
striped,a. 有斑纹的
stripes,n. 条子布；条纹布（stripe复数形式）
stripped,a. 剥去的
stripper,"n. 剥...的人, 刮毛器, 折卸器, 剥皮器, 露天矿矿工, 低产井, 枯竭井\n[化] 汽提塔; 去漆药水"
strippers,"n. 脱衣舞表演者, 脱衣舞女( stripper的复数形式 )"
stripping,"[计] 撤销, 剥离, 拆封\n[化] 反萃取; 汽提; 剥离"
strips,"n. 分割公债, 本息拆离；简易机场；条（strip的复数）"
strive,"vi. 努力, 奋斗, 斗争"
strives,"n. 争吵, 斗争, 冲突( strife的名词复数 )\nv. 努力奋斗, 力求( strive的第三人称单数 )"
striving,n. 努力；斗争
stroke,"n. 笔划, 打, 中风, 抚, 摩, 冲程\nvt. 划尾桨, 抚, 摩, 划去\n[计] 笔划"
strokes,n. 中风
stroking,n. 扩程；按抚法
stroll,"n. 闲逛, 漫步\nv. 闲逛, 漫步"
strolling,a. 巡回演出的；消闲散步的
strong,"a. 强壮的, 坚固的, 坚强的, 强烈的, 有力的, 优良的\nadv. 强劲地, 有力地, 猛烈地"
stronger,[经] 强劲的
strongest,a. 最强壮的（为strong的最高级）
stronghold,"n. 要塞, 堡垒, 大本营"
strongly,"adv. 强有力地, 坚强地, 激烈地"
struck,a. 受罢工影响的\nstrike的过去式和过去分词
structural,"a. 结构的, 建筑的\n[医] 结构的"
structurally,[计] 结构地
structure,"n. 结构, 构造, 建筑物\nvt. 构成, 组织"
structured,a. 有结构的\n[计] 结构的
structures,n. 结构；构筑物；业务方式（structure的复数）
struggle,"n. 斗争, 努力, 奋斗\nvi. 努力, 奋斗, 挣扎"
struggled,vbl. 奋斗；努力
struggles,n. 打斗( struggle的名词复数 )\nv. 搏斗( struggle的第三人称单数 ); 奋斗; 努力; 争取
struggling,"a. 努力的, 奋斗的, 苦斗的"
strung,string的过去式和过去分词
strut,"n. 高视阔步, 支柱, 压杆\nvi. 趾高气扬地走, 肿胀\nvt. 用支柱支撑, 炫耀"
sts,abbr. 舰对岸（ship to shore）；特殊处理钢（Special Treatment Steel）
stu,"n. 斯图（男子名, 等于Stuart）"
stuart,"n. 英国斯图亚特王室；斯图尔特（男子名, 等于Stewart）"
stubborn,"a. 顽固的, 不听话的, 执拗的, 棘手的"
stuck,stick的过去式和过去分词
stud,"n. 装饰钮扣, 大头钉, 领扣, 种马\nvt. 镶嵌, 点缀, 散布"
studded,"v. 布满颗粒, 打上装饰钉, 镶嵌; 镶嵌(stud的过去式和过去分词)"
student,"n. 学生, 研究者, 学者"
students,n. （尤指大专院校的）学生（student的复数）
studied,"a. 有计划的, 慎重的"
studies,n. 研究；学习；学业（study的复数）
studio,"n. 工作室, 画室, 演播室, 电影制片厂"
studios,n. 工作室（studio的复数）
studs,n. 双头螺柱；图钉（stud的复数形式）
study,"n. 学习, 研究, 学科, 论文, 求学, 书房, 试作\nvt. 学习, 读书, 研究, 考虑, 计划\nvi. 学习, 思索"
studying,v. 学习；研究（study的ing形式）
stuff,"n. 原料, 要素, 东西, 材料, 素质, 织品, 废物, 废话\nvt. 装填\nvi. 狼吞虎咽"
stuffed,已经喂饱了的；塞满了的
stuffing,"n. 填塞物, 填料"
stuffs,v. 塞住( stuff的第三人称单数 ); 把…装进; 把…装满; （使）吃撑
stumble,"n. 绊倒, 蹒跚而行, 失足\nvt. 使绊倒, 使困惑\nvi. 绊倒, 失足, 失策, 犯错, 蹒跚, 踌躇"
stumbled,v. （不顺畅地）说( stumble的过去式和过去分词 ); 跌跌撞撞地走; 绊脚; （说话、演奏等）出错
stumbling,a. 障碍的
stump,"n. 残株, 树桩, 烟蒂, 讲演台\nvt. 砍断, 挑战, 难住\nvi. 蹒跚而走"
stumps,"n. （被砍下的树的）树桩( stump的名词复数 ); 残肢; （板球三柱门的）柱; 残余部分\nv. 僵直地行走, 跺步行走( stump的第三人称单数 ); 把（某人）难住; 使为难; （选举前）在某一地区作政治性巡回演说"
stun,"vt. 使昏迷, 使震惊, 打昏\nn. 昏迷, 猛击"
stung,sting的过去式和过去分词
stunned,a. 受惊的
stunning,"a. 打昏迷的, 弄得人昏头昏脑的, 令人震惊的"
stunt,"n. 特技, 绝技, 花招, 噱头, 手腕, 发育不良\nvt. 阻碍成长\nvi. 表演特技"
stunts,"n. 惊人的表演( stunt的名词复数 ); （广告中）引人注目的花招; 愚蠢行为; 危险举动\nv. 阻碍…发育[生长], 抑制, 妨碍( stunt的第三人称单数 )"
stupid,"a. 愚蠢的, 麻木的"
stupidest,a. 蠢的( stupid的最高级 ); 笨的; 没趣的; 欠考虑的
stupidity,"n. 愚蠢, 糊涂事\n[医] 迟钝"
sturdy,"a. 强健的, 健全的\n[医] 羊晕倒病, 羊蹒跚病"
sturgeon,n. 鲟鱼
stuttering,"n. 口吃, 结巴\n[医] 口吃, 讷吃"
stuttgart,n. 斯图加特（德国城市）
style,"n. 风格, 时尚, 文体, 风度, 字体, 类型\nvt. 称呼, (根据新款式)设计, 使合潮流\nn. 风格, 样式\n[计] 风格, 样式"
styled, [医]具花柱的
styles,n. 风格；样式；模式（style的复数形式）
styling,"n. 款式, 式样"
stylish,"a. 现代风格的, 流行的, 潇洒的"
stylist,"n. 文体学家, 时装设计师"
stylistic,"a. 格式上的, 体裁上的"
su,[计] 可选部件
suarez, [人名] 苏亚雷斯
sub,"n. 补充人员, 部下, 潜水艇, 胶层, 订户, 傻子\na. 附属的, 次级的\nvt. 替代, 转包\nvi. 替代\n[计] 子程式, 用户, 代替, 减法器"
subaru,n. 富士重工；斯巴鲁（富士斯巴鲁汽车）
subcommittee,n. 小组委员会
subconscious,"n. 潜在意识, 下意识\na. 下意识的, 潜意识的"
subdivided,"v. 再分, 细分( subdivide的过去式和过去分词 )"
subdivision,"n. 细分, 分部\n[医] 再分; 亚门"
subdivisions,"n. 细分, 一部( subdivision的复数形式 ); 分支"
subdued,"a. 屈服的, 被抑制的, 减弱的, 柔和的"
subject,"n. 科目, 主题, 臣民, 主语, 题目, (事物的)经受者, 学科, 受治疗者, 原因, 理由\na. 服从的, 易患...的, 隶属的, 受支配的\nadv. 在...条件下\nvt. 使隶属, 使受到\n[计] 主题, 主体"
subjected,v. 使从属；受…影响；使遭受（subject的过去分词形式）
subjective,"a. 主观的, 个人的\n[医] 主观的, 自觉的"
subjects,n. 主题；被试者；学科；科目（subject的复数）
sublime,"a. 高尚的, 壮观的, 卓越的\nv. 提高, (使)变高尚, (使)纯化, (使)升华\nn. 庄严, 崇高, 顶点"
submarine,"n. 潜水艇, 海底生物\na. 海中的, 生长在海中的\nvt. 用潜水艇攻击\nvi. 在下疾行, 在下滑动"
submarines,n. 潜艇；潜水艇（submarine的复数）
submerged,"a. 水下的, 在水中的"
submission,"n. 屈服, 服从, 谦恭, 呈递, 提交, 意见\n[经] 提交, 提出, 提交公断"
submissions,n. 提交( submission的复数形式 ); 屈从; 归顺; <律>向法官或陪审团提出的意见或论据
submissive,"a. 服从的, 顺从的"
submit,"vt. 使服从, 使受到, 委托, 提交, 认为\nvi. 屈服, 服从"
submitted,v. 递交；主张；屈服（submit的过去分词）
submitting,v. 顺从( submit的现在分词 ); 听从; 屈服; 甘受
subordinate,"n. 属下, 附属物\na. 下级的, 次要的, 附属的\nvt. 使居下位, 使服从"
subordinates,n. 级别或职位较低的( subordinate的名词复数 ); 下级的; 次要的; 附属的\nv. 从属( subordinate的第三人称单数 )
subpoena,"n. 传票\nvt. 传审, 传唤"
subs,n. 地铁；潜艇；替补队员（sub的复数）
subscribe,"vt. 捐献, 签署\nvi. 赞成, 同意, 捐款, 预订, 认购\n[计] 订阅"
subscribed,"v. 捐助( subscribe的过去式和过去分词 ); 签署, 题词; 订阅; 同意"
subscriber,"n. 签署者, 捐献者, 订户\n[经] 定户"
subscribers,"n. 订阅者, 认股人；捐款人（subscriber复数形式）"
subscription,"n. 捐献, 订金, 订阅, 签署, 同意\n[化] 订购"
subscriptions,n. 捐献；订阅（subscription的复数形式）
subsection,"n. 分部, 分区, 分支\n[经] 分部, 分段, 小小组"
subsequent,"a. 后来的, 接下去的\n[经] 后来的"
subsequently,"adv. 后来, 随后"
subset,n. 子集\n[计] 子集; 子设备
subsidiaries,"n. 附属事物, 附属机构, 子公司( subsidiary的名词复数 )"
subsidiary,"n. 子公司, 附件, 辅助者\na. 辅助的, 次要的, 津贴的"
subsidies,"n. 补贴, 津贴, 补助金( subsidy的名词复数 )"
subsidized,"v. 给…津贴或补贴, 资助或补助…( subsidize的过去式和过去分词 )"
subsidy,"n. 补助金, 津贴\n[经] 补助金, 津贴, 补贴"
subsistence,"n. 生存, 生活\n[医] 生存"
substance,"n. 物质, 实质, 主旨, 资产, 本质, 牢固\n[化] 物质"
substances,n. 物质( substance的复数形式 ); 实质; 物体; [哲学]1)。 本质
substantial,"n. 重要材料(或事物), 有实际价值的东西\na. 实质上的, 物质的, 有内容的, 结实的"
substantially,"adv. 实质上, 本质上, 大体上"
substantive,"a. 表示实在的, 有实质的, 独立存在的, 大量的, 重大的, 坚实的, 名词的\nn. 名词性实词, 名词"
substitute,"n. 代理, 代理人, 代用品, 代替者, 代替物\nvt. 代替\nvi. 替代, 取代, 代用\na. 代替的, 代用的, 代用品的\n[计] 置换; 替代"
substituted,"a. 取代的, 代替的"
substitutes,"n. 代替者( substitute的名词复数 ); 替补（运动员）; 替代物; [语法学]代用词\nv. 代替, 替换, 代用( substitute的第三人称单数 ); 做…的代理人, 接替"
substitution,"n. 代替, 替换, 代替物\n[计] 置换"
substrate,"n. 底层, 地层, 衬底, 基底, 基质, 酶作用物, 酶解物\n[计] 衬底; 基片"
substrates,n. 基板；基底（substrate的复数）；基片
subterranean,"a. 地下的, 秘密的\nn. 地下室, 地下工作者"
subtitle,n. 副标题
subtitles,"n. 说明字幕, 印在外国影片上的对白翻译字幕, 译文对白字幕"
subtle,"a. 敏锐的, 精细的, 狡猾的, 稀薄的, 灵巧的, 微妙的\n[医] 锐敏的; 精细的"
subtlety,"n. 微妙, 精明"
subtly,"adv. 敏锐地, 巧妙地, 精细地"
subtract,"vt. 减去, 扣掉, 减少\nvi. 做减法\n[计] 减"
suburb,"n. 市郊住宅区, 郊区, 边缘"
suburban,"a. 郊外的, 郊区的, (贬)偏狭的, 土气的, 见识不广的\nn. 郊区居民"
suburbs,n. 郊外（suburb的复数）
subversive,"a. 从事颠覆的, 破坏性的\nn. 破坏分子, 颠覆分子"
subway,"n. 地铁, 地道\nvi. 乘地铁"
succeed,"vi. 成功, 继承, 继续\nvt. 继承, 接替"
succeeded,v. 成功；继承（succeed过去分词）
succeeding,"a. 随后的, 以后的"
succeeds,v. 成功( succeed的第三人称单数 ); 完成; 继承; 达到目的
success,"n. 成功, 成就, 胜利"
successes,n. 成功( success的复数形式 ); 成就; 成功者; 成功的事迹
successful,"a. 成功的, 一帆风顺的, 顺利的\n[经] 成功的"
successfully,"adv. 成功, 结果良好, 有成就"
succession,"n. 连续, 继承权, 继位, 演替, 地层次序\n[法] 继承, 继承权, 继位"
successive,"a. 继承的, 连续的\n[经] 接续承运人; 连续的"
successor,"n. 继承者, 接任者\n[计] 后继"
successors,"n. 接替的人或事物, 继任者, 继承人( successor的复数形式 )"
succumbed,v. 不再抵抗（诱惑、疾病、攻击等）( succumb的过去式和过去分词 ); 屈从; 被压垮; 死
such,"a. 如此的, 这样的"
suck,"vt. 吸, 吮, 吸入, 吮吸, 吸收\nvi. 吸, 吸奶\nn. 吸, 吸入, 吮吸"
sucked,"v. 吸, 吮；吸收；吞没（suck的过去分词）"
sucker,"n. 乳儿, 吸管\n[医] 吸盘"
suckers,n. 吸咀（sucker复数）
sucking,"a. 吸奶的, 授乳的, 尚未断奶的, 乳臭未干的\n[医] 吮, 吸; 吮的, 吮乳的"
sucks,n. 不好；差劲（suck的复数）
suction,"n. 吸, 吸入, 吸上, 吸引, 吸力\n[化] 吸气; 吸入"
sudan,n. 苏丹\n[化] 苯偶氮间苯二酚; 苏丹
sudanese,"a. 苏丹的, 苏丹人的\nn. 苏丹人"
sudden,"n. 突然, 忽然\na. 突然的, 意外的, 快速的"
suddenly,"adv. 突然, 意外, 忽然, 迅速, 即席作成, 即刻, 急速"
sue,"vt. 控告, 起诉, 请求\nvi. 提出诉讼, 提出请求"
sued,"v. 要求, 请求（sue过去分词形式）"
suede,"n. 小山羊皮, 起毛皮革, 表面粗糙的软皮革, 麂皮\n[机] 绒面革"
suez,n. 苏伊士
suffer,"vt. 遭受, 经历, 忍受\nvi. 受痛苦, 受损害"
suffered,v. 受痛苦( suffer的过去式和过去分词 ); 受损害; 变糟; 变差
sufferers,"n. 受害者, 受难者( sufferer的复数形式 ); 患病者"
suffering,"n. 苦难, 受苦"
suffers,v. 受痛苦( suffer的第三人称单数 ); 受损害; 变糟; 变差
suffice,"vi. 足够, 有能力\nvt. 满足"
sufficient,"a. 充分的, 足够的\n[法] 充分的, 足够的"
sufficiently,"adv. 足够, 充分"
suffolk,n. 萨福克（英国东部一郡）；萨克福马；萨福克羊
suffrage,"n. 投票, 选举权, 参政权, 代祷\n[法] 选举权, 投票权, 参政权"
sugar,"n. 糖, 糖块, 甜言蜜语\nvt. 加糖于, 使甜蜜, 粉饰, 美化\nvi. 制成糖"
sugars,n. 糖类（sugar的复数形式）
sugary,"a. 含糖的, 糖一般的, 甜的"
suggest,"vt. 提议, 建议, 促成, 暗示, 启发, 使人想起\n[法] 建议, 提出, 提议"
suggested,a. 建议的；暗示的
suggesting,v. 提议；暗示（suggest的ing形式）
suggestion,"n. 提议, 意见\n[医] 暗示"
suggestions,n. 民众意见箱；员工意见箱
suggestive,"a. 提示性的, 影射的, 暗示的\n[医] 暗示的"
suggests,"v. 暗示, 建议（suggest的单数）"
suicidal,"a. 自杀的, 自杀性的, 自我毁灭的\n[法] 自杀的"
suicide,"n. 自杀, 自杀者\nv. 自杀\na. 自杀的"
suicides,n. 自杀( suicide的复数形式 ); 自取灭亡; 自杀者; 自杀性行为
suing,vbl. 控诉
suit,"n. 套装, 诉讼, 请求, 起诉, 套, 组\nvt. 适合, 使适应\nvi. 合适, 相称"
suitability,"n. 适合, 适当\n[医] 适合性, 适应性"
suitable,"a. 适当的, 相配的\n[法] 合适的, 适宜的, 适当的"
suitably,"adv. 合适地, 适当地, 相配地"
suitcase,n. 手提箱
suite,"n. 随员, 套房, (一)组, (一)套, 组曲, 继之而来的事\n[电] 程序组"
suited,a. 适合的
suites,n. 套房；组曲；餐厅套件；[计]程序组（suite的复数）
suits,n. 西服；套装；讼案（suit的复数）
sulfate,"n. 硫酸盐, 硫酸脂\n[化] 硫酸盐; 硫酸盐或酯、根"
sulfur,"n. 硫, 硫磺\nvt. 用硫磺处理"
sullivan,"n. 沙利文, 苏利文（人名）"
sully,"vt. 玷污, 弄脏\nn. 污点, 脏污"
sulphur,"n. 硫, 硫磺\n[化] 硫"
sultan,n. 苏丹(某些伊斯兰国家统治者的称号)
sum,"n. 总数, 总和, 金额, 概要, 顶点\nvt. 总计, 概括\nvi. 合计\n[计] 系统实用程序和维护"
summaries,"n. 摘要, 概要( summary的名词复数 )"
summarize,"v. 概述, 总结"
summarized,"v. 总结, 概述( summarize的过去式和过去分词 )"
summarizes,"v. 总结, 概述( summarize的第三人称单数 )"
summary,"n. 摘要, 概要\na. 摘要的, 简略的\n[计] 摘要; 概要"
summed,"v. 总计, 概括, 总结（sum的过去时和过去分词）"
summer,"n. 夏季, 全盛时期\nvi. 避暑, 过夏天\n[计] 加法器"
summers,n. 萨莫斯（人名）
summertime,"n. 全盛时期, 夏季"
summit,"n. 顶点, 最高阶层, 最高级会议\na. 政府首脑的, 最高级的"
summon,"vt. 召唤, 召集, 号召, 振奋, 唤起, 鼓起\n[经] 传唤, 传讯"
summoned,v. 传唤( summon的过去式和过去分词 ); 召唤; 传讯（出庭）; 鼓起（勇气）
summons,"n. 召唤, 传唤, 召集, 传票\nvt. 传唤, 唤出, 传到"
sumner,n. 萨姆纳（男子名）
sums,n. 算术题；总数（sum的复数形式）
sun,"n. 太阳, 日, 日光, 阳光\nvt. 晒\nvi. 晒太阳"
sundance,n. 太阳舞（车名）；日之舞（歌曲名）；圣丹斯（电影节名）；圣得西（服装品牌名）
sunday,"n. 星期日\na. 星期日的, 业余的\nvi. 度星期日"
sundays,"adv. 每星期日, 在任何星期日"
sunderland,森德兰[英国英格兰东北部港市](或译散德兰)
sunflower,n. 向日葵
sung,sing的过去式和过去分词
sunglasses,"n. 太阳镜, 墨镜, 太阳眼镜"
sunk,a. 凹陷的\nsink的过去式和过去分词
sunken,"a. 沉没的, 下凹的\nsink的过去分词"
sunlight,"n. 日光\n[医] 日光, 太阳光"
sunni,n. 〈伊斯兰〉逊尼派教徒
sunny,"a. 阳光充足的, 乐观的, 快乐的, 像太阳的"
sunrise,"n. 日出, 黎明, 拂晓"
suns,n. 太阳队（美国篮球队名）
sunscreen,n. (防晒油中的)遮光剂
sunset,"n. 日落, 晚年"
sunshine,"n. 阳光, 光明, 晴天"
sup,"n. 一口\nvt. 啜, 呷\nvi. 啜饮, 进晚餐"
super,"n. 跑龙套角色, 冗员, 特级品, 特大号, 管理人\na. 上等的, 特大的, 超级的, 极好的, 十分的, 过分的\nadv. 非常"
superb,"a. 极度的, 华丽的, 极好的"
superficial,"n. 表面, 外表\na. 表面的, 肤浅的, 面积的"
supergirl, [电影]女超人
superhero,n. 超级英雄
superheroes,n. 超级英雄( superhero的名词复数 )
superhuman,"a. 超人的, 人类能力所不能及的"
superintendent,"n. 监督人, 主管人, 主日学校校长\n[经] 监督人, 主管人(部门)"
superior,"n. 长者, 占优势的人, 上级\na. 上级的, 出众的, 高傲的"
superiority,"n. 优越, 高傲\n[化] 优越性"
superiors,"n. 上级, 长官, 上司( superior的复数形式 ); 较好的人[事物], 优胜者; 修道院院长; 方丈"
superman,"n. 具有超人能力的人, 超人"
supermarket,"n. 超级市场\n[经] 超级市场, 自助售货商店"
supermarkets,n. 超级市场( supermarket的复数形式 )
supermodel,n. 超级名模
supernatural,"a. 超自然的, 神奇的\n[医] 超自然的"
supernova,n. 超新星
superpower,"n. 超级强权, 超级大国\n[经] 超级大国"
superpowers,n. 超级大国( superpower的复数形式 )
superseded,"a. [医]被代替的, 废弃的\nv. 取代, 接替( supersede的过去式和过去分词 )"
supersonic,a. 超声波的\n[医] 超声[波]的
superstar,n. 超级明星
superstars,n. 超级明星（演员、音乐师等）( superstar的复数形式 )
superstition,n. 迷信\n[法] 迷信
superstitious,"a. 迷信的\n[法] 迷信的, 由迷信引起的"
supervise,"v. 监督, 管理, 指导"
supervised,a. 有监督的
supervising,"[计] 管理, 监督, 监控"
supervision,"n. 监督, 管理\n[经] 监督, 管理"
supervisor,"n. 管理者, 监督者, 指导者, 视导员\n[计] 管理程序"
supervisors,"n. 监督者, 管理者( supervisor的复数形式 )"
supervisory,"a. 管理的, 监督的, 管理人的\n[经] 监督的, 管理的"
supper,n. 晚餐
supplement,"n. 补充物, 增刊, 补充, 补遗, 补编, 附录, 补角\nvt. 补充, 增补"
supplemental,"a. 补足的, 追加的\n[医] 补充的, 补足的"
supplementary,"a. 补足的, 补充的, 追加的\n[经] 追加的, 补充的, 增补的"
supplemented,"v. 增补, 补充（supplement的过去分词）"
supplements,n. 补充品；增补物；补脉（supplement的复数）
supplied,a. 有...提供的；备有...的
supplier,"n. 供应者, 供给国, 供应商\n[化] 承制厂; 供应厂商"
suppliers,n. 供应商（supplier的复数）
supplies,"n. 供应品, 日用必需品, 生活用品, (储备)物质, 存货, 补给品, 生活费用\n[化] 辅助材料"
supply,"n. 补给, 供给, 供应品\nvt. 补给, 供给, 提供, 补充\nvi. 替代"
supplying,n. 供应；补给
support,"n. 支持, 支撑, 援助, 供养, 支撑物\nvt. 支援, 支撑, 帮助, 支持, 忍受, 供养, 证实\n[计] 后援; 支持"
supported,n. 被支持的
supporter,"n. 支持者, 后盾, 迫随者, 护身织物\n[法] 支持者, 赡养者, 抚养者"
supporters,"n. 支持者, 支持单位；支持单元"
supporting,a. 次要的；支持的；辅助性的
supportive,"a. 支撑, 支承, 资助, 赞助, 支援, 经受, 忍受, 扶养, 证实, 鼓励, 维持, 伴奏"
supports,n. 支承结构；支持；忍受；赡养（support的复数）
suppose,"vt. 推想, 假设, 以为, 想像, 假定\nvi. 料想"
supposed,"a. 想象上的, 假定的, 被信以为真的\n[法] 推测的, 想像的, 被信以为真的"
supposedly,"adv. 想象上, 看上去像, 被认为是, 恐怕, 按照推测"
suppress,"vt. 镇压, 使止住, 禁止, 抑制, 查禁\n[法] 镇压, 平定, 禁止出版"
suppressed,"a. 被抑制的, 被忍住的\n[计] 抑制的"
suppressing,"[计] 清除, 删除"
suppression,"n. 抑压, 镇压, 抑制\n[计] 抑制"
supremacist,n. 至上主义者
supremacy,"n. 至高无上, 霸权地位, 优势, 至上\n[法] 至高权力, 无上权力, 霸权"
supreme,"n. 至高, 霸权\na. 至高的, 终极的, 极端的, 最大的"
sur,[法] 根据
surcharge,"n. 装载过多, 超载, 追加罚款, 附加税\nvt. 使装载过多, 追加罚款, 收附加税"
sure,"a. 确信, 必然的, 必定的\nadv. 当然, 确实地, 无疑地"
surely,"adv. 的确地, 安全地\n[经] 保证, 保证人, 保证金"
surf,"n. 海浪, 拍岸浪\nvi. 作冲浪运动"
surface,"n. 面, 表面, 水面, 外表, 平面\na. 表面的, 外观的, 肤浅的, 水面上的\nvt. 使成平面, 使浮出水面\nvi. 浮出水面, 呈现, 在地面上工作"
surfaced,成平面的；刨平的；刨光的
surfaces,n. 表面；曲面（surface的复数）
surfer,n. 冲浪运动员
surfers,n. 冲浪运动员\na. surfy的变形
surfing,n. 冲浪运动
surge,"n. 巨涌, 汹涌, 澎湃\nvi. 汹涌, 澎湃, 颠簸, 猛冲, 突然放松\nvt. 使汹涌奔腾, 急放\n[计] 电压尖峰"
surgeon,"n. 外科医生, 军医, 船医\n[医] 外科医师"
surgeons,n. 外科医生; 外科医生( surgeon的复数形式 )
surgeries,n. 外科手术( surgery的复数形式 ); 外科诊所; 门诊时间; （议员的）接待时间
surgery,"n. 外科, 手术, 手术室, 换球术"
surgical,"a. 外科的, 外科医生的, 手术上的\nn. 外科病例, 外科病房, 外科手术"
surname,"n. 姓, 别号, 绰号\nvt. 呼以姓氏, 起绰号"
surpass,"vt. 超越, 凌驾, 胜过"
surpassed,v. 超过( surpass的过去式和过去分词 ); 优于; 多于; 非…所能办到
surpassing,"a. 胜过的, 卓越的, 优秀的, 非凡的\nadv. 非凡地, 卓越地"
surplus,"n. 剩余, 过剩, 盈余\na. 过剩的, 剩余的"
surprise,"n. 惊奇, 奇袭, 诧异\nvt. 使惊奇, 撞见, 奇袭"
surprised,a. 感到惊讶的
surprises,"v. 使惊奇, 使诧异( surprise的第三人称单数 ); 意外发现[撞见], 出其不意获得"
surprising,a. 令人惊讶的
surprisingly,"adv. 使人惊奇, 出人意外, 惊人, 令人惊讶"
surreal,a. 超现实主义的；离奇的；不真实的
surrender,"vt. 交出, 放弃, 使投降, 让与\nvi. 投降, 自首\nn. 交出, 放弃, 投降"
surrendered,"n. 电子放单; Telex released\nv. 投降( surrender的过去式和过去分词 ); 放弃, 抛弃"
surrendering,"v. 投降( surrender的现在分词 ); 放弃, 抛弃"
surrey,n. 四轮双座轻便游览马车
surrogate,"n. 替代者, 代用品\nvt. 代理, 替代"
surround,"vt. 包围, 环绕, 围绕\nn. 围绕物"
surrounded,a. 被…环绕着的
surrounding,n. 环境\na. 周围的
surroundings,"n. 环境, 周围的事物\n[化] 环境"
surrounds,n. 挡板；环绕物（surround的复数）
surveillance,"n. 监视, 监督\n[电] 侦测"
survey,"n. 纵览, 视察, 测量, 俯瞰, 调查\nvt. 审视, 视察, 俯瞰, 通盘考虑\nvi. 测量土地"
surveyed,v. 调查( survey的过去式和过去分词 ); 测量; 检查; 眺望
surveying,n. 测量
surveyor,n. 测量员；检验员
surveys,n. 调查（survey的复数）
survival,"n. 生存, 残存, 幸存者\na. 赖以生存的"
survive,"vt. 比...活得长, 生存, 生还, 幸免于\nvi. 活下来, 幸存"
survived,"v. 幸存, 活下来( survive的过去式和过去分词 ); 比…活得长, 经历…之后还存在; 幸免于难; 挺过"
survives,"v. 幸存, 活下来( survive的第三人称单数 ); 比…活得长, 经历…之后还存在; 幸免于难; 挺过"
surviving,"[法] 继续存在的, 未死的, 依然健在的"
survivor,"n. 生还者, 幸存者\n[法] 生还者, 生存者, 辛存者"
survivors,"n. 幸存者, 残存者, 生还者( survivor的复数形式 )"
susan,n. 苏珊（女子名）
susceptibility,"n. 敏感性, 感情\n[电] 磁化系数"
susceptible,"a. 易受影响的, 易感动的, 容许...的\n[法] 易感的, 易受影响的, 容许"
sushi,n. 寿司（生鱼片冷饭团）
susie,n. 苏西（女子名）
suspect,"n. 被怀疑者, 嫌疑犯\na. 令人怀疑的, 不可信的, 可疑的\nv. 怀疑, 猜想"
suspected,a. 有嫌疑的
suspects,v. 猜疑（是）( suspect的第三人称单数 ); 怀疑; 不信任; 怀疑…有罪
suspend,"vt. 悬, 吊, 使悬浮, 暂停, 中止, 推迟\nvi. 暂停, 中止, 悬浮, 停止偿付债务\n[计] 暂停"
suspended,"a. 悬浮的；暂停的, 缓期的（宣判）"
suspending,"n. 停赛, 悬置；悬浮"
suspense,"n. 悬疑, 焦虑, 悬念, 悬而不决\n[经] 未定, 暂记"
suspension,"n. 悬挂, 暂停, 中止\n[化] 悬浮; 悬浮体; 悬浮液"
suspensions,n. 悬( suspension的复数形式 ); 悬架; 暂停; 悬浮液
suspicion,"n. 怀疑, 觉察, 嫌疑\n[法] 怀疑, 疑心, 嫌疑"
suspicions,n. 怀疑( suspicion的复数形式 ); 疑心; 感觉; 一点儿
suspicious,"a. 可疑的, 多疑的, 怀疑的\n[法] 怀疑的, 令人怀疑的, 可疑的"
sussex,n. 苏塞克斯（英国郡名）
sustain,"vt. 承受, 支持, 供养, 继续, 忍受, 蒙受, 证实, 准许\n[电] 持续"
sustainability,"n. 持续性, 能维持性, 永续性"
sustainable,"a. 足可支撑的, 养得起的, 可以忍受的"
sustained,"a. 持续的, 持久不变的, 持久的, 不懈的\n[计] 持续的"
sustaining,"a. 支持的, 持续的"
sutherland,n. 萨瑟兰郡（英国苏格兰原郡名）；萨瑟兰
sutton,n. 萨顿（英国英格兰东南部城市）
suv,abbr. 多功能车（SportsUtilityVehicle）；小型单层水泡（small unilamellar vesicles）
suzanne,n. 苏珊娜（人名）
suzuki,n. 铃木（日本机车商标）
suzy,n. 苏西（女子名）
sv,"[计] 单值, 状态有效"
sven,n. 流浪剑客（游戏“魔兽”中的角色）；斯文（男子名）
sw,"[计] 软件, 状态字, 开关"
swag,"n. 摇晃, 赃物, 洼地, 珍贵物, 垂花饰\nvi. 摇晃, 垂下"
swagger,"n. 大摇大摆, 吹牛, 妄自尊大, 威吓\nvi. 虚张声势吓人, 大摇大摆, 吹牛\nvt. 吓唬, 恫吓\na. 漂亮的, 时髦的"
swallow,"n. 燕子, 吞咽, 喉\nvt. 咽, 淹没, 吞没, 耗尽, 轻信, 忍受, 抑制\nvi. 吞下, 咽下"
swallowed,"vt.& vi. 吞, 咽（swallow的过去式与过去分词形式）"
swallowing,[医] 吞咽
swallows,n. （吃或喝的）一口( swallow的名词复数 )
swam,swim的过去式
swamp,"n. 沼泽, 进退两难的困境\nvt. 淹没, 击溃, 清除, 使陷于沼泽\nvi. 陷于沼泽, 淹没"
swamps,n. 沼泽（地）( swamp的名词复数 )
swan,"n. 天鹅, 天鹅星座, 有才华的诗人\nvi. 闲荡, 蜿蜒而行"
swans,n. 天鹅( swan的名词复数 )
swansea,n. 斯温西（英国威尔斯南部一海港）
swanson,斯汪森（人名）\n斯旺森（地名）
swap,"n. 以货易货\nv. 交换, 替换, 交易\n[计] 交换"
swapped,"v. 交换（工作）( swap的过去式和过去分词 ); 用…替换, 把…换成, 掉换（过来）"
swapping,"[计] 交换, 调动, 转储"
swaps,"n. 交换( swap的名词复数 ); 交换物, 被掉换者\nv. 交换（工作）( swap的第三人称单数 ); 用…替换, 把…换成, 掉换（过来）"
swarm,"n. 群, 大群, 蜂群, 分蜂群\nvi. 分群, 群集, 聚集一块, 云集, 攀\nvt. 挤满, 爬, 攀"
swat,"vt. 用力打下去, 重拍\nn. 用劲打击, 长打, 全垒打"
sway,"n. 摇摆, 影响力, 支配\nvt. 摇动, 支配, 弄歪, 使倾斜, 使动摇, 影响\nvi. 摇动, 摇摆, 倾斜, 动摇, 统治, 转向"
swayed,"v. （使）摇摆, （使）摇动( sway的过去式和过去分词 ); 影响、改变…的观点[行动]"
swear,"vt. 发誓, 咒骂, 使宣誓\nvi. 发誓, 诅咒\nn. 诅咒, 誓言"
swearing,"[法] 发誓, 宣誓"
swears,"v. 诅咒, 咒骂( swear的第三人称单数 ); （使某人）就…宣誓; 郑重承诺; 发誓要"
sweat,"n. 汗, 汗水, 水珠, 焦急\nvi. 出汗, 渗出, 冒出水气, 结水珠, 烦恼, 懊恼\nvt. 使出汗, 流出, 榨出, 使汗流浃背"
sweater,"n. 毛衣, 毛线衫, 运动衫, 出汗者\n[化] 发汗器"
sweaters,n. 毛衣( sweater的复数形式 )
sweating,[化] 发汗\n[医] 出汗\n[经] 汗损
sweats,vt. 发汗；夜间盗汗（sweat的三单形式）
sweatshirt,n. 园领长袖运动衫
sweaty,"a. 出汗的, 吃力的"
sweden,n. 瑞典
swedes,n. 蕉青甘蓝( swede的复数形式 )
swedish,"n. 瑞典人, 瑞典语\na. 瑞典的, 瑞典人的, 瑞典语的"
sweeney,n. 斯威尼（男子名）
sweep,"n. 扫除, 打扫, 肃清, 视野, 范围, 全胜\nvt. 扫除, 掸去, 猛拉, 扫荡, 肃清, 冲走, 刮起, 环视, 掠过, 扫射\nvi. 扫, 打扫, 袭击, 席卷, 扫视, 掠过"
sweeping,"n. 扫除, 垃圾\na. 扫荡的, 彻底的, 广泛的"
sweeps,n. 清扫；废屑；[俚]无赖汉（sweep的复数）；赌金（等于sweepstakes）
sweet,"n. 甜蜜, 糖果, 情人\na. 甜的, 芳香的, 悦耳的, 漂亮的, 和蔼的, 不咸的, 灵活的, 轻快的"
sweeter,n. 全景分析器
sweetest,a. 最甜蜜的
sweetheart,"n. 心上人, 爱人\nvi. 爱慕\nvt. 向...求爱"
sweetie,"n. 情人, 爱人, 甜食"
sweetness,"n. 甜蜜, 芳香, 美妙"
sweets,n. 糖果；甜食（sweet的复数）
swell,"n. 增大, 隆起的部分, 巨浪, 肿胀\na. 优秀的, 一流的\nvi. 增大, 膨胀, 肿胀, 增强, 骄傲\nvt. 使膨胀, 使增大, 使上涨, 使骄傲"
swelling,"n. 肿胀, 肿大, 隆起部, 身上的肿胀处, 膨胀, 增大\na. 肿大的, 突起的"
swells,v. 增强( swell的第三人称单数 ); 肿胀; （使）凸出; 充满（激情）
swept,sweep的过去式和过去分词
swift,"n. 褐雨燕, 快速爬行的小蜥蜴, 蝙蝠蛾, 大滚筒\na. 迅速的, 快的, 敏捷的, 立刻的\nadv. 迅速地, 敏捷地"
swiftly,"adv. 很快地, 即刻"
swim,"n. 游泳, 漂浮, 潮流, 眩晕\nvi. 游泳, 游, 漂浮, 浸, 覆盖, 充溢, 大量拥有, 旋转, 眩晕\nvt. 游过, 使浮起"
swimmer,n. 游泳者
swimmers,n. 游泳者( swimmer的复数形式 )
swimming,"n. 游泳, 眩晕"
swimsuit,n. 游泳衣
swindon,n. 史云顿（英国城市名）
swine,"n. 猪, 卑鄙的家伙"
swing,"n. 摇摆, 振幅, 音律, 节奏, 涨落, 秋千, 旋转, 行动自由\nvi. 摇摆, 悬挂, 旋转, 大摇大摆地走, 转向\nvt. 挥舞, 使旋转, 使转向, 悬挂, 吊运\na. 旋转的, 悬挂的, 强节奏爵士音乐的"
swinging,"a. 极大的, 大幅度的, 大量的, 极好的, 大力的, 极有力的, 活跃的, 时髦的\nadv. 极大地, 非常地"
swings,"n. （复数）秋千；摇摆, 改变, 冲力（swing的复数形式）"
swipe,"n. 强打, 用力挥击, 尖刻的话, 碰擦, 起重杆\nvt. 强打, 用力挥击, 偷"
swirl,"n. 漩涡, 涡动\nvt. 使成漩涡\nvi. 打漩, 盘绕, 眩晕"
swirling,n. 漩涡；涡流
swiss,"n. 瑞士人, 瑞士腔调\na. 瑞士的, 瑞士风格的"
switch,"n. 开关, 电闸, 转换, 软枝, 鞭子, 道岔\nvt. 转变, 切换, 摆动, 转换, 使转轨\nvi. 转换, 变换, 摆动\n[计] 开关; 翻转; 转移"
switched,a. 转换的
switches,"n. 转轨器, 道岔\n[计] DOS内部命令:控制增强型键盘及启动模式"
switching,"[计] 交换\n[经] 转换, 调换, 调头"
switzerland,n. 瑞士
swollen,"a. 肿大的, 涨水的, 夸张的, 骄傲的\nswell的过去分词"
swoop,"n. 俯冲, 攫取\nvt. 抓取\nvi. 猛扑, 突然袭击"
sword,"n. 刀, 剑, 战争, 武力, 剑状物"
swords,n. 宝剑（sword的复数）
swore,"swear的过去式\n[法] 宣过誓的, 宣誓证明的, 决不改变的"
sworn,swear的过去分词
swung,swing的过去式和过去分词
sy,abbr. 平方码（square yard）；石油天然气行业标准；叙利亚（Syria）；苏丹黄（Sudan yellow）
syd,n. 悉德（男子名）
sydney,n. 悉尼（澳大利亚港市）
sykes,n. 赛克斯（姓氏）；赛科斯（信息技术服务有限公司）\nn. (Sykes)人名；(英、加纳)赛克斯
syllable,n. 音节\nvt. 分成音节\n[计] 字节
syllables,n. 音节( syllable的复数形式 )
syllabus,"n. 摘要, 提纲, 课程表, 教学大纲\n[医] 摘要, 要目"
sylvester,n. 西尔威斯特(亦作Silvester)(m.)
sylvia,n. 西尔维亚（女子名）
symbol,"n. 符号, 象征, 代号, 信条\n[计] 符号; 码元"
symbolic,"a. 象征的, 符号的\n[电] 符号化"
symbolism,"n. 象征主义, 符号论\n[医] 象征主义"
symbols,n. 符号；象征；标志；符号表（symbol的复数）
symmetric,"a. 对称的, 均匀的, 匀称的\n[计] 对称的"
symmetrical,"a. 对称的, 匀称的\n[医] 对称的, 均称的"
symmetry,"n. 对称, 匀称\n[化] 对称; 对称性; 对称现象"
sympathetic,"a. 有同情心的, 合意的, 赞成的\nn. 交感神经, 容易感受的人"
sympathies,"n. 同情, 支持"
sympathy,"n. 同情, 赞同, 怜悯, 慰问, 吊唁\n[医] 交感[作用], 同感[作用], 感应, 同情"
symphony,"n. 交响乐, 交响曲"
symposium,"n. 讨论会, 座谈会, 专题报告会, 专题论文集"
symptom,"n. 症状, 征候, 征兆\n[医] 症状"
symptomatic,"a. 作为征候的, 症状的, 根据征候的\n[医] 症状的"
symptoms,n. 病徵；症状；症候
synagogue,"n. 犹太人集会, 犹太教会堂, 犹太教"
sync,[计] 同步的
synchronization,[计] 同步
synchronized,a. 同步化的；同步的
syndicate,"n. 企业联合, 辛迪加, 财团\nv. 联合成辛迪加"
syndrome,"n. 并发症状, 综合征, 同时存在的事物\n[计] 校验子; 并发位"
synergy,"n. 协同作用\n[医] 协同, 协作, 增效, 协作(指药物)"
synod,"n. 教会会议, 会议"
synonym,n. 同义词
synonymous,"a. 同义词的, 同义的"
synonyms,n. 同义词( synonym的名词复数 )
synopsis,"n. 概要, 摘要, 大意\n[化] 一览表; 提要"
syntax,"n. 句法, 语法, 句子构造\n[计] 句法, 语法"
synth,n. 合成器；综合者
synthesis,"n. 综合, 组织, 综合体\n[化] 合成"
synthesized,a. 综合的；[化]合成的
synthetic,"n. 合成物质\na. 综合(性)的, 人造的, 合成的"
syphilis,n. 梅毒\n[医] 梅毒
syracuse,n. 锡拉库扎（意大利西西里岛东部一港市）
syria,n. 叙利亚\n[经] 叙利亚
syrian,"n. 叙利亚人, 叙利亚语\na. 叙利亚语的, 叙利亚人的"
syrians,n. 叙利亚人（Syrian的复数）
syringe,"n. 注射器, 洗涤器\nvt. 注射, 洗涤"
syrup,"n. 糖浆, 果汁\n[化] 糖浆剂"
system,"n. 系统, 体系, 制度, 方式, 秩序, 分类原则\n[计] 系统; 体制; 体系"
systematic,"a. 有系统的, 分类上的, 体系的\n[医] 系统的, 系的, 分类的"
systematically,"adv. 有系统地, 有组织地, 有条理地"
systemic,"a. 系统的, 体系的, 全身的\n[医] 系统的, 全身的"
systems,"n. 体制, 体系；制度；系统（system的复数形式）"
ta,interj. 谢谢\n[计] 终端适配器
tab,"n. 制表(键), 搭襻, 标号, 调整片, (易拉罐)拉环, 帐单, 标签, 制表符\n[计] 标签, 制表符, TAB键"
table,"n. 桌子, 餐桌, 工作台, 铭文, 表格, 表, 高原, 平地层\nvt. 搁置, 嵌合, 制表, 把...列入议事日程\n[计] 表格, 模拟运算表"
tables,n. 桌子；附录；表格（table的复数）
tablespoon,"n. 大汤匙\n[医] 汤匙, 大匙(15毫升)"
tablespoons,"n. 大汤匙, 大调羹( tablespoon的复数形式 ); 一大汤匙的量"
tablet,"n. 平板, 门牌, 笔记簿, 碑, 匾, 药片\n[化] 片剂"
tabletop,n. 桌面
tablets,n. 药片( tablet的名词复数 ); （木、竹）简; 碑; 一块肥皂
tabloid,"n. 小报, 小型画报, 药片, 文摘\na. 轰动性的, 扼要的, 缩略的, 小报式的"
taboo,"n. 禁忌, 禁止接近, 禁止使用\na. 禁忌的, 忌讳的\nvt. 禁忌, 忌讳, 禁止"
tabs,"n. 跳格设定, 制表符\n[计] 跳格设定, 制表符"
tac,[计] 东京大学自动计算机
tack,"n. 平头钉, 大头钉, 粗缝针脚, 行动方针, 食物\nvt. 以大头针钉住, 附加"
tackle,"n. 工具, 复滑车, 滑车, 装备, 扭倒\nvt. 固定, 处理, 抓住\nvi. 扭倒"
tackled,v. 解决( tackle的过去式和过去分词 ); 应付; 与某人交涉; 向某人提起（问题或困难情况）
tackles,n. 用具( tackle的名词复数 ); 滑车; 钓具; 阻截队员\nv. 解决( tackle的第三人称单数 ); 应付; 与某人交涉; 向某人提起（问题或困难情况）
tackling,"n. 用具, 装备, 套具, 扭住, 抱住, 卷起"
tacky,"a. 发粘的, 破烂的, 俗丽的"
taco,n. 墨西哥煎玉米卷；[美俚]墨西哥人
tacoma,n. 塔科马港市（美国华盛顿州西部港市）
tacos,(taco 的复数) n. 墨西哥煎玉米卷；[美俚]墨西哥人
tactic,"n. 一项战术, 一条策略\na. 战术的, 顺序的, 排列的"
tactical,"a. 战术的, 用兵上的, 策略的"
tactics,"n. 用兵学, 战术, 兵法\n[经] 战术, 策略"
tactile,"a. 触觉的, 有触觉的\n[医] 触觉的"
tad,"n. (美)(非正式)男孩, 小孩子, 少量"
tae,abbr. 教学质量评估（Teaching Assessment Exercise）；全部预测支出（Total Anticipated Expenditures ）；测试接入设备（Test Access Equipment）
taft,n. 塔夫脱（姓氏）
tag,"n. 标签, 附属物, 碎片, 结束语, 口头禅, 附加语, 浑名, 标记, 标记符\nvt. 附以签条, 尾随, 添饰, 起浑名, 连接\nvi. 紧紧跟随\n[计] 标记"
tagged,a. 标记的；示踪的；加标记的
tagging,"[计] 标记, 特征, 标签\n[化] 标记"
tags,n. 标签；（机动车）牌照；称呼（tag的复数）
tahoe,n. 美国塔霍湖
tai,abbr. 泰国国际航空公司（Thai Airways International）
tail,"n. 尾部, 后部, 辫子, 随员, 特务, 燕尾服, 踪迹, 限定继承(权)\na. 在后面的, 从后面而来的, 限定继承的, 尾部的, 后部的\nvt. 为...装尾, 附于其后, 尾随, 使搭牢, 跟踪, 监视\nvi. 跟踪, 船尾搁浅"
tailed,"a. 有...尾的, 去掉尾的, 有...状尾的\n[计] 尾部, 尾标, 结束符"
tailor,"n. 裁缝, 成衣匠\nvt. 缝制, 制作, 使适应\nvi. 做裁缝"
tailored,"a. 裁缝做的, 似裁缝做的, 特制的, 定做的, 穿着考究的, 时髦的, 干净利索的"
tails,"n. (非正式)燕尾服, 男子夜礼服, 钱币背面, 硬币的背面\n[化] (复)尾矿; 尾砂"
tainted,"a. 腐坏的, 污染的, 沾污的, 感染的\n[法] 有污点的, 污染的"
taipei,n. 台北
taiwan,n. 台湾
taiwanese,a. 台湾人的；台湾的
taj,"(伊斯兰教徒的)圆锥形高帽, (印度Agra的)泰姬陵"
tajikistan,n. 塔吉克斯坦
tak,n. 达克（泰国城市）
take,"vt. 拿, 取, 抓, 带领, 获得, 就座, 接受, 吃, 吸引, 采取, 乘, 需要, 花费\nvi. 吃掉对方棋子, 抓住, 起作用, 依法获得财产\nn. 拿, 取, 收成, 奏效"
takeaway,"a. 外吃的, 外卖的\nn. 外卖食品的餐馆, 外卖食品的商店"
taken,take的过去分词
takeoff,n. 起飞
takeover,"n. 接管, 接收\n[经] 接收"
taker,"n. 取者, 捕者, 接受者, 收取者\n[法] 受者, 收票人, 接受打赌的人"
takers,n. 接受者；购买者（taker的复数）
takes,"vt. 取走, 预备动作（take第三人称单数）"
takin,n. 扭角羚；羚牛
taking,"n. 取得, 捕获, 进款\na. 迷人的, 可爱的, 会传染的"
tal,abbr. 事物处理应用语言（Transaction Application Language）
talbot,n. [动]塔尔博特提猎狗
tale,"n. 故事, 谎言, 谣言, 陈述, 叙述\n[法] 虚语, 诽语, 谣言"
talent,"n. 天才, 才能, 有才干的人, 天资"
talented,"a. 天资高的, 有才能的"
talents,"n. 人才；才能, 天赋（talent的复数）"
tales,n. 候补陪审员召集令
taliban,塔利班
talk,"n. 谈话, 交谈, 会谈, 讲话, 演讲, 空谈, 谣言, 方言, 语言\nvi. 讲话, 演讲, 说话, 谈话, 交流, 闲聊, 说闲话\nvt. 讲, 说, 讨论, 谈论\n[计] 对话类, 聊天"
talked,"n. 讲话, 交谈 talk的过去式\nv. 说( talk的过去式和过去分词 ); 讨论; 说话; （用以强调款额、情况严重程度等）讲的是"
talkin, [人名] 托金
talking,"a. 说话的, 多嘴的, 富有表情的\nn. 讲话, 谈论"
talks,n. 会谈
tall,"a. 高的, 长的, 夸大的\nadv. 夸大地"
tallahassee,n. 塔拉哈西（美国佛罗里达州首府）
taller,a. 高的( tall的比较级 ); 难以置信的; 难以完成的; （用以表示或询问高度）有...高
tallest,a. 最高的
tally,"n. 符木, 记账, 得分, 比分, 计数器, 标签, 符合, 对应物\nvt. 记录, 点数, 计算, 加标签于, 使符合\nvi. 记帐, 符合, 吻合, 记分\n[计] 计数"
tam,n. 便帽（苏格兰人戴的）
tamara,n. 塔玛拉(f.)
tame,"a. 驯服的, 柔顺的, 被开垦的, 顺从的, 乏味的, 平淡的\nvt. 驯养, 驯服, 制服, 失去锋芒\nvi. 变得驯服"
tamil,"n. 泰米尔人, 泰米尔语"
tammy,n. 一种便帽（等于tam-o'-shanter）；棉经毛纬平纹呢（等于tammie）；滤汁布
tampa,n. 坦帕市（美国佛罗里达州西部港市）
tampering,"[法] 贿赂, 收买"
tan,"n. 黄褐色, 鞣料, 马戏团\na. 黄褐色的, 鞣皮的\nvi. 晒成棕褐色\nvt. 把...晒黑, 鞣(革), 狠狠鞭打"
tanaka,"[医] 鹧鸪菜, 海人草"
tandem,"adv. 一前一后地, 纵排地\na. 纵排的, 串联的\nn. 纵列两匹马拉的马车, 前后纵列的两匹马, 串座双人自行车"
tang,"n. 强烈味道, 特殊的气味, 特性, 柄脚, 当的一声, 墨角藻\nvt. 使发气味, 装刀柄于, 使发出当的一声\nvi. 发出当的一声"
tangent,"a. 接触的, 正切的, 离题的\nn. 切线, 正切"
tangible,"n. 可触知的东西, 有形资产\na. 可触摸的, 有实体的, 非相像的, 有形的, 明确的"
tangle,"n. 缠结, 纠结的一团, 困惑, 纠纷, 混乱\nvt. 使缠结, 缠住\nvi. 缠结, 乱作一团"
tangled,"a. 纠缠的, 紊乱的\n[法] 复杂的, 缠结的, 繁乱的"
tango,"n. 探戈舞, 探戈舞曲\nvi. 跳探戈舞"
tank,"n. 槽, 箱, 柜, 罐, 池塘, 储水池, 坦克\nvt. 储于箱中"
tanker,"n. 坦克手, 油船, 空中加油飞机, 运油飞机, 油槽/水槽汽车\n[化] 槽车; 油槽船"
tankers,n. 运送大量液体或气体的轮船[卡车]( tanker的复数形式 ); 油轮; 罐车; 油槽车
tanks,n. 坦克；贮水池；大容器（tank的复数）
tanned, [医]鞣酸处理的
tanner,"n. 制革工人, 硝皮匠, 六便士"
tanning,"n. 鞣皮, 制革法, 晒成褐色\n[化] 制革; 鞣制"
tantrum,"n. 发脾气, 发怒\n[医] 暴怒, 发脾气"
tanya,n. 塔尼娅（女子名）
tanzania,n. 坦桑尼亚
tao,n. (道家学说中的)道
tap,"n. 轻打, 水龙头\nvt. 轻打, 轻敲, 敲打出, 选择, 装上嘴子, 使流出, 开发, 分接, 向...乞讨\nvi. 轻叩, 轻拍, 啪塔啪塔地走\n[计] 接头"
tape,"n. 带子, 录音带, 磁带, 窄带, 卷尺\nvt. 以带子绑起, 测量, 录音\n[计] 带"
taped,"n. 录播, 压胶"
taper,"n. 带子操作工, 小蜡烛, 尖细, 渐弱, 锥形, 尖塔\na. 尖细的, 分等级的\nv. (使)一头逐渐变细, (使)逐渐减少"
tapered,"a. 锥形的, 尖削的, 渐缩的"
tapering,a. 尖端细的
tapes,"n. 录音带, 胶纸带；条带, 边带"
tapestry,"n. 挂毯, 绒绣\nvt. 用挂毯装饰"
taping,n. 磁带录音
tapped,a. 分接的；抽头的；[语]发接触音的
tapping,"n. 轻敲声, 开孔, 导出液体, 放腹水, 分支, 抽头, 分流, 缠绝缘带, 出钢, 出渣\n[化] 放液; 割浆; 割胶; 采脂; 采割松脂"
taps,"n. (美军)熄灯号, 熄灯鼓"
tar,"n. 焦油, 柏油, 水手\nvt. 涂以焦油, 玷污, 怂恿\na. 焦油的"
tara,int. [口]再会！
tardis,abbr. Traffic and Roads Drive Integrated Systems 交通和道路驾驶综合系统
target,"n. 目标, 靶子, 指标\nvt. 对准, 订指标"
targeted, [医]定向的
targeting,n. 目标市场选择；确定目标市场
targets,n. 目标；枪靶；投放范围（target的复数）
tariff,"n. 关税, 关税表, 价格表, 收费表\nvt. 课以关税\n[计] 价目表"
tariffs,n. 关税制度; 关税( tariff的名词复数 ); 关税表; （旅馆或饭店等的）收费表; 量刑标准
tarot,n. (算命用的)有图纸牌
tart,"a. 酸的, 辛辣的, 尖酸的\nvt. 妖艳打扮\nn. 果馅饼, 妓女"
tarzan,n. 健壮、灵活的男子
taser,n. 泰瑟枪（一种武器）
task,"n. 工作, 任务, 作业, 困难的工作\nvt. 派给...工作, 使辛劳\n[计] 任务"
tasked,vt. 交给某人（task的过去式与过去分词形式）
tasks,n. 任务；工作；苦差事（task的复数）
tasmania,n. 塔斯马尼亚岛（位于澳洲东南方）
tasmanian,a. 塔斯马尼亚的
taste,"n. 味道, 品味, 味觉, 感受, 体验, 爱好, 审美, 少量\nvt. 尝, 察觉...的味道, 体会\nvi. 品尝, 察觉味道, 有某种味道"
tasted,"v. 尝, 品尝, 尝到( taste的过去式和过去分词 ); 吃; 喝; 浅尝"
tastes,"n. 体验( taste的名词复数 ); 滋味; 味觉; 风味\nv. 尝, 品尝, 尝到( taste的第三人称单数 ); 吃; 喝; 浅尝"
tasting,"n. 品尝, 尝味"
tasty,"a. 好吃的, 可口的"
tat,"v. 梭编, 梭织\nn. 衣衫褴褛(的人), 粗麻布, 轻击"
tata,int. [英国口语]再见
tate,n. 塔特（姓氏）
tattoo,"n. 归营号, 连续有节奏的敲击, 文身, 矮种马\nvt. 连续有节奏地敲, 刺花纹于\nvi. 作连续有节奏的敲击"
tattooed,"v. 刺青, 文身( tattoo的过去式和过去分词 ); 连续有节奏地敲击; 作连续有节奏的敲击"
tattoos,"n. 刺青, 纹身（tattoo的复数）"
tatum,"泰特姆(①姓氏 ②Edward Lawrie, 1909-, 美国生物化学家, 曾获1958年诺贝尔生理学-医学奖)"
tau,n. 希腊字母第19字
taught,teach的过去式和过去分词
taurus,"n. 金牛星座, 金牛宫"
tavern,"n. 酒馆, 客栈"
tax,"n. 税, 税款, 重负, 会费\nvt. 课以税, 使负重荷, 斥责"
taxable,"a. 可征税的, 应征税的\n[经] 可征税的, 应纳税的"
taxation,"n. 课税, 征税, 抽税, 税款, 估定的税额\n[经] 征税, 纳税, 税制"
taxed,vt. 使负重担（tax的过去式与过去分词形式）
taxes,"n. 税务；税捐；税收, 税金"
taxi,n. 出租车\nvi. 乘出租车\nvt. 用出租车送
taxing,"a. 繁重的, 费力的\n[法] 征税的, 评定的负担颇重的"
taxis,n. [医]整腹法；[动]反射运动；分类法；（古希腊军队的）分队；[语]排列
taxpayer,"n. 纳税人\n[法] 纳税人, 纳税义务人"
taxpayers,"n. 纳税人, 纳税的机构( taxpayer的复数形式 )"
tay,"n. 泰河（北海的港湾, 位于英国苏格兰中部）；[方]茶（爱尔兰方言, 等于tea）"
taylor,n. 泰勒
tb,"n. 结核, 肺结核, 结核病, 结核杆菌\n[计] 太字节(万亿字节)"
tbh,老实说，是 to be honest 的缩写
tc,"[计] 任务控制, 终端控制, 传输控制\n[医] 锝(43号元素)"
tcp,"[计] 终端控制程序, 测试检验程序, 传输控制协议"
td,abbr. （美）财政部（Treasury Department）；任务说明书（Task Description）；反坦克自行火炮（Tank Destroyer）
tds,[化] 热脱附谱
te,[医] 碲(52号元素); 破伤风
tea,"n. 茶, 茶叶\n[医] 茶, 茶剂, 浸剂"
teach,"vt. 教, 讲授, 教导, 教育\nvi. 教书, 教学, 可以教"
teacher,"n. 教师, 老师, 导师"
teachers,n. 教师（teacher的复数形式）
teaches,v. 教( teach的第三人称单数 ); 教书; 训练; 教育
teaching,"n. 教学, 学说, 教导"
teachings,n. 教义；教导；学说（teaching的复数）
teal,n. 短颈野鸭
team,"n. 队, 组\nvt. 把马(牛)套在同一辆车上, 把...编成一组\nvi. 驾驶卡车, 协作"
teamed,v. （与某人）一起工作( team的过去式和过去分词 ); 合作; （与某人）结成一队
teaming,"v. 负载平衡；兽力运输；协同运作；组合, 合作（team的现在分词）"
teammate,n. 队友
teammates,"n. 队友, 同队队员"
teams,"n. 团队, 参赛队伍（team的复数形式）"
teamwork,"n. 协同作业, 协力\n[法] 联合工作, 联合行动, 协调工作"
tear,"n. 泪滴, 眼泪, 撕, 扯, 裂缝, 激怒, 飞奔\nvi. 流泪, 撕破, 赶快, 飞奔, 被撕破\nvt. 撕裂, 戳破, 拉掉, 撕掉, 使分裂, 使精神不安, 折磨"
tearing,"a. 撕裂般的, 痛苦的, 猛烈的\n[化] 断开; 撕裂"
tears,n. 眼泪；泪水（tear复数形式）
teas,abbr. 商标电子化应用系统（Trademark Electronic Application System）；经皮穴位电刺激（Transcutanclus Electrical Acupoint Stimulation）
tease,"n. 揶揄, 戏弄, 逗惹\nvt. 戏弄, 取笑, 强求, 梳理, 使起毛"
teased,"v. 取笑, 戏弄( tease的过去式和过去分词 ); 梳理（羊毛等）"
teaser,"n. 戏弄者, 起绒机"
teasing,[医] 针拨开法
teaspoon,n. 茶匙\n[医] 茶匙(4毫升)
tech,n. 技术学院或学校
technical,"a. 技术上的, 专门的, 工业的, 严格根据法律的\n[化] 技巧"
technically,"adv. 技术上, 学术上, 专门地"
technician,n. 技师\n[化] 技师
technicians,n. 工作人员；技术员（technician的复数）
technique,"n. 技巧, 技术, 方法\n[化] 工艺方法; 技巧"
techniques,n. 方法；技巧；技术（technique的复数）
techno,[计] 技术
technological,"a. 技术的\n[经] 工艺的, 技术的"
technologically,adv. 技术上地；科技地
technologies,n. 技术；科技（technology的复数）
technology,"n. 技术, 工业技术, 术语\n[医] 技术学, 工艺学"
tectonic,"a. 构造的, 建筑的\n[医] 整形的, 整复的, 成形的"
ted,vt. 翻晒
teddy,n. 连衫衬裤；泰迪玩具熊
tedious,"a. 沉闷的, 冗长乏味的"
tee,"n. T字形, T字形之物, 发球区, 球座, 目标\nvt. 搁在球座上\na. T字形的"
teen,"n. 愤怒, 悲哀"
teenage,a. 十三岁到十九岁的
teenager,n. 十三岁到十九岁的少年
teenagers,"n. 青少年（13至19岁, teenager的复数）"
teens,n. 十三岁到十九岁
tees,n. 高尔夫球的发球台（tee的复数）
teeth,pl. 牙齿\n[医] 牙
tehran,n. 德黑兰
tel,abbr. 试验仪器清单（Test Equipment List）
tele,n. 电视
telecom,telecommunication 电信
telecommunication,"n. 电讯, 远距离通讯, 无线电通讯\n[计] 远程通信, 电信"
telecommunications,"n. 电信, 通讯, 电信学\n[电] 电通信"
telegram,"n. 电报, 一封电报\n[计] 电报"
telegraph,"n. 电报, 电报机\nvi. 打电报\nvt. 打电报给, 电汇, 流露, 显示出要...的样子"
telephone,"n. 电话, 电话机\nv. 打电话"
telephones,n. 电话；电话机（telephone的复数）
telescope,"n. 望远镜\nvi. 叠缩, 嵌进, 缩短\nvt. 使叠缩, 使缩短"
telescopes,n. 望远镜( telescope的名词复数 )
televised,v. 由电视播送( televise的过去式和过去分词 ); 电视拍摄
television,n. 电视\n[电] 电视
tell,"vt. 告诉, 说, 吩咐, 断定, 知道\nvi. 讲述, 泄密, 告发, 表明"
teller,"n. 叙述者, 讲故事者, 出纳员\n[经] 出纳员"
tellin,樱蛤
telling,"a. 有效的, 显著的, 显露内心活动的"
tells,v. 告诉；说（tell的第三人称单数）
telly,n. 电视
telugu,n. 泰卢固语（印度东部德拉维拉语言）；泰卢固人
temp,n. [口]临时雇员
temper,"n. (钢等的)硬度, 脾气, 心情, 中和剂, 倾向, 回火\nvt. 使回火, 锻炼, 调和, 使缓和\nvi. 回火"
temperament,"n. 气质, 性格, 性情\n[医] 气质, 禀赋"
temperance,"n. 节欲, 戒酒, 禁酒, 节制\n[医] 节制(饮食等), 戒酒"
temperate,"a. 温和的, 适度的, 有节制的, 温带的"
temperature,"n. 温度, 发烧, 热度\n[化] 温度"
temperatures,n. 温度( temperature的复数形式 ); 气温; 高烧; 发烧
tempered,"a. 回火的, 缓和的, 脾气...的"
tempest,"n. 暴风雨, 骚动\nvt. 使受大风暴影响, 使骚动, 使激动"
templar,"n. 圣殿骑士, 律师, 共济会会员"
template,"n. 样板, 模板, 垫木\n[计] 模板"
templates,n. 模板；属性单元；范本（template的复数）
temple,"n. 圣堂, 庙宇, 教堂, 礼拜堂, 太阳穴, 鬓角\n[医] 颞颥, 颞部"
temples,"n. 边撑, 伸幅器；寺庙（temple的复数形式）"
tempo,"n. 速度, 节奏, 进行速度, (棋的)一着"
temporal,"a. 时间的, 暂时的, 现世的, 世俗的, 颞的, 太阳穴的\nn. 世间万物, 教会财产"
temporarily,"adv. 暂时, 一时, 临时"
temporary,"a. 暂时的, 临时的\nn. 临时工, 临时雇员\n[计] 临时"
temps,"abbr. temperatures 温度; tempests 暴风雨; transportable electromagnetic pulse simulator 移动式电磁脉冲模拟器; temporary workers 临时工\nn. 临时雇员, （尤指）临时秘书( temp的名词复数 )\nv. 打临时工, 做临时工作, 打零工( temp的第三人称单数 )"
tempt,"vt. 诱惑, 引诱, 引起...的兴趣, 吸引, 冒...风险"
temptation,"n. 诱惑, 诱惑物\n[法] 诱惑, 诱惑物"
temptations,"n. 诱惑, 引诱( temptation的复数形式 ); 诱惑物"
tempted,v. 怂恿（某人）干不正当的事; 冒...的险（tempt的过去分词）
tempting,"a. 诱惑人的, 吸引人的"
ten,"num. 十, 十个"
tenacity,"n. 固执, 不屈不挠, 顽固, 黏性, 韧性\n[机] 坚轫"
tenant,"n. 承租人, 房客, 居住者\nvt. 租借\n[计] 占据者"
tenants,n. 房客( tenant的名词复数 ); 佃户; <律>占用者; 占有者
tend,"vi. 走向, 有某种的倾向, 易于, 照顾, 注意\nvt. 照料, 护理"
tended,v. 照料( tend的过去式和过去分词 ); 照顾; 招待; 侍候
tendencies,"n. 倾向, 趋势( tendency的名词复数 ); （政党内的）极端派别"
tendency,"n. 趋向, 倾向\n[医] 趋向, 趋势"
tender,"a. 嫩的, 柔软的, 脆弱的, 温柔的, 亲切的, 未成熟的, 微妙的, 棘手的, 审慎的\nvt. 使变嫩, 提供, 偿还\nvi. 变柔软, 投标\nn. 照料, 看管人, 供应船, 小船, 提出, 偿付, 投标"
tenderness,"n. 柔软, 亲切, 柔和, 敏感, 易触痛\n[医] 触痛"
tenders,"n. （正式）提出( tender的名词复数 ); （在大船和海岸之间载运人和货物的）供应船; 投标; 蒸汽机车的)煤水车\nv. 提出( tender的第三人称单数 ); 使变温柔; 使变脆弱; [法律]清偿, 偿债"
tending,[化] 维护保养
tendon,n. 腱\n[医] 腱
tends,v. 照料( tend的第三人称单数 ); 照顾; 招待; 侍候
tenets,n. 原则( tenet的复数形式 ); 信条; 教义; 教条
tenn,abbr. 田纳西州（Tennessee）
tennant,n. 坦南特
tennessee,n. 田纳西州
tennis,n. 网球
tenor,"n. 稳定的进程, 思路, 要旨, 大意, 誊本, 票据的限期, 男高音\na. 男高音的"
tens,十位
tense,"a. 紧张的, 拉紧的\nv. (使)紧张, (使)拉紧\nn. 时态"
tension,"n. 紧张, 不安, 拉紧, 张力, 压力, 电压\nvt. 拉紧, 使紧张"
tensions,n. （情绪上的）紧张( tension的复数形式 ); 张力; 紧张的状态; （作家或电影导演制造的）紧张气氛
tent,"n. 帐篷, 帷幕, 住处, 塞条, 塞子\nvi. 住帐蓬, 宿营, 暂时居住\nvt. 用帐篷遮盖, 使住帐篷, 用塞条嵌入"
tentacles,n. <动>触手( tentacle的复数形式 ); 触角; 触须; <植>触毛
tentative,"n. 试验\na. 试验性的, 暂时的"
tentatively,"adv. 试验性地, 暂时地; 权; 聊且"
tenth,"num. 第十, 十分之一"
tents,n. 旅游帐篷；住所；塞条（tent的复数）
tenure,"n. 享有, 保有期\n[经] (财产,职位等的)占有, 占有权"
tequila,"n. 蒸馏酒, 龙舌兰酒"
ter,abbr. 领土（territory）；梯田（terrace）；土地的（territorial）
terence,n. 特伦斯（男子名）
teresa,n. 特里萨（女名）
term,"n. 术语, 专有名词, 期限, 学期, 任期, 条件, 价钱, 关系, 地位, 项, 界石\nvt. 称, 呼\n[计] 检索词; 项"
termed,n. 术语；学期；期限；条款\nvt. 把…叫做\nn. (Term)人名；(泰)丁
terminal,"n. 终端机, 终点, 末端, 极限, 终点站\na. 终点的, 定期的, 致死的, 结尾的, 末端的, 晚期的\n[计] 终端; 终端设备"
terminals,n. 终端；终端机；接线端子；终止节点（terminal的复数）
terminate,"a. 有结尾的, (可)结束的\nvi. 结束, 终止, 满期\nvt. 使停止, 使结束, 使终止\n[计] 终止"
terminated,vt.& vi. terminate的过去式\nv. 结束( terminate的过去式和过去分词 ); 使终结; 解雇; （公共汽车或火车）到达终点站
terminating,"[计] 终止, 终结"
termination,"n. 终止, 结束, 结果, 词尾\n[化] 终止"
terminator,"n. 终结者, 明暗界限\n[计] 终结器"
terminology,"n. 术语, 术语学\n[医] 名词学, 命名法"
terminus,"n. 终点, 界标, 终点站\n[法] 界标, 界牌, 界石"
terms,"n. 条件, 条款, 费用, 价钱, 关系, 地位, 交谊\n[经] 条件"
terra,"[医] 土, 土地"
terrace,"n. 阶地, 梯田, 房屋之平顶, 阳台, 沿岸防地, 露台\na. 叠层式的\nvt. 使成梯田, 使成有平台屋顶"
terraces,n. 阶地；梯田；露台（terrace的复数）
terrain,"n. 地带, 地区, 地形, 领域, 范围"
terrence,n. 特伦斯（男子名）
terrestrial,"n. 地球上的人\na. 地球的, 陆生的, 陆地的, 人间的"
terri,"n. (Terri)人名；(英)特里, 特丽(女名)；(芬、意)泰里"
terrible,"a. 可怕的, 令人恐惧的, 极坏的"
terribly,"adv. 可怕地, 甚为, 非常"
terrier,"n. 缉捕罪犯的人, 地籍册\n[法] 地籍册"
terrific,"a. 非常好的, 极端的, 可怕的"
terrified,a. 受惊吓的；感到恐惧的
terrifying,a. 令人恐惧的；骇人的；极大的
territorial,"a. 领土的, 土地的, 地方的, 区域性的\nn. 本土自卫队队员"
territories,n. 领土( territory的名词复数 ); （某人负责的）地区; （个人、群体、动物等占据的）领域; 地盘
territory,"n. 领土, 领地, 版图, 地区, 活动范围\n[经] (推销员等的)推销区域"
terror,"n. 恐怖, 可怕的人\n[医] 惊吓, 惊悸"
terrorism,"n. 恐怖主义, 恐怖统治, 恐怖状态\n[法] 胁迫, 暴政, 恐怖政治"
terrorist,"n. 恐怖分子\n[法] 恐怖份子, 恐怖主义"
terrorists,n. 恐怖分子；恐吓者（terrorist的复数）
terry,"n. 毛圈, 毛圈织物"
tertiary,"a. 第三的, 第三位的, 第三产业的\nn. 第三修道会会员, 第三纪\n第三的; 三代的(指无机盐)"
tesco,n. 特斯科（财富500强公司之一）
tesla,[电] 特斯拉
tess,n. 泰丝（女子名）
tessa,n. 泰萨(Tess的异体)(f.)
test,"n. 测试, 试验, 化验, 检验, 考验, 甲壳\nvt. 测试, 试验, 化验\nvi. 接受测验, 进行测试"
testament,"n. 遗嘱, <<圣约书>>\n[法] 遗言, 遗嘱, 确实的证明"
tested,"a. 经过试验的, 经受过考验的, 经验定的, 检验无病的"
tester,"n. 考试人, 做试验者, 试验装置, 天盖, 华盖\n[化] 检验器; 试验仪器"
testicles,n. 睾丸（testicle的复数）
testified,"v. 作证, 证明( testify的过去式和过去分词 ); 证明, 证实; 炳炳凿凿"
testify,"v. 证明, 作证, 声明, 表明"
testifying,"v. 作证, 证明( testify的现在分词 ); 证明, 证实"
testimonies,"n. （法庭上证人的）证词( testimony的名词复数 ); 证明, 证据"
testimony,"n. 证言, 证据, 声明\n[医] 证据"
testing,"n. 测试\na. 吃力的, 试验的"
testosterone,n. 睾丸激素\n[化] 睾酮
tests,n. 测验（test的复数）
tex,[化] 特; 特克斯
texan,"a. 得克萨斯州的\nn. 得克萨斯州的人, 得克萨斯人"
texans,n. 德克萨斯人（Texan的复数形式）；德州人队（足球队名）
texas,n. 德克萨斯
text,"n. 文本, 正文, 课文, 主题, 圣经文句, 乐谱\n[计] 电文; 文本; 正文"
textbook,n. 教科书
textbooks,"n. 教科书, 课本( textbook的复数形式 )"
texted, text（发短信）的过去式与过去分词形式
textile,"n. 纺织品, 纺织业\na. 织的, 纺织的"
textiles,n. 纺织品；纺织面料；纺织业；纺织品类（textile的复数）
texting,n. 发短信
texts,"n. 课文, 文字（text复数形式）"
textual,"a. 文本的, 原文的\n[法] 原文的, 本文的, 文字上的"
texture,"n. (织物的)密度, (材料等的)结构, 纹理\n[化] 纹理"
textured,a. 有...样质地的
textures,n. 纹理；材质（texture的复数）
tf,[化] 转移因子
tg,[化] 热重法
th,[医] 钍(90号元素)
tha,abbr. 总碳氢分析器（Total Hydrocarbon Analyzer）；泰国（thailand）
thai,"n. 泰国人, 泰语"
thailand,n. 泰国
thames,n. 泰晤士河
than,"conj. 比, 除...外\nprep. 比"
thank,"n. 谢意, 感谢\nvt. 谢谢, 感谢"
thanked,"v. 谢谢, 感谢( thank的过去式和过去分词 ); 责怪"
thankful,"a. 感谢的, 感激的, 欣慰的"
thankfully,adv. 感激地；感谢地
thanking,"v. 谢谢, 感谢( thank的现在分词 ); 责怪"
thanks,"n. 感谢, 谢意, 谢忱\ninterj. 谢谢, 谢谢你"
thanksgiving,n. 感谢
thankyou,n. 谢谢
that,"a. 那, 那个\nconj. 以致, 因为\npron. 那\nadv. 那么, 那样"
thatcher,n. 盖屋顶者
thaw,"n. 融解, 融化, 解冻时期\nvt. 使融解, 使缓和\nvi. 融化, 解冻"
thc,abbr. [药]四氢大麻酚（tetrahydrocannabinol）
the,art. 那
theater,"n. 戏院, 电影院, 剧场, 全体观众, 戏剧, 戏剧效果, 阶梯式讲堂, 场所"
theaters,n. 剧场( theater的复数形式 ); 戏剧界; 戏剧效果; [军]战区
theatre,"n. 戏院, 电影院, 剧场, 全体观众, 戏剧, 戏剧效果, 阶梯式讲堂, 场所"
theatres,n. 戏剧( theatre的复数形式 ); 戏院; 手术室; 阶梯教室
theatrical,"a. 剧场的, 夸张的, 戏剧性的\nn. 戏剧演出"
thee,pron. 你
theft,"n. 盗窃, 失窃, 盗窃罪, 赃物\n[法] 盗窃行为, 偷窃, 失窃"
their,pron. 他们的
theirs,pron. 他们的
them,"pron. 他们, 她们, 它们"
thematic,"a. 题目的, 主题的, 主旋律的"
theme,"n. 主题, 话题, 题目"
themed,a. 有特定主题的
themes,n. 主题（theme的复数）；布景主题；桌面主题
themselves,"pron. 他们自己, 她们自己, 它们自己"
then,"adv. 然后, 当时\nconj. 然后, 当时\nn. 那时"
theo,abbr. 理论上的（theory）
theodore,n. 希欧多尔（男子名）
theologians,"n. 神学家, 宗教研究家( theologian的复数形式 )"
theological,a. 神学上的
theology,n. 神学
theorem,"n. 定理, 原理\n[化] 定理"
theoretical,"a. 理论的, 理论上的, 假设的, 推理的\n[计] 理论的"
theoretically,"adv. 理论上, 理论地"
theories,n. 理论（theory的复数形式）
theorist,"n. 理论家, 理论工作者"
theorists,n. 理论家( theorist的复数形式 )
theory,"n. 理论, 学说, 原理, 意见, 推测\n[化] 理论"
ther,"abbr. therapy 治疗, 疗法; thermometer 温度计"
therapeutic,"a. 治疗的, 有益于健康的\n[医] 治疗的; 治疗学的"
therapeutics,"n. 治疗学\n[医] 治疗学; 疗法, 治疗"
therapies,n. 疗法( therapy的复数形式 )
therapist,n. 治疗学家\n[医] 治疗学家
therapists,"n. 治疗专家, 特定疗法技师( therapist的复数形式 )"
therapy,"n. 治疗\n[医] 疗法, 治疗"
there,adv. 在那里
thereafter,"adv. 其后, 从那时以后"
thereby,adv. 因此
therefore,"adv. 因此, 所以"
therein,"adv. 在其中, 在那里, 在那一点上"
thereof,"adv. 在其中, 关于..., 由此\n[法] 由是, 由此, 属于它的"
theres, [地名] [德国] 泰勒斯
theresa,n. 特丽萨（女子名）
thermal,"a. 热的, 热量的, 温泉的\nn. 上升温暖气流"
thermodynamics,n. 热力学\n[化] 热力学
thermometer,"n. 温度计, 体温计\n[化] 温度计"
thermostat,"n. 自动调温器, 温度自动启闭装置\n[化] 恒温器; 恒温箱"
these,pron. 这些
theses,"论题, 论点, 命题, 论文, 学位论文, 毕业论文, 作文, 课题"
thesis,"n. 论题, 论文"
theta,n. 希腊字母的第八字
they,"pron. 他们, 它们"
thi,abbr. 温度-湿度指数（Temperature Humidity Index）
thick,"a. 厚的, 粗壮的, 浓的, 迟钝的, 浑浊的, 多雾的, 过分的, 口齿不清的\nadv. 厚地, 密地, 浓浓地\nn. 最浓处, 最厚处, 最密集处\n[计] 暗, 粗线"
thicker,"n. 稠化剂, 增稠剂\na. 厚的；粗的；粘稠的"
thickness,"n. 厚度, 密度, 愚钝, 含混不清\n[医] 厚度"
thief,"n. 小偷, 贼\n[化] 取样"
thierry,n. 蒂埃里（男子名）
thieves,pl. 小偷
thigh,"n. 大腿, 股\n[医] 股, 大腿"
thighs,"n. 股, 大腿( thigh的复数形式 ); 食用的鸡（等的）腿"
thin,"a. 薄的, 细的, 瘦的, 稀疏的, 稀薄的, 淡的, 弱的, 空洞的\nvt. 使变薄, 使变细, 使稀少, 使淡\nvi. 变薄, 变细, 变少, 变淡\nadv. 薄地, 稀疏地, 微弱地\nn. 细小部分"
thine,"pron. 你的东西, 你的"
thing,"n. 事物, 东西, 物, 用品, 事, 事件, 情况, 行为, 特征"
things,"n. 所有物, 财产, 用具, 用品, 局面, 形势, 情况\n[法] 物"
thingy,"物(体)的, 物质的, 实际的"
think,"vt. 想, 考虑, 想起, 想像, 打算, 认为\nvi. 思考, 料想\nn. 想法\na. 思想的"
thinker,"n. 思想者, 思想家"
thinkers,n. 思想家( thinker的复数形式 ); 思考者
thinking,"n. 思考, 思想\na. 思考的, 有理性的"
thinks,v. 想( think的第三人称单数 ); 思索; 以为; 认为
thinly,"adv. 薄, 细, 瘦"
thinner,n. 稀释剂\n[化] 稀释剂
thinning,[机] 钻刃磨薄
third,"num. 第三, 三分之一\n[机] 第三; 第三的"
thirds,n. [法]归寡妇所得的亡夫遗产的三分之一；[商]（商品的）三等品
thirst,"n. 口渴, 渴望\nvi. 口渴, 渴望"
thirsty,"a. 口渴的, 渴望的, 干燥的"
thirteen,"num. 十三, 十三个"
thirteenth,"num. 第十三, 十三分之一"
thirties,n. 三十( thirty的名词复数 ); 三十个; 三十年代; <网>一局中一方获得的第二分
thirty,"num. 三十, 三十个"
this,"pron. 这, 本\na. 这, 本\nadv. 这么"
thistle,n. 蓟
tho,abbr. 虽然；尽管；即使；然而；可是（though）
thom,n. 托姆（法国数学家）
thomas,n. 多马(耶稣十二门徒之一)
thompson,n. 汤普森（姓）
thomson,"n. 汤姆森（①姓氏 ②Sir George Paget, 1892-1975, 英国物理学家, 曾获1937年诺贝尔物理学奖 ③Sir Joseph John, 1856-1940, 英国物理学家, 曾获1906年诺贝尔物理学奖）"
thong,"vt. 装皮带, 用皮鞭打\nn. 皮带, 皮鞭"
thor,n. 托尔(雷神)
thorn,"n. 刺, 棘, 荆棘"
thorne,索恩（英格兰姓氏）
thorns,"n. 荆棘；刺, 刺尖（thorn的复数形式）"
thornton,n. 桑顿（姓氏）
thorough,"a. 十分的, 彻底的"
thoroughly,"adv. 彻底地, 绝对地, 透彻地, 详尽地, 周到地, 完全地, 完善地, 全面地"
thorpe,n. 村庄；小乡镇（等于thorp）
those,pron. 那些
thou,"pron. 汝, 你, 尔"
though,"adv. 然而, 可是\nconj. 虽然, 纵然"
thought,"n. 想法, 思想, 思维, 关心, 挂念\nthink的过去式和过去分词"
thoughtful,"a. 深思的, 体贴的"
thoughts,n. 思想；思维；想法（thought的复数）
thousand,"num. 千\na. 成千的, 许多的\nn. 许许多多"
thousands,n. 数千（thousand的复数）
thrash,"vt. 打, 使逆行, 胜过, 推敲, 鞭打\nvi. 打谷, 痛打, 剧烈扭动, 逆行\nn. 打谷, (划水)鞭状动作"
thread,"n. 线, 丝, 纤维, 线索\nvt. 穿线于, 穿过, 通过, 用线穿成\nvi. 穿过\n[计] 线索, 线程"
threaded,a. 有线状图案装饰的
threads,n. 线；相关串连；线程（thread的复数）
threat,"n. 恐吓, 恶兆, 威胁\n[经] 威胁"
threaten,"vt. 恐吓, 威胁, 预示...的凶兆\nvi. 威胁, 恫吓, 可能来临"
threatened,a. 受到威胁的\nv. 威胁(threaten的过去分词)
threatening,"a. 胁迫的, 危险的\n[法] 威胁的, 恐吓的, 危险的"
threatens,v. 预示（某事）( threaten的第三人称单数 ); 恐吓; 危及; 预示凶兆
threats,"n. 威胁, 恐吓( threat的名词复数 ); 可能造成威胁的人[事, 想法]; 恶兆, 兆头"
three,"num. 三, 三个"
threesome,"n. 三人一组, 三人的竞赛"
threshold,"n. 门槛, 入口, 开端, 阈\n[计] 阈; 阈值"
thresholds,n. 门槛( threshold的复数形式 ); [物理学]临界值; [英国英语]级限协定; [航空学]跑道入口
threw,throw的过去式
thrice,"adv. 以三倍, 三次, 十分地"
thrift,"n. 节约, 茂盛, 海石竹"
thrill,"n. 震颤, 激动, 刺激性, 一阵激动\nvi. 震颤, 颤抖, 激动\nvt. 使激动, 使颤动"
thrilled,a. 非常兴奋的; 极为激动的\nvt. “thrill”的过去式和过去分词
thriller,"n. 使人激动的东西, 使人毛骨悚然的东西, 使人毛骨悚然的小说"
thrilling,"a. 毛骨悚然的, 令人兴奋的, 令人发抖的"
thrills,n. 强烈的兴奋、恐惧或快乐感( thrill的名词复数 ); 震颤感; 兴奋感
thrive,"vi. 繁荣, 兴旺, 茁壮成长\n[经] 兴旺, 繁荣, 旺盛"
thrives,"v. 兴盛, 兴隆( thrive的第三人称单数 ); 长得健壮"
thriving,"a. 兴旺的, 旺盛的, 繁荣的"
throat,"n. 咽喉, 喉咙, 嗓音\nvt. 用喉音说, 开沟于"
throats,n. 咽喉( throat的复数形式 ); 颈; 有…喉咙的; 嗓子…的
throbbing,"a. 跳动的, 悸动的, 抽动的, 震动的, 颤动的\n[医] 搏动的"
throne,"n. 王座, 君主"
thrones,n. 宝座（ throne的名词复数 ）; 御座; 王位; 帝位
throttle,"n. 节流阀, 节气阀, 喉咙\nvt. 扼喉咙, 使窒息, 压制, 使节流\nvi. 窒息, 节流, 减速"
through,"adv. 穿越, 从头至尾, 到底, 因为\nprep. 经过, 穿过\na. 对穿的, 直达的, 完结的"
throughout,"adv. 到处, 贯穿全部地, 自始至终\nprep. 遍及, 在各处\n[计] 吞吐量"
throughput,"n. 生产量, 通过量\n[化] 通过量; 产量"
throw,"vt. 投, 掷, 抛, 发射, 摔下, 匆匆穿上(或脱下), 抛弃, 摆脱\nvi. 丢, 掷, 抛\nn. 投掷, 掷骰子, 冒险"
throwback,"n. 掷回, 挫折, 阻止\n[医] 返祖者, 隔代遗传者"
throwing,n. 投掷
thrown,throw的过去分词
throws,n. 曲拐（throw的复数形式）
thru,"adv. 穿越, 从头至尾\nprep. 穿过"
thrust,"n. 插, 戳, 刺, 猛推, 口头攻击, 推力\nvt. 插入, 猛推, 刺, 戳, 强加, 延伸\nvi. 插, 刺, 戳, 延伸, (用力)推"
thu,abbr. 星期四（Thursday）
thug,"n. 恶棍, 刺客, 凶手\n[法] 凶手, 刺客, 暴徒"
thugs,"n. 暴徒, 恶棍, 流氓( thug的复数形式 )"
thumb,"n. 拇指\nvt. 以拇指拨弄, 笨拙地摆弄, 用拇指翻旧, 迅速翻阅, 作搭车手势"
thumbnail,"n. 大拇指指甲, 极小之物\na. 极小的, 极短的"
thumbs,n. 拇指( thumb的名词复数 ); （手套的）拇指部份
thumping,"a. 发出重击声的, 巨大的, 极大的"
thunder,"n. 雷, 雷声\nvi. 打雷, 轰隆地响, 怒喝\nvt. 大声喊出, 轰隆地发出"
thunderbolt,"n. 霹雳, 雷电, 晴天霹雳, 怒喝"
thunderstorm,n. 雷暴雨
thunderstorms,n. [气象] 雷暴；[气象] 雷雨（thunderstorm的复数）；雷暴雨
thursday,n. 星期四
thursdays,"adv. 每星期四, 在任何星期四"
thurston,n. 瑟斯顿(m.)
thus,"adv. 如此, 因此, 到如此程度\n[医] 乳香"
thwarted,v. 阻挠( thwart的过去式和过去分词 ); 使受挫折; 挫败; <旧>横过
thx,abbr. 汤·霍尔曼实验（tom holmans expriment的缩写）；谢谢（thanks的缩写）
thy,pron. 你的
thyroid,"a. 甲状腺的, 甲状的, 甲状软骨的\nn. 甲状腺, 甲状软骨, 甲状腺剂"
ti,"[计] 终端接口, 得州仪器公司, 变换实现\n[医] 钛(22号元素)"
tia,abbr. 先谢了（Thanks In Advance）
tibet,n. 西藏
tibetan,"a. 西藏的\nn. 藏语, 西藏人"
tic,"n. 痉挛, 三叉神经痛\n[计] 任务中断控制, 技术情报中心"
tick,"n. 滴答声, 一瞬间, 壁虱, 褥套, 信用, 赊欠\nvi. 滴答响, 活动\nvt. 滴答地记录, 标记号于"
ticket,"n. 票, 券, 车票, 标签, 入场券, 证明书\nvt. 加标签于, 为...购票"
tickets,n. 票；罚单（ticket的复数）
ticking,n. 坚质棉布
tickle,"n. 胳肢, 痒\nvt. 胳肢, 使发痒, 使快乐, 逗乐\nvi. 觉得痒, 使人痒"
ticks,n. 十字叉；滴答声；扁虱；褥套（tick的复数）
tidal,"a. 潮汐的, 受潮汐影响的"
tide,"n. 潮, 潮汐, 趋势, 潮流, 涨潮, 高潮\nvt. 使随潮漂流\nvi. 顺潮行驶"
tides,n. 潮汐（tide的复数）
tidy,"n. 椅子的背罩, 装杂物的容器\na. 整齐的, 有条理的\nvt. 弄整齐, 收拾, 整理\nvi. 整理, 收拾"
tie,"n. 带子, 线, 鞋带, 领带, 领结, 关系, 束缚, 平局, 不分胜负\nvt. 系, 打结, 扎, 约束, 与...成平局\nvi. 结合, 打结, 不分胜负"
tied,v. 系（tie的过去式和过去分词）
tier,"n. 排, 层, 等级"
tiered,"vt. 层层排列, 使层叠（tier的过去式与过去分词形式）"
tiers,n. 等级( tier的复数形式 ); 包扎的人; 一排高过前面一排的东西; 阶梯座位的一排
ties,n. 结
tiffany,n. 丝纱罗
tiger,"n. 老虎, 虎, 凶暴的人"
tigers,n. 老虎（tiger复数）
tight,"a. 紧的, 密封的, 吝啬的, 严厉的\nadv. 紧紧地"
tighten,"vt. 勒紧, 使变紧\nvi. 变紧, 绷紧"
tightened,v. 收紧( tighten的过去式和过去分词 ); （使）变紧; （使）绷紧; 加紧
tightening,[化] 拧紧
tighter,a. 紧的( tight的比较级 ); （安排）紧凑的; 紧身的; 严密的
tightly,"adv. 紧紧地, 坚固地"
tights,n. 紧身衣裤
tiki,n. 提基（波利尼西亚神话中人类的始祖）；木或石刻的提基像；提基像做的护身符
til,n. 芝麻
tile,"n. 砖瓦, 瓷砖, 瓦片\nvt. 铺以瓦, 铺以瓷砖\n[计] 平铺"
tiles,n. 瓷砖（tile的复数形式）
till,"prep. 直到, 在...以前, 迄\nconj. 直到...为止\nvt. 耕种\nn. 放钱的抽屉, 备用现金, 冰碛"
tilt,"n. 倾斜, 倾向, 船篷, 车篷\nvt. 使倾斜, 使倾侧, 用帆布篷遮盖\nvi. 倾斜, 翘起, 冲, 评击\n[计] 倾斜"
tilted,"a. 倾斜的, 翘起的"
tilting,[电] 倾斜
tim,n. 蒂姆（男子名）
timber,"n. 木材, 木料\nvt. 用木材建造"
timberlake,n. 汀布莱克（男子名）
timbers,n. 木材；木料（timber的复数）
time,"n. 时间, 时侯, 时机, 时期, 期限, 次数, 节拍, 暂停, 规定时间\nvt. 测定...的时间, 记录...的时间, 计时, 定时\na. 时间的, 记时的, 定时的, 定期的, 分期的\n[计] DOS内部命令:用于显示或设定系统的时间"
timed,"a. 时控的；定时的, 同步的"
timeframe,n. 时间表
timeless,"a. 无时间限制的, 不受时间影响的, 永恒的"
timeline,"n. 时间轴, 时间表"
timelines,"(timeline 的第三人称 -s形式) n. 时间轴, 时间表"
timely,"a. 及时的, 适时的\nadv. 及时地"
timeout,[计] 超时
timer,"n. 计时员, 计时器\n[计] 计时器"
timers,n. 定时器( timer的复数形式 ); 点火调节装置; 时计; （比赛中用的）跑表
times,"n. 时代, 境遇, 时报"
timetable,n. 时间表
timid,"a. 胆小的, 羞怯的"
timing,"n. 时间选择, 时间测定, 定时, 调速\n[计] 定时器时钟"
timmy,n. 蒂米（男子名）
timor,帝汶岛(马来群岛中一岛)
timothy,"n. 梯牧草\n[医] 梯牧草, 牛草"
tin,"n. 锡, 马口铁, 罐头\nvt. 在...镀锡于\na. 锡制的\n[计] tin阅读程序"
tina,n. 蒂娜（女子名）
tinder,n. 火绒盒
ting,"n. 叮当声, 叮叮声\nv. (使)发叮叮声"
tingling,[医] 麻刺感
tinker,"n. 补锅匠, 会做各种修补活计的人\nvi. 做焊锅匠, 笨拙的修补\nvt. 修补"
tint,"n. 色彩, 浅色\nvt. 染色于"
tinted,"a. 着色的, 带色彩的"
tiny,"a. 很少的, 微小的"
tip,"n. 顶, 尖端, 梢, 末端, 倾斜, 垃圾场, 小费, 轻击, 指点, 秘密消息\nvt. 装顶端, 使倾斜, 使翻倒, 泄露, 告诫, 暗示, 给...小费, 轻击\nvi. 倾斜, 翻倒, 倾覆, 踮脚走, 给小费\n[计] 终端接口处理器, 提示, 技巧"
tipped,"a. 焊接在尖头上的, 镶齿的"
tipping,n. 倾卸台
tips,"n. 秘诀, 技巧；小贴士, 小窍门"
tire,"n. 轮胎, 头饰\nvt. 使疲倦, 使厌烦, 打扮\nvi. 疲劳, 厌倦"
tired,"a. 疲累的, 疲乏的, 厌倦的"
tires,n. 轮胎（tire的复数）
tiring,"a. 引起疲劳的, 累人的\n[医] 轮箍术(髌骨骨折时)"
tis,abbr. 热成像系统（Imaging Thermal System）；[美]技术情报服务处（Technical Information Service）
tissue,"n. 薄的织物, 薄纱, 棉纸, 组织, 一套\n[化] 组织"
tissues,"n. 组织, 薄的纱织品；面巾纸（tissue的复数）"
tit,"n. 山雀, 打击, 轻佻女人, 奶头, 按钮\n[医] 三碘甲状腺氨酸"
titan,"n. 提坦, 太阳神, 巨人"
titanic,a. 四价钛的\n[化] 钛; 正钛; 四价钛
titanium,n. 钛\n[化] 钛Ti
titans,n. [希神]泰坦巨神；（美）大力神Ⅱ型洲际导弹（Titan的复数）
title,"n. 头衔, 名称, 标题, 书名, 扉页, 权利, 资格, 冠军, 字幕\nvt. 授予头衔, 加标题于\n[计] 标题"
titled,"a. 有头衔的\n[法] 有官衔的, 有爵位的"
titles,n. 标题；字幕；主题（title复数形式）
tito,n. 提托（男子名）
tits,n. 以牙还牙( tit的复数形式 ); <古>小马; 山雀; 奶头
titties,"n. 乳房, 乳头（等于teat）"
titus,"n. 提图斯(古罗马皇帝), <<提多书>>(<<圣经>>的一卷)"
tj,涡轮喷气发动机（Turbo-Jet）
tk,"abbr. 菊池武夫（品牌名, TAKEO KIKUCHI的缩写）"
tl,"[计] 目标语言, 测试语言"
tlc,[计] 阈值逻辑电路\n[化] 薄层色谱法
tm,"商标\n[计] 磁带标记, 磁带模块, 终端监控程序"
tmz, [医][=tribuzone]三甲保泰松
tn,"[计] 终端节点, 传送网络"
tna,abbr. 四硝基苯胺（Tetranitro-Aniline）；瞬态网络分析器（Transient Network Analyzer）
tnt,[化] 梯恩梯\n[医] 三硝基甲苯
to,"prep. 到, 向, 趋于\nadv. 向前"
toad,"n. 蟾蜍, 癞蛤蟆, 讨厌的家伙"
toast,"n. 吐司, 烤面包, 干杯\nvt. 敬酒, 烤, 使暖和\nvi. 烤, 烘"
toasted,"v. 向…祝酒, 为…干杯( toast的过去式和过去分词 ); 烤火, 取暖, 使暖和"
toaster,"n. 烤面包器, 烤面包炉, 祝酒人"
tobacco,"n. 烟草, 香烟\n[医] 烟草"
tobago,n. 多巴哥岛（南美洲特立尼达和多巴哥的第二大岛）
tobias,托拜厄斯(男子名)
toby,n. 人形水罐
tod,"n. 狐, 托德(羊毛重量单位), 丛"
today,"n. 今天, 当今, 现在\nadv. 今天, 当今"
todays,adv. 今天；现今\nn. 今天；现今\nn. (Today)人名；(英)托迪
todd,"n. 托德（姓氏, 英国化学家, 曾获1957年诺贝尔化学奖）"
toddler,"n. 蹒跚行走的人, 学步的小孩, 学步的幼儿, (非正式)信步走的人"
toddlers,"n. 蹒跚行走的人, 学步的小孩( toddler的复数形式 ); 幼童装"
toe,"n. 足趾, 趾部, 脚趾\nvt. 以趾踏触, 用脚尖走\nvi. 动脚尖"
toes,n. 脚趾（toe的复数）
tofu,n. 豆腐
together,"adv. 一起, 共同, 彼此"
toggle,"n. 绳针, 套索钉\nvt. 拴牢\n[计] 切换"
toilet,"n. 厕所, 梳妆\nvi. 梳妆, 打扮, 上厕所\nvt. 给...梳妆打扮"
toilets,n. 厕所( toilet的复数形式 ); （有几个分隔便池的）厕所间; <旧>洗漱; 坐便器
token,"n. 表征, 记号, 代币\na. 象征的, 表意的\n[计] 记号"
tokens,n. 代币( token的复数形式 ); 象征
tokyo,n. 东京\n[经] 东京
told,tell的过去式和过去分词
toledo,n. 托莱多（美国港市）
tolerable,"a. 可容忍的, 可以的"
tolerance,"n. 宽容, 忍受, 容忍, 容许量, 公差\n[计] 允许误差"
tolerant,"a. 宽容的, 容忍的, (对冷、热)能耐的\n[医] 能耐受的"
tolerate,"vt. 宽容, 容许, 有耐力"
tolerated,v. 容许( tolerate的过去式和过去分词 ); 承认; 忍受; 容忍（不同意或不喜欢的事物）
tolkien,n. (Tolkien)人名；(英)托尔金\n托尔金
toll,"n. 通行费, 代价, 钟声\nvt. 征收, 敲钟, 鸣钟, 勾引, 引诱\nvi. 征税, 鸣钟"
tolls,n. （缓慢而有规律的）钟声( toll的名词复数 ); 通行费; 损耗; （战争、灾难等造成的）毁坏
tom,"n. 雄性动物, 雄猫"
tomas,n. 托马斯
tomato,"n. 番茄, 西红柿"
tomatoes,n. 蕃茄（tomato的复数形式）
tomb,"n. 坟墓, 死亡\nvt. 埋葬"
tombs,n. 墓穴( tomb的复数形式 ); 墓葬; 墓群
tombstone,"n. 墓石, 墓碑\n[经] 墓碑, 墓志铭"
tome,"n. 册, 卷, 大本书"
tomlinson,汤姆林森(姓氏)
tommy,"n. 配给面包, 实物工资制\n[经] 实物工资制"
tomorrow,"n. 明天, 未来\nadv. 明天, 未来地"
ton,n. 吨\n[经] 吨
tonal,"a. 音调的, 色调的"
tone,"n. 音调, 音质, 语调, 语气, 色调, 气氛, 状况, 思想状态\nvt. 给...定色调, 增强, 使...的声调和谐, 定音调\nvi. 颜色调和\n[计] 双音频"
toned,"a. 有声调的, 年久变色的"
tones,n. 声调；基本音色（tone的复数）
tong,"n. 钳子, 帮会\nv. 用钳子钳起"
tonga,[医] 雅司病
tongue,"n. 舌, 语言能力, 讲话方式, 语言\nvt. 舔, 斥责, 发...的音\nvi. 使用舌头, 吹管乐器"
tongues,n. 语言( tongue的名词复数 ); 舌头; 舌状物; 鞋舌
toni,n. 托妮（女子名）
tonic,"n. 补药, (音乐)主调音或基音\na. 滋补的, 声调的, 使精神振作的"
tonight,"n. 今晚, 今夜\nadv. 今晚, 今夜"
tonne,"n. 吨, 公吨\n[经] 吨"
tonnes,"n. 吨, 公吨( tonne的复数形式 )"
tons,n. 吨；大量；许多（ton的复数形式）
tony,"a. 高贵的, 时髦的"
too,"adv. 也, 非常, 太"
took,take的过去式
tool,"n. 工具, 机床, 傀儡\nvt. 用工具加工\nvi. 使用工具"
tools,"n. 工具, 工具菜单；工具箱（tool的复数形式）"
tooth,"n. 牙齿, 齿状物, 爱好\nvt. 装以齿, 将...切成齿状\nvi. 啮合"
toothbrush,n. 牙刷
toothpaste,n. 牙膏\n[化] 牙膏
top,"n. 顶部, 顶端, 极点, 上面, 上部, 顶篷, 最高地位, 首位, 陀螺\na. 最高的, 顶上的, 头等的\nvt. 盖, 加以顶, 高达, 超越\nvi. 结束, 达到顶点, 高出\n[计] TOP协议"
topeka,n. 托皮卡（美国堪萨斯州之首府）
topic,"n. 主题, 论题, 话题"
topical,"a. 论题的, 题目的, 时事问题的, 局部的\n[医] 局部的"
topics,abbr. 总联机程序和信息控制系统（Total On-line Program and Information Control System）
topless,"a. 无顶的, 袒胸的"
topography,"n. 地志, 地形学, 地势, 局部解剖学\n[医] 局部解剖, 局部记载"
topology,"n. 地志学, 拓扑学, 局部解剖学\n[计] 拓扑结构, 网络的布局"
topped,vt. 形成顶部（top的过去式与过去分词形式）
topper,"n. 第一流的人物, 高档的东西, 胜过以前同类物的东西, 大礼帽, 轻便大衣\n[经] 高档货"
topping,"a. 极好的, 主要的, 一流的\nn. 除顶部, 修剪树稍, 剪落之小树枝"
tops,"a. 第一流的, 最上等的"
tor,n. 石山
torah,"n. 教导, 律法, <<旧约>>之首五卷\n[法] 教训, 神论, 法律"
torch,"n. 火把, 启发之物\n[化] 火炬"
torches,"n. 手电筒( torch的名词复数 ); 火把, 火炬"
tore,tear的过去式
tori,"[医] 隆凸, 圆枕; 花托"
tories,英国托利派；王党保守党
torment,"n. 使人痛苦的东西, 折磨者, 苦痛\nvt. 使苦恼, 纠缠, 歪曲, 拷问"
tormented,"a. 饱受折磨的\nv. 使备受折磨, 使痛苦, 烦扰( torment的过去式和过去分词 ); 折磨, 戏弄, 烦扰"
torn,tear的过去分词
tornado,"n. 旋风, 龙卷风, 大雷雨"
tornadoes,"n. 龙卷风, 旋风( tornado的名词复数 )"
toro,n. （斗牛用的）公牛
toronto,n. 多伦多（加拿大城市）
torpedo,"n. 鱼雷, 水雷, 地雷\nvt. 用鱼雷袭击, 破坏"
torpedoes,n. 鱼雷( torpedo的名词复数 ); 油井爆破筒; <俚>刺客; 掼炮
torque,"n. 扭转力, 转矩, 项圈\n[化] 转矩"
torrance,托兰斯[美国加利福尼亚州西南部城市]
torrent,"n. 奔流, 倾盆大雨, 倾注, 迸发"
torres,n. 托雷斯（西班牙球星）
torso,"n. 躯干, 裸体躯干雕像\n[医] 躯干"
tort,"n. 民事侵权行为\n[经] 侵犯行为(不包括违约), 非法行为"
tortoise,"n. 龟, 行动迟缓的人"
torture,"n. 拷问, 苦闷\nvt. 拷问, 曲解, 折磨, 使弯曲"
tortured,v. 使痛苦( torture的过去式和过去分词 ); 使苦恼; 使焦急
torturing,拷问的；使受苦的；使痛苦的
tory,"n. 托利党党员, 保守党员, 亲英分子\na. 保守分子的"
tos,abbr. 磁带作业系统（Tape Operating System）
toss,"n. 投掷, 抛, 摇摆, 震荡, 掷钱币决定\nvt. 投掷, 猛抬, 摇荡, 使不安, 掷钱币决定\nvi. 被到处扔, 摇摆, 颠簸, 辗转, 掷钱币决定某事"
tossed,v. （轻轻或漫不经心地）扔( toss的过去式和过去分词 ); （使）摇荡; 摇匀; （为…）掷硬币决定
tossing,"n. 洗矿；抖动, 摇动；颠簸"
tot,"n. 小孩, 少量, 合计\nvi. 合计, 总计为\nvt. 加\n[计] 全体, 总数, 传送开销时间"
total,"a. 全体的, 总的, 全然的\nvt. 计算...的总和, 共计为\nvi. 合计\nn. 总数, 全体, 合计\nadv. 统统"
totaled,"a. 全部的；完全的；整个的\nvt. 总数达\nvi. 合计\nn. 总数, 合计\nn. (Total)人名；(法、德)托塔尔"
totalitarian,a. 极权主义的\nn. 极权主义者
totally,adv. 完全地
totals,n. 总量；总计（total的复数）
tote,"vt. 提, 负, 携带, 加, 合计\nn. 负担, 携带"
totem,"n. 图腾, 标志物, 崇拜物"
toto,n. 全部；总数
tottenham,n. 托特纳姆（伦敦的一个区）
touch,"n. 触觉, 碰, 触, 机灵, 轻触, 格调, 少许, 缺点, 弹力\nvt. 接触, 触摸, 触及, 使接触, 达到, 涉及, 影响到, 使轻度受害, 感动\nvi. 触摸, 接近, 涉及, 提到"
touchdown,"n. 触地, 触地得分, 着地"
touchdowns,"n. 触地得分( touchdown的复数形式 ); <空>着陆, 降落"
touched,"a. 精神不太正常的, 受感动的"
touches,n. 高光；绝技；笔致
touching,"a. 动人的, 令人同情的"
touchscreen,n. 触摸屏
touchy,"a. 易怒的, 难以取悦的, 过于敏感的"
tough,"n. 恶棍\na. 强硬的, 艰苦的, 坚固的, 坚韧的, 粗暴的, 咬不动的"
tougher,较坚强的\n较艰苦的（tough的比较级）
toughest,a. 最坚强的；最坚韧的；最粗暴的；最苛刻的（tough的最高级）
toughness,"n. 有粘性, 强硬, 强健\n[化] 韧性"
toulouse,n. 图卢兹（法国南部城市）
tour,"n. 旅游, 观光旅行, 任期\nvi. 旅行, 周游, 巡回\nvt. 周游, 观光, 游历, 使巡回演出"
toured,vt. 到…旅游（tour的过去式与过去分词形式）
touring,n. 游览\na. 游览的
tourism,"n. 观光业, 游览\n[经] 旅游业"
tourist,"n. 观光客, 旅行者\na. 旅游的"
tourists,"n. 旅行者, 观光客( tourist的名词复数 )"
tournament,"n. 比赛, 竞赛, 锦标赛, 联赛"
tournaments,"n. 锦标赛, 联赛( tournament的复数形式 ); 中世纪的骑士比武"
tourney,n. 参加比赛
tours,n. 图尔斯（姓氏）；图尔市（法国城市名）
tout,"vi. 招徕顾客, 兜售物品\nvt. 招徕, 刺探...情报\nn. 兜售者, 侦查者"
touted,v. 兜售( tout的过去式和过去分词 ); 招揽; 侦查; 探听赛马情报
tow,"n. 拖, 拖绳, 拖轮\nvt. 拖, 拉, 牵引"
toward,"prep. 向, 对于, 为了\na. 即将来临的, 进行中的"
towards,"prep. 向, 对于, 为了"
towed,"v. 拖, 拉, 拽( tow的过去式和过去分词 )"
towel,"n. 手巾, 毛巾\nv. 擦干身子"
towels,"n. 毛巾, 手巾, 纸巾( towel的名词复数 )"
tower,"n. 塔, 高楼, 堡垒\nvi. 高耸, 翱翔"
towering,"a. 高耸的, 激烈的"
towers,n. 塔；塔器；空中跳台（tower的复数）
towing,"n. 拖车, 拖吊"
town,"n. 城镇, 市, 镇\n[法] 城镇, 城市, 闹市"
towns,n. 汤斯
townsend,n. 汤森（男子名）
township,"n. 小镇, 镇区\n[法] 镇区, 乡"
townships,n. 小镇（的居民）( township的复数形式 )
toxic,"a. 有毒的, 中毒的\n[医] 中毒的, 毒物的"
toxicity,"n. 毒性\n[医] 毒力, 毒性"
toxicology,"n. 毒理学, 毒物学\n[医] 毒理学, 毒物学"
toxin,n. 毒素\n[化] 毒素
toxins,n. 毒素( toxin的复数形式 )
toy,"n. 玩具, 小玩艺儿, 小型的东西, 消遣\na. 供玩耍的, 作为玩具的\nvi. 玩弄, 戏弄, 调情"
toyota,n. 日本丰田汽车（公司名）
toys,n. 玩具（toy的复数）
tp,"[计] 磁带, 终端打印机, 终端处理器, 终端协议, 测试程序, 事务处理"
tpp,[化] 硫胺素焦磷酸
tr,"[计] 磁带记录器, 磁道, 磁带驻留, 故障报告"
tra,abbr. 印度茶叶研究协会（Tea Research Association）；美国轮胎轮辋协会（Tireand Rim Association）；美国晶体管有限公司
trace,"n. 痕迹, 踪迹, 微量, 迹线, 缰绳\nvt. 追踪, 回溯, 描绘\nvi. 追溯, 沿路走"
traced,v. 描绘( trace的过去式和过去分词 ); 追溯; 发现; 跟踪
tracer,"n. 追踪者, 描图者, 描绘工具\n[计] 跟踪程序"
traces,n. 痕迹；遗迹（trace的复数）
tracey,n. 特蕾西（女子名）
tracing,"n. 描摹, 描图, 追踪\n[计] 跟踪"
track,"n. 轨迹, 足迹, 径迹, 小道, 轨道, 磁轨, 途径\nvt. 循路而行, 追踪, 通过, 用纤拉\nvi. 追踪, 留下足迹, 沿轨道运行\n[计] 跟踪"
tracked,a. 有履带的
tracker,"n. 追踪者, 跟踪雷达, 拉纤者\n[法] 追踪人, 探索者, 追踪空中移动物体的仪器"
trackers,"n. 追踪者, 追踪系统, 纤夫( tracker的复数形式 )"
tracking,"[计] 跟踪, 追踪"
tracks,n. 轮胎；磁道；轨道（track的复数）
tract,"n. 大片土地, 地带, 小册子\n[医] 束, 道"
traction,"n. 曳, 牵引, 牵引力\n[医] 牵引"
tractor,"n. 牵引器, 拖拉机, 拉纸器\n[计] 进纸器"
tractors,n. 拖拉机( tractor的复数形式 ); 牵引机; （牵引式挂车的）牵引车; 拖车头
tracts,n. 神经束；广阔的地面（tract的复数）
tracy,n. 特蕾西（女子名）
trade,"n. 贸易, 商业, 交易, 生意, 职业, 顾客, 信风\nvi. 进行交易, 做买卖, 经商, 对换, 购物\nvt. 用...进行交换"
traded,v. 交易；贸易（trade的过去分词形式）
trademark,n. 商标\n[法] 商标
trademarks,"n. （注册）商标( trademark的复数形式 ); （人的行为或衣着的）特征, 标记"
trader,"n. 商人, 商船\n[经] 交易者, 商船"
traders,n. 交易员；贸易商（trader的复数形式）
trades,"n. 交易；商业, 各种营业；贸易（trade的复数）"
trading,[经] 交易
tradition,"n. 传说, 传统, 交付\n[法] 传统, 惯例, 移交"
traditional,"a. 传统的, 惯例的\n[经] 传统的, 惯例的"
traditionally,adv. 传统上；传说上；习惯上
traditions,n. 传统( tradition的复数形式 ); 惯例
traffic,"n. 交通, 通行, 运输, 交通量, 贸易, 交易, 交往, 通信量\nvi. 交易, 做买卖\nvt. 用...作交换\n[计] 通信量, 传输量"
trafficking,n. 非法交易
trafford,n. 特拉福德（姓氏）；特拉福德（英格兰的一个都市自治市）
tragedies,"n. 惨事, 灾难( tragedy的名词复数 ); 悲剧"
tragedy,"n. 悲剧, 惨案, 悲剧作品\n[法] 惨事, 灾难, 不辛"
tragic,"a. 悲惨的, 悲剧的"
tragically,"adv. 悲剧地, 悲惨地"
trail,"n. 踪迹, 痕迹, 一串, 尾部, 小径, 持枪姿势\nvt. 拖, 尾随, 追踪, 落后于, 开出路\nvi. 拖曳, 垂下, 落后, 飘出, 蔓生"
trailed,a. 被牵引的
trailer,"n. 追踪者, 拖车\n[电] 拖车"
trailers,n. 篇身片；追踪者；拖车（trailer的复数形式）
trailing,a. 牵引的；后面的；被拖动的；蔓延的；拖尾的
trails,n. 山径；游径；踪迹（trail的复数）
train,"n. 火车, 列车, 行列, 长队, 一连串的后果, 顺序\nvt. 训练, 教育, 对准\nvi. 受训练, 锻炼"
trained,"a. 训练过的, 受过培训的；培训"
trainee,"n. 实习生, 新兵, 受培训者\n[经] 学徒工, 培训人员"
trainees,n. 新兵( trainee的复数形式 ); 练习生; 接受训练的人; 训练中的动物
trainer,"n. 训练员, 驯马师\n[电] 列车器"
trainers,n. 训练员；运动鞋；练习器（trainer的复数）
training,"n. 训练, 培养\n[医] 训练"
trains,n. 火车；行列（train的复数形式）
trait,"n. 特征, 特性, 一笔, 少许"
traitor,"n. 叛逆者, 叛国者\n[法] 叛徒, 叛逆, 背信者"
traitors,n. 卖国贼( traitor的复数形式 ); 叛徒; 背叛者; 背信弃义的人
traits,"n. 特性, 特质, 性格（trait的复数）"
trajectory,"n. 轨道, 弹道, 轨线\n[化] 轨道"
tram,"n. 电车轨道, 煤车, 纬纱, 纬丝\nvt. 用煤车运载\nvi. 乘电车"
tramp,"n. 坚实(或沉重)的脚步声, 流浪者\nvi. 践踏, 重步行走, 步行, 流浪\nvt. 走过, 踩"
trampoline,n. 蹦床
tran,n. (Tran)人名；(柬)德兰
trance,"n. 昏睡状态, 恍惚, 着迷\nvt. 使恍惚, 使发呆"
tranquil,a. 安静的
trans,[电] transimitter的简写
transaction,"n. 交易, 办理, 学报, 和解协议\n[计] 事务处理"
transactions,"n. 处理, 会报；汇报（transaction复数）"
transatlantic,"a. 横渡大西洋的, 大西洋彼岸的, 美国的"
transcend,"vt. 超越, 胜过"
transcribed,v. （用不同的录音手段）转录( transcribe的过去式和过去分词 ); 改编（乐曲）（以适应他种乐器或声部）; 抄写; 用音标标出（声音）
transcript,"n. 抄本, 副本, 成绩单\n[法] 法院文本, 官方记录, 记录的副本"
transcription,"n. 抄写, 抄本\n[化] 转录; 转录作用"
transcripts,n. 抄本（ transcript的复数形式 ）; 转写本; 文字本; 副本
transfer,"n. 迁移, 移动, 传递, 转让, 转移, 过户, 汇兑, 换车\nvt. 使转移, 调转, 调任, 改变, 传递, 转让\nvi. 转移, 转学, 转职, 换车\n[计] 传送"
transferred,n. 呼叫转移；已转运
transferring,"n. 转移, 传递"
transfers,n. 迁移；传输（tansfer的复数）
transform,"vt. 使转换, 改变, 改造, 使...变形\nvi. 改变, 转化, 变换\n[计] 变换"
transformation,"n. 变形, 变质, 变化, 改革, 变换\n[化] 转化; 变换"
transformations,n. 转换；转变（transformation的复数形式）
transformative,"a. 有改革能力的, 起改造作用的"
transformed,"v. 改变( transform的过去式和过去分词 ); 使改变形态, 使改变外观（或性质）, 使改观"
transformer,"n. 变压器, 促使变化的人\n[化] 变压器"
transformers,n. 变形金刚（电影名）；变形金刚玩具
transforming,"v. 改变( transform的现在分词 ); 使改变形态, 使改变外观（或性质）, 使改观"
transforms,"v. 改变( transform的第三人称单数 ); 使改变形态, 使改变外观（或性质）, 使改观"
transfusion,"n. 倾注, 输血, 输液\n[医] 输血, 输液"
transgender,n. 变性人
transient,"n. 瞬, 短期居留者, 过境鸟, 瞬变现象\na. 短暂的, 易变的, 瞬变的, 路过的\n[计] 瞬变过程; 过渡过程; 过渡的; 瞬变的; 瞬时峰值电压"
transistor,n. 晶体管\n[化] 晶体管
transit,"n. 经过, 通行, 运输, 运输线, 转变\nvt. 运送, 使通过, 经过\nvi. 通过"
transition,"n. 转变, 转换, 变迁, 过渡时期, 临时转调\n[化] 跃迁"
transitional,"a. 变迁的, 过渡期的\n[医] 转变的, 过渡的; 过渡型单核白细胞"
transitioned,"(transition 的过去分词) n. 转变, 转换, 变迁, 过渡时期, 临时转调\n[化] 跃迁"
transitioning,转向（transition的现在分词）\n过渡（transition的现在分词）
transitions,"n. 过渡, 转变, 变迁( transition的名词复数 )"
translate,"vt. 翻译, 解释, 转化, 转变为, 调动\nvi. 翻译, 被译\n[计] 转换"
translated,n. 译本
translates,v. 翻译( translate的第三人称单数 ); 解释; 转化; 被翻译
translating,"[计] 翻译, 转换"
translation,"n. 翻译, 译文, 转化, 调任, 平移, 转译\n[计] 转换"
translations,n. 译文；翻译（translation的复数形式）
translator,n. 翻译者\n[计] 翻译程序; 翻译器
translators,n. 译员( translator的复数形式 ); 翻译者; 翻译家; 翻译机
translucent,"a. 半透明的, 透明的"
transmission,"n. 传输, 传送, 变速器\n[计] 传输"
transmissions,n. 播送( transmission的复数形式 ); 传送; （电台或电视）信息; 传动装置
transmit,"vt. 传输, 传染, 传达, 遗传, 发射, 传播\nvi. 发射信号, 留传下来\n[计] 传送"
transmitted,v. 传输；传送（transmit的过去分词）
transmitter,"n. 传送者, 传达人, (疾病的)传播者\n[计] 发散机; 发送器"
transmitters,n. 传送者( transmitter的复数形式 ); 传达者; 发射机; 发报机
transmitting,"v. 传递, 发射（transmite的现在分词形式）"
transnational,"a. 超越国界的, 跨国的\n[法] 超越国界的, 超国家的, 跨国的"
transparency,"n. 透明, 透明度, 透过性, 透明物, 清晰\n[计] 透明性; 透明"
transparent,"a. 透明的, 显然的, 清晰的\n[计] 透明"
transplant,"vt. 使移居, 移植, 使迁移\nvi. 移居, 耐移植\nn. 移居者, 移植"
transplantation,"n. 移植, 移民, 移植术\n[医] 移植术"
transplants,"n. （器官、皮肤、头发等的）移植( transplant的名词复数 ); 移植的器官, 移植物"
transport,"n. 运输, 运输工具, 激动, 狂喜, 流放犯\nvt. 传送, 运输, 流放\n[计] 传送"
transportation,"n. 运输, 输送, 交通车辆\n[经] 运转, 运输, 运输费"
transported,"a. 情不自禁的\nv. 运送, 流放( transport的过去式和过去分词 ); 使万分激动"
transporter,"n. 输送人, 运输机\n[化] 运输船; 运输机"
transporting,猜火车（电影名）；运输
transports,n. 运输工具；传输协议（transport的复数形式）
transverse,"n. 横断物\na. 横的, 横向的"
trap,"n. 圈套, 陷阱, 诡计, 存水弯\nvi. 设圈套, 设陷阱\nvt. 诱捕, 诱骗, 抓住, 使受限制\n[计] 俘获; 陷井"
trapped,a. 陷入困境的；受到限制的；捕获的；收集的
trapping,"[计] 设陷, 陷入, 俘获\n[化] 截留; 捕俘"
traps,"n. 随身携带物, 什物, 家具, 行李"
trash,"n. 垃圾, 废物\nvt. 丢弃"
trashed,vt. 废弃（trash的过去式与过去分词形式）
trauma,"n. 外伤, 损伤\n[医] 创伤, 外伤"
traumatic,"a. 外伤的, 创伤的\n[医] 创伤的, 外伤的"
traumatized,v. 使受精神创伤( traumatize的过去式和过去分词 ); 使受外伤
travel,"n. 旅行, 游历, 行进\nvi. 旅行, 行进, 移动, 被传播\nvt. 旅行, 通过, 使移动"
traveled,"a. 富有旅行经验的, 旅客常到的"
traveler,"n. 旅行者, 游客, 旅客, 旅行推销员, 活动起重架, 行车, 临时记帐单"
travelers,n. 旅行者；旅客（traveler的复数形式）
traveling,"a. 旅行的, 旅行用的, 移动的"
travelled,"a. 富有旅行经验的, 旅客常到的"
traveller,n. 旅行者\n[经] 旅行商
travellers,n. 旅行者（ traveller的复数形式 ）; 旅游者; 旅客; 游客
travelling,"a. 旅行的, 旅行用的, 移动的"
travels,"n. 旅途, (非正式)旅行笔记, 游记"
traverse,"n. 越过, 横贯, 横断物, 屏障, 否认, 反驳\nvt. 横过, 穿过, 经过, 详细研究, 反对, 在...来回移动\nvi. 横越, 横断, 旋转, 来回移动\na. 横亘的, 横贯的"
travis,n. 崔维斯合唱团；特拉维斯（男子名）
tray,"n. 托盘, 公文盘, 满盘, 发射箱\n[化] 淋盘"
trays,n. 盘子( tray的名词复数 ); 托盘; 文件盘; （各种用途的）浅塑料盒
tre,abbr. 高音（等于treble）
treacherous,"a. 不可信任的, 危险的, 背叛的, 不可靠的\n[法] 奸诈的, 背叛的, 背信弃义的"
treachery,"n. 背叛, 变节\n[法] 背叛, 变节, 背信弃义"
tread,"n. 踏, 步态, 梯级, 交尾, 鞋底\nvi. 踏, 行走, 交尾\nvt. 踩, 踏, 践踏, 跳(舞)"
treadmill,"n. 踏车, 令人厌倦的工作\n[法] 踏车"
treason,"n. 叛逆, 不忠, 叛国罪\n[法] 叛逆, 通敌, 叛国罪"
treasure,"n. 宝物, 财富\nvt. 珍爱, 重视, 秘藏"
treasured,"a. 宝贵的, 珍贵的\nv. 重视( treasure的过去式和过去分词 ); 珍惜; 珍视; 珍爱"
treasurer,"n. 会计, 出纳员, 司库\n[经] 司库, 财务主任, 财政大臣"
treasures,n. 金银财宝( treasure的名词复数 ); 宝藏; 珍宝; 不可多得的人才\nv. 重视( treasure的第三人称单数 ); 珍惜; 珍视; 珍爱
treasury,"n. 国库, 宝库, 财政部, 国库券\n[经] 库存, 国库, 金库"
treat,"n. 宴请, 款待\nvt. 视为, 对待, 论述, 治疗, 款待\nvi. 讨论, 谈判, 作东"
treated,v. 对待；招待；治疗（treat的过去分词）
treaties,n. 条约；协定问题（treaty的复数）
treating,[机] 处理
treatise,"n. 论文, 专著"
treatment,"n. 治疗, 待遇, 处理\n[医] 疗法, 治疗; 处理"
treatments,n. 处理( treatment的复数形式 ); 对待; 治疗; 疗法
treats,n. 款待( treat的名词复数 ); 招待; 乐事; 乐趣\nv. 处理( treat的第三人称单数 ); 探讨; 对待; 请（客）
treaty,"n. 条约, 谈判\n[经] 协议, 协定, 协商"
treble,"n. 最高声部, 三倍\na. 三倍的, 最高声部的\nvt. 使增为三倍\nvi. 成为三倍"
tree,"n. 树, 木料, 树状物\nvt. 把...赶上树\n[计] 树; DOS外部命令:显示指定磁盘驱动器的目录结构"
trees,n. 树木；乔木；树状结构（tree的复数）
trek,"vi. 牛拉货车, 艰苦跋涉\nn. 牛车旅行, 艰苦跋涉"
trembling,"a. 发抖的, 战栗的\n[医] 震颤, 震动"
tremendous,"a. 巨大的, 非常的, 可怕的"
tremendously,adv. 极大地; 极端地; 极其; 非常
trench,"n. 渠, 沟渠, 战壕\nvt. 在...开沟, 挖战壕于, 用战壕围住\nvi. 挖战壕, 开沟"
trenches,"n. 深沟, 地沟( trench的名词复数 ); 战壕"
trend,"n. 趋势, 倾向, 走向\nvi. 倾向, 转向\n[计] 趋势"
trending,v. 伸向( trend的现在分词 ); 趋向; 倾向; 使趋向
trends,"n. 动态, 趋势"
trendy,"a. 随潮流的, 时髦的, 赶潮流的"
trent,n. 特伦特（男子名）；特伦托河（英格兰中部河流）
trenton,n. 特伦顿（美国新泽西州首府）
trespass,"n. 擅自进入, 非法侵入, 侵害\nvi. 侵害, 侵入, 打扰, 冒犯"
trespassing,n. [法]非法入侵
trevor,n. 特雷弗（男子名）
trey,n. 三点的牌
tri,[计] 三
triad,"n. 三个一组, 三件一组, 三和音\n[计] 三元组"
trial,"n. 审判, 试验, 艰苦, 麻烦事, 考验\na. 审讯的, 试验性的"
trials,"n. 尝试, 努力；考验；审判；顿顽（trial的复数）"
triangle,"n. 三角形, 三个一组, 三角关系\n[医] 三角, 三角形"
triangles,n. 三角形( triangle的复数形式 ); 三人一组; 三角铁（打击乐器）; 三角板
triangular,"a. 三角形的, 三人间的\n[医] 三角的, 三角形的"
triathlon,n. 〈体〉三项全能运动
tribal,"a. 部落的, 宗族的"
tribe,"n. 宗族, 部落, 一群人\n[医] 族(生物分类)"
tribes,n. 部落( tribe的复数形式 ); （动、植物的）族; （一）帮; 大群
tribunal,"n. 法庭, 法官席, 裁决\n[法] 法庭, 裁判所, 裁判"
tribune,"n. 护民官, 军团指挥官, 公民权利保护者, 讲坛"
tributaries,n. 支流( tributary的名词复数 ); 进贡国; 附庸国; 进贡者
tributary,"a. 支流的, 纳贡的, 从属的, 辅助的\nn. 支流, 纳贡者, 属国"
tribute,"n. 贡物, 礼物, 颂辞"
tributes,n. （尤指旧时一国向他国交纳的）贡品( tribute的名词复数 ); （良好效果或影响的）体现; （尤指对死者的）致敬; 称赞
trick,"n. 诡计, 欺诈, 谋略, 恶作剧, 习惯, 决窍\nvt. 愚弄, 欺骗, 装饰\nvi. 哄骗, 戏弄\na. 有决窍的, 特技的, 欺诈的, 漂亮的, 靠不住的"
tricked,"v. 哄骗, 欺骗( trick的过去式和过去分词 ); 打扮"
trickle,"n. 滴, 细流\nvi. 滴, 细细地流\nvt. 使滴, 使小量流动\n[计] 信息透露"
tricks,"n. 技巧, 诀窍；骗局（trick的复数形式）"
tricky,"a. 狡猾的, 机敏的"
trident,"n. 三齿鱼叉, 三叉戟, 三叉线\na. 三叉的, 三齿的"
tried,"a. 试验过的, 可靠的\n[法] 已经审讯的, 已经查验的"
tries,"n. 尝试, 试验（try的复数）"
trigger,"n. 触发器, 扳机\nvt. 触发, 发射, 引起\nvi. 松开扳柄\n[计] 切换开关"
triggered,a. 触发的；起动的；有扳机的
triggering,[电] 触发
triggers,n. 触发器；触发物（trigger的复数）
trillion,n. 大量\n[经] 兆
trilogy,"n. 三部剧, 三部曲\n[医] 三联, 三联症"
trim,"n. 整齐, 情形, 修剪\na. 整齐的\nvt. 使整齐, 整理, 修剪\nvi. 调整, 见风使舵\n[计] 库存管理检查规则程序"
trimmed,a. 切边；平衡的；纵倾的；修整过的
trimming,"n. 整理, 修剪, 装饰, 点缀物, 装饰物, 修剪下来的东西, 诈骗, 击败, 殴打\n[化] 微调"
trinidad,n. 特立尼达拉岛
trinity,"n. 三人一组, 三个一组的东西, 三位一体"
trio,n. 三重唱
trip,"n. 旅行, 绊倒, 摔倒, 失足, 差错, 旅程\nvt. 使跌倒, 使犯错, 使失败\nvi. 轻快地走, 绊倒, 失误, 犯错, 结巴, 旅行, 远足"
triple,"n. 三倍数, 三个一组\na. 三倍的\nvt. 使增至三倍\nvi. 增至三倍"
tripled,v. （使）增至三倍( triple的过去式和过去分词 )
tripod,"n. 三脚桌, 三脚架\n[医] 三脚架, 三脚台"
tripoli,n. 硅藻土\n[医] 硅藻岩
tripped,v. 倾翻（trip的过去式）
tripping,a. 轻快的
trips,abbr. 与贸易有关的知识产权（Agreement On Trade-related Aspects of Intellectual Property Right）
tristan,n. 特里斯坦（人名）
triumph,"n. 凯旋, 胜利, 欢欣\nvi. 得胜, 成功"
triumphant,"a. 得胜的, 得意洋洋的"
triumphs,n. 胜利( triumph的名词复数 ); 巨大的成就; （成功的）典范; （巨大成功或胜利的）心满意足\nv. 获胜( triumph的第三人称单数 ); 克服; 打败; 战胜
trivia,n. 琐事
trivial,"a. 琐碎的, 不重要的, 轻微的, 平常的"
trojan,"a. 特洛伊的, 特洛伊人的\nn. 特洛伊人, 勤勉的人, 勇士"
trojans,"n. 特洛伊木马, 木马程式；脱罗央群"
troll,"vi. 滚动, 参加轮唱, 曳绳钓鱼\nvt. 使转动, 轮唱, 高唱, 用曳绳钓(鱼)\nn. 转动, 轮唱, 钓绳"
trolley,"n. 电车, 手推车, 台车\nvt. 用手推车运\nvi. 乘电车"
trolling,[计] 垂钓
trolls,"n. 旋转, 轮唱, 钓鱼( troll的名词复数 )"
troop,"n. 军队, 一群, 一队\nvi. 群集, 结队, 成群而行"
trooper,"n. 骑兵, 骑警, 伞兵"
troopers,n. （低军衔的）骑兵( trooper的复数形式 ); 骑警; 骑兵的马; <美>州警官
troops,"n. 军队, 装甲部队, 骑兵队, 部队"
trope,"n. 转义, 比喻"
trophies,n. （为竞赛获胜者颁发的）奖品( trophy的名词复数 ); 奖杯; （尤指狩猎或战争中获得的）纪念品; （用于比赛或赛跑名称）奖
trophy,"n. 战利品, 奖品\nvt. 用战利品装饰"
tropical,"a. 热带的, 热情的\n[医] 热带的"
tropics,n. 热带地区
trot,"n. 快步\nvi. 快步走, 小跑\nvt. 使小跑, 策马小跑"
trouble,"n. 烦恼, 麻烦, 困难, 动乱, 故障\nvt. 困扰, 麻烦, 使烦恼, 折磨\nvi. 烦恼, 费心"
troubled,"a. 烦恼的, 混乱的, 不安的"
troubles,"n. 麻烦( trouble的名词复数 ); 困难; 困境; 动乱\nv. 费神, 费心( trouble的第三人称单数 ); 使烦恼, 使忧虑"
troublesome,"a. 麻烦的, 令人讨厌的"
troubling,n. 浊度；浑浊度
trough,"n. 槽, 水槽, 饲料槽\n[化] 料槽"
troupe,"n. 团, 班, 一伙\nvi. 巡回演出"
trousers,"pl. 裤子, 长裤"
trout,n. 鲑鱼
troy,"n. 金衡, 金衡制, 特洛伊城\na. 用金衡制表示的"
truce,"n. 停战, 休战\nvi. 停战, 休止\nvt. 以休战结束"
truck,"n. 卡车, 货车, 对...进行交易, 来往, 实物工资, (供应市场的)蔬菜, 废物, 废话\nvt. 对...进行交易, 交往, 以卡车运输\nvi. 驾驶卡车, 以物易物"
trucking,n. 货车运输业；货车运输；以货易货
trucks,n. 卡车（truck的复数）
trudeau,n. (Trudeau)人名；(英、法)特鲁多\n特鲁多
true,"a. 真实的, 正确的, 忠诚的, 可靠的, 纯粹的, 正式的\nn. 真实, 准确\nadv. 真实地, 准确地"
truly,"adv. 真实地, 不假"
truman,n. 杜鲁门（男子名）
trump,"n. 王牌, 法宝, 喇叭\nvt. 打出王牌赢, 胜过\nvi. 出王牌, 吹喇叭"
trumpet,"n. 喇叭, 小号, 喇叭声\nvi. 吹喇叭\nvt. 用喇叭吹出, 吹嘘"
trumpets,n. 喇叭( trumpet的名词复数 ); 小号; 喇叭形物; （尤指）绽开的水仙花
trumps,"abbr. trumpets 喇叭; 小号; 喇叭形状的东西; 喇叭筒\nv. （牌戏）出王牌赢（一牌或一墩）( trump的过去式 ); <古><诗>吹号公告, 吹号庆祝; <古><诗>吹喇叭; 捏造"
trunk,"n. 树干, 干线, 躯干, 主干, 象鼻, 箱子\nvt. 把...放入旅行箱内\na. 树干的, 躯干的, 干线的, 箱形的\n[计] 中继线; 母线"
trunks,"n. 男用运动短裤, 男式游泳裤"
truss,"vt. 捆绑\nn. 捆, 束"
trust,"n. 信任, 信赖, 相信, 受托, 职责, 信心, 托拉斯\na. 信托的, 托拉斯的\nvt. 信赖, 信任, 相信, 盼望, 赊卖给\nvi. 相信, 信赖, 依靠\n[计] 委托, 信任"
trusted,a. 可信的；受信任的
trustee,"n. 受托人, 理事\n[计] 委托者"
trustees,n. 受托人( trustee的复数形式 ); 信托公司; （公司、学院）理事; （慈善事业或其他机构的）受托人
trusting,"a. 轻信的, 信任他人的, 深信不疑的"
trusts,"n. 信任( trust的名词复数 ); 信托; 照管; 受托基金机构\nv. 相信, 信任( trust的第三人称单数 ); 认为可靠; 想; 希望"
trustworthy,"a. 可信赖的\n[法] 可信任的, 可靠的, 可信赖的"
truth,"n. 事实, 实情\n[法] 真实, 真相, 事实"
truthful,"a. 说真话的, 诚实的, 真实的, 如实的\n[法] 真实的, 说实话的, 诚实的"
truthfully,adv. 诚实地；深信不疑地
truths,"真理, 真实, 实际情况, 真相, 真实性, 忠实性"
try,"n. 尝试, 试验, 审理, 审判\nvt. 试, 尝试, 试验, 考验, 审问, 提炼\nvi. 尝试, 试图"
tryin,vi. 设法；试着
trying,"a. 难受的, 难堪的\n[法] 裁决, 审判, 审理; 使人痛苦的, 难堪的, 难处的"
ts,[计] 正文段
tsa,abbr. 旅游储蓄协会（Toursit Saving Association）；运输标准化局（Transportation Standardization Agency）；肿瘤特异性抗原（tumor-specific antigen）；（英）培训服务局（Training Services Agency）
tsar,n. 沙皇
tsp,"n. 茶匙, 一茶匙的量\n[医] 茶匙(4毫升)"
tsunami,n. 海啸
tt,"电汇\n[计] 电传打字机, 用户终端"
tu,"工会, 训练单位"
tub,"n. 桶, 浴盆\nvt. 装入桶, 洗澡\nvi. 洗盆浴, 被放在桶里洗"
tube,"n. 管, 软管, 隧道\nvt. 把...装管, 使通过管子\n[计] 管子"
tuberculosis,n. 肺结核\n[医] 顿挫性结核
tubes,"n. 管子, 导管；管状虫；伦敦地铁（tube的复数）"
tubing,"n. 管料, 管道系统, 管状组织\n[化] 管工; 管材; 管线; 管道; 管道系统; 铺设管道"
tubular,"a. 管状的\n[医] 小管的, 管状的"
tuck,"n. 缝褶, 活力, 鼓声, 船尾突出部, 食品\nvt. 打褶, 卷起, 挤进, 塞, 收藏\nvi. 缝褶裥, 缩拢"
tucked,v. 塞进( tuck的过去式和过去分词 ); 翻折; 盖住; 卷起
tucker,"n. 打横褶的人, 打褶装置\nvt. 使疲倦, 使筋疲力尽"
tucson,n. 图森（美国亚利桑那州南部城市）
tudor,"n. 英国都铎王朝\na. 都铎王朝的, 都铎式建筑式样的"
tue,abbr. 星期二（Tuesday）
tuesday,n. 星期二
tuesdays,"adv. 每星期二, 在任何星期二"
tufts,n. 塔夫茨大学（美国马萨诸塞州的一所大学）
tug,"n. 用力拉, 拖曳, 苦干, 挣扎, 绳索\nv. 用力拉"
tuition,"n. 学费, 讲授"
tulip,n. 郁金香
tulsa,n. 塔尔萨（美国俄克拉菏马州东北部城市）
tumble,"n. 跌倒, 摔跤, 翻斤斗\nvi. 翻倒, 摔倒, 倒塌, 滚动, 翻斤斗, 仓促地行动\nvt. 使摔倒, 使滚翻, 弄乱"
tumbling,"n. 摔跤, 翻筋斗\na. 斜的"
tumblr,微博客
tummy,"n. 胃, 肚子"
tumor,"n. 肿大, 肿块, 瘤, 赘生物, 肿瘤\n[医] 瘤; 肿胀, 肿块"
tumors,n. 肿瘤（tumor的复数）
tumour,"n. 瘤, 肿块"
tumours,n. 肿瘤( tumour的复数形式 )
tuna,"n. 金枪鱼, 金枪鱼肉"
tune,"n. 歌曲, 主旋律, 心情, 声调, 和谐, 一致, 语调, 程度\nvt. 为...调音, 调整, 调谐, 使一致\nvi. 协调, 调谐"
tuned,[计] 调谐的
tunes,"n. 曲调, 曲子( tune的名词复数 )\nv. 调音( tune的第三人称单数 ); 调整; （给收音机、电视等）调谐; 使协调"
tung,n. 油桐
tungsten,n. 钨\n[化] 钨W
tuning,"n. 调音, 调谐, 协调\n[计] 调整"
tunisia,n. 突尼斯
tunisian,"a. 突尼斯的, 突尼斯人的\nn. 突尼斯人"
tunnel,"n. 隧道, 地下道\nvi. 挖隧道\nvt. 掘隧道于"
tunnels,"n. 隧道, 地道( tunnel的名词复数 ); （动物栖息的）穴"
turbine,n. 涡轮机\n[化] 涡轮机
turbines,n. 涡轮机( turbine的复数形式 )
turbo,n. 涡轮增压器
turbulence,"n. 混乱, 动荡, 骚乱, 紊流\n[化] 湍流; 紊流"
turbulent,"a. 狂暴的, 骚乱的, 紊乱的"
turd,n. 粪
turf,"n. 草皮, 泥炭, 跑马场\nvt. 覆草皮于"
turin,n. 都灵（意大利城市）
turing,[计] 图灵机
turk,"n. 土耳其人, 土耳其马"
turkey,"n. 火鸡, 无用的家伙, 土耳其"
turkeys,"n. 火鸡, 火鸡肉( turkey的名词复数 ); 蠢货"
turkish,"n. 土耳其语\na. 土耳其的, 土耳其人的, 土耳其语的"
turks,n. 土耳其人；突厥人（Turk的复数形式）
turmoil,"n. 骚动, 混乱"
turn,"n. 转弯, 转动, 旋转, 翻转, 一圈, 顺次, 改动, 变化, 性格, 特色, 形状, 转折\nvt. 使旋转, 转弯, 转动, 使转向, 驱赶, 阻挡, 兑换, 改写, 使作对, 绕过, 使流通\nvi. 转动, 转弯, 转向, 翻转, 回转, 改变, 转身, 变成, 变质, 晕眩, 易脱手"
turnaround,"n. 转向, 回车道, 转变\n[化] 小修; 预防(性)修理"
turnbull,n. 特恩布尔（姓氏）
turned,a. 变质的；被转动的；[金属加工]车削的
turner,"n. 车工, 体育协会会员"
turning,"n. 旋转, 转弯处, 车削工作\n[化] 车削"
turnout,"n. 聚集的人群, 出席者, 产量\n[化] 输出; 产额"
turnover,"n. 翻倒, 翻转, 半圆酥饼, 营业额, 流通, 周转\na. 可翻转的"
turnovers,n. 营业额( turnover的复数形式 ); 失误（篮球术语）; 职工流动率; （商店的）货物周转率
turnpike,"n. 收税栅, 收税路, 收税高速公路, 公路, 大道"
turns,n. 转弯；匝数；圈数（turn的复数形式）；手动车床
turquoise,"n. 绿松石, 绿松石色"
turret,"n. 塔楼, 角楼, 攻城用仰冲车\n[机] 转塔, 多角刀架"
turrets,n. <机>（六角）转台( turret的复数形式 ); （战舰和坦克等上的）转动炮塔; （摄影机等上的）镜头转台; （旧时攻城用的）塔车
turtle,n. 海龟
turtles,n. 乌龟（turtle的复数）
tuscany,n. 托斯卡纳区（意大利行政区名）
tutor,"n. 家庭教师, 导师, 助教, 监护人\nvt. 当...的教师, 教, 指导, 约束, 克制\nvi. 当家庭教师, 受家庭教师的指导"
tutorial,"n. 个别指导, 论文, 学习指南, 指导手册\na. 个别指导的, 家庭教师的, 辅导的\n[计] 教程"
tutorials,n. 导师的个别指导( tutorial的复数形式 ); 教程; 辅导材料; 使用说明书
tutoring,v. 当家庭教师( tutor的现在分词 ); 任大学导师; 任课
tutors,n. 导师；助教；家庭教师（tutor的复数形式）
tuxedo,"n. 无尾礼服, 男小礼服"
tv,"电视\n[计] 电视, 转移向量"
tvs,abbr. 瞬变电压抑制二极管（Transient Voltage Suppressors）；电视观察系统（Television Viewing Systems）
tw,abbr. 工具车（Tool Wagon）；双心导线（Twin Wire）；台风警报（Typhoon Warning）
twain,"n. 二, 两, 一对"
twat,n. 笨蛋；阴门；[贬]娘们儿
tweak,"n. 拧, 扭, 焦急\nvt. 扭, 开足马力"
tweaking,"v. 捏, 扭, 拧；对…稍作调整（tweak的现在分词）"
tweaks,n. 拧( tweak的名词复数 ); 捏; 扭; 苦恼
tweed,"n. (粗)花呢, 花呢服装"
tweet,vi. 啁啾\nn. 小鸟叫声
tweeted,n. 小鸟叫声；自录音再现装置发出的高音\nvi. 吱吱地叫；啾鸣
tweeting,吱吱地叫（小鸟鸣叫）\n在社交网站Twitter上发微博（tweet的现在分词）
tweets,"n. 小鸟啼叫, 自录音再现装置发出的高音( tweet的名词复数 )"
twelfth,"num. 第十二, 十二分之一"
twelve,"num. 十二, 十二个"
twenties,n. 二十几岁；一生中20至29岁的十年；二十年代（1920年到1929年的时期）
twentieth,"num. 第二十, 二十分之一"
twenty,"num. 二十, 二十个"
twice,"adv. 两次, 两倍"
twigs,"n. 细枝, 嫩枝( twig的名词复数 )"
twilight,"n. 暮光, 曙光, 黎明, 黄昏, 微光, 朦胧状态\na. 微明的"
twin,"n. 双胞胎中一人, 一对非常相像的人(或物)中的一个\na. 双胞胎的, 成对的, 孪生的\nvi. 生双胞胎, 成对\nvt. 怀(双胞胎), 使成对"
twinkle,"n. 闪烁, 闪耀, 瞬息\nvi. 闪烁\nvt. 使闪耀"
twins,"n. 双子座, 双子宫"
twist,"n. 一扭, 扭曲, 曲折, 歪曲, 螺旋状, 新手法\nvt. 拧, 扭, 捻, 编织, 使扭转, 缠绕, 盘绕, 歪曲, 使转动, 使苦恼, 使混乱, 使旋转\nvi. 转向, 弯曲, 缠绕, 扭动, 呈螺旋形"
twisted,a. 扭曲的
twisting,"[医] 扭转, 捩转"
twists,"v. 扭, 搓, 缠绕( twist的第三人称单数 ); 歪曲; 转动; 扭转"
twitch,"vi. 急拉, 抽搐, 阵痛\nvt. 急拉, 攫取, 抽动\nn. 急拉, 抽搐, 阵痛"
twitter,"n. 啁啾, 唧唧喳喳声\nvi. 啭, 啁啾, 颤抖\nvt. 嘁嘁喳喳地讲, 抖动"
two,"num. 二, 二个"
tx,[计] 终端执行程序\n[医] 结核菌素X(接触性结核菌素的衍生物)
txt,[计] 文本
ty,abbr. 总产量；总收率（total yield）
tycoon,"n. 企业界大亨, 将军\n[经] 企业界巨头, 企业家"
tying,tie的现在分词
tyler,n. 泰勒（男子名）；秘密会所看守人（共济会的）
tyne,泰恩河[英国英格兰北部]
type,"n. 类型, 样式, 典型, 榜样, 标志, 符号, 型, 式\nvi. 打字\nvt. 作为代表, 测定类型, 用打字机打\n[计] 类型; 键入; DOS内部命令:在屏幕上显示指定文件的内容"
typed,vt. 打字（type的过去式和过去分词）
types,v. 打字（type的第三人称单数形式）
typewriter,n. 打字机
typhoon,n. 台风
typical,"a. 典型的, 象征性的\n[医] 典型的"
typically,adv. 代表性地；作为特色地
typing,"n. 打字, 键入\n[计] 键入"
typo,"n. 排印(或打字)错误, 印刷工, 排字工"
tyranny,"n. 专制, 暴政\n[法] 苛政, 暴政, 专横"
tyrant,"n. 暴君\n[法] 专制君主, 暴君, 压制他人者"
tyre,n. 轮胎\nvt. 装轮胎于
tyres,n. 轮胎( tyre的复数形式 )
tyrone,蒂龙(男子名)
tyson,n. 泰森（姓氏）
ua,"[计] 一致阵列, 用户区, 用户代理程序"
uae,阿拉伯联合酋长国
uber,[医] 乳房
ubiquitous,"a. 无所不在的, 到处存在的, 普遍存在的"
ubuntu,n. 乌班图；一种Linux操作系统
uc,"[计] 单通道, 设备校验"
ucl,[化] 上控制限
ucla,abbr. 加州大学洛杉矶分校（University of California at Los Angeles）
ud,abbr. 水下爆破（Underwater Demolition）；联合乳品公司（United Dairies）
uefa,abbr. 欧洲足球协会联盟（Union of European Football Association）
ufc,abbr. 终极格斗锦标赛（Ultimate Fighting Championship）
ufo,"不明飞行物, 飞碟"
uganda,n. 乌干达
ugandan,n. 乌干达人\na. 乌干达(人)的
ugh,"interj. 咄!, 啊!, 呸!"
ugly,"a. 丑陋的, 邪恶的, 险恶的, 不祥的\nn. 丑陋的人(或物)"
uh,int. 嗯啊
uhm,abbr. 夏威夷大学（The University of Hawaii at Manoa）
ui,[计] 用户接口
uk,n. 联合王国
ukip,n. 英国独立党
ukraine,"n. 乌克兰（原苏联一加盟共和国, 现已独立）"
ukrainian,a. 乌克兰的；乌克兰人的
ul,abbr. （美）保险商实验所（Underwriters' Laboratories）
ulcers,"n. 溃疡, 疡（ulcer的复数）"
ulster,n. 有带的宽大长外套
ultimate,"n. 终极, 根本, 顶点, 基本原则\na. 终极的, 根本的, 极限的, 最远的, 最后的, 最大的"
ultimately,"adv. 最后, 最终\n[法] 最后, 终究, 总之"
ultimatum,"n. 最后通牒, 基本原理\n[法] 最后通牒, 哀的美敦书, 最后结论"
ultra,"a. 过分的, 极端的\nn. 极端主义者, 过激论者, 急进论者"
ultrasonic,n. 超声波\na. 超音速的
ultrasound,n. 超声\n[计] 超声
ultraviolet,a. 紫外线的\n[化] 紫外线的; 紫外线
ulysses,"n. 尤里西斯（希腊神话中男子名, 也是爱尔兰意识流文学作家詹姆斯·乔伊斯小说名）"
um,int. 嗯（表示迟疑）
umbrella,"n. 伞, 雨伞, 保护伞\na. 伞的, 包罗万象的\nvt. 用伞遮掩"
umbrellas,n. （雨）伞( umbrella的复数形式 ); 阳伞; 起保护作用的力量[势力]; 保护国（或体系）
umm, [医]Unlversal Measuring Microscope
umpire,"n. 裁判员, 仲裁人\nvt. 对...进行仲裁, 当...的裁判\nvi. 当裁判"
umpires,"n. 裁判员, 仲裁人, 裁决者( umpire的名词复数 )"
un,"pron. 家伙, 东西\n[经] 联合国"
una,abbr. 联合国协会（United Nations Association）
unable,"a. 不能的, 不会的\n[法] 无能力的, 无资格的, 没有办法的"
unacceptable,"a. 无法接受的, 不受欢迎的\n[法] 不能接受的, 不受欢迎的, 难以承认的"
unaffected,"a. 不矫揉造作的, 自然的, 未受影响的, 未被感动的\n[经] 不受影响的"
unanimous,"a. 意见一致的, 无异议的"
unanimously,"adv. 全体一致, 无异议, 一致同意"
unanswered,"a. 未答复的, 无反应的"
unarmed,"a. 没有武装的, 非武装的, 徒手的, 手无寸铁的, 无突的, 无刺的"
unattended,"a. 无人出席的, 无随员的, 无侍从的, 无伴的, 未被注意的"
unattractive,"a. 无吸引力的, 无魅力的, 乏味的, 不美的"
unauthorized,"a. 未经许可的\n[法] 无权的, 未经授权的, 未经许可的"
unavailable,"a. 得不到的, 不能利用的, 无用的\n[化] 不可得的; 无效的; 不能利用的"
unavoidable,"a. 不可避免的, 不得已的, 不能作废的\n[医] 难免的"
unaware,"a. 未认识到的, 不知道的\n[法] 不知道的, 不察觉的, 无意的"
unbalanced,"a. 不平衡的, 错乱的, 不稳定的, 收支不平衡的\n[法] 不均衡的, 不平衡的, 精神错乱的"
unbearable,"a. 无法忍受的, 承受不住的"
unbeatable,"a. 无敌的, 无与伦比的"
unbeaten,"a. 未曾挨打的, 未搅打的, 未走过的, 未被击败的"
unbelievable,a. 难以置信的
unbelievably,"adv. 难以置信地, 不可信地"
unbiased,"a. 没有偏见的\n[法] 无偏见的, 大公无私的, 公平的"
unborn,"a. 未诞生的, 未来的, 在胎内的\n[法] 未诞生的, 未来的, 原来存在的"
unbreakable,"a. 不会破的, 不易打碎的"
unbroken,"a. 未破损的, 未被征服的, 未打垮的, 不屈服的, 不涣散的, 整齐的, 未中断的\n[法] 未被阻断的, 未破损的, 完好的"
unc,[计] 统一命名规约
uncanny,"a. 怪诞的, 可怕的, 离奇的, 神秘的"
uncertain,"a. 不确定的, 无常的, 不确信的, 不可预测的\n[法] 不确定的, 未定的, 不确信的"
uncertainties,n. 无把握( uncertainty的名词复数 ); 不确定; 变化不定; 无把握、不确定的事物
uncertainty,"n. 不确定, 不可靠, 不确定的事物\n[化] 不确定度"
unchanged,a. 无变化的\n[经] 持稳的
uncharted,"a. 图上未标明的, 未知的\n[法] 无人探险过的, 未知的, 海图上未载明的"
unchecked,"a. 未加抑制的, 未经检查的\n[计] 未选中的"
uncle,"n. 叔父, 伯父, 姨丈"
unclear,"a. 不易了解的, 不清楚的, 含混的"
uncles,n. 叔伯
uncomfortable,"a. 不舒服的, 不自在的, 不安的"
uncommon,"a. 不寻常的, 非凡的, 罕有的\nadv. 不平常地"
unconditional,"a. 无条件的, 无限制的, 绝对的\n[经] 无条件的, 无保留的"
unconditionally,adv. 无条件地
unconscious,"a. 未意识到的, 无意识的, 无知觉的\n[医] 人事不省的, 神志丧失的; 无意识的"
unconstitutional,"a. 违反宪法的, 不符合宪法的\n[法] 违反宪法的, 违宪的, 不合宪法规定的"
uncontrollable,a. 无法控制的\n[经] 不能控制的
uncontrolled,"a. 不受抑制的, 不受控制的, 自由的"
unconventional,"a. 不依惯例的, 非传统的, 非常规的"
uncover,"vt. 揭露, 揭开, 暴露, 脱帽致敬\nvi. 脱帽致敬, 揭去盖子"
uncovered,"a. 无遮盖的, 未戴帽子的, 未保险的\n[经] 无担保的, 未补进的(空头), 未保险的"
uncut,"a. 未割的, 未修剪的, 未切的, 边未切齐的, 毛边的, 未削减的, 未缩略的"
und,"comb. 表示“水, 波浪”"
undead,"n. 亡灵, 不死的人, 活死人"
undecided,"a. 未定的, 不明确的"
undefeated,"a. （选手或运动队）未被打败过的, 未输过的; 不败"
undeniable,a. 不可否认的
undeniably,adv. 确凿无疑地；不可否认地
under,"prep. 在...之下, 低于\na. 下面的, 从属的\nadv. 在下面"
underage,"a. 未成年的, 未及法定年龄的\nn. 缺乏, 不足"
undercover,"a. 秘密从事的, 秘密的, 从事间谍活动的\n[法] 暗中从事的, 秘密的"
undercut,"n. 底切, 牛腰部下侧嫩肉, 下口, 下旋削球\nvt. 廉价出售, 底切, 雕出, 下旋削球\nvi. 切除底部"
underdog,"n. 斗败了的狗, 失败者, 受害者\n[法] 受压迫者, 在不健全的社会的受害者"
underestimate,"n. 低估\nvt. 低估, 看轻"
underestimated,"v. 对…估计不足, 低估( underestimate的过去式和过去分词 ); 对…认识不足（或重视不够）, 低估, 轻视"
undergo,"vt. 遭受, 经历, 忍受\n[法] 经受, 经历, 忍受"
undergoes,"v. 经历, 承受( undergo的第三人称单数 )"
undergoing,"v. 经历, 承受( undergo的现在分词 )"
undergone,undergo的过去分词
undergraduate,"n. 大学本科生, 大学肄业生\na. 大学生的"
undergraduates,"n. （未获学士学位的）大学生, 大学肄业生( undergraduate的复数形式 ); 本科生"
underground,"n. 地下, 地铁, 地道, 秘密活动\na. 地下的, 秘密的\nadv. 在地下, 秘密地"
underlined,a. 下划线的
underlying,"a. 在下面的\n[经] 优先的, 基础的, 放在下面的"
undermine,"vt. 在...下面挖, 渐渐破坏, 暗地里破坏\n[法] 暗中破坏, 以阴谋中伤伤害"
undermined,v. 暗地里破坏；挖…的下面（undermine的过去分词）
undermines,v. 在某物下挖洞或挖通道( undermine的第三人称单数 ); 侵蚀…的基础; 暗中破坏; 逐渐削弱
undermining,v. 在某物下挖洞或挖通道( undermine的现在分词 ); 侵蚀…的基础; 暗中破坏; 逐渐削弱
underneath,adv. 在下面\nprep. 在...的下面
underrated,v. 对（某人或某事物）评价过低( underrate的过去式和过去分词 )
underside,"n. 下面, 下侧, 底面"
understand,"vt. 理解, 了解, 领会, 听说, 懂\nvi. 懂得, 认为"
understandable,a. 可以理解的
understandably,"adv. 可懂, 可了解, 可理解"
understanding,"n. 理解, 谅解\n[法] 协商, 协议, 谅解"
understands,"v. 懂, 理解( understand的第三人称单数 ); 了解; 默认; 听说"
understated,a. 轻描淡写的；低调的；朴素的；不夸张的
understatement,"n. 软弱无力的陈述, 克制的说法\n[经] 少报"
understood,understand的过去式和过去分词
undertake,"vt. 试图, 从事, 保证, 承担, 同意, 接受\n[化] 承包; 承担"
undertaken,undertake的过去分词
undertaker,"n. 承担者, 承办人, 企业家, 承办丧葬者, 殡仪员\n[经] 承办商"
undertaking,"n. 事业, 企业, 保证\n[经] 企业, 事业, 承担"
undertook,undertake的过去式
underwater,a. 在水中的\nadv. 在水下
underway,a. 航行中的；进行中的；起步的
underwear,n. 内衣
underwent,undergo的过去式
underwood,"n. 下木, 林下灌丛"
underworld,"n. 下层社会, 地狱, 下流社会"
underwriting,"n. 保险业\n[经] (海上)保险业, 证券包销"
undesirable,"a. 不受欢迎的, 不合乎社会道德标准的\n[法] 不受欢迎的人, 不良份子, 不法份子"
undeveloped,"a. 未充分发育的, 未开发的"
undisclosed,"a. 未泄露的, 保持秘密的, 不露真名的, 身分不明的\n[法] 身份不明的, 隐名的, 未透露的"
undisputed,"a. 无可争辩的, 无异议的\n[法] 无需争论的, 无疑问的, 确然无疑的"
undo,"vt. 解开, 取消, 破坏, 毁灭, 扰乱\nvi. 松开\n[计] 撤消"
undocumented,"a. 无正式文件的, 无事实证明的"
undone,"a. 没有做好, 未完成的, 破灭的, 解开的\nundo的过去分词"
undoubtedly,"adv. 无疑, 必定, 确实地"
undue,"a. 不适当的, 过度的, 未到期的\n[经] 未到(支付)期的"
une,abbr. 联合国欧洲总部（United Nations European Headquarters）；通用非线性元件（Universal Nonlinear）；西班牙标准（Una Norma Espanola）
unearthed,"a. 出土的（考古）\nv. 发掘或挖出某物( unearth的过去式和过去分词 ); 搜寻到某事物, 发现并披露"
uneasy,"a. 心神不安的, 不自在的, 不稳定的, 不舒服的"
uneducated,"a. 未受教育的, 无知的"
unemployed,"a. 失业的, 未被利用的\n[经] 没有被雇用的, 失业的, 没有被利用的"
unemployment,"n. 失业, 失业人数\n[经] 失业"
unequal,"a. 不相等的, 不规则的, 不能胜任的\n[经] 不平均的, 不等的"
unesco,"联合国教育科学及文化组织, 联合国教科文组织"
unethical,a. 不道德的
uneven,"a. 不平坦的, 不均等的, 奇数的"
unexpected,"a. 料想不到的, 突然的, 意外的\n[法] 不能预料的, 意外的"
unexpectedly,"adv. 想不到的, 突然的, 意外的, 出乎意料的"
unexplained,"[法] 未经说明的, 未经解释的"
unfair,"a. 不公平的, 不正直的, 不正当的\n[法] 不正直的, 不公平的, 偏颇的"
unfairly,adv. 不正当地；不公平地
unfamiliar,a. 不熟悉的
unfavorable,"a. 不宜的, 不顺利的, 反对的\n[法] 不利的, 有害的, 不吉祥的"
unfinished,a. 未完成的
unfit,"a. 不适当的, 不胜任的, 不健康的\nvt. 使不相宜, 使不合格"
unfold,"vt. 展开, 打开, 披露, 开展, 挑明\nvi. 伸展, 开花, 呈现"
unfolded,a. 展开的；未折叠的；[石油]未褶皱的
unfolding,[化] 解折叠; 开折; 伸展
unfolds,"v. 显露, 展现( unfold的第三人称单数 ); 展开, 打开"
unforeseen,a. 未预料的
unforgettable,"a. 忘不了的, 令人难忘的"
unfortunate,"a. 不幸的, 不合适的, 不吉利的"
unfortunately,"adv. 恐怕, 不幸的是"
unfounded,"a. 没有事实根据的, 没有理由的, 虚幻的, 未建立的\n[法] 无根据的, 无稽的, 没有理的"
unfriendly,adv. 不友善地
ungrateful,"a. 忘恩负义的, 使人不愉快的, 徒劳的, 讨厌的"
unhappiness,n. 苦恼；忧愁
unhappy,"a. 不快乐的, 不幸的, 不适当的"
unharmed,"a. 没有受伤的, 没有受害的, 无恙的, 平安的"
unhealthy,a. 不健康的
unheard,"a. 没有被听到的, 未予倾听的, 未予考虑的"
uni,abbr. 印度联合新闻社（United News of India）
unicef,abbr. 联合国儿童基金会（等于United Nations International Children'sEmergency Fund）
unicorn,n. 似马的独角兽\n[医] 单角的
unicorns,n. （传说中身体似马的）独角兽( unicorn的复数形式 ); <动>一角鲸; 独角兽标记
unidentified,"a. 未被认出的, 未经确认的"
unification,"n. 统一, 联合, 一致\n[医] 连结; 统一"
unified,a. 统一的；一致标准的
uniform,"n. 制服\na. 统一的, 一律的, 始终如一的"
uniformed,"a. 使成一样, 使一律化, 使一致"
uniformly,"adv. 一样, 一致, 相同, 一直不变, 一贯, 始终如一, 均质, 一律, 均匀\n[计] 均匀地"
uniforms,n. 制服（uniform的复数）
unifying,[计] 一致
unilateral,"a. 单方面的, 单边的, 片面的\n[医] 单侧的, 一侧的"
unilaterally,[计] 单侧地
unimaginable,"a. 不能想象的, 不可思议的"
unimportant,a. 不重要的
uninsured,"a. 未保过险的\n[法] 未保险的, 未经保险的"
unintended,"a. 不是存心的, 无心的, 非故意的"
unintentional,"a. 无心的, 不是故意的\n[法] 非故意的, 无意的, 无心的"
unintentionally,"adv. 非故意地, 非存心地; 无意之中"
uninterrupted,"a. 不间断的, 连续的, 不断的"
union,"n. 联盟, 联合, 结合, 工会\n[化] 联合; 联管节; 活接头"
unionist,"n. 工会会员, 工联主义者\n[法] 工会会员, 工会主义者"
unionists,n. 工会会员；联合主义者
unions,n. 工会；联合（union的复数）
unique,"a. 独一无二的, 独特的, 稀罕的"
uniquely,adv. 独特地；珍奇地
uniqueness,[计] 唯一性
unison,"n. 调和, 和谐, 一致, 齐唱, 齐奏\na. 共同做的, 同声的"
unit,"n. 单位, 分队, 部队, 单元, 部件, 装置\na. 单位的, 单元的\n[计] 单元常数; 部件"
unite,"vi. 联合, 接合, 混合\nvt. 使联合, 统一, 使粘合, 使结合"
united,"a. 联合的, 团结的, 一致的, 和睦的\n[法] 联合的, 统一的, 一致的"
unites,"v. （使）联合, 合并, 统一( unite的第三人称单数 ); 团结; （为某事）联合, 联手, 团结"
uniting,"[计] 联合, 综合"
units,n. 单位
unity,"n. 一致, 联合, 单一(性), 个体\n[经] 统一"
univ,abbr. 综合性大学（university）；宇宙的（universal）
universal,"a. 全世界的, 普遍的, 宇宙的, 通用的\nn. 一般概念"
universally,"adv. 宇宙, 全世界, 普遍, 一般, 普通, 全体, 一致, 通用, 万能, 广用, 广泛"
universe,"n. 宇宙, 星系, (思想等)范围"
universes,n. 宇宙( universe的复数形式 ); 天地万物; 星系; 某种经验体系
universities,n. 大学( university的名词复数 )
university,n. 大学
unix,UNIX操作系统\n[计] 多用户分时操作系统
unjust,"a. 不公平的\n[法] 不公正的人; 不公正的, 不公平的, 不合理的"
unknowingly,"adv. 无意中, 非存心地, 不知不觉地"
unknown,"a. 不知道的, 未知的, 陌生的\nn. 未知物, 未知数"
unlawful,"a. 非法的, 不正当的\n[法] 不法, 不法的, 非法的"
unlawfully,adv. 不正当地；不合法地
unleash,"vt. 解开...的皮带, 发出, 发动"
unleashed,"v. 把（感情、力量等）释放出来, 发泄( unleash的过去式和过去分词 )"
unless,conj. 除非\nprep. 除...之外
unlicensed,"a. 没有执照的, 未经当局许可的\n[法] 未经当局许可的, 无执照的, 无节制的"
unlike,"a. 不像的, 不同的\nprep. 不像, 和...不同"
unlikely,a. 不太可能的
unlimited,"a. 无限的, 不受限制的, 无条件的\n[经] 无限的, 不定的"
unload,"vi. 卸货\nvt. 从...卸下, 摆脱...之负担, 倾销, 卸(货)\n[计] 卸载"
unloaded,a. 空载的
unloading,"[计] 转储, 转存, 卸载, 去载\n[化] 放空; 卸料; 卸去负荷"
unlock,"vt. 开...的锁, 开启, 表露, 放出\nvi. 被开启, 揭开, 解放\n[计] 解出锁定"
unlocked,"v. 开锁( unlock的过去式和过去分词 ); 开启; 揭开; 开着, 解开"
unlocking,n. 开锁；开放
unlucky,"a. 不吉利的, 不祥的, 不幸的"
unmanned,"a. 无人的, 无人操纵的"
unmarked,"a. 未被注意的, 无记号的, 无标志的"
unmarried,"a. 未婚的, 单身的\n[法] 未婚的, 独身的"
unmatched,"a. 无比的, 无匹敌的, 不相配的\n[化] 不匹配的"
unnamed,"a. 未命名的, 没有名字的, 未提及的\n[计] 无名的"
unnatural,"a. 不自然的, 反常的, 不近人情的\n[法] 不自然的, 违背人道, 邪恶的"
unnecessarily,"adv. 不必要地, 多余地"
unnecessary,a. 不必要的
unnoticed,"a. 不被注意的, 被忽视的\n[法] 未被注意的, 未被顾及的:不瞩目的"
uno,联合国组织
unofficial,"a. 非正式的, 非官方的\n[化] 非法定的; 未入药典的"
unorthodox,"a. 非正统的, 异教的"
unpaid,"a. 未付款的, 不支薪水的\n[经] 未付的, 未缴纳的"
unparalleled,"a. 无比的, 无双的, 空前的"
unplanned,"a. 无计划的, 未经筹划的, 意外的, 在计划外的"
unpleasant,"a. 使人不愉快的, 使人厌恶的, 煞风景的"
unplugged,v. 拔去（电源）插头( unplug的过去式和过去分词 ); 拔去…的塞子; 去掉…的障碍物
unpopular,"a. 不得人心的, 不受欢迎的, 不流行的"
unprecedented,"a. 空前的\n[经] 空前的, 无前例的"
unpredictable,a. 不可预知的
unprepared,"a. 无准备的, 即席的, 不期而遇的"
unproductive,"a. 不生产的, 无出产的, 不毛的\n[经] 非生意性的, 浪费的"
unprofessional,"a. 违反行业习惯的, 违反行业道德的, 不合行规的, 非职业性的, 外行的"
unprotected,"a. 没有防卫的, 无掩护的, 未设防的, 没有保护人的, 不受关税保护的\n[计] 无保护的, 非保护的"
unpublished,a. 未公开出版的；未发表过的
unqualified,"a. 不合格的, 无资格的, 不胜任的\n[经] 无条件的, 不合格的, 无资格的"
unquestionably,"adv. 毫无疑问, 不成问题, 无可非议, 确实"
unravel,"vt. 阐明, 解决, 解开\nvi. 散开"
unreal,"a. 假的, 虚构的, 不真实的, 幻想的"
unrealistic,"a. 不切实际的, 幻想的"
unreasonable,"a. 不合理的, 过度的, 不切实际的\n[法] 不讲道理的, 非理智的, 不合理的"
unrelated,[法] 无关的
unreleased,a. 非除阻的；不吐放的
unreliable,"a. 不可靠的\n[法] 不可靠的, 靠不住的"
unresolved,"a. 无决断力的, 不果断的, 无决心的, 未解决的, 未澄清的, 未议决的, 未分解的\n[计] 非分辩的"
unrest,"n. 不安的状态, 动荡的局面\n[医] 不安"
unrestricted,a. 无限制的
unsafe,"a. 不安全的, 不安稳的, 危险的\n[经] 不安全"
unsecured,a. 无担保的\n[经] 无担保的
unseen,"a. 未被看见的, 看不见的"
unsettled,"a. 不整齐的, 未处理的, 未决定的\n[法] 未决的, 未定的, 怀疑的"
unsettling,"a. 扰乱的, 使人不安的"
unsigned,"[计] 无符号的, 未签名的"
unsolicited,"a. 未经请求的, 主动提供的\n[计] 任意型的"
unsolved,"a. 未解释的, 未解决的"
unspeakable,"a. 说不出的, 无法形容的, 不能以言语表达的, 坏得无话可说的, 说不出口的"
unspecified,"a. 未特别指出的, 未特别提到的"
unspoken,unspeak的过去分词
unstable,a. 不稳定的
unstoppable,"a. 无法停止的, 不可阻碍的"
unsuccessful,a. 不成功的
unsuccessfully,adv. 无用；失败地
unsuitable,"a. 不适合的\n[法] 不适合的, 不适当的"
unsure,"a. 不肯定的, 不确定的, 没有自信的"
unsuspecting,"a. 不怀疑的, 无疑虑的, 信任的\n[法] 无怀疑的, 信任的"
unsustainable,"a. 无法支撑的, 不能忍受的, 不可证实的\n[法] 未能证实的, 不能成立的"
unthinkable,"a. 不能考虑的, 不能想像的, 想像不到的, 不合理的"
until,"prep. 直到, 在...以前\nconj. 直到...时, 在...以前"
untimely,"a. 不到时候的, 不合时令的, 不适时的"
untitled,"a. 无称号的, 无标题的, 无合法权利的"
unto,"prep. 到, 对, 直到"
untold,"a. 未说过的, 未透露的, 未加叙述的, 数不清的, 无限的, 不可计量的, 无数的\n[法] 未说明的, 未方露的, 未说出的"
untouchable,"a. 达不到的, 碰不着的, 管不到的, 不可批评的, 碰不得的, 不可捉摸的, 无形的"
untouched,"a. 未触摸过的, 未改变的, 未受影响的"
untreated,[化] 未经处理的
untrue,"a. 不真实的, 不正确的, 不忠实的\n[法] 虚伪的, 不真实的, 不正确的"
unused,"a. 不用的, 不在使用的, 从未用过的"
unusual,"a. 不寻常的, 罕见的, 与众不同的"
unusually,"adv. 不寻常地, 异乎寻常地, (非正式)非常"
unveil,"vt. 揭开, 揭幕, 除去...的面纱\nvi. 显露, 除去面纱"
unveiled,a. 裸露的；公布于众的
unveiling,a. 揭幕的
unveils,v. 揭去…的面罩( unveil的第三人称单数 ); 拉开…的帷幔; 使公之于众; 揭露
unwanted,"a. 没人要的, 不需要的, 多余的"
unwarranted,"a. 未获保证的, 无保证的, 未经授权的"
unwelcome,"a. 不受欢迎的, 讨厌的\nn. 冷淡\nvt. 冷淡地对待, 冷淡地接受"
unwell,"a. 不舒服的, 生病的, 身体不好的"
unwilling,"a. 不愿意的, 勉强的\n[法] 不愿意的, 勉强的, 不服从的"
unwillingness,n. 不情愿；不愿意
unwind,vt. 展开\n[化] 拆卷; 开卷
unwise,"a. 愚蠢的, 欠考虑的, 不明智的, 轻率的"
unworthy,"a. 不值得的, 不相称的"
up,"a. 向上的, 起床的, 涨的\nadv. 向上, 上涨\nprep. 在...上面, 向...的较高处"
upbeat,"n. 弱拍, 上升, 兴旺\na. 上升的, 乐观的"
upbringing,n. 教养
upcoming,"a. 即将来临的, 即将出现的"
update,"vt. 更新, 使现代化\nn. 更新\n[计] 更新"
updated,a. 更新的；现代化的
updates,"n. 升级, 更新；补充资料（update复数形式）"
updating,"[计] 校正, 更新\n[化] 使现代化"
upfront,"a. 正直的, 坦率的; 最前面的, 首要的; 在前面的; 预先的\nadv. 在最前面; 提前支付（工资）"
upgrade,"n. 上坡, 升级, 上升\nadv. 往上\nvt. 使升级, 提升, 改良品种\nvi. 升级\n[计] 升级"
upgraded,a. 更新的；提升的；加固的
upgrades,v. 提升( upgrade的第三人称单数 ); 使（机器、计算机系统等）升级; 提高（设施、服务等的）档次; 提高（飞机乘客、旅馆住客等）的待遇
upgrading,v. 升级；提高品位（upgrade的现在分词）
upheaval,"n. 举起, 隆起, 大变动, 剧变"
upheld,uphold的过去式和过去分词
uphill,"a. 上坡的, 向上的\nadv. 往上坡, 向上地"
uphold,"vt. 支撑, 赞成, 鼓励, 举起, 坚持\n[法] 确认, 赞成, 支持"
upholding,v. 支持( uphold的现在分词 ); 维持; 赞成; 支撑
upkeep,"n. 维持, 维修费\n[经] 维修费, 养护费, 保养"
uplift,"n. 抬起, 道德的向上, 精神的高涨\nvt. 提高, 抬起\nvi. 上升"
uplifting,a. 令人振奋的; 使人开心的\nv. 举起(uplift的现在分词)
upload,"[计] 上装, 加载, 储入"
uploaded,"v. 上传, 上载( upload的过去式和过去分词 )"
uploading,v. 上传；上载（upload的ing形式）
uploads,"v. 上传, 上载( upload的第三人称单数 )"
upon,"prep. 在...之上, 迫近, 紧接着"
upper,"a. 上面的, 较高的, 上级的, 上院的, 穿在外面的, 北部的, 地表的, 后期的\nn. 鞋帮, 上齿"
upright,"a. 正直的, 诚实的, 公正的, 垂直的, 竖式的\n[化] 立杆"
uprising,"n. 起义, 升起\n[法] 起义, 暴动"
uproar,"n. 骚动, 喧嚣"
ups,不间断电源\n[计] 不间断电源
upscale,a. 迎合高层次消费者的；质优价高的
upset,"a. 弄翻的, 混乱的, 心烦的\nvt. 弄翻, 颠覆, 推翻, 打乱, 使不适, 使心烦\nvi. 翻倒"
upsets,n. 压折
upsetting,[化] 镦(粗); 镦锻
upside,"n. 上侧, 上段, 上部\n[机] 上侧, 上部"
upstairs,"a. 楼上的\nadv. 在楼上, 向楼上, 处于更高地位\nn. 楼层"
upstate,"a. 偏僻的, 州的北部的\nn. 州的北部\nadv. 在州的北部"
upstream,"adv. 向上游, 逆流地\na. 向上游的, 逆流而上的"
uptake,"n. 举起, 拿起, 理解, 上风井, 摄入, 吸收\n[化] 摄取"
upto,na. 到；干(着)；适于；…的责任\n[网络] 高达；一直到；轮到
upton,n. 厄普顿（男子名）
uptown,"n. 非中心区, 住宅区\na. 住宅区的"
upward,a. 向上的\nadv. 以上
upwards,"adv. 以上, 向上"
ur,[计] 单元记录
uranium,n. 铀\n[化] 铀U
urban,"a. 都市的, 住在都市的, 习惯于都市的\n[法] 城市的, 都市的, 市区的"
urbana,n. 乌尔班纳（美国伊利诺伊州城市名）
urdu,n. 乌尔都语
urge,"n. 冲动, 推动力, 迫切的要求\nvt. 驱策, 力劝, 竭力主张, 推动\nvi. 强烈要求"
urged,vbl. 怂恿；催促
urgency,"n. 紧急, 催促\n[法] 紧急, 迫切, 紧急之事"
urgent,"a. 紧急的, 急迫的, 催逼的\n[经] 紧急的, 急迫的"
urgently,adv. 急切地；迫切地；紧急地
urges,n. 强烈的愿望( urge的名词复数 ); 强烈的欲望; 冲动\nv. 力劝( urge的第三人称单数 ); 强烈要求; 推进; 驱策
urging,"v. 说服, 催促；激励, 驱策；清除（urge的ing形式）"
uri,abbr. 上呼吸道感染（Upper Respiratory Infection）；统一资源标识符（Uniform Resource Identifier）
urinary,"a. 尿的, 泌尿的\nn. 小便处"
urine,"n. 小便, 尿\n[医] 尿"
url,"[计] 统一资源定位器, 通用资源定位设备标准"
urn,"n. 瓮, 缸, 坟墓"
ursula,n. 厄休拉（女子名）
uruguay,n. 乌拉圭\n[经] 乌拉圭
us,pron. 我们\n[经] 美国
usa,"美国, 美利坚合众国, 美国陆军"
usable,"a. 可用的, 方便使用的, 能用的"
usage,"n. 用法, 使用, 习惯, 惯用法, 习惯法\n[经] 使用情况, 使用用途, 惯例"
usb,abbr. 通用串行总线（Universal Serial Bus）
usc,abbr. 超声波清洗（Ultra Sonic Cleaning）；联合海运公司（United Shipping Company）；美国国会（United States Congress）
usd,abbr. 美元（USA dollar）；极限强度设计（Ultimate Strength Design）
usda,[经] 美国农业部
use,"n. 使用, 习惯, 使用价值, 用法, 使用权\nvt. 使用, 利用, 运用, 耗费\nvi. 惯常"
used,"a. 使用过的, 二手的, 习惯的"
useful,"a. 有用的, 有益的\n[机] 有用的, 有效的"
usefulness,"n. 有用, 有益\n[经] 有用, 有用性"
useless,"a. 无用的, 无效的, 无益的\n[机] 无用, 无价值, 无效"
user,n. 使用者\n[计] 用户
username,"n. [计]由字母或数字组成的用户名称, 以标明用户的身份"
users,n. 使用者；受限用户（user的复数）
uses,abbr. 美国就业局（United States Employment Service）
usher,"n. 引座员, 招待员\nvt. 引导, 招待\nvi. 作招待员"
using,[计] 使用
usps,abbr. 美国邮政管理局（United States Postal Service）
uss,"美国(工业)规格, 美国(工业)标准, 美国参议院"
ussr,苏联
ust,abbr. 圣托马斯大学（University of Santo Tomas的缩写）；台湾联合大学系统；无烟烟草生产商
usual,"a. 平常的, 通常的"
usually,"adv. 通常, 大抵"
ut,"世界时, 格林威治时"
utah,n. 犹他
utc,abbr. 美国联合技术公司（United Technology Corporation）；世界时间代码（Univer-sal Time Code）；世界调整时间（Universal Time Coordinated）；城市交通管制（Urban Traffic Control）
utensils,"n. 器具, 用具, 器皿( utensil的名词复数 ); 器物"
uterus,n. 子宫\n[医] 子宫
utilised,"(utilise 的过去分词) vt. 利用, 运用, 使用"
utilities,"n. 实用工具, 实用程序；公共事业设备；公用事业；公用程式（utility的复数）"
utility,"n. 功用, 有用之物, 实用, 公用事业, 实用程序\na. 实用的, 有多种用途的\n[计] 实用程序, 工具"
utilization,n. 利用\n[医] 利用
utilize,vt. 利用
utilized,a. 被利用的
utilizes,"v. 利用, 使用( utilize的第三人称单数 )"
utilizing,"v. 利用, 使用( utilize的现在分词 )"
utmost,"n. 极限, 最大限度, 极度\na. 极度的, 最远的"
utopia,"n. 乌托邦, 理想国"
utopian,"a. 乌托邦的, 空想社会主义的\nn. 理想社会主义者"
utter,"a. 全然的, 绝对的, 完全的\nvt. 发出声音, 做声, 发表, 发射, 流通"
uttered,"v. 以口发出声音( utter的过去式和过去分词 ); 说, 讲"
utterly,"adv. 完全地, 全然, 绝对"
uv,abbr. 紫外的（ultraviolet）
uva,[医] 葡萄干
uw,abbr. 华盛顿大学（University of Washington）；水下的（Underwater）；超声波（Ultrasonic Wave）
ux,abbr. 用户体验（User Experience）
uzbekistan,n. 乌兹别克斯坦
va,[医] 视敏度
vacancies,n. 空缺额；缺位（vacancy复数）
vacancy,"n. 空, 空白, 空缺, 空虚, 空闲\n[化] 空位"
vacant,"a. 空的, 空白的, 空虚的, 空闲的, 茫然的, 空缺的\n[法] 空的, 空虚的, 闲暇的"
vacate,"vt.vi. 使空出, 搬出, 腾出, 不再使用/居住, 解除(职位), 撤离(阵地), 辞职, 退位\nvt. 取消, 使作废"
vacated,v. 搬出( vacate的过去式和过去分词 ); 空出; 辞（职）; 让（位）
vacation,"n. 假期, 休假\n[法] 假期, 停审期, 休庭期"
vacations,n. 假期( vacation的名词复数 ); （法庭的）休庭期
vaccinated,"a. [医]已接种的, 种痘的, 接种过疫菌的\nv. 给…接种疫苗( vaccinate的过去式和过去分词 ); 注射疫苗, 接种疫苗"
vaccination,"n. 接种疫苗, 种痘\n[医] 接种; 种痘"
vaccinations,"n. <医>种痘, 接种( vaccination的复数形式 ); 牛痘疤"
vaccine,"n. 牛痘苗, 疫苗\na. 疫苗的, 牛痘的"
vaccines,"n. 疫苗, 痘苗( vaccine的复数形式 )"
vacuum,"n. 真空, 空间, 真空吸尘器\na. 真空的, 产生真空的, 利用真空的\nvt. 用吸尘器打扫"
vader,n. 维德（姓氏）
vagina,"n. 阴道, 鞘, 叶鞘\n[医] 阴道; 鞘"
vaginal,"a. 鞘的, 似叶鞘的, 阴道的\n[医] 鞘的; 阴道的; 睾丸鞘膜的"
vague,"a. 含糊的, 不清楚的, 茫然的"
vaguely,"adv. 含糊地, 暧昧地"
vain,"a. 无价值的, 徒然的, 空虚的, 自负的, 愚蠢的"
val,[化] 缬氨酸
vale,"n. 谷, 溪谷, 告别\ninterj. 再见"
valencia,巴伦西亚(①西班牙港市 ②委内瑞拉城市)
valentina,n. 瓦伦蒂娜(f.)
valentine,"n. 情人, 情人节礼物"
valentines,"n. 情人, 心爱的人( valentine的复数形式 ); 在情人节（二月十四日）赠送给情人的礼物（或情人卡）"
valentino,n. （意）瓦伦蒂诺（姓氏）；华伦天奴（品牌名）
valerie,n. 瓦莱丽（女子名）
valet,n. 贴身男仆\nvt. 伺候
valiant,a. 英勇的\nn. 勇敢的人
valid,"a. 有确实根据的, 有法律效力的, 正当的, 正确的\n[经] 有效的"
validate,"vt. 使有效, 使生效, 确认, 证实, 验证\n[计] 验证"
validated,a. 经过验证的
validation,"n. 批准, 确认\n[计] 证实, 检验"
validity,"n. 有效性, 正确性\n[计] 有效性"
valley,"n. 山谷, 溪谷, 流域, 凹地\n[医] 谷"
valleys,n. 山谷( valley的名词复数 ); 流域; 溪谷
valor,"n. 英勇, 刚勇, 勇猛"
valuable,"a. 有价值的, 贵重的, 宝贵的, 可估价的\n[经] 有价值的, 可估价的, 贵重的"
valuables,n. 贵重物品\n[经] 贵重物品
valuation,"n. 评价, 估价, 价值判断\n[经] 估价, 计价, 评价"
valuations,n. 估价( valuation的复数形式 ); 估定的价格; 定价; 评价
value,"n. 价值, 价格, 购买力, 评价, 估价, 计算结果\nvt. 评价, 估价, 重视\n[计] 计算结果"
valued,"a. 经估价的, 贵重的, 受尊重的\n[法] 受尊重的, 受重视的, 贵重的"
values,"n. 对价值的看法, 准则, 标准, 价值观念"
valve,"n. 活瓣, 阀, 活门\nv. 装阀, 用阀调节"
valves,n. 阀门；真空管；瓣膜（valve的复数）
vampire,n. 吸血鬼\n[医] 吸血蝙蝠
vampires,n. 吸血鬼( vampire的复数形式 ); 吸血蝠; 高利贷者; （舞台上的）活板门
van,"n. 货车, 篷车, 先锋, 前驱, 前卫\nvt. 用货车搬运\n[计] 增值网"
vance,n. 万斯（男子名）
vancouver,n. 温哥华（加拿大主要港市）
vandalism,"n. 故意毁坏文物的行为, 破坏他人财产的行为"
vanderbilt,n. 范德比尔特（姓氏）
vanessa,n. 瓦内萨（女子名）
vanguard,"n. 前锋, 先锋, 先驱"
vanilla,"n. 香草, 香子兰"
vanish,"vi. 消失, 不见, 成为零"
vanished,"n. 销声匿迹, 无影无踪（美国电视连续剧剧名）"
vanishing,a. 消没的
vanity,"n. 虚荣心, 虚无, 自负, 空虚, 时髦的小摆饰"
vans,n. 先锋；前卫；大蓬货车（van的复数）
vantage,"n. 优势, 有利情况"
vape,
vapor,"n. 汽, 蒸气\nvi. 蒸发\nvt. 使蒸发"
var,[计] 增值二手商
vargas,"瓦尔加斯, 瓦格斯（人名）\n巴尔加斯（地名, 在阿根廷、巴拿马、玻利维亚、古巴、洪都拉斯）"
variability,"n. 易变, 变化性, 变异性\n[化] 可变性; 变异性"
variable,"n. 易变的事物, 变数, 可变物, 变量\na. 可变的, 不定的, 易变的, 变量的\n[计] 变量"
variables,n. 变量
variance,"n. 不一致, 变化, 变异, 分歧, 不和\n[化] 方差; 变种"
variant,"n. 变体, 异体\na. 不同的, 有差别的\n[计] 变体型"
variants,n. 变体( variant的复数形式 ); 变种; 变型; （词等的）变体
variation,"n. 变更, 变化, 变种, 变奏\n[医] 变异, 变易; 变度"
variations,"n. 变奏曲, 变更；变种（variation的复数形式）"
varied,"a. 不同的, 杂色的, 各式各样的\n[法] 不同的, 种种的, 变化的"
varies,n. 多重复合
varieties,n. 种种( variety的名词复数 ); 品种; 变化; （基于遗传差异的）变种
variety,"n. 多样, 种类, 变种, 杂耍\n[化] 变种"
various,"a. 不同的, 各种的, 多方面的, 许多的, 个别的, 杂色的\n[法] 不同的, 种种的, 各式各样的"
variously,"adv. 各种各样, 种种, 不同, 多方面, 多才多艺, 许多, 各个, 个别, 杂色, 彩色"
varsity,n. 大学运动代表队；大学
vary,"vt. 改变, 使多样化\nvi. 变化, 有不同, 违反"
varying,[计] 改变
vascular,"a. 血管的, 维管的\n[医] 血管的, 脉管的"
vase,"n. 花瓶, 瓶"
vases,n. 花瓶（vase的复数）
vast,"a. 巨大的, 广大的, 非常的, 大量的"
vastly,"adv. 广大地, 许多, 巨大"
vat,"n. 大桶\nvt. 装入大桶, 在大桶里处理"
vatican,"n. 梵蒂冈, 罗马教廷\n[法] 梵蒂冈, 罗马教廷"
vaughan,"沃恩（姓氏, 男子名）"
vaughn,n. 沃恩（姓氏）
vault,"n. 拱顶, 窖, 地下室, 撑竿跳, 穹窿\nvt. 做成圆拱形, 撑竿跳过\nvi. 成穹状弯曲, 跳跃"
vaults,n. 拱顶( vault的名词复数 ); 地下室; 撑物跳高; 墓穴
vc,[计] 虚拟计算机
ve,委内瑞拉
vector,"n. 矢量, 传病媒介\nvt. (用无线电)导引, 给...导航\n[计] 矢量; 向量"
vectors,n. 带菌者；向量（vector的复数）
veg,n. 蔬菜
vega,n. [天]织女星
vegan,n. 严格的素食主义者\n[医] 绝对素食者
vegas,n. 维加斯
vegetable,"n. 蔬菜, 植物, 无精打采之人\na. 蔬菜的, 植物的"
vegetables,n. 菜类；蔬菜（vegetable的复数形式）
vegetarian,"n. 素食者, 食草动物\na. 素食的"
vegetation,"n. 植物\n[医] 贽生物, 贽疣, 增殖体; 生长, 增殖"
veggie,n. 素食者
veggies,abbr. vegetables 蔬菜\nn. 素食者( veggie的复数形式 )
vehemently,adv. 激烈地; 暴烈地; 强烈地; 热烈地
vehicle,"n. 交通工具, 车辆, 传播媒介\n[化] 载体; 运载体; 漆料"
vehicles,n. 交通工具；车辆（vehicle的复数形式）
veil,"n. 面纱, 面罩, 借口, 幕, 帐, 遮蔽物\nvt. 戴面纱, 隐藏, 遮蔽, 掩饰\nvi. 蒙上面纱"
veiled,"a. 蒙上面纱的, 用幕遮盖的, (声音)不清楚的, 掩饰的, 遮遮盖盖的, 隐蔽的"
vein,"n. 血管, 静脉, 纹理, 气质, 情绪\nvt. 使有脉络, 像脉络般分布于"
veins,n. 纹理；静脉（vein的复数）
velocity,"n. 速度, 迅速\n[化] 速度"
velvet,n. 天鹅绒\na. 天鹅绒的
vendetta,"n. 族间仇杀, 世仇, 宿怨\n[法] 血仇, 近亲复仇, 世仇"
vending,a. 贩卖的
vendor,"n. 小贩, 卖主, 自动售货机\n[计] 计算机销售商"
vendors,n. 摊贩( vendor的复数形式 ); 小贩; （房屋等的）卖主; 卖方
veneer,"n. 饰面薄板, 饰面, 外表\nvt. 镶饰, 胶合, 虚饰"
venerable,"a. 庄严的, 值得尊敬的"
venetian,a. 威尼斯的\nn. 威尼斯人
venezuela,n. 委内瑞拉
venezuelan,a. 委内瑞拉的；委内瑞拉人的
vengeance,"n. 复仇, 报仇\n[法] 报仇, 复仇"
venice,n. 威尼斯
venom,"n. 毒液, 恶意\nvt. 放毒, 使有毒"
vent,"n. 排气口, 出口, 通风孔, 发泄\nvt. 发泄, 排出, 给...开孔"
ventilation,"n. 通风, 空气流通, 公开讨论\n[医] 通风, 换气"
venting,[机] 通气
vents,n. 排空（气）阀；通风管；通风孔（vent的复数）；管乐类
ventura,n. 凡吐拉市（美国加州）
venture,"n. 冒险, 风险\nvt. 敢于, 冒...的危险\nvi. 冒险"
ventured,"v. 敢于, 冒险( venture的过去式和过去分词 ); 冒…的危险; 拿…冒险; 用…进行投机"
ventures,"v. 敢于, 冒险( venture的第三人称单数 ); 冒…的危险; 拿…冒险; 用…进行投机"
venue,"n. 犯罪地点, 审判地, 发生地点"
venues,"n. 犯罪现场, 发生地点；场地, 场馆（venue复数形式）"
venus,"n. 维纳斯(爱与美的女神), 金星"
ver,[计] DOS内部命令:在屏幕上显示正在使用的DOS的版本号
vera,abbr. 通用实验性反应堆装置（Versatile Experimental Reactor Assembly ）
verb,n. 动词\n[计] 动词
verbal,"a. 用言辞的, 言语的, 口头的, 逐字的, 动词的\n[医] 言语的, 口述的"
verbally,"adv. 口头地, 非书面地"
verbs,n. 动词（verb的复数）
verde,n. 佛得角（塞内加尔西部）
verdict,"n. 裁决, 判决, 判断性意见, 定论, 结论\n[法] 定论, 判断, 意见"
verge,"n. 边缘, 边界, 起始点\nvi. 处在边缘, 接近, 下沉, 趋向"
verification,"n. 证实, 查证, 证明属实\n[计] 验证"
verified,"a. 已查清的, 已证实的"
verify,"vt. 证明, 查证, 证实, 检验, 校验\n[计] 校验, 检验; DOS内部命令:设定写入磁盘时是否验证写入的正确性"
verifying,"[计] 检验, 验证"
verizon,"n. 威瑞森（全成威瑞森无线通讯, 是美国第一家提供320万像素照相手机配套销售的无线营运商）"
vermont,n. 佛蒙特
vernacular,"n. 本地话, 方言\na. 地方的, 用本地语写成的"
vernon,n. 弗农（男子名）
verona,n. 维罗那（意大利城市）
veronica,[计] Veronica查找程序
versa,a. 反的
versailles,凡尔赛[法国北部城市]
versatile,"a. 多才多艺的, 万用的, 万向的"
versatility,"n. 多用途, 多才多艺, 易变"
verse,"n. 诗, 韵文, 诗句\nvt. 用诗表达\nvi. 作诗"
versed,"a. 熟练的, 精通的"
verses,n. 诗( verse的名词复数 ); 韵文; 诗节; (<圣经>的)节
version,"n. 一种描述, 版本, 译文\n[计] 版本"
versions,n. 版本；译本
versus,"prep. 对...\n[法] 诉, 对, 相形"
vertebrae,"椎骨, 脊椎骨, 脊椎\n[医] 椎骨, 脊椎"
vertex,"n. 顶点, 最高点, 头顶, 天顶\n[计] 顶点"
vertical,"a. 垂直的, 直立的\n[医] 垂直的, 顶的, 头顶的"
vertically,adv. 垂直地
vertigo,"n. 眩晕, 迷惘\n[医] 眩晕"
very,"a. 真正的, 恰好的, 十足的, 特有的\nadv. 非常, 完全"
vessel,"n. 船, 容器, 脉管\n[医] 管, 脉管, (容)器"
vessels,n. 容器；船舶；血管（vessel的复数）
vest,"n. 背心, 汗背心\nvt. 使穿衣服, 授予\nvi. 穿衣服, 归属"
vested,"a. 穿衣服的, 既得的, 既定的\n[经] 既得的, 法定的"
vests,n. <英>女式背心( vest的名词复数 ); <美>马甲; 背心; （印有运动员编号的）运动背心
vet,"n. 兽医\nvi. 当兽医\nvt. 诊断, 检审"
veteran,"n. 老手, 退伍军人, 老兵, 老树\na. 老兵的, 老练的, 经验丰富的"
veterans,"n. 经验丰富的人, 老兵( veteran的复数形式 ); 退伍军人"
veterinarian,n. 兽医\n[医] 兽医
veterinary,a. 兽医的\nn. 兽医
veto,"n. 否决权\nvt. 否决, 禁止"
vets,"abbr. veterans （复数）老手, <美国>退伍军人; veterinaries （复数）兽医\nn. 兽医( vet的名词复数 ); 老兵; 退伍军人; 兽医诊所\nv. 审查（某人过去的记录、资格等）( vet的第三人称单数 ); 调查; 检查; 诊疗"
vetting,"[法] 审查, 修正"
vfl,abbr. variable field length 可变字段长度; variable focal-length 可变焦距
vg,abbr. 音频段（Voice Grade）；电压增益（Voltage Gain）；很好（Very Good）；代理监督（Vicar General）
vhs,abbr. 家用录像系统（Video Home System）
vi,[计] vi文本编辑器\n[医] ㄉ(87号元素钫的旧名)
via,"prep. 经由, 经过, 通过\n[医] 病毒灭活剂"
viability,"n. 生存能力, 发育能力\n[医] [生]活[能]力, 生机"
viable,"a. 能养活的, 能生长发育的\n[医] 有活力的, 有生机的"
viagra,"n. [药]万艾可；伟哥（一种治疗阳痿的药, 壮阳药）"
vial,n. 小瓶\nvt. 装入小瓶
vibe,n. 感应
vibes,n. 电颤琴；共鸣；气氛（vibe的复数）
vibrant,"a. 振动的, 战栗的, 响亮的, 活跃的"
vibrating,[电] 振动; 振动的
vibration,"n. 振动, 颤动\n[化] 振动"
vibrations,n. 摆动( vibration的复数形式 ); 震动; 感受; （偏离平衡位置的）一次性往复振动
vibrator,"n. 振动装置, 振动器, 振动按摩器\n[化] 振动器; 振子"
vic,n. 飞机V字队形编队
vicar,"n. 教区牧师, 教堂主持, 代理人\n[法] 代表, 代理牧师, 代理主教"
vice,"n. 恶习, 恶行, 罪恶, 堕落, 缺陷, 恶癖, 老虎钳\nvt. 钳住\nprep. 代替"
vicinity,"n. 附近, 邻近, 附近地区, 近处\n[法] 附近, 邻近, 附近地区"
vicious,"a. 邪恶的, 堕落的, 品性不端的, 恶毒的, 恶性的, 有错误的\n[医] 缺点的, 恶的"
vick,n. 维克（男子名）
vickers,n. 维氏硬度计
vicki,n. 维姬；薇琪（女子名）
vicky,n. 维姬（女子名）
victim,"n. 受害人, 牺牲者, 牺牲品\n[法] 受害人, 被害人, 遭难者"
victims,"n. 受害者, 牺牲者；受灾群众（victim的复数）"
victor,n. 胜利者\na. 胜利的
victoria,n. 维多利亚（女子名）
victorian,"a. 英国维多利亚女王时代的, 笃信宗教的, 讲究体面的\nn. 维多利亚女王时代的英国人"
victories,"n. 胜利, 成功, 赢( victory的名词复数 )"
victorious,"a. 胜利的, 得胜的, 战胜的"
victory,"n. 胜利, 战胜, 克服"
vid,"abbr. （拉）见, 参看（vide）"
vida,"n. 维达（女子名, Davida 的昵称）"
vidal,n. 威代尔（葡萄酒名）；比达尔（男子名）
video,"n. 影像, 电视\na. 图像的, 电视的"
videos,n. 视频文件；影像资料（video的复数）
vids,"(vid 的复数) abbr. （拉）见, 参看（vide）"
vie,"vi. 争, 竞争, 争胜\nvt. 提出...来竞争, 以...作较量"
vienna,n. 维也纳
viet,n. 越南；越南人
vietnam,n. 越南
vietnamese,n. 越南人；越南语
view,"n. 视野, 风景, 见解, 视力, 观看, 视图, 指望, 意图, 印象\nvt. 看, 考虑, 视察, 查看, 估量\n[计] 视图"
viewed,vt. 看（view的过去式与过去分词形式）
viewer,"n. 观察者, 看电视者, 视察员, 观察器\n[化] 指示器"
viewers,n. 电视观众( viewer的复数形式 ); 观看者; 勘查孔; 看片机（把幻灯片等放大观看的装置）
viewership,n. [总称]电视观众
viewing,[计] 可见的
viewpoint,n. 观点
viewpoints,"n. 观点, 意见, 角度( viewpoint的复数形式 )"
views,n. 景点；见解；查看；视图（view的复数）
vigil,"n. 警戒, 监视, 守夜\n[医] 不眠, 警醒"
vigilance,"n. 警戒, 警觉, 失眠症\n[医] 不眠症, 警醒症"
vigilant,"a. 警觉的, 警戒的, 警惕的\n[法] 警醒的, 警戒的, 注意的"
vigilante,n. 警戒会会员
vigorous,"a. 精力充沛的, 元气旺盛的, 茁壮的, 有力的"
vigorously,"adv. 朝气蓬勃, 精力充沛, 壮健, 茁壮, 健壮, 强有力"
vii,num. 罗马数字 7
viii,num. 罗马数字8
vijay,n. 维贾伊（男子名）
viking,n. 海盗
vikings,"n. 海盗, 北欧海盗, <口>斯堪的纳维亚人( Viking的复数形式 )"
viktor,维克托（人名）
vile,"a. 恶劣的, 肮脏的, 低廉的, 卑鄙的\n[法] 极坏的, 恶劣的, 卑鄙的"
villa,n. 别墅
village,"n. 村庄\na. 乡村的, 村庄的"
villagers,n. 村民；乡下人（villager的复数）
villages,n. 村( village的复数形式 ); 乡村; 村庄; 村镇
villain,"n. 坏人, 恶棍\n[法] 歹徒, 恶棍, 恶徒"
villains,n. 恶棍( villain的复数形式 ); 罪犯; （小说、戏剧等中的）反面人物; 淘气鬼
villas,"n. 别墅, 公馆( villa的名词复数 ); <英>（城郊）住宅"
ville,n. （法）城镇
vin,n. （法）酒；葡萄酒
vince,"n. 文斯（男子名, Vincent的昵称）"
vincent,n. 文森特（男名）
vinci,"n. 达芬奇（姓氏, 意大利的著名美术家、雕刻家、科学家、建筑家）"
vine,"n. 藤本植物, 葡萄, 藤, 蔓\nvi. 形成藤蔓"
vinegar,"n. 醋, 尖酸刻薄\nvt. 加醋于"
vines,[计] 虚拟网络软件
vineyard,n. 葡萄园
vineyards,n. 葡萄园( vineyard的复数形式 )
vintage,"n. 酒, 葡萄收获(期、量), 酿酒\nv. 采葡萄\na. 佳酿的, 古典的, 老式的"
vinyl,n. 乙烯基\n[化] 乙烯基
viola,n. 中提琴
violate,"vt. 违犯, 亵渎, 违反, 侵犯, 妨碍\n[经] 违犯, 违反"
violated,v. 亵渎( violate的过去式和过去分词 ); 违反; 侵犯; 强奸
violates,v. 亵渎( violate的第三人称单数 ); 违反; 侵犯; 强奸
violating,v. 亵渎( violate的现在分词 ); 违反; 侵犯; 强奸
violation,"n. 违反, 违背, 妨碍\n[法] 违犯, 违背, 违反"
violations,n. 违反( violation的复数形式 ); 冒犯; 违反（行为、事例）; 强奸
violence,"n. 猛烈, 暴力, 暴虐, 暴行\n[法] 暴行, 暴力, 暴乱"
violent,"a. 暴力的, 猛烈的, 激烈的, 极端的, 凶暴的"
violently,"adv. 猛烈地, 激烈地, 极端地"
violet,"n. 堇菜, 紫罗兰\na. 堇菜科的, 紫罗兰色的"
violin,n. 小提琴
violinist,"n. 小提琴演奏者, 小提琴家"
vip,"n. 要人, 大人物\n[化] 血管活性肠肽"
viper,"n. 蝰蛇, 毒蛇, 毒如蛇蝎的人, 阴险的人\n[医] 蝰蛇"
viral,"a. 病毒的, 病毒引起的\n[医] 病毒的"
virgil,"n. 维吉尔（男子名, 古罗马诗人）"
virgin,"n. 处女\na. 处女的, 贞洁的, 纯洁的, 初始的, 纯的"
virginia,n. 弗吉尼亚
virginity,"n. 处女身份, 处女贞洁, 童贞\n[医] 童贞, 纯洁"
virgins,"n. 处女, 童男( virgin的复数形式 ); 童贞玛利亚（耶稣之母）"
virtual,"a. 实际上起作用的, 虚的, 实质的, 有效的, 事实上生效的\n[计] 虚拟"
virtually,adv. 事实上
virtue,"n. 德行, 美德, 优点, 功效, 效力\n[法] 美德, 贞操, 优点"
virtues,n. 美德( virtue的复数形式 ); 德行; 优点; 长处
virtuous,"a. 品德高尚的, 公正的, 贞洁的, 有效力的"
virus,"n. 病毒, 滤过性病毒, 毒害\n[化] 病毒"
viruses,n. 病毒；病霉（virus的复数）
vis,[医] 力
visa,n. 签证\nvt. 签发
visas,n. 签证( visa的名词复数 )
visceral,a. 内脏的\n[医] 内脏的
viscosity,"n. 粘稠, 粘性\n[化] 内摩擦; 粘度"
viscount,n. 子爵
visibility,"n. 可见性, 能见度, 能见距离\n[计] 可见性"
visible,"a. 看得见的, 明显的, 显然的\nn. 可见物"
visibly,"adv. 看得见地, 明显地, 明白地"
vision,"n. 视觉, 眼光, 视力, 幻想\nvt. 梦见, 想象, 显示"
visionary,"a. 幻像的, 幻想的, 梦想的\nn. 有眼力的人, 空想家, 梦想者"
visions,n. 视力；愿景；幻觉（vision的复数）
visit,"n. 拜访, 访问, 游览, 视察\nvt. 拜访, 访问, 参观, 视察, 降临\nvi. 访问, 参观, 闲谈"
visitation,"n. 访问, 探望, 视察"
visited,"v. 拜访, 访问（visit的过去式）"
visiting,"n. 参观, 拜访, 访问"
visitor,"n. 参观者, 游客, 访客\n[法] 视察人, 检视人, 检查员"
visitors,"n. 访问者, 游客（visitor 复数）"
visits,v. 参观；拜访；视察（visit的第三人称单数）
vista,"n. 远景, 展望, 回想"
visual,"a. 视觉的\n[医] 视觉的, 视力的, 视觉性记忆优势者"
visualization,"n. 可见性, 形象化\n[医] 使显形, 造影[术], 想象"
visualize,"vt. 使看得见, 使具体化, 想象, 设想\nvi. 想象, 显形"
visually,"adv. 看, 视力, 视觉, 可见, 凭视力, 看到, 看得见, 光学, 形象化, 栩栩如生"
visuals,"n. 视觉资料（指说明性的图片, 影片等）( visual的名词复数 )"
vita,"n. 个人简历\n[医] 生活, 生存, 生命"
vital,"a. 生命的, 重要的, 充满活力的, 生死攸关的, 致命的\n[医] 生命的, 生活的, 生活上必需的, 紧要的"
vitality,"n. 活力, 生命力\n[医] 生机, 活力, 生活"
vitamin,n. 维生素\n[化] 维生素
vitamins,n. 维生素（ vitamin的复数形式 ）
vitro,n. 在试管内
viva,"n. 口试, 口头测验"
vivian,n. 维维安（女子名）
vivid,"a. 生动的, 鲜明的, 鲜艳的, 活泼的, 逼真的, 清晰的"
vividly,"adv. 鲜艳, 强烈, 明亮, 鲜明, 活泼, 有生气, 生动, 清晰, 逼真"
vivo,adv. 活泼地；生动地（等于vivace）
viz,"adv. <正, 书, 尤英>即, 就是"
vlad,n. 弗拉德（男子名）
vladimir,n. 弗拉基米尔（古罗斯弗拉基米尔-苏兹达里公国的古都）
vm,"[计] 虚拟机, 虚拟存储机"
vo,abbr. 口头命令（Verbal Order）
vocabulary,"n. 词汇(量), 词汇表\n[计] 词表"
vocal,"a. 嗓音的, 声音的, 有声的, 歌唱的\nn. 元音, 声乐作品"
vocalist,"n. 声乐家, 歌手"
vocals,"n. （乐曲中的）歌唱部份, 声乐部份( vocal的名词复数 )"
vocation,"n. 职业, 天命, 天职, 才能, 行业\n[法] 行业, 职业, 职业上的才能"
vocational,"a. 职业的\n[法] 职业上的, 天职的"
vodafone,n. 沃达丰（英国电信企业）
vodka,n. 伏特加酒\n[化] 伏特加酒
vogel,n. 沃格尔（男子名）
vogue,"n. 时尚, 时髦, 流行\na. 流行的, 时髦的"
voice,"n. 声音, 嗓音, 嗓子, 愿望, 发言权, 表达, 喉舌, 语态\nvt. 表达, 吐露, 调音"
voiced,"a. 嗓音...的, 浊音的"
voicemail,n. 语音信箱
voices,n. 声音
voicing,n. 发言；牵动声带；调声
void,"n. 空虚, 空间, 空白, 空隙, 空虚感\na. 空的, 无效的, 无人的, 没有的, 无用的\n[计] 脱墨; 空白点"
vol,[计] DOS外部命令:显示卷标及其序号
volatile,"a. 挥发性的, 可变的, 不稳定的, 飞行的, 轻快的, 爆炸性的\nn. 有翅动物, 挥发物\n[计] 易失的"
volatility,"n. 挥发性, 挥发度, 轻快, 易变, 短暂\n[计] 变更率"
volcanic,"a. 火山的, 猛烈的\nn. 火山岩"
volcano,n. 火山
volcanoes,n. 火山( volcano的名词复数 )
volkswagen,n. 大众汽车（财富500强公司之一）
volley,"n. 群射, 齐发, 迸发\nvt. 群射, 齐发, 截击\nvi. 进行群射, 齐鸣"
volleyball,n. 排球
vols,abbr. 容量（volumes）
volt,n. 伏特\n[化] 伏特
voltage,"n. 电压, 伏特数\n[化] 电压"
volts,n. <物>（电压单位）伏特( volt的复数形式 )
volume,"n. 册, 卷, 体积, 容量, 大量, 许多, 份量, 音量\nvi. 成团卷起\nvt. 把...收集成卷\na. 大量的\n[计] 卷"
volumes,n. 量( volume的复数形式 ); 书; 音量; 卷
voluntarily,"adv. 自愿地, 以自由意志"
voluntary,"a. 自动的, 自愿的, 故意的, 志愿的, 自发的\nn. 自愿行动, 志愿者, 自由调"
volunteer,n. 志愿者\na. 志愿的\nv. 自愿
volunteered,"v. 自动提供, 自愿效劳( volunteer的过去式和过去分词 ); 主动建议（或告诉）; （未经当事人同意）举荐; 自愿参军, 当志愿兵"
volunteering,"v. 自动提供, 自愿效劳( volunteer的现在分词 ); 主动建议（或告诉）; （未经当事人同意）举荐; 自愿参军, 当志愿兵"
volunteers,"n. 义务工作者( volunteer的名词复数 ); 志愿者; 自告奋勇者; 主动做某事的人\nv. 自动提供, 自愿效劳( volunteer的第三人称单数 ); 主动建议（或告诉）; （未经当事人同意）举荐; 自愿参军, 当志愿兵"
volvo,"n. 沃尔沃（汽车品牌, 总部设在瑞典）"
vomit,"vt. 吐出, 呕吐\nvi. 呕吐\nn. 呕吐, 呕吐物, 催吐剂"
vomiting,n. 呕吐\n[医] 呕吐
von,[计] 冯·诺伊曼
voodoo,"n. 伏都教, 巫术, 巫术信仰"
vortex,"n. 旋涡, 旋风, 涡流\n[化] 涡旋"
voss,n. 沃斯（男子名）；沃斯（挪威城市）
vote,"n. 投票, 选举, 选票, 表决, 选举权, 得票数\nvi. 投票, 选举\nvt. 投票选举, 投票决定, 公认, 使投票"
voted, 表决的
voter,"n. 选民, 投票人\n[法] 选民, 选举人, 投票人"
voters,"n. 投票者列表；选民, 投票人（voter的复数）"
votes,v. 投票；提倡（vote的第三人称单数形式）
voting,"n. 投票, 选举\na. 投票的, 选举的"
vouch,"vi. 担保, 保证, 证明, 确定地说\nvt. 担保, 证明, 断定, 传唤...出庭作证"
voucher,"n. 证人, 保证人, 证明者, 凭证, 凭单\nvt. 证实...的可靠性"
vouchers,n. 凭证( voucher的复数形式 ); 证人; 证件; 收据
vow,"n. 誓约, 誓言, 许愿\nvi. 起誓, 发誓, 郑重宣言\nvt. 立誓, 起誓要, 郑重地宣布"
vowed,"vt.& vi. 起誓, 发誓（vow的过去式与过去分词形式）"
vowel,n. 元音\na. 元音的
vowels,"n. 元音, 元音字母( vowel的复数形式 )"
vows,n. 婚誓；誓约（vow的复数）
vox,"[医] 语音, 语声"
voyage,"n. 航行, 航海, 航程, 旅行, 航空\nvi. 航海, 航行\nvt. 航行越过, 飞过"
voyager,"n. 航行者, 航海者"
voyages,"n. 航行, 航海, 航天( voyage的名词复数 )\nv. 航行, 远行, （尤指）远航( voyage的第三人称单数 )"
vp,[计] 虚存处理器
vpn,[计] 虚拟私人网络
vr,abbr. 虚拟现实（virtual reality）
vs,prep. 对\n[经] 对
vt,"[计] 视频终端, 虚拟终端"
vu,abbr. 瓦努阿图（Vanuatu）
vuitton,n. 威登（法国一时尚品牌）
vulcan,n. [罗神]伏尔甘（火和锻冶的神）
vulgar,"a. 粗俗的, 庸俗的, 普通的, 通俗的, 方言的\n[法] 庸俗的, 卑下的, 粗俗的"
vulnerabilities, 脆弱点
vulnerability,"n. 易受伤, 易受责难, 易受伤部位\n[医] 易损性"
vulnerable,"a. 易受伤害的, 有弱点的, 易受影响的, 脆弱的, 成局的\n[医] 易损的"
vulture,"n. 秃鹫, 贪婪的人\n[法] 贪婪而残酷者, 劫掠成性者"
vultures,"n. 秃鹫( vulture的复数形式 ); 压榨别人的人, 贪心汉"
vw,abbr. 大众汽车（Volkswagen）
wa,abbr. 华盛顿州（Washington State）；担保单独海损（with average）
wacky,a. 古怪的
wade,"vi. 跋涉\nvt. 涉水\nn. 跋涉, 浅滩"
wafer,"n. 薄酥饼, 圣饼, 晶片, 圆片, 干胶片\nvt. 用干胶片封\n[计] 圆片"
waffle,"vi. 胡扯, 闲聊\nn. 华夫饼干, 胡扯\n[计] Waffle程序"
waffles,"n. 蛋奶烘饼( waffle的名词复数 ); 华夫饼; 无聊话; 含糊的话\nv. 讲或写冗长而无意义的话, 唠叨( waffle的第三人称单数 )"
wage,"n. 工资, 报应, 报偿\nvt. 开展, 进行\nvi. 进行"
waged,a. 有职业的；有工作的；支付工资的
wager,"n. 赌注, 赌博, 赌物\nvt. 下赌注, 向...保证\nvi. 打赌"
wages,"n. 工资, 报酬, 薪金, 工钱, 报应, 报答, 年产额\n[化] 工资"
wagner,[电] 瓦格纳接地法
wagon,"n. 四轮马车, 货车\n[法] 囚车, 马车, 运货车"
wagons,n. 四轮的运货马车( wagon的复数形式 ); <英>铁路货车; <美>小手推车
wah,abbr. 在家工作（Work at Home）；哇音效果器
wai,abbr. [网络]真是个白痴（What An Idiot）
wailing,"v. 哭叫, 哀号( wail的现在分词 ); 沱"
waist,"n. 腰部, 腰\n[医] 腰"
wait,"n. 等待, 等候\nvt. 等候, 期待, 延缓, 伺候, 推迟\nvi. 等, 等候, 耽搁, 伺候用餐\n[计] 等待"
waited,v. 等候( wait的过去式和过去分词 ); 等待; （尤指长期地）希望; 盼望
waiter,n. 侍者
waiters,"n. （男）侍者, （男）服务生( waiter的复数形式 )"
waiting,"n. 等候\na. 等候的, 服侍的"
waitress,"n. 女侍者, 女服务员"
waits,v. 等候( wait的第三人称单数 ); 等待; （尤指长期地）希望; 盼望
waive,"vt. 不坚持要求, 放弃, 推迟考虑, 丢弃\n[经] 放弃权利, 免除, 弃权人"
waived,v. 宣布放弃( waive的过去式和过去分词 ); 搁置; 推迟; 放弃（权利、要求等）
waiver,"n. 放弃, 弃权, 弃权声明书\n[经] 弃权, 放弃权利"
waivers,n. 自动放弃( waiver的复数形式 ); 弃权证书; 弃权声明书
wake,"vt. 叫醒, 激发\nvi. 醒来, 醒着, 觉醒, 活跃起来\nn. 守侯, 守夜, 尾迹, 痕迹"
wakefield,n. 韦克菲尔德（英格兰北部城市）
wakes,v. 醒( wake的第三人称单数 ); 唤醒; 唤起（记忆）; 使再次感觉到
waking,a. 醒着的
wal,abbr. 预写式日志（Write-Ahead Logging）
walcott,沃尔科特\n沃尔科特
walden,n. 瓦尔登湖（书名）
waldo,n. 沃尔多（男子名）
waldorf,n. 华德福教育；华尔道夫酒店；华道夫（男子名）
wales,n. 威尔士
walk,"n. 走, 散步, 步行, 行走的路程, 竞走, 散步场所\nvi. 走路, 步行, 处世\nvt. 走过, 遛, 使走, 护送...走"
walked,v. 走路；散步（walk的过去分词）
walker,"n. 徒步者, 轻便鞋\n[法] 山林巡视官"
walkers,n. 步行者（walker的复数）
walking,"n. 步行, 步态\na. 步行的, 步行用的"
walks,"n. 搭板, 跳板"
walkway,"n. 走道, 人行道"
wall,"n. 墙, 墙壁, 垣, 内壁, 分界物, 屏障\na. 墙的\nvt. 给...建墙, 禁闭, 用墙围住\n[计] 背景墙"
wallace,n. 华莱士（男子名）
walled,a. 有城墙的
waller,n. 石垛工；煤矿井下充填工
wallet,"n. 皮夹\n[法] 皮包, 皮夹, 钱袋"
wallets,n. （放钞票、信用卡的）钱夹( wallet的复数形式 ); 皮夹; （携带文件用的）皮夹; 塑料夹
wallis,n. 沃利斯（姓氏）
wallpaper,"n. 壁纸, 墙纸\nv. 贴墙纸\n[计] 壁纸"
walls,n. 墙壁；墙体（wall的复数）
wally,"a. 好的, 第一流的, 大的"
walmart, 沃尔玛（世界连锁零售企业）
walnut,n. 胡桃\n[机] 胡桃木
walsh,n. 沃尔什（姓氏）
walt,n. 沃尔特（人名）
walter,n. 沃尔特（男子名）
walters,n. 沃尔特斯（姓）
walton,n. 沃尔顿（男子姓氏）
waltz,"n. 华尔兹舞, 圆舞曲\na. 华尔兹舞的, 圆舞曲的\nvi. 跳华尔兹舞, 轻快地走动\nvt. 与...跳华尔兹舞, 硬拖"
wan,"a. 苍白的, 无血色的, 病态的, 暗淡的\nv. (使)变苍白\n[计] 广域网"
wand,"n. 棒, 棍, 杖"
wanda,n. 旺达(f.)
wander,"vi. 游荡, 漫步, 徘徊, 迷路, 离题, 蜿蜒\nvt. 在...漫游"
wandered,v. 漫游( wander的过去式和过去分词 ); 走神; 神志恍惚; （思想）开小差
wanderers,"n. 游荡、漫游的人, 各处走动的动物( wanderer的复数形式 )"
wandering,"a. 漫游的, 徘徊的, 流浪的, 蜿蜒的\nn. 闲逛, 流浪, 离题, 胡言乱语"
wang,n. 王（姓氏）；王安电脑公司
wanna,"vt. 要(做), 想(做), 想要(某物)"
wannabe,"n. 赶超崇拜者, 赶超崇拜者的人"
want,"n. 需要的东西, 缺乏, 贫困, 需要\nvt. 要, 希望, 应该, 缺少\nvi. 生活困苦, 需要, 缺少"
wanted,a. 被通缉的
wanting,"a. 欠缺的, 不足的, 不够格的\nprep. 没有, 缺少"
wants,"n. 需求, 欲望, 必需品\n[经] 消费者的欲望; 希望, 要, 想要"
war,"n. 战争, 战争状态, 战术, 军事, 冲突, 斗争, 竞争\nvi. 进行战争, 作战, 打仗, 战斗\na. 战争的, 战时用的"
warcraft,"n. 军用飞机, 军舰, 战略和战术, 兵法"
ward,"n. 病房, 守卫, 保卫, 保护, 监护, 牢房, 行政区, 锁孔内的榫舌\nvt. 使入病房, 守护, 保卫"
warden,"n. 典狱官, 渔猎法监督官, 看守人\n[法] 看守人, 监护人, 管理员"
wardrobe,"n. 衣橱, 衣室, 全部衣服"
wards,n. 受监护的未成年人；守卫；监禁；病房（ward的复数）
ware,"n. 物品, 器具, 货物, 商品, 陶器\nvt. 留心, 小心\na. 知道的, 意识到的, 留神的"
warehouse,"n. 仓库, 货栈, 大商店\nvt. 储入仓库"
warehouses,"n. 仓库, 货栈( warehouse的名词复数 )"
wares,"n. 货物, 商品\n[经] 商品, 货物"
warfare,"n. 战争, 战斗, 交战, 斗争, 竞争\n[法] 战事, 作战, 交战"
warhol,n. (Warhol)人名；(英)沃霍尔\n沃霍尔
warlord,"n. 军阀, 军阀式领袖"
warm,"a. 暖和的, 暖的, 温暖的, 热烈的, 兴奋的, 激烈的, 多情的, 色情的\nvt. 使温暖, 弄热, 使兴奋, 使充满仇恨\nvi. 变暖和, 变温暖, 取暖, 激动, 同情, 爱好\nn. 暖, 保暖物"
warmed,"v. （使）变暖, 被加热, 暖和起来( warm的过去式和过去分词 ); （使）变得更友好, 变得更可爱; 亲热"
warmer,"n. 进行加热的人, 取暖器\n[化] 热炼机"
warmest,暖和的\n热情的（warm的最高级）
warming,"n. 暖和, 加温, 暖热, 温暖, (非正式)打, 鞭打"
warmly,"adv. 亲切地, 温暖地, 热心地"
warms,"v. （使）变暖, 被加热, 暖和起来( warm的第三人称单数 ); （使）变得更友好, 变得更可爱"
warmth,"n. 温暖, 温情, 暖和, 激动, 生气"
warn,"vt. 警告, 提醒, 通知\nvi. 发出警告"
warned,a. 已警告的
warner,"n. 警告者, 告诫者, 预告者\n[化] 报警器"
warning,"n. 警告, 预告, 预兆, 通知\n[法] 警告, 警戒, 预告; 警告的, 注意的"
warnings,n. 发出警告( warning的复数形式 ); 征候; <古>（解雇、辞职等的）预先通知; 可引以为戒的事（或人）
warns,v. 警告( warn的第三人称单数 ); 提醒; 告诫; 预先通知
warp,"n. 变形, 弯曲, 歪曲, 乖僻, 偏差, 偏见\nvt. 使变形, 弄歪, 使翘曲, 使不正常, 歪曲, 使有偏见\nvi. 变弯, 变歪"
warped,"a. 反常的; 乖戾的; （变）弯曲的; 变形的\nv. 弄弯, 变歪( warp的过去式和过去分词 ); 使（行为等）不合情理, 使乖戾, "
warrant,"n. 授权, 正当理由, 根据, 证明, 批准, 凭证, 令状, 委任状\nvt. 授权给, 保证, 担保, 批准, 使有正当理由"
warranted,a. 担保的；保证的
warrants,n. 认股权证；支付命令；仓单（warrant的复数）
warranty,"n. 正当理由, 授权, 担保, 保证, 根据\n[经] 保单, 担保书, 保证书"
warren,"n. 养兔场, 拥挤的地区"
warring,"a. 交战的, 敌对的, 冲突的\n[法] 战争, 敌对行为"
warrington,n. 沃灵顿（英国一城市）
warrior,"n. 战士, 勇士, 武士, 鼓吹战争的人, 战斗, 尚武"
warriors,"n. 武士, 勇士, 战士( warrior的复数形式 )"
wars,n. 战争（war的复数形式）
warsaw,n. 华沙（波兰首都）
warship,"n. 军舰, 战船"
warships,"n. 军舰, 战舰( warship的复数形式 ); 舰只"
wartime,n. 战时
warwick,"n. 沃里克（英国英格兰中部沃里克郡城市）；沃里克（美国罗德岛州东部城市, 为纺织业中心）；沃里克（姓氏）"
warwickshire,沃里克郡[英国英格兰郡名]
wary,"a. 谨慎的, 小心的, 机警的, 周到的, 唯恐的"
was,be的过去式
wash,"n. 洗, 洗涤, 冲洗, 洗的衣服, 冲积物, 洼地\nvt. 洗, 洗涤, 洗清, 用水冲洗, 流过, 弄湿, 粉刷, 镀金属薄层于\nvi. 洗涤, 洗澡, 被冲蚀, 漂浮"
washed,a. 洗过的
washer,"n. 洗衣人, 垫圈, 洗衣机\n[化] 洗涤器; 垫圈"
washes,n. 洗涤；洗涤废水；洗涤物
washing,"n. 洗涤, 浸, 洗涤物\n[机] 涂浆, 洗涤"
washington,n. 华盛顿
wasp,"n. 黄蜂, 胡蜂, 易怒的人, 刻毒的人\n[医] 胡蜂, 黄蜂"
wasps,n. 黄蜂( wasp的复数形式 ); 胡蜂; 易动怒的人; 刻毒的人
waste,"n. 浪费, 废物, 损耗, 消耗, 荒地, 垃圾, 地面风化物\na. 废弃的, 荒芜的, 多余的\nvt. 浪费, 消耗, 使荒芜\nvi. 浪费, 消耗, 变消瘦"
wasted,a. 浪费的
wasteful,"a. 浪费的, 不经济的"
wasteland,"n. 荒地, 未开垦地"
wastes,"n. 废物, 废料"
wastewater,n. 废水
wasting,"a. 造成浪费的, 消耗性的\n[医] 消瘦, 消耗"
wat,n. 泰国佛寺
watch,"n. 观察, 手表, 看守, 守护, 监视, 值班人\nvt. 看, 注视, 照顾, 看守, 守护, 监视\nvi. 观看, 注视, 守侯"
watchdog,"n. 看门狗, 监察人\n[化] 监控设备; 监视器"
watched,"vt. 注视, 注意（watch的过去式与过去分词形式）"
watchers,"n. 观看的人, 观察的人( watcher的复数形式 )"
watches,n. 手表（watch的复数）
watchful,"a. 注意的, 警戒的, 警醒的, (时间)醒着换过的"
watching,"vt. 观看, 守望；监视, 注意（watch现在分词）"
water,"n. 水, 雨水, 海水, 水位, 水面, 流水\nvt. 给...浇水, 供以水, 注入水, 使湿\nvi. 流泪, 流口水, 加水\na. 水的, 水上的, 水生的, 含水的"
watercolor,"n. 水彩颜料, 水彩画"
watered,"a. 洒了水的, 用水的, 搀了水的, 有波纹的, 有光泽的, 滥发的\n[法] 票面额增加而实际价值并未相应增加的"
waterfall,n. 瀑布
waterfalls,n. 瀑布；悬瀑（waterfall的复数形式）
waterford,n. 沃特福德（爱尔兰东南部港市）
waterfront,"n. 水边, 滨水区, 滩, 海滨, 江边"
watergate,"n. 水门, 水闸；水门事件"
watering,"n. 洒水, 冲淡, 搀水, 供水, 浇水, 灌溉, 排水渠\n[经] 虚报, 冲淡, 掺水"
waterloo,"n. 滑铁卢, (喻)惨败, (喻)致命的打击, 决定性的竞赛"
watermelon,n. 西瓜
waterproof,"n. 防水材料\na. 不透水的, 防水的\nvt. 使防水"
waters,"n. 大片的水, 领海, 近海, 海域, 江水, 湖水, 河水, 矿泉水\n[医] 羊水(俗名)"
watershed,"n. 流域, 分水岭\n[医] 分水界, 分水岭"
waterway,"n. 航道, 水路\n[法] 水道, 水路航道"
waterways,"n. 水路, 航道( waterway的复数形式 ); 河渠"
watery,"a. 水的, 湿的, 平淡的, 稀薄的, 水淋淋的"
watford,沃特福德
watkins,n. 沃特金斯
watson,[计] 沃森
watt,n. 瓦(特)\n[化] 瓦; 瓦特
watts,n. 瓦特（功率单位）
wave,"n. 波, 波浪, 波动, 起伏, 高潮, 潮涌, 挥手致意, (气压)突变\nvi. 波动, 飘动, 挥手示意, 起伏\nvt. 使波动, 使飘扬, 挥舞, 使成波浪形"
waved,"a. 波浪形的, 起伏的"
wavelength,n. 波长\n[化] 波长
wavelengths,n. <物>波长( wavelength的复数形式 ); 具有相同的/不同的思路; 合拍; 不合拍
waves,n. 波（wave的复数形式）
waving,a. 波浪状的
wavy,"a. 有波浪的, 多浪的, 波浪状的, 波动的, 不稳定的"
wax,"n. 蜡, 蜡状物, 一阵发怒, 增加, (月亮)渐盈\nvi. 变大, 增大, 月亮渐满\nvt. 上蜡于"
way,"n. 路, 路线, 路途, 方法, 道路, 情形, 规模, 习惯, 行业, 方面\nadv. 远远地, 非常"
wayne,n. 韦恩（男子名）
ways,n. 方法（way的复数）；滑路
wayward,"a. 任性的, 难以捉摸的, 不稳定的, 刚愎的\n[法] 顽强的, 任性的, 不规则的"
wb,世界银行
wc,厕所
wcw,abbr. watt continuous wave 瓦特连续波，功率连续波; William Carlos Williams 威廉姆·卡洛斯·威廉姆斯
wd,"[计] 字, 写数据, 字描述"
we,pron. 我们
weak,"a. 不牢固的, 弱的, 虚弱的, 软弱的, 无力的, 无权力的, (论据等)不充分的\n[经] 疲软的"
weaken,"vt. 削弱, 减弱, 使虚弱\nvi. 变弱, 变软弱"
weakened,"a. 虚弱的\nv. （使）削弱, （使）变弱( weaken的过去式和过去分词 )"
weakening,[经] 疲软
weaker,[经] 下跌
weakest,a. 弱的( weak的最高级 ); 微弱的; 无说服力的; 淡的
weakly,"a. 弱的, 虚弱的\nadv. 微弱地, 虚弱地"
weakness,"n. 虚弱, 薄弱, 弱点\n[经] 欲振乏力"
weaknesses,n. 虚弱( weakness的复数形式 ); 软弱; 弱点; 偏好
wealth,"n. 财富, 资源, 财产, 丰富, 富裕, 大量\n[经] 财富"
wealthiest,富有的（ wealthy的最高级 ）
wealthy,"a. 富有的, 丰裕的, 充分的"
weapon,"n. 武器, 兵器\nvt. 武装"
weaponry,"n. 武器, 军备, 武器设计研制学"
weapons,n. 武装切换；斗争工具；武器（weapon的复数）
wear,"n. 穿着, 戴, 使用, 耗损, 服装, 耐久性\nvt. 穿着, 戴, 留(须、发等), 呈现, 磨损, 磨成, 耗损, 使疲乏, 消磨\nvi. 磨损, 变旧, 耐久, 渐变, 渐渐消失"
wearable,a. 可穿用的\nn. 衣服
wearing,"a. 穿用的, 使疲惫的, 磨损的"
wears,v. 穿着( wear的第三人称单数 ); 磨成; 使疲乏; 同意
weary,"a. 疲倦的, 萎靡的, 厌倦的, 厌烦的\nvt. 使疲倦, 使厌烦\nvi. 疲乏, 生厌, 不耐烦"
weasel,"n. 鼬鼠, 狡猾的人, 告密者, 狡辩之辞\nvi. 躲避, 告密"
weather,"n. 天气, 气象, 处境\na. 迎风的\nvt. 使受风吹雨打, 侵蚀, 使风化, 经受住\nvi. 风化, 受侵蚀, 经受风雨"
weathered,"a. 风化的, 倾斜的"
weave,"n. 编法, 织法, 编织式样\nvt. 编织, 组合, 编排, 使迂回前进\nvi. 纺织, 迂回行进"
weaver,"n. 织布者, 织工"
weaving,[机] 织动
web,"n. 网, 蛛丝, 蹼, 织物, 圈套, 卷筒纸\nvi. 结网, 形成网\nvt. 织蜘蛛网于, 使落入圈套"
webb,n. 韦勃（人名）；威布市（美国密苏里州的城市名）
webber,n. 韦伯（姓氏）
webcam,n. 网络摄像头
weber,"[计] 韦伯\n[医] 韦伯, 库仑"
webpage,n. 网页
website,n. 网站（全球资讯网的主机站）
websites,n. [通信]网站( website的复数形式 )
webster,n. 韦伯斯特（姓氏或男子名）
wed,"vt. 与...结婚, 使结合\nvi. 结婚"
wedding,"n. 婚礼, 结婚, 结婚周年纪念日, 结合\n[法] 结婚, 婚礼, 结婚纪念日"
weddings,n. 婚礼（wedding的复数形式）
wedge,"n. 楔子, 楔形物, 起因, 导致分裂的东西\nvt. 楔住, 挤进, 楔入\nvi. 楔入, 挤进"
wedges,n. 楔( wedge的名词复数 ); 楔形物; （击高尔夫球的）楔形铁头球棒\nv. 楔( wedge的第三人称单数 ); 楔形物; （击高尔夫球的）楔形铁头球棒
wednesday,n. 星期三
wednesdays,"adv. 每星期三, 在任何星期三"
wee,"a. 很小的, 微小的\nn. 一点点"
weed,"n. 杂草, 野草\nvi. 除草\nvt. 除...的草, 剔除"
weeds,n. 丧服
week,"n. 星期, 周"
weekday,"n. 周日, 平日\n[计] 工作日"
weekdays,"adv. 在每个周日, 在平时每天"
weekend,"n. 周末, 周末休假"
weekends,adv. 在每周末
weekly,"n. 周刊, 周报\na. 每周的, 一周一次的, 周刊的\nadv. 每周, 一周一次"
weeks,n. 威克斯（姓氏）
weep,"n. 哭, 哭泣\nvi. 哭泣, 流泪, 哀悼, 滴落\nvt. 哭着使..., 悲叹, 滴下"
weeping,"n. 哭泣, 流泪\na. 哭泣的, 滴水的, 泪汪汪的, 下雨的, 多雨的, 垂枝的"
wei,n. 魏（姓氏）；魏（朝代）；渭河
weigh,"vt. 称...重量, 衡量, 把...压弯, 考虑, 权衡, 起锚\nvi. 称分量, 有意义, 重压, 起锚\nn. 过秤, 称分量"
weighed,"v. 称…的重量( weigh的过去式和过去分词 ); 重达; 权衡, 考虑; 有…重"
weighing,[化] 称量
weighs,"v. 称…的重量( weigh的第三人称单数 ); 重达; 权衡, 考虑; 有…重"
weight,"n. 重, 重量, 体重, 砝码, 重大, 影响, 力量\nvt. 加重量于, 压迫, 使加权, 称重量\n[计] 粗细"
weighted,"a. 偏向的, 偏重的, 有利的\n[计] 加权的"
weights,n. 重量；砝码（weight的复数）
weiner,n. （美）法兰克福香肠（等于wiener）
weinstein,温斯坦
weir,"n. 堰, 鱼梁\n[化] 堰"
weird,"a. 怪异的, 超自然的, 不可思议的\nn. 命运, 预言, 符咒"
weirdest,怪异的\n不可思议的\n超自然的（weird的最高级）
weirdo,"n. 古怪的人, 奇怪的人"
weiss,n. 外斯（原子磁矩单位）；白色
welch,n. 韦尔奇（姓氏）
welcome,"n. 欢迎, 欢迎词\na. 受欢迎的, 可随意的, 可喜的\nvt. 欢迎, 接待\ninterj. 欢迎"
welcomed,v. 欢迎( welcome的过去式和过去分词 ); 迎接; 乐于接受; 希望有
welcomes,"n. 欢迎, 迎接( welcome的名词复数 )\nv. 欢迎( welcome的第三人称单数 ); 迎接; 乐于接受; 希望有"
welcoming,v. 欢迎( welcome的现在分词 ); 迎接; 乐于接受; 希望有
weld,"n. 焊接处, 焊接\nvt. 焊接, 使密接, 使结合, 使成整体\nvi. 焊牢"
welded,v. 焊接；使结合（weld的过去分词）
welding,"a. 焊的\n[机] 熔接, 焊接, 锻接"
welfare,"n. 福利, 安宁, 幸福, 福利事业\na. 福利的"
well,"n. 井, 泉水, 源泉, 好\nv. 涌出\na. 健康的, 良好的, 适宜的, 恰当的\nadv. 很好地, 适当地, 好意地, 很, 完全\ninterj. 好啦"
wellbeing,"n. 健康, 幸福, 福利, 舒适, 安宁"
wellington,n. 惠灵顿长靴
wellness,n. 健康
wells,n. 威尔斯（姓氏）
welsh,"a. 威尔士的\nn. 威尔士人\nvi. 赖赌帐, 逃避责任"
wembley,文布利
wen,"n. 粉瘤, 拥挤不堪的城市\n[医] 皮脂囊肿, 粉瘤, 表皮囊肿"
wendell,n. 温德尔（男子名）
wendy,n. 温迪（女子名）
wenger,"n. 威戈（姓氏）；威戈（瑞士军刀品牌名, 也是箱包品牌名）"
went,go的过去式
wentworth,n. 温特沃斯（英国一地名）；文特沃斯（男子名）
wept,weep的过去式和过去分词
were,be的过去式
werewolf,"n. 狼人, 豺狼般的人"
werner,n. 维尔纳（男子名）
wes,"n. 韦斯（Wesley的昵称, 男子名）"
wesley,n. 韦斯利（男子名）
west,"n. 西方, 西部\na. 西方的, 向西的\nadv. 向西, 自西方, 在西方"
westbrook,韦斯特布鲁克（人名）\n韦斯特布鲁克（地名）
westchester,"n. 韦斯切斯特（美国伊利诺伊州东北部城市）；韦斯切斯特（美国纽约州的县, 富人聚居区）"
western,"n. 西方人, 西部片, 西部小说\na. 向西方的, 来自西方的, 西方的, 西洋的, 西部的"
westerners,"n. 西部人( westerner的复数形式 ); 西方人, 欧美人"
westfield,n. 威势飞（汽车品牌）；西田集团（澳大利亚商业地产上市公司）
westminster,n. 威斯敏斯特
weston,n. [电]韦斯顿标准电池；韦斯顿（姓氏）
westward,n. 朝西的方向\na. 向西的\nadv. 向西的
westwood,n. 美国游戏软件公司
wet,"n. 湿气, 潮湿, 水分, 雨天\na. 湿的, 潮的, 搞错的, 下雨的, 反对禁酒的\nvi. 变湿\nvt. 使...湿"
wetland,"n. 湿地, 沼泽地\n[经] 湿地"
wetlands,"n. 潮湿的土壤, 沼泽地( wetland的复数形式 )"
wh,abbr. 瓦特小时（Watt Hours）；白宫（White House）；白色（white）
wha," [医][=warmed,humidified air]温暖、潮湿的空气"
whack,"vt. 猛击, 重打, 削减\nvi. 重击\nn. 重击, 重打"
whale,"n. 鲸\nvi. 捕鲸\nvt. 使惨败, 猛揍"
whales,"n. 鲸, 鲸鱼( whale的名词复数 )"
whaling,n. 捕鲸
wharf,"n. 码头\nvt. 卸在码头上, 靠码头\nvi. 靠码头, 入坞"
wharton,n. 沃顿（姓氏）；沃顿商学院
what,"pron. 什么\ninterj. 怎么, 多么\na. 什么的\nadv. 到什么程度"
whatever,pron. 无论什么
whatsoever,pron. 无论什么
wheat,n. 小麦
wheel,"n. 轮子, 车轮, 轮, 方向盘, 旋转, 机构, 重要人物\nvt. 使旋转, 转动, 使转向\nvi. 旋转, 转弯, 盘旋"
wheelchair,n. 轮椅
wheeled,a. 有轮的；轮式的
wheeler,"n. 旋转物, 推车人, 车轮制造人, 辕马, 精明的政客"
wheeling,n. 旋转；道路的行车鉴定
wheels,n. 旋转；车轮（wheel的复数）
when,"conj. 当...的时候\nadv. 何时, 什么时候\npron. 什么时侯\nn. 时间"
whence,"adv. 从何处, 出于什么原因, 从哪个\nn. 来处, 根源"
whenever,"conj. 每当\nadv. 不论何时, 每逢"
where,adv. 在哪里\npron. 哪里\nn. 地点
whereabouts,"n. 下落, 所在之处\nadv. 在何处"
whereas,"conj. 然而, 鉴于\n[法] 考虑到, 鉴于, 就...而论"
whereby,"adv. 靠什么, 如何, 为何, 靠那个, 因此, 由此\n[法] 因此, 由是"
wherein,"adv. 在哪方面, 在那方面"
wherever,adv. 无论哪里
whether,"conj. 是否, 不论\npron. 两个中的哪一个"
whew,n. 吹哨声\ninterj. 哟
which,"pron. 哪一个, 那一个"
whichever,"pron. 无论那一个, 任何一个"
whiff,"n. 一吹, 一吸, 一阵, 一点点, 一口烟\nvi. 轻轻地吹, 喷气, 三击不中出局, 垂钓\nvt. 吹送, 喷出, 吸, 使三击不中出局"
while,"n. 一会儿, (一段)时间\nconj. 当...的时候, 虽然\nvt. 消磨"
whilst,"conj. 当...的时候, 和...同时, 虽然, 只要, 然而, 而, 尽管"
whim,"n. 一时的兴致, 冲动, 怪念头, 绞盘"
whimsical,"a. 怪念头多的, 反复无常的, 古怪的, 异想天开的"
whine,"n. 哀叫声, 嘎嘎声, 哀鸣\nvi. 哭诉, 嘎嘎响, 发呜呜声\nvt. 哀诉"
whining,"v. 哀号( whine的现在分词 ); 哀诉, 诉怨"
whip,"n. 鞭子, 抽打, 车夫, 搅拌器\nvt. 鞭打, 搅拌, 煽动, 召集, 仓促制成\nvi. 拍击, 急走, 抽打"
whipped,a. 受到鞭打的
whipping,"n. 鞭打, 缚扎用的绳索, 笞刑\n[法] 笞刑, 惩罚, 用以捆缚的绳索"
whips,"n. 鞭策者, 鞭子（whip的复数）"
whirlwind,n. 旋风
whisk,"n. 掸, 扫帚, 毛掸子, 搅拌器, 拂\nvt. 扫, 拂, 挥动, 迅速移动, 搅拌\nvi. 飞奔"
whiskey,n. 威士忌酒\na. 威士忌酒的
whisky,"n. 威士忌酒, 轻便马车\n[化] 威士忌酒"
whisper,"n. 耳语, 密谈, 谣传, 沙沙声\nvi. 耳语, 密谈, 沙沙地响\nvt. 低声说"
whispered,"a. <医>耳语的, 低语的\nv. 低声说( whisper的过去式和过去分词 ); 私语; 小声说; 私下说"
whispering,"n. 低语, 私语, 耳语, 流言, 谣言, 沙沙声, 飒飒声\na. 传播流言蜚语的"
whispers,v. 低声说( whisper的第三人称单数 ); 私语; 小声说; 私下说
whistle,"n. 口哨, 汽笛, 啸啸声, 口哨声\nvi. 吹口哨, 鸣汽笛, 发嘘嘘声\nvt. 用口哨或吹哨传意, 用口哨演奏"
whistleblower," <美俚>告密者, 揭发者"
whistler,"n. 吹口哨的人, 发啸声的东西\n[机] 通气孔"
whistles,n. 哨子( whistle的名词复数 ); 汽笛; 口哨声; 汽笛声\nv. 吹口哨( whistle的第三人称单数 ); 鸣笛; 呼啸着前进; 空指望
whistling,"n. 吹哨, 吹笛；鸣汽笛"
whit,"n. 些微, 一点点"
whitaker,n. 惠特克（姓氏）
white,"n. 白色, 洁白, 眼白, 白种人, 蛋白\na. 白色的, 纯洁的, 白种的, 苍白的, 空白的, 幸运的"
whitehall,"n. 白厅, 英国政府"
whitehead,"怀特黑德(①姓氏 ②Alfred North, 1861-1947, 1924年移居美国的英国哲学家、数学家)"
whites,[医] 白带\n[经] 白糖
whitman,n. 惠特曼（姓氏）
whitney,n. 惠特尼（女子名）；惠特尼山（位于美国加利福尼亚州东部）
who,pron. 谁
whoa,"int. 惊叹声, 停止"
whoever,"pron. 任何人, 无论谁"
whole,"n. 全部, 全体, 整体, 完全之体系\na. 所有的, 完整的, 完全的, 纯粹的"
wholeheartedly,"adv. 全心全意地, 全神贯注地"
wholesale,"n. 批发\na. 批发的, 大规模的\nadv. 大规模, 照批发方式\nvi. 经营批发业, 批发\nvt. 批发"
wholesome,"a. 有益健康的, 合乎卫生的, 健全的, 有益的, 有生气的, 审慎的"
wholly,"adv. 完全地, 整个, 统统, 全部\n[法] 完全地, 统统地"
whom,pron. 谁
whomever,"pron. （作动词或介词的宾语时, 有时候用来替代whoever）"
whoop,"n. 大叫, 呐喊, 一点点\nvi. 叫喊, 鸣叫\nvt. 高声说, 唤起"
whooping,a. 高喊声的
whoops,interj. 哎哟
whopping,"a. 巨大的, 天大的\nadv. 非常地"
whore,n. 娼妓\nvi. 卖淫
whores,"n. 妓女, 男妓( whore的名词复数 ); 性关系不道德的女子\nv. 妓女, 男妓( whore的第三人称单数 ); 性关系不道德的女子"
whose,pron. 谁的
why,"adv. 为什么\nn. 原因, 理由"
wi,abbr. 熟铁（Wrought Iron）；妇女协会（Women 's Institute）；西印度群岛（West Indies）
wichita,n. 威奇托（美国堪萨斯州城市）
wick,"n. 灯芯, 油绳"
wicked,"a. 坏的, 邪恶的, 缺德的, 刻毒的, 恶劣的, 淘气的"
wicket,"n. 小门, 腰门, 售票窗"
wickets,n. 三柱门( wicket的复数形式 ); 两个三柱门之间的场地; 击球的一轮
wide,"a. 宽的, 广阔的, 普遍的, 宽阔的, 广泛的, 一般的\nadv. 广阔地, 遍及各处地, 广泛地\nn. 大千世界"
widely,adv. 广泛地
widen,"vt. 弄宽, 加宽, 扩大\nvi. 变宽, 扩大"
widened,"v. 放宽, 加宽, （使）变宽( widen的过去式和过去分词 )"
widening,"[计] 拓宽, 拓展"
wider,a. 宽的；广阔的（wide的比较级形式）
widespread,"a. 充分伸展的, 广布的, 普及的, 流传广的"
widest,a. 广阔的；宽的
widow,"n. 寡妇, 孀妇\nvt. 使成寡妇"
widowed,"a. 丧偶的\n[法] 寡居的, 鳏居的"
widows,"n. 寡妇, 遗孀( widow的名词复数 )"
width,"n. 宽度, 宽广, 广博\n[医] 宽度"
wield,"vt. 挥舞, 运用"
wielding,v. 手持着使用（武器、工具等）( wield的现在分词 ); 具有; 运用（权力）; 施加（影响）
wiener,n. <美>=frankfurter
wife,"n. 妻子, 太太, 夫人\n[法] 妻子, 已婚妇女"
wifi,abbr. 基于IEEE 802.11b标准的无线局域网（Wireless Fidelity）；无线网络模块
wig,"n. 假发, 斥责\nvt. 给...戴假发, 激怒, 使发狂\nvi. 激动, 发狂"
wigan,"n. 本色平纹棉布, 无光上浆衬里布"
wiggins,n. 威金斯（姓）；威金斯（地名）
wiggle,"v. 扭动着行进, 摆动\nn. 扭动, 摆动"
wight,"n. 人类,人"
wigs,n. 假发（wig的复数）
wii,n. 任天堂在2006年推出的新一代电视游戏机
wiki,n. 维基百科（网站名）
wikileaks, 维基解密
wikipedia,"维基百科（一个基于wiki技术的多语言的百科全书协作计划, 也是一部用不同语言写成的网络百科全书, 其目标及宗旨是为全人类提供自由的百科全书）；开放性的百科全书"
wil,abbr. 减轻颈部伤害（Whiplash Injury Lessening）
wilbur,"n. 威尔伯（男子名, 等于Wilber）"
wilcox,n. 威尔科特斯（姓氏）
wild,"n. 荒野, 荒地\na. 野性的, 野蛮的, 野生的, 失控的, 任性的, 杂乱的, 轻率的, 狂热的, 疯狂的\nadv. 狂暴地, 失控地"
wildcard,"n. 通配符, 百搭牌\n[计] 通配符"
wildcats,n. 野猫( wildcat的复数形式 ); 脾气暴躁的人
wilde,n. 王尔德（姓氏）
wilder,v. (使)迷失
wilderness,"n. 荒野, 荒地, 大量"
wildest,狂热的\n荒凉的（wild 的最高级）
wildfire,"n. (古时战争时所用的)燃料剂, 磷火, 鬼火, 野火"
wildfires,"(wildfire 的复数) n. (古时战争时所用的)燃料剂, 磷火, 鬼火, 野火"
wildlife,n. 野生动植物
wildly,"adv. 狂暴地, 激动地, 狂热地, 鲁莽地, 轻率地"
wiley,威利（姓氏）
wilhelm,"n. 威廉（William的德语形式, 男子名）"
wilkes,n. 威尔克斯（南极洲地名）
wilkins,"n. 威尔金斯（姓氏, 英国生物物理学家）"
wilkinson,n. 威尔金森（姓氏）
will,"n. 意志, 决心, 意愿, 意向, 干劲, 遗嘱\nvt. 用意志的力量驱使, 决意, 愿意, 立遗嘱\nvi. 下决心, 愿意\naux. 将, 愿意, 必须"
willard,n. 威拉德（男子名）
willed,a. 有...意志的
william,"n. 威廉（男子名）；[常作W-][美俚]钞票, 纸币"
williams,n. 威廉姆斯（男子名）
williamsburg,n. 威廉斯堡（美国弗吉尼亚州东南部城市）
williamson,n. 威廉姆森（姓氏名）
willie,"n. 威利（男子名, William的昵称）"
willing,"a. 乐意的, 自愿的, 甘愿的"
willingly,"adv. 自动地, 欣然地"
willingness,"n. 乐意, 心甘情愿, 愿意"
willis,"n. 威利斯（姓氏, 男名）"
willoughby,n. 威洛比(m.)
willow,"n. 柳树, 柳木制品\na. 柳树的, 柳木制的"
wills,n. 遗嘱；愿望（will的复数）
willy,n. 阴茎；阳物；柳树（等于willow）
wilmington,n. 威明顿市（美国城市）
wilson,n. 威尔逊（姓氏）
wilt,"v. (使)枯萎, (使)衰弱, (使)畏缩\nn. 枯萎, 衰弱, 憔悴"
wiltshire,n. 威尔特郡（英格兰南部的一郡）
wimbledon,"温布尔登[英国英格兰东南部城市](位于伦敦附近, 是著名的国际网球比赛地)"
win,"vt. 赢得, 打胜, 成功\nvi. 获胜, 达到, 影响\nn. 胜利, 赢, 收益"
winchester,[计] 温彻斯特
wind,"n. 风, 气息, 气味, 呼吸, 风声, 趋势, 空谈, 卷绕, 弯曲\nvt. 使通风, 嗅出, 使喘气, 吹号角, 上发条, 缠绕, 包, 绞起, 吊起, 使弯曲, 使迂回\nvi. 嗅出猎物, 吹响号角, 卷曲, 蜿蜒, 迂回, 缠绕"
winding,"n. 绕, 卷, 弯曲, 线圈\na. 蜿蜒的, 卷绕的, 弯曲的"
windmill,n. 风车
window,"n. 窗户, 窗子, 窗口\nvt. 给...开窗\n[计] 窗口"
windows,n. 微软公司生产的“视窗”操作系统
winds,n. 风( wind的名词复数 ); 呼吸; （随食物或饮料）吞下的气; （管弦乐团的）管乐器\nv. 缠绕( wind的第三人称单数 ); 卷绕; 转动（把手）; 给…上发条
windshield,n. 挡风玻璃\n[电] 风遮蔽
windsor,"n. 温莎（地名, 伦敦西方的城市）"
windy,"a. 多风的, 风强的, 腹胀的, 吹牛的"
wine,"n. 葡萄酒, 果酒, 暗红色\nv. (请)喝酒"
winery,n. 葡萄酒厂
wines,n. 葡萄酒；令人沉醉的东西（wine的复数）
wing,"n. 翅膀, 翼, 机翼, 派别\nvt. 给...装上翼, 飞过, 使飞, 空运, 增加...速度\nvi. 飞行"
winged,"a. 有翼的, 高速的, 迅速的, 飞行的, 翼受伤的"
winger,n. 边锋
wingers,n. （足球）侧翼运动员( winger的复数形式 )
wings,"n. 舞台两侧, 侧景"
wink,"n. 眨眼, 使眼色, 瞬间\nvi. 眨眼, 使眼色, 闪烁\nvt. 眨"
winner,"n. 胜利者, 优胜者\n[法] 取胜者"
winners,n. 成功者（winner的复数）
winnie,n. 维尼（迪斯尼卡通角色名）；温妮（人名）
winning,"n. 胜利, 获得, 成功, 赢得物\na. 得胜的, 胜利的"
winnings,n. 赢得的钱
winnipeg,n. 温尼伯（加拿大城市）
wins,abbr. 视窗网际网路名称服务（Windows Internet Name Server）
winslow,n. 温斯洛（男子名）
winston,"n. 温斯顿（姓氏, 男子名）"
winter,"n. 冬季, 萧条期, 衰退期\na. 冬天的\nvt. 使度过冬天\nvi. 过冬"
winters,n. 温特斯（加利福尼亚州城市）；温特斯（美国警察剧系列）
wipe,"n. 擦拭, 用力打, 凸轮\nvt. 擦, 揩, 消灭, 涂上, 拭去\nvi. 擦, 打"
wiped,v. 擦( wipe的过去式和过去分词 ); 拭; 擦去; 拭去
wipes,n. 抹布( wipe的名词复数 ); （湿）纸巾\nv. 擦( wipe的第三人称单数 ); 拭; 擦去; 拭去
wiping,n. 擦拭；[航]消磁
wire,"n. 电线, 电报, 电信, 铁丝网, 金属丝\nvt. 用金属丝捆扎, 拍电报\nvi. 打电报"
wired,"a. 以金属丝加强的, 接有电线的, 以铁丝围起的"
wireless,"n. 无线电\na. 无线的, 无线电的"
wires,n. 电线；线变形器（wire的复数）；小五金；网格
wiring,"n. 线路, 接线\n[计] 布线"
wis,vt. 知道；以为
wisconsin,n. 威斯康星
wisdom,"n. 智慧, 明智行为, 学识, 名言, 贤人"
wise,"a. 明智的, 慎虑的, 聪明的, 博学的, 狡猾的, 机灵的\nvi. 知道\nvt. 教导, 告诉, 劝导\nn. 方法, 方式\n[计] 教育信息系统"
wisely,"adv. 聪明地, 精明地"
wiser,a. 贤明的；聪明的
wish,"n. 希望, 愿望, 祝愿, 命令, 请求\nvt. 愿, 想要, 希望, 祝愿\nvi. 希望"
wished,"v. <正>希望, 想要, 但愿( wish的过去式和过去分词 ); 祝愿; 盼望, 企求, 想要"
wishes,"n. （书信或贺卡等中的）祝愿( wish的名词复数 ); 渴望; 希望的事; 许愿\nv. <正>希望, 想要, 但愿( wish的第三人称单数 ); 祝愿; 盼望, 企求, 想要"
wishful,"a. 愿望的, 渴望的, 一厢情愿的"
wishing,"n. 期盼着, 希望；愿望"
wit,"n. 机智, 智力, 头脑, 理智, 妙语, 机智的人"
witch,"n. 巫婆, 女巫\nvt. 施巫术, 迷惑"
witchcraft,"n. 巫术, 魔法, 魔力"
witches,n. 魔女；女巫（witch的复数）
with,"prep. 和...在一起, 以, 由于"
withdraw,"vt. 撤回, 取回, 撤消, 使撤退, 拉开, 移开\nvi. 撤退, 离开"
withdrawal,"n. 提款, 撤退, 退回, 撤消, 退隐, 戒毒过程\n[医] 戒除, 脱瘾"
withdrawals,"n. 收回, 取回, 撤回( withdrawal的复数形式 ); 撤退, 撤走; 收回[取回, 撤回, 撤退, 撤走]的实例; 推出（组织）, 提走（存款）, 戒除毒瘾, 对说过的话收回, 孤僻"
withdrawing,v. 拆下；取出；后退；回收（withdraw的现在分词）
withdrawn,withdraw的过去分词
withdrew,withdraw的过去式
withheld,v. 保留；扣留；抑制（withhold的过去式）
withhold,"vt. 使停止, 扣留, 保留, 拒给\nvi. 克制, 忍住"
withholding,n. 扣缴税款
within,"n. 内部, 里头\nadv. 在内部, 在内心里\nprep. 在...之内"
without,"prep. 没有, 不, 在...之外\nadv. 在外面, 户外\nn. 外面, 外部"
withstand,"vt. 抵住, 顶住, 经得起"
witness,"n. 证人, 目击者, 证据, 证词\nvt. 目击, 作证, 证明, 表明\nvi. 作证人, 作为证据"
witnessed,v. 作证( witness的过去式和过去分词 ); 表示; （摆证据）…就是证据; 是…的迹象
witnesses,n. 目击者( witness的名词复数 ); 证词; 见证（以言行证实信仰）; 见证人\nv. 作证( witness的第三人称单数 ); 表示; （摆证据）…就是证据; 是…的迹象
witnessing,"[法] 作证, 证明, 确认"
wits,"n. 机智, 智慧"
witty,"a. 富于机智的, 诙谐的"
wives,妻
wiz,"n. 奇才,能手, 行家"
wizard,"n. 男巫, 术士, 奇才\na. 男巫的, 巫术的\n[计] 向导"
wizards,n. 向导( Wizard的复数形式 ); （尤指故事中的）男巫( wizard的复数形式 ); 术士; <褒>有特殊才干的人; 奇才\nv. 向导( Wizard的第三人称单数 )
wm,abbr. 水表（water flowmeter）；威廉（William）
wo,abbr. 准尉军官（warrant officer）；陆军部（war office）
woe,"n. 悲哀, 悲痛, 苦痛"
woes,n. 困境( woe的复数形式 ); 悲伤; 我好苦哇; 某人就要倒霉
woke,wake的过去式和过去分词
woken,wake的过去分词
wolf,"n. 狼, 残忍贪婪之人, 极度穷困\nvt. 狼吞虎咽, 大吃"
wolfe,"n. 乌尔夫（姓氏, 男子名）"
wolff,n. (Wolff)人名；(波、芬、瑞典、德、匈、法、罗、荷、英)沃尔夫\n沃尔夫
wolfgang,n. 沃尔夫冈（男子名）
wolverine,"n. [动]狼獾,豹熊,狼獾皮"
wolves,"狼, 狼皮, 残暴成性的人, 贪婪的人, 阴险狡猾的人, (贬)追逐女性的人, 色狼, 色鬼"
woman,"n. 女人, 妇女, 女仆\na. 女用的, 女性的, 妇女的\nvt. 贬称...为女人, 使成女人腔"
womb,"n. 子宫, 发源地\n[医] 子宫"
women,pl. 女人
womens,n. woman的变形；woman 的复数
won,win的过去式和过去分词
wonder,"n. 奇迹, 惊奇, 惊愕\nvt. 惊奇, 想知道\nvi. 惊讶, 怀疑"
wondered,vt. 对…感到好奇（wonder的过去式与过去分词形式）
wonderful,"a. 令人惊奇的, 奇妙的, 极好的"
wonderfully,adv. 惊人地；极好地；精彩地
wondering,"a. 觉得奇怪的, 疑惑的"
wonderland,"n. 奇境, 仙境, 非常奇妙的地方"
wonders,n. 奇观（wonder复数）
wondrous,a. 令人惊奇的
wong,n. 王（姓氏）；黄（姓氏）；汪（姓氏）
wont,"n. 习惯\na. 惯常的, 易于...的\nvi. 习惯\nvt. 使习惯于"
woo,"vt. 追求, 向...求爱, 恳求\nvi. 求爱, 央求"
wood,"n. 木材, 木制品\nvt. 植林于, 给...添加木柴\nvi. 收集木材"
wooded,a. 树木繁茂的
wooden,"a. 木制的, 呆笨的, 木然的"
woodland,"n. 林区, 林地"
woodlands,n. 木林黄昏（歌曲名）
woodrow,n. 伍德罗（男子名）
woods,"n. 森林, 树林"
woodstock,n. 伍德斯托克音乐节（每年8月在纽约州东南部Woodstock举行的摇滚音乐节）
woodward,n. 森林管理员
woodwork,"n. 木制品, 木制家具, 木工手艺, 木工活, 房屋内的木建部分"
woody,"a. 多树木的, 木质的"
woof,"n. 纬线, 织物, 基本成分, 低吠声, 低鸣声"
wool,"n. 羊毛, 毛织物, 毛线, 绒线\n[医] 羊毛, 绒毛, 棉[花]"
woolf,n. 伍尔夫（英国作家）；伍尔夫（姓氏）
worcester,伍斯特(①姓氏 ②英国城市 ③美国城市)
word,"n. 话, 消息, 词, 诺言, 命令\nvt. 用言辞表达\n[计] 字"
worded,"vt. 措辞, 用词（word的过去式与过去分词形式）"
wording,"n. 用词, 措词"
wordpress,n. 博客系统（软件名）
words,n. 言语；话语；字（word的复数）
wore,wear的过去式和过去分词
work,"n. 工作, 劳动, 职业, 行为, 功, 作品, 成果, 产品, 工程\nvi. 工作, 劳动, 做, 运转, 起作用, 被加工\nvt. 使工作, 使转动, 开动, 使用, 经营, 使逐渐变得, 造成"
workable,"a. 可经营的, 可使用的\n[机] 能工作的, 机械等能使用的, 材料等可加工的"
worked,work的过去式和过去分词
worker,"n. 工人, 劳动者\n[经] 工人, 劳工, 劳动者"
workers,"n. 工人, 人员；角色（worker复数形式）"
workflow, 工作流程
workforce,"n. 劳动力；工人总数, 职工总数"
workin,n. 工人接管；不按章工作；到校罢课
working,"n. 工作, 运转, 劳动\na. 工作的, 劳动的, 经营的, 抽搐的, 运转的"
workings,"n. 工作方式, 作用, 活动方式"
workload,n. 工作量\n[化] 工作量
workmanship,"n. 手艺, 技巧\n[化] 技巧; 制造工艺"
workout,"n. 试验, 试用, 锻炼"
workouts,"n. <非正>（尤指体育的）训练, 赛前集训（时间）( workout的复数形式 )"
workplace,"n. 工作场所, 工厂, 车间"
workplaces,"n. 工作场所, 工厂, 车间( workplace的复数形式 )"
works,"n. 工程, 工厂, 工事, 活动部件, 机件, 著作, 作品, 善行, 德行\n[机] 工厂, 工场"
workshop,"n. 工场, 车间, 研讨会\n[计] 讨论会; 专题研究组"
workshops,n. 专题讨论会( workshop的名词复数 ); 车间; 工作坊; 研究会
world,"n. 世界, 地球, 宇宙, 万物, 世人, 人间, 领域, 世事, 世故, 社会生活, 大量\n[法] 世界, 地球, 世人"
worldly,"a. 世间的, 世俗的, 世上的"
worlds,n. 世界( world的复数形式 ); 人世; 世间; 尘世
worldview,n. 看; 视力; 观点; 目的
worldwide,a. 全世界的
worm,"n. 虫, 蠕虫, 小人物, 螺纹, 蜗杆\nvi. 蠕行, 慢慢前进\nvt. 使蠕行, 慢慢地走, 除虫\n[计] 蠕虫病毒"
worms,n. 蠕虫（worm的复数）
worn,"a. 用旧的, 穿旧的\nwear的过去分词"
worried,"a. 担心的, 闷闷不乐的"
worries,"n. 忧虑, 担心；烦恼"
worry,"n. 担心, 烦恼, 忧虑, 苦恼, 撕咬\nvt. 使烦恼, 使焦虑, 使苦恼, 困扰, 折磨, 撕咬\nvi. 烦恼, 担心, 撕咬"
worrying,"a. 使人烦恼的, 忧虑重重的"
worse,"n. 更坏的事, 更恶劣的事, 败局\na. 更坏的, 更恶劣的\nadv. 更坏地, 更恶劣地"
worsened,"v. （使）变得更坏, （使）恶化( worsen的过去式和过去分词 )"
worsening,"v. （使）变得更坏, （使）恶化( worsen的现在分词 )"
worship,"n. 崇拜, 礼拜, 尊敬\nvi. 参加礼拜\nvt. 崇拜, 尊敬"
worshipped,"n. ☉对神的崇拜(或崇敬)；礼拜；礼拜仪式\nvt. 崇拜, 崇敬, 敬仰：；爱戴；爱慕\nvi. 做礼拜, 敬神, 拜神："
worst,"n. 最坏, 最坏的时候\na. 最坏的, 最恶劣的, 最不利的\nadv. 最坏, 最糟"
worth,"n. 价值, 财产\na. 值...的, 值得的"
worthington,"n. 沃辛顿（英格兰人名）\n沃辛顿（地名, 在英国）"
worthless,"a. 无价值的, 无益的, 无足轻重的\n[法] 无价值的, 无用的"
worthwhile,"a. 值得花时间的, 值得做的, 有真实价值的"
worthy,"n. 杰出人物\na. 有价值的, 可敬的, 值得的"
would,"aux. 将, 愿意"
wound,"n. 创伤, 伤口, 伤疤, 伤害, 痛苦\nvt. 伤害, 损害, 使受伤\nvi. 打伤, 伤害\nwind的过去式和过去分词"
wounded,"a. 受伤的\n[法] 受伤者; 受伤的, 受了损害的"
wounding,[法] 伤害
wounds,"n. 枪伤, 伤处（wound复数）"
woven,weave的过去分词
wow,"interj. (非正式)哇\nn. 巨大的成功, 轰动一时的成功, 十分有趣的事物\n[计] WIn32上的Windows"
wp,"[计] 字处理, 工作区指示字"
wr,[计] 写入
wrap,"n. 外套, 围巾, 包裹物, 限制, 约束, 秘密, 换行\nvt. 包装, 卷, 缠绕, 包, 裹, 覆盖, 遮蔽, 隐藏, 掩护\nvi. 缠绕, 穿外衣, 包起来\n[计] 换行"
wrapped,a. 有包装的
wrapper,"n. 包装者, 包裹者, 包装物, 覆盖物, 外包烟叶, 包纸, 书的封皮, 妇女晨衣\n[医] 包裹料"
wrapping,n. 用于包裹的材料\n[计] 绕接
wraps,n. 外衣；书刊检查；披肩（wrap的复数形式）
wrath,"n. 愤怒, 激怒, 愤怒的举动, (自然现象等)严酷"
wreath,"n. 花圈, 花环, 圈状物\n[医] 花冠, 花冠体(细胞核分裂的一时期)"
wreck,"n. 失事, 残骸, 破坏\nvt. 使失事, 拆毁, 破坏\nvi. (船)失事, 营救失事船只"
wreckage,"n. 残骸, 失事, 破坏\n[经] (船双等的)失事遭难"
wrecked,"a. 失事的（船）；迷幻的, 兴奋的"
wrecking,"n. 失事, 营救难船\n[经] 打捞公司, (拆除旧屋的)拆除公司"
wrecks,"n. 沉船( wreck的名词复数 ); （事故中）遭严重毁坏的汽车（或飞机等）; （身体或精神上）受到严重损伤的人; 状况非常糟糕的车辆（或建筑物等）\nv. 毁坏[毁灭]某物( wreck的第三人称单数 ); 使（船舶）失事, 使遇难, 使下沉"
wren,n. 鹪鹩
wrench,"n. 扳钳, 扳手, 扭伤, 歪曲, 痛苦\nvt. 猛扭, 扭伤, 曲解, 折磨\nvi. 猛扭, 猛绞"
wrenching,n. 苗木铲根；修截苗根
wrestle,"n. 摔跤, 角力, 扭斗\nvi. 摔跤, 搏斗, 斗争, 斟酌\nvt. 与(对手)摔跤"
wrestled,v. （与某人）搏斗( wrestle的过去式和过去分词 ); 扭成一团; 扭打; <体>（与…）摔跤
wrestlemania, 摔角狂热
wrestler,n. 摔跤选手
wrestlers,"n. 摔跤选手, 扭斗者, 搏斗者( wrestler的复数形式 )"
wrestling,n. 摔跤
wretched,"a. 可怜的, 不幸的, 卑鄙的"
wright,"n. 制作者, 工人"
wrinkle,"n. 皱纹, 妙计, 方法, 技巧\nvi. 起皱\nvt. 使起皱纹"
wrinkles,n. 皱纹；皱褶（wrinkle的复数形式）
wrist,"n. 手腕, 腕关节\n[医] 腕"
wrists,"n. 腕, 腕关节( wrist的复数形式 )"
writ,"n. 令状, 文书, 文件, 书面命令\n[经] 法院命令"
write,"vt. 书写, 著述, 写, 写满, 写信给\nvi. 写, 写字, 写信, 写作, 作曲\n[计] 书写器"
writer,"n. 作家, 撰稿者, 抄写员\n[化] 记录器"
writers,n. 作家；作者（writer的复数）
writes,v. 写( write的第三人称单数 ); 写信
writing,"n. 书写, 著作, 笔迹, 作品\n[医] 书写"
writings,"n. 作品, 篇章（writing的复数形式）"
written,"a. 书面的, 写成文字的\nwrite的过去分词"
wrong,"a. 错误的, 不正当的, 失常的\nadv. 错误地"
wrongdoing,"n. 干坏事, 坏事"
wronged,"a. 被委屈, 被伤害, 被错怪\nv. 不公正（或不诚实）对待, 冤枉( wrong的过去式和过去分词 )"
wrongful,"a. 不正当的, 不法的, 不讲道理的\n[法] 错误的, 不正当的, 伤害的"
wrongly,"adv. 错误地, 不恰当地, 不正确地, 不正直地, 不公正地"
wrongs,"n. 罪过( wrong的名词复数 ); 不义的行为; 不义行为; 犯罪\nv. 不公正（或不诚实）对待, 冤枉( wrong的第三人称单数 )"
wrote,write的过去式
wrought,"a. 制成的, 精细的\nwork的过去式和过去分词"
ws,"[计] 工作区, 工作存储器, 工作站"
wt,"[计] 字终端, 预查"
wtf,abbr. 世界跆拳道联盟（World Taekwondo Federation）；世界旅游资源博览会（World Travel Fair）
wto,[计] 给操作员送信息
wu,abbr. 西联（Western Union）；工作单位（Work Unit）；武汉航空公司
wv,abbr. 工作电压（Working Voltage）；西弗吉尼亚（West Virginia）
ww,abbr. 栈单（Warehouse Warrant）
wwe,abbr. 美国职业摔角（World Wrestling Entertainment）
wwf,abbr. 世界野生动物基金（World Wildlife Fund）；世界摔跤联合会（World Wrestling Federation）；雨天流量（Wet-Weather Flow）
wwi,abbr. whirlwind computer 旋风式计算机
www,"[计] 全球信息网, WWW浏览器"
wyatt,"n. 怀亚特（男子名, 等于Wyat）"
wynn,n. 永利（酒店名）
wyoming,n. 怀俄明
xanax,n. 阿普唑仑（药名）；赞安诺；相呐斯（镇静剂）；性药名
xavier,n. 泽维尔（男子名）
xbox,n. 微软游戏机
xd,abbr. 无红利（ex-dividend）
xi,n. 希腊字母的第14个字母；粒子（等于xi particle）
xiao,箫
xii,num. 罗马数字 12
xiii,num. 罗马数字 13
xinjiang,新疆(位于中国西北部)
xiv,num. 罗马数字 14
xl,abbr. 特大号（extra large）
xmas,n. 圣诞节
xml,abbr. 可扩展标示语言（Extensive Makeup Language）
xo,abbr. 藏窖年份40-75年的白兰地规格（extra old）
xp,abbr. 加快费已付（Express Paid）；运用优先权（Exercise Priority）
xs,[计] 余三码
xu,n. 北越货币单位；许（姓氏）
xv,n. 罗马数字之十五；十五人组成的球队
xvi,num. 罗马数字 16
xx,"abbr. 血型（xue xing, 汉语拼音）"
xxx,num. 罗马数字30
ya,abbr. 年轻人（young adult）；偏航轴（yaw axis）
yacht,"n. 快艇, 游艇\nvi. 驾游艇, 乘游艇"
yachts,"n. 快艇, 帆船, 游艇( yacht的名词复数 )"
yah,interj. (表示嘲笑、厌恶的)唷
yahoo,"n. 人面兽心的人, 乡愚, 粗汉"
yak,"n. 牦牛, 饶舌, 连篇废话\nvi. 饶舌, 喋喋不休, 放声大笑"
yale,n. 耶鲁
yamaha,n. 雅马哈（山叶）商标
yan,n. 雁鸣声；泰国龙脑香
yang,n. 杨（姓氏）
yankee,"n. (美国的)新英格兰人, (美国)北方诸州的人, 美国佬"
yankees,扬基债
yao,n. 尧（传说中的中国古代父糸氏族社会后期部落联盟领袖）
yard,"n. 码, 庭院, 工场\n[化] 堆置场"
yards,n. 码数（yard复数形式）
yarn,"n. 纱, 纱线, 故事\n[化] 纱"
yates,n. (Yates)人名；(英)耶茨
yay,int. 哇（因高兴而欢呼）
ye,"abbr. 亚萨卡, 乒乓底板（Yasaka Extra）；酵母抽提物（Yeast Extracts）"
yea,"n. 肯定, 赞成, 赞成票\n[法] 赞成票, 投赞成票者, 赞成者"
yeah,"adv. (非正式)是, 是的"
year,"n. 年, 年度, 年龄\n[经] 年度"
yearbook,n. 年鉴
yearly,"a. 每年的, 一年一度的\nadv. 一年一次, 每年"
yearning,"n. 渴望, 热望, 怀念\na. 热望的, 渴望的, 怀念的, 向往的"
years,n. 年代；岁月；年；年龄
yeast,n. 酵母\n[化] 酵母
yee,n. 仪；绮（女子名）
yeh,adv. 是（等于yes）
yell,"vi. 叫喊, 大叫, (齐声)呐喊欢呼\nvt. 喊叫着说\nn. 叫声, 喊声, 呐喊"
yelled,"v. 叫喊, 号叫, 叫着说( yell的过去式和过去分词 )"
yelling,"v. 叫喊, 号叫, 叫着说( yell的现在分词 )"
yellow,n. 黄色\na. 黄色的
yellowish,"a. 淡黄的, 微黄的"
yellowstone,n. 黄石河
yells,"v. 叫喊, 号叫, 叫着说( yell的第三人称单数 )"
yelp,"n. 尖声急叫, 狺吠, 叫喊声\nvi. 尖声急叫, 叫吠, 叫喊\nvt. 叫喊着说"
yemen,n. 也门
yemeni,"n. 也门人\na. 也门的, 也门人的"
yen,"n. 日元(日本货币单位), 渴望, 嗜好\nvi. 渴望"
yep,adv. 是（美国俚语=yes）
yer,pron. [俚]你的（等于your）
yes,"adv. 是\nn. 是, 同意\nv. 同意"
yesterday,n. 昨天\nadv. 昨天
yet,"adv. 还, 尚, 仍然, 已经, 然而\nconj. 然而"
yi,n. 彝人；彝语
yield,"n. 生产量, 投资收益\nvt. 出产, 给予, 让出, 放弃, 使屈服\nvi. 出产, 屈服, 投降, 倒塌"
yielded,"vt. 屈服, 投降（yield的过去式与过去分词形式）"
yielding,"a. 生产的, 屈从的, 柔顺的, 易弯曲的\n[化] 屈服"
yields,"n. 生产量, 投资效益（yield的复数形式）"
yikes,int. <口>[表示惊讶]呀!
yin,n. 中国思想里的“阴”（与“阳”相对）；中国的殷代；（苏格兰）一个（等于one）
ying,abbr. Yinglish （在美国讲的）搀杂意第绪语词语的英语，意第绪式英语（的）
ymca,abbr. 基督教青年会（Young Men's Christian Association）
yo,"int. 唷（表示鼓励, 警告）；嗨（表示应答）"
yoda,尤达（人名）
yoga,n. 瑜珈
yogi,"n. 瑜伽派教师, 教瑜伽功者"
yogurt,n. 酸乳酪\n[医] 酸乳
yoke,"n. 轭, 牛轭, 束缚\nvt. 给...上轭, 连接, 结合, 使匹配\nvi. 结合, 匹配\n[计] 磁轭; 磁头组; 偏转线圈"
yoko,n. 韩国伊可服饰
yong,n. 勇（汉语拼音）
yoo,n. (Yoo)人名；(朝)见 Yu
yoon,"n. 尹, 允（朝鲜族人名用字）"
york,n. 约克郡；约克王朝
yorker,n. 贴板球
yorkers,"n. (板球中投手投出的球恰好落在击球员前面的)脚前球, 球板前球"
yorkshire,"n. 约克郡, 约克王朝"
yoruba,n. (非洲)约鲁巴人[语]
yosemite,(=National Park) (美国加利福尼亚州中部)约塞米蒂国家公园
you,"pron. 你, 你们"
young,"a. 年轻的, 无经验的, 朝气蓬勃的\nn. 青年们, 幼小动物, 崽"
younger,n. 年纪较小者\na. 较年轻的
youngest,"n. 年纪最小的人, 最小的儿子/女儿\n[计] 最近期的"
youngster,"n. 小孩, 年轻人, 少年\n[法] 儿童, 少年, 青年"
youngsters,n. 孩子( youngster的复数形式 ); 少年; 青年; 年轻人
your,"pron. 你的, 你们的"
yours,"pron. 你的(东西), 你们的(东西)"
yourself,pron. 你自己
yourselves,pron. 你们自己
youth,"n. 年轻, 青年时代, 青年们, 青春\n[法] 青年, 青年时期, 青春时期"
youthful,"a. 年轻的, 青年的\n[法] 青年的, 年轻的"
youths,"年轻, 青年时代, 青年们, 青春"
youtube,n. 视频网站（可以让用户免费上传、观赏、分享视频短片的热门视频共享网站）
youtuber,油管人（频繁使用视频分享网站YouTube的用户，特别是自己制作视频并且出镜的人们）
yr,[计] 年\n[经] 年
yrs,abbr. 年（years）；你们的（yours）
yt,[医] 钇(39号元素)
yu,n. 禹（传说的中国古代圣君）
yuan,n. 元(中国货币单位)\n[经] 元
yugoslavia,n. 南斯拉夫\n[经] 南斯拉夫
yukon,[医] 重电子
yum,int. 极好的；妙的；美味的
yummy,"a. 美味的, 可口的, 赏心悦目的, 愉快的"
yun,abbr. 南斯拉夫货币名称的缩写
yung,n. 容
yup,int. [俚]是的（等于yes）
yuri,n. 尤里（男子名）；坂崎由莉（游戏拳皇中的女性角色）
yusuf,n. (Yusuf)人名；(土、哈萨、塔吉、吉尔、土库、巴基、索)优素福
yves,"n. （法）伊夫（男子名, 涵义为法律的守护神）"
yvonne,n. 伊冯(f.)
za,n. 南非
zac,n. 扎克（男子名）
zach,"n. 扎克(Zachary,Zachariah的昵称, 亦作Zack,Zak)(m.)"
zachary,"n. 圣扎迦利（等于Zacharias, Saint）；扎卡里（男子名）"
zack,n. [澳]六便士之硬币
zambia,n. 赞比亚\n[经] 赞比亚
zane,n. 赞恩（John的异体）
zara,n. 扎拉（南斯拉夫西部港市扎达尔）；西班牙一品牌
zeal,"n. 热心, 热衷, 热诚"
zealand,n. 西兰岛（丹麦最大的岛）
zebra,n. 斑马
zee,n. （美）英语字母Z和z；Z形物
zeke,n. 齐克（男子名）
zelda,"n. 塞尔达（女子名, 等于Griselda）"
zen,n. 禅宗
zenith,n. 顶点；最高点；顶峰
zeppelin,n. 齐柏林飞船
zero,"n. 零, 零点, 零度, 无, 乌有, 最低点\na. 零的, 没有的\nvt. 调零, 对(炮火等)作协调校正\n[计] 零"
zest,"n. 兴趣, 热情, 风味, 热心\nvt. 给...调味"
zeus,n. 宙斯
zhang,"n. 张, 章（中国姓氏）"
zhao,n. 赵（姓氏）
zhou,n. 周（中国姓氏）；周朝（中国古代王朝）
zhu,n. 朱（姓氏）
zimbabwe,n. 津巴布韦
zimmer,"n. 齐默（商标名）, 年老、体 弱者使用的助行金属架"
zimmerman,n. 齐默尔曼（姓氏）
zinc,n. 锌\nvt. 镀锌于
zion,"n. 锡安山；耶路撒冷；基督教会；天国, 天堂"
zionism,n. 犹太复国主义
zionist,n. 犹太复国主义者\na. 犹太复国主义者的
zip,"n. 尖啸声, 拉链, 活力\nvt. 给...以速度, 使增加活力, 拉(拉链)\nvi. 有力而迅速地行动, 嘘嘘地响, 拉拉链"
zipper,n. 拉链
zodiac,"n. 黄道带, 黄道十二宫图"
zoe,n. 生命
zombie,"n. 蛇神, 起死回生的魔力, 僵尸, 回魂尸, (美)鸡尾酒, 木鸡, 讨厌的家伙\n[计] 僵尸"
zombies,"n. （某些非洲和加勒比地区的宗教及恐怖故事中）靠巫术起死回生的僵尸( zombie的复数形式 ); 无生气的人, 麻木迟钝的人"
zone,"n. 地带, 带, 地区\nvt. 环绕, 使分成地带\nvi. 分成区\n[计] 卡片顶部的三行区; 区; 区域"
zoned,"a. 佩带象征处女的环带的, 划成区带的, 处女(般)的"
zones,"n. 区域；尺度, 地带（zone的复数）"
zoning,n. 分区制\n[医] 带现象(补体结合)
zoo,n. 动物园
zoology,"n. 动物学, 动物区系\n[医] 动物学"
zoom,"n. 急速上升, 变焦摄影, 嗡嗡声\nvi. 猛增, 急速上升, 摄象机移动\nvt. 使摄象机移动\n[计] 缩放"
zoos,n. 动物园( zoo的复数形式 )
zu,n. 巴比伦神话中的风雨神
zuckerberg,扎克伯格
zulu,n. 祖鲁语；祖鲁人
zuma, 祖玛
zur,abbr. Zurich 苏黎世; Zurigo (Italian=Zurich) （意大利语）苏黎世; Zurab 祖拉勃（男子名）; Zurr 祖尔（姓氏）
zurich,n. 苏黎士
