german_lower,display,note,sense_index,simplified
aal,Aal,S,0,鲡
aal,Aal,S,1,鳝鱼
aal,Aal,S,2,鳝
aal,Aal,S,3,海鳗类
aalen,aalen,V,0,混日子
aas,Aas,S,0,腐肉
aas,Aas,S,1,死肉
abarbeiten,abarbeiten,V,0,做完
abartig,abartig,Adj,0,古怪
abartig,abartig,Adj,1,怪异
abbild,Abbild,S,0,心想
abbild,Abbild,S,1,印像
abbild,Abbild,S,2,想像
abbild,Abbild,S,3,肖像
abbild,Abbild,S,4,相似的事物
abbild,Abbild,S,5,图像
abbild,Abbild,S,6,影像
abbild,Abbild,S,7,心像
abbild,Abbild,S,8,映像
abbremsen,abbremsen,V,0,降速
abdecken,abdecken,V,0,揞
abdecken,abdecken,V,1,涂盖
abdeckung,Abdeckung,S,0,罩
abdeckung,Abdeckung,S,1,保护层涂层
abdeckung,Abdeckung,S,2,遮盖
abdeckung,Abdeckung,S,3,覆盖面
abendbrot,Abendbrot,S,0,晚餐
abendkleid,Abendkleid,S,0,夜礼服
abendmahl,Abendmahl,S,0,最后晚餐
abendzeitung,Abendzeitung,S,0,晚报
abenteurer,Abenteurer,S,0,骗徒
abenteurer,Abenteurer,S,1,探险家
abenteurer,Abenteurer,S,2,冒险家
abenteurer,Abenteurer,S,3,投机者
aberglaube,Aberglaube,S,0,迷信
abfallen,abfallen,V,0,落叶
abfallen,abfallen,V,1,减退
abfangen,abfangen,V,0,拦截
abfangen,abfangen,V,1,记着
abfindung,Abfindung,S,0,解雇金
abflug,Abflug,S,0,飞走
abflug,Abflug,S,1,飞散
abflug,Abflug,S,2,移去
abfluss,Abfluss,S,0,流出物
abfluss,Abfluss,S,1,窦
abfluss,Abfluss,S,2,外流
abfluss,Abfluss,S,3,渠
abfolge,Abfolge,S,0,世袭
abfuhr,Abfuhr,S,0,拒绝
abfuhr,Abfuhr,S,1,失利
abführen,abführen,V,0,上缴
abführen,abführen,V,1,通便
abführen,abführen,V,2,拘提
abführen,abführen,V,3,上交
abführen,abführen,V,4,轻泻药
abgang,Abgang,S,0,离职
abgang,Abgang,S,1,尾矿
abgang,Abgang,S,2,走开
abgang,Abgang,S,3,驶离
abgebogen,abgebogen,Adj,0,拐弯处
abgebrochen,abgebrochen,V,0,断裂的
abgegrenzt,abgegrenzt,Adj,0,隔离
abgehen,abgehen,V,0,松掉
abgeklärt,abgeklärt,Adj,0,有涵养
abgelehnt,abgelehnt,Adj,0,拒绝了
abgeleitet,abgeleitet,Adj,0,支囊
abgemacht,abgemacht,Adj,0,已决定
abgeneigt,abgeneigt,Adj,0,厌恶
abgeneigt,abgeneigt,Adj,1,厌恶
abgeneigt,abgeneigt,Adj,2,不感兴趣
abgeordnetenhaus,Abgeordnetenhaus,S,0,众议员
abgeordneter,Abgeordneter,S,0,簉
abgerundet,abgerundet,Adj,0,倒圆角
abgerundet,abgerundet,Adj,1,倒圆角的
abgesenkt,abgesenkt,Adj,0,降下
abgesetzt,abgesetzt,Adj,0,澄清的
abgespielt,abgespielt,Adj,0,因经常反映
abgetan,abgetan,Adj,0,解决了
abgetan,abgetan,Adj,1,完了
abgetan,abgetan,Adj,2,完结了
abgewählt,abgewählt,Adj,0,在选举中获胜
abgewählt,abgewählt,Adj,1,选出
abgrenzung,Abgrenzung,S,0,定界
abgrenzung,Abgrenzung,S,1,定界线
abgrenzung,Abgrenzung,S,2,限界
abgrenzung,Abgrenzung,S,3,划界
abhaken,abhaken,V,0,打钩
abhaken,abhaken,V,1,打上叉
abhanden,abhanden,Adv,0,沦丧
abhang,Abhang,S,0,下斜
abhang,Abhang,S,1,下坡
abhang,Abhang,S,2,陀
abhang,Abhang,S,3,斜坡
abhauen,abhauen,V,0,切开
abhauen,abhauen,V,1,逃命
abheben,abheben,V,0,飞离
abheben,abheben,V,1,太自负
abheben,abheben,V,2,提起
abheben,abheben,V,3,揭
abheben,abheben,V,4,太敖
abheben,abheben,V,5,揭下
abheben,abheben,V,6,拿下
abheben,abheben,V,7,取走
abholung,Abholung,S,0,领取
abhängige,Abhängige,S,0,侍从
abhängige,Abhängige,S,1,吸毒成瘾者
abhängige,Abhängige,S,2,仆婢
abhängige,Abhängige,S,3,瘾君子
abhängige,Abhängige,S,4,依赖的人
abhängige,Abhängige,S,5,受扶养的人
abhängige,Abhängige,S,6,从属物
abhängige,Abhängige,S,7,从属的人
abhängigkeit,Abhängigkeit,S,0,使隶属
abhängigkeit,Abhängigkeit,S,1,放置在下级
abhängigkeit,Abhängigkeit,S,2,依赖性
abhängigkeit,Abhängigkeit,S,3,成瘾
abhören,abhören,V,0,窃听
abhören,abhören,V,1,监听
abhören,abhören,V,2,听取
abkühlen,abkühlen,V,0,使冷静下来
ablage,Ablage,S,0,存放处
ablassen,ablassen,V,0,放出
ablassen,ablassen,V,1,放去
ableger,Ableger,S,0,嫩枝
ablehnend,ablehnend,Adj,0,逆向
ableitung,Ableitung,S,0,微商
ableitung,Ableitung,S,1,导数
ableitung,Ableitung,S,2,引申
ableitung,Ableitung,S,3,漏泄
ableitung,Ableitung,S,4,渗漏
ableitung,Ableitung,S,5,衍生
ablenkung,Ablenkung,S,0,注意力不集中
ablenkung,Ablenkung,S,1,方向偏转
ablenkung,Ablenkung,S,2,转移
ablösung,Ablösung,S,0,支援
ablösung,Ablösung,S,1,转播
abmahnung,Abmahnung,S,0,警告
abmahnung,Abmahnung,S,1,谴责
abnehmer,Abnehmer,S,0,接受体
abonnement,Abonnement,S,0,认股
abpfiff,Abpfiff,S,0,口哨
abriss,Abriss,S,0,概论
abriss,Abriss,S,1,概括
abruf,Abruf,S,0,取道
abruf,Abruf,S,1,随叫随到
abruf,Abruf,S,2,给以打击
abruf,Abruf,S,3,随时可用
abruf,Abruf,S,4,离魂
abruf,Abruf,S,5,拾回猎物
abruf,Abruf,S,6,取来
abruf,Abruf,S,7,引出
abrufbar,abrufbar,Adj,0,可下载
abrufbar,abrufbar,Adj,1,可召回
abrufbar,abrufbar,Adj,2,可取回
abrüstung,Abrüstung,S,0,裁军
abrüstung,Abrüstung,S,1,裁减军备
abschaltung,Abschaltung,S,0,停止运作
abschaltung,Abschaltung,S,1,切断电路
abschaltung,Abschaltung,S,2,断路
abschaum,Abschaum,S,0,渣滓
abschaum,Abschaum,S,1,滓
abschaum,Abschaum,S,2,渣
abschicken,abschicken,V,0,寄出
abschlag,Abschlag,S,0,预付款
abschlag,Abschlag,S,1,预支款
abschleppen,abschleppen,V,0,泡妞
abschleppen,abschleppen,V,1,牵引
abschleppen,abschleppen,V,2,拖拉
abschlussbericht,Abschlussbericht,S,0,最终报告
abschlussbericht,Abschlussbericht,S,1,决算报告
abschlussprüfung,Abschlussprüfung,S,0,期末考试
abschreckend,abschreckend,Adj,0,阻碍
abschreckend,abschreckend,Adj,1,挽留
abseits,Abseits,S,0,越位
absetzung,Absetzung,S,0,澄清
absperrung,Absperrung,S,0,隔离
absperrung,Absperrung,S,1,障碍物
absprache,Absprache,S,0,一致意见
absprache,Absprache,S,1,契约
abstammung,Abstammung,S,0,血统
abstammung,Abstammung,S,1,先祖
abstammung,Abstammung,S,2,亲子关系
abstammung,Abstammung,S,3,族谱
abstammung,Abstammung,S,4,家世
abstimmung,Abstimmung,S,0,协调一致
abstimmung,Abstimmung,S,1,调律
abstimmung,Abstimmung,S,2,投票
abstinenz,Abstinenz,S,0,戒绝
absturz,Absturz,S,0,摔灾
absturz,Absturz,S,1,坠毁
abstürzen,abstürzen,V,0,坠毁
abstürzen,abstürzen,V,1,坠入
absurdität,Absurdität,S,0,可笑的事物
abtauchen,abtauchen,V,0,潜入水中
abtei,Abtei,S,0,僧院
abteilungsleiter,Abteilungsleiter,S,0,巡视员
abteilungsleiter,Abteilungsleiter,S,1,部门经理
abteilungsleiter,Abteilungsleiter,S,2,部门主管
abteilungsleiter,Abteilungsleiter,S,3,科室主任
abteilungsleiter,Abteilungsleiter,S,4,部门领导人
abteilungsleiter,Abteilungsleiter,S,5,课长
abteilungsleiter,Abteilungsleiter,S,6,处长
abteilungsleiter,Abteilungsleiter,S,7,基层管理者
abteilungsleiter,Abteilungsleiter,S,8,部门领导
abtrennung,Abtrennung,S,0,隔离
abtrennung,Abtrennung,S,1,分离的地方
abtretung,Abtretung,S,0,投降书
abtretung,Abtretung,S,1,投降
abwaschen,abwaschen,V,0,洗掉
abwechslung,Abwechslung,S,0,更换
abwechslungsreich,abwechslungsreich,Adj,0,变化多样
abwechslungsreich,abwechslungsreich,Adj,1,丰富多彩
abwechslungsreich,abwechslungsreich,Adj,2,富于变化
abwegig,abwegig,Adj,0,不恰当
abwegig,abwegig,Adj,1,歪路
abwehrspieler,Abwehrspieler,S,0,防卫者
abweichend,abweichend,Adj,0,离经叛道者
abweichend,abweichend,Adj,1,有误差
abwertend,abwertend,Adj,0,贬义的
abwickeln,abwickeln,V,0,退卷
abwischen,abwischen,V,0,抹掉
abwischen,abwischen,V,1,揩擦
abwischen,abwischen,V,2,擦刷
abwischen,abwischen,V,3,抹
abwägen,abwägen,V,0,称重
abwägen,abwägen,V,1,估产
abwägen,abwägen,V,2,估值
abwägen,abwägen,V,3,权衡过
abwägen,abwägen,V,4,称定
abwägen,abwägen,V,5,称量
abwägen,abwägen,V,6,加权
abwägen,abwägen,V,7,斟酌
abwägen,abwägen,V,8,推敲
abwägung,Abwägung,S,0,对价
abzeichen,Abzeichen,S,0,象徵
abzielen,abzielen,V,0,照料
abzielen,abzielen,V,1,倾
abzweig,Abzweig,S,0,支路
abzweigung,Abzweigung,S,0,岔路口
abzweigung,Abzweigung,S,1,交叉路口
account,Account,S,0,帐户
ach,ach,Interj,0,唉
achtelfinale,Achtelfinale,S,0,十六強賽
achtelfinale,Achtelfinale,S,1,八分之一决赛
achterbahn,Achterbahn,S,0,云霄飞车
achterbahn,Achterbahn,S,1,环行滑车
achterbahn,Achterbahn,S,2,过山车
ackerland,Ackerland,S,0,农地
adapter,Adapter,S,0,电话插头
adapter,Adapter,S,1,调整配
adapter,Adapter,S,2,适配器
adapter,Adapter,S,3,转接器
addition,Addition,S,0,加法
addition,Addition,S,1,加上
adelige,Adelige,S,0,贵族们
adjutant,Adjutant,S,0,副官
adler,Adler,S,0,鹰
adler,Adler,S,1,元金币
adler,Adler,S,2,飞鹰
adlige,Adlige,S,0,贵族
administration,Administration,S,0,行政机构
administrator,Administrator,S,0,行政官员
administrator,Administrator,S,1,管理员
admiral,Admiral,S,0,大将
admiral,Admiral,S,1,海军司令
admiral,Admiral,S,2,海军上将
admiral,Admiral,S,3,海军总司令
admiral,Admiral,S,4,舰队司令
adoptieren,adoptieren,V,0,收养
adoptieren,adoptieren,V,1,认养
adoptieren,adoptieren,V,2,过继
adoptiert,adoptiert,Adj,0,义
adoption,Adoption,S,0,收养
adoption,Adoption,S,1,过继
adressbuch,Adressbuch,S,0,地址簿
adventskalender,Adventskalender,S,0,圣诞挂历
adventskalender,Adventskalender,S,1,圣诞年历
adventszeit,Adventszeit,S,0,将临期
adäquat,adäquat,Adj,0,合适的
adäquat,adäquat,Adj,1,适宜
affen,Affen,S,0,猿猴
affinität,Affinität,S,0,亲和力
affinität,Affinität,S,1,亲和性
affront,Affront,S,0,冒犯
affront,Affront,S,1,公开侮辱
affront,Affront,S,2,轻蔑
afrikaner,Afrikaner,S,0,阿非利卡人
agieren,agieren,V,0,动
agieren,agieren,V,1,使混乱
agieren,agieren,V,2,使激动
agieren,agieren,V,3,行为
agieren,agieren,V,4,煽动
agitation,Agitation,S,0,宣传鼓动
aha,aha,Interj,0,哈哈
ahne,Ahne,S,0,先人
ahnungslos,ahnungslos,Adj,0,无疑虑
ahnungslos,ahnungslos,Adj,1,毫不疑心
ahorn,Ahorn,S,0,槭
airbag,Airbag,S,0,气囊
airbag,Airbag,S,1,气囊避震器
airbag,Airbag,S,2,安全气囊
airbag,Airbag,S,3,气袋
akkord,Akkord,S,0,计件工作
akkord,Akkord,S,1,繁重的工作
akne,Akne,S,0,痤
akne,Akne,S,1,痤疮
akne,Akne,S,2,青春豆
akne,Akne,S,3,青春痘
akribisch,akribisch,Adj,0,小心谨慎
akribisch,akribisch,Adj,1,一丝不苟
akribisch,akribisch,Adj,2,学究
akt,Akt,S,0,行动
akt,Akt,S,1,戏
akt,Akt,S,2,裸体画
akt,Akt,S,3,行为
akt,Akt,S,4,裸体人像
aktenzeichen,Aktenzeichen,S,0,文件索引号
aktenzeichen,Aktenzeichen,S,1,文件号
aktenzeichen,Aktenzeichen,S,2,档案号
akteur,Akteur,S,0,剧中人
akteur,Akteur,S,1,优伶
akteur,Akteur,S,2,参赛者
akteur,Akteur,S,3,行动者
akteur,Akteur,S,4,伶人
akteur,Akteur,S,5,戏词
akteur,Akteur,S,6,艺人
akteur,Akteur,S,7,功架
aktie,Aktie,S,0,股票
aktie,Aktie,S,1,股份
aktienkurs,Aktienkurs,S,0,股价
aktienkurs,Aktienkurs,S,1,股票价格
aktienmarkt,Aktienmarkt,S,0,商业行情
aktionsplan,Aktionsplan,S,0,行动计划
aktionstag,Aktionstag,S,0,行动日
aktionstag,Aktionstag,S,1,执行日
aktivieren,aktivieren,V,0,激活
aktivieren,aktivieren,V,1,活化
aktiviert,aktiviert,Adj,0,在有效状态
aktivierung,Aktivierung,S,0,活性化
aktualisiert,aktualisiert,Adj,0,使最新
aktualisiert,aktualisiert,Adj,1,使现代化
aktualität,Aktualität,S,0,现实
aktualität,Aktualität,S,1,时间性
aktualität,Aktualität,S,2,时效性
aktualität,Aktualität,S,3,现实性
akustisch,akustisch,Adj,0,音响
akzeptanz,Akzeptanz,S,0,接受
alarmanlage,Alarmanlage,S,0,报警系统
albtraum,Albtraum,S,0,恶梦
algebra,Algebra,S,0,代数
algen,Algen,S,0,藻类
algen,Algen,S,1,胞藻
algorithmus,Algorithmus,S,0,算则
algorithmus,Algorithmus,S,1,运算步骤
algorithmus,Algorithmus,S,2,解题步骤
algorithmus,Algorithmus,S,3,算法
algorithmus,Algorithmus,S,4,运算法则
alias,Alias,S,0,别名
alibi,Alibi,S,0,不在场证明
alibi,Alibi,S,1,无罪证明
alibi,Alibi,S,2,托辞
alkoholkonsum,Alkoholkonsum,S,0,喝酒量
alleine,alleine,Adv,0,一个人
alleine,alleine,Adv,1,独个儿
alleine,alleine,Adv,2,嬛
alleinerziehende,Alleinerziehende,S,0,单亲
alleinerziehende,Alleinerziehende,S,1,单亲家庭
alleingang,Alleingang,S,0,遥遥领先
alleinstellungsmerkmal,Alleinstellungsmerkmal,S,0,特别卖点
allerbeste,allerbeste,Adj,0,至善
allerbeste,allerbeste,Adj,1,绝对是最好
allergie,Allergie,S,0,过敏症
allergie,Allergie,S,1,敏感症
allergie,Allergie,S,2,敏症
allergie,Allergie,S,3,过敏
allergie,Allergie,S,4,过敏反应
allerseits,allerseits,Adv,0,诸位
allesamt,allesamt,Pron,0,一概
allgemeinbildung,Allgemeinbildung,S,0,普通教育
allgemeinbildung,Allgemeinbildung,S,1,普及
alljährlich,alljährlich,Adj,0,每年的
alljährlich,alljährlich,Adj,1,一年一次
allradantrieb,Allradantrieb,S,0,全轮驱动
alltagsleben,Alltagsleben,S,0,冷暖
alm,Alm,S,0,高山
alm,Alm,S,1,高山牧场
almanach,Almanach,S,0,皇历
almosen,Almosen,S,0,施舍
almosen,Almosen,S,1,周济
altenheim,Altenheim,S,0,老人公寓
altenheim,Altenheim,S,1,安老院
altenheim,Altenheim,S,2,老人院
altenpflege,Altenpflege,S,0,老人护理
altenpfleger,Altenpfleger,S,0,老年人护理员
altern,altern,V,0,老了
altern,altern,V,1,老熟
altern,altern,V,2,变老
altern,altern,V,3,时效
altern,altern,V,4,衰老了
alternativ,alternativ,Adj,0,二择一
alternativ,alternativ,Adj,1,供选择的
alternativ,alternativ,Adj,2,可选
altersarmut,Altersarmut,S,0,贫困时代
altersgrenze,Altersgrenze,S,0,年龄限制
altersgrenze,Altersgrenze,S,1,法定年龄
altersheim,Altersheim,S,0,安老院
altersheim,Altersheim,S,1,老人院
altersklasse,Altersklasse,S,0,年龄级别
altersklasse,Altersklasse,S,1,年龄组别
altersklassen,Altersklassen,S,0,年龄级别
altersklassen,Altersklassen,S,1,年龄组
altersklassen,Altersklassen,S,2,同年龄组
altersklassen,Altersklassen,S,3,年龄级数
altersklassen,Altersklassen,S,4,年龄组别
altersversorgung,Altersversorgung,S,0,养老
altersversorgung,Altersversorgung,S,1,老年生活费
altstadt,Altstadt,S,0,老城区
altstadt,Altstadt,S,1,老城
altstadt,Altstadt,S,2,旧城区
altstadt,Altstadt,S,3,旧城
alufolie,Alufolie,S,0,铝箔
alufolie,Alufolie,S,1,铝箔纸
ambulanz,Ambulanz,S,0,救伤车
ambulanz,Ambulanz,S,1,门诊
ambulanz,Ambulanz,S,2,门诊所
ambulanz,Ambulanz,S,3,门诊室
amnestie,Amnestie,S,0,特赦
amnestie,Amnestie,S,1,赦免组织
amnestie,Amnestie,S,2,赦免
amok,Amok,S,0,乱砍乱杀
amoklauf,Amoklauf,S,0,枪击案
amoklauf,Amoklauf,S,1,血腥事件
amoklauf,Amoklauf,S,2,狂奔
amoklauf,Amoklauf,S,3,没命地跑
amokläufer,Amokläufer,S,0,杀人狂
amphibien,Amphibien,S,0,两栖动物
amtsantritt,Amtsantritt,S,0,就职
amtsantritt,Amtsantritt,S,1,即位
amtsantritt,Amtsantritt,S,2,到任
amtsblatt,Amtsblatt,S,0,机关出版物
amtsinhaber,Amtsinhaber,S,0,现任者
amtsinhaber,Amtsinhaber,S,1,在职者
amtssprache,Amtssprache,S,0,躯干
amtssprache,Amtssprache,S,1,主干
amtssprache,Amtssprache,S,2,政府部门
amtsträger,Amtsträger,S,0,英国官员
amtszeit,Amtszeit,S,0,在位时间
amtszeit,Amtszeit,S,1,在职期间
anal,anal,Adj,0,直肠
anal,anal,Adj,1,肛门附近
analogie,Analogie,S,0,模拟数据
analogie,Analogie,S,1,类比法
analogie,Analogie,S,2,类比
analogie,Analogie,S,3,类推法
analogie,Analogie,S,4,类推
analysis,Analysis,S,0,数学分析
analyst,Analyst,S,0,分析师
analyst,Analyst,S,1,精神分析医师
analyst,Analyst,S,2,分析者
analytisch,analytisch,Adj,0,解析
analytisch,analytisch,Adj,1,析
ananas,Ananas,S,0,菠萝
anatomie,Anatomie,S,0,解剖学
anatomisch,anatomisch,Adj,0,解剖学上
anbeten,anbeten,V,0,瞻拜
anbieter,Anbieter,S,0,供应厂商
anbieter,Anbieter,S,1,供应商
anbrennen,anbrennen,V,0,烧过
anbrennen,anbrennen,V,1,烧焦
andacht,Andacht,S,0,专心从事
andacht,Andacht,S,1,祈
andacht,Andacht,S,2,挚爱
andacht,Andacht,S,3,热爱
andacht,Andacht,S,4,入神
andacht,Andacht,S,5,献身
andacht,Andacht,S,6,献身的为
andere,andere,Pron,0,其他的
anderer,anderer,Pron,0,别的
andersdenkende,Andersdenkende,S,0,不同意者
andersdenkende,Andersdenkende,S,1,异议者
andersdenkende,Andersdenkende,S,2,异议分子
anderweitig,anderweitig,Adj,0,在其他方面
android,Android,S,0,人造人
android,Android,S,1,仿生人
aneignung,Aneignung,S,0,征用
aneignung,Aneignung,S,1,据为己有
aneignung,Aneignung,S,2,挪用
anerkannt,anerkannt,Adj,0,辨认出
anerkannt,anerkannt,Adj,1,认出来
anfahren,anfahren,V,0,开印
anfahren,anfahren,V,1,启印
anfangsphase,Anfangsphase,S,0,早期
anfangsphase,Anfangsphase,S,1,初相
anfangsphase,Anfangsphase,S,2,初级阶段
anfangsphase,Anfangsphase,S,3,初始阶段
anfangsphase,Anfangsphase,S,4,初相位
anfechten,anfechten,V,0,辨难
anfechtung,Anfechtung,S,0,弹劾
anfechtung,Anfechtung,S,1,指控
anfechtung,Anfechtung,S,2,抗议
anfertigung,Anfertigung,S,0,制造程序
anfeuern,anfeuern,V,0,助威
anfreunden,anfreunden,V,0,相交
anfällig,anfällig,Adj,0,无抵抗力
anfällig,anfällig,Adj,1,容易生病
anfänglich,anfänglich,Adj,0,早期
anfänglich,anfänglich,Adj,1,起初
anfühlen,anfühlen,V,0,摸起来
anführer,Anführer,S,0,首长
anführer,Anführer,S,1,头人
anführer,Anführer,S,2,长官
anführer,Anführer,S,3,魁
anführungszeichen,Anführungszeichen,S,0,书名号
angaben,Angaben,S,0,警方声明
angeboten,angeboten,Adj,0,建议过
angeboten,angeboten,Adj,1,提议过
angeboten,angeboten,Adj,2,出价了
angebracht,angebracht,Adj,0,可劝告
angebracht,angebracht,Adj,1,可建议
angegeben,angegeben,Adj,0,给定
angegriffen,angegriffen,Adj,0,被质问
angegriffen,angegriffen,Adj,1,被抨击
angegriffen,angegriffen,Adj,2,被袭击
angegriffen,angegriffen,Adj,3,被攻击
angehoben,angehoben,V,0,研磨的
angehörigen,Angehörigen,S,0,亲戚
angeklagt,angeklagt,Adj,0,被控告
angeklagt,angeklagt,Adj,1,被起诉
angeklagter,Angeklagter,S,0,人犯
angel,Angel,S,0,铰链
angelaufen,angelaufen,Adj,0,集中起来
angelaufen,angelaufen,Adj,1,加在一起
angelegt,angelegt,Adj,0,穿长袍
angelegt,angelegt,Adj,1,栽培
angelpunkt,Angelpunkt,S,0,关键
angelpunkt,Angelpunkt,S,1,枢轴
angenommen,angenommen,Adj,0,收养关系
angenommen,angenommen,Adj,1,倾向采用
angenommen,angenommen,Adj,2,苟
angenommen,angenommen,Adj,3,设
angepasst,angepasst,Adj,0,相比配的
angepasst,angepasst,Adj,1,成比例
angepasst,angepasst,Adj,2,合适
angeregt,angeregt,Adj,0,有动机
angeregt,angeregt,Adj,1,有根据
angeregt,angeregt,Adj,2,朝气蓬勃
angesagt,angesagt,Adj,0,叫牌
angesagt,angesagt,Adj,1,口授
angeschlossen,angeschlossen,Adj,0,线上
angeschnitten,angeschnitten,Adj,0,裁切出血
angesehen,angesehen,Adj,0,可敬
angesehen,angesehen,Adj,1,受到尊敬
angesehen,angesehen,Adj,2,有声誉
angesicht,Angesicht,S,0,神情
angesicht,Angesicht,S,1,面部
angesicht,Angesicht,S,2,皃
angestellt,angestellt,Adj,0,受雇
angestellt,angestellt,Adj,1,有工作
angestellt,angestellt,Adj,2,雇用
angestellter,Angestellter,S,0,雇员
angestrengt,angestrengt,Adj,0,有思想压力
angestrengt,angestrengt,Adj,1,焦虑
angetrieben,angetrieben,Adj,0,被驱动的
angetrunken,angetrunken,Adj,0,喝醉
angetrunken,angetrunken,Adj,1,微醉
angewiesen,angewiesen,Adj,0,药物依赖
angewiesen,angewiesen,Adj,1,成瘾
angewohnheit,Angewohnheit,S,0,癖
angewohnheit,Angewohnheit,S,1,脾性
angler,Angler,S,0,琵琶鱼
angler,Angler,S,1,钓鱼者
angreifbar,angreifbar,Adj,0,可攻击
angreifbar,angreifbar,Adj,1,有弱点
angreifer,Angreifer,S,0,进攻者
angreifer,Angreifer,S,1,侵略者
angreifer,Angreifer,S,2,攻击者
anhalt,Anhalt,S,0,依据
anhebung,Anhebung,S,0,调高
anhängerschaft,Anhängerschaft,S,0,弟子的身份
anhörung,Anhörung,S,0,听力
anhörung,Anhörung,S,1,旁听
anhörung,Anhörung,S,2,听证
anhörung,Anhörung,S,3,听取
animation,Animation,S,0,动画
animation,Animation,S,1,动画
anklang,Anklang,S,0,相同之处
ankläger,Ankläger,S,0,控诉者
ankläger,Ankläger,S,1,非难者
ankläger,Ankläger,S,2,检方
anknüpfen,anknüpfen,V,0,系上
ankündigung,Ankündigung,S,0,公布
ankündigung,Ankündigung,S,1,宣布
anlagen,Anlagen,S,0,卉
anlagen,Anlagen,S,1,设施
anlagenbau,Anlagenbau,S,0,设备工程
anlaufen,anlaufen,V,0,集中起来
anlaufen,anlaufen,V,1,启动
anlaufen,anlaufen,V,2,加在一起
anlaufen,anlaufen,V,3,焐
anlaufen,anlaufen,V,4,高速运转
anleger,Anleger,S,0,飞达
anleger,Anleger,S,1,送纸机构
anleger,Anleger,S,2,输纸机构
anlässlich,anlässlich,,0,趁
anlässlich,anlässlich,,1,之际
anmarsch,Anmarsch,S,0,进军
anmerken,anmerken,V,0,注
annexion,Annexion,S,0,吞并
annähernd,annähernd,Adj,0,相近
annähernd,annähernd,Adj,1,近似
annähernd,annähernd,Adj,2,走近
annähernd,annähernd,Adj,3,靠近
anomalie,Anomalie,S,0,异常现象
anonymität,Anonymität,S,0,匿名性
anonymität,Anonymität,S,1,匿名
anonymität,Anonymität,S,2,无名
anonymität,Anonymität,S,3,匿名者
anpassung,Anpassung,S,0,适配
anrechnung,Anrechnung,S,0,计费
anregend,anregend,Adj,0,食欲大开
anreisen,anreisen,V,0,行进
anreisen,anreisen,V,1,行路
anrufbeantworter,Anrufbeantworter,S,0,电话答录机
anrufbeantworter,Anrufbeantworter,S,1,电话应答器
anrufbeantworter,Anrufbeantworter,S,2,电话应答机
anrufbeantworter,Anrufbeantworter,S,3,留言应答机
anrufer,Anrufer,S,0,召集员
anrufer,Anrufer,S,1,打来电话的人
anrufer,Anrufer,S,2,传唤员
ansage,Ansage,S,0,电视广播机
ansage,Ansage,S,1,报告节目
ansammlung,Ansammlung,S,0,萃
ansammlung,Ansammlung,S,1,搜集品
ansammlung,Ansammlung,S,2,自然增长
ansammlung,Ansammlung,S,3,凑在一起
ansammlung,Ansammlung,S,4,自然积累
anschaffen,anschaffen,V,0,购得
anschauen,anschauen,V,0,视
anschreien,anschreien,V,0,叱
anschuldigung,Anschuldigung,S,0,状
ansiedlung,Ansiedlung,S,0,移民点
anspannung,Anspannung,S,0,焦虑
anspannung,Anspannung,S,1,紧张的程度
anspannung,Anspannung,S,2,神经质
anspannung,Anspannung,S,3,强烈
anspielung,Anspielung,S,0,间接提到
ansprechbar,ansprechbar,Adj,0,亲切
ansprechbar,ansprechbar,Adj,1,易接近
ansprechpartner,Ansprechpartner,S,0,联系人
ansprüche,Ansprüche,S,0,专利要求书
ansprüche,Ansprüche,S,1,专利要求
ansteckend,ansteckend,Adj,0,会感染
ansteckung,Ansteckung,S,0,侵染
ansteckung,Ansteckung,S,1,蔓延
anstehen,anstehen,V,0,增长
anstellung,Anstellung,S,0,投入生产
anstellung,Anstellung,S,1,雇用
anstieg,Anstieg,S,0,涨幅
anstieg,Anstieg,S,1,涌起
anstiftung,Anstiftung,S,0,教唆
anstiftung,Anstiftung,S,1,煽动
ansturm,Ansturm,S,0,突进
ansturm,Ansturm,S,1,猛攻
ansturm,Ansturm,S,2,洪流
ansturm,Ansturm,S,3,突击
anteilig,anteilig,Adj,0,成比例
anthropologie,Anthropologie,S,0,人类学
antibiotika,Antibiotika,S,0,消炎药
antidepressiva,Antidepressiva,S,0,抗抑郁药物
antifaschismus,Antifaschismus,S,0,反法西斯
antiquitäten,Antiquitäten,S,0,玩
antragsteller,Antragsteller,S,0,提案人
antragsteller,Antragsteller,S,1,入会者
antragsteller,Antragsteller,S,2,申请人
anwachsen,anwachsen,V,0,累积
anwachsen,anwachsen,V,1,滚雪球般增长
anwachsen,anwachsen,V,2,渐增
anwaltskanzlei,Anwaltskanzlei,S,0,法律事务所
anwendbar,anwendbar,Adj,0,可用
anwender,Anwender,S,0,经营者
anwender,Anwender,S,1,运输行业者
anwender,Anwender,S,2,电话接线生
anwender,Anwender,S,3,施手术者
anzahlung,Anzahlung,S,0,第一笔付款
anzahlung,Anzahlung,S,1,预付款
anzahlung,Anzahlung,S,2,定金
anzahlung,Anzahlung,S,3,扣减
anzahlung,Anzahlung,S,4,押金
anzeiger,Anzeiger,S,0,指示者
anzeiger,Anzeiger,S,1,公示
anzeiger,Anzeiger,S,2,指示符
anzeiger,Anzeiger,S,3,指示物
anästhesie,Anästhesie,S,0,麻
apache,Apache,S,0,阿帕切人
apache,Apache,S,1,阿帕切族
apache,Apache,S,2,阿帕切语
apartment,Apartment,S,0,小的单元住房
apartment,Apartment,S,1,公寓房间
apfelkuchen,Apfelkuchen,S,0,苹果派
apfelsaft,Apfelsaft,S,0,苹果汁
apfelsaft,Apfelsaft,S,1,苹果水
apokalypse,Apokalypse,S,0,天启
apotheker,Apotheker,S,0,药商
apotheker,Apotheker,S,1,配药者
apotheker,Apotheker,S,2,药店老板
appell,Appell,S,0,点名
applikation,Applikation,S,0,油漆涂布
applikation,Applikation,S,1,申请书
applikation,Applikation,S,2,逻辑演算
applikation,Applikation,S,3,应用程式
aquarell,Aquarell,S,0,水彩画
aquarium,Aquarium,S,0,玻璃鱼缸
aquarium,Aquarium,S,1,海洋馆
aquarium,Aquarium,S,2,水族箱
aquarium,Aquarium,S,3,水族槽
aquarium,Aquarium,S,4,鱼缸
aquarium,Aquarium,S,5,水族馆
aquarium,Aquarium,S,6,养鱼缸
aquarium,Aquarium,S,7,水草缸
arbeiterschaft,Arbeiterschaft,S,0,工薪族
arbeitsbedingungen,Arbeitsbedingungen,S,0,劳动环境
arbeitsbereich,Arbeitsbereich,S,0,加工范围
arbeitsbereich,Arbeitsbereich,S,1,工作区域
arbeitsgemeinschaft,Arbeitsgemeinschaft,S,0,工作成员
arbeitsgemeinschaft,Arbeitsgemeinschaft,S,1,合伙企业
arbeitsgericht,Arbeitsgericht,S,0,劳动法庭
arbeitslager,Arbeitslager,S,0,劳改单位
arbeitslager,Arbeitslager,S,1,劳动营
arbeitslosengeld,Arbeitslosengeld,S,0,失业金
arbeitslosenquote,Arbeitslosenquote,S,0,失业率
arbeitslosenversicherung,Arbeitslosenversicherung,S,0,失业保险
arbeitslosenversicherung,Arbeitslosenversicherung,S,1,失业险
arbeitslosenversicherung,Arbeitslosenversicherung,S,2,失业救济保险
arbeitsort,Arbeitsort,S,0,工作地点
arbeitsrecht,Arbeitsrecht,S,0,劳动法
arbeitsschutz,Arbeitsschutz,S,0,劳动保护
arbeitsschutz,Arbeitsschutz,S,1,职业安全
arbeitsschutz,Arbeitsschutz,S,2,安全保护
arbeitsspeicher,Arbeitsspeicher,S,0,工作存储器
arbeitsspeicher,Arbeitsspeicher,S,1,主记忆体
arbeitsspeicher,Arbeitsspeicher,S,2,电脑内存
arbeitsspeicher,Arbeitsspeicher,S,3,记忆体
arbeitsvertrag,Arbeitsvertrag,S,0,雇傭合约
arbeitsvertrag,Arbeitsvertrag,S,1,工作合同
arbeitsvertrag,Arbeitsvertrag,S,2,劳动合同
arbeitsvertrag,Arbeitsvertrag,S,3,契约
arbeitsvertrag,Arbeitsvertrag,S,4,雇佣合同
arbeitszimmer,Arbeitszimmer,S,0,书房
architektonisch,architektonisch,Adj,0,建筑学上
architektonisch,architektonisch,Adj,1,构造上
architektonisch,architektonisch,Adj,2,建筑上
argentinier,Argentinier,S,0,阿根廷人
argumentativ,argumentativ,Adj,0,好辩论
argumentativ,argumentativ,Adj,1,好争辩
argumentativ,argumentativ,Adj,2,说明性
arie,Arie,S,0,抒情调
arie,Arie,S,1,唱段
arie,Arie,S,2,独唱曲
armband,Armband,S,0,手表带
armband,Armband,S,1,镯
armband,Armband,S,2,手镯
armband,Armband,S,3,手链
armband,Armband,S,4,手臂
armbrust,Armbrust,S,0,弩弓
armbrust,Armbrust,S,1,弩
armbrust,Armbrust,S,2,劲弩
armbrust,Armbrust,S,3,鏾
armbrust,Armbrust,S,4,十字弓
armbrust,Armbrust,S,5,大弓
arme,Arme,S,0,上肢骨
armenier,Armenier,S,0,亚美尼亚人
armer,Armer,S,0,无用的人
armselig,armselig,Adj,0,非常贫穷
armstrong,Armstrong,S,0,阿姆斯壮
armutsgrenze,Armutsgrenze,S,0,贫困线
armutszeugnis,Armutszeugnis,S,0,不好的表演
armutszeugnis,Armutszeugnis,S,1,蒙羞
armutszeugnis,Armutszeugnis,S,2,降级
armutszeugnis,Armutszeugnis,S,3,糟糕的反响
aroma,Aroma,S,0,食用香精
aroma,Aroma,S,1,香气
aroma,Aroma,S,2,香味
aroma,Aroma,S,3,膻
aroma,Aroma,S,4,浓香
aroma,Aroma,S,5,芳泽
array,Array,S,0,数组
arrest,Arrest,S,0,拘役
arroganz,Arroganz,S,0,牛气
arsch,Arsch,S,0,屁股的半边肉
arschloch,Arschloch,S,0,屁眼
arschloch,Arschloch,S,1,傻屄
arschloch,Arschloch,S,2,傻逼
arsen,Arsen,S,0,砒
arsen,Arsen,S,1,礵
arsen,Arsen,S,2,礜
arsenal,Arsenal,S,0,武器库
arten,Arten,S,0,等样
artenvielfalt,Artenvielfalt,S,0,物种多样性
artig,artig,Adj,0,价
artillerie,Artillerie,S,0,炮兵
artillerie,Artillerie,S,1,重炮
artist,Artist,S,0,擅长技艺的人
arzneimittel,Arzneimittel,S,0,药剂
arzneimittel,Arzneimittel,S,1,麻药
arzneimittel,Arzneimittel,S,2,药物
arztpraxis,Arztpraxis,S,0,诊所
asbest,Asbest,S,0,石棉
aschenbecher,Aschenbecher,S,0,烟灰缸
aschermittwoch,Aschermittwoch,S,0,涂灰星期三
aschermittwoch,Aschermittwoch,S,1,圣灰星期三
asozial,asozial,Adj,0,妨碍社会
aspekte,Aspekte,S,0,层面
aspirin,Aspirin,S,0,阿司匹灵
aspirin,Aspirin,S,1,阿斯匹林
aspirin,Aspirin,S,2,阿斯匹灵
aspirin,Aspirin,S,3,阿司匹林
aspirin,Aspirin,S,4,阿士匹靈
aspirin,Aspirin,S,5,乙醯柳酸
ass,Ass,S,0,佼佼者
ass,Ass,S,1,最出色的人
ass,Ass,S,2,能手
asset,Asset,S,0,资产财产
assist,Assist,S,0,助攻
assistenzarzt,Assistenzarzt,S,0,助理医师
asthma,Asthma,S,0,气喘
asthma,Asthma,S,1,哮喘病
asthma,Asthma,S,2,气喘病
astrologie,Astrologie,S,0,占星术
astrologie,Astrologie,S,1,占星学
asylantrag,Asylantrag,S,0,避难申请
asylbewerber,Asylbewerber,S,0,申请避难者
asylrecht,Asylrecht,S,0,庇护权
asylrecht,Asylrecht,S,1,避难权
atelier,Atelier,S,0,文化艺术坊
atelier,Atelier,S,1,画坊
atelier,Atelier,S,2,照相摄影室
atelier,Atelier,S,3,时装店
atemberaubend,atemberaubend,Adj,0,令人窒息
atemberaubend,atemberaubend,Adj,1,极其惊险
atemlos,atemlos,Adj,0,没有呼吸
atemlos,atemlos,Adj,1,气喘吁吁
atemlos,atemlos,Adj,2,停止呼吸
atemlos,atemlos,Adj,3,气喘喘
atemwege,Atemwege,S,0,呼吸道
atemzug,Atemzug,S,0,鼻息
atemzug,Atemzug,S,1,吸氧
atheismus,Atheismus,S,0,无神论
atheist,Atheist,S,0,无神论者
athlet,Athlet,S,0,健儿
athlet,Athlet,S,1,运动员
athlet,Athlet,S,2,比赛者
athlet,Athlet,S,3,运动家
athlet,Athlet,S,4,大力士
atomausstieg,Atomausstieg,S,0,裁减核武器
atomausstieg,Atomausstieg,S,1,退出核能
atomkraftwerk,Atomkraftwerk,S,0,核能发电站
atommüll,Atommüll,S,0,核垃圾
atommüll,Atommüll,S,1,强放射性废物
atommüll,Atommüll,S,2,原子能废料
atommüll,Atommüll,S,3,核废物
atommüll,Atommüll,S,4,核废料
atommüll,Atommüll,S,5,核工业废料
atomwaffen,Atomwaffen,S,0,原子武器
atrium,Atrium,S,0,中庭
atrium,Atrium,S,1,起居室
attentäter,Attentäter,S,0,暗杀者
attentäter,Attentäter,S,1,恐怖分子
attest,Attest,S,0,尤指医疗证书
attraktion,Attraktion,S,0,精彩表演
attraktion,Attraktion,S,1,精彩节目
attraktion,Attraktion,S,2,叫座之物
attraktion,Attraktion,S,3,惹眼之物
attraktion,Attraktion,S,4,有趣之物
attribute,Attribute,S,0,属性
audienz,Audienz,S,0,会见接见
audio,Audio,S,0,音频
auditorium,Auditorium,S,0,大學教室
aue,Aue,S,0,牧场
aufarbeitung,Aufarbeitung,S,0,加工准备
aufarbeitung,Aufarbeitung,S,1,重新装修
aufarbeitung,Aufarbeitung,S,2,清砂
aufatmen,aufatmen,V,0,恢复平静
aufatmen,aufatmen,V,1,安下心来
aufbauend,aufbauend,Adj,0,建设性
aufbereitung,Aufbereitung,S,0,预习时间
aufbereitung,Aufbereitung,S,1,预修
aufbereitung,Aufbereitung,S,2,预备
aufbereitung,Aufbereitung,S,3,调制品烹调
aufbereitung,Aufbereitung,S,4,再生
aufbewahrung,Aufbewahrung,S,0,警卫
aufbewahrung,Aufbewahrung,S,1,守卫
aufbewahrung,Aufbewahrung,S,2,看守
aufbewahrung,Aufbewahrung,S,3,看护
aufdeckung,Aufdeckung,S,0,揭露
aufdringlich,aufdringlich,Adj,0,好管闲事
aufdruck,Aufdruck,S,0,印刷字样
aufdrängen,aufdrängen,V,0,强迫
aufdrängen,aufdrängen,V,1,打扰
aufenthaltsort,Aufenthaltsort,S,0,下落
aufenthaltsort,Aufenthaltsort,S,1,所在之处
aufenthaltsort,Aufenthaltsort,S,2,去处
aufenthaltsort,Aufenthaltsort,S,3,住宅
aufenthaltsraum,Aufenthaltsraum,S,0,休闲室
aufenthaltsraum,Aufenthaltsraum,S,1,游乐厅
auferstehung,Auferstehung,S,0,更生
auffahren,auffahren,V,0,搁浅
auffahrt,Auffahrt,S,0,上山
auffahrt,Auffahrt,S,1,上坡
auffahrunfall,Auffahrunfall,S,0,追尾交通事故
auffahrunfall,Auffahrunfall,S,1,头尾相撞
auffallend,auffallend,Adj,0,引人注目
auffallend,auffallend,Adj,1,抢眼
auffallend,auffallend,Adj,2,引起注意
auffangen,auffangen,V,0,接住
auffindbar,auffindbar,Adj,0,能够发现
auffindbar,auffindbar,Adj,1,可追踪
auffliegen,auffliegen,V,0,泻露
auffüllen,auffüllen,V,0,回填
auffüllen,auffüllen,V,1,添补
aufgabenbereich,Aufgabenbereich,S,0,职责范围
aufgeblasen,aufgeblasen,Adj,0,肿胀
aufgebot,Aufgebot,S,0,特遣队
aufgebot,Aufgebot,S,1,结婚声明
aufgebot,Aufgebot,S,2,结婚预告
aufgeführt,aufgeführt,Adj,0,提及
aufgeführt,aufgeführt,Adj,1,列示
aufgeführt,aufgeführt,Adj,2,举办
aufgeführt,aufgeführt,Adj,3,上演
aufgeführt,aufgeführt,Adj,4,举出
aufgeführt,aufgeführt,Adj,5,所列
aufgeklärt,aufgeklärt,Adj,0,被启发
aufgeklärt,aufgeklärt,Adj,1,被启蒙
aufgerissen,aufgerissen,Adj,0,干裂
aufgesetzt,aufgesetzt,Adj,0,放上
aufgeweckt,aufgeweckt,Adj,0,亮
aufgeweckt,aufgeweckt,Adj,1,警醒
aufgeweckt,aufgeweckt,Adj,2,醒着
aufgeweckt,aufgeweckt,Adj,3,麻利
aufgeweckt,aufgeweckt,Adj,4,醒水
aufholen,aufholen,V,0,赶
aufkleber,Aufkleber,S,0,即时贴
aufkleber,Aufkleber,S,1,胶纸
aufkleber,Aufkleber,S,2,标贴
aufladung,Aufladung,S,0,收费
auflauf,Auflauf,S,0,蛋白牛奶酥
auflauf,Auflauf,S,1,馅饼
auflauf,Auflauf,S,2,酥饼
auflaufen,auflaufen,V,0,搁浅
auflistung,Auflistung,S,0,清单
auflistung,Auflistung,S,1,记录
auflösung,Auflösung,S,0,解像力
auflösung,Auflösung,S,1,结论
auflösung,Auflösung,S,2,分辨率
auflösung,Auflösung,S,3,解法
aufmachung,Aufmachung,S,0,整版
aufmachung,Aufmachung,S,1,渲染方式
aufmachung,Aufmachung,S,2,门面装饰
aufmarsch,Aufmarsch,S,0,行军游行阅兵
aufmarsch,Aufmarsch,S,1,阅兵
aufprall,Aufprall,S,0,反弹
aufprall,Aufprall,S,1,跳回
aufpreis,Aufpreis,S,0,附加费用
aufpreis,Aufpreis,S,1,额外收费
aufrechterhaltung,Aufrechterhaltung,S,0,生计
aufrechterhaltung,Aufrechterhaltung,S,1,维持费
aufrechterhaltung,Aufrechterhaltung,S,2,扶养
aufrechterhaltung,Aufrechterhaltung,S,3,拥护
aufrechterhaltung,Aufrechterhaltung,S,4,帮助诉讼罪
aufregend,aufregend,Adj,0,令人兴奋
aufregend,aufregend,Adj,1,激动人心
aufregend,aufregend,Adj,2,来劲儿
aufregend,aufregend,Adj,3,激动人心的
aufrichtigkeit,Aufrichtigkeit,S,0,真诚
aufrichtigkeit,Aufrichtigkeit,S,1,諴
aufrichtigkeit,Aufrichtigkeit,S,2,真挚
aufrüsten,aufrüsten,V,0,重新武装
aufrüsten,aufrüsten,V,1,改善装备
aufschlag,Aufschlag,S,0,托襟
aufschlag,Aufschlag,S,1,强打
aufschlag,Aufschlag,S,2,拓襟
aufschluss,Aufschluss,S,0,制浆
aufschrei,Aufschrei,S,0,喊叫声
aufschrei,Aufschrei,S,1,叫喊
aufschrei,Aufschrei,S,2,尖叫
aufschrift,Aufschrift,S,0,题词
aufschrift,Aufschrift,S,1,铭文题词
aufschub,Aufschub,S,0,延期
aufseher,Aufseher,S,0,看守人
aufseher,Aufseher,S,1,监工
aufseher,Aufseher,S,2,监督
aufseher,Aufseher,S,3,官员
aufsichtsbehörde,Aufsichtsbehörde,S,0,控制机构
aufspüren,aufspüren,V,0,乩
aufspüren,aufspüren,V,1,嗅探
aufspüren,aufspüren,V,2,侦测
aufspüren,aufspüren,V,3,找到
aufsteiger,Aufsteiger,S,0,攀登者
aufstockung,Aufstockung,S,0,增价
aufstockung,Aufstockung,S,1,增高加高增加
aufteilung,Aufteilung,S,0,割断
auftragen,auftragen,V,0,夸大
auftragen,auftragen,V,1,抹
auftraggeber,Auftraggeber,S,0,开证申请人
auftraggeber,Auftraggeber,S,1,买主
auftraggeber,Auftraggeber,S,2,委托方
auftraggeber,Auftraggeber,S,3,招标单位
auftritte,Auftritte,S,0,机器的踏板
aufwendig,aufwendig,Adj,0,成本过高
aufwind,Aufwind,S,0,逆风
aufwärtstrend,Aufwärtstrend,S,0,上升趋势
aufzeichnungen,Aufzeichnungen,S,0,档
aufzeichnungen,Aufzeichnungen,S,1,乗
aufzeichnungen,Aufzeichnungen,S,2,乘
aufzeigen,aufzeigen,V,0,蠲
aufzucht,Aufzucht,S,0,人工驯养
aufzucht,Aufzucht,S,1,培植
aufzucht,Aufzucht,S,2,人工饲养
aufzucht,Aufzucht,S,3,饲育
aufzucht,Aufzucht,S,4,养育
aufzählung,Aufzählung,S,0,细目
augenarzt,Augenarzt,S,0,眼科医师
augenarzt,Augenarzt,S,1,眼科医生
augenfarbe,Augenfarbe,S,0,眼睛颜色
augenschein,Augenschein,S,0,亲眼察看
ausbleiben,ausbleiben,V,0,搪
ausblick,Ausblick,S,0,预示
ausblick,Ausblick,S,1,图景
ausbreitung,Ausbreitung,S,0,蔓延
ausbrüche,Ausbrüche,S,0,定量分块
ausdehnung,Ausdehnung,S,0,宽阔
ausdrucken,ausdrucken,V,0,盖过戳
ausdrucken,ausdrucken,V,1,打印输出
ausdrucken,ausdrucken,V,2,列印
ausdrucken,ausdrucken,V,3,打印
ausdrucken,ausdrucken,V,4,完成印刷
ausflugsziel,Ausflugsziel,S,0,郊游目标
ausflugsziel,Ausflugsziel,S,1,郊游地点
ausgaben,Ausgaben,S,0,开销
ausgaben,Ausgaben,S,1,费用
ausgangslage,Ausgangslage,S,0,起步状况
ausgangslage,Ausgangslage,S,1,起始点
ausgangslage,Ausgangslage,S,2,开始位置
ausgangssituation,Ausgangssituation,S,0,出发状态
ausgangssituation,Ausgangssituation,S,1,出发情况
ausgangssperre,Ausgangssperre,S,0,禁止外出
ausgangssperre,Ausgangssperre,S,1,宵禁
ausgebildet,ausgebildet,Adj,0,受过训练
ausgebildet,ausgebildet,Adj,1,熟练
ausgebildet,ausgebildet,Adj,2,受到培训
ausgebrannt,ausgebrannt,Adj,0,精神疲惫
ausgebrannt,ausgebrannt,Adj,1,精疲力尽
ausgebucht,ausgebucht,Adv,0,订满
ausgebucht,ausgebucht,Adv,1,客满
ausgefallen,ausgefallen,Adj,0,离奇
ausgefallen,ausgefallen,Adj,1,不一般
ausgefallen,ausgefallen,Adj,2,不平常
ausgeglichen,ausgeglichen,Adj,0,平和
ausgeglichen,ausgeglichen,Adj,1,平心
ausgelassen,ausgelassen,Adj,0,头昏脑胀
ausgelassen,ausgelassen,Adj,1,有活力
ausgelassen,ausgelassen,Adj,2,玩闹
ausgelassen,ausgelassen,Adj,3,生机勃勃
ausgelassen,ausgelassen,Adj,4,欢蹦乱跳
ausgelöst,ausgelöst,Adj,0,叩动扳机
ausgelöst,ausgelöst,Adj,1,赎回
ausgelöst,ausgelöst,Adj,2,扳动
ausgelöst,ausgelöst,Adj,3,使发生
ausgelöst,ausgelöst,Adj,4,拨动
ausgeprägt,ausgeprägt,Adj,0,有特征
ausgereift,ausgereift,Adj,0,高品质
ausgeschaltet,ausgeschaltet,Adj,0,关了
ausgeschaltet,ausgeschaltet,Adj,1,关着
ausgesetzt,ausgesetzt,Adj,0,受制于
ausgesetzt,ausgesetzt,Adj,1,隶属于
ausgesprochen,ausgesprochen,Adj,0,坦白
ausgesprochen,ausgesprochen,Adj,1,公开宣称
ausgestorben,ausgestorben,Adj,0,绝种
ausgestorben,ausgestorben,Adj,1,灭绝的
ausgewogen,ausgewogen,Adj,0,称量重量
ausgewogen,ausgewogen,Adj,1,全面斟酌的
ausgewählt,ausgewählt,Adj,0,选取
ausgezahlt,ausgezahlt,Adj,0,付完全部款项
aushandeln,aushandeln,V,0,达成共识
aushängeschild,Aushängeschild,S,0,幌子
aushängeschild,Aushängeschild,S,1,破浪神
aushängeschild,Aushängeschild,S,2,旗号
auslagen,Auslagen,S,0,使费
auslastung,Auslastung,S,0,满负荷
auslauf,Auslauf,S,0,退刀槽
auslauf,Auslauf,S,1,输出口
auslaufen,auslaufen,V,0,飞出去
auslaufen,auslaufen,V,1,启航
auslaufen,auslaufen,V,2,下水
auslaufen,auslaufen,V,3,撞坏
ausleben,ausleben,V,0,施展
auslegung,Auslegung,S,0,规划
auslegung,Auslegung,S,1,注释
ausleihe,Ausleihe,S,0,外借处
ausleihe,Ausleihe,S,1,外借
ausleihe,Ausleihe,S,2,借书处
ausleihen,ausleihen,V,0,借阅
auslosung,Auslosung,S,0,精选仪式
auslosung,Auslosung,S,1,竞选仪式
auslosung,Auslosung,S,2,猜选仪式
auslosung,Auslosung,S,3,有奖竞赛
ausländerbehörde,Ausländerbehörde,S,0,外国人管理署
ausländerbehörde,Ausländerbehörde,S,1,移民局
auslöschen,auslöschen,V,0,擦去
auslöschen,auslöschen,V,1,突然爆裂
auslöschen,auslöschen,V,2,吸干
auslöschen,auslöschen,V,3,熄灭
auslöschen,auslöschen,V,4,忘记
auslöschen,auslöschen,V,5,塈
auslöschen,auslöschen,V,6,磨灭
auslöschung,Auslöschung,S,0,抹杀
auslöschung,Auslöschung,S,1,削除
auslöschung,Auslöschung,S,2,抹消
auslöser,Auslöser,S,0,释放键
auslöser,Auslöser,S,1,分离杆
auslöser,Auslöser,S,2,释放装置
ausnehmen,ausnehmen,V,0,除
ausprobieren,ausprobieren,V,0,式一式
ausprobieren,ausprobieren,V,1,试行
ausprägung,Ausprägung,S,0,制模
ausrauben,ausrauben,V,0,劫掠
ausrichter,Ausrichter,S,0,调整者
ausrichter,Ausrichter,S,1,主办者
ausrichter,Ausrichter,S,2,组织者
ausrichtung,Ausrichtung,S,0,页面方向
ausrichtung,Ausrichtung,S,1,找正
ausrichtung,Ausrichtung,S,2,取向
ausruf,Ausruf,S,0,叫喊
ausruf,Ausruf,S,1,大声说
ausrufezeichen,Ausrufezeichen,S,0,叹号
ausrufezeichen,Ausrufezeichen,S,1,感叹号
ausrutscher,Ausrutscher,S,0,失足
ausrutscher,Ausrutscher,S,1,走错
aussagekräftig,aussagekräftig,Adj,0,意味深长
aussagekräftig,aussagekräftig,Adj,1,有效力
aussagen,aussagen,V,0,目击作证
aussagen,aussagen,V,1,作证
ausschau,Ausschau,S,0,巡逻
ausscheiden,ausscheiden,V,0,离职
ausscheiden,ausscheiden,V,1,不参与
ausscheiden,ausscheiden,V,2,退职
ausscheiden,ausscheiden,V,3,排除出去
ausschnitt,Ausschnitt,S,0,缩影阿
ausschnitt,Ausschnitt,S,1,剪报
ausschnitt,Ausschnitt,S,2,颈
ausschnitt,Ausschnitt,S,3,细部
ausschreitungen,Ausschreitungen,S,0,暴力举动
ausschuss,Ausschuss,S,0,调解委员会
ausschuss,Ausschuss,S,1,委员会
ausschuss,Ausschuss,S,2,理事会
ausschüttung,Ausschüttung,S,0,分布状态
ausschüttung,Ausschüttung,S,1,拆版
ausschüttung,Ausschüttung,S,2,类别
aussichtslos,aussichtslos,Adj,0,毫无希望
aussichtsplattform,Aussichtsplattform,S,0,观景阳台
aussichtspunkt,Aussichtspunkt,S,0,观景处
aussichtspunkt,Aussichtspunkt,S,1,视点
aussichtspunkt,Aussichtspunkt,S,2,瞭望台
aussichtspunkt,Aussichtspunkt,S,3,瞭望台
ausspielen,ausspielen,V,0,小坑
ausspielen,ausspielen,V,1,挖坑
aussteller,Aussteller,S,0,参展商
aussteller,Aussteller,S,1,立委托书人
aussteller,Aussteller,S,2,参展者
aussteller,Aussteller,S,3,展商
aussteller,Aussteller,S,4,展示者
aussterben,aussterben,S,0,消灭
aussterben,aussterben,S,1,寂灭
aussterben,aussterben,S,2,灭绝
aussterben,aussterben,S,3,灭绝
aussterben,aussterben,S,4,绝种
ausstieg,Ausstieg,S,0,跳伞
ausstieg,Ausstieg,S,1,退出点
ausstrahlen,ausstrahlen,V,0,辐射状
ausstrahlung,Ausstrahlung,S,0,魄力
ausstrahlung,Ausstrahlung,S,1,气派
ausstrahlung,Ausstrahlung,S,2,个性
ausstrahlung,Ausstrahlung,S,3,个人魅力
austrocknen,austrocknen,V,0,干涸
austrocknen,austrocknen,V,1,干枯
ausverkauf,Ausverkauf,S,0,卖光
ausverkauf,Ausverkauf,S,1,清仓出售
auswahlverfahren,Auswahlverfahren,S,0,审查技术
auswahlverfahren,Auswahlverfahren,S,1,选择程序
auswanderer,Auswanderer,S,0,侨
auswanderer,Auswanderer,S,1,迁出移民
auswanderung,Auswanderung,S,0,游出
auswanderung,Auswanderung,S,1,移民出境
auswanderung,Auswanderung,S,2,侨居
auswärtige,Auswärtige,S,0,外面人
auswärts,auswärts,Adv,0,外埠
auswärts,auswärts,Adv,1,向外地
auswärts,auswärts,Adv,2,外表上
auswärts,auswärts,Adv,3,向外
auszeichnen,auszeichnen,V,0,加标志
ausübung,Ausübung,S,0,实践
autismus,Autismus,S,0,自闭症
autismus,Autismus,S,1,自闭症
autobahnen,Autobahnen,S,0,高速公路
autofahren,Autofahren,S,0,汽车驾驶
autofahren,Autofahren,S,1,汽车运输
autofahrt,Autofahrt,S,0,车程
autofahrt,Autofahrt,S,1,乘车旅行
autofahrt,Autofahrt,S,2,驱车旅行
autogramm,Autogramm,S,0,题名
autogramm,Autogramm,S,1,题字
autohaus,Autohaus,S,0,汽车商店
automatik,Automatik,S,0,自动化装置
automation,Automation,S,0,自动操作
automatisiert,automatisiert,Adj,0,自动化
automobilhersteller,Automobilhersteller,S,0,汽车制造商
autonom,autonom,Adj,0,自主操纵的
autonom,autonom,Adj,1,自主
autonom,autonom,Adj,2,自主的
autonom,autonom,Adj,3,自治的
autonom,autonom,Adj,4,自动导向的
autonom,autonom,Adj,5,自律
autopilot,Autopilot,S,0,自动驾驶装置
autopilot,Autopilot,S,1,自动驾驶仪
autopsie,Autopsie,S,0,尸体解剖
autoreifen,Autoreifen,S,0,汽车轮胎
autoritär,autoritär,Adj,0,权力主义
autounfall,Autounfall,S,0,汽车事故
avatar,Avatar,S,0,具体化替身
avocado,Avocado,S,0,牛油果
avocado,Avocado,S,1,油梨
avocado,Avocado,S,2,鳄梨
avocado,Avocado,S,3,酪梨
award,Award,S,0,颁奖
axt,Axt,S,0,长柄斧
axt,Axt,S,1,斧子
axt,Axt,S,2,斧
bachelor,Bachelor,S,0,学士
backup,Backup,S,0,后援
backup,Backup,S,1,背面
bacon,Bacon,S,0,培根
badeanzug,Badeanzug,S,0,泳衣
badeanzug,Badeanzug,S,1,游泳衣
badeanzug,Badeanzug,S,2,浴衣
badehose,Badehose,S,0,游泳裤
badehose,Badehose,S,1,泳裤
bademantel,Bademantel,S,0,浴袍
bademantel,Bademantel,S,1,浴衣
bademeister,Bademeister,S,0,救生员
badewanne,Badewanne,S,0,浴缸
badewanne,Badewanne,S,1,浴盆
badewanne,Badewanne,S,2,洗澡盆
badewanne,Badewanne,S,3,澡盆
badminton,Badminton,S,0,羽毛球
bafög,Bafög,S,0,联邦助学金
baguette,Baguette,S,0,法国面包
bahncard,Bahncard,S,0,火车票优惠卡
bahnstrecke,Bahnstrecke,S,0,铁道
bahnstrecke,Bahnstrecke,S,1,铁轨
bahnübergang,Bahnübergang,S,0,铁路道口
bahnübergang,Bahnübergang,S,1,铁路交叉道口
bahnübergang,Bahnübergang,S,2,铁路天桥
bahnübergang,Bahnübergang,S,3,平交道口
bakterien,Bakterien,S,0,霉
balken,Balken,S,0,椽
balken,Balken,S,1,条形图
ballast,Ballast,S,0,压载
ballast,Ballast,S,1,镇定
ballen,ballen,V,0,噘起
ballen,ballen,V,1,皱起
ballen,ballen,V,2,缩拢
ballerina,Ballerina,S,0,芭蕾舞女
ballon,Ballon,S,0,热气球
ballon,Ballon,S,1,气瓶
ballon,Ballon,S,2,气罐
ballon,Ballon,S,3,球形玻璃容器
balsam,Balsam,S,0,香脂
balsam,Balsam,S,1,香膏
bandbreite,Bandbreite,S,0,带宽
banditen,Banditen,S,0,虎狼
bangen,bangen,V,0,战兢
bankrott,bankrott,Adj,0,折本
bankrott,bankrott,Adj,1,无偿还能力
bankrott,bankrott,Adj,2,猛撞
bankrott,bankrott,Adj,3,垮台
banner,Banner,S,0,旗帜
banner,Banner,S,1,纛
banner,Banner,S,2,旆
banner,Banner,S,3,旌旗
banner,Banner,S,4,斾
baracke,Baracke,S,0,兵房
baracke,Baracke,S,1,庵
barbaren,Barbaren,S,0,异族
bariton,Bariton,S,0,男中音
barkeeper,Barkeeper,S,0,酒保
barkeeper,Barkeeper,S,1,酒吧老板
barock,Barock,S,0,巴洛克艺术
barometer,Barometer,S,0,晴雨表
barrel,Barrel,S,0,圆桶
barren,Barren,S,0,锞
barren,Barren,S,1,锭
barren,Barren,S,2,双杆
barren,Barren,S,3,铤
barriere,Barriere,S,0,拦路
barrierefrei,barrierefrei,Adj,0,全无障碍
barrierefrei,barrierefrei,Adj,1,没有障碍
barrierefrei,barrierefrei,Adj,2,没有阻碍
barrierefreiheit,Barrierefreiheit,S,0,无障碍环境
basar,Basar,S,0,义卖会
basar,Basar,S,1,巴刹
basar,Basar,S,2,巴扎
basar,Basar,S,3,杂货市集
basar,Basar,S,4,义卖
basar,Basar,S,5,廉售店
base,Base,S,0,盐基
base,Base,S,1,碱基
base,Base,S,2,碱
base,Base,S,3,堿
base,Base,S,4,基极
baseball,Baseball,S,0,棒球
baseball,Baseball,S,1,棒球用球
baseballschläger,Baseballschläger,S,0,球棒
basieren,basieren,V,0,打基础
basieren,basieren,V,1,靠着
basieren,basieren,V,2,靠着
basilika,Basilika,S,0,巴西利卡
basilikum,Basilikum,S,0,九层塔
basilikum,Basilikum,S,1,金不换
basilikum,Basilikum,S,2,罗勒
basketball,Basketball,S,0,篮球
bastard,Bastard,S,0,孽子
bastard,Bastard,S,1,杂种
bastard,Bastard,S,2,私生子
bastard,Bastard,S,3,非婚生子
bataillon,Bataillon,S,0,大部队
bataillon,Bataillon,S,1,营
bataillon,Bataillon,S,2,一大夥
bauarbeiter,Bauarbeiter,S,0,建筑工人
bauart,Bauart,S,0,结构型式
baubeginn,Baubeginn,S,0,开工
bauernhaus,Bauernhaus,S,0,农舍
bauernhof,Bauernhof,S,0,饲养场
baufirma,Baufirma,S,0,建筑公司
bauform,Bauform,S,0,结构形式
baugenehmigung,Baugenehmigung,S,0,建筑许可证
baugenehmigung,Baugenehmigung,S,1,建造许可
bauhaus,Bauhaus,S,0,包浩斯
bauherr,Bauherr,S,0,业主
bauingenieur,Bauingenieur,S,0,建筑工程师
bauingenieur,Bauingenieur,S,1,土木工程师
baujahr,Baujahr,S,0,制造年度
baujahr,Baujahr,S,1,制造年份
baukosten,Baukosten,S,0,工程造价
baukosten,Baukosten,S,1,工程建筑费用
bauland,Bauland,S,0,建设用地
bauland,Bauland,S,1,建筑工地
baumarkt,Baumarkt,S,0,五金店
baumarkt,Baumarkt,S,1,建筑市场
baumaschinen,Baumaschinen,S,0,施工机械
baumaterial,Baumaterial,S,0,建材
baumaterial,Baumaterial,S,1,建筑建材
baumstamm,Baumstamm,S,0,榦
baumstamm,Baumstamm,S,1,樹頭
bauprojekt,Bauprojekt,S,0,建设项目
bauprojekt,Bauprojekt,S,1,建筑工程
baurecht,Baurecht,S,0,建筑法规
baurecht,Baurecht,S,1,建筑法
baureihe,Baureihe,S,0,系列
baureihe,Baureihe,S,1,系列产品
baureihe,Baureihe,S,2,产品系列
baureihe,Baureihe,S,3,结构系列
baureihe,Baureihe,S,4,型
baureihe,Baureihe,S,5,学级
baureihe,Baureihe,S,6,型号
baute,Baute,S,0,新房子
baute,Baute,S,1,旧建筑
baute,Baute,S,2,新建筑
bauteil,Bauteil,S,0,机件
bauträger,Bauträger,S,0,地产发展商
bauunternehmen,Bauunternehmen,S,0,建筑公司
bauunternehmer,Bauunternehmer,S,0,建筑商
bauvorhaben,Bauvorhaben,S,0,建筑工程
bauweise,Bauweise,S,0,建筑结构
bauweise,Bauweise,S,1,型形
bauweise,Bauweise,S,2,结构类型
bauweise,Bauweise,S,3,型
bauzeit,Bauzeit,S,0,建设工期
bauzeit,Bauzeit,S,1,施工时间
bayer,Bayer,S,0,巴伐利亚人
bayerisch,bayerisch,Adj,0,巴伐利亚人
beabsichtigt,beabsichtigt,Adj,0,将要
beach,Beach,S,0,海滩
beachtung,Beachtung,S,0,湮没
beachtung,Beachtung,S,1,遗忘
beachtung,Beachtung,S,2,礼仪
beachtung,Beachtung,S,3,遵守
beachtung,Beachtung,S,4,不遵守
beamter,Beamter,S,0,公备员
beamter,Beamter,S,1,宦
beamter,Beamter,S,2,臣
bearbeiter,Bearbeiter,S,0,改正者
bearbeiter,Bearbeiter,S,1,修订者
bearbeiter,Bearbeiter,S,2,校订者
bearbeiter,Bearbeiter,S,3,经办
bearbeiter,Bearbeiter,S,4,处理器
beatmung,Beatmung,S,0,喁
beauftragte,Beauftragte,S,0,物资供应所
beauftragte,Beauftragte,S,1,受委托人
bebauung,Bebauung,S,0,栽培
bedauerlich,bedauerlich,Adj,0,令人惋惜
bedauerlich,bedauerlich,Adj,1,很遗憾
bedauerlicherweise,bedauerlicherweise,Adv,0,很遗憾
bedeckt,bedeckt,Adj,0,有保护
bedeckt,bedeckt,Adj,1,有盖
bedeutungslos,bedeutungslos,Adj,0,无意义
bedeutungslosigkeit,Bedeutungslosigkeit,S,0,不重要
bedeutungslosigkeit,Bedeutungslosigkeit,S,1,虚无
bedeutungslosigkeit,Bedeutungslosigkeit,S,2,不明显
bedienstete,Bedienstete,S,0,翟姨
bediente,Bediente,S,0,侍从
bedingt,bedingt,Adj,0,有前提
bedingt,bedingt,Adj,1,有附带条件
bedingungslos,bedingungslos,Adj,0,无保留
bedingungslos,bedingungslos,Adj,1,无疑问
bedingungslos,bedingungslos,Adj,2,不问是非
bedrückt,bedrückt,Adj,0,消沉
beeinflusst,beeinflusst,Adj,0,说服
beeinflusst,beeinflusst,Adj,1,受作用
beeinflussung,Beeinflussung,S,0,感染
beeinflussung,Beeinflussung,S,1,宣传活动
beeinträchtigung,Beeinträchtigung,S,0,困难
beendigung,Beendigung,S,0,结束时间
beendigung,Beendigung,S,1,解决
beendigung,Beendigung,S,2,结尾
beendigung,Beendigung,S,3,终结
beet,Beet,S,0,畦
befahrbar,befahrbar,Adj,0,可航行
befahrbar,befahrbar,Adj,1,可通船
befahrbar,befahrbar,Adj,2,可通过
befahrbar,befahrbar,Adj,3,可通行
befall,Befall,S,0,侵入
befehlshaber,Befehlshaber,S,0,指挥官
befestigt,befestigt,Adj,0,使固定
befestigt,befestigt,Adj,1,使坚固
befestigung,Befestigung,S,0,紧固
befestigung,Befestigung,S,1,筑城
befestigung,Befestigung,S,2,固定
befestigung,Befestigung,S,3,设防
befolgen,befolgen,V,0,遵从
befolgen,befolgen,V,1,遵照
befolgen,befolgen,V,2,遵守
befolgen,befolgen,V,3,顺着
befragung,Befragung,S,0,问话
befragung,Befragung,S,1,询问
befreiung,Befreiung,S,0,免除
befreiung,Befreiung,S,1,解救
befriedigend,befriedigend,Adj,0,圆满
befriedigend,befriedigend,Adj,1,喜人
befruchtung,Befruchtung,S,0,土地肥沃法
befruchtung,Befruchtung,S,1,受精
befruchtung,Befruchtung,S,2,使土地肥沃
befähigt,befähigt,Adj,0,有能力
befähigt,befähigt,Adj,1,可胜任
befähigung,Befähigung,S,0,才能
beförderung,Beförderung,S,0,升迁
befürchtung,Befürchtung,S,0,疑惧
befürchtung,Befürchtung,S,1,顾虑
befürworter,Befürworter,S,0,支持者
begebenheit,Begebenheit,S,0,发生的事情
begehrt,begehrt,Adj,0,渴求
begeistert,begeistert,Adj,0,兴致很高
begeistert,begeistert,Adj,1,使振奋
begeistert,begeistert,Adj,2,津津乐道
begeisterung,Begeisterung,S,0,热风
begeisterung,Begeisterung,S,1,热心
beginnend,beginnend,Adj,0,起初
begleiter,Begleiter,S,0,跟班
begleiter,Begleiter,S,1,随员
begleiter,Begleiter,S,2,同路人
begleiter,Begleiter,S,3,协助者
begleiter,Begleiter,S,4,陪伴者
begleiterin,Begleiterin,S,0,女伴奏者
begleitung,Begleitung,S,0,护送
begleitung,Begleitung,S,1,侪
beglichen,beglichen,Adj,0,还清
beglückt,beglückt,Adj,0,䜣
beglückt,beglückt,Adj,1,忭
begnadigung,Begnadigung,S,0,特赦
begnadigung,Begnadigung,S,1,减刑
begrenzung,Begrenzung,S,0,限制
begrenzung,Begrenzung,S,1,限定
begrenzung,Begrenzung,S,2,堮
begrenzung,Begrenzung,S,3,限度
begrenzung,Begrenzung,S,4,鄞
begutachten,begutachten,V,0,鉴定过
begutachtet,begutachtet,Adj,0,鉴定过
begünstigt,begünstigt,Adj,0,偏爱
begünstigt,begünstigt,Adj,1,受到优待
begünstigt,begünstigt,Adj,2,受惠
begünstigt,begünstigt,Adj,3,优先照顾
begünstigt,begünstigt,Adj,4,优先
begünstigte,Begünstigte,S,0,收益人
behaart,behaart,Adj,0,多毛
behaart,behaart,Adj,1,长毛
behandlung,Behandlung,S,0,疗法
behandlung,Behandlung,S,1,治疗法
behandlung,Behandlung,S,2,医治
beharren,beharren,V,0,坚执
beharren,beharren,V,1,坚持
beharrlichkeit,Beharrlichkeit,S,0,毅
behauptung,Behauptung,S,0,申辩
behauptung,Behauptung,S,1,论断
behebung,Behebung,S,0,克服
behebung,Behebung,S,1,消除缺陷
beherrscht,beherrscht,Adj,0,自我控制
beherrscht,beherrscht,Adj,1,能够自我控制
beherrscht,beherrscht,Adj,2,规矩
beherrscht,beherrscht,Adj,3,俭
beherrscht,beherrscht,Adj,4,克制
behinderter,Behinderter,S,0,瘸子
behinderter,Behinderter,S,1,残疾人
behinderung,Behinderung,S,0,不可用
behinderung,Behinderung,S,1,阻扰
behinderung,Behinderung,S,2,残障
behinderung,Behinderung,S,3,残疾
behinderung,Behinderung,S,4,干扰
behinderung,Behinderung,S,5,身心障碍者
beichte,Beichte,S,0,告解
beichte,Beichte,S,1,招认
beifahrer,Beifahrer,S,0,司机副手
beifahrer,Beifahrer,S,1,同乘者
beifahrersitz,Beifahrersitz,S,0,副驾驶座
beige,beige,Adj,0,米色的
beige,beige,Adj,1,米黄
beige,beige,Adj,2,米色
beige,beige,Adj,3,本色的
beigeschmack,Beigeschmack,S,0,余韵
beigeschmack,Beigeschmack,S,1,回味
beilage,Beilage,S,0,配菜
beilage,Beilage,S,1,插页
beilage,Beilage,S,2,小吃
beinhalten,beinhalten,V,0,涵盖
beinhalten,beinhalten,V,1,攀扯
beirat,Beirat,S,0,参事
beirren,beirren,V,0,使糊涂
beirren,beirren,V,1,使迷惑
beispiele,Beispiele,S,0,石水渠街
bekanntenkreis,Bekanntenkreis,S,0,熟人
bekanntenkreis,Bekanntenkreis,S,1,朋友圈子
bekanntheitsgrad,Bekanntheitsgrad,S,0,名度
bekanntmachung,Bekanntmachung,S,0,启示
bekanntschaften,Bekanntschaften,S,0,交往
bekanntschaften,Bekanntschaften,S,1,熟人
bekanntschaften,Bekanntschaften,S,2,朋友圈子
bekanntschaften,Bekanntschaften,S,3,相熟
bekenntnisse,Bekenntnisse,S,0,忏悔录
beklagt,beklagt,Adj,0,令人惋惜
beklagte,Beklagte,S,0,被调查者
belag,Belag,S,0,披覆
belag,Belag,S,1,镶边
belag,Belag,S,2,薄衣料
belag,Belag,S,3,饰面
belagerung,Belagerung,S,0,围攻
belanglos,belanglos,Adj,0,小可
belanglos,belanglos,Adj,1,无关痛痒
belastbar,belastbar,Adj,0,能吃苦耐劳
belastbar,belastbar,Adj,1,能负重
belastet,belastet,Adj,0,负重担
belastungen,Belastungen,S,0,拖累
belebung,Belebung,S,0,赋予生命
belege,Belege,S,0,辅助资料
belegt,belegt,Adj,0,占用的
belegung,Belegung,S,0,布局
belehrung,Belehrung,S,0,训诲
beleidigend,beleidigend,Adj,0,足致伤害
beleidigend,beleidigend,Adj,1,咒骂
beleidigend,beleidigend,Adj,2,虐待地
beleidigend,beleidigend,Adj,3,伤害
beleidigt,beleidigt,Adj,0,受侮辱
beleuchtet,beleuchtet,Adj,0,照亮
beleuchtet,beleuchtet,Adj,1,被点亮
beleuchtet,beleuchtet,Adj,2,被照亮
beleuchtung,Beleuchtung,S,0,光线
beleuchtung,Beleuchtung,S,1,灯光照明
belgier,Belgier,S,0,比利时人
beliebtheit,Beliebtheit,S,0,名气
beliebtheit,Beliebtheit,S,1,人望
beliebtheit,Beliebtheit,S,2,名声
beliebtheit,Beliebtheit,S,3,声望
belohnung,Belohnung,S,0,酬
belohnung,Belohnung,S,1,锦标
belästigung,Belästigung,S,0,折磨
belästigung,Belästigung,S,1,干扰
belästigung,Belästigung,S,2,要命
bemängeln,bemängeln,V,0,谪
bemängeln,bemängeln,V,1,挑刺
bemängeln,bemängeln,V,2,挑错
benachteiligung,Benachteiligung,S,0,不公平
benachteiligung,Benachteiligung,S,1,不公正
benachteiligung,Benachteiligung,S,2,歧视
benennung,Benennung,S,0,名称
benennung,Benennung,S,1,命名
benutzername,Benutzername,S,0,用户名
benutzt,benutzt,Adj,0,变得有用
benutzt,benutzt,Adj,1,习惯了
benz,Benz,S,0,奔驰牌汽车
benz,Benz,S,1,奔驰汽车
beraterin,Beraterin,S,0,女顾问
beratung,Beratung,S,0,商讨
beratung,Beratung,S,1,劝谕
beratung,Beratung,S,2,咨询服务
beratung,Beratung,S,3,顾问
beratung,Beratung,S,4,咨询工作
beratungsstelle,Beratungsstelle,S,0,咨询站
beratungsstelle,Beratungsstelle,S,1,咨询中心
beratungsstelle,Beratungsstelle,S,2,指导中心
beraubt,beraubt,Adv,0,被抢
berechnung,Berechnung,S,0,测算
berechnung,Berechnung,S,1,加总
berechtigt,berechtigt,Adj,0,有根据
berechtigung,Berechtigung,S,0,许可
bereinigt,bereinigt,Adj,0,调整以后
bereitstellung,Bereitstellung,S,0,供应
bereitstellung,Bereitstellung,S,1,储备
berichterstattung,Berichterstattung,S,0,新闻报导
berichterstattung,Berichterstattung,S,1,保险总额
berichtigung,Berichtigung,S,0,纠正
berliner,Berliner,S,0,油炸面包
bernstein,Bernstein,S,0,琥珀
bernstein,Bernstein,S,1,琥
bernstein,Bernstein,S,2,珀
bernstein,Bernstein,S,3,琥珀制
berufsbild,Berufsbild,S,0,职业前途
berufsbildung,Berufsbildung,S,0,职业培训
berufsgenossenschaft,Berufsgenossenschaft,S,0,同业保险机构
berufsgruppe,Berufsgruppe,S,0,职业类型
berufsleben,Berufsleben,S,0,职业生活
berufsschule,Berufsschule,S,0,职业学校
berufsschule,Berufsschule,S,1,职校
berufsverkehr,Berufsverkehr,S,0,上下班交通
berufsverkehr,Berufsverkehr,S,1,上下班的交通
berufswahl,Berufswahl,S,0,职业选择
berufungsgericht,Berufungsgericht,S,0,上诉庭
berufungsgericht,Berufungsgericht,S,1,上诉法院
beruhigend,beruhigend,Adj,0,具有镇静作用
beruhigend,beruhigend,Adj,1,镇静
beruhigend,beruhigend,Adj,2,能抚慰
beruhigung,Beruhigung,S,0,镇静
berücksichtigt,berücksichtigt,Adj,0,顾及到
berücksichtigt,berücksichtigt,Adj,1,考虑成熟
berücksichtigt,berücksichtigt,Adj,2,经过考虑
berücksichtigt,berücksichtigt,Adj,3,深思熟虑
berühmtheit,Berühmtheit,S,0,名声
berühmtheit,Berühmtheit,S,1,名流
berührung,Berührung,S,0,身体接触
besagt,besagt,Adj,0,前述
besagt,besagt,Adj,1,含蓄
besagt,besagt,Adj,2,提及过
besagt,besagt,Adj,3,上述
besatzer,Besatzer,S,0,剩余者
besatzungsmacht,Besatzungsmacht,S,0,占领军
beschaffung,Beschaffung,S,0,筹得
beschaffung,Beschaffung,S,1,筹措
beschaffung,Beschaffung,S,2,筹备
beschaffung,Beschaffung,S,3,物资购置
bescheuert,bescheuert,Adj,0,敲碎
bescheuert,bescheuert,Adj,1,敲开
beschilderung,Beschilderung,S,0,指示牌
beschimpfen,beschimpfen,V,0,被非难
beschimpfen,beschimpfen,V,1,被指责
beschimpfen,beschimpfen,V,2,呵责
beschimpfen,beschimpfen,V,3,被斥责
beschimpfen,beschimpfen,V,4,辱骂
beschlag,Beschlag,S,0,金属构件
beschlag,Beschlag,S,1,金属配件
beschlag,Beschlag,S,2,扣子
beschlag,Beschlag,S,3,马蹄铁
beschlag,Beschlag,S,4,垄断
beschlag,Beschlag,S,5,铰链
beschlag,Beschlag,S,6,马掌
beschlagnahme,Beschlagnahme,S,0,征用
beschlagnahme,Beschlagnahme,S,1,征召
beschlagnahme,Beschlagnahme,S,2,强制征兵
beschleunigt,beschleunigt,Adj,0,提前
beschlussfassung,Beschlussfassung,S,0,做决策
beschlussfassung,Beschlussfassung,S,1,通过决议
beschneidung,Beschneidung,S,0,包皮环切
beschneidung,Beschneidung,S,1,净心
beschriftung,Beschriftung,S,0,铭文
beschriftung,Beschriftung,S,1,说明词
beschriftung,Beschriftung,S,2,文字说明
beschränkt,beschränkt,Adj,0,思想狭隘
beschränkt,beschränkt,Adj,1,有界的
beschränkung,Beschränkung,S,0,节制生育
beschuldigte,Beschuldigte,S,0,被指责者
beschädigt,beschädigt,Adj,0,汙
beschädigung,Beschädigung,S,0,花费
beschäftigung,Beschäftigung,S,0,业
beschäftigung,Beschäftigung,S,1,录用
beschäftigung,Beschäftigung,S,2,雇用
beschämt,beschämt,Adj,0,僯
beschämt,beschämt,Adj,1,愧
beschämt,beschämt,Adj,2,势感到可耻
beschämt,beschämt,Adj,3,媿
beschämt,beschämt,Adj,4,羞愧
beschämt,beschämt,Adj,5,汗颜
beschämt,beschämt,Adj,6,恧
beschämt,beschämt,Adj,7,羞耻
beschämt,beschämt,Adj,8,怍
beschämt,beschämt,Adj,9,㥏
beschämt,beschämt,Adj,10,使感到羞愧
beschämt,beschämt,Adj,11,戚
beschämt,beschämt,Adj,12,羞
beschützen,beschützen,V,0,荫庇
beschützen,beschützen,V,1,衞
beschützen,beschützen,V,2,庇佑
beschützen,beschützen,V,3,卫护
beschützen,beschützen,V,4,戍守
beschützer,Beschützer,S,0,保护者
besetzt,besetzt,Adj,0,没空
besetzt,besetzt,Adj,1,被占领
besetzt,besetzt,Adj,2,镶着
besichtigung,Besichtigung,S,0,巡回
besichtigung,Besichtigung,S,1,视察
besichtigung,Besichtigung,S,2,正式检查
besitzerin,Besitzerin,S,0,女业主
besitzerin,Besitzerin,S,1,女所有人
besoffen,besoffen,Adj,0,喝醉
besoffen,besoffen,Adj,1,喝醉了
besondere,besondere,,0,持种
besonnen,besonnen,Adj,0,慎重
besorgniserregend,besorgniserregend,Adj,0,使我们焦虑的
besorgniserregend,besorgniserregend,Adj,1,使人担忧的
besorgniserregend,besorgniserregend,Adj,2,令人忧虑的
besorgt,besorgt,Adv,0,惦记
besorgt,besorgt,Adv,1,凛
besserung,Besserung,S,0,修缮经费
besserung,Besserung,S,1,复元
bestand,Bestand,S,0,股票
bestand,Bestand,S,1,资产清单
bestand,Bestand,S,2,存量
bestandsaufnahme,Bestandsaufnahme,S,0,物资管理
bestandsaufnahme,Bestandsaufnahme,S,1,打量
bestattung,Bestattung,S,0,丧葬
beste,beste,Adj,0,较好
beste,beste,Adj,1,合适
beste,beste,Adj,2,更好
bestechung,Bestechung,S,0,贿
bestechung,Bestechung,S,1,赂
bestechung,Bestechung,S,2,行贿
besteck,Besteck,S,0,整套餐具
besteuerung,Besteuerung,S,0,课税
besteuerung,Besteuerung,S,1,徵税
besteuerung,Besteuerung,S,2,租税
bestie,Bestie,S,0,禽兽
bestrafung,Bestrafung,S,0,残酷的对待
bestrafung,Bestrafung,S,1,处分
bestrafung,Bestrafung,S,2,刑罚
bestrahlung,Bestrahlung,S,0,照耀
bestseller,Bestseller,S,0,热门图书
bestseller,Bestseller,S,1,畅销品
bestzeit,Bestzeit,S,0,最佳纪录
bestzeit,Bestzeit,S,1,最佳时期
beständigkeit,Beständigkeit,S,0,不变式
beständigkeit,Beständigkeit,S,1,抗性
beständigkeit,Beständigkeit,S,2,不变性
beständigkeit,Beständigkeit,S,3,不变性质
bestätigt,bestätigt,Adj,0,已被确认的
bestätigt,bestätigt,Adj,1,得到证实
bestätigt,bestätigt,Adj,2,被认可
bestätigt,bestätigt,Adj,3,获得批准
bestätigt,bestätigt,Adj,4,已被确认
bestätigung,Bestätigung,S,0,证
bestätigung,Bestätigung,S,1,证实
besuchen,besuchen,V,0,访
besuchen,besuchen,V,1,投刺
besuchen,besuchen,V,2,探
bete,Bete,S,0,甜菜
beteiligt,beteiligt,Adj,0,卷入
beteiligung,Beteiligung,S,0,卷入
beteiligung,Beteiligung,S,1,参入
beteiligung,Beteiligung,S,2,拥护
betont,betont,Adj,0,着重指出
betont,betont,Adj,1,重读
betonung,Betonung,S,0,重音
betonung,Betonung,S,1,腔调
betonung,Betonung,S,2,着重
betonung,Betonung,S,3,重读
betraut,betraut,Adj,0,被委托
betraut,betraut,Adj,1,受托付
betreiber,Betreiber,S,0,使用单位
betreiber,Betreiber,S,1,运输者
betreiber,Betreiber,S,2,营运单位
betreuer,Betreuer,S,0,照料人员
betreut,betreut,Adj,0,看管
betreut,betreut,Adj,1,照料
betriebskosten,Betriebskosten,S,0,经营成本
betriebskosten,Betriebskosten,S,1,生产成本
betriebskosten,Betriebskosten,S,2,运营费用
betriebskosten,Betriebskosten,S,3,营运成本
betriebskosten,Betriebskosten,S,4,营业费用
betriebsrat,Betriebsrat,S,0,工会
betriebsrat,Betriebsrat,S,1,企业工会
betriebssystem,Betriebssystem,S,0,操作平台
betriebssystem,Betriebssystem,S,1,操作系统
betriebssystem,Betriebssystem,S,2,作业系统
betriebswirt,Betriebswirt,S,0,经营者
betriebswirt,Betriebswirt,S,1,企业经济学家
betriebswirtschaft,Betriebswirtschaft,S,0,正业管理
betriebswirtschaft,Betriebswirtschaft,S,1,企业经济
betriebswirtschaftslehre,Betriebswirtschaftslehre,S,0,企业管理学
betriebswirtschaftslehre,Betriebswirtschaftslehre,S,1,经济管理学
betriebswirtschaftslehre,Betriebswirtschaftslehre,S,2,企业经济学
betriebswirtschaftslehre,Betriebswirtschaftslehre,S,3,管理经济学
betroffen,betroffen,Adj,0,关切
betroffen,betroffen,Adj,1,浸染的
betroffenheit,Betroffenheit,S,0,焦虑
betroffenheit,Betroffenheit,S,1,连累
betroffenheit,Betroffenheit,S,2,忧虑
betroffenheit,Betroffenheit,S,3,重要性
betrunken,betrunken,Adj,0,喝醉
betrunken,betrunken,Adj,1,酒醉
betrunken,betrunken,Adj,2,喝醉酒
betrunken,betrunken,Adj,3,醉了
betrunken,betrunken,Adj,4,喝醉了
betrunken,betrunken,Adj,5,有汁
betrübt,betrübt,Adj,0,忡
betrübt,betrübt,Adj,1,怆
betrübt,betrübt,Adj,2,怛
betrübt,betrübt,Adj,3,伤感
betrübt,betrübt,Adj,4,悲戚
betrübt,betrübt,Adj,5,冻僵了
betrüger,Betrüger,S,0,骗人
betrüger,Betrüger,S,1,涮金作
betrüger,Betrüger,S,2,挪用公款者
betteln,betteln,V,0,行乞
betteln,betteln,V,1,化缘
betteln,betteln,V,2,托钵
betteln,betteln,V,3,乞求
betätigen,betätigen,V,0,按动
betätigen,betätigen,V,1,扣动
betäubt,betäubt,Adj,0,失去感觉
betäubt,betäubt,Adj,1,目瞪口呆
betäubt,betäubt,Adj,2,麻醉
betäubung,Betäubung,S,0,昏睡
betäubungsmittel,Betäubungsmittel,S,0,麻醉剂
betäubungsmittel,Betäubungsmittel,S,1,麻醉药
betäubungsmittel,Betäubungsmittel,S,2,麻醉性毒品
betäubungsmittel,Betäubungsmittel,S,3,蒙汗藥
beunruhigt,beunruhigt,Adj,0,怳
beunruhigt,beunruhigt,Adj,1,惊慌
beunruhigt,beunruhigt,Adj,2,恍
beunruhigt,beunruhigt,Adj,3,悠
beurteilung,Beurteilung,S,0,评论文章
bevormundung,Bevormundung,S,0,听写
bevorzugt,bevorzugt,Adj,0,偏爱
bevorzugt,bevorzugt,Adj,1,被喜好
bevorzugt,bevorzugt,Adj,2,优先
bevorzugt,bevorzugt,Adj,3,优先
bevorzugung,Bevorzugung,S,0,宠爱
bevorzugung,Bevorzugung,S,1,偏爱
bevorzugung,Bevorzugung,S,2,喜好物
bevorzugung,Bevorzugung,S,3,较其他更喜欢
bevorzugung,Bevorzugung,S,4,先取权
bevorzugung,Bevorzugung,S,5,偏好
bevorzugung,Bevorzugung,S,6,优惠
bevölkerungsdichte,Bevölkerungsdichte,S,0,人口密度
bevölkerungsdichte,Bevölkerungsdichte,S,1,种群密度
bevölkerungsentwicklung,Bevölkerungsentwicklung,S,0,人口发展趋势
bevölkerungswachstum,Bevölkerungswachstum,S,0,人口的增长
bevölkerungswachstum,Bevölkerungswachstum,S,1,人口增长
bewachen,bewachen,V,0,把
bewachen,bewachen,V,1,扼
bewachen,bewachen,V,2,守卫
bewachen,bewachen,V,3,看守
bewachen,bewachen,V,4,汛
bewachen,bewachen,V,5,看护
bewacht,bewacht,Adj,0,守卫
bewacht,bewacht,Adj,1,看守
bewachung,Bewachung,S,0,看守
bewaffnung,Bewaffnung,S,0,军火
bewegt,bewegt,Adj,0,歆
beweislast,Beweislast,S,0,举证责任
beweismittel,Beweismittel,S,0,证据
bewerbung,Bewerbung,S,0,求职
bewertung,Bewertung,S,0,称重
bewertung,Bewertung,S,1,称量
bewertung,Bewertung,S,2,加权
bewertung,Bewertung,S,3,权衡
bewilligung,Bewilligung,S,0,实行
bewirkt,bewirkt,Adj,0,造成
bewirtschaftung,Bewirtschaftung,S,0,经营
bewirtschaftung,Bewirtschaftung,S,1,耕种
bewirtschaftung,Bewirtschaftung,S,2,定量配给
bewunderer,Bewunderer,S,0,迷
bewunderer,Bewunderer,S,1,仰慕者
bewunderung,Bewunderung,S,0,赞赏
bewunderung,Bewunderung,S,1,钦佩
bewusstlos,bewusstlos,Adj,0,没有知觉
bewusstlos,bewusstlos,Adj,1,昏倒
bewusstlos,bewusstlos,Adj,2,没感觉
bewusstlos,bewusstlos,Adj,3,昏迷
bewusstlos,bewusstlos,Adj,4,失去知觉
bewährungsstrafe,Bewährungsstrafe,S,0,有条件的判决
bewältigung,Bewältigung,S,0,克服
bewässerung,Bewässerung,S,0,水利
bewässerung,Bewässerung,S,1,灌溉
bewässerung,Bewässerung,S,2,冲水
bewölkt,bewölkt,Adj,0,阴云密布
bezahlt,bezahlt,Adj,0,已经付款了
bezahlt,bezahlt,Adj,1,已付
bezahlung,Bezahlung,S,0,薪水
bezahlung,Bezahlung,S,1,清算
bezahlung,Bezahlung,S,2,缴款
bezahlung,Bezahlung,S,3,薪酬
bezaubernd,bezaubernd,Adj,0,可爱的
bezeichnung,Bezeichnung,S,0,品名
beziehungen,Beziehungen,S,0,往还
beziehungen,Beziehungen,S,1,门路
bezirksamt,Bezirksamt,S,0,城区政府
bezogen,bezogen,Adj,0,涉及
bezogen,bezogen,Adj,1,归于
bezogen,bezogen,Adj,2,针对
bezogen,bezogen,Adj,3,关联
bezogen,bezogen,Adj,4,属于
bezwingen,bezwingen,V,0,被抑制
bezwingen,bezwingen,V,1,被击败
bezwingen,bezwingen,V,2,被打败
bezwungen,bezwungen,Adj,0,敝
beängstigend,beängstigend,Adj,0,使人惊恐
beängstigend,beängstigend,Adj,1,令人害怕
biathlon,Biathlon,S,0,冬季两项
biber,Biber,S,0,山獭
bibliothekar,Bibliothekar,S,0,图书管理员
bibliothekar,Bibliothekar,S,1,图书馆官员
bibliothekar,Bibliothekar,S,2,图书馆馆员
biene,Biene,S,0,蜜蜂
biennale,Biennale,S,0,两年期
biennale,Biennale,S,1,两年期间
biennale,Biennale,S,2,双年展
biergarten,Biergarten,S,0,啤酒花园
bieter,Bieter,S,0,出价人
bieter,Bieter,S,1,承包人
bieter,Bieter,S,2,竞标者
bieter,Bieter,S,3,投标单位
bieter,Bieter,S,4,投标人
bikini,Bikini,S,0,三点式
bikini,Bikini,S,1,两件头
bikini,Bikini,S,2,比基尼泳衣
bikini,Bikini,S,3,比基尼
bikini,Bikini,S,4,三点式泳衣
bikini,Bikini,S,5,三角泳装
bildband,Bildband,S,0,图画书
bildband,Bildband,S,1,画册
bilderbuch,Bilderbuch,S,0,儿童画册
bildergalerie,Bildergalerie,S,0,相册
bildlich,bildlich,Adj,0,形像
bildlich,bildlich,Adj,1,栩栩如生
bildlich,bildlich,Adj,2,图示
bildlich,bildlich,Adj,3,图文并茂
bildqualität,Bildqualität,S,0,画质
bildschirm,Bildschirm,S,0,萤幕
bildschirm,Bildschirm,S,1,象屏
bildschirm,Bildschirm,S,2,屏幕
bildschirm,Bildschirm,S,3,银幕
bildschirm,Bildschirm,S,4,荧幕
bildschirm,Bildschirm,S,5,荧光屏
bildungssystem,Bildungssystem,S,0,教育制度
bildungszentrum,Bildungszentrum,S,0,培训中心
billard,Billard,S,0,撞球
billard,Billard,S,1,弹球
billard,Billard,S,2,台球游戏
billard,Billard,S,3,台球
billion,Billion,Num,0,万亿
binde,Binde,S,0,袖章
binde,Binde,S,1,饰带
binde,Binde,S,2,领结
bindegewebe,Bindegewebe,S,0,结缔组织
bindeglied,Bindeglied,S,0,联通
bindeglied,Bindeglied,S,1,连结之人
bindeglied,Bindeglied,S,2,鸳鸯扣
bindeglied,Bindeglied,S,3,火把
bindeglied,Bindeglied,S,4,相连
bindeglied,Bindeglied,S,5,链环
bindeglied,Bindeglied,S,6,绳孔
bindeglied,Bindeglied,S,7,连环的一部分
bindeglied,Bindeglied,S,8,链路
bindeglied,Bindeglied,S,9,测量单位
bindeglied,Bindeglied,S,10,链结
bindeglied,Bindeglied,S,11,连结
bindemittel,Bindemittel,S,0,连结料
bindemittel,Bindemittel,S,1,胶结剂
bindemittel,Bindemittel,S,2,接合剂
bindemittel,Bindemittel,S,3,增稠剂
bindemittel,Bindemittel,S,4,结合剂
bindemittel,Bindemittel,S,5,结晶剂
bindemittel,Bindemittel,S,6,水泥胶
bindemittel,Bindemittel,S,7,黏合剂
binder,Binder,S,0,缚者
binder,Binder,S,1,夹器
binder,Binder,S,2,装订工
binnen,binnen,,0,之內
binnenmarkt,Binnenmarkt,S,0,国内市场
biogas,Biogas,S,0,生化气体
biogas,Biogas,S,1,生物气
biogas,Biogas,S,2,生物气体
biologe,Biologe,S,0,生物学家
biomasse,Biomasse,S,0,生物质
biomasse,Biomasse,S,1,生物量
biomasse,Biomasse,S,2,生物质能
biotechnologie,Biotechnologie,S,0,生物工程学
biotechnologie,Biotechnologie,S,1,生物技术
biotechnologie,Biotechnologie,S,2,生物科技
biotop,Biotop,S,0,群落生境
biotop,Biotop,S,1,生境
birke,Birke,S,0,桦
bissen,Bissen,S,0,位元
bissen,Bissen,S,1,咬伤
bistro,Bistro,S,0,小酒馆
bistro,Bistro,S,1,小吧
bit,Bit,S,0,一小块
bit,Bit,S,1,比特
blackberry,BlackBerry,,0,黑莓手机
blackbox,Blackbox,S,0,黑箱
blackbox,Blackbox,S,1,黑盒
blackout,Blackout,S,0,停电
blase,Blase,S,0,水泡
blase,Blase,S,1,凸泡
blase,Blase,S,2,水疱
blasphemie,Blasphemie,S,0,亵渎
blauen,blauen,V,0,变蓝
blaulicht,Blaulicht,S,0,闪烁的光
blazer,Blazer,S,0,运动衫
bleibe,Bleibe,S,0,等待的某处
bleibe,Bleibe,S,1,停留
bleibe,Bleibe,S,2,停留的场所
bleibe,Bleibe,S,3,逗留的地方
bleichen,bleichen,V,0,使白
bleichen,bleichen,V,1,漂白
blende,Blende,S,0,小孔
blende,Blende,S,1,盲
blende,Blende,S,2,闪锌矿
blende,Blende,S,3,光圈
blende,Blende,S,4,光阑
blende,Blende,S,5,节流板
blickfang,Blickfang,S,0,吸引目光者
blickfeld,Blickfeld,S,0,视野
blickfeld,Blickfeld,S,1,眼界
blinde,Blinde,S,0,瞎子
blindheit,Blindheit,S,0,失明
blindheit,Blindheit,S,1,无辨别力
blinken,blinken,V,0,闪光
blinker,Blinker,S,0,闪光灯
blitzschnell,blitzschnell,Adj,0,闪电般
blitzschnell,blitzschnell,Adj,1,倏忽
blitzschnell,blitzschnell,Adj,2,倏然
blitzschnell,blitzschnell,Adj,3,立即
blockchain,Blockchain,S,0,区块链
blocken,blocken,V,0,锁闭
blog,Blog,S,0,博克
blog,Blog,S,1,部落阁
blog,Blog,S,2,日志
blog,Blog,S,3,博报
blogger,Blogger,S,0,博客
blonde,Blonde,S,0,金发女郎
blondine,Blondine,S,0,金发女郎
blumenkohl,Blumenkohl,S,0,白菜花
blumentopf,Blumentopf,S,0,花盆
blutbad,Blutbad,S,0,血杀
blutbad,Blutbad,S,1,血洗
blutbad,Blutbad,S,2,杀戮
blutbad,Blutbad,S,3,屠杀
blutbad,Blutbad,S,4,血战
bluthochdruck,Bluthochdruck,S,0,高血压症
bluthochdruck,Bluthochdruck,S,1,高血压
blutkörperchen,Blutkörperchen,S,0,血球
blutprobe,Blutprobe,S,0,验血
bläser,Bläser,S,0,送风机
bläser,Bläser,S,1,喷箱
bläser,Bläser,S,2,吹的人
blätter,Blätter,S,0,树叶
blöd,blöd,Adj,0,无意义
blöd,blöd,Adj,1,古怪
blöd,blöd,Adj,2,鳚
blümchen,Blümchen,S,0,小花
blümchen,Blümchen,S,1,小筒花
board,Board,S,0,木板
bock,Bock,S,0,台架
bock,Bock,S,1,架台
bodyguard,Bodyguard,S,0,卫兵
bohnen,Bohnen,S,0,藿
bohrer,Bohrer,S,0,打眼工
bohrer,Bohrer,S,1,蛀虫
bohrer,Bohrer,S,2,钻孔的虫
bohrer,Bohrer,S,3,钻工
bohrer,Bohrer,S,4,钻子
bohrer,Bohrer,S,5,钻孔器
bohrer,Bohrer,S,6,穿孔者
bohrer,Bohrer,S,7,钻
bohrer,Bohrer,S,8,鑚子
bohrung,Bohrung,S,0,钻成的孔
bohrung,Bohrung,S,1,钻探
bohrung,Bohrung,S,2,缸径
bohrungen,Bohrungen,S,0,钻孔穿孔打眼
bolzen,Bolzen,S,0,螺栓
bolzen,Bolzen,S,1,圆锭
bolzen,Bolzen,S,2,销钉
bombardieren,bombardieren,V,0,轰
bombardieren,bombardieren,V,1,轰炸
bombardiert,bombardiert,Adj,0,被轰炸
bombardierung,Bombardierung,S,0,炮火
bombardierung,Bombardierung,S,1,大轰炸
bombardierung,Bombardierung,S,2,轰炸
bombenanschlag,Bombenanschlag,S,0,炸弹袭击
bombenanschlag,Bombenanschlag,S,1,爆炸案
bomber,Bomber,S,0,炸弹人
bomber,Bomber,S,1,轰炸机
bonität,Bonität,S,0,质量
bonität,Bonität,S,1,价值
bonität,Bonität,S,2,商业信心
bonus,Bonus,S,0,花红
bonus,Bonus,S,1,红包
boom,Boom,S,0,好年景
bordell,Bordell,S,0,娼寮
bordell,Bordell,S,1,一楼一凤
bordstein,Bordstein,S,0,街头的边石
bordstein,Bordstein,S,1,路边石
borsten,Borsten,S,0,鬃
botaniker,Botaniker,S,0,植物学家
botschafterin,Botschafterin,S,0,女大使
botschafterin,Botschafterin,S,1,大使夫人
boulevard,Boulevard,S,0,大街
boulevard,Boulevard,S,1,大马路
boulevard,Boulevard,S,2,林荫大道
boutique,Boutique,S,0,时装商店
boutique,Boutique,S,1,精品服装店
boutique,Boutique,S,2,小服装店
boutique,Boutique,S,3,时装店
bowling,Bowling,S,0,保龄球
boxen,boxen,S,0,拳
boxen,boxen,S,1,用拳打揍
boxen,boxen,S,2,拳击
boxer,Boxer,S,0,拳手
boxer,Boxer,S,1,拳师
boxer,Boxer,S,2,拳击家
boxer,Boxer,S,3,拳击手
boxer,Boxer,S,4,用拳一击
boxer,Boxer,S,5,拳击运动员
boykott,Boykott,S,0,杯葛
boykottieren,boykottieren,V,0,抵制
boykottieren,boykottieren,V,1,断绝来往
brandschutz,Brandschutz,S,0,防火措施
brandschutz,Brandschutz,S,1,阻燃
brandstifter,Brandstifter,S,0,纵火者
brandstifter,Brandstifter,S,1,放火人
brandstifter,Brandstifter,S,2,纵火犯
brandstifter,Brandstifter,S,3,纵火人
brandstiftung,Brandstiftung,S,0,纵火罪
brandstiftung,Brandstiftung,S,1,纵火案
brandstiftung,Brandstiftung,S,2,纵火
brandung,Brandung,S,0,浪花
brandung,Brandung,S,1,碎波
brandung,Brandung,S,2,激浪
brandy,Brandy,S,0,白兰地
brandy,Brandy,S,1,白兰地酒
bratkartoffeln,Bratkartoffeln,S,0,炸薯块
bratkartoffeln,Bratkartoffeln,S,1,煎土豆
bratwurst,Bratwurst,S,0,油煎香肠
bratwurst,Bratwurst,S,1,烤肠
brauch,Brauch,S,0,世风
brauch,Brauch,S,1,礼仪
brauch,Brauch,S,2,世俗
brauch,Brauch,S,3,习俗
brauerei,Brauerei,S,0,酒厂
braunkohle,Braunkohle,S,0,褐煤
brautkleid,Brautkleid,S,0,婚纱
brautpaar,Brautpaar,S,0,新郎和新娘
brautpaar,Brautpaar,S,1,未婚夫妇
breitband,Breitband,S,0,宽频
brenner,Brenner,S,0,燃烧器
brenner,Brenner,S,1,烧录机
brenner,Brenner,S,2,灯
brenner,Brenner,S,3,锻烧工
brenner,Brenner,S,4,烧嘴
brennholz,Brennholz,S,0,柴火
brennholz,Brennholz,S,1,薪柴
brennholz,Brennholz,S,2,樵
brennholz,Brennholz,S,3,木柴
brennstoff,Brennstoff,S,0,燃烧物
brennweite,Brennweite,S,0,焦距
bretter,Bretter,S,0,板材
brettspiel,Brettspiel,S,0,棋盘游戏
brezel,Brezel,S,0,椒盐卷饼
brezel,Brezel,S,1,字形面包
brezel,Brezel,S,2,扭结面包
bridge,Bridge,S,0,桥牌
briefen,briefen,V,0,分付
briefwahl,Briefwahl,S,0,缺席投票
briefwechsel,Briefwechsel,S,0,书信往来
brigade,Brigade,S,0,团
brillant,brillant,Adj,0,辉煌
brillant,brillant,Adj,1,眩
brillant,brillant,Adj,2,炳
brisanz,Brisanz,S,0,易爆性
brisanz,Brisanz,S,1,易变性
brise,Brise,S,0,和风
bronchitis,Bronchitis,S,0,气管炎
bronchitis,Bronchitis,S,1,支气管炎
bronzemedaille,Bronzemedaille,S,0,铜牌
bronzezeit,Bronzezeit,S,0,青铜时代
browser,Browser,S,0,浏览者
browser,Browser,S,1,浏览器
bruderschaft,Bruderschaft,S,0,兄弟的关系
bruderschaft,Bruderschaft,S,1,手足之情
bruderschaft,Bruderschaft,S,2,手足情谊
brunch,Brunch,S,0,早午餐
brut,Brut,S,0,报窝
bruttoinlandsprodukt,Bruttoinlandsprodukt,S,0,国内生产总值
bräuche,Bräuche,S,0,仪
bräunlich,bräunlich,Adj,0,呈褐色的
brüder,Brüder,S,0,弟兄们
brüste,Brüste,S,0,奶
brüten,brüten,V,0,图谋
brüten,brüten,V,1,孵蛋
buche,Buche,S,0,山毛榉
buche,Buche,S,1,榉木
buchhaltung,Buchhaltung,S,0,管账
buchhaltung,Buchhaltung,S,1,会计
buchhandel,Buchhandel,S,0,书籍贩卖
buchhändler,Buchhändler,S,0,书商
buchladen,Buchladen,S,0,书坊
buchstaben,Buchstaben,S,0,缄
buchstaben,Buchstaben,S,1,椷
buck,buck,V,0,跃起
buddha,Buddha,S,0,浮图
buddha,Buddha,S,1,佛陀
buddha,Buddha,S,2,如来佛
buddha,Buddha,S,3,佛爷
buddha,Buddha,S,4,六根
buddha,Buddha,S,5,老佛爷
buddha,Buddha,S,6,佛
buddhisten,Buddhisten,S,0,缁
buffet,Buffet,S,0,自助餐
buffet,Buffet,S,1,自助餐柜台
bulle,Bulle,S,0,利好
bulle,Bulle,S,1,牯牛
bulle,Bulle,S,2,牤
bulle,Bulle,S,3,牡牛
bulletin,Bulletin,S,0,简报
bumm,bumm,Interj,0,咚
bundesbahn,Bundesbahn,S,0,联邦铁路
bundesgerichtshof,Bundesgerichtshof,S,0,联盟
bundeshaushalt,Bundeshaushalt,S,0,联邦预算
bundesheer,Bundesheer,S,0,联邦军队
bundestag,Bundestag,S,0,联盟
bundesverdienstkreuz,Bundesverdienstkreuz,S,0,联邦十字勋章
bundesweit,bundesweit,Adj,0,联盟
bungalow,Bungalow,S,0,平顶小别墅
burka,Burka,S,0,波卡
burnout,Burnout,S,0,燃尽
burnout,Burnout,S,1,燃尽烧光歇火
bursche,Bursche,S,0,家伙
busbahnhof,Busbahnhof,S,0,长途汽车站
busfahrer,Busfahrer,S,0,公共汽车司机
bushaltestelle,Bushaltestelle,S,0,停站
bushaltestelle,Bushaltestelle,S,1,汽车站
bushaltestelle,Bushaltestelle,S,2,公共汽车站
bushaltestelle,Bushaltestelle,S,3,车站
buslinie,Buslinie,S,0,公交线路
bussen,Bussen,S,0,自罚
byte,Byte,S,0,字节数
byte,Byte,S,1,字节
bäckerei,Bäckerei,S,0,面包店
bäckerei,Bäckerei,S,1,面包房
bäder,Bäder,S,0,澡
bären,Bären,S,0,熊科
bäumchen,Bäumchen,S,0,小树
bäume,Bäume,S,0,树木
böen,Böen,S,0,一股狂风
böen,Böen,S,1,几阵狂风
böen,Böen,S,2,一阵狂风
böhme,Böhme,S,0,波希米亚语
börsengang,Börsengang,S,0,股票发行
börsengang,Börsengang,S,1,开始公开交易
bösewicht,Bösewicht,S,0,家伙
bösewicht,Bösewicht,S,1,恶徒
bösewicht,Bösewicht,S,2,反派角色
bösewicht,Bösewicht,S,3,乡下人
böttcher,Böttcher,S,0,制桶工
bündel,Bündel,S,0,扎
bündel,Bündel,S,1,捆扎
bündig,bündig,Adj,0,概括性
bürgerinitiative,Bürgerinitiative,S,0,公民倡议会
bürgerinitiative,Bürgerinitiative,S,1,居民自发组织
bürgerrecht,Bürgerrecht,S,0,公权
bürgerrecht,Bürgerrecht,S,1,民权
bürgerrechte,Bürgerrechte,S,0,公民权利
bürgersteig,Bürgersteig,S,0,步道
bürgersteig,Bürgersteig,S,1,走道
bürgschaft,Bürgschaft,S,0,担保
bürogebäude,Bürogebäude,S,0,办公大楼
bürogebäude,Bürogebäude,S,1,写字楼
bürsten,bürsten,V,0,刷去
bürsten,bürsten,V,1,刷
bürsten,bürsten,V,2,梳理
cache,Cache,S,0,坚壁
cache,Cache,S,1,高速缓存
cafe,Cafe,S,0,咖啡室
cafe,Cafe,S,1,咖啡馆
cafe,Cafe,S,2,咖啡屋
cafeteria,Cafeteria,S,0,自助餐馆
cafeteria,Cafeteria,S,1,咖啡厅
cafeteria,Cafeteria,S,2,自助咖啡馆
calcium,Calcium,S,0,钙片
camp,Camp,S,0,临时住所
campen,campen,V,0,野营
campen,campen,V,1,野营地
campen,campen,V,2,露营
campus,Campus,S,0,大學場地
campus,Campus,S,1,大學校區
canon,Canon,,0,佳能
cappuccino,Cappuccino,S,0,卡布基诺
cartoon,Cartoon,S,0,卡通
cartoon,Cartoon,S,1,动画
cashback,Cashback,S,0,返利
casting,Casting,S,0,海选
cent,Cent,S,0,仙
cent,Cent,S,1,欧分
center,Center,S,0,中心区
center,Center,S,1,服务中心
center,Center,S,2,商业中心
century,Century,,0,世纪号
champagner,Champagner,S,0,香槟酒
champagner,Champagner,S,1,香槟
champion,Champion,S,0,冠军
chancengleichheit,Chancengleichheit,S,0,机会均等
chaotisch,chaotisch,Adj,0,忞
chaotisch,chaotisch,Adj,1,慌慌张张
chaotisch,chaotisch,Adj,2,乱糟糟
charakterisierung,Charakterisierung,S,0,表征
charakteristik,Charakteristik,S,0,示性数
charakteristik,Charakteristik,S,1,特徵数
charisma,Charisma,S,0,神力
charisma,Charisma,S,1,非凡的领导力
charisma,Charisma,S,2,魄力
charisma,Charisma,S,3,人格魅力
chat,Chat,S,0,网络聊天
chat,Chat,S,1,闲谈
chaussee,Chaussee,S,0,林荫道
checken,checken,V,0,开支票
cheerleader,Cheerleader,S,0,啦啦队长
cheeseburger,Cheeseburger,S,0,吉士汉堡包
cheeseburger,Cheeseburger,S,1,干酪汉堡
cheftrainer,Cheftrainer,S,0,总教练
cheftrainer,Cheftrainer,S,1,主教练
chemotherapie,Chemotherapie,S,0,化学疗法
chemotherapie,Chemotherapie,S,1,化学治疗
chemotherapie,Chemotherapie,S,2,化疗
chinesen,Chinesen,S,0,华人
chip,Chip,S,0,小块
chip,Chip,S,1,芯片
cholera,Cholera,S,0,霍乱
cholera,Cholera,S,1,痧
cholera,Cholera,S,2,癨
choral,Choral,S,0,众赞歌
choreografie,Choreografie,S,0,舞蹈艺术
choreographie,Choreographie,S,0,舞蹈艺术
christkind,Christkind,S,0,圣婴
chronologie,Chronologie,S,0,年代学
chronologie,Chronologie,S,1,年代计算
chronologie,Chronologie,S,2,时间顺序
cicero,Cicero,,0,西塞罗
cisco,Cisco,,0,思科系统公司
clever,clever,Adj,0,明辨
clever,clever,Adj,1,诡谲
clever,clever,Adj,2,慜
client,Client,S,0,客户端
clique,Clique,S,0,宗派
clique,Clique,S,1,阀
clique,Clique,S,2,帮派
clique,Clique,S,3,小集团
clique,Clique,S,4,私党
cockpit,Cockpit,S,0,飞机座舱
cognac,Cognac,S,0,干邑
collage,Collage,S,0,拼贴画
collage,Collage,S,1,抽象拼贴画
collage,Collage,S,2,拼贴
comeback,Comeback,S,0,卷土重来
comedy,Comedy,S,0,喜剧
comic,Comic,S,0,连环画
compagnie,Compagnie,S,0,连队
computerspiel,Computerspiel,S,0,电子游戏
computerspiel,Computerspiel,S,1,电视游戏
computerspiel,Computerspiel,S,2,电脑游戏
computerspiele,Computerspiele,S,0,电脑游戏
containern,Containern,S,0,垃圾搜寻
controller,Controller,S,0,监督稽核人员
controller,Controller,S,1,控制员
controller,Controller,S,2,稽核人员
controller,Controller,S,3,控制器
controlling,Controlling,S,0,管理会计
controlling,Controlling,S,1,企业稽核
cool,cool,Adj,0,了杂列
cool,cool,Adj,1,潇洒
cool,cool,Adj,2,酷
cord,Cord,S,0,灯芯绒
cornflakes,Cornflakes,S,0,玉米片
countdown,Countdown,S,0,倒计时
countdown,Countdown,S,1,倒数计时
countdown,Countdown,S,2,读秒
countdown,Countdown,S,3,倒数计数
coup,Coup,S,0,妙计
coup,Coup,S,1,砰然一击
cowboy,Cowboy,S,0,牛仔
crew,Crew,S,0,人员
cup,Cup,S,0,优胜杯
cup,Cup,S,1,奖杯
curriculum,Curriculum,S,0,课程
curriculum,Curriculum,S,1,教学大纲
curry,Curry,S,0,咖哩
currywurst,Currywurst,S,0,咖喱香肠
cutter,Cutter,S,0,女编辑
cutter,Cutter,S,1,剪裁人员
dachdecker,Dachdecker,S,0,屋面铺瓦工
dachgeschoss,Dachgeschoss,S,0,顶楼
dachs,Dachs,S,0,貆
dachs,Dachs,S,1,獾
dahingehend,dahingehend,Adj,0,大意是
dahinter,dahinter,Adv,0,其后
damen,Damen,S,0,女士们
damenschuhe,Damenschuhe,S,0,女鞋
dampfen,dampfen,V,0,热气腾腾
dampfen,dampfen,V,1,热腾腾
dampfen,dampfen,V,2,放出水蒸气
dampfen,dampfen,V,3,烟雾迷漫
dampfen,dampfen,V,4,馏
dampfer,Dampfer,S,0,轮
dampfmaschine,Dampfmaschine,S,0,蒸气机
dampfmaschine,Dampfmaschine,S,1,蒸汽机
dankbarkeit,Dankbarkeit,S,0,满怀感激之情
dankbarkeit,Dankbarkeit,S,1,感激
dankbarkeit,Dankbarkeit,S,2,赏识
dankbarkeit,Dankbarkeit,S,3,感谢之心
dankbarkeit,Dankbarkeit,S,4,谢意
darauf,darauf,Adv,0,在其上
darauf,darauf,Adv,1,于此
darauf,darauf,Adv,2,在那上面
darauf,darauf,Adv,3,叵
daraus,daraus,Adv,0,由此
darin,darin,Adv,0,内中
darin,darin,Adv,1,在其中
darsteller,Darsteller,S,0,扮演者
darstellerin,Darstellerin,S,0,女演员
dart,Dart,S,0,飞镖
darunter,darunter,Adv,0,当中
darunter,darunter,Adv,1,在其下
darunter,darunter,Adv,2,以下
darüber,darüber,Adv,0,超乎
darüber,darüber,Adv,1,对此
darüberhinaus,darüberhinaus,Adv,0,在一点
datei,Datei,S,0,卷宗
datei,Datei,S,1,计算机文件
datei,Datei,S,2,电脑文件
daten,Daten,S,0,数据
datenbank,Datenbank,S,0,数据库
datenblatt,Datenblatt,S,0,数据表
datensatz,Datensatz,S,0,数据组
datenträger,Datenträger,S,0,数据载体
dativ,Dativ,S,0,与格语
dato,dato,Adv,0,期后
dauerregen,Dauerregen,S,0,连降雨
dauerregen,Dauerregen,S,1,霖
davon,davon,Adv,0,从中
davon,davon,Adv,1,从其中
dazu,dazu,Adv,0,向该处
dazu,dazu,Adv,1,对那
deadline,Deadline,S,0,期限
deaktivieren,deaktivieren,V,0,使无效
dealer,Dealer,S,0,毒品贩子
dealer,Dealer,S,1,经销商
debatte,Debatte,S,0,辩论
debatte,Debatte,S,1,辨难
debattieren,debattieren,V,0,好辩论
debattieren,debattieren,V,1,论辩
debattieren,debattieren,V,2,分争
debattieren,debattieren,V,3,辨难
debattieren,debattieren,V,4,辩说
debattieren,debattieren,V,5,争辩
debattieren,debattieren,V,6,辩诬
debüt,Debüt,S,0,初次登场
debüt,Debüt,S,1,首次登台
debüt,Debüt,S,2,首次飞行
debüt,Debüt,S,3,初遇
debüt,Debüt,S,4,首次出现
deck,Deck,S,0,甲板
decker,Decker,S,0,透明塑料
deckungsgleich,deckungsgleich,Adj,0,对印
defensiv,defensiv,Adj,0,防御性
definitiv,definitiv,Adj,0,确定性
degen,Degen,S,0,重剑
degen,Degen,S,1,弯刀
degen,Degen,S,2,长柄武器
deich,Deich,S,0,埒
deich,Deich,S,1,塘
deich,Deich,S,2,海堤
deich,Deich,S,3,防洪提
deinem,deinem,Pron,0,你的
deiner,deiner,Pron,0,你的
deines,deines,Pron,0,你的
dekade,Dekade,S,0,十年间
dekade,Dekade,S,1,十进
dekanat,Dekanat,S,0,系办公室
deklaration,Deklaration,S,0,申明
dekoriert,dekoriert,Adj,0,点缀
dekret,Dekret,S,0,旨意
delfin,Delfin,S,0,海豚
delfine,Delfine,S,0,海豚科
dell,Dell,,0,戴尔
delle,Delle,S,0,低迷
delle,Delle,S,1,凹点
delle,Delle,S,2,酒窝
delle,Delle,S,3,凹坑
delta,Delta,S,0,迭塔
dementiert,dementiert,Adj,0,辟谣
dementiert,dementiert,Adj,1,正式否认
dementiert,dementiert,Adj,2,更正
dementiert,dementiert,Adj,3,拒绝承认
demenz,Demenz,S,0,老年痴呆
demenz,Demenz,S,1,失智症
demo,Demo,S,0,样本唱片
demografie,Demografie,S,0,人口学
demografie,Demografie,S,1,人口统计学
demzufolge,demzufolge,Adv,0,因而
demütig,demütig,Adj,0,轻视
demütig,demütig,Adj,1,使卑下
demütig,demütig,Adj,2,使丢脸
demütig,demütig,Adj,3,谦虚
demütig,demütig,Adj,4,使苦恼
demütig,demütig,Adj,5,恭顺
demütig,demütig,Adj,6,顺从
demütigen,demütigen,V,0,轻视
demütigen,demütigen,V,1,臊
demütigen,demütigen,V,2,使卑下
demütigen,demütigen,V,3,使丢脸
demütigen,demütigen,V,4,使苦恼
demütigung,Demütigung,S,0,胯下之辱
den,den,,0,那个
den,den,,1,那个
denkmalpflege,Denkmalpflege,S,0,文物保护
denkmalpflege,Denkmalpflege,S,1,纪念物保存
denkmalschutz,Denkmalschutz,S,0,文物保护
denkweise,Denkweise,S,0,思维方式
deo,Deo,S,0,止汗剂
departement,Departement,S,0,县
department,Department,S,0,系
deportation,Deportation,S,0,递解出境
depp,Depp,S,0,迟钝的人
depressiv,depressiv,Adj,0,苦闷
deprimierend,deprimierend,Adj,0,令人沮丧
deprimierend,deprimierend,Adj,1,使沮丧
deprimiert,deprimiert,Adj,0,消沉
deprimiert,deprimiert,Adj,1,使沮丧
deprimiert,deprimiert,Adj,2,郁闷
deprimiert,deprimiert,Adj,3,郁郁
dergleichen,dergleichen,Pron,0,这一类
dergleichen,dergleichen,Pron,1,等样
dergleichen,dergleichen,Pron,2,之流
desaster,Desaster,S,0,大祸
design,Design,S,0,图案
designer,Designer,S,0,设计师
dessert,Dessert,S,0,餐后小吃
dessert,Dessert,S,1,甜品
dessous,Dessous,S,0,女用内衣
detailliert,detailliert,Adj,0,详细说明
detailliert,detailliert,Adj,1,详细解释
detailliert,detailliert,Adj,2,明细
detailliert,detailliert,Adj,3,明确指明
details,Details,S,0,详细情况
details,Details,S,1,图象细微层次
details,Details,S,2,具体细节
detektiv,Detektiv,S,0,私家侦探
deutschlehrer,Deutschlehrer,S,0,德语教师
deutschunterricht,Deutschunterricht,S,0,德语课
deutschunterricht,Deutschunterricht,S,1,德文课
devisen,Devisen,S,0,外汇
devisen,Devisen,S,1,外币
devon,Devon,S,0,泥盆纪
dia,Dia,S,0,幻灯影片
dia,Dia,S,1,透明正片
diagnostik,Diagnostik,S,0,诊断学
diagnostizieren,diagnostizieren,V,0,诊断
diagonal,diagonal,Adj,0,对角
diagonal,diagonal,Adj,1,斜对
diagramm,Diagramm,S,0,箓
diakon,Diakon,S,0,副主祭
diakon,Diakon,S,1,执事
dialyse,Dialyse,S,0,透析
diamant,Diamant,S,0,钻石
diamant,Diamant,S,1,金刚石
diamant,Diamant,S,2,金刚
diaspora,Diaspora,S,0,大移居
dichtung,Dichtung,S,0,衬垫
dichtung,Dichtung,S,1,密封部件
dichtung,Dichtung,S,2,杜撰
dichtung,Dichtung,S,3,填密
dicke,Dicke,S,0,厚薄
didaktik,Didaktik,S,0,教学法
dienstleister,Dienstleister,S,0,服务者
dienstleistung,Dienstleistung,S,0,役
dienstleistung,Dienstleistung,S,1,照料
dienstleistungen,Dienstleistungen,S,0,劳务
dienstwagen,Dienstwagen,S,0,公务车
dienstwagen,Dienstwagen,S,1,公务用车
dienstzeit,Dienstzeit,S,0,服务期限
dienstzeit,Dienstzeit,S,1,服务期
diesbezüglich,diesbezüglich,Adj,0,提及
diesbezüglich,diesbezüglich,Adj,1,就此而言
diese,diese,Pron,0,这些个
diesel,Diesel,S,0,柴油发动机
dieselmotor,Dieselmotor,S,0,柴油机
dieselmotor,Dieselmotor,S,1,柴油引擎
dieselmotor,Dieselmotor,S,2,柴油发动机
dieselmotor,Dieselmotor,S,3,柴油马达
diesseits,diesseits,,0,在世上
diesseits,diesseits,,1,在世间
dietrich,Dietrich,S,0,万能钥匙
diffamieren,diffamieren,V,0,谗
differenz,Differenz,S,0,差
digitalisierung,Digitalisierung,S,0,数字化
dildo,Dildo,S,0,假阴茎
dill,Dill,S,0,莳萝
dill,Dill,S,1,莳萝的果实
dirndl,Dirndl,S,0,紧身连衣裙
discounter,Discounter,S,0,廉价商店
disko,Disko,S,0,迪斯科舞
disko,Disko,S,1,迪厅
diskrepanz,Diskrepanz,S,0,不同意
diskriminierend,diskriminierend,Adj,0,歧视性
diskriminiert,diskriminiert,Adj,0,被亏待
diskurs,Diskurs,S,0,语篇
diskurs,Diskurs,S,1,话语
diskurs,Diskurs,S,2,语段
diskus,Diskus,S,0,铁饼
display,Display,S,0,招牌广告
display,Display,S,1,易拉宝
disposition,Disposition,S,0,性情
disput,Disput,S,0,不同意
disput,Disput,S,1,争执
distanziert,distanziert,Adj,0,遥远
disziplin,Disziplin,S,0,训育
disziplin,Disziplin,S,1,分类方法
disziplin,Disziplin,S,2,纪律
disziplin,Disziplin,S,3,纪
disziplin,Disziplin,S,4,管教好
diszipliniert,diszipliniert,Adj,0,受过训练
diszipliniert,diszipliniert,Adj,1,遵守纪律
diszipliniert,diszipliniert,Adj,2,有组织
diverse,diverse,Adj,0,有几个
diverse,diverse,Adj,1,变化多
division,Division,S,0,事业部
division,Division,S,1,除以
division,Division,S,2,除法
division,Division,S,3,相除
diözese,Diözese,S,0,教区
documenta,Documenta,S,0,卡赛尔文献展
documenta,Documenta,S,1,卡塞尔文献展
doktrin,Doktrin,S,0,主义
dokument,Dokument,S,0,资料
dokumentarfilm,Dokumentarfilm,S,0,纪录片
dokumentiert,dokumentiert,Adj,0,已经登记在案
dokumentiert,dokumentiert,Adj,1,已经注册了
dolch,Dolch,S,0,匕首
dolch,Dolch,S,1,短剑
dolch,Dolch,S,2,匕
dolch,Dolch,S,3,剑标
dolch,Dolch,S,4,尖刀
dollar,Dollar,S,0,银圆
dollar,Dollar,S,1,麚
domain,Domain,S,0,域
dominant,dominant,Adj,0,占优势
dominant,dominant,Adj,1,处于支配地位
dominanz,Dominanz,S,0,统治
dominieren,dominieren,V,0,占优势
dominieren,dominieren,V,1,控制性
dominieren,dominieren,V,2,居高临下
domino,Domino,S,0,骨牌
domino,Domino,S,1,多米诺骨牌
domäne,Domäne,S,0,知识领域
donner,Donner,S,0,靐
donner,Donner,S,1,霹雷
donner,Donner,S,2,霹雳
donner,Donner,S,3,雷
donner,Donner,S,4,砰
doof,doof,Adj,0,有智力障碍
doof,doof,Adj,1,郁
doping,Doping,S,0,兴奋剂
doping,Doping,S,1,麻醉药
doping,Doping,S,2,服用兴奋剂
doppel,Doppel,S,0,双打
doppelgänger,Doppelgänger,S,0,分身
doppelgänger,Doppelgänger,S,1,近照
doppelmoral,Doppelmoral,S,0,双重标准
dorfbewohner,Dorfbewohner,S,0,里人
dorfbewohner,Dorfbewohner,S,1,村民
dorfbewohner,Dorfbewohner,S,2,乡民
dorfbewohner,Dorfbewohner,S,3,乡下人
dornen,Dornen,S,0,荆
dosierung,Dosierung,S,0,配料
dossier,Dossier,S,0,卷宗
dossier,Dossier,S,1,案卷卷宗
double,Double,S,0,双座机
double,Double,S,1,酎
downloaden,downloaden,V,0,文件下载
drache,Drache,S,0,龙
drache,Drache,S,1,坏脾气的女人
drahtzieher,Drahtzieher,S,0,幕后操纵者
drahtzieher,Drahtzieher,S,1,背后牵线者
drahtzieher,Drahtzieher,S,2,幕后黑手
drahtzieher,Drahtzieher,S,3,机械手
dramatik,Dramatik,S,0,剧本
drecksau,Drecksau,S,0,豬頭
dreh,Dreh,S,0,盘车拉坯
dreh,Dreh,S,1,旋坯成形
dreharbeiten,Dreharbeiten,S,0,射击
dreharbeiten,Dreharbeiten,S,1,射击
drehbuchautor,Drehbuchautor,S,0,电影剧本作家
drehbuchautor,Drehbuchautor,S,1,编剧家
dreher,Dreher,S,0,体操运动员
drehmoment,Drehmoment,S,0,力矩
drehscheibe,Drehscheibe,S,0,转车
drehung,Drehung,S,0,迴旋
drehung,Drehung,S,1,旋转
drehung,Drehung,S,2,旋回
drehzahl,Drehzahl,S,0,转数
dreieck,Dreieck,S,0,三角
dreieck,Dreieck,S,1,三角形
dreifach,dreifach,Num,0,三联
dreifach,dreifach,Num,1,三重
dreifach,dreifach,Num,2,三结合
dreifach,dreifach,Num,3,三式
dreifaltigkeit,Dreifaltigkeit,S,0,三位一体
dreifaltigkeit,Dreifaltigkeit,S,1,三人一组
dreist,dreist,Adj,0,公然
dreist,dreist,Adj,1,不谦虚
dresdener,Dresdener,S,0,德累斯顿人
dresdener,Dresdener,S,1,杜雷斯顿人
dresdener,Dresdener,S,2,杜雷斯顿
dresdner,Dresdner,S,0,德累斯顿人
dresdner,Dresdner,S,1,杜雷斯顿人
dresdner,Dresdner,S,2,杜雷斯顿
dressing,Dressing,S,0,调味料
dressing,Dressing,S,1,烹调用填料
dressing,Dressing,S,2,穿衣
dressing,Dressing,S,3,调味汁
dressing,Dressing,S,4,衣裳
dressing,Dressing,S,5,绷带类
dressur,Dressur,S,0,花式骑术
drift,Drift,S,0,漂浮
dringlichkeit,Dringlichkeit,S,0,紧迫性
dringlichkeit,Dringlichkeit,S,1,紧急
dringlichkeit,Dringlichkeit,S,2,迫切性
drogendealer,Drogendealer,S,0,毒犯
drohne,Drohne,S,0,公蜂
drohne,Drohne,S,1,雄蜂
drohnen,Drohnen,S,0,无人驾驶飞机
drops,Drops,S,0,卷糖
drucken,drucken,V,0,印
drucken,drucken,V,1,打印
drucken,drucken,V,2,印制
drucken,drucken,V,3,盖了章
drucken,drucken,V,4,盖了印
drucker,Drucker,S,0,打印机
drucker,Drucker,S,1,印表机
druckerei,Druckerei,S,0,印刷点
druckluft,Druckluft,S,0,压缩空气
dual,dual,Adj,0,二进
dual,dual,Adj,1,双数
dummkopf,Dummkopf,S,0,蠢人
dummkopf,Dummkopf,S,1,傻蛋
dummkopf,Dummkopf,S,2,土老帽
dummkopf,Dummkopf,S,3,浑人
dummkopf,Dummkopf,S,4,铁头
dummkopf,Dummkopf,S,5,檮杌
dummkopf,Dummkopf,S,6,痴
dummkopf,Dummkopf,S,7,傻瓜
dummkopf,Dummkopf,S,8,傻冒
dummkopf,Dummkopf,S,9,痴呆傻
dummkopf,Dummkopf,S,10,混人
dummkopf,Dummkopf,S,11,山炮
dunkelblau,dunkelblau,Adj,0,浓蓝
dunkelblau,dunkelblau,Adj,1,暗蓝
dunkelblau,dunkelblau,Adj,2,深蓝色
dunkelblau,dunkelblau,Adj,3,深蓝
dunkelbraun,dunkelbraun,Adj,0,暗褐
dunkelziffer,Dunkelziffer,S,0,黑暗数字
dunst,Dunst,S,0,雾气
dunst,Dunst,S,1,抽油烟机
dunst,Dunst,S,2,雾
durchblick,Durchblick,S,0,前景
durchdrehen,durchdrehen,V,0,盘车
durchfahren,durchfahren,V,0,看完
durchfahrt,Durchfahrt,S,0,通行
durchfall,Durchfall,S,0,拉肚疼
durchfall,Durchfall,S,1,水泻
durchfall,Durchfall,S,2,腹泻
durchgang,Durchgang,S,0,穿通式
durchgang,Durchgang,S,1,通道
durchgang,Durchgang,S,2,通路
durchgang,Durchgang,S,3,过道
durchgang,Durchgang,S,4,轮
durchgehen,durchgehen,V,0,不停顿
durchgehen,durchgehen,V,1,穿过
durchgehen,durchgehen,V,2,获得通过
durchgreifen,durchgreifen,V,0,强劲
durchgreifen,durchgreifen,V,1,激进
durchgängig,durchgängig,Adj,0,普遍
durchgängig,durchgängig,Adj,1,一条龙式
durchhalten,durchhalten,V,0,熬过
durchhalten,durchhalten,V,1,坚守
durchhaltevermögen,Durchhaltevermögen,S,0,停留
durchhaltevermögen,Durchhaltevermögen,S,1,保持力
durchhaltevermögen,Durchhaltevermögen,S,2,忍耐力
durchlaufen,durchlaufen,V,0,贯穿
durchmachen,durchmachen,V,0,遭到
durchqueren,durchqueren,V,0,横贯
durchschauen,durchschauen,V,0,看穿
durchschauen,durchschauen,V,1,识破
durchschnittsalter,Durchschnittsalter,S,0,平均年龄
durchsetzung,Durchsetzung,S,0,散置
durchsetzung,Durchsetzung,S,1,点缀
durchsetzung,Durchsetzung,S,2,散布
durchstarten,Durchstarten,S,0,重飞
durstig,durstig,Adj,0,渴
durstig,durstig,Adj,1,渴望
durstig,durstig,Adj,2,渴着
duschgel,Duschgel,S,0,浴液
dynamisch,dynamisch,Adj,0,充满生机
dynamisch,dynamisch,Adj,1,有生命力
dynamisch,dynamisch,Adj,2,有强度
dynastie,Dynastie,S,0,王朝
dynastie,Dynastie,S,1,朝代
dämlich,dämlich,Adj,0,傻乎乎
dämlich,dämlich,Adj,1,头脑简单
dämmung,Dämmung,S,0,隔绝层
dämpfer,Dämpfer,S,0,阻尼器
dämpfer,Dämpfer,S,1,调节闸
dämpfer,Dämpfer,S,2,减震器
dämpfung,Dämpfung,S,0,衰减
däne,Däne,S,0,丹麦人
düse,Düse,S,0,喷头
düse,Düse,S,1,喷嘴
düse,Düse,S,2,漏板
düse,Düse,S,3,喷管
düse,Düse,S,4,吸气嘴
ebbe,Ebbe,S,0,退潮
ebbe,Ebbe,S,1,水干
ebbe,Ebbe,S,2,水退
echo,Echo,S,0,回音
echtheit,Echtheit,S,0,创作力
echtzeit,Echtzeit,S,0,实时间
echtzeit,Echtzeit,S,1,即时
echtzeit,Echtzeit,S,2,实时
eckig,eckig,Adj,0,有棱角
ecstasy,Ecstasy,S,0,摇头丸
edelmetall,Edelmetall,S,0,贵金属
edelmetall,Edelmetall,S,1,贵重金属
edelstahl,Edelstahl,S,0,优质钢
edelstahl,Edelstahl,S,1,特制钢
edelstein,Edelstein,S,0,璨
edelstein,Edelstein,S,1,贵重品
edelstein,Edelstein,S,2,琰
edelstein,Edelstein,S,3,瑷
edelstein,Edelstein,S,4,琉
edelstein,Edelstein,S,5,镶宝石
edelstein,Edelstein,S,6,宝石
editor,Editor,S,0,编辑程序
effektivität,Effektivität,S,0,功效
effizient,effizient,Adj,0,有效益
effizient,effizient,Adj,1,有效的
effizient,effizient,Adj,2,有效率的
effizient,effizient,Adj,3,效率高
effizient,effizient,Adj,4,有效率
effizient,effizient,Adj,5,有效果
ehebruch,Ehebruch,S,0,奸
ehebruch,Ehebruch,S,1,奸淫
ehefrau,Ehefrau,S,0,媳
ehefrau,Ehefrau,S,1,妻
ehefrau,Ehefrau,S,2,内助
ehefrau,Ehefrau,S,3,媳妇
ehefrau,Ehefrau,S,4,嫡配
ehefrau,Ehefrau,S,5,家室
ehefrau,Ehefrau,S,6,老婆
ehefrau,Ehefrau,S,7,伉
ehegatten,Ehegatten,S,0,俪
ehegatten,Ehegatten,S,1,两口子
ehrenamt,Ehrenamt,S,0,志愿工作者
ehrenamtlich,ehrenamtlich,Adj,0,道义上
ehrenamtlich,ehrenamtlich,Adj,1,名誉
ehrenbürger,Ehrenbürger,S,0,荣誉市民
ehrenmann,Ehrenmann,S,0,有声望的人
ehrenmann,Ehrenmann,S,1,正人君子
ehrgeizig,ehrgeizig,Adj,0,有野心
ehrgeizig,ehrgeizig,Adj,1,有虚荣心
ehrgeizig,ehrgeizig,Adj,2,雄心勃勃地
ehrlichkeit,Ehrlichkeit,S,0,忱
ehrlichkeit,Ehrlichkeit,S,1,坦诚
eiche,Eiche,S,0,栎
eiche,Eiche,S,1,柞
eiche,Eiche,S,2,橡
eichel,Eichel,S,0,橡子
eichel,Eichel,S,1,橡实
eifer,Eifer,S,0,热心
eifer,Eifer,S,1,热忱
eiffelturm,Eiffelturm,S,0,艾菲尔铁塔
eiffelturm,Eiffelturm,S,1,埃菲尔铁塔
eiffelturm,Eiffelturm,S,2,爱菲尔铁塔
eigenartig,eigenartig,Adj,0,有特性
eigenartig,eigenartig,Adj,1,有气质
eigenhändig,eigenhändig,Adj,0,手迹
eigenkapital,Eigenkapital,S,0,所有者权益
eigenkapital,Eigenkapital,S,1,股本权益
eigenkapital,Eigenkapital,S,2,业主权益
eigenkapital,Eigenkapital,S,3,资本金
eigenkapital,Eigenkapital,S,4,自有资本
eigenmächtig,eigenmächtig,Adj,0,未取得同意
eigenmächtig,eigenmächtig,Adj,1,专制
eigenmächtig,eigenmächtig,Adj,2,恣意
eigenschaften,Eigenschaften,S,0,属性
eigenständigkeit,Eigenständigkeit,S,0,独立性
eigentor,Eigentor,S,0,自己跑进的球
eigentor,Eigentor,S,1,乌龙球
eigentumswohnung,Eigentumswohnung,S,0,共同统治
eigentumswohnung,Eigentumswohnung,S,1,公寓
eigentumswohnung,Eigentumswohnung,S,2,公寓大楼
eigentumswohnung,Eigentumswohnung,S,3,公寓房间
eigenverantwortung,Eigenverantwortung,S,0,自我开脱
eigenverantwortung,Eigenverantwortung,S,1,自我辩解
eigner,Eigner,S,0,所有者
eignung,Eignung,S,0,适宜性
eignung,Eignung,S,1,适用性
einarbeiten,einarbeiten,V,0,渐渐熟悉
einarbeiten,einarbeiten,V,1,加进
einarbeiten,einarbeiten,V,2,添入
einatmen,einatmen,V,0,吸进
einband,Einband,S,0,精装书
einbau,Einbau,S,0,装入
einberufung,Einberufung,S,0,入伍通知
einbeziehung,Einbeziehung,S,0,包含物
einbindung,Einbindung,S,0,卷入
einbürgerung,Einbürgerung,S,0,入国籍
einbürgerung,Einbürgerung,S,1,入籍
einbürgerung,Einbürgerung,S,2,归化
einbürgerung,Einbürgerung,S,3,自然化
eindrücke,Eindrücke,S,0,感触
eindämmen,eindämmen,V,0,筑堤提防
eindämmen,eindämmen,V,1,防堵
eindämmen,eindämmen,V,2,筑堤
eindämmung,Eindämmung,S,0,牵制
einfache,einfache,Adv,0,简单的
einfachheit,Einfachheit,S,0,质仆
einfachheit,Einfachheit,S,1,简朴
einfachheit,Einfachheit,S,2,愚笨
einfachheit,Einfachheit,S,3,平易
einfachheit,Einfachheit,S,4,无知
einfachheit,Einfachheit,S,5,朴素
einfachheit,Einfachheit,S,6,轻便
einfamilienhaus,Einfamilienhaus,S,0,独立式房屋
einflussnahme,Einflussnahme,S,0,影响力控制
einflussnahme,Einflussnahme,S,1,发挥影响
einfordern,einfordern,V,0,坚称
einfrieren,einfrieren,V,0,冰
einfügen,einfügen,V,0,间生
einfügen,einfügen,V,1,内配合
einfügen,einfügen,V,2,被夹于中间
einfügen,einfügen,V,3,貼上
einfügen,einfügen,V,4,粘贴
einfühlsam,einfühlsam,Adj,0,移情作用
einfühlsam,einfühlsam,Adj,1,感情移入
eingangshalle,Eingangshalle,S,0,大堂
eingangshalle,Eingangshalle,S,1,门厅
eingebaut,eingebaut,Adj,0,内装的
eingebaut,eingebaut,Adj,1,内建
eingebaut,eingebaut,Adj,2,装入
eingebaut,eingebaut,Adj,3,固定的
eingeben,eingeben,V,0,写入
eingeben,eingeben,V,1,戒烟糖
eingeben,eingeben,V,2,敲入
eingeben,eingeben,V,3,献出
eingeben,eingeben,V,4,股票下跌
eingeben,eingeben,V,5,供给
eingebettet,eingebettet,Adj,0,嵌入性
eingebracht,eingebracht,Adj,0,赚取
eingefallen,eingefallen,Adj,0,瘪
eingefallen,eingefallen,Adj,1,憔悴
eingefügt,eingefügt,Adj,0,闰
eingegangen,eingegangen,Adj,0,信件收到
eingegangen,eingegangen,Adj,1,停刊
eingegangen,eingegangen,Adj,2,允诺
eingeladen,eingeladen,Adj,0,被邀请
eingeladen,eingeladen,Adj,1,收到请柬
eingelassen,eingelassen,V,0,暗埋
eingeliefert,eingeliefert,Adj,0,被搬运
eingeliefert,eingeliefert,Adj,1,被送到医院
eingeliefert,eingeliefert,Adj,2,被转送
eingenommen,eingenommen,Adj,0,年华
eingereicht,eingereicht,Adj,0,已缴
eingeschaltet,eingeschaltet,Adj,0,通电了
eingeschaltet,eingeschaltet,Adj,1,开着
eingeschaltet,eingeschaltet,Adj,2,打开了
eingeschaltet,eingeschaltet,Adj,3,合上
eingeschrieben,eingeschrieben,Adj,0,登记过
eingeschrieben,eingeschrieben,Adj,1,挂号了
eingeschrieben,eingeschrieben,Adj,2,登记了
eingeschrieben,eingeschrieben,Adj,3,记名
eingeschrieben,eingeschrieben,Adj,4,被深深刻入
eingeschrieben,eingeschrieben,Adj,5,写下
eingeschrieben,eingeschrieben,Adj,6,注册了
eingeschrieben,eingeschrieben,Adj,7,被牢记
eingeschrieben,eingeschrieben,Adj,8,注册过
eingestellt,eingestellt,Adj,0,雇用
eingetroffen,eingetroffen,Adj,0,获得声望
eingetroffen,eingetroffen,Adj,1,到达目的地
eingetroffen,eingetroffen,Adj,2,达到目标
eingetroffen,eingetroffen,Adj,3,成真
eingewandert,eingewandert,Adj,0,移民
eingewandert,eingewandert,Adj,1,移居
eingeweide,Eingeweide,S,0,脏腑
eingezahlt,eingezahlt,Adj,0,已缴
eingezahlt,eingezahlt,Adj,1,支付
einhaltung,Einhaltung,S,0,跟随
einheimische,Einheimische,S,0,人氏
einheimische,Einheimische,S,1,地方人
einhorn,Einhorn,S,0,独角兽
einhorn,Einhorn,S,1,麒
einhorn,Einhorn,S,2,廌
einkaufswagen,Einkaufswagen,S,0,推车
einkaufswagen,Einkaufswagen,S,1,购物车
einkaufszentrum,Einkaufszentrum,S,0,商店区
einkaufszentrum,Einkaufszentrum,S,1,购物中心
einlass,Einlass,S,0,入场
einlauf,Einlauf,S,0,喂入部分
einleuchtend,einleuchtend,Adj,0,貌似有理
einlösen,einlösen,V,0,兑现
einmarsch,Einmarsch,S,0,入侵
einmündung,Einmündung,S,0,交叉路口
einnahmen,Einnahmen,S,0,进款
einreise,Einreise,S,0,入境
einsammeln,einsammeln,V,0,蒐
einsammeln,einsammeln,V,1,藴
einsammeln,einsammeln,V,2,罗
einsammeln,einsammeln,V,3,扱
einsammeln,einsammeln,V,4,汇齐
einsatzbereitschaft,Einsatzbereitschaft,S,0,准备好运行
einsatzbereitschaft,Einsatzbereitschaft,S,1,进入准备就绪
einsatzbereitschaft,Einsatzbereitschaft,S,2,可运行状态
einsatzgebiet,Einsatzgebiet,S,0,使用区域
einsatzgebiet,Einsatzgebiet,S,1,运行范围
einsatzgebiet,Einsatzgebiet,S,2,应用领域
einsatzort,Einsatzort,S,0,使用地
einschnitt,Einschnitt,S,0,暂停
einschnitt,Einschnitt,S,1,凹口
einschnitt,Einschnitt,S,2,休止
einschränkung,Einschränkung,S,0,苦行
einschränkung,Einschränkung,S,1,缓和
einschränkung,Einschränkung,S,2,酸涩
einschränkung,Einschränkung,S,3,朴素
einschulung,Einschulung,S,0,学校教育
einschulung,Einschulung,S,1,开始上学
einschätzung,Einschätzung,S,0,估值
einschüchterung,Einschüchterung,S,0,威吓
einschüchterung,Einschüchterung,S,1,胁迫
einsetzbar,einsetzbar,Adj,0,可放下
einsetzbar,einsetzbar,Adj,1,可放置
einsetzbar,einsetzbar,Adj,2,可放倒
einsetzbar,einsetzbar,Adj,3,可适用
einsichtig,einsichtig,Adj,0,明智
einsiedler,Einsiedler,S,0,行者
einsiedler,Einsiedler,S,1,隐居者
einsiedler,Einsiedler,S,2,隐士
einsparung,Einsparung,S,0,节约
einstand,Einstand,S,0,入会
einstand,Einstand,S,1,入会费
einsteiger,Einsteiger,S,0,新来的人
einsteiger,Einsteiger,S,1,新进入者
einsteiger,Einsteiger,S,2,新建厂
einsturz,Einsturz,S,0,坍
einsturz,Einsturz,S,1,垮
einsturz,Einsturz,S,2,塌
einteilung,Einteilung,S,0,分类
einteilung,Einteilung,S,1,编预算
eintrittskarte,Eintrittskarte,S,0,入场卷
eintrittskarte,Eintrittskarte,S,1,入场券
eintrittskarte,Eintrittskarte,S,2,门券
einwanderer,Einwanderer,S,0,移民
einwanderer,Einwanderer,S,1,外来移民
einwanderung,Einwanderung,S,0,迁居
einwanderung,Einwanderung,S,1,移民
einweihung,Einweihung,S,0,剪彩仪式
einweihung,Einweihung,S,1,下线仪式
einweisung,Einweisung,S,0,简报
einweisung,Einweisung,S,1,下达简令
einweisung,Einweisung,S,2,膳宿
einweisung,Einweisung,S,3,安装进程
einwilligung,Einwilligung,S,0,默许
einwurf,Einwurf,S,0,掷界外球
einzelgänger,Einzelgänger,S,0,独行侠
einzelgänger,Einzelgänger,S,1,孤独的人
einzelheiten,Einzelheiten,S,0,底蕴
einzelzimmer,Einzelzimmer,S,0,单人房
einzelzimmer,Einzelzimmer,S,1,单间
einzelzimmer,Einzelzimmer,S,2,单人房间
einzelzimmer,Einzelzimmer,S,3,单人间
einzelzimmer,Einzelzimmer,S,4,担任房间
einzigartig,einzigartig,Adj,0,空前绝后
einzigartig,einzigartig,Adj,1,唯独
einzigartig,einzigartig,Adj,2,无法仿效
einzigartig,einzigartig,Adj,3,独树一帜
einzugsgebiet,Einzugsgebiet,S,0,市场区域
einöde,Einöde,S,0,荒野
einöde,Einöde,S,1,废地
eishockey,Eishockey,S,0,冰球
eishockey,Eishockey,S,1,冰上曲棍球
eiskalt,eiskalt,Adj,0,冰冷
eiskalt,eiskalt,Adj,1,凛凛
eistee,Eistee,S,0,冰茶
eistee,Eistee,S,1,柠檬茶
eistee,Eistee,S,2,冰红茶
eiswürfel,Eiswürfel,S,0,冰块
eiszeit,Eiszeit,S,0,冰河期
eiszeit,Eiszeit,S,1,冰雪时代
eklig,eklig,Adj,0,面目可憎
elastizität,Elastizität,S,0,弹性系数
elastizität,Elastizität,S,1,弹性
elastizität,Elastizität,S,2,伸缩力
elastizität,Elastizität,S,3,伸缩力
elbphilharmonie,Elbphilharmonie,S,0,易北爱乐厅
elefant,Elefant,S,0,大象
elefanten,Elefanten,S,0,象
elektrifizierung,Elektrifizierung,S,0,电气化
elektrik,Elektrik,S,0,电气系统
elektroauto,Elektroauto,S,0,电动汽车
elektroauto,Elektroauto,S,1,电动轿车
elektromobilität,Elektromobilität,S,0,电机动性
elektroniker,Elektroniker,S,0,电子工
elektroniker,Elektroniker,S,1,电子机工
elementar,elementar,Adj,0,自然力
elementar,elementar,Adj,1,不可抗拒
elementar,elementar,Adj,2,基本
elfte,elfte,Num,0,第十一个
elfte,elfte,Num,1,第十一
elle,Elle,S,0,肘尺
ellenbogen,Ellenbogen,S,0,臂肘
ellenbogen,Ellenbogen,S,1,肘
elster,Elster,S,0,喜鹊
elster,Elster,S,1,鹊
elterngeld,Elterngeld,S,0,父母金
emblem,Emblem,S,0,象征
embryo,Embryo,S,0,胚胎
embryo,Embryo,S,1,妚
embryo,Embryo,S,2,胚芽
emir,Emir,S,0,王侯
emir,Emir,S,1,穆斯林统治者
emir,Emir,S,2,埃米尔
emirate,Emirate,S,0,酋长国家
empathie,Empathie,S,0,同理心
empathie,Empathie,S,1,移情作用
empathie,Empathie,S,2,移情
empört,empört,Adj,0,受到凌辱
empört,empört,Adj,1,凌辱
endeffekt,Endeffekt,S,0,最终效果
endergebnis,Endergebnis,S,0,最终结果
endergebnis,Endergebnis,S,1,最终影响
endprodukt,Endprodukt,S,0,终产物
endprodukt,Endprodukt,S,1,成品
endpunkt,Endpunkt,S,0,端点
endpunkt,Endpunkt,S,1,终点
endstation,Endstation,S,0,终点站
endstation,Endstation,S,1,终点
endstation,Endstation,S,2,中点站
endverbraucher,Endverbraucher,S,0,最终用户
endverbraucher,Endverbraucher,S,1,最终消费者
endzeit,Endzeit,S,0,世界末日
energetisch,energetisch,Adj,0,有能量
energetisch,energetisch,Adj,1,倜
energetisch,energetisch,Adj,2,正起劲
energiegewinnung,Energiegewinnung,S,0,能量获得
energiegewinnung,Energiegewinnung,S,1,产生能量
energiewirtschaft,Energiewirtschaft,S,0,能源经济
energiewirtschaft,Energiewirtschaft,S,1,能源产业
engagiert,engagiert,Adj,0,牵扯在内
engagiert,engagiert,Adj,1,自愿负责
engagiert,engagiert,Adj,2,忙碌
engagiert,engagiert,Adj,3,使忙碌
engagiert,engagiert,Adj,4,使用中
engagiert,engagiert,Adj,5,坚定
enkelin,Enkelin,S,0,孙儿
entbehrlich,entbehrlich,Adj,0,可消耗
entbehrlich,entbehrlich,Adj,1,可有可无
entbehrlich,entbehrlich,Adj,2,不是必要
entbehrlich,entbehrlich,Adj,3,可牺牲
entbindung,Entbindung,S,0,产科
entbindung,Entbindung,S,1,大盆
entertainment,Entertainment,S,0,娱乐业
entfaltung,Entfaltung,S,0,详细说明
entfaltung,Entfaltung,S,1,逐渐成长
entfaltung,Entfaltung,S,2,展开
entführer,Entführer,S,0,绑架者
entführer,Entführer,S,1,劫机犯
entführer,Entführer,S,2,诱拐者
entführer,Entführer,S,3,劫持者
entführer,Entführer,S,4,拐子
enthaltung,Enthaltung,S,0,戒瘾
enthaltung,Enthaltung,S,1,克制
enthauptung,Enthauptung,S,0,掉之罪
enthauptung,Enthauptung,S,1,斩首
enthauptung,Enthauptung,S,2,杀头
entkräften,entkräften,V,0,削弱
entkräftet,entkräftet,Adj,0,瘦弱
entlassung,Entlassung,S,0,下臺
entlassung,Entlassung,S,1,革职
entlastung,Entlastung,S,0,释罪
entlastung,Entlastung,S,1,免罪
entlastung,Entlastung,S,2,开脱
entlastung,Entlastung,S,3,免除
entlastung,Entlastung,S,4,信贷
entlastung,Entlastung,S,5,免除债务
entnahme,Entnahme,S,0,拿走
entnahme,Entnahme,S,1,移除
entrüstung,Entrüstung,S,0,义愤
entscheid,Entscheid,S,0,判决
entscheider,Entscheider,S,0,决定者
entscheidungsfindung,Entscheidungsfindung,S,0,决策
entscheidungsträger,Entscheidungsträger,S,0,决策者
entschieden,entschieden,Adj,0,断
entsendung,Entsendung,S,0,代表队
entsorgen,entsorgen,V,0,废物清理
entsorgen,entsorgen,V,1,处理掉
entsorgen,entsorgen,V,2,除废
entsorgen,entsorgen,V,3,废弃物处理
entspannt,entspannt,Adj,0,休闲的
entspannt,entspannt,Adj,1,宽余
entspannt,entspannt,Adj,2,跟着发生
entspannt,entspannt,Adj,3,使松弛
entspannt,entspannt,Adj,4,冷静下来
entspannt,entspannt,Adj,5,轻闲
entspannt,entspannt,Adj,6,缓和
entspannt,entspannt,Adj,7,轻省
entsprechung,Entsprechung,S,0,相等物
enttäuscht,enttäuscht,Adj,0,使失望
enttäuscht,enttäuscht,Adj,1,怃
enttäuscht,enttäuscht,Adj,2,惆
enttäuscht,enttäuscht,Adj,3,惝
enttäuscht,enttäuscht,Adj,4,壈
enttäuscht,enttäuscht,Adj,5,凉
entwarnung,Entwarnung,S,0,安全信号
entwickelt,entwickelt,Adj,0,培养
entwickelt,entwickelt,Adj,1,先进
entwickler,Entwickler,S,0,开发者
entwickler,Entwickler,S,1,显色剂
entwickler,Entwickler,S,2,开发人员
entwickler,Entwickler,S,3,显影剂
entwicklungsgeschichte,Entwicklungsgeschichte,S,0,演变历史
entwicklungsgeschichte,Entwicklungsgeschichte,S,1,发展史
entworfen,entworfen,Adj,0,设计好
entworfen,entworfen,Adj,1,计划好
entzogen,entzogen,Adj,0,被剥夺
entzug,Entzug,S,0,拿走
enzym,Enzym,S,0,酵素
epidemie,Epidemie,S,0,瘟疫
epidemie,Epidemie,S,1,疫病
epilepsie,Epilepsie,S,0,痫
epilepsie,Epilepsie,S,1,癫痫
epilepsie,Epilepsie,S,2,癫痫病
epilepsie,Epilepsie,S,3,羊角风
erbauer,Erbauer,S,0,建设者
erbauer,Erbauer,S,1,施工人
erbeutet,erbeutet,Adv,0,被抢
erbin,Erbin,S,0,女继承人
erbrecht,Erbrecht,S,0,继承法
erbschaftssteuer,Erbschaftssteuer,S,0,遗产税
erden,erden,V,0,接地
erderwärmung,Erderwärmung,S,0,地球变暖
erdnussbutter,Erdnussbutter,S,0,花生酱
erdoberfläche,Erdoberfläche,S,0,地球表面
erdoberfläche,Erdoberfläche,S,1,地表面
erdoberfläche,Erdoberfläche,S,2,地球表面积
erektion,Erektion,S,0,勃起
erektion,Erektion,S,1,立起
erfahrungsaustausch,Erfahrungsaustausch,S,0,经验交流
erfahrungsbericht,Erfahrungsbericht,S,0,经验报告
erfolgsgeschichte,Erfolgsgeschichte,S,0,成功故事
erforscht,erforscht,Adj,0,研考
erforscht,erforscht,Adj,1,搜寻
erfragen,erfragen,V,0,寻问
erfreut,erfreut,Adj,0,䜣
erfrischend,erfrischend,Adj,0,清凉
erfrischend,erfrischend,Adj,1,爽口
erfrischung,Erfrischung,S,0,提神用品
erfrischung,Erfrischung,S,1,消除疲劳
erfrischung,Erfrischung,S,2,重振雄风
erfrischung,Erfrischung,S,3,便餐
erfüllt,erfüllt,Adj,0,满怀
erfüllt,erfüllt,Adj,1,遵守
ergattern,ergattern,V,0,捞
ergreifend,ergreifend,Adj,0,动人
ergründen,ergründen,V,0,铺底
ergründen,ergründen,V,1,进行探索
ergründen,ergründen,V,2,英寻
ergründen,ergründen,V,3,着底
ergründen,ergründen,V,4,彻底了解
ergänzend,ergänzend,Adj,0,互补
erhaben,erhaben,Adj,0,凛
erhaben,erhaben,Adj,1,巍
erhaben,erhaben,Adj,2,令人敬畏
erhaben,erhaben,Adj,3,伟大
erhaltung,Erhaltung,S,0,守恒
erhaltung,Erhaltung,S,1,保存状态
erholung,Erholung,S,0,休养
erhöht,erhöht,Adj,0,嶭
erkennung,Erkennung,S,0,认出
erklimmen,erklimmen,V,0,达高峰
erklärt,erklärt,Adj,0,宣布
erklärt,erklärt,Adj,1,宣称
erkrankt,erkrankt,Adj,0,虺
erkrankt,erkrankt,Adj,1,癠
erkrankt,erkrankt,Adj,2,患病
erkunden,erkunden,V,0,踩点
erkundung,Erkundung,S,0,侦察
erkundung,Erkundung,S,1,考察
erkämpfen,erkämpfen,V,0,战斗
erkämpfen,erkämpfen,V,1,赢得
erlangung,Erlangung,S,0,才艺
erlangung,Erlangung,S,1,学识
erlaubt,erlaubt,Adj,0,不禁止
erlaubt,erlaubt,Adj,1,许可
erlaubt,erlaubt,Adj,2,得到授权
erledigung,Erledigung,S,0,会报
erledigung,Erledigung,S,1,实行
erledigung,Erledigung,S,2,交易
erlegen,erlegen,V,0,屈服
erlegen,erlegen,V,1,猎杀
erlegen,erlegen,V,2,投降
erlegen,erlegen,V,3,杀死
erleichtert,erleichtert,Adj,0,心情轻松
erleichtert,erleichtert,Adj,1,释然
erleuchtet,erleuchtet,Adj,0,启蒙
erleuchtung,Erleuchtung,S,0,灵悟
erleuchtung,Erleuchtung,S,1,顿悟
erleuchtung,Erleuchtung,S,2,灵感
erliegen,erliegen,S,0,死亡
erliegen,erliegen,S,1,屈服
erliegen,erliegen,S,2,猎杀
erliegen,erliegen,S,3,投降
erliegen,erliegen,S,4,杀死
erloschen,erloschen,Adj,0,已灭
erlös,Erlös,S,0,筹集的钱
erlöschen,erlöschen,V,0,消亡
erlöschen,erlöschen,V,1,阑珊
erlöschen,erlöschen,V,2,终止
erlöschen,erlöschen,V,3,灭亡
erlöschen,erlöschen,V,4,熄灭
erlöser,Erlöser,S,0,救世主
erlöser,Erlöser,S,1,救赎主
erlöser,Erlöser,S,2,赎当者
erlöser,Erlöser,S,3,拯救者
erlöser,Erlöser,S,4,释放者
erlöser,Erlöser,S,5,买回者
erlöser,Erlöser,S,6,保释人
erlöser,Erlöser,S,7,解放者
erlöser,Erlöser,S,8,赎身者
erlösung,Erlösung,S,0,赎回
erlösung,Erlösung,S,1,清偿
erlösung,Erlösung,S,2,救世
erlösung,Erlösung,S,3,救赎
erlösung,Erlösung,S,4,救恩
ermittler,Ermittler,S,0,侦察员
ermittler,Ermittler,S,1,调查人员
ermittler,Ermittler,S,2,探员
ermittler,Ermittler,S,3,侦探
ermittler,Ermittler,S,4,调查者
ermittler,Ermittler,S,5,侦探员
ermittler,Ermittler,S,6,调查员
ermittlung,Ermittlung,S,0,侦探
ermittlung,Ermittlung,S,1,决断力
ermittlung,Ermittlung,S,2,弄清
ermittlung,Ermittlung,S,3,侦讯
ermordet,ermordet,Adj,0,被杀
ermordet,ermordet,Adj,1,被害
ermordung,Ermordung,S,0,杀害
ermordung,Ermordung,S,1,谋杀
ermutigt,ermutigt,Adj,0,美滋滋
ermächtigt,ermächtigt,Adj,0,受权
erneuert,erneuert,Adj,0,重新的
ernährt,ernährt,Adj,0,滋养
ernährt,ernährt,Adj,1,喂养
ernährt,ernährt,Adj,2,养活
ernährt,ernährt,Adj,3,供养
ernährt,ernährt,Adj,4,养育
ernährung,Ernährung,S,0,滋养物
ernährung,Ernährung,S,1,营养供给
ernährung,Ernährung,S,2,营养学
ernüchterung,Ernüchterung,S,0,幻灭
ernüchterung,Ernüchterung,S,1,觉醒
erosion,Erosion,S,0,冲刷
erosion,Erosion,S,1,糜烂
erosion,Erosion,S,2,冲蚀
erotik,Erotik,S,0,性感
erotik,Erotik,S,1,情色
erpresser,Erpresser,S,0,勒索者
erpressung,Erpressung,S,0,敲诈
erpressung,Erpressung,S,1,勒索罪
erpressung,Erpressung,S,2,勒索
erpressung,Erpressung,S,3,黑信
erprobt,erprobt,Adj,0,试用
erprobt,erprobt,Adj,1,排练
erprobt,erprobt,Adj,2,经过考验的
erscheinungsbild,Erscheinungsbild,S,0,脸面
erschienen,erschienen,V,0,已出版
erschrocken,erschrocken,Adj,0,怖
erschrocken,erschrocken,Adj,1,怛
erstarrt,erstarrt,Adj,0,呆钝
erstattung,Erstattung,S,0,退款
erstaunlicherweise,erstaunlicherweise,Adv,0,说来奇怪
erstaunt,erstaunt,Adj,0,目瞪口呆
erstellung,Erstellung,S,0,建完
erstens,erstens,Adv,0,首先
erstklassig,erstklassig,Adj,0,第一堂课
erstklassig,erstklassig,Adj,1,一档
erstklassig,erstklassig,Adj,2,头等
erstklassig,erstklassig,Adj,3,高级
erstklassig,erstklassig,Adj,4,一流
erstklassig,erstklassig,Adj,5,头等的
erstklassig,erstklassig,Adj,6,优质的
erstklassig,erstklassig,Adj,7,高档
erstrebenswert,erstrebenswert,Adj,0,值得向往
erwachsenenbildung,Erwachsenenbildung,S,0,成人教育
erwerbstätige,Erwerbstätige,S,0,就业人员
erwerbstätige,Erwerbstätige,S,1,就业者
erwirtschaften,erwirtschaften,V,0,挣得
erwirtschaften,erwirtschaften,V,1,赚入
erwirtschaften,erwirtschaften,V,2,赢得
erworben,erworben,Adj,0,获得性
erwähnenswert,erwähnenswert,Adj,0,值得提
erwähnenswert,erwähnenswert,Adj,1,可建议
erwähnung,Erwähnung,S,0,论及
erwähnung,Erwähnung,S,1,提到
erwähnung,Erwähnung,S,2,谈到
erwähnung,Erwähnung,S,3,提起
erwähnung,Erwähnung,S,4,述说
erwähnung,Erwähnung,S,5,讲到
erwähnung,Erwähnung,S,6,叙述
erz,Erz,S,0,矿砂
erz,Erz,S,1,矿石
erz,Erz,S,2,矿
erzeuger,Erzeuger,S,0,制造者
erzeuger,Erzeuger,S,1,祖先
erzeugung,Erzeugung,S,0,一代
erzieherin,Erzieherin,S,0,女助教
erzieherin,Erzieherin,S,1,女家庭教师
erzwungen,erzwungen,Adj,0,强迫
erzwungen,erzwungen,Adj,1,不自然
erzwungen,erzwungen,Adj,2,强取
eröffnungsfeier,Eröffnungsfeier,S,0,揭幕式
eröffnungsfeier,Eröffnungsfeier,S,1,开幕庆典
eröffnungsfeier,Eröffnungsfeier,S,2,开幕仪式
eskalieren,eskalieren,V,0,使逐步上升
eskalieren,eskalieren,V,1,使逐步扩大
eskalieren,eskalieren,V,2,弄得更糟
eskaliert,eskaliert,Adj,0,使逐步上升
eskaliert,eskaliert,Adj,1,使逐步扩大
eskaliert,eskaliert,Adj,2,弄得更糟
esoterik,Esoterik,S,0,奥秘读物
espresso,Espresso,S,0,蒸馏咖啡
espresso,Espresso,S,1,浓咖啡
espresso,Espresso,S,2,浓缩咖啡
esprit,Esprit,S,0,机智
essbar,essbar,Adj,0,可吃
essbar,essbar,Adj,1,可食用
essbar,essbar,Adj,2,可以吃
essentiell,essentiell,Adj,0,本质上
essentiell,essentiell,Adj,1,实质上
essentiell,essentiell,Adj,2,必需
essentiell,essentiell,Adj,3,主要的
essenz,Essenz,S,0,真髓
essenz,Essenz,S,1,精华
essenz,Essenz,S,2,关键要素
esslöffel,Esslöffel,S,0,大食匙
esstisch,Esstisch,S,0,饭桌
esstisch,Esstisch,S,1,餐桌
ester,Ester,S,0,酯
ethernet,Ethernet,S,0,以太网络
ethernet,Ethernet,S,1,以太网
ethernet,Ethernet,S,2,乙太网路
ethnie,Ethnie,S,0,族群
ethnisch,ethnisch,Adj,0,人种
ethnisch,ethnisch,Adj,1,民族
ethnologie,Ethnologie,S,0,民族学
ethnologie,Ethnologie,S,1,人种学
etliche,etliche,Pron,0,不少
etymologie,Etymologie,S,0,语源学
etymologie,Etymologie,S,1,语源
eulen,Eulen,S,0,鸮形目
euphorie,Euphorie,S,0,陶醉
euphorie,Euphorie,S,1,得意洋洋
euphorie,Euphorie,S,2,安乐感
euphorie,Euphorie,S,3,乐观情绪
euphorie,Euphorie,S,4,欣快
euro,Euro,S,0,欧元
euro,Euro,S,1,欧元
eurofighter,Eurofighter,S,0,欧洲战斗机
europacup,Europacup,S,0,欧洲杯
europameister,Europameister,S,0,欧洲冠军
europameisterschaft,Europameisterschaft,S,0,欧洲杯
europameisterschaft,Europameisterschaft,S,1,欧洲冠军赛
europameisterschaft,Europameisterschaft,S,2,欧洲锦标赛
europawahl,Europawahl,S,0,欧洲选举
eurozone,Eurozone,S,0,欧元区
evakuierung,Evakuierung,S,0,疏散
evakuierung,Evakuierung,S,1,把人全赶出
evangelium,Evangelium,S,0,真理
exekution,Exekution,S,0,实行
exekutive,Exekutive,S,0,执法人员
exemplarisch,exemplarisch,Adj,0,可做模范
exklusiv,exklusiv,Adj,0,孤傲
exklusiv,exklusiv,Adj,1,互斥的
exklusiv,exklusiv,Adj,2,名贵
exklusiv,exklusiv,Adj,3,专属
exklusiv,exklusiv,Adj,4,不包括
exkursion,Exkursion,S,0,学术旅行考察
exkursion,Exkursion,S,1,小游
exkursion,Exkursion,S,2,科学考察
expandieren,expandieren,V,0,拓展
expandieren,expandieren,V,1,膨胀
expertise,Expertise,S,0,鉴定书
expertise,Expertise,S,1,专家鉴定
exposition,Exposition,S,0,展会
expressionismus,Expressionismus,S,0,表现主义
extern,extern,Adj,0,外部的
extern,extern,Adj,1,外部
extremfall,Extremfall,S,0,极端事情
extremfall,Extremfall,S,1,极端场合
extremfall,Extremfall,S,2,极端情况
extremisten,Extremisten,S,0,激进分子
facelift,Facelift,S,0,脸部护理
facharbeit,Facharbeit,S,0,专业工作
facharzt,Facharzt,S,0,高明的医生
fachgebiet,Fachgebiet,S,0,业务
fachgebiet,Fachgebiet,S,1,专长
fachgebiet,Fachgebiet,S,2,学术领域
fachgebiet,Fachgebiet,S,3,专题区
fachgruppe,Fachgruppe,S,0,座谈小组
fachgruppe,Fachgruppe,S,1,谈判小组
fachhochschule,Fachhochschule,S,0,学堂
fachhochschule,Fachhochschule,S,1,应用科学大学
fachhochschule,Fachhochschule,S,2,专科大学
fachkraft,Fachkraft,S,0,专业人士
fachkräftemangel,Fachkräftemangel,S,0,技术人員短缺
fachkräftemangel,Fachkräftemangel,S,1,缺乏技工
fachkräftemangel,Fachkräftemangel,S,2,缺乏专业人才
fachkräftemangel,Fachkräftemangel,S,3,缺乏技术人員
fachkräftemangel,Fachkräftemangel,S,4,缺乏技术工員
fachkräftemangel,Fachkräftemangel,S,5,专业人才短缺
fachkräftemangel,Fachkräftemangel,S,6,技工短缺
fachliteratur,Fachliteratur,S,0,专业书籍
fachliteratur,Fachliteratur,S,1,专业文献
fachwerk,Fachwerk,S,0,桁架
fachwissen,Fachwissen,S,0,业务知识
fachzeitschrift,Fachzeitschrift,S,0,专业论文
fachzeitschrift,Fachzeitschrift,S,1,技术杂志
fachzeitschrift,Fachzeitschrift,S,2,专业杂志
fad,fad,Adj,0,枯燥乏味
fad,fad,Adj,1,味同嚼蜡
fad,fad,Adj,2,味淡
fad,fad,Adj,3,无聊
fad,fad,Adj,4,淡而无味
fade,fade,Adj,0,平淡
fahndung,Fahndung,S,0,搜查
fahndung,Fahndung,S,1,寻求
fahndung,Fahndung,S,2,搜寻
fahndung,Fahndung,S,3,刻意地看
fahrenheit,Fahrenheit,S,0,华氏
fahrerin,Fahrerin,S,0,女司机
fahrerin,Fahrerin,S,1,女驾驶员
fahrerlaubnis,Fahrerlaubnis,S,0,驾驶许可
fahrlehrer,Fahrlehrer,S,0,驾驶教师
fahrlehrer,Fahrlehrer,S,1,驾驶老师
fahrlässig,fahrlässig,Adj,0,疏忽
fahrlässig,fahrlässig,Adj,1,不小心
fahrlässigkeit,Fahrlässigkeit,S,0,不介意
fahrlässigkeit,Fahrlässigkeit,S,1,自由奔放
fahrlässigkeit,Fahrlässigkeit,S,2,不检点
fahrlässigkeit,Fahrlässigkeit,S,3,过失
fahrlässigkeit,Fahrlässigkeit,S,4,不小心
fahrlässigkeit,Fahrlässigkeit,S,5,忽视
fahrradfahren,Fahrradfahren,S,0,骑脚踏车
fahrschule,Fahrschule,S,0,驾驶学校
fahrschule,Fahrschule,S,1,驾校
fahrtkosten,Fahrtkosten,S,0,差旅费
fahrtrichtung,Fahrtrichtung,S,0,前进方向
fahrtrichtung,Fahrtrichtung,S,1,行车方向
fahrverbot,Fahrverbot,S,0,禁止车辆通行
fahrverbot,Fahrverbot,S,1,禁行
fahrverbot,Fahrverbot,S,2,禁止驾驶
fahrwerk,Fahrwerk,S,0,车盘
fahrwerk,Fahrwerk,S,1,汽车底座
fairness,Fairness,S,0,衡平法
fairness,Fairness,S,1,无歧视
falke,Falke,S,0,猎鹰
falke,Falke,S,1,鹘
falke,Falke,S,2,鹰犬
falke,Falke,S,3,鹰派人物
falken,Falken,S,0,隼属
falle,Falle,S,0,诱捕
falle,Falle,S,1,陷井
falle,Falle,S,2,圈套
fallout,Fallout,S,0,原子尘的降下
fallout,Fallout,S,1,散落
fallout,Fallout,S,2,附带结果
fallout,Fallout,S,3,辐射性微尘
fallout,Fallout,S,4,原子尘
falter,Falter,S,0,夹
falter,Falter,S,1,蛱
falter,Falter,S,2,折叠者
falter,Falter,S,3,蜨
falter,Falter,S,4,卡子
familienbetrieb,Familienbetrieb,S,0,家族企业
familienbetrieb,Familienbetrieb,S,1,家庭企业
familienleben,Familienleben,S,0,家庭生活
familienmitglied,Familienmitglied,S,0,口人
familienmitglied,Familienmitglied,S,1,属
familienmitglied,Familienmitglied,S,2,家人
familiennachzug,Familiennachzug,S,0,家庭团聚
fantastisch,fantastisch,Adj,0,不理性
fantastisch,fantastisch,Adj,1,离奇幻想
fantastisch,fantastisch,Adj,2,美妙
fantastisch,fantastisch,Adj,3,极妙
fantastisch,fantastisch,Adj,4,不真实
farbige,Farbige,S,0,有色人种
farbige,Farbige,S,1,黑人
farce,Farce,S,0,喜剧
farce,Farce,S,1,闹剧
farce,Farce,S,2,胡闹
farm,Farm,S,0,饲养场
farmer,Farmer,S,0,农场主
fassungslos,fassungslos,Adv,0,失措
fassungsvermögen,Fassungsvermögen,S,0,容积
fasten,fasten,V,0,禁食
fastenzeit,Fastenzeit,S,0,四旬期
fastnacht,Fastnacht,S,0,狂欢节
fastnacht,Fastnacht,S,1,谢肉节
faulen,faulen,V,0,正在腐烂
faulen,faulen,V,1,将腐烂
favoriten,Favoriten,S,0,收藏夹
fechten,fechten,S,0,击剑
fechten,fechten,S,1,击剑
fechten,fechten,S,2,搏战
federführend,federführend,Adj,0,主管的
federführend,federführend,Adj,1,牵头的
federn,federn,V,0,有弹性
fee,Fee,S,0,天仙
fee,Fee,S,1,美丽女妖
fee,Fee,S,2,仙女
fee,Fee,S,3,小仙子
fee,Fee,S,4,天女
feed,Feed,S,0,网摘
feedback,Feedback,S,0,反馈意见
fehde,Fehde,S,0,雠
fehlerhaft,fehlerhaft,Adj,0,不完全
fehlerhaft,fehlerhaft,Adj,1,有故障
fehlerhaft,fehlerhaft,Adj,2,有错误
fehlerhaft,fehlerhaft,Adj,3,有缺陷
fehlerhaft,fehlerhaft,Adj,4,欠缺
fehlermeldung,Fehlermeldung,S,0,出错信息
fehlermeldung,Fehlermeldung,S,1,错误的提示
fehlermeldung,Fehlermeldung,S,2,故障信号
fehlermeldung,Fehlermeldung,S,3,失败的信号
feiertage,Feiertage,S,0,节假日
feiertage,Feiertage,S,1,例假日
feigheit,Feigheit,S,0,懦怯
feigheit,Feigheit,S,1,胆小
feindschaft,Feindschaft,S,0,仇
feindseligkeit,Feindseligkeit,S,0,嫌隙
feingefühl,Feingefühl,S,0,识别力
feinheiten,Feinheiten,S,0,敏锐
feinheiten,Feinheiten,S,1,微妙
feinstaub,Feinstaub,S,0,颗粒物
feinstaub,Feinstaub,S,1,微粒物质
feinstaub,Feinstaub,S,2,精细粉尘
feldherr,Feldherr,S,0,将军
feldwebel,Feldwebel,S,0,上士
feldweg,Feldweg,S,0,田间小路
feldweg,Feldweg,S,1,陌路
feldweg,Feldweg,S,2,乡村小路
feldzug,Feldzug,S,0,征战
feminin,feminin,Adj,0,女人似
ferienhaus,Ferienhaus,S,0,度假村
ferienhaus,Ferienhaus,S,1,度假住所
ferienwohnung,Ferienwohnung,S,0,度假村
ferienwohnung,Ferienwohnung,S,1,假日公寓
ferienwohnung,Ferienwohnung,S,2,度假住所
ferkel,Ferkel,S,0,豚
fernost,Fernost,S,0,远东
fernsehprogramm,Fernsehprogramm,S,0,电视节目
fernsehsendung,Fernsehsendung,S,0,电视广播
fernsehserie,Fernsehserie,S,0,影集
fernsehserie,Fernsehserie,S,1,剧集
fernsehserie,Fernsehserie,S,2,电视剧
fernsehturm,Fernsehturm,S,0,广播电视塔
fernwärme,Fernwärme,S,0,集中供暖
ferse,Ferse,S,0,脚跟
ferse,Ferse,S,1,跟
fertigkeiten,Fertigkeiten,S,0,个人技术
festanstellung,Festanstellung,S,0,永久雇用
festanstellung,Festanstellung,S,1,稳定的工作
feste,Feste,S,0,砦
festgelegt,festgelegt,Adj,0,额定
festgelegt,festgelegt,Adj,1,明确
festgenommen,festgenommen,V,0,被捕
festgesetzt,festgesetzt,Adj,0,注定
festmachen,festmachen,V,0,缆
festnetz,Festnetz,S,0,地面通讯线
festnetz,Festnetz,S,1,固定网络
festnetz,Festnetz,S,2,固定线
festnetz,Festnetz,S,3,陆上运输线
festplatte,Festplatte,S,0,硬盘
festplatte,Festplatte,S,1,硬碟
festsetzung,Festsetzung,S,0,设定条件
festsetzung,Festsetzung,S,1,关押
festspiele,Festspiele,S,0,戏剧节电影节
feststellung,Feststellung,S,0,论断
festung,Festung,S,0,筑要塞
festung,Festung,S,1,以要塞防守
festung,Festung,S,2,要塞
fetisch,Fetisch,S,0,物神
fetten,fetten,V,0,使润滑
fetten,fetten,V,1,涂着油
fetten,fetten,V,2,涂脂于
feuerstein,Feuerstein,S,0,燧石
feuerstein,Feuerstein,S,1,极硬的东西
feuerwache,Feuerwache,S,0,消防站
feuerwache,Feuerwache,S,1,消防处
feuerwehrmann,Feuerwehrmann,S,0,消防员
fiasko,Fiasko,S,0,大失败
ficken,ficken,V,0,肏
fies,fies,Adj,0,污秽
fies,fies,Adj,1,可憎
fies,fies,Adj,2,使人厌恶
fiktion,Fiktion,S,0,子虚
fiktion,Fiktion,S,1,杜撰
fiktion,Fiktion,S,2,虚构小说
fiktion,Fiktion,S,3,子虚乌有
filiale,Filiale,S,0,分店
filiale,Filiale,S,1,连锁店
filiale,Filiale,S,2,分行
filiale,Filiale,S,3,支行
filialleiter,Filialleiter,S,0,分店经理
filmemacher,Filmemacher,S,0,电影制片商
filmemacher,Filmemacher,S,1,电影制造商
filmfestival,Filmfestival,S,0,电影节
filmmaterial,Filmmaterial,S,0,影片的镜头
filmstar,Filmstar,S,0,影星
filmstar,Filmstar,S,1,电影明星
finanz,Finanz,S,0,金融界人物
finanziert,finanziert,Adj,0,提供资金
finanzkrise,Finanzkrise,S,0,金融危机
finanzkrise,Finanzkrise,S,1,财政危机
finanzpolitik,Finanzpolitik,S,0,金融政策
finder,Finder,S,0,发现者
finder,Finder,S,1,拾得者
fingerabdruck,Fingerabdruck,S,0,脶
fingerabdruck,Fingerabdruck,S,1,指纹
fingerabdruck,Fingerabdruck,S,2,手模
fingern,fingern,V,0,用手指触摸
fingern,fingern,V,1,指触
fingernägel,Fingernägel,S,0,手甲
fingerspitzen,Fingerspitzen,S,0,指頭尖
fink,Fink,S,0,雀类
fink,Fink,S,1,梧桐鸟
firewall,Firewall,S,0,防火墙
firmware,Firmware,S,0,韧体
firmware,Firmware,S,1,固件
fischerei,Fischerei,S,0,水利
fitness,Fitness,S,0,健身
fitnessstudio,Fitnessstudio,S,0,健身室
fitnessstudio,Fitnessstudio,S,1,健身房
fixen,fixen,V,0,快速
fixen,fixen,V,1,投机
fixen,fixen,V,2,注射海洛因
fixen,fixen,V,3,沉迷于
flammen,flammen,V,0,冒火焰
flammen,flammen,V,1,焱
flanke,Flanke,S,0,翼
flanken,flanken,V,0,边线传球
flash,Flash,S,0,闪光灯
flattern,flattern,V,0,展翅
flattern,flattern,V,1,扬
flattern,flattern,V,2,摇晃
flattern,flattern,V,3,犹豫
flattern,flattern,V,4,飘扬
fledermaus,Fledermaus,S,0,蝙蝠
fledermaus,Fledermaus,S,1,蝙
fledermaus,Fledermaus,S,2,蝠
fleischer,Fleischer,S,0,肉类加工技工
flexibel,flexibel,Adj,0,可变
flexibel,flexibel,Adj,1,可弯曲
flexibel,flexibel,Adj,2,柔韧
flexibel,flexibel,Adj,3,机变
flexibilität,Flexibilität,S,0,柔软性
flexibilität,Flexibilität,S,1,可塑性
flexibilität,Flexibilität,S,2,易弯性
flexibilität,Flexibilität,S,3,挠性
flexibilität,Flexibilität,S,4,适应性
flieder,Flieder,S,0,紫丁香
flieder,Flieder,S,1,丁香
flink,flink,Adj,0,手脚勤快
flink,flink,Adj,1,伶俐
flirt,Flirt,S,0,调情
flirt,Flirt,S,1,性魅力的诱惑
flirten,flirten,V,0,玩弄女性
flirten,flirten,V,1,调情
flirten,flirten,V,2,风情万种
flitterwochen,Flitterwochen,S,0,桃夭
flitterwochen,Flitterwochen,S,1,蜜月
floh,Floh,S,0,蚤
floh,Floh,S,1,跳蚤
floh,Floh,S,2,虼
flop,Flop,S,0,重重地摔下
flop,Flop,S,1,砰然落下
flop,Flop,S,2,巨大失败
flott,flott,Adj,0,漂浮
flott,flott,Adj,1,轻快
flott,flott,Adj,2,行驶自如
flugzeugabsturz,Flugzeugabsturz,S,0,飞机坠毁
flugzeugabsturz,Flugzeugabsturz,S,1,空难事故
flugzeugabsturz,Flugzeugabsturz,S,2,坠机
flugzeugabsturz,Flugzeugabsturz,S,3,坠机事故
flugzeugträger,Flugzeugträger,S,0,航母
flugzeugträger,Flugzeugträger,S,1,航空母舰
fluten,fluten,V,0,发大水
fluten,fluten,V,1,发洪水
flächendeckend,flächendeckend,Adj,0,地区范围内
fläschchen,Fläschchen,S,0,任何瓶状容器
fläschchen,Fläschchen,S,1,长颈瓶
fläschchen,Fläschchen,S,2,小瓶
flüchtige,Flüchtige,S,0,逃跑
flüchtige,Flüchtige,S,1,临时
flüchtlingslager,Flüchtlingslager,S,0,难民收容所
flüchtlingslager,Flüchtlingslager,S,1,难民营
flüchtlingspolitik,Flüchtlingspolitik,S,0,难民政策
fohlen,Fohlen,S,0,马驹
fohlen,Fohlen,S,1,小马
fohlen,Fohlen,S,2,驹
fokussieren,fokussieren,V,0,对焦点
fokussiert,fokussiert,Adj,0,受到聚焦
fokussiert,fokussiert,Adj,1,令人关注
fokussierung,Fokussierung,S,0,对焦
folgekosten,Folgekosten,S,0,后续费用
folklore,Folklore,S,0,民俗学
fonds,Fonds,S,0,基金
fonds,Fonds,S,1,资金
foren,Foren,S,0,发帖
formation,Formation,S,0,要素的结构
formell,formell,Adj,0,拘泥形式地
formell,formell,Adj,1,正式的
formell,formell,Adj,2,礼节
formell,formell,Adj,3,形式上
formell,formell,Adj,4,按规章
formieren,formieren,V,0,整队
forschung,Forschung,S,0,考察旅行
forschung,Forschung,S,1,科研活动
forschung,Forschung,S,2,科研
forschung,Forschung,S,3,搜寻
forschung,Forschung,S,4,科学研究
forschungsarbeit,Forschungsarbeit,S,0,研究工作
forschungsinstitut,Forschungsinstitut,S,0,研究院
forschungsprojekt,Forschungsprojekt,S,0,研究项目
forschungszentrum,Forschungszentrum,S,0,研发中心
forschungszentrum,Forschungszentrum,S,1,研究中心
forst,Forst,S,0,森
forst,Forst,S,1,森林
forsten,forsten,V,0,经营森林
forstwirtschaft,Forstwirtschaft,S,0,林业经济
forstwirtschaft,Forstwirtschaft,S,1,林业
fortführen,fortführen,V,0,继续进行
fortführung,Fortführung,S,0,永续
fortführung,Fortführung,S,1,延续
fortführung,Fortführung,S,2,添补
fortführung,Fortführung,S,3,交割期限展延
fortführung,Fortführung,S,4,延拓
fortführung,Fortführung,S,5,续篇
fortführung,Fortführung,S,6,继续进行
fortführung,Fortführung,S,7,日息转入
fortlaufend,fortlaufend,Adv,0,陆陆续续
fortpflanzung,Fortpflanzung,S,0,繁殖
fossil,Fossil,S,0,龙骨
fossil,Fossil,S,1,化石
fotograf,Fotograf,S,0,摄影师
fotografie,Fotografie,S,0,照相术
fotografie,Fotografie,S,1,像片
fotografie,Fotografie,S,2,摄影学
fotografie,Fotografie,S,3,摄影术
fotografin,Fotografin,S,0,女摄影师
foul,foul,Adj,0,褛
foul,foul,Adj,1,受污
foyer,Foyer,S,0,剧院休息室
foyer,Foyer,S,1,门厅
fracht,Fracht,S,0,傤
fracht,Fracht,S,1,水力
frachter,Frachter,S,0,货船
frachter,Frachter,S,1,货轮
frachtschiff,Frachtschiff,S,0,驳
frachtschiff,Frachtschiff,S,1,货轮
fragment,Fragment,S,0,断片
fragment,Fragment,S,1,片段
franc,Franc,S,0,法郎
franchise,Franchise,S,0,免赔额
franchise,Franchise,S,1,专营权
franchise,Franchise,S,2,公民权
franchise,Franchise,S,3,销售许可
frank,frank,Adj,0,坦白
frank,frank,Adj,1,坦率
frauen,Frauen,S,0,壸
frauen,Frauen,S,1,姬
frauenbewegung,Frauenbewegung,S,0,女性主义历史
frauenkirche,Frauenkirche,S,0,圣母教堂
frauenquote,Frauenquote,S,0,妇女率
fregatte,Fregatte,S,0,三帆快速战舰
fregatte,Fregatte,S,1,护卫舰
fregatte,Fregatte,S,2,巡防舰
freibad,Freibad,S,0,露天游泳池
freier,Freier,S,0,嫖
freihandel,Freihandel,S,0,自由贸易
freihandelsabkommen,Freihandelsabkommen,S,0,自由贸易协定
freiheitlich,freiheitlich,Adj,0,宽容
freiheitlich,freiheitlich,Adj,1,慷慨
freiheitlich,freiheitlich,Adj,2,改革主义
freiheitlich,freiheitlich,Adj,3,开放
freiherr,Freiherr,S,0,男爵
freilassung,Freilassung,S,0,释放令
freilassung,Freilassung,S,1,无罪开释
freilassung,Freilassung,S,2,解放证书
freimaurer,Freimaurer,S,0,共济会员
freimaurer,Freimaurer,S,1,互济会会员
freisetzung,Freisetzung,S,0,纵
freispruch,Freispruch,S,0,原谅
freispruch,Freispruch,S,1,宽恕
freispruch,Freispruch,S,2,宣告无罪
freistaat,Freistaat,S,0,自由州
freistaat,Freistaat,S,1,单体状态
freistaat,Freistaat,S,2,游离状
freistaat,Freistaat,S,3,自由状态
freistellung,Freistellung,S,0,免除
freitags,freitags,Adv,0,每周五
freitags,freitags,Adv,1,每星期五
freiwillige,Freiwillige,S,0,志工
freiwillige,Freiwillige,S,1,自愿者
freiwilliger,Freiwilliger,S,0,志愿者
freiwilligkeit,Freiwilligkeit,S,0,自由意志
freizeitpark,Freizeitpark,S,0,主题公园
fremdgehen,fremdgehen,V,0,跟别人好
freundin,Freundin,S,0,女朋友
freundin,Freundin,S,1,女友
freundschaftsspiel,Freundschaftsspiel,S,0,友谊赛
freundschaftsspiel,Freundschaftsspiel,S,1,热身赛
friede,Friede,S,0,衹
friedensnobelpreis,Friedensnobelpreis,S,0,诺贝尔和平奖
friedensvertrag,Friedensvertrag,S,0,和约
friedensvertrag,Friedensvertrag,S,1,契约
fries,Fries,S,0,腰线
frischen,frischen,V,0,精炼
frischkäse,Frischkäse,S,0,新奶酪
fristgerecht,fristgerecht,Adj,0,符合规定期限
fristlos,fristlos,Adj,0,没有事前通知
frisur,Frisur,S,0,发型
frisur,Frisur,S,1,发式
fröhlichkeit,Fröhlichkeit,S,0,欢笑
fröhlichkeit,Fröhlichkeit,S,1,酒宴
früchte,Früchte,S,0,瓜果
früheste,früheste,Adj,0,最早
fuhrpark,Fuhrpark,S,0,全部车辆
fundamental,fundamental,Adj,0,基本因素
fundiert,fundiert,Adj,0,提供融资
fundiert,fundiert,Adj,1,提供资金
fungieren,fungieren,V,0,起作用
fungieren,fungieren,V,1,行使职权
funke,Funke,S,0,火光
funke,Funke,S,1,火花
funke,Funke,S,2,电花
funken,funken,V,0,报务
funktionalität,Funktionalität,S,0,功能性
funktionsfähig,funktionsfähig,Adj,0,可运转
funktionsweise,Funktionsweise,S,0,工作原理
funktionäre,Funktionäre,S,0,所发现
furz,Furz,S,0,屁
futsal,Futsal,S,0,室内足球
futtermittel,Futtermittel,S,0,饲料
fächer,Fächer,S,0,专门技术
fächer,Fächer,S,1,扇
fächer,Fächer,S,2,领域
fächer,Fächer,S,3,芭蕉伞
fächer,Fächer,S,4,扇子
fächern,fächern,V,0,呈扇形散开
fächern,fächern,V,1,散布
fähnrich,Fähnrich,S,0,军官学校学生
fähre,Fähre,S,0,杭
fähre,Fähre,S,1,摆渡船
fähre,Fähre,S,2,轮渡
fährmann,Fährmann,S,0,渡船夫
fährmann,Fährmann,S,1,摆渡者
fährte,Fährte,S,0,痕迹
fälschung,Fälschung,S,0,伪钞
fälschung,Fälschung,S,1,假货
fälschung,Fälschung,S,2,假冒
fälschung,Fälschung,S,3,仿冒品
fälschung,Fälschung,S,4,伪造品
fälschung,Fälschung,S,5,伪造
förderer,Förderer,S,0,推运器
fördermittel,Fördermittel,S,0,运输设备
fördermittel,Fördermittel,S,1,搬运设备
förderpreis,Förderpreis,S,0,奖品
förderprogramm,Förderprogramm,S,0,发展程序
förderprogramm,Förderprogramm,S,1,发展计划
förderung,Förderung,S,0,开采量
förderung,Förderung,S,1,资助筹借
förderung,Förderung,S,2,升任
förderung,Förderung,S,3,养育
fötus,Fötus,S,0,胚
fötus,Fötus,S,1,胎儿
fühler,Fühler,S,0,试探者
führungskraft,Führungskraft,S,0,管理人员
führungsriege,Führungsriege,S,0,领导小组
füllung,Füllung,S,0,夹心
füllung,Füllung,S,1,注人
füllung,Füllung,S,2,馅儿
fürstentum,Fürstentum,S,0,侯爵领地
fürstentum,Fürstentum,S,1,侯国
gage,Gage,S,0,收费
gage,Gage,S,1,服务费
gage,Gage,S,2,艺术家的薪酬
gala,Gala,S,0,晚餐会
galaxie,Galaxie,S,0,河外星系
galaxie,Galaxie,S,1,银河
galaxien,Galaxien,S,0,银河
galaxy,Galaxy,,0,银河号
galgen,Galgen,S,0,吊裤带
galgen,Galgen,S,1,绞刑架
galgen,Galgen,S,2,挂架
galopp,Galopp,S,0,疾驰
gamma,Gamma,S,0,伽玛
gamma,Gamma,S,1,珈
ganzjährig,ganzjährig,Adj,0,整年
ganztagsschule,Ganztagsschule,S,0,全日制学校
garantiert,garantiert,Adj,0,受到担保
garantiert,garantiert,Adj,1,有保障
garde,Garde,S,0,警卫
garde,Garde,S,1,看守
garn,Garn,S,0,纱线
garnison,Garnison,S,0,驻防
gartenarbeit,Gartenarbeit,S,0,圃
gartenarbeit,Gartenarbeit,S,1,园艺
gartenbau,Gartenbau,S,0,园艺
gartenbau,Gartenbau,S,1,园艺学
gastfreundschaft,Gastfreundschaft,S,0,亲切
gastfreundschaft,Gastfreundschaft,S,1,好客
gasthof,Gasthof,S,0,羁
gastwirt,Gastwirt,S,0,旅馆主人
gastwirt,Gastwirt,S,1,客栈老板
gaudi,Gaudi,S,0,余兴节目
gaul,Gaul,S,0,竞赛用马
gaul,Gaul,S,1,小马
gaumen,Gaumen,S,0,臄
gaumen,Gaumen,S,1,腭
gaumen,Gaumen,S,2,上牙膛
gaumen,Gaumen,S,3,颚
gauner,Gauner,S,0,懒人
gebaut,gebaut,Adj,0,建成的
geber,Geber,S,0,卖方
geber,Geber,S,1,给予者
gebiss,Gebiss,S,0,位元
geblendet,geblendet,Adj,0,眩
gebote,Gebote,S,0,竞拍价格
gebracht,gebracht,Adj,0,造成
gebraten,gebraten,Adj,0,油炸
gebunden,gebunden,Adj,0,系上
gebunden,gebunden,Adj,1,系
gebunden,gebunden,Adj,2,织好
geburtsdatum,Geburtsdatum,S,0,出生年月
geburtsdatum,Geburtsdatum,S,1,出生日期
geburtshilfe,Geburtshilfe,S,0,助产术
geburtsort,Geburtsort,S,0,出生地
geburtsort,Geburtsort,S,1,故土
geburtsort,Geburtsort,S,2,出生地点
geburtstagsparty,Geburtstagsparty,S,0,生日宴会
geburtsurkunde,Geburtsurkunde,S,0,出生证明书
geburtsurkunde,Geburtsurkunde,S,1,出生证
gebäck,Gebäck,S,0,糒
gebärdensprache,Gebärdensprache,S,0,手语
gebärmutter,Gebärmutter,S,0,子宫
gedanken,Gedanken,S,0,思想
gedankengang,Gedankengang,S,0,思路
gedankengang,Gedankengang,S,1,一串想法
gedeckt,gedeckt,Adj,0,投保
gedeckt,gedeckt,Adj,1,盖好
gedeckt,gedeckt,Adj,2,收起来
gedenkstätte,Gedenkstätte,S,0,纪念场所
gedenkstätte,Gedenkstätte,S,1,纪念馆
gedenktafel,Gedenktafel,S,0,牌匾
gedenktag,Gedenktag,S,0,纪念日
gedenktag,Gedenktag,S,1,念日
gedrängt,gedrängt,Adj,0,拥挤
gedrückt,gedrückt,Adj,0,心事重重
gedrückt,gedrückt,Adj,1,压力极大
gedrückt,gedrückt,Adj,2,在困难局势下
gedrückt,gedrückt,Adj,3,凹
gedämpft,gedämpft,Adj,0,清蒸
geeigneter,geeigneter,Adv,0,比较合适
gefahrenabwehr,Gefahrenabwehr,S,0,危险警告
gefangen,gefangen,Adj,0,被囚
gefangen,gefangen,Adj,1,被抓
gefangen,gefangen,Adj,2,被监禁
gefangen,gefangen,Adj,3,被俘虏
gefangen,gefangen,Adj,4,被迷住
gefangen,gefangen,Adj,5,受困
gefasst,gefasst,Adj,0,抓住
gefasst,gefasst,Adj,1,收集起来
gefasst,gefasst,Adj,2,镇定
gefecht,Gefecht,S,0,战斗
gefecht,Gefecht,S,1,小规模战斗
gefecht,Gefecht,S,2,争持
gefecht,Gefecht,S,3,打架
gefecht,Gefecht,S,4,交战
gefesselt,gefesselt,Adj,0,缧绁
gefestigt,gefestigt,Adj,0,巩固
gefiltert,gefiltert,Adj,0,经过滤清的
geflecht,Geflecht,S,0,网状物质
geflecht,Geflecht,S,1,血管网
geflecht,Geflecht,S,2,网状组织
geflecht,Geflecht,S,3,神经丛
geflügel,Geflügel,S,0,家禽的肉
geflügel,Geflügel,S,1,家禽
geflügel,Geflügel,S,2,野禽
geflügel,Geflügel,S,3,禽
gefragt,gefragt,Adj,0,走俏
gefroren,gefroren,Adj,0,速冻
gefährlichkeit,Gefährlichkeit,S,0,危险性
gefährlichkeit,Gefährlichkeit,S,1,危害性
gefälle,Gefälle,S,0,落差
gefälle,Gefälle,S,1,下坡路
gefällt,gefällt,Adj,0,歆
gefälscht,gefälscht,Adj,0,假扮
gefängnisstrafe,Gefängnisstrafe,S,0,入狱判决
gefühle,Gefühle,S,0,情愫
gefüllt,gefüllt,Adj,0,灌
gegeben,gegeben,Adj,0,已存在
gegeben,gegeben,Adj,1,已有
gegengewicht,Gegengewicht,S,0,平衡重
gegengewicht,Gegengewicht,S,1,平衡物
gegengewicht,Gegengewicht,S,2,对重
gegengewicht,Gegengewicht,S,3,抗衡
gegengewicht,Gegengewicht,S,4,均势
gegengewicht,Gegengewicht,S,5,称锤
gegengewicht,Gegengewicht,S,6,配重
gegengewicht,Gegengewicht,S,7,平衡力
gegenmittel,Gegenmittel,S,0,反作用剂
gegenmittel,Gegenmittel,S,1,中和力
gegenmittel,Gegenmittel,S,2,反对的东西
gegenseite,Gegenseite,S,0,另一端
gegenseite,Gegenseite,S,1,对边
gegenseitigkeit,Gegenseitigkeit,S,0,相互性
gegenseitigkeit,Gegenseitigkeit,S,1,相互作用
gegenseitigkeit,Gegenseitigkeit,S,2,互惠主义
gegenverkehr,Gegenverkehr,S,0,迎面车流
gegenwind,Gegenwind,S,0,顶头风
gegenwind,Gegenwind,S,1,迎面风
gegenwind,Gegenwind,S,2,顶风
gegenwind,Gegenwind,S,3,逆风
gegenüberstellung,Gegenüberstellung,S,0,对审
gegenüberstellung,Gegenüberstellung,S,1,对照
gegenüberstellung,Gegenüberstellung,S,2,面对面
gegessen,gegessen,V,0,吃了
gegliedert,gegliedert,Adj,0,有关节
geheilt,geheilt,Adj,0,最完好
geheimhaltung,Geheimhaltung,S,0,寡言
geheimhaltung,Geheimhaltung,S,1,守秘密
geheimhaltung,Geheimhaltung,S,2,守口如瓶
geheimhaltung,Geheimhaltung,S,3,保密
gehemmt,gehemmt,Adj,0,拘谨
gehirnwäsche,Gehirnwäsche,S,0,洗脑
gehört,gehört,Adj,0,属于
geier,Geier,S,0,秃鹰
geil,geil,Adj,0,很爽
geil,geil,Adj,1,好色
geilheit,Geilheit,S,0,渴望
geimpft,geimpft,Adj,0,接种的
geiselnahme,Geiselnahme,S,0,绑架人质
geisteskrank,geisteskrank,Adj,0,精神病
geisteswissenschaften,Geisteswissenschaften,S,0,人文学
geisteswissenschaften,Geisteswissenschaften,S,1,文科
geistliche,Geistliche,S,0,教诲师
geistliche,Geistliche,S,1,礼拜堂牧师
geistliche,Geistliche,S,2,牧师的任期
geistliche,Geistliche,S,3,神职人员
geistliche,Geistliche,S,4,牧师
geistliche,Geistliche,S,5,牧师团
geiz,Geiz,S,0,吝啬
geiz,Geiz,S,1,小气
gekauft,gekauft,Adj,0,买来
geklärt,geklärt,Adj,0,清
gekocht,gekocht,Adj,0,煮好
gekoppelt,gekoppelt,Adj,0,关联
gel,Gel,S,0,凝胶
gelangweilt,gelangweilt,Adj,0,不关心
gelangweilt,gelangweilt,Adj,1,无趣
gelangweilt,gelangweilt,Adj,2,厌倦
gelangweilt,gelangweilt,Adj,3,烦人
gelangweilt,gelangweilt,Adj,4,无聊
gelangweilt,gelangweilt,Adj,5,疲倦
gelassen,gelassen,Adj,0,泰然自若
gelassen,gelassen,Adj,1,从容自若
gelassen,gelassen,Adj,2,恬然
gelassen,gelassen,Adj,3,镇静
gelassen,gelassen,Adj,4,详和
gelassen,gelassen,Adj,5,泰然
gelatine,Gelatine,S,0,明胶
gelatine,Gelatine,S,1,水胶
gelatine,Gelatine,S,2,吉利丁
gelatine,Gelatine,S,3,胶质
gelblich,gelblich,Adj,0,带黄色
gelblich,gelblich,Adj,1,黄色的
gelblich,gelblich,Adj,2,带黄
geldbetrag,Geldbetrag,S,0,款子
geldbetrag,Geldbetrag,S,1,金额
geldbörse,Geldbörse,S,0,私囊
geldbörse,Geldbörse,S,1,钱袋
geldgeber,Geldgeber,S,0,财神
geldpolitik,Geldpolitik,S,0,货币政策
geldwäsche,Geldwäsche,S,0,洗钱
geldwäsche,Geldwäsche,S,1,洗黑钱
gelegen,gelegen,Adj,0,地处
gelegen,gelegen,Adj,1,合适
gelehrt,gelehrt,Adj,0,研究性质
gelehrt,gelehrt,Adj,1,需要动脑
gelehrter,Gelehrter,S,0,先贤
geleit,Geleit,S,0,护航队匝
geleit,Geleit,S,1,陪同
geleit,Geleit,S,2,护送
geleit,Geleit,S,3,护卫
geleit,Geleit,S,4,护航
gelenk,Gelenk,S,0,联通
gelenk,Gelenk,S,1,铰接
gelenk,Gelenk,S,2,关节
gelenk,Gelenk,S,3,活节
gelenk,Gelenk,S,4,链路
gelenk,Gelenk,S,5,链结
gelenkt,gelenkt,V,0,通过管道
gelenkt,gelenkt,V,1,通过烟囱
gelenkt,gelenkt,V,2,掌舵
gelenkt,gelenkt,V,3,指向
gelernt,gelernt,Adj,0,受过训练
gelernt,gelernt,Adj,1,熟练
geliebt,geliebt,Adj,0,见爱
geliebt,geliebt,Adj,1,受钟爱
geliebt,geliebt,Adj,2,心爱
geliebt,geliebt,Adj,3,纯爱
geliebter,Geliebter,S,0,情人
geliebter,Geliebter,S,1,姘夫
gelockt,gelockt,Adj,0,鬈
geltungsbereich,Geltungsbereich,S,0,周围
gelähmt,gelähmt,Adj,0,麻痹
gelähmt,gelähmt,Adj,1,下肢麻痹
gelähmt,gelähmt,Adj,2,愚蠢
gelähmt,gelähmt,Adj,3,下肢瘫痪
gelähmt,gelähmt,Adj,4,有残障
geländer,Geländer,S,0,栏
geländer,Geländer,S,1,档板
geländewagen,Geländewagen,S,0,越野车
gelöscht,gelöscht,Adj,0,被删除
gelöst,gelöst,Adj,0,所处理的
gemacht,gemacht,Adj,0,做完
gemeindehaus,Gemeindehaus,S,0,公所堂区市府
gemeinderat,Gemeinderat,S,0,地方议会
gemeinsamkeiten,Gemeinsamkeiten,S,0,共同之处
gemeinschaftlich,gemeinschaftlich,Adj,0,协力地
gemeinschaftlich,gemeinschaftlich,Adj,1,联合地
gemeinschaftlich,gemeinschaftlich,Adj,2,合作地
gemeinschaftlich,gemeinschaftlich,Adj,3,连带地
gemeinschaftlich,gemeinschaftlich,Adj,4,一起地
gemeinschaftlich,gemeinschaftlich,Adj,5,关联地
gemeinschaftlich,gemeinschaftlich,Adj,6,共同地
gemeint,gemeint,Adj,0,意图
gemeinwesen,Gemeinwesen,S,0,国民整体
gemessen,gemessen,Adj,0,基于标准
gemessen,gemessen,Adj,1,慎重
gemessen,gemessen,Adj,2,打量
gemessen,gemessen,Adj,3,较量
gemessen,gemessen,Adj,4,量过
gemietet,gemietet,Adj,0,租赁交易
gemietet,gemietet,Adj,1,租借
gemietet,gemietet,Adj,2,租用
gemisch,Gemisch,S,0,混杂
gemisch,Gemisch,S,1,杂集
gemisch,Gemisch,S,2,杂录
gemisch,Gemisch,S,3,大杂烩
gemisch,Gemisch,S,4,掺和物
gemisch,Gemisch,S,5,毛涤
gemisch,Gemisch,S,6,混合物
gemischt,gemischt,Adj,0,混杂
gemischt,gemischt,Adj,1,肴
gemütlichkeit,Gemütlichkeit,S,0,好交际
gemütlichkeit,Gemütlichkeit,S,1,社交性
gemütlichkeit,Gemütlichkeit,S,2,善于交际
genauigkeit,Genauigkeit,S,0,精度
genauigkeit,Genauigkeit,S,1,精确性
genauigkeit,Genauigkeit,S,2,精密度
genauigkeit,Genauigkeit,S,3,精确度
genealogie,Genealogie,S,0,系谱
genealogie,Genealogie,S,1,家谱
geneigt,geneigt,Adj,0,即期
generalmajor,Generalmajor,S,0,少将
generalstaatsanwalt,Generalstaatsanwalt,S,0,首席检察官
generalstaatsanwalt,Generalstaatsanwalt,S,1,总检察长
generalstreik,Generalstreik,S,0,总罢工
generalversammlung,Generalversammlung,S,0,公共会议
generalversammlung,Generalversammlung,S,1,全会
genesung,Genesung,S,0,康复
genesung,Genesung,S,1,渐愈
genesung,Genesung,S,2,快愈期
genesung,Genesung,S,3,复元
genesung,Genesung,S,4,追回款
genetik,Genetik,S,0,基因学
genetik,Genetik,S,1,遗传学
genick,Genick,S,0,颈项
genick,Genick,S,1,后颈
genick,Genick,S,2,领
genitalien,Genitalien,S,0,外生殖器
genom,Genom,S,0,基因组
genozid,Genozid,S,0,种族灭绝
genozid,Genozid,S,1,种族大屠杀
genre,Genre,S,0,流派
gentechnisch,gentechnisch,Adj,0,基因技术
gentleman,Gentleman,S,0,绅士
gentleman,Gentleman,S,1,正人君子
gentrifizierung,Gentrifizierung,S,0,贵族化
genugtuung,Genugtuung,S,0,赔礼
genugtuung,Genugtuung,S,1,赔罪
genutzt,genutzt,Adj,0,二手
genutzt,genutzt,Adj,1,用过
geologie,Geologie,S,0,地质学
geologie,Geologie,S,1,地质
geometrie,Geometrie,S,0,几何学
geometrie,Geometrie,S,1,几何关系
geometrie,Geometrie,S,2,几何
geordnet,geordnet,Adj,0,规范性
gepflegt,gepflegt,Adj,0,照料
gepflegt,gepflegt,Adj,1,整洁地
geplatzt,geplatzt,Adj,0,刺破
geplündert,geplündert,Adv,0,被抢
geprägt,geprägt,Adj,0,刚制做
geprägt,geprägt,Adj,1,全新
geprüft,geprüft,Adj,0,通过考试了
geprüft,geprüft,Adj,1,考核过的
geprüft,geprüft,Adj,2,审查通过
gequält,gequält,Adj,0,痛心
gerber,Gerber,S,0,制革技工
gerber,Gerber,S,1,制革工人
gerechtfertigt,gerechtfertigt,Adj,0,可承认
gerechtfertigt,gerechtfertigt,Adj,1,可保证
gerechtfertigt,gerechtfertigt,Adj,2,有根据
gerechtfertigt,gerechtfertigt,Adj,3,完全合理
geregelt,geregelt,Adj,0,规范有序
geregelt,geregelt,Adj,1,可控
geregelt,geregelt,Adj,2,规范性
gereinigt,gereinigt,Adj,0,清洁
gerichtlich,gerichtlich,Adj,0,司法上
gerichtlich,gerichtlich,Adj,1,有审判能力
gerichtlich,gerichtlich,Adj,2,依据判决
gerichtsbarkeit,Gerichtsbarkeit,S,0,司法权
gerichtsbarkeit,Gerichtsbarkeit,S,1,司法管辖权
gerichtsbarkeit,Gerichtsbarkeit,S,2,管辖区域
gerichtsbarkeit,Gerichtsbarkeit,S,3,裁判管辖
gerichtsbarkeit,Gerichtsbarkeit,S,4,管辖权
gerichtssaal,Gerichtssaal,S,0,审判室
gerichtsverfahren,Gerichtsverfahren,S,0,讼
gerichtsverfahren,Gerichtsverfahren,S,1,审讯
gerichtsverfahren,Gerichtsverfahren,S,2,法庭程序
gerichtsverfahren,Gerichtsverfahren,S,3,审理程序
gerichtsverhandlung,Gerichtsverhandlung,S,0,审讯
gerichtsverhandlung,Gerichtsverhandlung,S,1,庭审
gerichtsvollzieher,Gerichtsvollzieher,S,0,执行官
gerichtsvollzieher,Gerichtsvollzieher,S,1,镇长
geringer,geringer,Adj,0,细微
geringer,geringer,Adj,1,最小程度地
geringer,geringer,Adj,2,更少
geringer,geringer,Adj,3,无关紧要
geringer,geringer,Adj,4,最低限度地
geringer,geringer,Adj,5,卑恭地
gerissen,gerissen,Adj,0,诡谲
gerissen,gerissen,Adj,1,惟利是图
germanen,Germanen,S,0,日尔曼人
gerne,gerne,Adv,0,高高兴兴地
gerollt,gerollt,Adj,0,使滚动
gerundet,gerundet,Adj,0,概数
geräumt,geräumt,Adj,0,让出
geräumt,geräumt,Adj,1,空出
geräumt,geräumt,Adj,2,移开
geräumt,geräumt,Adj,3,迁出
gerüst,Gerüst,S,0,跳架
gerüst,Gerüst,S,1,跨轨信号杆
gerüst,Gerüst,S,2,木桶架
gerüst,Gerüst,S,3,井架
gerüst,Gerüst,S,4,构台
gerüst,Gerüst,S,5,晶格
gerüst,Gerüst,S,6,骨胳
gerüst,Gerüst,S,7,跳板
gesammelt,gesammelt,Adj,0,收集起来的
gesammelt,gesammelt,Adj,1,存页式
gesamtausgabe,Gesamtausgabe,S,0,完全版
gesamtbevölkerung,Gesamtbevölkerung,S,0,总人口
gesamtbevölkerung,Gesamtbevölkerung,S,1,全民
gesamteindruck,Gesamteindruck,S,0,总体印象
gesamtkosten,Gesamtkosten,S,0,总成本
gesamtsumme,Gesamtsumme,S,0,总值
gesamtwerk,Gesamtwerk,S,0,全部工作
gesandtschaft,Gesandtschaft,S,0,公使馆
gesandtschaft,Gesandtschaft,S,1,使者的派遣
geschenke,Geschenke,S,0,贡
geschickt,geschickt,Adj,0,有天分
geschickt,geschickt,Adj,1,可以胜任地
geschickt,geschickt,Adj,2,机巧
geschickt,geschickt,Adj,3,熟练
geschickt,geschickt,Adj,4,圆熟
geschickt,geschickt,Adj,5,手巧
geschiedene,Geschiedene,S,0,离婚者
geschirrspüler,Geschirrspüler,S,0,洗碗机
geschlechtsverkehr,Geschlechtsverkehr,S,0,交媾
geschlechtsverkehr,Geschlechtsverkehr,S,1,交配
geschlechtsverkehr,Geschlechtsverkehr,S,2,交合
geschliffen,geschliffen,Adj,0,锋利
geschliffen,geschliffen,Adj,1,经过研磨加工
geschliffen,geschliffen,Adj,2,磨削
geschlossen,geschlossen,Adj,0,封闭系统
geschlossen,geschlossen,Adj,1,闭环系统
geschlossen,geschlossen,Adj,2,团结一致
geschlossen,geschlossen,Adj,3,关上
geschlossen,geschlossen,Adj,4,开放
geschlossen,geschlossen,Adj,5,坦然地
geschlossen,geschlossen,Adj,6,关闭的
geschlossen,geschlossen,Adj,7,直率
geschlossen,geschlossen,Adj,8,不公开
geschlossen,geschlossen,Adj,9,封缄
geschlossenheit,Geschlossenheit,S,0,凝聚力
geschmacklos,geschmacklos,Adj,0,没有味道
geschmacklos,geschmacklos,Adj,1,乏味
geschmacklos,geschmacklos,Adj,2,庸俗
geschmacklos,geschmacklos,Adj,3,不可口
geschockt,geschockt,Adj,0,骇怪
geschraubt,geschraubt,Adj,0,以螺丝拧紧
geschraubt,geschraubt,Adj,1,上螺丝
geschraubt,geschraubt,Adj,2,螺丝状
geschrieben,geschrieben,Adj,0,书面
geschwiegen,geschwiegen,V,0,不讲话
geschwollen,geschwollen,Adj,0,膀
geschwollen,geschwollen,Adj,1,肿
geschäft,Geschäft,S,0,商业活动
geschäft,Geschäft,S,1,交易
geschäft,Geschäft,S,2,业务
geschäft,Geschäft,S,3,议价
geschäft,Geschäft,S,4,支店
geschäftsbereich,Geschäftsbereich,S,0,类似于部长
geschäftsbereich,Geschäftsbereich,S,1,一揽子
geschäftsbereich,Geschäftsbereich,S,2,业务范围
geschäftsbericht,Geschäftsbericht,S,0,业务报告
geschäftsführerin,Geschäftsführerin,S,0,女性经理人
geschäftsführung,Geschäftsführung,S,0,董事经理
geschäftsführung,Geschäftsführung,S,1,企业领导成员
geschäftsjahr,Geschäftsjahr,S,0,会计年度
geschäftsjahr,Geschäftsjahr,S,1,销售年
geschäftsjahr,Geschäftsjahr,S,2,经营年度
geschäftsleute,Geschäftsleute,S,0,生意人
geschäftsmodell,Geschäftsmodell,S,0,商业模式
geschäftsmodell,Geschäftsmodell,S,1,商业模型
geschäftspartner,Geschäftspartner,S,0,商业伙伴
geschäftspartner,Geschäftspartner,S,1,商业同伴
geschäftsstelle,Geschäftsstelle,S,0,营业所
geschäftsstelle,Geschäftsstelle,S,1,行署
geschätzt,geschätzt,Adj,0,预测
geschütz,Geschütz,S,0,枪炮
geschützt,geschützt,Adj,0,被守护
geschützt,geschützt,Adj,1,被保护
gesehen,gesehen,Adj,0,见过
gesellschafter,Gesellschafter,S,0,公司股东
gesellschafter,Gesellschafter,S,1,合伙人
gesetze,Gesetze,S,0,常法
gesetzentwurf,Gesetzentwurf,S,0,单证
gesetzesentwurf,Gesetzesentwurf,S,0,法律的草案
gesetzesentwurf,Gesetzesentwurf,S,1,法律草案
gesetzesänderung,Gesetzesänderung,S,0,更改法律
gesetzgebung,Gesetzgebung,S,0,三读
gesetzgebung,Gesetzgebung,S,1,立法
gesetzt,gesetzt,Adj,0,泰然自若
gesetzt,gesetzt,Adj,1,已排版的
gesetzt,gesetzt,Adj,2,镇静
gesetzt,gesetzt,Adj,3,严肃地
gesetzt,gesetzt,Adj,4,稳重
gesichtserkennung,Gesichtserkennung,S,0,人脸识别
gesichtserkennung,Gesichtserkennung,S,1,面部识别
gesindel,Gesindel,S,0,下层社会
gespann,Gespann,S,0,团体
gespann,Gespann,S,1,团队
gespann,Gespann,S,2,畜力车
gestaltet,gestaltet,Adj,0,构成
gestaltet,gestaltet,Adj,1,配置了
gestank,Gestank,S,0,难闻的气味
gestell,Gestell,S,0,台架
gestell,Gestell,S,1,架台
gestellt,gestellt,Adj,0,坐落
gestellt,gestellt,Adj,1,放置好
gestorben,gestorben,Adj,0,死去
gestorben,gestorben,Adj,1,亡
gestreckt,gestreckt,Adj,0,紧绷绷
gestreift,gestreift,Adj,0,纹状体
gestreift,gestreift,Adj,1,尨
gestresst,gestresst,Adj,0,紧张忙碌
gestört,gestört,Adj,0,被干扰
gestürzt,gestürzt,Adj,0,垮台
gesuch,Gesuch,S,0,书面申请
gesuch,Gesuch,S,1,申请书
gesuch,Gesuch,S,2,恳求
gesunden,gesunden,V,0,康复
gesundheitsamt,Gesundheitsamt,S,0,卫生局
gesundheitsminister,Gesundheitsminister,S,0,卫生部长
gesundheitssystem,Gesundheitssystem,S,0,医疗系统
gesundheitssystem,Gesundheitssystem,S,1,医疗卫生
gesundheitssystem,Gesundheitssystem,S,2,医疗体制
gesundheitsversorgung,Gesundheitsversorgung,S,0,健康支持
gesundheitsversorgung,Gesundheitsversorgung,S,1,健康保障
gesundheitszustand,Gesundheitszustand,S,0,健康状况
geteilt,geteilt,Adj,0,被分割
geteilt,geteilt,Adj,1,切开的
getilgt,getilgt,Adj,0,已付清
getragen,getragen,Adj,0,装置在轴承上
getrennt,getrennt,Adj,0,离散
getreu,getreu,Adj,0,如实地
getriebe,Getriebe,S,0,起落架
getriebe,Getriebe,S,1,传动装置
getriebe,Getriebe,S,2,排挡
getriebe,Getriebe,S,3,减速机
getrieben,getrieben,Adj,0,受到驱策
getränke,Getränke,S,0,酒水
getötet,getötet,Adj,0,被杀
getötet,getötet,Adj,1,阵亡
getötet,getötet,Adj,2,被害
gewagt,gewagt,Adj,0,有冒险性
gewagt,gewagt,Adj,1,无畏
gewaltanwendung,Gewaltanwendung,S,0,用力
gewaltanwendung,Gewaltanwendung,S,1,使用力量
gewalttaten,Gewalttaten,S,0,暴力行为
gewalttäter,Gewalttäter,S,0,凶手
gewaltverbrechen,Gewaltverbrechen,S,0,暴力犯罪
gewandt,gewandt,Adj,0,灵巧地
gewandt,gewandt,Adj,1,动作灵活
gewandt,gewandt,Adj,2,敏捷地
gewandt,gewandt,Adj,3,轻巧
gewandt,gewandt,Adj,4,熟练地
gewartet,gewartet,Adj,0,等了
gewaschen,gewaschen,Adj,0,洗过的
geweckt,geweckt,Adj,0,煽动起来
geweckt,geweckt,Adj,1,唤醒
gewerbegebiet,Gewerbegebiet,S,0,工业用地
gewerbegebiet,Gewerbegebiet,S,1,工业不动产
gewerbesteuer,Gewerbesteuer,S,0,营业税
gewerbesteuer,Gewerbesteuer,S,1,工商税
gewerbesteuer,Gewerbesteuer,S,2,贸易税
gewerkschafter,Gewerkschafter,S,0,工会成员
gewichtsklasse,Gewichtsklasse,S,0,体重等级
gewichtsklasse,Gewichtsklasse,S,1,量级
gewichtsklasse,Gewichtsklasse,S,2,公斤级
gewichtsklasse,Gewichtsklasse,S,3,重量级
gewichtung,Gewichtung,S,0,权重函数
gewichtung,Gewichtung,S,1,权函数
gewichtung,Gewichtung,S,2,权重
gewinde,Gewinde,S,0,丝线
gewinde,Gewinde,S,1,线圈
gewinde,Gewinde,S,2,螺纹
gewinde,Gewinde,S,3,缕
gewinnbringend,gewinnbringend,Adj,0,可赚钱
gewinnbringend,gewinnbringend,Adj,1,有利可图
gewinner,Gewinner,S,0,胜利者
gewinner,Gewinner,S,1,赢家
gewinnerin,Gewinnerin,S,0,女赢家
gewinnspiel,Gewinnspiel,S,0,抽奖游戏
gewinnspiel,Gewinnspiel,S,1,抽彩
gewogen,gewogen,Adj,0,亲切
gewächshaus,Gewächshaus,S,0,暖房
gewächshaus,Gewächshaus,S,1,暖室
gewächshaus,Gewächshaus,S,2,温室
gewährleistung,Gewährleistung,S,0,被保证人
gewährleistung,Gewährleistung,S,1,保用证
gewährleistung,Gewährleistung,S,2,保用
gewöhnt,gewöhnt,Adj,0,用过
gewölbe,Gewölbe,S,0,穹
gewünscht,gewünscht,Adj,0,渴求
gewünscht,gewünscht,Adj,1,渴望
gewürze,Gewürze,S,0,调料
gewürze,Gewürze,S,1,虀
gezeichnet,gezeichnet,Adj,0,描绘了
gezeichnet,gezeichnet,Adj,1,标记了
gezeichnet,gezeichnet,Adj,2,加了下划线
gezeigt,gezeigt,Adj,0,显示出来
gezielt,gezielt,Adj,0,针对
gezielt,gezielt,Adj,1,到达底线
gezielt,gezielt,Adj,2,击中靶心
gezielt,gezielt,Adj,3,到了点子上
gezielt,gezielt,Adj,4,有目的的
gezogen,gezogen,Adj,0,牵引式
gezwungen,gezwungen,Adj,0,拘束
gezwungen,gezwungen,Adj,1,不自然
gezwungen,gezwungen,Adj,2,偓
gezählt,gezählt,Adj,0,数数
geübt,geübt,Adj,0,熟
geübt,geübt,Adj,1,工
ghetto,Ghetto,S,0,犹太人区
gicht,Gicht,S,0,痛风
giebel,Giebel,S,0,山墙
gilde,Gilde,S,0,基爾特
gin,Gin,S,0,琴酒
giraffe,Giraffe,S,0,长颈鹿
giraffe,Giraffe,S,1,驼豹
giro,Giro,S,0,划账
giro,Giro,S,1,背书转让
giro,Giro,S,2,转帐
glaser,Glaser,S,0,装玻璃的工人
glatze,Glatze,S,0,秃顶
glatze,Glatze,S,1,秃头
glaubhaft,glaubhaft,Adj,0,似真地
glaubhaft,glaubhaft,Adj,1,值得信赖
glaubwürdigkeit,Glaubwürdigkeit,S,0,可信度
glaubwürdigkeit,Glaubwürdigkeit,S,1,可信性
gleichbedeutend,gleichbedeutend,Adj,0,同义
gleichbedeutend,gleichbedeutend,Adj,1,同一
gleichbedeutend,gleichbedeutend,Adj,2,即
gleichgesetzt,gleichgesetzt,Adj,0,同一
gleichgesinnte,Gleichgesinnte,S,0,真情
gleichgültigkeit,Gleichgültigkeit,S,0,不重视
gleichgültigkeit,Gleichgültigkeit,S,1,漫不经心
gleichgültigkeit,Gleichgültigkeit,S,2,细微的事
gleichgültigkeit,Gleichgültigkeit,S,3,漠视
gleichgültigkeit,Gleichgültigkeit,S,4,不重要的事
gleichgültigkeit,Gleichgültigkeit,S,5,不感兴趣
gleichstrom,Gleichstrom,S,0,直流电
gleichstrom,Gleichstrom,S,1,直流
gleichung,Gleichung,S,0,恒等式
gleichung,Gleichung,S,1,方程式
gletscher,Gletscher,S,0,冰川
glimpflich,glimpflich,Adj,0,成功逃脱
glimpflich,glimpflich,Adj,1,脱身了
glimpflich,glimpflich,Adj,2,后果不严重
globalisierung,Globalisierung,S,0,全球化
glossar,Glossar,S,0,术语词典
glossar,Glossar,S,1,词汇表
glyphosat,Glyphosat,S,0,嘉磷塞
gläsern,gläsern,Adj,0,玻璃似
glätten,glätten,V,0,弄平
glätten,glätten,V,1,磨光
gläubig,gläubig,Adj,0,笃信宗教
gläubig,gläubig,Adj,1,绝对信任
gläubige,Gläubige,S,0,信者
glücksfall,Glücksfall,S,0,运气
glücksfall,Glücksfall,S,1,际遇
glücksfall,Glücksfall,S,2,庆幸
glücksfall,Glücksfall,S,3,富矿带
glückwunsch,Glückwunsch,S,0,祝愿
glückwunsch,Glückwunsch,S,1,祝辞
glühen,glühen,V,0,退火
glühen,glühen,V,1,熠
glühwein,Glühwein,S,0,香料烧酒
gnu,Gnu,S,0,牛羚
gnu,Gnu,S,1,角马
go,Go,S,0,围棋
golden,golden,Adj,0,黄金制成
golden,golden,Adj,1,辉煌
golden,golden,Adj,2,含金
golden,golden,Adj,3,璨烂
golden,golden,Adj,4,金色
goldmedaille,Goldmedaille,S,0,金牌
goldmedaille,Goldmedaille,S,1,金质奖
goldmedaille,Goldmedaille,S,2,金奖
goldpreis,Goldpreis,S,0,黄金价格
golfplatz,Golfplatz,S,0,高尔夫球场
golfplatz,Golfplatz,S,1,高球场
gondel,Gondel,S,0,狭长小船
gorilla,Gorilla,S,0,大猩猩
gott,Gott,S,0,天
gottesdienst,Gottesdienst,S,0,礼拜
gottesdienst,Gottesdienst,S,1,崇拜仪式
gottheit,Gottheit,S,0,神祇
gottheit,Gottheit,S,1,神灵
gouverneur,Gouverneur,S,0,知事
gouverneur,Gouverneur,S,1,太守
grab,Grab,S,0,墓穴
grab,Grab,S,1,蒿里
grab,Grab,S,2,坟
grab,Grab,S,3,穴
grab,Grab,S,4,坟墓
graben,Graben,S,0,运河
graben,Graben,S,1,氹
graben,Graben,S,2,掘
graben,Graben,S,3,刨
graben,Graben,S,4,凼
graben,Graben,S,5,水沟
graben,Graben,S,6,壕
graben,Graben,S,7,渠
graben,Graben,S,8,凿
graben,Graben,S,9,沟渠
graben,Graben,S,10,挖土
graben,Graben,S,11,厥
grabstein,Grabstein,S,0,墓碑
graffiti,Graffiti,S,0,涂鸦
graffiti,Graffiti,S,1,乱画
graffiti,Graffiti,S,2,粗制雕刻
grafik,Grafik,S,0,图像
grafiker,Grafiker,S,0,画师
grafiker,Grafiker,S,1,图像设计者
grafiker,Grafiker,S,2,图形设计人员
grafiker,Grafiker,S,3,图像设计师
grafikkarte,Grafikkarte,S,0,图形图像卡
grafikkarte,Grafikkarte,S,1,显示卡
grafisch,grafisch,Adj,0,图形
grafisch,grafisch,Adj,1,图像
grafschaft,Grafschaft,S,0,县
grandios,grandios,Adj,0,极佳
grandios,grandios,Adj,1,印象深刻
grandios,grandios,Adj,2,自大
grandios,grandios,Adj,3,厉害
grandios,grandios,Adj,4,可怕
granit,Granit,S,0,花岗岩
granit,Granit,S,1,花岗岩
graphen,Graphen,S,0,石墨烯
grat,Grat,S,0,毛刺
grat,Grat,S,1,山岗
grat,Grat,S,2,镶
grat,Grat,S,3,屋脊
grat,Grat,S,4,小刺
grat,Grat,S,5,冠
gratulation,Gratulation,S,0,祝贺
gravitation,Gravitation,S,0,万有引力
grazie,Grazie,S,0,优雅
greif,Greif,S,0,狮鹫
greifbar,greifbar,Adj,0,看得见
greifbar,greifbar,Adj,1,抓得住
greifbar,greifbar,Adj,2,摸得着
greifbar,greifbar,Adj,3,有实体
grenzenlos,grenzenlos,Adj,0,泱
grenzenlos,grenzenlos,Adj,1,无边无际
grenzenlos,grenzenlos,Adj,2,无疆
grenzenlos,grenzenlos,Adj,3,无限
grenzenlos,grenzenlos,Adj,4,坱
grenzenlos,grenzenlos,Adj,5,漫天
grenzenlos,grenzenlos,Adj,6,汪洋
grenzenlos,grenzenlos,Adj,7,一望无涯
grenzenlos,grenzenlos,Adj,8,漫无边际
grenzgebiet,Grenzgebiet,S,0,疆土
grenzgebiet,Grenzgebiet,S,1,域
grenzgebiet,Grenzgebiet,S,2,边疆
grenzgebiet,Grenzgebiet,S,3,疆域
grenzschutz,Grenzschutz,S,0,边防军
grenzschutz,Grenzschutz,S,1,守卫边境
grenzübergang,Grenzübergang,S,0,检查站
grenzübergang,Grenzübergang,S,1,交叉点
grill,Grill,S,0,烧烤炉
grill,Grill,S,1,烧烤
grinsen,grinsen,V,0,露齿
grinsen,grinsen,V,1,咧嘴
grinsen,grinsen,V,2,冷笑
groll,Groll,S,0,舍不得
grotte,Grotte,S,0,石窟
grube,Grube,S,0,硐
grube,Grube,S,1,凼
grube,Grube,S,2,坑塘
grube,Grube,S,3,洿
grube,Grube,S,4,坈
grundausbildung,Grundausbildung,S,0,基本训练
grundausbildung,Grundausbildung,S,1,基础教育
grundausbildung,Grundausbildung,S,2,基本教育
grundausbildung,Grundausbildung,S,3,基本功
grundbesitzer,Grundbesitzer,S,0,房主
grundbuch,Grundbuch,S,0,土地登记册
grundgesetz,Grundgesetz,S,0,基本法
grundkurs,Grundkurs,S,0,基础课
grundlagenforschung,Grundlagenforschung,S,0,基础理论研究
grundlagenforschung,Grundlagenforschung,S,1,基础研究
grundlagenforschung,Grundlagenforschung,S,2,基础性研究
grundprinzip,Grundprinzip,S,0,基本原理
grundprinzip,Grundprinzip,S,1,原理
grundprinzipien,Grundprinzipien,S,0,基本原则
grundrechte,Grundrechte,S,0,公民权利
grundriss,Grundriss,S,0,概论
grundriss,Grundriss,S,1,概要
grundriss,Grundriss,S,2,头绪
grundsteuer,Grundsteuer,S,0,地产税
grundsteuer,Grundsteuer,S,1,物业税
grundsteuer,Grundsteuer,S,2,田赋
grundsteuer,Grundsteuer,S,3,租税
gruppenarbeit,Gruppenarbeit,S,0,小组会作
gruppenarbeit,Gruppenarbeit,S,1,小组活动
gruppenspiel,Gruppenspiel,S,0,小组赛
gräfin,Gräfin,S,0,女伯爵
gräfin,Gräfin,S,1,伯爵夫人
gräueltaten,Gräueltaten,S,0,暴行
grübeln,grübeln,V,0,暝想
grübeln,grübeln,V,1,玩味
grübeln,grübeln,V,2,约摸
gründer,Gründer,S,0,创立者
gründer,Gründer,S,1,漂浮物
gründer,Gründer,S,2,缔造者
gründer,Gründer,S,3,漂浮者
gründer,Gründer,S,4,起业家
gründer,Gründer,S,5,创办者
gründerin,Gründerin,S,0,女创立者
gründungsmitglied,Gründungsmitglied,S,0,创建成员
grüne,Grüne,S,0,荷兰薄荷
grüne,Grüne,S,1,警察
grünen,grünen,V,0,绿叶
grünen,grünen,V,1,未成熟
grünen,grünen,V,2,恢复青春
grünen,grünen,V,3,绿色植被
grünen,grünen,V,4,成绿色
grünen,grünen,V,5,滴翠
gui,Gui,S,0,用户界面
gui,Gui,S,1,图形用户界面
gummibärchen,Gummibärchen,S,0,熊熊糖
gummibärchen,Gummibärchen,S,1,小熊糖
gummistiefel,Gummistiefel,S,0,橡胶长靴
gummistiefel,Gummistiefel,S,1,高筒胶靴
gunst,Gunst,S,0,偏爱
gunst,Gunst,S,1,厚意
gunst,Gunst,S,2,欢心
gunst,Gunst,S,3,恩待
gunst,Gunst,S,4,许可
guru,Guru,S,0,骨灰级
guss,Guss,S,0,潎
guss,Guss,S,1,浇注
gusseisen,Gusseisen,S,0,铸铁
gusseisen,Gusseisen,S,1,铁铸
gutachter,Gutachter,S,0,检查者
gutachter,Gutachter,S,1,鉴定人
gutachter,Gutachter,S,2,检查官
guthaben,Guthaben,S,0,权衡
gutschein,Gutschein,S,0,赠券
gutschein,Gutschein,S,1,凭单
gutschein,Gutschein,S,2,信用证明
gutschein,Gutschein,S,3,背书人
gynäkologie,Gynäkologie,S,0,妇产科学
gänsehaut,Gänsehaut,S,0,鸡皮疙瘩
gästehaus,Gästehaus,S,0,招待所
gästehaus,Gästehaus,S,1,旅店
gästehaus,Gästehaus,S,2,逆旅
gönner,Gönner,S,0,檀越
götter,Götter,S,0,神祇
götter,Götter,S,1,神佛
göttin,Göttin,S,0,绝代美女
göttin,Göttin,S,1,帝女
göttin,Göttin,S,2,受崇拜的女性
gülle,Gülle,S,0,积水潭
gülle,Gülle,S,1,粪
gülle,Gülle,S,2,粪尿
gülle,Gülle,S,3,液体肥料
gülle,Gülle,S,4,粪水
güte,Güte,S,0,姤
güte,Güte,S,1,宽大
güterzug,Güterzug,S,0,货物列车
güterzug,Güterzug,S,1,货运列车
gütig,gütig,Adj,0,善
gütig,gütig,Adj,1,仁慈
haarausfall,Haarausfall,S,0,脱发
haarausfall,Haarausfall,S,1,掉头发
haarfarbe,Haarfarbe,S,0,发色
haarfarbe,Haarfarbe,S,1,头发颜色
haarschnitt,Haarschnitt,S,0,美发
haarschnitt,Haarschnitt,S,1,剪头
hacke,Hacke,S,0,铻
hacke,Hacke,S,1,锄头
hacke,Hacke,S,2,䦆
hacke,Hacke,S,3,镃
hacke,Hacke,S,4,镈
hacke,Hacke,S,5,镐
hacker,Hacker,S,0,计算机窃贼
hacker,Hacker,S,1,恶作剧者
hacker,Hacker,S,2,道夫斩刀
hacker,Hacker,S,3,怪客
hacker,Hacker,S,4,网络间谍
hacker,Hacker,S,5,黑客
hacker,Hacker,S,6,骇客
hacker,Hacker,S,7,斩刀
hackfleisch,Hackfleisch,S,0,馅
hackfleisch,Hackfleisch,S,1,肉糜
hackfleisch,Hackfleisch,S,2,肉馅
hackfleisch,Hackfleisch,S,3,醢
hafenstadt,Hafenstadt,S,0,港埠
hafenstadt,Hafenstadt,S,1,埠
haferflocken,Haferflocken,S,0,燕麦片
haftbefehl,Haftbefehl,S,0,逮捕令
haftbefehl,Haftbefehl,S,1,逮捕证
haftbefehl,Haftbefehl,S,2,拘票
haftpflicht,Haftpflicht,S,0,赔偿责任
haftpflichtversicherung,Haftpflichtversicherung,S,0,责任保险
haftpflichtversicherung,Haftpflichtversicherung,S,1,赔偿保险
haftstrafe,Haftstrafe,S,0,拘留惩罚
haftstrafe,Haftstrafe,S,1,监禁处罚
hagel,Hagel,S,0,霰弹
hagel,Hagel,S,1,雹
hagel,Hagel,S,2,雹子
halbfinale,Halbfinale,S,0,半决赛
halbfinale,Halbfinale,S,1,准决赛
halbmond,Halbmond,S,0,月牙
halbmond,Halbmond,S,1,弦月
halbmond,Halbmond,S,2,弦
halbmond,Halbmond,S,3,絃
halde,Halde,S,0,累积
halde,Halde,S,1,不停施予
halde,Halde,S,2,拼命添加
halde,Halde,S,3,厚施
hallenbad,Hallenbad,S,0,掍堂
hallenbad,Hallenbad,S,1,混堂
halloween,Halloween,S,0,万圣节前夜
halloween,Halloween,S,1,万圣夜
halsband,Halsband,S,0,项链
halskette,Halskette,S,0,项链
haltbarkeit,Haltbarkeit,S,0,耐用性
halterung,Halterung,S,0,夹持
halterung,Halterung,S,1,固定设备
halterung,Halterung,S,2,固定物
hamburger,Hamburger,S,0,汉堡人
hamster,Hamster,S,0,仓鼠
handarbeit,Handarbeit,S,0,手工劳动
handarbeit,Handarbeit,S,1,针线活
handarbeit,Handarbeit,S,2,活计
handball,Handball,S,0,手球
handbremse,Handbremse,S,0,手刹车
handbremse,Handbremse,S,1,手用制动器
handbremse,Handbremse,S,2,手制动器
handbremse,Handbremse,S,3,手煞
handbuch,Handbuch,S,0,手册
handbuch,Handbuch,S,1,指南
handelsblatt,Handelsblatt,S,0,商报
handelsblatt,Handelsblatt,S,1,商业新闻
handelskammer,Handelskammer,S,0,通商公所
handelskammer,Handelskammer,S,1,商会
handelsregister,Handelsregister,S,0,商业登记簿
handelsregister,Handelsregister,S,1,商业记数器
handgepäck,Handgepäck,S,0,小件行李
handgepäck,Handgepäck,S,1,手提行李
handjob,Handjob,S,0,手交
handlanger,Handlanger,S,0,跟班
handlanger,Handlanger,S,1,做零活的人
handlanger,Handlanger,S,2,杂役
handlanger,Handlanger,S,3,爪牙
handlanger,Handlanger,S,4,杂工
handschellen,Handschellen,S,0,杻
handschellen,Handschellen,S,1,铐子
handschellen,Handschellen,S,2,杻
handschriftlich,handschriftlich,Adj,0,手写
handschuhe,Handschuhe,S,0,手笠
handschuhe,Handschuhe,S,1,手套
handtasche,Handtasche,S,0,提包
handtasche,Handtasche,S,1,手包
handtasche,Handtasche,S,2,女用钱包
handtasche,Handtasche,S,3,手提包
handtasche,Handtasche,S,4,手袋
handwerklich,handwerklich,Adj,0,工艺
handwerklich,handwerklich,Adj,1,手艺
handy,Handy,S,0,手提
handynummer,Handynummer,S,0,手机号码
hanf,Hanf,S,0,麻
hanf,Hanf,S,1,缊
hanse,Hanse,S,0,汉萨同盟
hardliner,Hardliner,S,0,强硬派
hardliner,Hardliner,S,1,强硬路线者
hardware,Hardware,S,0,硬体
hardware,Hardware,S,1,行头
hardware,Hardware,S,2,硬件
hasen,Hasen,S,0,兔科
hattrick,Hattrick,S,0,帽子戏法
haue,Haue,S,0,铁铲
haue,Haue,S,1,镐
hauptaufgabe,Hauptaufgabe,S,0,主要功能
hauptaugenmerk,Hauptaugenmerk,S,0,着眼点
hauptbahnhof,Hauptbahnhof,S,0,火车总站
hauptbahnhof,Hauptbahnhof,S,1,中央火车站
hauptbahnhof,Hauptbahnhof,S,2,总站
hauptberuflich,hauptberuflich,Adj,0,正业
hauptdarsteller,Hauptdarsteller,S,0,男主角
hauptdarstellerin,Hauptdarstellerin,S,0,女主角
haupteingang,Haupteingang,S,0,大门人口
haupteingang,Haupteingang,S,1,主要入口通道
haupteingang,Haupteingang,S,2,主入口
haupteingang,Haupteingang,S,3,正门
hauptfach,Hauptfach,S,0,主科
hauptfigur,Hauptfigur,S,0,主要人物表
hauptgebäude,Hauptgebäude,S,0,主要建筑
hauptgebäude,Hauptgebäude,S,1,主楼
hauptgrund,Hauptgrund,S,0,主因
hauptgrund,Hauptgrund,S,1,主原
hauptgrund,Hauptgrund,S,2,关键要素
hauptproblem,Hauptproblem,S,0,主要问题
hauptrolle,Hauptrolle,S,0,中心人物
hauptrolle,Hauptrolle,S,1,主角
hauptschulabschluss,Hauptschulabschluss,S,0,普通中学毕业
hauptschule,Hauptschule,S,0,普通中学
hauptursache,Hauptursache,S,0,主要原因
hauptversammlung,Hauptversammlung,S,0,全体股东大会
hausarbeit,Hausarbeit,S,0,家务活
hausarbeit,Hausarbeit,S,1,家事
hausarrest,Hausarrest,S,0,软禁
hausarzt,Hausarzt,S,0,家庭医生
hausaufgaben,Hausaufgaben,S,0,功课
hausbau,Hausbau,S,0,房屋建筑
hausbesitzer,Hausbesitzer,S,0,房主
hausbesitzer,Hausbesitzer,S,1,房东协会
hausdurchsuchung,Hausdurchsuchung,S,0,找房子
hausflur,Hausflur,S,0,厅堂
haushalten,haushalten,V,0,整理工作
haushälterin,Haushälterin,S,0,女管家
haushälterin,Haushälterin,S,1,男主人
haushälterin,Haushälterin,S,2,管家
haushälterin,Haushälterin,S,3,主妇
hausmann,Hausmann,S,0,家庭主男
hausmann,Hausmann,S,1,居家男人
hausmann,Hausmann,S,2,家庭妇男
hausmann,Hausmann,S,3,家庭主夫
hausnummer,Hausnummer,S,0,街道号码
hausnummer,Hausnummer,S,1,门牌号
hausrat,Hausrat,S,0,庭实
haustier,Haustier,S,0,宠物
haustier,Haustier,S,1,爱宠
haustier,Haustier,S,2,牲
haustüre,Haustüre,S,0,家门
hausverwaltung,Hausverwaltung,S,0,房管处
hausverwaltung,Hausverwaltung,S,1,物业管理
hauswand,Hauswand,S,0,廆
hauswirtschaft,Hauswirtschaft,S,0,家庭经济
hauswirtschaft,Hauswirtschaft,S,1,家政学
hauswirtschaft,Hauswirtschaft,S,2,国内经济
hautfarbe,Hautfarbe,S,0,肤色
hautnah,hautnah,Adj,0,挨着
hautnah,hautnah,Adj,1,栩栩如生
hautnah,hautnah,Adj,2,紧紧
hautnah,hautnah,Adj,3,直入人心
headhunter,Headhunter,S,0,猎头公司
headset,Headset,S,0,耳麦
hebräisch,Hebräisch,S,0,希伯莱文
hebräisch,Hebräisch,S,1,希伯来人
hebräisch,Hebräisch,S,2,希伯莱语
hebräisch,Hebräisch,S,3,希伯来
hecht,Hecht,S,0,狗鱼
hecht,Hecht,S,1,家伙
hecht,Hecht,S,2,长矛
hecht,Hecht,S,3,小伙子
heck,Heck,S,0,机舱尾
hecke,Hecke,S,0,栵
hecke,Hecke,S,1,树篱
hefe,Hefe,S,0,麦啤
hefe,Hefe,S,1,酵母
hehe,Hehe,Interj,0,嘿嘿
heiligen,heiligen,V,0,神圣
heiligen,heiligen,V,1,圣洁
heiligen,heiligen,V,2,供神
heiligen,heiligen,V,3,神圣化
heiligen,heiligen,V,4,自洁
heiligen,heiligen,V,5,圣化
heiligen,heiligen,V,6,视为神圣
heiligen,heiligen,V,7,使神圣化
heiligen,heiligen,V,8,圣徒
heiligen,heiligen,V,9,庄严
heiligkeit,Heiligkeit,S,0,神圣
heiligkeit,Heiligkeit,S,1,圣洁
heiligkeit,Heiligkeit,S,2,供神
heiligkeit,Heiligkeit,S,3,神圣化
heiligkeit,Heiligkeit,S,4,视为神圣
heiligkeit,Heiligkeit,S,5,使神圣化
heiligkeit,Heiligkeit,S,6,圣徒
heiligkeit,Heiligkeit,S,7,庄严
heiligtum,Heiligtum,S,0,薮偷婆
heiligtum,Heiligtum,S,1,薮斗婆
heiligtum,Heiligtum,S,2,兜婆
heimarbeit,Heimarbeit,S,0,家包
heimatland,Heimatland,S,0,家园
heimatland,Heimatland,S,1,母国
heimatland,Heimatland,S,2,居所
heimatland,Heimatland,S,3,来的国家
heimatland,Heimatland,S,4,故乡
heimatland,Heimatland,S,5,故土
heimatland,Heimatland,S,6,出生所在国家
heimatland,Heimatland,S,7,老家
heimatort,Heimatort,S,0,家乡
heimatort,Heimatort,S,1,故里
heimatort,Heimatort,S,2,家园
heimatort,Heimatort,S,3,居所
heimatort,Heimatort,S,4,来的国家
heimatort,Heimatort,S,5,故乡
heimatort,Heimatort,S,6,老家
heimatort,Heimatort,S,7,籍
heimatschutz,Heimatschutz,S,0,国土安全
heimniederlage,Heimniederlage,S,0,主场失利
heimreise,Heimreise,S,0,故乡之旅
heimspiel,Heimspiel,S,0,主场赛
heimspiel,Heimspiel,S,1,家庭游戏
heiser,heiser,Adj,0,沙哑
heiser,heiser,Adj,1,声音嘶哑
heiser,heiser,Adj,2,嘶哑声
heiser,heiser,Adj,3,嗄
heiser,heiser,Adj,4,粗哑
heizkosten,Heizkosten,S,0,采暖费
heizkosten,Heizkosten,S,1,取暖费
heizöl,Heizöl,S,0,燃料油
heizöl,Heizöl,S,1,取暖用油
helden,Helden,S,0,勇士们
heldin,Heldin,S,0,女中豪杰
heldin,Heldin,S,1,巾帼英雄
heldin,Heldin,S,2,女英雄
helikopter,Helikopter,S,0,直升机
helium,Helium,S,0,氦气
helix,Helix,S,0,螺旋线
hellblau,hellblau,Adj,0,淡蓝
hellblau,hellblau,Adj,1,淡青色
hellblau,hellblau,Adj,2,淡蓝色
hellbraun,hellbraun,Adj,0,米色
hellbraun,hellbraun,Adj,1,淡褐色
hellbraun,hellbraun,Adj,2,黄褐色
hellbraun,hellbraun,Adj,3,浅棕色
helligkeit,Helligkeit,S,0,明亮度
helligkeit,Helligkeit,S,1,光度
helligkeit,Helligkeit,S,2,辉煌
helligkeit,Helligkeit,S,3,亮度
hellwach,hellwach,Adj,0,惺惺
hemmungslos,hemmungslos,Adj,0,狂放不羁
hemmungslos,hemmungslos,Adj,1,无约束
henker,Henker,S,0,刀斧手
henne,Henne,S,0,母鸡
hepatitis,Hepatitis,S,0,肝炎
herangehensweise,Herangehensweise,S,0,路子
herankommen,herankommen,V,0,及得上
herausforderung,Herausforderung,S,0,挑战
herausgabe,Herausgabe,S,0,交还
herausgabe,Herausgabe,S,1,归还
herausnehmen,herausnehmen,V,0,切除
herausnehmen,herausnehmen,V,1,掏出
herb,herb,Adj,0,辛辣
herb,herb,Adj,1,尖锐
herb,herb,Adj,2,酸涩
herb,herb,Adj,3,严厉
herbstferien,Herbstferien,S,0,秋假
herde,Herde,S,0,噳
hering,Hering,S,0,青鱼
hering,Hering,S,1,鰽
hering,Hering,S,2,鲱鱼
herkunftsland,Herkunftsland,S,0,起源洲赛
herkunftsland,Herkunftsland,S,1,所属国
herkunftsland,Herkunftsland,S,2,来源国
herkunftsland,Herkunftsland,S,3,出生国
herleitung,Herleitung,S,0,起源
herleitung,Herleitung,S,1,来历
herleitung,Herleitung,S,2,衍生
herpes,Herpes,S,0,单纯皰疹病毒
herpes,Herpes,S,1,疱疹
herpes,Herpes,S,2,皰疹病毒科
herrin,Herrin,S,0,女主人
herrin,Herrin,S,1,主妇
herzhaft,herzhaft,Adj,0,衷心
herzhaft,herzhaft,Adj,1,热心
herzhaft,herzhaft,Adj,2,坚定
herzklopfen,Herzklopfen,S,0,唈
herzogin,Herzogin,S,0,公爵
hesse,Hesse,S,0,海森
heuchler,Heuchler,S,0,伪善者
heuchler,Heuchler,S,1,伪君子
heuschrecken,Heuschrecken,S,0,蝗
heuschrecken,Heuschrecken,S,1,蝗虫
hexen,Hexen,S,0,己烯
hexerei,Hexerei,S,0,祅
hexerei,Hexerei,S,1,妖术
hexerei,Hexerei,S,2,魔法
hieb,Hieb,S,0,夹
hieb,Hieb,S,1,割纹
hierarchie,Hierarchie,S,0,僧侣政治
hierarchie,Hierarchie,S,1,阶层
hierdurch,hierdurch,Adv,0,由此
hierdurch,hierdurch,Adv,1,特此
hierhin,hierhin,Adv,0,到这里
hiernach,hiernach,Adv,0,在此之后
hiernach,hiernach,Adv,1,在此后
highlight,Highlight,S,0,精彩场面
highlight,Highlight,S,1,聚光灯下
highlight,Highlight,S,2,加亮区
highlight,Highlight,S,3,最显著部分
hilfeleistung,Hilfeleistung,S,0,援助
hilfeleistung,Hilfeleistung,S,1,经济援助
hilfsmittel,Hilfsmittel,S,0,佐剂
hilfsmittel,Hilfsmittel,S,1,辅助工具
hilfsorganisation,Hilfsorganisation,S,0,救济机构
hilfsorganisation,Hilfsorganisation,S,1,慈善机构
himmelfahrt,Himmelfahrt,S,0,升天日
himmelfahrt,Himmelfahrt,S,1,升天
hinauslaufen,hinauslaufen,V,0,跑出
hinauslaufen,hinauslaufen,V,1,被用完
hinauslaufen,hinauslaufen,V,2,了机
hinderlich,hinderlich,Adj,0,行动不便
hinderlich,hinderlich,Adj,1,有阻碍
hinderlich,hinderlich,Adj,2,阻碍地
hindi,Hindi,S,0,北印度
hindi,Hindi,S,1,印地语
hinführen,hinführen,V,0,通往
hinreichend,hinreichend,Adj,0,足够
hinrichtung,Hinrichtung,S,0,死刑执行
hinrichtung,Hinrichtung,S,1,电刑
hinrichtung,Hinrichtung,S,2,大决
hinsichtlich,hinsichtlich,,0,对于
hinstellen,hinstellen,V,0,摆放
hinterachse,Hinterachse,S,0,后桥
hinterachse,Hinterachse,S,1,后车轴
hinterhalt,Hinterhalt,S,0,伏击
hinterlegen,hinterlegen,V,0,留下
hinterlegen,hinterlegen,V,1,提存
hinterrad,Hinterrad,S,0,尾轮
hinterrad,Hinterrad,S,1,后轮
hinterzimmer,Hinterzimmer,S,0,后屋
hinterzimmer,Hinterzimmer,S,1,里屋
hippie,Hippie,S,0,嬉皮士
hippie,Hippie,S,1,嬉皮
hirsche,Hirsche,S,0,鹿科
hirt,Hirt,S,0,牧人
hirt,Hirt,S,1,牧民
hirte,Hirte,S,0,倌
history,History,,0,教育史
hit,Hit,S,0,感情强烈
hit,Hit,S,1,热门歌曲
hobbys,Hobbys,S,0,嗜好等
hochbau,Hochbau,S,0,结构工程学
hochdruck,Hochdruck,S,0,凸印
hochdruck,Hochdruck,S,1,重压
hochdruck,Hochdruck,S,2,铅印
hochfahren,hochfahren,V,0,加速
hochfahren,hochfahren,V,1,升速过程
hochglanz,Hochglanz,S,0,光亮
hochglanz,Hochglanz,S,1,高光泽
hochglanz,Hochglanz,S,2,高光
hochgradig,hochgradig,Adj,0,高度地
hochladen,hochladen,V,0,上载
hochladen,hochladen,V,1,上传
hochrechnung,Hochrechnung,S,0,选举预测
hochrechnung,Hochrechnung,S,1,外插
hochrechnungen,Hochrechnungen,S,0,选举预测
hochsommer,Hochsommer,S,0,盛夏
hochsommer,Hochsommer,S,1,仲夏
hochstapler,Hochstapler,S,0,伪君子
hochverrat,Hochverrat,S,0,叛国
hochwasser,Hochwasser,S,0,水灾
hochwasser,Hochwasser,S,1,高潮
hochwertig,hochwertig,Adj,0,优质
hochwertig,hochwertig,Adj,1,高质
hochwertig,hochwertig,Adj,2,高层
hochwertig,hochwertig,Adj,3,高品位
hochwertig,hochwertig,Adj,4,高级
hochwertig,hochwertig,Adj,5,高品质
hochwertig,hochwertig,Adj,6,高精
hochzeitstag,Hochzeitstag,S,0,结婚纪念日
hochzeitstag,Hochzeitstag,S,1,婚期
hochzeitstag,Hochzeitstag,S,2,结婚日
hochzeitstag,Hochzeitstag,S,3,佳期
hocken,hocken,V,0,人腿
hocken,hocken,V,1,胫骨部分
hocken,hocken,V,2,呆坐
hocken,hocken,V,3,趴伏
hocken,hocken,V,4,跗关节
hoden,Hoden,S,0,外肾
hoden,Hoden,S,1,睪
hoden,Hoden,S,2,睾丸
hoffnungsvoll,hoffnungsvoll,Adj,0,有希望
hoffnungsvoll,hoffnungsvoll,Adj,1,可望
hoffnungsvoll,hoffnungsvoll,Adj,2,乐观
holding,Holding,S,0,集团
holding,Holding,S,1,控投公司
holländer,Holländer,S,0,荷兰人
holocaust,Holocaust,S,0,犹太人大屠杀
holzkohle,Holzkohle,S,0,炭
holzkohle,Holzkohle,S,1,木炭
homeland,Homeland,,0,班图斯坦
homepage,Homepage,S,0,网业
homepage,Homepage,S,1,主页
homogen,homogen,Adj,0,均相
homogen,homogen,Adj,1,齐次
homogen,homogen,Adj,2,同类
homogen,homogen,Adj,3,均质
homogen,homogen,Adj,4,同质的
homogen,homogen,Adj,5,同种
homophobie,Homophobie,S,0,同性恋恐惧症
homosexualität,Homosexualität,S,0,同性恋
homosexuell,homosexuell,Adj,0,断袖
homosexuelle,Homosexuelle,S,0,分桃
homosexuelle,Homosexuelle,S,1,同志们
homosexuelle,Homosexuelle,S,2,同性爱
homosexueller,Homosexueller,S,0,同性恋者
homöopathie,Homöopathie,S,0,顺势疗法
hopfen,Hopfen,S,0,葎草
hopfen,Hopfen,S,1,啤酒花
horde,Horde,S,0,键箱
horizontale,Horizontale,S,0,水平线
hormon,Hormon,S,0,荷尔蒙
hormon,Hormon,S,1,激素类
hormon,Hormon,S,2,激素
hornhaut,Hornhaut,S,0,眼角膜
horst,Horst,S,0,猛禽的巢
horst,Horst,S,1,空军基地
horst,Horst,S,2,巢穴
horst,Horst,S,3,大的鸟巢
hort,Hort,S,0,密藏的宝物
hort,Hort,S,1,安全的地方
hort,Hort,S,2,课外活动室
hort,Hort,S,3,窟藏
hort,Hort,S,4,储藏物
horten,horten,V,0,囤积居奇
horten,horten,V,1,储物
hosen,Hosen,S,0,裤
hosentasche,Hosentasche,S,0,衣袋
hosentasche,Hosentasche,S,1,裤兜
hosentasche,Hosentasche,S,2,口袋儿
hosentasche,Hosentasche,S,3,裤子口袋
hotspot,Hotspot,S,0,夜总会
hotspot,Hotspot,S,1,火山口
hotspot,Hotspot,S,2,光线
hubraum,Hubraum,S,0,气缸排量
hubraum,Hubraum,S,1,排气量
hubraum,Hubraum,S,2,排量
hubraum,Hubraum,S,3,汽缸容量
hufe,Hufe,S,0,蹄
hummel,Hummel,S,0,花蜂
hummel,Hummel,S,1,丸花蜂
hummer,Hummer,S,0,龙虾
hundefutter,Hundefutter,S,0,狗粮
hundertprozentig,hundertprozentig,Adj,0,百分
hunderttausend,hunderttausend,Num,0,数十万
hungersnot,Hungersnot,S,0,磨难
hungersnot,Hungersnot,S,1,饥荒
hungersnot,Hungersnot,S,2,急迫
hungersnot,Hungersnot,S,3,灾荒
hungersnot,Hungersnot,S,4,困苦
hure,Hure,S,0,卖淫女
hure,Hure,S,1,野花
hurensohn,Hurensohn,S,0,狗杂种
hurensohn,Hurensohn,S,1,干你娘
hurensohn,Hurensohn,S,2,狗日的
hurensohn,Hurensohn,S,3,狗娘养的
hurra,hurra,Interj,0,好哇
hybrid,hybrid,Adj,0,杂交的
hybride,Hybride,S,0,杂交种
hybride,Hybride,S,1,杂种
hybride,Hybride,S,2,混合种
hybride,Hybride,S,3,混血儿
hydraulik,Hydraulik,S,0,水力学
hydraulik,Hydraulik,S,1,液压技术
hymne,Hymne,S,0,赞美诗
hypnose,Hypnose,S,0,催眠状态
hypnose,Hypnose,S,1,催眠
hypothek,Hypothek,S,0,按揭
hypothek,Hypothek,S,1,抵押权
hypothek,Hypothek,S,2,抵押
hypothetisch,hypothetisch,Adj,0,未经证明
hypothetisch,hypothetisch,Adj,1,有前提
hypothetisch,hypothetisch,Adj,2,假定
hypothetisch,hypothetisch,Adj,3,假设性
hysterisch,hysterisch,Adj,0,癔病
hysterisch,hysterisch,Adj,1,癔
hyundai,Hyundai,,0,现代集团
hähnchen,Hähnchen,S,0,小公鸡
hähnchen,Hähnchen,S,1,小鸡鸡
häkeln,häkeln,V,0,前刺
hämmern,hämmern,V,0,锤
hämmern,hämmern,V,1,鎚
hämmern,hämmern,V,2,锤击
hämmern,hämmern,V,3,锤打
hämmern,hämmern,V,4,搥
händedruck,Händedruck,S,0,握手
häppchen,Häppchen,S,0,一小片
häppchen,Häppchen,S,1,细屑
häppchen,Häppchen,S,2,点心
häppchen,Häppchen,S,3,花絮
härter,Härter,S,0,固化剂
härter,Härter,S,1,硬化剂
häufigkeit,Häufigkeit,S,0,次数
häufung,Häufung,S,0,聚集
häuptling,Häuptling,S,0,头人
häuptling,Häuptling,S,1,单
häuschen,Häuschen,S,0,寮
häuschen,Häuschen,S,1,茅屋
höchst,höchst,Adj,0,至上
höchstgeschwindigkeit,Höchstgeschwindigkeit,S,0,最高车速
höchstgeschwindigkeit,Höchstgeschwindigkeit,S,1,最高速度
höchstgeschwindigkeit,Höchstgeschwindigkeit,S,2,最大速率
höchstgeschwindigkeit,Höchstgeschwindigkeit,S,3,最大速度
höchststand,Höchststand,S,0,顶峰
höchststand,Höchststand,S,1,绝对最高水平
höchststand,Höchststand,S,2,最高位
höchststand,Höchststand,S,3,最高水准
höchstwahrscheinlich,höchstwahrscheinlich,Adv,0,十有八九
höchstwahrscheinlich,höchstwahrscheinlich,Adv,1,多半
höflichkeit,Höflichkeit,S,0,礼貌
höflichkeit,Höflichkeit,S,1,礼仪
höflichkeit,Höflichkeit,S,2,礼让
höflichkeit,Höflichkeit,S,3,礼遇
höflichkeit,Höflichkeit,S,4,公德心
höflichkeit,Höflichkeit,S,5,礼度
höhen,Höhen,S,0,丘坛
höhenflug,Höhenflug,S,0,向上飞舞
höher,höher,Adj,0,至上
hölle,Hölle,S,0,地狱
hölle,Hölle,S,1,阴曹
hörbar,hörbar,Adj,0,听得到
hörbuch,Hörbuch,S,0,对话书
hörbuch,Hörbuch,S,1,有声书
hörbuch,Hörbuch,S,2,对话录
hörsaal,Hörsaal,S,0,大教室
hörsaal,Hörsaal,S,1,大學教室
höschen,Höschen,S,0,裤衩
hühnchen,Hühnchen,S,0,小姑娘
hühnchen,Hühnchen,S,1,小母鸡
hülle,Hülle,S,0,外套
hülle,Hülle,S,1,缘膜
hülle,Hülle,S,2,袖子
hülle,Hülle,S,3,膜
hülle,Hülle,S,4,盖膜
hülle,Hülle,S,5,菌膜
hülle,Hülle,S,6,软口盖
hündin,Hündin,S,0,母狗
idealfall,Idealfall,S,0,理想情况
idealismus,Idealismus,S,0,理想主义
idealismus,Idealismus,S,1,唯心主义
idealismus,Idealismus,S,2,唯心论
idealismus,Idealismus,S,3,理念论
identifikation,Identifikation,S,0,验明
identifikation,Identifikation,S,1,辨识
identifikation,Identifikation,S,2,视为相同
identifiziert,identifiziert,Adj,0,识别出来
idyllisch,idyllisch,Adj,0,田园诗
idyllisch,idyllisch,Adj,1,生动如画
idyllisch,idyllisch,Adj,2,祥和
idyllisch,idyllisch,Adj,3,田园生活
ignoriert,ignoriert,Adj,0,没注意到
ihnen,ihnen,Pron,0,她们
ihre,ihre,Pron,0,它们
illustration,Illustration,S,0,插画
illustration,Illustration,S,1,彩图绘画
illustration,Illustration,S,2,彩图
illustrator,Illustrator,S,0,画插图者
illustrator,Illustrator,S,1,插画家
illustrator,Illustrator,S,2,插图画家
illustriert,illustriert,Adj,0,图片较多
imbiss,Imbiss,S,0,点心店
imbiss,Imbiss,S,1,小吃
immigration,Immigration,S,0,迁居
immigration,Immigration,S,1,移入
immigration,Immigration,S,2,迁入
immobilien,Immobilien,S,0,物业
immobilien,Immobilien,S,1,房地平
immobilien,Immobilien,S,2,房地产
immobilienmakler,Immobilienmakler,S,0,地产代理
immobilienmakler,Immobilienmakler,S,1,纤手
immobilienmakler,Immobilienmakler,S,2,房屋管理人
immobilienmakler,Immobilienmakler,S,3,房屋管理员
immobilienmarkt,Immobilienmarkt,S,0,楼市
immobilienmarkt,Immobilienmarkt,S,1,房地产市场
immunität,Immunität,S,0,免疫力
immunität,Immunität,S,1,免疫
immunität,Immunität,S,2,豁免
imperativ,Imperativ,S,0,祈使语气
imperativ,Imperativ,S,1,命令
imperator,Imperator,S,0,官家
impfung,Impfung,S,0,接种
implementieren,implementieren,V,0,执行
implizit,implizit,Adj,0,含蓄
impressum,Impressum,S,0,出版事项
impressum,Impressum,S,1,版本说明
impressum,Impressum,S,2,版权页
improvisation,Improvisation,S,0,即席创作
improvisation,Improvisation,S,1,即兴
improvisation,Improvisation,S,2,即兴而作
improvisation,Improvisation,S,3,即席演说
improvisation,Improvisation,S,4,即兴曲
improvisation,Improvisation,S,5,即兴作品
improvisieren,improvisieren,V,0,即席创作
inakzeptabel,inakzeptabel,Adj,0,不能接受
inakzeptabel,inakzeptabel,Adj,1,难接受
inbegriffen,inbegriffen,Adj,0,含
inbegriffen,inbegriffen,Adj,1,计算在内
inbetriebnahme,Inbetriebnahme,S,0,投产使用
inbetriebnahme,Inbetriebnahme,S,1,开业
inbetriebnahme,Inbetriebnahme,S,2,开始运转
inbetriebnahme,Inbetriebnahme,S,3,投入运行过程
inbetriebnahme,Inbetriebnahme,S,4,投入使用
inbetriebnahme,Inbetriebnahme,S,5,投产
indikator,Indikator,S,0,指示计
indikator,Indikator,S,1,指示符
induktion,Induktion,S,0,归纳法
induktion,Induktion,S,1,归纳
industrieller,Industrieller,S,0,实业家
industrienationen,Industrienationen,S,0,工业国
infanterie,Infanterie,S,0,步兵团
infanterie,Infanterie,S,1,步兵部队
inferno,Inferno,S,0,火湖
infinity,Infinity,,0,无极号
infizieren,infizieren,V,0,染上
infiziert,infiziert,Adj,0,被感染
infizierte,Infizierte,S,0,感染者
inflationsrate,Inflationsrate,S,0,通货膨胀率
inflationsrate,Inflationsrate,S,1,通胀率
informatiker,Informatiker,S,0,电脑工程师
informationen,Informationen,S,0,资讯
informationsaustausch,Informationsaustausch,S,0,信息交换
informationsaustausch,Informationsaustausch,S,1,情报交流
informativ,informativ,Adj,0,提供资料
informativ,informativ,Adj,1,知识性
informiert,informiert,Adj,0,获悉
infusion,Infusion,S,0,输液
infusion,Infusion,S,1,注入
infusion,Infusion,S,2,静脉注射
inhaftiert,inhaftiert,Adj,0,关押
inhaftiert,inhaftiert,Adj,1,扣押
inhaftierung,Inhaftierung,S,0,被关
inhaftierung,Inhaftierung,S,1,囚禁
inhaftierung,Inhaftierung,S,2,限止
inhaftierung,Inhaftierung,S,3,关押
initial,Initial,S,0,首字母
initiator,Initiator,S,0,首发人
initiator,Initiator,S,1,创办者
initiieren,initiieren,V,0,首倡
initiieren,initiieren,V,1,倡导
injektion,Injektion,S,0,注人
inka,Inka,S,0,印加
inkompetenz,Inkompetenz,S,0,无资格
inmitten,inmitten,,0,中点
innenausstattung,Innenausstattung,S,0,内饰
innenausstattung,Innenausstattung,S,1,内部布置
innenausstattung,Innenausstattung,S,2,装饰件
innenausstattung,Innenausstattung,S,3,室内摆设
innenausstattung,Innenausstattung,S,4,内部设备
innenseite,Innenseite,S,0,心纸
innenseite,Innenseite,S,1,里边
innenseite,Innenseite,S,2,内侧
innenseite,Innenseite,S,3,内页
innere,innere,Adj,0,内禀
inneres,Inneres,S,0,内心
innovation,Innovation,S,0,创新
inoffiziell,inoffiziell,Adj,0,民间
inoffiziell,inoffiziell,Adj,1,非官方
inquisition,Inquisition,S,0,审理
inquisition,Inquisition,S,1,异端裁判所
insider,Insider,S,0,知情人
insolvenz,Insolvenz,S,0,不能清偿
insolvenz,Insolvenz,S,1,无力偿付
insolvenz,Insolvenz,S,2,资不抵债
insolvenz,Insolvenz,S,3,破产
insolvenz,Insolvenz,S,4,周转不灵
insolvenzverfahren,Insolvenzverfahren,S,0,破产程序
insolvenzverwalter,Insolvenzverwalter,S,0,破产管理人
inspektion,Inspektion,S,0,检查机构
inspektion,Inspektion,S,1,审查
inspektion,Inspektion,S,2,视察
inspektion,Inspektion,S,3,审查机构
inspektor,Inspektor,S,0,高级官员
inspektor,Inspektor,S,1,视察员
inspektor,Inspektor,S,2,监察员
inspektor,Inspektor,S,3,检察员
inspektor,Inspektor,S,4,視官
inspiration,Inspiration,S,0,感召力
inspiration,Inspiration,S,1,灵感
inspiriert,inspiriert,Adj,0,充满灵感
instabil,instabil,Adj,0,技
instabilität,Instabilität,S,0,不稳定性
installiert,installiert,Adj,0,已经安装
installiert,installiert,Adj,1,安装好
instandhaltung,Instandhaltung,S,0,维修
instandhaltung,Instandhaltung,S,1,保养
instandsetzung,Instandsetzung,S,0,修好
instinktiv,instinktiv,Adj,0,本能
instrumentalisieren,instrumentalisieren,V,0,工具化
insulin,Insulin,S,0,胰岛素
intakt,intakt,Adj,0,无损伤
intakt,intakt,Adj,1,情况良好
intakt,intakt,Adj,2,完整无缺
integriert,integriert,Adj,0,内置
intellektueller,Intellektueller,S,0,知识分子
intensiviert,intensiviert,Adj,0,强化
intensiviert,intensiviert,Adj,1,使紧凑
intensiviert,intensiviert,Adj,2,使紧张
intensivstation,Intensivstation,S,0,特别看护室
intensivstation,Intensivstation,S,1,特别护理部
intensivstation,Intensivstation,S,2,密集看护室
intensivstation,Intensivstation,S,3,监护病房
intensivstation,Intensivstation,S,4,加护病房
intensivstation,Intensivstation,S,5,急救室
intention,Intention,S,0,内涵
intention,Intention,S,1,意图
interagieren,interagieren,V,0,相互影响
interagieren,interagieren,V,1,互相作用
interaktion,Interaktion,S,0,互相影响
interaktion,Interaktion,S,1,交感
interaktion,Interaktion,S,2,相互作用
interaktion,Interaktion,S,3,干扰
interaktiv,interaktiv,Adj,0,交互式
interaktiv,interaktiv,Adj,1,人机对话的
interaktiv,interaktiv,Adj,2,互动
interessiert,interessiert,Adj,0,有利害关系
interessiert,interessiert,Adj,1,有兴趣地
interessiert,interessiert,Adj,2,使感兴趣
interessiert,interessiert,Adj,3,有权益
interieur,Interieur,S,0,装饰件
internationalisierung,Internationalisierung,S,0,国际化
internet,Internet,S,0,电脑网络
internet,Internet,S,1,网路
internet,Internet,S,2,国际互联网
internet,Internet,S,3,国际互联网络
internet,Internet,S,4,交互网络
internet,Internet,S,5,互联网
internet,Internet,S,6,网间
internet,Internet,S,7,国际交互网
internetauftritt,Internetauftritt,S,0,网上推出
internetnutzer,Internetnutzer,S,0,因特网用户
internetportal,Internetportal,S,0,门户网站
internetportal,Internetportal,S,1,互联网门户
internetportal,Internetportal,S,2,因特网门户
internetpräsenz,Internetpräsenz,S,0,互联网站
internetseite,Internetseite,S,0,网页
internetzugang,Internetzugang,S,0,拨号上网
interpretiert,interpretiert,Adj,0,被翻译
interpretiert,interpretiert,Adj,1,解释执行
interpretiert,interpretiert,Adj,2,解说
intervall,Intervall,S,0,间歇
intervall,Intervall,S,1,间隔期
intervall,Intervall,S,2,区间
intervention,Intervention,S,0,武装干涉
intervention,Intervention,S,1,干涉
intervention,Intervention,S,2,干预
intimität,Intimität,S,0,亲切感
intoleranz,Intoleranz,S,0,偏狭
intoleranz,Intoleranz,S,1,不宽容
investiert,investiert,Adj,0,已经投入
investor,Investor,S,0,投资家
investor,Investor,S,1,投资人
inwiefern,inwiefern,Adv,0,奈何
inzest,Inzest,S,0,近亲性交
iraker,Iraker,S,0,伊拉克人
ire,Ire,S,0,爱尔兰妇女
irgendetwas,irgendetwas,Pron,0,任何东西
irgendetwas,irgendetwas,Pron,1,某事
irgendetwas,irgendetwas,Pron,2,有些
irgendwer,irgendwer,Pron,0,不知是谁
irgendwer,irgendwer,Pron,1,随便哪个人
irgendwer,irgendwer,Pron,2,有人
irrational,irrational,Adj,0,非理性的
irrational,irrational,Adj,1,无理性
irritieren,irritieren,V,0,迷感
irritieren,irritieren,V,1,惹恼
irrtümlich,irrtümlich,Adj,0,错误地
isolation,Isolation,S,0,隔绝
isolation,Isolation,S,1,绝热
isolation,Isolation,S,2,隔离
isolation,Isolation,S,3,绝缘
isoliert,isoliert,Adj,0,被隔离
isoliert,isoliert,Adj,1,被孤立
italiener,Italiener,S,0,意大利人
jackpot,Jackpot,S,0,最大赌注
jackpot,Jackpot,S,1,累计赌注
jackpot,Jackpot,S,2,头奖
jackpot,Jackpot,S,3,累积奖金
jackpot,Jackpot,S,4,彩票大奖
jackpot,Jackpot,S,5,巴尔马奖杯
jade,Jade,S,0,琇
jade,Jade,S,1,玉
jade,Jade,S,2,瑀
jade,Jade,S,3,玉制
jade,Jade,S,4,硬玉
jade,Jade,S,5,珃
jade,Jade,S,6,瑨
jaguar,Jaguar,S,0,美洲豹
jahrbuch,Jahrbuch,S,0,年鉴
jahrbuch,Jahrbuch,S,1,通书
jahresbeginn,Jahresbeginn,S,0,年初
jahresbericht,Jahresbericht,S,0,年报
jahresbericht,Jahresbericht,S,1,年度报告年刊
jahresende,Jahresende,S,0,年末
jahresende,Jahresende,S,1,年底
jahresende,Jahresende,S,2,年尾
jahresende,Jahresende,S,3,年终结
jahresende,Jahresende,S,4,年关
jahreshauptversammlung,Jahreshauptversammlung,S,0,周年大会
jahrestagung,Jahrestagung,S,0,年会
jahreszeiten,Jahreszeiten,S,0,春夏秋冬
jahrmarkt,Jahrmarkt,S,0,墟
jahrmarkt,Jahrmarkt,S,1,庙会
jeep,Jeep,S,0,吉普
jeep,Jeep,S,1,吉普车
jeglicher,jeglicher,Pron,0,每一
jenes,jenes,Pron,0,那种
jet,Jet,S,0,喷气式飞机
joggen,joggen,V,0,慢跑
joggen,joggen,V,1,跑步锻炼
journalismus,Journalismus,S,0,新闻学
journalismus,Journalismus,S,1,新闻业
journalismus,Journalismus,S,2,新闻工作
journalismus,Journalismus,S,3,新闻事业
jugendamt,Jugendamt,S,0,青年福利局
jugendhilfe,Jugendhilfe,S,0,青年资助
jugendschutz,Jugendschutz,S,0,青少年保护
jugendstil,Jugendstil,S,0,新艺术风格
jugendstil,Jugendstil,S,1,青春艺术风格
jugendstil,Jugendstil,S,2,新艺术运动
jugendzeit,Jugendzeit,S,0,少年时代
jungen,jungen,V,0,最年轻
jungen,jungen,V,1,年少
jungs,Jungs,S,0,男生
junior,Junior,S,0,年少者
junior,Junior,S,1,晚辈
junior,Junior,S,2,小伙子
juwelier,Juwelier,S,0,珠宝商
jährig,jährig,Adj,0,每年
jährig,jährig,Adj,1,一年生
jährig,jährig,Adj,2,一年一次
jünger,Jünger,S,0,门徒
jünger,Jünger,S,1,较年轻
jüngst,jüngst,Adj,0,富有活力
jüngst,jüngst,Adj,1,最年轻
jüngst,jüngst,Adj,2,新近
jüngste,jüngste,Adj,0,幺
kaffeemaschine,Kaffeemaschine,S,0,咖啡机
kaiserin,Kaiserin,S,0,后
kaiserin,Kaiserin,S,1,女皇帝
kaiserin,Kaiserin,S,2,皇
kaiserin,Kaiserin,S,3,帝后
kaiserin,Kaiserin,S,4,皇后
kaiserin,Kaiserin,S,5,凯撒大帝
kaiserschnitt,Kaiserschnitt,S,0,剖腹产
kajak,Kajak,S,0,皮艇
kajak,Kajak,S,1,小划子
kajak,Kajak,S,2,皮筏
kalenderjahr,Kalenderjahr,S,0,日历年
kaliber,Kaliber,S,0,口径
kaliber,Kaliber,S,1,粒度
kalkstein,Kalkstein,S,0,石灰石
kalkstein,Kalkstein,S,1,石灰岩
kalkulieren,kalkulieren,V,0,核计
kalkulieren,kalkulieren,V,1,核算
kalkül,Kalkül,S,0,心计
kalkül,Kalkül,S,1,演算
kalkül,Kalkül,S,2,微积分
kameramann,Kameramann,S,0,摄影师
kampfhandlungen,Kampfhandlungen,S,0,军事行动
kampfkunst,Kampfkunst,S,0,武术
kampfsport,Kampfsport,S,0,武艺
kampfsport,Kampfsport,S,1,武术
kanalisation,Kanalisation,S,0,运河网
kanalisation,Kanalisation,S,1,开运河
kanalisation,Kanalisation,S,2,排水工程
kanalisation,Kanalisation,S,3,河流渠道化
kanalisation,Kanalisation,S,4,排污管道
kandidatin,Kandidatin,S,0,女候选人
kandidatin,Kandidatin,S,1,女考生
kandidatin,Kandidatin,S,2,竞技者
kandidatur,Kandidatur,S,0,候选人资格
kandidatur,Kandidatur,S,1,候选
kandidatur,Kandidatur,S,2,候选人的地位
kantor,Kantor,S,0,领唱者
kantor,Kantor,S,1,合唱指挥家
kanzel,Kanzel,S,0,驾驶员座舱
kanzel,Kanzel,S,1,飞机驾驶舱
kanzel,Kanzel,S,2,布道坛
kanzel,Kanzel,S,3,讲台
kanzlei,Kanzlei,S,0,文书处
kanzleramt,Kanzleramt,S,0,长官职位
kanzlerin,Kanzlerin,S,0,首相
kanzlerkandidat,Kanzlerkandidat,S,0,长官候选人
kapellmeister,Kapellmeister,S,0,乐队指挥
kapern,kapern,V,0,夺魁
kapern,kapern,V,1,缉
kapern,kapern,V,2,搲
kapern,kapern,V,3,缴获
kapitalerhöhung,Kapitalerhöhung,S,0,资本增加
kapitalmarkt,Kapitalmarkt,S,0,本市
kapitalmarkt,Kapitalmarkt,S,1,资本市场
kapitel,Kapitel,S,0,章节
kapitän,Kapitän,S,0,领队
kappen,kappen,V,0,紧缩
kapsel,Kapsel,S,0,胶囊
kapsel,Kapsel,S,1,胶囊剂
kapsel,Kapsel,S,2,蒴
karat,Karat,S,0,克拉
karat,Karat,S,1,重量单位之一
karate,Karate,S,0,空手道
karawane,Karawane,S,0,旅行队
kardiologie,Kardiologie,S,0,心脏内科
kardiologie,Kardiologie,S,1,心臟病學
kardiologie,Kardiologie,S,2,心脏科
karfreitag,Karfreitag,S,0,受难节
karies,Karies,S,0,俗稱蛀牙
karies,Karies,S,1,龋
karotte,Karotte,S,0,胡萝卜
karriereende,Karriereende,S,0,退出一个行业
karriereende,Karriereende,S,1,金盘洗手
kartell,Kartell,S,0,卡特尔
karten,Karten,S,0,牌
kartenspiel,Kartenspiel,S,0,卡片游戏
kartoffelsalat,Kartoffelsalat,S,0,马铃薯沙拉
karton,Karton,S,0,纸板
karussell,Karussell,S,0,旋转木马
kasino,Kasino,S,0,赌博设施
kassierer,Kassierer,S,0,柜上
kassierer,Kassierer,S,1,收款员
kassierer,Kassierer,S,2,出纳员
kassierer,Kassierer,S,3,会票
kassiererin,Kassiererin,S,0,女出纳员
kastriert,kastriert,Adj,0,去势
kastriert,kastriert,Adj,1,被阉割
kastriert,kastriert,Adj,2,被去势
katastrophal,katastrophal,Adj,0,晦气
katastrophal,katastrophal,Adj,1,灾难性
katastrophal,katastrophal,Adj,2,可怕
katastrophenschutz,Katastrophenschutz,S,0,灾害管理
katastrophenschutz,Katastrophenschutz,S,1,防灾
katechismus,Katechismus,S,0,教理问答
kategorisch,kategorisch,Adj,0,直截了当
kategorisch,kategorisch,Adj,1,明确
kathedrale,Kathedrale,S,0,主教座堂
kathedrale,Kathedrale,S,1,座堂
katzenfutter,Katzenfutter,S,0,猫食
kaufvertrag,Kaufvertrag,S,0,买卖合约
kaufvertrag,Kaufvertrag,S,1,购货合同
kaufvertrag,Kaufvertrag,S,2,销售合同
kaugummi,Kaugummi,S,0,吹泡泡
kaugummi,Kaugummi,S,1,泡泡糖
kaugummi,Kaugummi,S,2,口香糖
kausalität,Kausalität,S,0,因果
kautschuk,Kautschuk,S,0,橡胶
kautschuk,Kautschuk,S,1,生胶
kautschuk,Kautschuk,S,2,天然橡胶
kavallerie,Kavallerie,S,0,骑兵
kavallerie,Kavallerie,S,1,铁马
kavallerie,Kavallerie,S,2,铁骑
kavallerie,Kavallerie,S,3,骑兵队
kaviar,Kaviar,S,0,鲕
kaviar,Kaviar,S,1,鱼子酱
kehre,Kehre,S,0,洒扫
kehrseite,Kehrseite,S,0,负面
kehrseite,Kehrseite,S,1,消极面
keiner,keiner,Pron,0,无一
keiner,keiner,Pron,1,没有人
kelle,Kelle,S,0,抌
kelle,Kelle,S,1,大勺
kelle,Kelle,S,2,舀
kellnerin,Kellnerin,S,0,酒吧服务员
kellnerin,Kellnerin,S,1,酒吧女服务员
kellnerin,Kellnerin,S,2,酒保
kellnerin,Kellnerin,S,3,女侍者
kellnerin,Kellnerin,S,4,吧台小姐
kelten,Kelten,S,0,凯尔特人
kenntlich,kenntlich,Adj,0,易知
kenntlich,kenntlich,Adj,1,能认识
kennung,Kennung,S,0,识别信号
kennzeichen,Kennzeichen,S,0,特色
kerlchen,Kerlchen,S,0,一杯饮料
kerlchen,Kerlchen,S,1,少量
kerlchen,Kerlchen,S,2,小孩
kerngeschäft,Kerngeschäft,S,0,核心业务
kerngeschäft,Kerngeschäft,S,1,主业
kerngeschäft,Kerngeschäft,S,2,中心业务
kernstück,Kernstück,S,0,主要成分
kernstück,Kernstück,S,1,核心部件
kernstück,Kernstück,S,2,关键要素
ketchup,Ketchup,S,0,番茄酱
kettensäge,Kettensäge,S,0,链锯
ketzer,Ketzer,S,0,异端者
ketzer,Ketzer,S,1,妖言
ketzer,Ketzer,S,2,异教徒
ketzer,Ketzer,S,3,异端邪说
ketzer,Ketzer,S,4,异教
keule,Keule,S,0,木棍
keule,Keule,S,1,棍棒
khan,Khan,S,0,可
kichern,kichern,V,0,咲嘻嘻
kichern,kichern,V,1,偷笑
kichern,kichern,V,2,傻笑
kichern,kichern,V,3,窃笑
kichern,kichern,V,4,咯咯笑
kichern,kichern,V,5,咯咯
kichern,kichern,V,6,吃吃笑
kick,Kick,S,0,踢球
kicken,kicken,V,0,踢
kiffen,kiffen,V,0,吸食大麻
kinder,Kinder,S,0,孩童
kinder,Kinder,S,1,小朋友
kinder,Kinder,S,2,子弟
kinder,Kinder,S,3,子女
kinder,Kinder,S,4,膝
kinder,Kinder,S,5,儿童
kinder,Kinder,S,6,少儿青
kinderarbeit,Kinderarbeit,S,0,童工
kinderarzt,Kinderarzt,S,0,小儿科医师
kinderbetreuung,Kinderbetreuung,S,0,儿童护理
kinderbuch,Kinderbuch,S,0,儿童图书
kindererziehung,Kindererziehung,S,0,儿童教育
kindergeburtstag,Kindergeburtstag,S,0,儿童生日宴会
kindergeld,Kindergeld,S,0,儿童补贴
kinderleicht,kinderleicht,Adj,0,探囊取物
kinderleicht,kinderleicht,Adj,1,非常容易
kinderleicht,kinderleicht,Adj,2,易易
kinderleicht,kinderleicht,Adj,3,易如反掌
kinderleicht,kinderleicht,Adj,4,简易
kinderleicht,kinderleicht,Adj,5,非常简单
kinderleicht,kinderleicht,Adj,6,十分安全
kinderlos,kinderlos,Adj,0,无子女
kinderlos,kinderlos,Adj,1,无儿女
kinderschänder,Kinderschänder,S,0,恋童犯
kindertagesstätte,Kindertagesstätte,S,0,全日制托儿所
kinderwagen,Kinderwagen,S,0,童车
kinderwagen,Kinderwagen,S,1,娃娃车
kinderwagen,Kinderwagen,S,2,婴儿车
kinderzimmer,Kinderzimmer,S,0,儿童间
kindesalter,Kindesalter,S,0,髫年
kindesalter,Kindesalter,S,1,髫龄
kinofilm,Kinofilm,S,0,片子
kippe,Kippe,S,0,残端
kippe,Kippe,S,1,烟头
kippe,Kippe,S,2,残段
kippe,Kippe,S,3,残牙
kira,Kira,,0,奇拿
kirchhof,Kirchhof,S,0,教堂墓地
kita,Kita,S,0,全日制托儿所
klan,Klan,S,0,氏族
klartext,Klartext,S,0,明文
klartext,Klartext,S,1,直话
klassenkameraden,Klassenkameraden,S,0,同学们
klassenkampf,Klassenkampf,S,0,阶级斗争
klassifiziert,klassifiziert,Adj,0,密级
klassifizierung,Klassifizierung,S,0,密级
klassifizierung,Klassifizierung,S,1,分属
klassiker,Klassiker,S,0,杰作
klassiker,Klassiker,S,1,古典作家
klassiker,Klassiker,S,2,大文豪
klatsch,Klatsch,S,0,背后议论
klatsch,Klatsch,S,1,亲嘴声
klatsch,Klatsch,S,2,流言蜚语
klausel,Klausel,S,0,附加条款
klebeband,Klebeband,S,0,绝缘胶布
kleber,Kleber,S,0,粘胶剂
kleber,Kleber,S,1,胶水
kleber,Kleber,S,2,麸质
kleber,Kleber,S,3,浆糊
kleber,Kleber,S,4,糨糊
klebrig,klebrig,Adj,0,粘糊
klebrig,klebrig,Adj,1,粘乎乎
klebrig,klebrig,Adj,2,胶粘
klebrig,klebrig,Adj,3,粘液的
klebrig,klebrig,Adj,4,粘糊糊的
klee,Klee,S,0,苜蓿草
klee,Klee,S,1,车轴草属
klee,Klee,S,2,三叶草属
klee,Klee,S,3,苜
klee,Klee,S,4,三叶草
kleinanzeigen,Kleinanzeigen,S,0,分类广告
kleiner,kleiner,Adj,0,更小
kleiner,kleiner,Adj,1,不重要
kleiner,kleiner,Adj,2,不明显
kleiner,kleiner,Adj,3,更无足轻重
kleinkind,Kleinkind,S,0,毛毛
kleinste,kleinste,Adj,0,最少
kleinwagen,Kleinwagen,S,0,小型汽车
kleinwagen,Kleinwagen,S,1,小汽车
kleinwagen,Kleinwagen,S,2,微型车
kleinwagen,Kleinwagen,S,3,微型家用车
kleinwagen,Kleinwagen,S,4,小车
kleinwagen,Kleinwagen,S,5,小型车
klemme,Klemme,S,0,卡紧
klempner,Klempner,S,0,小炉匠
klempner,Klempner,S,1,管工
klempner,Klempner,S,2,管道工
klempner,Klempner,S,3,白铁工
klempner,Klempner,S,4,水管工
klientel,Klientel,S,0,委托人
klientel,Klientel,S,1,全体当事人
klimaanlage,Klimaanlage,S,0,冷气
klimaanlage,Klimaanlage,S,1,空调机
klimaanlage,Klimaanlage,S,2,冷气设备
klimaanlage,Klimaanlage,S,3,空调器
klimaanlage,Klimaanlage,S,4,冷气机
klimaschutz,Klimaschutz,S,0,气候保护
klimawandel,Klimawandel,S,0,气候变迁
klimawandel,Klimawandel,S,1,气候变化
klingel,Klingel,S,0,锳
klippe,Klippe,S,0,山崖
klippe,Klippe,S,1,崭
klippe,Klippe,S,2,崭
klitoris,Klitoris,S,0,阴蒂
klitoris,Klitoris,S,1,阴核
klon,Klon,S,0,原样复制
klopapier,Klopapier,S,0,手纸
klumpen,Klumpen,S,0,土块
klumpen,Klumpen,S,1,成团
klumpen,Klumpen,S,2,团
klumpen,Klumpen,S,3,坨
klumpen,Klumpen,S,4,结块
klumpen,Klumpen,S,5,凝块
knabbern,knabbern,V,0,啃
knabbern,knabbern,V,1,小口地快咬
knabbern,knabbern,V,2,咬碎
knabbern,knabbern,V,3,轻咬
knabbern,knabbern,V,4,零嘴
knabbern,knabbern,V,5,细咬
knabbern,knabbern,V,6,文雅地咬
knaller,Knaller,S,0,爆胎
knallhart,knallhart,Adj,0,冷酷
knallhart,knallhart,Adj,1,坚硬
knappe,Knappe,S,0,乡绅
knappe,Knappe,S,1,护花使者
knappheit,Knappheit,S,0,稀缺性
knechtschaft,Knechtschaft,S,0,捆缚
knick,Knick,S,0,弯折
knick,Knick,S,1,皱折
knopfdruck,Knopfdruck,S,0,按下去
knopfdruck,Knopfdruck,S,1,按下按键
knopfdruck,Knopfdruck,S,2,另要揿按钮
knusprig,knusprig,Adj,0,酥
knusprig,knusprig,Adj,1,脆脆
knusprig,knusprig,Adj,2,鲜嫩
knöpfen,knöpfen,V,0,按下按键
knöpfen,knöpfen,V,1,按住按键
knüppel,Knüppel,S,0,棍子
kobold,Kobold,S,0,祅
kobold,Kobold,S,1,魈
kobold,Kobold,S,2,高扁
kobold,Kobold,S,3,淘气鬼
kobold,Kobold,S,4,小精灵
kobold,Kobold,S,5,哥布林
kobold,Kobold,S,6,小妖精
kobold,Kobold,S,7,地精
kobold,Kobold,S,8,魍
kodex,Kodex,S,0,古手稿
kodex,Kodex,S,1,古文手抄本
koffein,Koffein,S,0,咖啡碱
kofferraum,Kofferraum,S,0,后备箱
kofferraum,Kofferraum,S,1,后备厢
kofferraum,Kofferraum,S,2,后车厢
koks,Koks,S,0,焦炭
kolbe,Kolbe,S,0,枪托
kolbe,Kolbe,S,1,一端粗的棍棒
kolben,Kolben,S,0,烟头
kolben,Kolben,S,1,活塞
kolben,Kolben,S,2,塞
kolben,Kolben,S,3,枪托
kolben,Kolben,S,4,一端粗的棍棒
kolben,Kolben,S,5,鞲鞴
kollaboration,Kollaboration,S,0,卖国
kollaboration,Kollaboration,S,1,通敌
kollaboration,Kollaboration,S,2,共事
kollaps,Kollaps,S,0,垮
kollaps,Kollaps,S,1,虚脱
kolleg,Kolleg,S,0,讲座
kollege,Kollege,S,0,同行者
kollege,Kollege,S,1,同行
kollegin,Kollegin,S,0,女同行
kollegin,Kollegin,S,1,女同事
kollektion,Kollektion,S,0,搜集商品式样
kollektion,Kollektion,S,1,选样
kollision,Kollision,S,0,相撞
kollision,Kollision,S,1,冲突
kolloquium,Kolloquium,S,0,课堂讨论
kolloquium,Kolloquium,S,1,专题讨论会
kolloquium,Kolloquium,S,2,学术研讨会
kolloquium,Kolloquium,S,3,口头测验
kolonne,Kolonne,S,0,柱子
kolonne,Kolonne,S,1,栏
kolonne,Kolonne,S,2,行列
kolonne,Kolonne,S,3,纵队
kolumne,Kolumne,S,0,栏
kolumne,Kolumne,S,1,圆柱
kolumne,Kolumne,S,2,纵队
kolumnist,Kolumnist,S,0,专栏作家
kolumnist,Kolumnist,S,1,专栏作者
kombi,Kombi,S,0,旅行轿车
kombiniert,kombiniert,Adj,0,复合型
komfortabel,komfortabel,Adj,0,简便舒适
komiker,Komiker,S,0,笑星
komiker,Komiker,S,1,滑稽演员
komiker,Komiker,S,2,喜剧演员
kommentator,Kommentator,S,0,评论员
kommentator,Kommentator,S,1,注释者
kommentator,Kommentator,S,2,诂
kommentator,Kommentator,S,3,解说员
kommentator,Kommentator,S,4,评注家
kommentiert,kommentiert,Adj,0,注释
kommerz,Kommerz,S,0,商业
kommerziell,kommerziell,Adj,0,商业性
kommode,Kommode,S,0,五斗柜
kommode,Kommode,S,1,柜子
kommode,Kommode,S,2,带抽屉的柜子
kommode,Kommode,S,3,马子
kommunion,Kommunion,S,0,交谊
kompakt,kompakt,Adj,0,紧凑
kompakt,kompakt,Adj,1,紧密
kompakt,kompakt,Adj,2,更密集
kompakt,kompakt,Adj,3,设计紧凑
kompakt,kompakt,Adj,4,更紧凑
kompass,Kompass,S,0,定南针
kompass,Kompass,S,1,罗盘
kompass,Kompass,S,2,指南针
kompatibel,kompatibel,Adj,0,和谐
kompatibel,kompatibel,Adj,1,兼容
kompatibilität,Kompatibilität,S,0,配合度
kompatibilität,Kompatibilität,S,1,兼容性
kompensation,Kompensation,S,0,赔偿金
kompensieren,kompensieren,V,0,换取
kompetent,kompetent,Adj,0,有能力
kompetent,kompetent,Adj,1,有专长的
kompetent,kompetent,Adj,2,纯熟
kompetent,kompetent,Adj,3,有资格
kompetent,kompetent,Adj,4,胜任
kompetent,kompetent,Adj,5,懂行
kompetent,kompetent,Adj,6,熟练
kompetent,kompetent,Adj,7,能干
komplexität,Komplexität,S,0,多种特征
komplexität,Komplexität,S,1,复杂
komplize,Komplize,S,0,同犯
komplize,Komplize,S,1,从犯
komplize,Komplize,S,2,共犯
komplott,Komplott,S,0,阴谋
kompost,Kompost,S,0,混合化肥
kompost,Kompost,S,1,施堆肥
komprimiert,komprimiert,Adj,0,使精简
komprimiert,komprimiert,Adj,1,紧密
kompromisslos,kompromisslos,Adj,0,不让步
kompromisslos,kompromisslos,Adj,1,不妥协
konditorei,Konditorei,S,0,糕点店
kondom,Kondom,S,0,卫生套
kondom,Kondom,S,1,套套
kondom,Kondom,S,2,保险套
kondom,Kondom,S,3,安全套
konfession,Konfession,S,0,种名
konfession,Konfession,S,1,派别
konfession,Konfession,S,2,名目
konfession,Konfession,S,3,基督教派
konfession,Konfession,S,4,教派
konfession,Konfession,S,5,宗教团体
konfetti,Konfetti,S,0,彩色纸屑
konfiguration,Konfiguration,S,0,机器结构
konfiguration,Konfiguration,S,1,结构排列形式
konfiguration,Konfiguration,S,2,组合形成
konfiguration,Konfiguration,S,3,结构排列
konfiguration,Konfiguration,S,4,要素安排
konjunktiv,Konjunktiv,S,0,假设语气
konjunktur,Konjunktur,S,0,总的情况
konjunktur,Konjunktur,S,1,商业行为
konjunktur,Konjunktur,S,2,时局
konkurrent,Konkurrent,S,0,角逐者
konkurrenzfähig,konkurrenzfähig,Adj,0,有竞争力
konkurrenzkampf,Konkurrenzkampf,S,0,商业竞争
konkurrenzkampf,Konkurrenzkampf,S,1,贸易竞争
konservative,Konservative,S,0,保守人士
konservative,Konservative,S,1,保守派
konsole,Konsole,S,0,牛腿
konsole,Konsole,S,1,控制盘
konsole,Konsole,S,2,凸台
konsolidierung,Konsolidierung,S,0,强化
konsolidierung,Konsolidierung,S,1,整顿措施
konsortium,Konsortium,S,0,银行团
konsortium,Konsortium,S,1,联合财团
konsortium,Konsortium,S,2,联合集团
konstant,konstant,Adj,0,恒定
konstant,konstant,Adj,1,不渝
konstant,konstant,Adj,2,保持不变
konstante,Konstante,S,0,一贯
konstante,Konstante,S,1,不变
konstante,Konstante,S,2,常数
konstante,Konstante,S,3,绝对项
konstanz,Konstanz,S,0,恒定性
konstruieren,konstruieren,V,0,兴建
konstruieren,konstruieren,V,1,构
konstruieren,konstruieren,V,2,作图
konsulat,Konsulat,S,0,领事馆
konsulat,Konsulat,S,1,使馆
kontaktaufnahme,Kontaktaufnahme,S,0,来临
kontaktdaten,Kontaktdaten,S,0,联系方式
kontakten,kontakten,V,0,接触晒印
kontaktieren,kontaktieren,V,0,建立联系
kontern,kontern,V,0,以牙还牙
kontern,kontern,V,1,左右反向的
kontern,kontern,V,2,回报
kontingent,Kontingent,S,0,分配额
kontingent,Kontingent,S,1,队伍
kontonummer,Kontonummer,S,0,账号
kontostand,Kontostand,S,0,存款余额
kontostand,Kontostand,S,1,帐户结余
kontraproduktiv,kontraproduktiv,Adj,0,不好
kontraproduktiv,kontraproduktiv,Adj,1,妨碍达到目标
kontraproduktiv,kontraproduktiv,Adj,2,产生不良后果
kontrolliert,kontrolliert,Adj,0,受约束
kontrolliert,kontrolliert,Adj,1,被控制住
kontrolliert,kontrolliert,Adj,2,受到控制
kontrolliert,kontrolliert,Adj,3,制止了
kontrolliert,kontrolliert,Adj,4,受监控
kontrovers,kontrovers,Adj,0,未定论
konvention,Konvention,S,0,公约
konvention,Konvention,S,1,会议
konventionen,Konventionen,S,0,惯例
konvergenz,Konvergenz,S,0,趋近
konvergenz,Konvergenz,S,1,趋同
konvergenz,Konvergenz,S,2,收敛
konvergenz,Konvergenz,S,3,汇聚
konversation,Konversation,S,0,交谈
konversation,Konversation,S,1,会话
konversion,Konversion,S,0,转变宗教信仰
konversion,Konversion,S,1,更换
konversion,Konversion,S,2,军转民用
konvertieren,konvertieren,V,0,改奉
konvertieren,konvertieren,V,1,转换
konvoi,Konvoi,S,0,护送车队
konvoi,Konvoi,S,1,护航机组
konvoi,Konvoi,S,2,护航船队
kooperationspartner,Kooperationspartner,S,0,合作伙伴
kooperativ,kooperativ,Adj,0,协力
kooperativ,kooperativ,Adj,1,共同协作
kooperative,Kooperative,S,0,合作社
koordination,Koordination,S,0,配合作用
koordination,Koordination,S,1,协作
koordinator,Koordinator,S,0,协调者
koordinator,Koordinator,S,1,同等的人或物
koordinator,Koordinator,S,2,组织者
koordiniert,koordiniert,Adj,0,合适
koordinierung,Koordinierung,S,0,系统化
koordinierung,Koordinierung,S,1,协调一致
koordinierung,Koordinierung,S,2,组织起来
kopfball,Kopfball,S,0,头球
kopfkissen,Kopfkissen,S,0,枕芯
kopfkissen,Kopfkissen,S,1,枕头
kopfüber,kopfüber,Adv,0,头向前
kopiert,kopiert,Adj,0,仿制的
koppel,Koppel,S,0,栏
kopplung,Kopplung,S,0,用连字符连接
korallen,Korallen,S,0,珊
korallen,Korallen,S,1,珊瑚
koreaner,Koreaner,S,0,韩国人
koreanisch,Koreanisch,S,0,朝鲜语
korken,Korken,S,0,软木塞
korps,Korps,S,0,兵团
korrektheit,Korrektheit,S,0,符合标准
korrektheit,Korrektheit,S,1,正确性
korrektheit,Korrektheit,S,2,准确性
korrigiert,korrigiert,Adj,0,校阅
korrupt,korrupt,Adj,0,腐败
korrupt,korrupt,Adj,1,贪污
korsett,Korsett,S,0,马甲
kostengünstig,kostengünstig,Adj,0,成本低廉
kostengünstig,kostengünstig,Adj,1,成本低
kostengünstig,kostengünstig,Adj,2,费用上有利的
kostengünstig,kostengünstig,Adj,3,费用不大
kostengünstig,kostengünstig,Adj,4,价格上有利
kostengünstig,kostengünstig,Adj,5,成本合适
kostengünstig,kostengünstig,Adj,6,费用上优惠的
kostenpflichtig,kostenpflichtig,Adj,0,付费
kostenpflichtig,kostenpflichtig,Adj,1,收费
kostspielig,kostspielig,Adj,0,成本高
kot,Kot,S,0,排泄物
kot,Kot,S,1,屎
kotflügel,Kotflügel,S,0,挡泥板
kotflügel,Kotflügel,S,1,翼子板
kraftvoll,kraftvoll,Adj,0,有活力
krallen,krallen,V,0,用爪紧紧抓住
krankenkassen,Krankenkassen,S,0,医疗保险机构
krankenkassen,Krankenkassen,S,1,医疗保险公司
krankenpflege,Krankenpflege,S,0,护理学
krankenpfleger,Krankenpfleger,S,0,护士
krankenpfleger,Krankenpfleger,S,1,勤务兵
krapfen,Krapfen,S,0,油炸圈饼
krapfen,Krapfen,S,1,炸糕
krass,krass,Adj,0,过激
krater,Krater,S,0,大坑
kratzer,Kratzer,S,0,划痕
kratzer,Kratzer,S,1,疤
kreativ,kreativ,Adj,0,有独创性
krebserkrankung,Krebserkrankung,S,0,癌症肿瘤
kreditinstitut,Kreditinstitut,S,0,信贷机构
kreditkarte,Kreditkarte,S,0,信用卡
kreieren,kreieren,V,0,创作
kreischen,kreischen,V,0,不调和
kreischen,kreischen,V,1,声音尖锐
kreischen,kreischen,V,2,尖叫
kreisverkehr,Kreisverkehr,S,0,环岛
kreisverkehr,Kreisverkehr,S,1,迴旋处
kreisverkehr,Kreisverkehr,S,2,圆环
kreisverkehr,Kreisverkehr,S,3,环形交叉路口
kreuzer,Kreuzer,S,0,巡洋舰
kreuzfahrt,Kreuzfahrt,S,0,游弋
kreuzfahrt,Kreuzfahrt,S,1,巡航
kreuzfahrt,Kreuzfahrt,S,2,巡弋
kreuzfahrtschiff,Kreuzfahrtschiff,S,0,豪华邮轮
kreuzfahrtschiff,Kreuzfahrtschiff,S,1,豪华游轮
kreuzigung,Kreuzigung,S,0,钉死于十字架
kreuzzug,Kreuzzug,S,0,十字军东征
krieger,Krieger,S,0,战士
krieger,Krieger,S,1,勇士
kriegsende,Kriegsende,S,0,停战
kriegsende,Kriegsende,S,1,战争结束
kriegserklärung,Kriegserklärung,S,0,宣战
kriegsschiff,Kriegsschiff,S,0,军舰
kriegsschiff,Kriegsschiff,S,1,兵船
kriegsschiff,Kriegsschiff,S,2,战船
kriegsschiff,Kriegsschiff,S,3,舰只
kriegsschiff,Kriegsschiff,S,4,兵舰
kriegsschiff,Kriegsschiff,S,5,舰
kriegsschiff,Kriegsschiff,S,6,战舰
kriegsverbrechen,Kriegsverbrechen,S,0,战争犯罪
kriegsverbrechen,Kriegsverbrechen,S,1,战争罪
kriegsverbrechen,Kriegsverbrechen,S,2,战争罪行
kriegsverbrecher,Kriegsverbrecher,S,0,战争罪犯
kriegsverbrecher,Kriegsverbrecher,S,1,战争犯
kriegsverbrecher,Kriegsverbrecher,S,2,战犯
krimi,Krimi,S,0,惊险刺激读物
krimineller,Krimineller,S,0,违反者
krimineller,Krimineller,S,1,罪人
krippe,Krippe,S,0,高栏
kritiker,Kritiker,S,0,批评者
kritiker,Kritiker,S,1,批评家
kritiker,Kritiker,S,2,批判者
kritisiert,kritisiert,Adj,0,责难
krokodil,Krokodil,S,0,鳄鱼
kronprinz,Kronprinz,S,0,太子
kronprinz,Kronprinz,S,1,王储
kronprinz,Kronprinz,S,2,储君
kronprinz,Kronprinz,S,3,皇储
kronprinz,Kronprinz,S,4,皇太子
krug,Krug,S,0,瓷渣
kräftigen,kräftigen,V,0,强壮
kräftigen,kräftigen,V,1,令人鼓舞
kräftigen,kräftigen,V,2,补阳
kräftigen,kräftigen,V,3,使强大
kräftigen,kräftigen,V,4,使强健
krämer,Krämer,S,0,蜡烛制造者
krämer,Krämer,S,1,小商贩
krämer,Krämer,S,2,杂货商
krönung,Krönung,S,0,加冕典礼
kröten,Kröten,S,0,蛤
kröten,Kröten,S,1,讨厌的家伙
kröten,Kröten,S,2,癞哈蟆
kröten,Kröten,S,3,癞虾蟆
krümel,Krümel,S,0,面包屑
krümel,Krümel,S,1,碎屑
krüppel,Krüppel,S,0,瘸子
krüppel,Krüppel,S,1,身体障害
krüppel,Krüppel,S,2,残疾
krüppel,Krüppel,S,3,瘫子
kuckuck,Kuckuck,S,0,鹃
kuckuck,Kuckuck,S,1,杜鹃鸟
kuckuck,Kuckuck,S,2,杜鹃科
kuckuck,Kuckuck,S,3,嶲
kuckuck,Kuckuck,S,4,鴂
kugeln,kugeln,V,0,做成球
kugeln,kugeln,V,1,弄成球形
kultiviert,kultiviert,Adj,0,秀
kultiviert,kultiviert,Adj,1,受过教育
kultiviert,kultiviert,Adj,2,有修养
kultiviert,kultiviert,Adj,3,有教养
kultiviert,kultiviert,Adj,4,文雅
kultiviert,kultiviert,Adj,5,彬
kultiviert,kultiviert,Adj,6,栽培
kulturgeschichte,Kulturgeschichte,S,0,文化史
kulturgut,Kulturgut,S,0,文物
kulturhaus,Kulturhaus,S,0,社区中心
kulturkreis,Kulturkreis,S,0,文化圈
kulturlandschaft,Kulturlandschaft,S,0,人文景观
kulturlandschaft,Kulturlandschaft,S,1,文化景观
kulturzentrum,Kulturzentrum,S,0,社区中心
kundendaten,Kundendaten,S,0,客户资料
kundendaten,Kundendaten,S,1,客户信息
kundenzufriedenheit,Kundenzufriedenheit,S,0,顾客满意
kunstausstellung,Kunstausstellung,S,0,艺术展
kunstausstellung,Kunstausstellung,S,1,美术展览馆
kunstgeschichte,Kunstgeschichte,S,0,美术史
kunsthandwerk,Kunsthandwerk,S,0,手工艺品
kunststoffe,Kunststoffe,S,0,人造材料
kunststück,Kunststück,S,0,功绩
kunstvoll,kunstvoll,Adj,0,有高度艺术性
kuppel,Kuppel,S,0,球形屋顶
kuppel,Kuppel,S,1,圆屋顶
kuppel,Kuppel,S,2,圆顶
kuppel,Kuppel,S,3,天体观测室
kur,Kur,S,0,疗法
kur,Kur,S,1,疗养
kurator,Kurator,S,0,执事
kurator,Kurator,S,1,监护人
kurator,Kurator,S,2,策展人
kurbel,Kurbel,S,0,摇柄
kurbel,Kurbel,S,1,摇把
kurden,Kurden,S,0,库尔德人
kurfürst,Kurfürst,S,0,有选举权者
kurfürst,Kurfürst,S,1,选帝侯
kurfürst,Kurfürst,S,2,选举人
kurfürst,Kurfürst,S,3,总统选举委员
kurier,Kurier,S,0,速递
kurort,Kurort,S,0,疗养地
kurswechsel,Kurswechsel,S,0,转变
kurswechsel,Kurswechsel,S,1,方向改变
kurzfassung,Kurzfassung,S,0,节本
kurzfassung,Kurzfassung,S,1,节略
kurzzeitig,kurzzeitig,Adj,0,短促
kutscher,Kutscher,S,0,马车夫
käfer,Käfer,S,0,小昆虫
käfer,Käfer,S,1,蛣
käfer,Käfer,S,2,甲虫
käfer,Käfer,S,3,捣棒
käfer,Käfer,S,4,大木槌
kämpfer,Kämpfer,S,0,战士
kämpfer,Kämpfer,S,1,斗士
kämpfer,Kämpfer,S,2,战斗员
kämpfer,Kämpfer,S,3,作战者
känguru,Känguru,S,0,袋鼠
kästchen,Kästchen,S,0,小箱子
kästchen,Kästchen,S,1,匣子
kästchen,Kästchen,S,2,宝石箱
kästchen,Kästchen,S,3,匦
kätzchen,Kätzchen,S,0,猫儿
kätzchen,Kätzchen,S,1,柔荑花
kätzchen,Kätzchen,S,2,小猫
köchin,Köchin,S,0,家伙
köchin,Köchin,S,1,女厨师
köder,Köder,S,0,饵诱
köder,Köder,S,1,诱饵
köhler,Köhler,S,0,烧炭人
kölsch,Kölsch,S,0,科隆啤酒
königin,Königin,S,0,王后
königin,Königin,S,1,女王
körner,Körner,S,0,谷粒
körpergewicht,Körpergewicht,S,0,体重
körperhaltung,Körperhaltung,S,0,体态
körperschaft,Körperschaft,S,0,法人团体
körperschaft,Körperschaft,S,1,团体
körpersprache,Körpersprache,S,0,身体语言
körpersprache,Körpersprache,S,1,肢体语言
körperteil,Körperteil,S,0,身体部分
körpertemperatur,Körpertemperatur,S,0,体温
körperverletzung,Körperverletzung,S,0,身体伤害
körperverletzung,Körperverletzung,S,1,人身伤害
körperverletzung,Körperverletzung,S,2,生理损伤
kübel,Kübel,S,0,油罐车
kübel,Kübel,S,1,大贮罐
kübel,Kübel,S,2,浴盆
kühlung,Kühlung,S,0,冷藏
küken,Küken,S,0,无经验的人
küken,Küken,S,1,小鸡
küken,Küken,S,2,鸡苗
küken,Küken,S,3,鷇
kündigung,Kündigung,S,0,解约通知
kündigung,Kündigung,S,1,解决通知
kündigungen,Kündigungen,S,0,辞职解雇
kündigungsfrist,Kündigungsfrist,S,0,解约通知期限
künstlerin,Künstlerin,S,0,艺员
künstlerin,Künstlerin,S,1,女艺术家
kür,Kür,S,0,可选节目
kür,Kür,S,1,自由活动
kür,Kür,S,2,自由节目
kürbis,Kürbis,S,0,倭瓜
kürbis,Kürbis,S,1,巨头
kürbis,Kürbis,S,2,南瓜
kürzel,Kürzel,S,0,符记
kürzel,Kürzel,S,1,表徵
kürzel,Kürzel,S,2,令牌
kürzel,Kürzel,S,3,体温器
kürzel,Kürzel,S,4,缩写式
kürzel,Kürzel,S,5,温度计
kürzel,Kürzel,S,6,象徵
label,Label,S,0,标签
laboratorium,Laboratorium,S,0,制作所
laboratorium,Laboratorium,S,1,制药场
laboratorium,Laboratorium,S,2,火药工厂
laboratorium,Laboratorium,S,3,研究室
labyrinth,Labyrinth,S,0,曲径
labyrinth,Labyrinth,S,1,迷津
lache,Lache,S,0,嘻
lache,Lache,S,1,笑声
lache,Lache,S,2,恶意的玩笑
lachend,lachend,Adv,0,嘿嘿
lachs,Lachs,S,0,三文鱼
lachs,Lachs,S,1,鲑鱼
ladefläche,Ladefläche,S,0,装货面积
ladefläche,Ladefläche,S,1,装卸区
ladegerät,Ladegerät,S,0,充电器
lagerfeuer,Lagerfeuer,S,0,营火
lagerfeuer,Lagerfeuer,S,1,篝火
lagerhalle,Lagerhalle,S,0,存货仓
lagerhaus,Lagerhaus,S,0,存仓
lagerhaus,Lagerhaus,S,1,藏
lagerhaus,Lagerhaus,S,2,货栈
lagerraum,Lagerraum,S,0,库存空间
lagerung,Lagerung,S,0,轴承结构
lagerung,Lagerung,S,1,承座支
lagerung,Lagerung,S,2,贮物
lama,Lama,S,0,驼马
lama,Lama,S,1,喇嘛
lamellen,Lamellen,S,0,片状
lamm,Lamm,S,0,羔
lamm,Lamm,S,1,小羊
lamm,Lamm,S,2,羔羊
landbevölkerung,Landbevölkerung,S,0,乡村人口
landbevölkerung,Landbevölkerung,S,1,农业人口
landesgartenschau,Landesgartenschau,S,0,全国园艺展
landesgrenze,Landesgrenze,S,0,国境
landeskunde,Landeskunde,S,0,背景研究
landeskunde,Landeskunde,S,1,地域性研究
landesliste,Landesliste,S,0,省名单
landesliste,Landesliste,S,1,洲名单
landesliste,Landesliste,S,2,国家名单
landesmeister,Landesmeister,S,0,国手
landesregierung,Landesregierung,S,0,省政府
landessprache,Landessprache,S,0,民族语
landessprache,Landessprache,S,1,本国语
landessprache,Landessprache,S,2,国语
landessprache,Landessprache,S,3,国家语言
landesverteidigung,Landesverteidigung,S,0,捍卫
landesverteidigung,Landesverteidigung,S,1,国防
landesweit,landesweit,Adj,0,全国
landesweit,landesweit,Adj,1,全国性
landesweit,landesweit,Adj,2,全国的
landgericht,Landgericht,S,0,地方法院
landwehr,Landwehr,S,0,后备军
landwehr,Landwehr,S,1,国土防卫军
landwehr,Landwehr,S,2,国家防御系统
lange,lange,Adj,0,很久
lange,lange,Adj,1,好长时间
lange,lange,Adj,2,好久
lange,lange,Adj,3,良久
langen,langen,V,0,有能力
langen,langen,V,1,长周期
langen,langen,V,2,使满足
langlauf,Langlauf,S,0,速度滑雪
lanze,Lanze,S,0,戛
lanze,Lanze,S,1,长矛
lappen,Lappen,S,0,布片
laptop,Laptop,S,0,手提电脑
laptop,Laptop,S,1,膝盖电脑
laptop,Laptop,S,2,手提计算机
laptop,Laptop,S,3,膝上型
laptop,Laptop,S,4,膝上型电脑
larve,Larve,S,0,蚴
larve,Larve,S,1,蝤
larve,Larve,S,2,幼虫
larve,Larve,S,3,蛴
larven,Larven,S,0,蠁
larven,Larven,S,1,蚃
lasagne,Lasagne,S,0,宽面条
lasagne,Lasagne,S,1,千层面
lasagne,Lasagne,S,2,千层面
last,Last,S,0,累赘
last,Last,S,1,重物
last,Last,S,2,负重
last,Last,S,3,负担
last,Last,S,4,经济负担
last,Last,S,5,货载量
latex,Latex,S,0,乳胶
latex,Latex,S,1,乳胶漆
latte,Latte,S,0,木条
latte,Latte,S,1,板条
latte,Latte,S,2,横木
latte,Latte,S,3,木板
latte,Latte,S,4,板筋
lau,lau,Adj,0,温和
lau,lau,Adj,1,微热
laufsteg,Laufsteg,S,0,走台板
laufsteg,Laufsteg,S,1,码头栈桥
laufsteg,Laufsteg,S,2,狭窄的平台
laufsteg,Laufsteg,S,3,走道
laufwerk,Laufwerk,S,0,行架
laufwerk,Laufwerk,S,1,走行架
laufwerk,Laufwerk,S,2,机芯驱动器
lautlos,lautlos,Adj,0,无声无息
lautstark,lautstark,Adj,0,吵闹
lautstark,lautstark,Adj,1,狂暴
lautstark,lautstark,Adj,2,狂猛
lautstärke,Lautstärke,S,0,响度
lautstärke,Lautstärke,S,1,音强
lautstärke,Lautstärke,S,2,音量
lava,Lava,S,0,熔岩
lavendel,Lavendel,S,0,淡紫色
lavendel,Lavendel,S,1,薄紫色
lavendel,Lavendel,S,2,薰衣草
lavendel,Lavendel,S,3,薰衣草属
lawine,Lawine,S,0,雪崩
leasing,Leasing,S,0,租赁契约
leasing,Leasing,S,1,租赁业务
lebensabend,Lebensabend,S,0,晚年
lebensabend,Lebensabend,S,1,垂暮之年
lebensalter,Lebensalter,S,0,年纪
lebensalter,Lebensalter,S,1,年事
lebensbedingungen,Lebensbedingungen,S,0,生活条件
lebensende,Lebensende,S,0,终生
lebenserfahrung,Lebenserfahrung,S,0,世故
lebenserfahrung,Lebenserfahrung,S,1,生活经验
lebensführung,Lebensführung,S,0,生活作风
lebensgefahr,Lebensgefahr,S,0,生命危险
lebenslänglich,lebenslänglich,Adj,0,终身
lebensmittelindustrie,Lebensmittelindustrie,S,0,食品产业
lebenssituation,Lebenssituation,S,0,生长环境
lebensstil,Lebensstil,S,0,生活型态
lebensstil,Lebensstil,S,1,生活作风
lebensstil,Lebensstil,S,2,生活风貌
lebensumstände,Lebensumstände,S,0,生长环境
lebensumstände,Lebensumstände,S,1,际遇
lebensunterhalt,Lebensunterhalt,S,0,生计
lebensunterhalt,Lebensunterhalt,S,1,产业
lebensunterhalt,Lebensunterhalt,S,2,赡养
lebensversicherung,Lebensversicherung,S,0,人寿保险
lebensversicherung,Lebensversicherung,S,1,寿险
lebenszeichen,Lebenszeichen,S,0,生命迹象
lebenszeit,Lebenszeit,S,0,一生
lebenszeit,Lebenszeit,S,1,辈
leberwurst,Leberwurst,S,0,肝肠
lebewesen,Lebewesen,S,0,生灵
leck,Leck,S,0,渗漏
leck,Leck,S,1,易漏
leck,Leck,S,2,有漏洞
leck,Leck,S,3,漏孔
lecker,lecker,Adj,0,最可口
lecker,lecker,Adj,1,可口
lecker,lecker,Adj,2,最美味
lecker,lecker,Adj,3,有味
lecker,lecker,Adj,4,有漏洞
lecker,lecker,Adj,5,秀丽
lederjacke,Lederjacke,S,0,皮茄克
leerlauf,Leerlauf,S,0,怠速
leerzeichen,Leerzeichen,S,0,空白
leerzeichen,Leerzeichen,S,1,间隙
leerzeichen,Leerzeichen,S,2,留空的符号
leerzeichen,Leerzeichen,S,3,空格
leerzeichen,Leerzeichen,S,4,留空
legalisieren,legalisieren,V,0,法律上认可
legalisierung,Legalisierung,S,0,合法化
legende,Legende,S,0,佳话
legende,Legende,S,1,题铭
legende,Legende,S,2,图例
legende,Legende,S,3,文字图例
legendär,legendär,Adj,0,传奇
legendär,legendär,Adj,1,传奇性
leggings,Leggings,S,0,紧身裤
legion,Legion,S,0,军团
legislative,Legislative,S,0,立法机关
legislaturperiode,Legislaturperiode,S,0,任期
legitimation,Legitimation,S,0,认为嫡出
legitimation,Legitimation,S,1,合法证明
legitimiert,legitimiert,Adj,0,经认可
legitimiert,legitimiert,Adj,1,使生效
legitimiert,legitimiert,Adj,2,证明自己身份
legitimiert,legitimiert,Adj,3,生效
legitimität,Legitimität,S,0,合法性
lehen,Lehen,S,0,采地
lehen,Lehen,S,1,采
lehen,Lehen,S,2,采邑
lehm,Lehm,S,0,粘土
lehm,Lehm,S,1,黏土
lehm,Lehm,S,2,垆
lehm,Lehm,S,3,壤土
lehne,Lehne,S,0,手靠
lehne,Lehne,S,1,背垫
lehne,Lehne,S,2,靠背
lehne,Lehne,S,3,斜靠
lehne,Lehne,S,4,斜坡
lehne,Lehne,S,5,靠
lehramt,Lehramt,S,0,讲师职位
lehramt,Lehramt,S,1,教师工作
lehrerin,Lehrerin,S,0,女校长
lehrerin,Lehrerin,S,1,女教员
lehrgang,Lehrgang,S,0,研讨会
lehrgang,Lehrgang,S,1,讲座
lehrgang,Lehrgang,S,2,课程
lehrgang,Lehrgang,S,3,讲习会
leibwächter,Leibwächter,S,0,保镳
leibwächter,Leibwächter,S,1,卫兵
leibwächter,Leibwächter,S,2,侍卫
leichnam,Leichnam,S,0,遗体
leichnam,Leichnam,S,1,尸体
leichnam,Leichnam,S,2,尸身
leichtathletik,Leichtathletik,S,0,田径运动
leichtathletik,Leichtathletik,S,1,田经
leichtathletik,Leichtathletik,S,2,田径
leichtsinn,Leichtsinn,S,0,无忧无虑
leichtsinn,Leichtsinn,S,1,漫不经心
leichtsinn,Leichtsinn,S,2,愚笨
leichtsinn,Leichtsinn,S,3,轻浮
leichtsinn,Leichtsinn,S,4,轻率
leichtsinnig,leichtsinnig,Adj,0,无忧无虑
leichtsinnig,leichtsinnig,Adj,1,不经心
leichtsinnig,leichtsinnig,Adj,2,挑
leiharbeit,Leiharbeit,S,0,借用劳动借工
leim,Leim,S,0,木工胶
leim,Leim,S,1,糨糊
leinen,Leinen,S,0,亚麻布
leiste,Leiste,S,0,导板条
leiste,Leiste,S,1,条
leitbild,Leitbild,S,0,纲领
leitbild,Leitbild,S,1,指导原则
leitbild,Leitbild,S,2,範例
leitbild,Leitbild,S,3,指路灯
leiterin,Leiterin,S,0,女领导人
leiterin,Leiterin,S,1,女负责人
leitfaden,Leitfaden,S,0,线论
leitstelle,Leitstelle,S,0,检测点
leitungswasser,Leitungswasser,S,0,自来水
leitungswasser,Leitungswasser,S,1,水龙头的水
lektion,Lektion,S,0,课时
lenker,Lenker,S,0,控制摇臂
lenkrad,Lenkrad,S,0,转向轮
lenkrad,Lenkrad,S,1,方向盘
lenkung,Lenkung,S,0,驾驶
lenkung,Lenkung,S,1,转向机构
lenkung,Lenkung,S,2,转向器
leopard,Leopard,S,0,豹
leopard,Leopard,S,1,豹子
leopard,Leopard,S,2,金钱豹
lernprozess,Lernprozess,S,0,学习过程
lesbar,lesbar,Adj,0,易读
lesbarkeit,Lesbarkeit,S,0,可读性
lesbarkeit,Lesbarkeit,S,1,读得津津有味
lesbarkeit,Lesbarkeit,S,2,易读性
lesbe,Lesbe,S,0,女同性恋
lesbe,Lesbe,S,1,拉拉
lesbe,Lesbe,S,2,塘
lesbe,Lesbe,S,3,女同性恋者
lesbisch,lesbisch,Adj,0,女同志
leserbrief,Leserbrief,S,0,读者来函
leserbrief,Leserbrief,S,1,读者来信
leserschaft,Leserschaft,S,0,读者群
letter,Letter,S,0,铅字
letter,Letter,S,1,印刷字母
letter,Letter,S,2,活字
letztendlich,letztendlich,Adv,0,末了
letztendlich,letztendlich,Adv,1,归根到底
letztendlich,letztendlich,Adv,2,忠算
letztendlich,letztendlich,Adv,3,归根结蒂
letztendlich,letztendlich,Adv,4,归根结底
letzter,letzter,Adj,0,上个
letztere,letztere,Adj,0,后者
leuchte,Leuchte,S,0,光亮
leuchte,Leuchte,S,1,发光体
leuchte,Leuchte,S,2,照明器具
leuchte,Leuchte,S,3,火把
leuchte,Leuchte,S,4,照亮
leuchte,Leuchte,S,5,闪光灯
leuchte,Leuchte,S,6,电灯
leuchte,Leuchte,S,7,光线
leuchte,Leuchte,S,8,光源
leuchte,Leuchte,S,9,照耀
leukämie,Leukämie,S,0,血癌
leukämie,Leukämie,S,1,白血病
liane,Liane,S,0,蘝
libido,Libido,S,0,性冲动
lichtblick,Lichtblick,S,0,一线曙光
lichtblick,Lichtblick,S,1,希望之光
lichter,Lichter,,0,高光点
lichtung,Lichtung,S,0,林间空地
liebenswert,liebenswert,Adj,0,惹人爱
liebenswert,liebenswert,Adj,1,讨人喜欢
liebeserklärung,Liebeserklärung,S,0,爱情的表白
liebeserklärung,Liebeserklärung,S,1,爱的宣言
liebesgeschichte,Liebesgeschichte,S,0,罗曼史
liebesgeschichte,Liebesgeschichte,S,1,爱情故事
liebeskummer,Liebeskummer,S,0,心疼
liebeskummer,Liebeskummer,S,1,相思病
liebespaar,Liebespaar,S,0,情侣
liebste,Liebste,S,0,意中人
lieferbar,lieferbar,Adj,0,可传送
lieferbar,lieferbar,Adj,1,可提供
lieferbar,lieferbar,Adj,2,可发货
lieferbar,lieferbar,Adj,3,有货
lieferservice,Lieferservice,S,0,传送服务
liege,Liege,S,0,躺下
liege,Liege,S,1,坐落在
liegend,liegend,Adj,0,躺着
liegenschaft,Liegenschaft,S,0,物业
lifestyle,Lifestyle,S,0,生活作风
lila,lila,Adj,0,雪青
lila,lila,Adj,1,青紫
lilie,Lilie,S,0,百合花
lilie,Lilie,S,1,百合
limes,Limes,S,0,极限
limitiert,limitiert,Adj,0,受限
linear,linear,Adj,0,线性
linear,linear,Adj,1,线状
linear,linear,Adj,2,一次
linguistik,Linguistik,S,0,语言学
linkshänder,Linkshänder,S,0,左撇子
linux,Linux,S,0,一种操作系统
lippen,Lippen,S,0,嘴唇
lippenstift,Lippenstift,S,0,唇膏
lippenstift,Lippenstift,S,1,口红
liquid,liquid,Adj,0,到期应付
liquid,liquid,Adj,1,未付款
liquidität,Liquidität,S,0,变现能力
liquidität,Liquidität,S,1,流动资金
liquidität,Liquidität,S,2,市场流通性
liquidität,Liquidität,S,3,偿付能力
list,List,S,0,诡计
list,List,S,1,偛
list,List,S,2,花招
list,List,S,3,计策
list,List,S,4,计谋
list,List,S,5,诱骗
liturgie,Liturgie,S,0,祷告文式
lizenz,Lizenz,S,0,执照
lizenz,Lizenz,S,1,许可证
lizenz,Lizenz,S,2,证书
lobby,Lobby,S,0,大堂
lockern,lockern,V,0,疏松
lockern,lockern,V,1,松
lockern,lockern,V,2,拧动螺纹
logbuch,Logbuch,S,0,运行日志
logbuch,Logbuch,S,1,运行记录
logistik,Logistik,S,0,勤务系统
logistik,Logistik,S,1,配送
logistik,Logistik,S,2,材料供应系统
logistik,Logistik,S,3,物流
logistik,Logistik,S,4,后勤学
logistik,Logistik,S,5,物流管理
logistik,Logistik,S,6,勤学
logistik,Logistik,S,7,物流业
logistik,Logistik,S,8,后勤
logistik,Logistik,S,9,后勤支援系统
logo,Logo,S,0,徽
lohnsteuer,Lohnsteuer,S,0,薪俸税
lohnsteuer,Lohnsteuer,S,1,工资税收
lohnsteuer,Lohnsteuer,S,2,工资税
lokalisieren,lokalisieren,V,0,确定位置
lokalisieren,lokalisieren,V,1,找到
lokalisierung,Lokalisierung,S,0,本地化
lokalisierung,Lokalisierung,S,1,定位
lokalisierung,Lokalisierung,S,2,定位法
lokführer,Lokführer,S,0,火车司机
lokführer,Lokführer,S,1,机车司机
londoner,Londoner,S,0,伦敦人
lord,Lord,S,0,勋爵
losfahren,losfahren,V,0,开走
lot,Lot,S,0,蓝线
lotterie,Lotterie,S,0,摇奖
lotto,Lotto,S,0,乐透
lotto,Lotto,S,1,博彩
lotus,Lotus,S,0,萏
lotus,Lotus,S,1,蕖
lotus,Lotus,S,2,荷
louvre,Louvre,S,0,鲁佛尔宫
louvre,Louvre,S,1,卢浮宫
louvre,Louvre,S,2,法国罗浮宫
loyal,loyal,Adj,0,义气
luchs,Luchs,S,0,唡
luchs,Luchs,S,1,猞猁
luftdruck,Luftdruck,S,0,大气压
luftdruck,Luftdruck,S,1,气压
luftraum,Luftraum,S,0,空气室
luftraum,Luftraum,S,1,领空
luftraum,Luftraum,S,2,上空
luftverschmutzung,Luftverschmutzung,S,0,空气污染
lukrativ,lukrativ,Adj,0,有利可图
lukrativ,lukrativ,Adj,1,合算
lump,Lump,S,0,混混
lungenentzündung,Lungenentzündung,S,0,肺炎
lutschen,lutschen,V,0,含
lächelnd,lächelnd,Adj,0,冁
lähmung,Lähmung,S,0,麻痹
lähmung,Lähmung,S,1,痹
länderspiel,Länderspiel,S,0,国际比赛
längen,längen,V,0,很久以来
länger,länger,Adj,0,更长
länglich,länglich,Adj,0,稍长
längs,längs,,0,沿
längs,längs,,1,沿着
lästern,lästern,V,0,背后议论别人
lästig,lästig,Adj,0,令人难堪
lästig,lästig,Adj,1,纠缠不休
lästig,lästig,Adj,2,可气
lästig,lästig,Adj,3,罗嗦
lästig,lästig,Adj,4,令人厌烦
lästig,lästig,Adj,5,恼人
lästig,lästig,Adj,6,烦人
lästig,lästig,Adj,7,讨厌
läufer,Läufer,S,0,善跑的马
läufer,Läufer,S,1,跑步者
läufer,Läufer,S,2,赛跑者
läufer,Läufer,S,3,逃亡者
läufer,Läufer,S,4,奔跑者
läufer,Läufer,S,5,中位
läufer,Läufer,S,6,走私者
läufer,Läufer,S,7,光标位置
lösbar,lösbar,Adj,0,可解
lösbar,lösbar,Adj,1,可解决
lösbar,lösbar,Adj,2,可分辨
lösegeld,Lösegeld,S,0,赎身的钱
lösegeld,Lösegeld,S,1,赎金
lösegeld,Lösegeld,S,2,基督教的赎罪
lösungsmittel,Lösungsmittel,S,0,溶解性
lüfter,Lüfter,S,0,风扇
machbar,machbar,Adj,0,可行
macher,Macher,S,0,领头者
macher,Macher,S,1,制造者
machete,Machete,S,0,弯刀
macho,Macho,S,0,大男子主义者
machtlos,machtlos,Adj,0,无能为力
machtlos,machtlos,Adj,1,弱小
machtlos,machtlos,Adj,2,无权
machtübernahme,Machtübernahme,S,0,鼎革
macke,Macke,S,0,热衷
macke,Macke,S,1,离奇
macke,Macke,S,2,蜷曲
made,Made,S,0,蛆虫
made,Made,S,1,蛆
madonna,Madonna,S,0,圣母像
mafia,Mafia,S,0,黑手党
magenta,Magenta,S,0,红紫色
magenta,Magenta,S,1,红色苯胺染料
magenta,Magenta,S,2,绛红色
magier,Magier,S,0,魔术师
magier,Magier,S,1,魔术家
magister,Magister,S,0,硕士
magistrat,Magistrat,S,0,市行政机构
mahl,Mahl,S,0,进餐
mahlen,mahlen,V,0,碾压
mahlen,mahlen,V,1,辗压
mahlen,mahlen,V,2,碾碎
mahlen,mahlen,V,3,磨制
mahlen,mahlen,V,4,碾
mahlen,mahlen,V,5,制粉
mahlen,mahlen,V,6,磨
mahlen,mahlen,V,7,推
mahlen,mahlen,V,8,碾磨
mahlen,mahlen,V,9,磑
mahlzeiten,Mahlzeiten,S,0,膳
mahnmal,Mahnmal,S,0,纪念碑
mahnwache,Mahnwache,S,0,警戒
mahnwache,Mahnwache,S,1,守夜
maid,Maid,S,0,闺女
maid,Maid,S,1,年轻女人
mailadresse,Mailadresse,S,0,邮件地址
mailbox,Mailbox,S,0,邮箱
mailbox,Mailbox,S,1,邮筒
makellos,makellos,Adj,0,没有缺陷
makellos,makellos,Adj,1,硙
makellos,makellos,Adj,2,白壁无瑕
makellos,makellos,Adj,3,无缺点
makellos,makellos,Adj,4,没有缺点
makellos,makellos,Adj,5,无瑕
malaria,Malaria,S,0,疟疾
malerin,Malerin,S,0,油漆匠
malteser,Malteser,S,0,马尔他
malware,Malware,S,0,流氓软件
malz,Malz,S,0,麦芽
mama,Mama,S,0,嬷
mammut,Mammut,S,0,猛犸象
mammut,Mammut,S,1,猛犸
management,Management,S,0,管理部门
management,Management,S,1,经营管理机构
manager,Manager,S,0,管理者
manager,Manager,S,1,管理人
manager,Manager,S,2,巨头
manager,Manager,S,3,管理程序
manager,Manager,S,4,总经里
manager,Manager,S,5,管理器
manager,Manager,S,6,管理员
manager,Manager,S,7,管理站
manche,manche,Pron,0,不少
manche,manche,Pron,1,有些
mandant,Mandant,S,0,立委托书人
mandant,Mandant,S,1,建设单位
mandant,Mandant,S,2,顾主
mandeln,Mandeln,S,0,巴旦木
manga,Manga,,0,日式漫画
mangels,mangels,,0,因缺乏
mangelware,Mangelware,S,0,缺货
mangelware,Mangelware,S,1,稀缺商品
mangelware,Mangelware,S,2,抢手货
mango,Mango,S,0,芒果
mango,Mango,S,1,檨
mangold,Mangold,S,0,牛皮菜
mangold,Mangold,S,1,莙荙菜
mangold,Mangold,S,2,糖莴苣
manier,Manier,S,0,气
manieren,Manieren,S,0,礼貌
manieren,Manieren,S,1,礼让
manifest,manifest,Adj,0,公开声明
manifest,manifest,Adj,1,宣告
manipuliert,manipuliert,Adj,0,操办
manko,Manko,S,0,亏欠
manko,Manko,S,1,亏
manuell,manuell,Adj,0,手工启动
manuell,manuell,Adj,1,手工
manuell,manuell,Adj,2,人工操作
manuell,manuell,Adj,3,手动
manufaktur,Manufaktur,S,0,工场
marder,Marder,S,0,貂
marder,Marder,S,1,貂科
margarine,Margarine,S,0,植物牛油
margarine,Margarine,S,1,人造黄油
marge,Marge,S,0,孖展
marienkirche,Marienkirche,S,0,玛莉安教堂
marionette,Marionette,S,0,傀儡
marionette,Marionette,S,1,木偶
marionette,Marionette,S,2,牵线木偶
maritim,maritim,Adj,0,海运
markant,markant,Adj,0,有特色
markant,markant,Adj,1,充满个性
marker,Marker,S,0,记号笔
marketing,Marketing,S,0,市场推广
marketing,Marketing,S,1,市场营销
marketing,Marketing,S,2,市场营销学
marketing,Marketing,S,3,营销
marketing,Marketing,S,4,营销学
markierung,Markierung,S,0,里程碑
markierung,Markierung,S,1,核对标记
markierung,Markierung,S,2,作标记
markierung,Markierung,S,3,记号
marktanteil,Marktanteil,S,0,市占率
marktanteil,Marktanteil,S,1,占有率
marktanteil,Marktanteil,S,2,市场份额
marktanteil,Marktanteil,S,3,市场占有率
marktforschung,Marktforschung,S,0,市场调查
marktforschung,Marktforschung,S,1,市场调研
marktforschung,Marktforschung,S,2,市场研究
marktführer,Marktführer,S,0,市场领袖
marktführer,Marktführer,S,1,市场领先者
marktführer,Marktführer,S,2,市场领导者
marktplatz,Marktplatz,S,0,市集广场
marktplatz,Marktplatz,S,1,传统市场
marktplatz,Marktplatz,S,2,集市
marktplatz,Marktplatz,S,3,廛
marktplatz,Marktplatz,S,4,市井
marokkaner,Marokkaner,S,0,摩洛哥人
marschall,Marschall,S,0,元帅
martini,Martini,S,0,马提尼酒
marzipan,Marzipan,S,0,杏仁糖
masche,Masche,S,0,网眼
masche,Masche,S,1,针线
masche,Masche,S,2,网孔
maschinenfabrik,Maschinenfabrik,S,0,机械厂
maschinengewehr,Maschinengewehr,S,0,机关枪
maschinengewehr,Maschinengewehr,S,1,机枪
masern,Masern,S,0,水泡
masern,Masern,S,1,疹
masern,Masern,S,2,疹子
maskottchen,Maskottchen,S,0,吉祥物
maskulin,maskulin,Adj,0,有男子气
massage,Massage,S,0,按摩
massage,Massage,S,1,揉
massage,Massage,S,2,折枝
massaker,Massaker,S,0,屠戮
massaker,Massaker,S,1,大屠杀
massenmord,Massenmord,S,0,大范围的屠杀
massenmord,Massenmord,S,1,大屠杀
massenproduktion,Massenproduktion,S,0,大量生产
mast,Mast,S,0,桅杆
mast,Mast,S,1,杆
mast,Mast,S,2,桅
mast,Mast,S,3,樯
master,Master,S,0,硕士
master,Master,S,1,硕士学位
mathe,Mathe,S,0,数学
mathematiker,Mathematiker,S,0,数学家
mathematisch,mathematisch,Adj,0,数理
matratze,Matratze,S,0,床垫
matratze,Matratze,S,1,褥
matrix,Matrix,S,0,矩阵
matrix,Matrix,S,1,矩陈
matsch,Matsch,S,0,泥巴
matsch,Matsch,S,1,精疲力竭
matsch,Matsch,S,2,融雪
matsch,Matsch,S,3,湴
matsch,Matsch,S,4,溅开
matte,Matte,S,0,席子
maulwurf,Maulwurf,S,0,鼹鼠
maulwurf,Maulwurf,S,1,鼹
maulwurf,Maulwurf,S,2,黑痣
maut,Maut,S,0,养路费
maut,Maut,S,1,路费
maut,Maut,S,2,通行费
maut,Maut,S,3,道路使用费
maut,Maut,S,4,通行税
maximum,Maximum,S,0,峰
mayonnaise,Mayonnaise,S,0,美乃滋
mayonnaise,Mayonnaise,S,1,蛋黄酱
mayonnaise,Mayonnaise,S,2,美乃滋酱
mazda,Mazda,,0,马自达
mechatroniker,Mechatroniker,S,0,机械电子工
medaillon,Medaillon,S,0,小盒
medaillon,Medaillon,S,1,纪念品盒
median,Median,S,0,中位数
mediation,Mediation,S,0,调解
medien,Medien,S,0,传播媒体
medien,Medien,S,1,传媒
medienkompetenz,Medienkompetenz,S,0,媒体素养
medina,Medina,,0,麦地那
meditation,Meditation,S,0,冥想
meditation,Meditation,S,1,禅
meditation,Meditation,S,2,静心
meditieren,meditieren,V,0,坐神
medium,Medium,S,0,灵媒
medium,Medium,S,1,介质
medium,Medium,S,2,大众传媒
medium,Medium,S,3,通讯媒体
medium,Medium,S,4,媒介物
medium,Medium,S,5,广告媒介
medium,Medium,S,6,中间物
medizintechnik,Medizintechnik,S,0,生物医学工程
meerjungfrau,Meerjungfrau,S,0,人鱼
meerjungfrau,Meerjungfrau,S,1,美人鱼
meerschweinchen,Meerschweinchen,S,0,几内亚猪
meerschweinchen,Meerschweinchen,S,1,天竺鼠
meerschweinchen,Meerschweinchen,S,2,豚鼠
meerschweinchen,Meerschweinchen,S,3,荷兰猪
meerwasser,Meerwasser,S,0,海水
meeting,Meeting,S,0,会议
meeting,Meeting,S,1,聚会
mehrfamilienhaus,Mehrfamilienhaus,S,0,多家庭楼宇
mehrfamilienhaus,Mehrfamilienhaus,S,1,集体公寓
mehrfamilienhaus,Mehrfamilienhaus,S,2,公寓楼
mehrheitlich,mehrheitlich,Adj,0,过半数
mehrwert,Mehrwert,S,0,剩馀
mehrwert,Mehrwert,S,1,剩余价值
mehrwert,Mehrwert,S,2,估价过高
mehrwert,Mehrwert,S,3,增加值
mehrwert,Mehrwert,S,4,附加价值
meilenstein,Meilenstein,S,0,里程碑
meilenweit,meilenweit,Adj,0,十万八千里
meinungsfreiheit,Meinungsfreiheit,S,0,言论自由
meisterstück,Meisterstück,S,0,名作
meistertitel,Meistertitel,S,0,冠军称号
melodie,Melodie,S,0,调子
melodie,Melodie,S,1,曲调
mem,Mem,S,0,迷因
membran,Membran,S,0,纸盆
membran,Membran,S,1,隔膜
membran,Membran,S,2,膈
membran,Membran,S,3,膜
membran,Membran,S,4,羊皮纸
membran,Membran,S,5,膜片
menschenhandel,Menschenhandel,S,0,贩卖人口
menschenhandel,Menschenhandel,S,1,贩卖奴隶
menschenhandel,Menschenhandel,S,2,人口贩卖
menschenleben,Menschenleben,S,0,一生
menschenmenge,Menschenmenge,S,0,人群
menschenmenge,Menschenmenge,S,1,群众
menschenrechte,Menschenrechte,S,0,人权
menschenverstand,Menschenverstand,S,0,同感
menschenverstand,Menschenverstand,S,1,一般感受
menschheitsgeschichte,Menschheitsgeschichte,S,0,世界历史
menstruation,Menstruation,S,0,月经
menstruation,Menstruation,S,1,天癸
mental,mental,Adj,0,在脑内进行
mental,mental,Adj,1,内心
mentalität,Mentalität,S,0,精神力
mentor,Mentor,S,0,精神支柱
mentor,Mentor,S,1,指导老师
mentor,Mentor,S,2,倡导人
mentor,Mentor,S,3,顾问
mentor,Mentor,S,4,指导人
merkur,Merkur,S,0,水星
messegelände,Messegelände,S,0,博览会所在地
messegelände,Messegelände,S,1,展览地
messenger,Messenger,S,0,信使
messgerät,Messgerät,S,0,度量仪
messgerät,Messgerät,S,1,标准尺寸
messgerät,Messgerät,S,2,测量工具
messias,Messias,S,0,弥赛亚
messing,Messing,S,0,黄铜
messlatte,Messlatte,S,0,标尺
messtechnik,Messtechnik,S,0,测量术
messtechnik,Messtechnik,S,1,测量技术
met,Met,S,0,蜂蜜酒
meta,Meta,,0,后设
metadaten,Metadaten,S,0,元数据
metallen,metallen,Adj,0,金属
metallen,metallen,Adj,1,金属制
metapher,Metapher,S,0,譬
metapher,Metapher,S,1,暗喻
metapher,Metapher,S,2,比喻
metapher,Metapher,S,3,隐喻
meteor,Meteor,S,0,大气现象
meteor,Meteor,S,1,陨
meteorologie,Meteorologie,S,0,气象
meteorologie,Meteorologie,S,1,气象学
metrik,Metrik,S,0,距离
metrik,Metrik,S,1,节奏学
metrik,Metrik,S,2,格韵学
metro,Metro,S,0,电动地铁
metropolis,Metropolis,S,0,枢纽
metzgerei,Metzgerei,S,0,肉铺
mexikaner,Mexikaner,S,0,墨西哥人
michelin,Michelin,,0,米芝莲
mietpreis,Mietpreis,S,0,租金
mietvertrag,Mietvertrag,S,0,租赁合同
mietvertrag,Mietvertrag,S,1,租用合同
mietwagen,Mietwagen,S,0,租来的车辆
mietwohnung,Mietwohnung,S,0,租房
migrant,Migrant,S,0,移民
migranten,Migranten,S,0,流动人口
migräne,Migräne,S,0,偏头痛
mikrofon,Mikrofon,S,0,传声
miliz,Miliz,S,0,民警
miliz,Miliz,S,1,民兵组织
millennium,Millennium,,0,千禧号
milliarden,Milliarden,Num,0,数以亿计
milliardär,Milliardär,S,0,巨富
milliardär,Milliardär,S,1,亿万富翁
milligramm,Milligramm,S,0,毫克
millionen,Millionen,Num,0,百万
millionär,Millionär,S,0,百万富翁
milz,Milz,S,0,脾
milz,Milz,S,1,脾脏
mimik,Mimik,S,0,面部表情
minderjährig,minderjährig,Adj,0,低龄
minderjährig,minderjährig,Adj,1,未到法定年龄
minderjährige,Minderjährige,S,0,未成年人
minderjährige,Minderjährige,S,1,未成年少女
mindern,mindern,V,0,缓和
mindeste,mindeste,Adj,0,最少
mindestlohn,Mindestlohn,S,0,最低工资
mine,Mine,S,0,矿井
mine,Mine,S,1,地雷
mine,Mine,S,2,矿
mineralogie,Mineralogie,S,0,矿物学
mineralwasser,Mineralwasser,S,0,矿水
mini,Mini,S,0,超短
mini,Mini,S,1,很短的衣服
miniatur,Miniatur,S,0,缩影
miniatur,Miniatur,S,1,小画像
miniatur,Miniatur,S,2,缩图
miniatur,Miniatur,S,3,缩小模型
minijob,Minijob,S,0,迷你工
minimal,minimal,Adj,0,最小的
minimieren,minimieren,V,0,最小化
ministerin,Ministerin,S,0,女部长
ministerpräsidentin,Ministerpräsidentin,S,0,首相
minor,minor,Adj,0,小规模
minor,minor,Adj,1,二流
minor,minor,Adj,2,较小
minutenlang,minutenlang,Adj,0,数分钟之久的
missbraucht,missbraucht,Adj,0,误用
missgeschick,Missgeschick,S,0,不顺利的事
missgeschick,Missgeschick,S,1,逆境
missgeschick,Missgeschick,S,2,艰难
misshandlung,Misshandlung,S,0,虐待狂
misstrauen,Misstrauen,S,0,不相信
misstrauen,Misstrauen,S,1,怀疑
misstrauen,Misstrauen,S,2,不信任
misstrauen,Misstrauen,S,3,不信
missverständlich,missverständlich,Adj,0,错了
mitfahrer,Mitfahrer,S,0,同车乘客
mitfahrgelegenheit,Mitfahrgelegenheit,S,0,搭车机会
mitgebracht,mitgebracht,Adj,0,捎来
mitgehen,mitgehen,V,0,一同去
mitgift,Mitgift,S,0,财礼
mitgift,Mitgift,S,1,嫁妆
mitgliederversammlung,Mitgliederversammlung,S,0,大会
mitgliedschaft,Mitgliedschaft,S,0,团籍
mitgliedschaft,Mitgliedschaft,S,1,会籍
mitgliedschaft,Mitgliedschaft,S,2,会员资格
mitgliedschaft,Mitgliedschaft,S,3,会友
mitgliedschaft,Mitgliedschaft,S,4,隶属关系
mitgliedschaft,Mitgliedschaft,S,5,会员
mithilfe,Mithilfe,S,0,辅助品
mitläufer,Mitläufer,S,0,墙头草
mitläufer,Mitläufer,S,1,跟风者
mitmischen,mitmischen,V,0,卷入
mitmischen,mitmischen,V,1,参入
mitspielen,mitspielen,V,0,共同起作用
mitspielen,mitspielen,V,1,一起玩
mitstreiter,Mitstreiter,S,0,袍泽
mitstreiter,Mitstreiter,S,1,并肩作战者
mitstreiter,Mitstreiter,S,2,辩论者
mitstreiter,Mitstreiter,S,3,战友
mitstreiter,Mitstreiter,S,4,同盟
mittagspause,Mittagspause,S,0,午休
mittagspause,Mittagspause,S,1,午间休息
mittelfinger,Mittelfinger,S,0,中指
mittelklasse,Mittelklasse,S,0,中产阶级
mittelklasse,Mittelklasse,S,1,中产阶层
mittelklasse,Mittelklasse,S,2,中间价格
mittellinie,Mittellinie,S,0,中位线
mittels,mittels,,0,借助
mittels,mittels,,1,以心
mittelschicht,Mittelschicht,S,0,中产阶级
mittelschicht,Mittelschicht,S,1,中产阶层
mittelschicht,Mittelschicht,S,2,中层
mittelstand,Mittelstand,S,0,中产阶级
mittelstand,Mittelstand,S,1,中产
mittelstand,Mittelstand,S,2,中间商
mittelständler,Mittelständler,S,0,中间派
mittelständler,Mittelständler,S,1,中产阶级者
mittelteil,Mittelteil,S,0,中间段
mittelteil,Mittelteil,S,1,中部
mittelwert,Mittelwert,S,0,平均值
mittelwert,Mittelwert,S,1,平均数
mittelwert,Mittelwert,S,2,均值
mittelwert,Mittelwert,S,3,中间值
mittig,mittig,Adj,0,当中
mittig,mittig,Adj,1,同中心
mittlere,mittlere,Adj,0,中等
mittlere,mittlere,Adj,1,正中
mittlere,mittlere,Adj,2,中级
mittlere,mittlere,Adj,3,平均
mittlerer,mittlerer,Adj,0,正中
mittlerer,mittlerer,Adj,1,平均
mitverantwortlich,mitverantwortlich,Adj,0,共同负责
mitverantwortung,Mitverantwortung,S,0,共同责任
mixer,Mixer,S,0,混合的人
mixer,Mixer,S,1,混合器
mmh,mmh,Interj,0,哼
mobbing,Mobbing,S,0,聚众滋扰
mobil,mobil,Adj,0,可以移动
mobile,Mobile,S,0,莫比尔
mobilfunk,Mobilfunk,S,0,移动电话系统
mobilfunk,Mobilfunk,S,1,单元无线电
mobilfunk,Mobilfunk,S,2,移动无线电
mobilfunk,Mobilfunk,S,3,移动通信系统
mobilfunk,Mobilfunk,S,4,分格式无线电
mobilität,Mobilität,S,0,活动性
mobilität,Mobilität,S,1,机动性
mobilität,Mobilität,S,2,劳动流动性
mobiltelefon,Mobiltelefon,S,0,行动电话
mobiltelefon,Mobiltelefon,S,1,移动电话
mobiltelefon,Mobiltelefon,S,2,手提
modem,Modem,S,0,调制解调器
moderat,moderat,Adj,0,温和
moderat,moderat,Adj,1,气候适度
moderat,moderat,Adj,2,有节制
moderat,moderat,Adj,3,节酒
moderat,moderat,Adj,4,稳健
moderat,moderat,Adj,5,中庸
moderator,Moderator,S,0,缓冲剂
moderatorin,Moderatorin,S,0,女主持人
moderieren,moderieren,V,0,使稳健
moderieren,moderieren,V,1,使缓和
moderieren,moderieren,V,2,在电视里露面
moderieren,moderieren,V,3,导播
moderieren,moderieren,V,4,使温和
moderne,Moderne,S,0,现代
moderne,Moderne,S,1,近代
moderne,Moderne,S,2,现代性
modernisiert,modernisiert,Adj,0,使现代化
modisch,modisch,Adj,0,时兴
modul,Modul,S,0,模数
modul,Modul,S,1,组件
modul,Modul,S,2,加工模数
modul,Modul,S,3,模件
modul,Modul,S,4,模量
modus,Modus,S,0,节奏模式
modus,Modus,S,1,途径
mofa,Mofa,S,0,助动车
mohr,Mohr,S,0,黑人
molekül,Molekül,S,0,分子
momentan,momentan,Adj,0,片刻
monarch,Monarch,S,0,元首
monarch,Monarch,S,1,大王蝶
monarch,Monarch,S,2,辟
monarch,Monarch,S,3,君主
monarch,Monarch,S,4,一种蝴蝶
monatelang,monatelang,Adj,0,在一个月份中
monatelang,monatelang,Adj,1,数月之久
monatsende,Monatsende,S,0,月底
monatsende,Monatsende,S,1,月末
mongolen,Mongolen,S,0,蒙古族
monographie,Monographie,S,0,专著
monolog,Monolog,S,0,旁白
monolog,Monolog,S,1,独脚戏
monolog,Monolog,S,2,自言自语
monopoly,Monopoly,S,0,大富翁
monopoly,Monopoly,S,1,地产大亨
montage,Montage,S,0,新品组装
montage,Montage,S,1,架设
montage,Montage,S,2,组装
montagmorgen,Montagmorgen,S,0,星期一早上
montags,montags,Adv,0,每星期一
montiert,montiert,Adj,0,架设
montiert,montiert,Adj,1,配置好
montiert,montiert,Adj,2,安装好
montiert,montiert,Adj,3,安排好
montiert,montiert,Adj,4,准备好
monument,Monument,S,0,纪念碑
monument,Monument,S,1,丰碑
monument,Monument,S,2,薮偷婆
monument,Monument,S,3,古迹
monument,Monument,S,4,碑
monument,Monument,S,5,薮斗婆
moor,Moor,S,0,沼泽
moos,Moos,S,0,青苔
moos,Moos,S,1,苔
moos,Moos,S,2,苔藓
moos,Moos,S,3,藓
morden,morden,V,0,閷
mordfall,Mordfall,S,0,杀人案
mordfall,Mordfall,S,1,命案
mordfall,Mordfall,S,2,血案
mordfall,Mordfall,S,3,凶杀案
morgengrauen,Morgengrauen,S,0,天光
morgengrauen,Morgengrauen,S,1,晓
morgengrauen,Morgengrauen,S,2,晗
morgenröte,Morgenröte,S,0,朝霞
morgenröte,Morgenröte,S,1,早霞
morgenstern,Morgenstern,S,0,锤
morphologie,Morphologie,S,0,形态上
mosaik,Mosaik,S,0,马赛克
mosaik,Mosaik,S,1,魔赛克
moskauer,Moskauer,S,0,莫斯科人
moslem,Moslem,S,0,回教徒
moslem,Moslem,S,1,伊斯兰教徒
most,Most,S,0,葡萄汁
motel,Motel,S,0,汽车旅馆
motivation,Motivation,S,0,起因
motivation,Motivation,S,1,双因素理论
motivation,Motivation,S,2,动机理论
motivation,Motivation,S,3,引擎
motorhaube,Motorhaube,S,0,发动机罩
motorhaube,Motorhaube,S,1,汽车引擎罩
motorola,Motorola,,0,摩托罗拉
motorradfahrer,Motorradfahrer,S,0,骑摩托车的人
motorradfahrer,Motorradfahrer,S,1,摩托车手
motorsport,Motorsport,S,0,动力运动
mountainbike,Mountainbike,S,0,山地车
mountainbike,Mountainbike,S,1,登山越野车
mountainbike,Mountainbike,S,2,山地自行车
mountainbike,Mountainbike,S,3,登山车
mulde,Mulde,S,0,潋
mulde,Mulde,S,1,海槽
multi,Multi,S,0,单写
multikulti,Multikulti,S,0,多文化
multimedia,Multimedia,,0,多媒体
mumie,Mumie,S,0,木乃伊
mumm,Mumm,S,0,骨力
mundart,Mundart,S,0,土话
mundtot,mundtot,Adj,0,无话可说
mundtot,mundtot,Adj,1,无言
munter,munter,Adj,0,醒着
munter,munter,Adj,1,洋洋得意地
mus,Mus,S,0,糊状物
muschel,Muschel,S,0,贝
muschel,Muschel,S,1,蛤
muschel,Muschel,S,2,蚌
muschel,Muschel,S,3,鲒
muschel,Muschel,S,4,珍珠母
muschel,Muschel,S,5,贝壳儿
muschel,Muschel,S,6,蛏
muscheln,Muscheln,S,0,双壳纲
musikszene,Musikszene,S,0,音乐舞台
musikverein,Musikverein,S,0,音乐协会
muskelkater,Muskelkater,S,0,酸溜溜
muskelkater,Muskelkater,S,1,肌肉疼痛
musterung,Musterung,S,0,细看
musterung,Musterung,S,1,身体检查
musterung,Musterung,S,2,视察
musterung,Musterung,S,3,仔细检查
muttermilch,Muttermilch,S,0,母乳
muttermilch,Muttermilch,S,1,奶水
muttertag,Muttertag,S,0,母亲节
muttertag,Muttertag,S,1,娘亲
mysteriös,mysteriös,Adj,0,玄
mysteriös,mysteriös,Adj,1,邃
mysteriös,mysteriös,Adj,2,诡谲
mysteriös,mysteriös,Adj,3,缊
mystik,Mystik,S,0,神秘主义
mystik,Mystik,S,1,密契主义
mystik,Mystik,S,2,推崇备至
mystisch,mystisch,Adj,0,神秘主义
mystisch,mystisch,Adj,1,玄学
mythologie,Mythologie,S,0,神话学
mythologie,Mythologie,S,1,神话
mädel,Mädel,S,0,丫头
mähne,Mähne,S,0,鬣
märchen,Märchen,S,0,假话
märchen,Märchen,S,1,魔幻故事
mäuschen,Mäuschen,S,0,小老鼠
mörser,Mörser,S,0,臼
mörser,Mörser,S,1,研钵
mörtel,Mörtel,S,0,灰浆
möwe,Möwe,S,0,海鸥
möwe,Möwe,S,1,鸥科
möwe,Möwe,S,2,易受骗之人
möwe,Möwe,S,3,乡下佬
möwen,Möwen,S,0,鸥
mücke,Mücke,S,0,蚊
müdigkeit,Müdigkeit,S,0,倦意
müllabfuhr,Müllabfuhr,S,0,垃圾清运
müllabfuhr,Müllabfuhr,S,1,清洁队
mülleimer,Mülleimer,S,0,垃圾桶
müller,Müller,S,0,磨坊主
müller,Müller,S,1,面粉师
mündung,Mündung,S,0,枪口
mündung,Mündung,S,1,鼻口部分
mündung,Mündung,S,2,嘴脸
mündung,Mündung,S,3,口鼻
mündung,Mündung,S,4,鼻口
mündung,Mündung,S,5,炮口
münzen,münzen,V,0,古币学
mütter,Mütter,S,0,娘亲
nabel,Nabel,S,0,脐部
nabel,Nabel,S,1,脐
nachbarn,Nachbarn,S,0,左邻右舍
nachbarn,Nachbarn,S,1,邻居们
nachbildung,Nachbildung,S,0,仿真品
nachfolgend,nachfolgend,Adj,0,跟随
nachfolgend,nachfolgend,Adj,1,后续
nachfolger,Nachfolger,S,0,后任
nachfolger,Nachfolger,S,1,接班人
nachfolger,Nachfolger,S,2,继承人
nachfolger,Nachfolger,S,3,后一任
nachfolger,Nachfolger,S,4,后继者
nachfolger,Nachfolger,S,5,接任者
nachfolger,Nachfolger,S,6,接替者
nachfolger,Nachfolger,S,7,后继
nachgefragt,nachgefragt,Adj,0,有需要
nachhaltig,nachhaltig,Adj,0,可持续
nachhaltig,nachhaltig,Adj,1,可坚持
nachhaltig,nachhaltig,Adj,2,可继续
nachhaltigkeit,Nachhaltigkeit,S,0,永续性
nachhaltigkeit,Nachhaltigkeit,S,1,可持续
nachhaltigkeit,Nachhaltigkeit,S,2,可持续性
nachhilfe,Nachhilfe,S,0,辅导
nachholbedarf,Nachholbedarf,S,0,潜在需求
nachmachen,nachmachen,V,0,拟
nachmachen,nachmachen,V,1,制假
nachrichten,Nachrichten,S,0,新闻报道
nachruf,Nachruf,S,0,谥
nachruf,Nachruf,S,1,諡
nachschauen,nachschauen,V,0,检察
nachschub,Nachschub,S,0,补给品
nachspiel,Nachspiel,S,0,余波
nachspiel,Nachspiel,S,1,尾声
nachspiel,Nachspiel,S,2,续集
nachstehend,nachstehend,Adj,0,以下简称
nachstehend,nachstehend,Adj,1,在下文中
nachstehend,nachstehend,Adj,2,在下文
nachtclub,Nachtclub,S,0,夜总会
nachtclub,Nachtclub,S,1,夜店
nachtigall,Nachtigall,S,0,夜莺
nachtleben,Nachtleben,S,0,夜生活
nachtrag,Nachtrag,S,0,补遗附录
nachtschicht,Nachtschicht,S,0,夜班
nachtwächter,Nachtwächter,S,0,守夜人
nachtwächter,Nachtwächter,S,1,守夜者
nachtwächter,Nachtwächter,S,2,值夜
nachweisbar,nachweisbar,Adj,0,经得起检验
nachweisbar,nachweisbar,Adj,1,有证据证实
nachweisbar,nachweisbar,Adj,2,可证明
nachweisbar,nachweisbar,Adj,3,可发觉
nachweise,Nachweise,S,0,辅助资料
nachweislich,nachweislich,Adj,0,可论证
nachwort,Nachwort,S,0,后记
nachziehen,nachziehen,V,0,紧跟
nagellack,Nagellack,S,0,指甲油
nah,nah,Adj,0,濒
nah,nah,Adj,1,进
nah,nah,Adj,2,邻近
nah,nah,Adj,3,走近
nah,nah,Adj,4,即将发生
nahaufnahme,Nahaufnahme,S,0,微距摄影
nahaufnahme,Nahaufnahme,S,1,特写镜头
nahaufnahme,Nahaufnahme,S,2,近摄
nahverkehr,Nahverkehr,S,0,郊区运输
nahverkehr,Nahverkehr,S,1,本地交通
namensgebung,Namensgebung,S,0,取名
namensgebung,Namensgebung,S,1,命名法
namensänderung,Namensänderung,S,0,改名或改姓
narbe,Narbe,S,0,伤疤
narbe,Narbe,S,1,痕
narbe,Narbe,S,2,断崖
narbe,Narbe,S,3,瘢痕
narbe,Narbe,S,4,疤
narbe,Narbe,S,5,伤痕
narbe,Narbe,S,6,疮疤
narbe,Narbe,S,7,创痕
narbe,Narbe,S,8,疤痕
narrativ,narrativ,Adj,0,叙事
narzissmus,Narzissmus,S,0,自恋
nationalbank,Nationalbank,S,0,国家银行
nationalfeiertag,Nationalfeiertag,S,0,国庆节
nationalfeiertag,Nationalfeiertag,S,1,国庆日
nationalgarde,Nationalgarde,S,0,国民警卫军
nationalhymne,Nationalhymne,S,0,国歌
nationalität,Nationalität,S,0,国别
nationalität,Nationalität,S,1,少数民族
nationalität,Nationalität,S,2,民族
nationalmannschaft,Nationalmannschaft,S,0,国队
nationalmannschaft,Nationalmannschaft,S,1,国家队
nationalpark,Nationalpark,S,0,国家公园
nationen,Nationen,S,0,族裔
naturschutzgebiet,Naturschutzgebiet,S,0,禁区
naturschutzgebiet,Naturschutzgebiet,S,1,自然保护区
naturwissenschaften,Naturwissenschaften,S,0,理学
natürlichkeit,Natürlichkeit,S,0,自然
navigation,Navigation,S,0,领航
navigation,Navigation,S,1,导航
navigator,Navigator,S,0,航海者
navigator,Navigator,S,1,领航员
navigator,Navigator,S,2,导航者
neandertaler,Neandertaler,S,0,尼安德塔人
neandertaler,Neandertaler,S,1,尼安德特人
nebengebäude,Nebengebäude,S,0,外屋
nebengebäude,Nebengebäude,S,1,附加建筑结构
nebenjob,Nebenjob,S,0,打工
nebenkosten,Nebenkosten,S,0,公用事业费
nebenkosten,Nebenkosten,S,1,额外费用
nebensächlich,nebensächlich,Adj,0,顺便
nebensächlich,nebensächlich,Adj,1,可以忽略
nebensächlich,nebensächlich,Adj,2,微不足道
nemesis,Nemesis,S,0,涅墨西斯
neoliberalismus,Neoliberalismus,S,0,新自由主义
neonazi,Neonazi,S,0,新纳粹主义
neonazi,Neonazi,S,1,新纳粹
neonazi,Neonazi,S,2,新纳粹分子
nerd,Nerd,S,0,书呆子
nervenkitzel,Nervenkitzel,S,0,刺激
nervensystem,Nervensystem,S,0,神经系统
nervenzusammenbruch,Nervenzusammenbruch,S,0,心理危机
nervenzusammenbruch,Nervenzusammenbruch,S,1,精神崩溃
nervenzusammenbruch,Nervenzusammenbruch,S,2,精神灾难
nett,nett,Adj,0,讨人喜欢
network,Network,,0,联播网
netzbetreiber,Netzbetreiber,S,0,网络提供商
netzhaut,Netzhaut,S,0,视网膜
netzteil,Netzteil,S,0,电源部分
netzwerk,Netzwerk,S,0,网际
netzwerk,Netzwerk,S,1,网络工作
netzwerk,Netzwerk,S,2,罗网
netzwerk,Netzwerk,S,3,网路服务
netzwerk,Netzwerk,S,4,网络服务
neuausgabe,Neuausgabe,S,0,新纂
neubaugebiet,Neubaugebiet,S,0,新住宅区
neubauten,Neubauten,S,0,新房子
neubauten,Neubauten,S,1,新建筑
neugestaltung,Neugestaltung,S,0,重作
neugestaltung,Neugestaltung,S,1,改作
neugestaltung,Neugestaltung,S,2,重制物
neugestaltung,Neugestaltung,S,3,再制
neugestaltung,Neugestaltung,S,4,新格局
neugestaltung,Neugestaltung,S,5,再作
neugestaltung,Neugestaltung,S,6,重新制作
neuheit,Neuheit,S,0,创新
neuheit,Neuheit,S,1,新事
neuland,Neuland,S,0,畇
neuland,Neuland,S,1,处女地
neuland,Neuland,S,2,隰
neuland,Neuland,S,3,生地
neunziger,Neunziger,S,0,九十岁的人
neuorientierung,Neuorientierung,S,0,新宗旨
neuorientierung,Neuorientierung,S,1,新方向
neuorientierung,Neuorientierung,S,2,再定位
neuorientierung,Neuorientierung,S,3,再定向
neurologie,Neurologie,S,0,神经学
neurologische,neurologische,Adj,0,神经网络
neustart,Neustart,S,0,重启
neustart,Neustart,S,1,重新引导
neustart,Neustart,S,2,重新启动
neuwagen,Neuwagen,S,0,新车
newton,Newton,S,0,牛吨
nichtraucher,Nichtraucher,S,0,不吸烟者
nichtsdestotrotz,nichtsdestotrotz,Adv,0,无论如何
nickerchen,Nickerchen,S,0,坐着打盹
nickerchen,Nickerchen,S,1,小睡
niederländer,Niederländer,S,0,荷兰人
niederschläge,Niederschläge,S,0,雨量沉淀物
nikon,Nikon,,0,尼康
nische,Nische,S,0,龛
nitrat,Nitrat,S,0,硝酸盐
nobelpreis,Nobelpreis,S,0,诺贝尔奖
nobelpreis,Nobelpreis,S,1,诺贝尔科学桨
nomen,Nomen,S,0,名词
nominieren,nominieren,V,0,提名
nominieren,nominieren,V,1,起名
nominierung,Nominierung,S,0,提名
nominierung,Nominierung,S,1,命名
nominierungen,Nominierungen,S,0,提名
norden,Norden,S,0,朔
nordosten,Nordosten,S,0,东北方
nordwesten,Nordwesten,S,0,西北
nordwesten,Nordwesten,S,1,西北方
nordwestlich,nordwestlich,Adj,0,西北
nordwestlich,nordwestlich,Adj,1,西北部
nordwestlich,nordwestlich,Adj,2,西北方
normalisierung,Normalisierung,S,0,正常化
normalisierung,Normalisierung,S,1,正规化
normalisierung,Normalisierung,S,2,常态化
norweger,Norweger,S,0,挪威人
nostalgie,Nostalgie,S,0,怀旧
notaufnahme,Notaufnahme,S,0,急诊室
notaufnahme,Notaufnahme,S,1,急症室
notaufnahme,Notaufnahme,S,2,急救室
notbremse,Notbremse,S,0,磨难
notbremse,Notbremse,S,1,急迫
notbremse,Notbremse,S,2,艰
notbremse,Notbremse,S,3,困苦
notbremse,Notbremse,S,4,急刹车
notebook,Notebook,S,0,手提电脑
notebook,Notebook,S,1,笔记型电脑
notiert,notiert,Adj,0,注释
notiert,notiert,Adj,1,开价
notizbuch,Notizbuch,S,0,笔记本
notruf,Notruf,S,0,磨难
notruf,Notruf,S,1,急迫
notruf,Notruf,S,2,报警电话
notruf,Notruf,S,3,艰
notruf,Notruf,S,4,困苦
notruf,Notruf,S,5,求救电话
notruf,Notruf,S,6,紧急电话
notruf,Notruf,S,7,急诊
notstand,Notstand,S,0,应急状态
notwehr,Notwehr,S,0,紧急防卫
notwehr,Notwehr,S,1,正当防卫
notwendigerweise,notwendigerweise,Adv,0,必要地
novartis,Novartis,,0,诺华
nudel,Nudel,S,0,麺
nummernschild,Nummernschild,S,0,牌照
nummernschild,Nummernschild,S,1,汽车号牌
nussbaum,Nussbaum,S,0,胡桃树
nut,Nut,S,0,沟槽
nut,Nut,S,1,凹槽
nut,Nut,S,2,楔眼
nut,Nut,S,3,榫槽
nutte,Nutte,S,0,女流氓
nutte,Nutte,S,1,妓女
nutzlos,nutzlos,Adj,0,闲散
nutzlos,nutzlos,Adj,1,于事无补
nylon,Nylon,S,0,尼龙
nächste,nächste,Adj,0,在其次
nächstenliebe,Nächstenliebe,S,0,怛那
nächstenliebe,Nächstenliebe,S,1,陁那
nähmaschine,Nähmaschine,S,0,铁裁缝
nähmaschine,Nähmaschine,S,1,缝纫机
nährboden,Nährboden,S,0,营养液
nässe,Nässe,S,0,湿气
nässe,Nässe,S,1,水分
nötigung,Nötigung,S,0,威压
nötigung,Nötigung,S,1,强制
nötigung,Nötigung,S,2,强迫
nötigung,Nötigung,S,3,迫使
nötigung,Nötigung,S,4,拘禁
obdachlose,Obdachlose,S,0,无家可归者
obduktion,Obduktion,S,0,验尸
oberarm,Oberarm,S,0,上臂
oberarm,Oberarm,S,1,臑
oberarm,Oberarm,S,2,膊
oberarzt,Oberarzt,S,0,主治医师
oberbefehlshaber,Oberbefehlshaber,S,0,最高指挥官
oberbefehlshaber,Oberbefehlshaber,S,1,总司令
obergeschoss,Obergeschoss,S,0,楼上
obergeschoss,Obergeschoss,S,1,非底层
obergeschoss,Obergeschoss,S,2,上层
obergeschoss,Obergeschoss,S,3,顶层
obergrenze,Obergrenze,S,0,上限
obergrenze,Obergrenze,S,1,上极限
oberhalb,oberhalb,,0,上段
oberhalb,oberhalb,,1,上侧
oberleitung,Oberleitung,S,0,架空线
oberleitung,Oberleitung,S,1,高架电缆
oberleutnant,Oberleutnant,S,0,中尉
oberschenkel,Oberschenkel,S,0,大腿
oberschenkel,Oberschenkel,S,1,髀
oberseite,Oberseite,S,0,仰面
oberseite,Oberseite,S,1,上头
oberseite,Oberseite,S,2,顶面
oberste,Oberste,S,0,陆军上校
oberstleutnant,Oberstleutnant,S,0,准将
oberstleutnant,Oberstleutnant,S,1,中校
oberstufe,Oberstufe,S,0,进阶
oberteil,Oberteil,S,0,女用紧身马甲
oberteil,Oberteil,S,1,上装
oberteil,Oberteil,S,2,女装上半部
oberteil,Oberteil,S,3,尖峰
oberteil,Oberteil,S,4,妇女紧身胸衣
objektivität,Objektivität,S,0,客观性
objektivität,Objektivität,S,1,客观能力
obrigkeit,Obrigkeit,S,0,当权者
ochs,Ochs,S,0,犍
ochs,Ochs,S,1,傻瓜
odyssee,Odyssee,S,0,长途漂泊
offenlegung,Offenlegung,S,0,披露
offensiv,offensiv,Adj,0,侵略性
offensiv,offensiv,Adj,1,攻击性
offensiv,offensiv,Adj,2,进攻性
offiziell,offiziell,Adj,0,官方
offiziell,offiziell,Adj,1,正式
offiziell,offiziell,Adj,2,公务上
offizieller,offizieller,Adj,0,例行
offline,offline,Adv,0,脱机
ohrfeige,Ohrfeige,S,0,耳光
ohrfeige,Ohrfeige,S,1,巴掌
ohrwurm,Ohrwurm,S,0,蠼
ohrwurm,Ohrwurm,S,1,螋
oktoberfest,Oktoberfest,S,0,慕尼黑啤酒节
oktoberfest,Oktoberfest,S,1,十月啤酒节
oldtimer,Oldtimer,S,0,老式汽车
oldtimer,Oldtimer,S,1,老爷车
olive,Olive,S,0,榄
olive,Olive,S,1,橄榄
olive,Olive,S,2,油橄榄
olivenöl,Olivenöl,S,0,橄榄油
olympia,Olympia,S,0,奥运
olympiasieger,Olympiasieger,S,0,奥运冠军
olympiasieger,Olympiasieger,S,1,奥运会冠军
omen,Omen,S,0,兆头
onkologie,Onkologie,S,0,肿瘤学
online,online,Adv,0,连上
online,online,Adv,1,在线
online,online,Adv,2,连在网上
onlineshop,Onlineshop,S,0,网店
operativ,operativ,Adj,0,有步骤
operativ,operativ,Adj,1,根据实际情况
operator,Operator,S,0,算符
operator,Operator,S,1,算子
oppenheim,Oppenheim,,0,奥本海姆
optimieren,optimieren,V,0,最优化
optimierung,Optimierung,S,0,最优化
optimierung,Optimierung,S,1,优化
optimierung,Optimierung,S,2,最佳化
option,Option,S,0,供用户选购
option,Option,S,1,选项
optional,optional,Adj,0,选配
optional,optional,Adj,1,可选购
optional,optional,Adj,2,可供用户选用
optional,optional,Adj,3,用户可选购的
optional,optional,Adj,4,用户可选购
oracle,Oracle,,0,甲骨文公司
orakel,Orakel,S,0,神谕
orakel,Orakel,S,1,谕示
oral,oral,Adj,0,口头
oral,oral,Adj,1,用嘴
oralsex,Oralsex,S,0,口交
oralsex,Oralsex,S,1,吹喇叭
oralsex,Oralsex,S,2,吹箫
orange,orange,Adj,0,橘黄色
orange,orange,Adj,1,柳丁
orange,orange,Adj,2,桔红色
orange,orange,Adj,3,橙
orangensaft,Orangensaft,S,0,橙汁
orangensaft,Orangensaft,S,1,桔子汁
orangensaft,Orangensaft,S,2,橘子汁
orangensaft,Orangensaft,S,3,桔子水
orangensaft,Orangensaft,S,4,桔汁
orangensaft,Orangensaft,S,5,橘汁
orangensaft,Orangensaft,S,6,柳橙汁
order,Order,S,0,活页夹
ordern,ordern,V,0,下了订单
ordern,ordern,V,1,下订单
ordner,Ordner,S,0,维护秩序者
ordner,Ordner,S,1,资料夹
ordnungsamt,Ordnungsamt,S,0,治安局
ordnungswidrigkeit,Ordnungswidrigkeit,S,0,违章行为
organe,Organe,S,0,器官
organisator,Organisator,S,0,主办人
organspende,Organspende,S,0,器官捐赠
orgasmus,Orgasmus,S,0,极度兴奋
orgasmus,Orgasmus,S,1,性高潮
orgasmus,Orgasmus,S,2,高潮
orgie,Orgie,S,0,狂欢
originalität,Originalität,S,0,实质
originalität,Originalität,S,1,创作力
originell,originell,Adj,0,古怪
originell,originell,Adj,1,原创
orkan,Orkan,S,0,飓
orkan,Orkan,S,1,热带性风暴
orthopädie,Orthopädie,S,0,骨科
orthopädie,Orthopädie,S,1,矫形外科学
orthopädie,Orthopädie,S,2,整形外科
ortszeit,Ortszeit,S,0,本地时间
ortszeit,Ortszeit,S,1,太阳日
ortszeit,Ortszeit,S,2,地方时
ortszeit,Ortszeit,S,3,当地时间
ostblock,Ostblock,S,0,东方集团
ostblock,Ostblock,S,1,社会主义阵营
osterferien,Osterferien,S,0,复活节假期
osterfeuer,Osterfeuer,S,0,复活节焰火
ostfront,Ostfront,S,0,东部战场
output,Output,S,0,产出
outsourcing,Outsourcing,S,0,分流剥离
paarung,Paarung,S,0,交配
paarweise,paarweise,Adv,0,成对
paarweise,paarweise,Adv,1,两两
pacht,Pacht,S,0,租借
pacht,Pacht,S,1,租借
palette,Palette,S,0,托板
palette,Palette,S,1,卡板
palette,Palette,S,2,调色板
palmöl,Palmöl,S,0,棕榈油
palästinenser,Palästinenser,S,0,巴勒斯坦人
panda,Panda,S,0,猫熊
pandemie,Pandemie,S,0,瘟疫
pandemie,Pandemie,S,1,大流行病
panikmache,Panikmache,S,0,危言耸听
panisch,panisch,Adj,0,慌乱
panorama,Panorama,S,0,全景
panorama,Panorama,S,1,全貌
panzern,panzern,V,0,有甲
panzern,panzern,V,1,披甲
papagei,Papagei,S,0,鹦
papagei,Papagei,S,1,学舌
papagei,Papagei,S,2,鹉
papiere,Papiere,S,0,股票
papiere,Papiere,S,1,文书
papieren,papieren,Adj,0,纸做
papierkorb,Papierkorb,S,0,回收站
papierkorb,Papierkorb,S,1,纸篓
papierkorb,Papierkorb,S,2,字纸篓
papierkorb,Papierkorb,S,3,废纸篓
pappe,Pappe,S,0,纸板
papyrus,Papyrus,S,0,莎草纸
papyrus,Papyrus,S,1,纸草
parade,Parade,S,0,阅兵式
parade,Parade,S,1,列队行进
paradigmenwechsel,Paradigmenwechsel,S,0,範式转移
paradox,paradox,Adj,0,自相矛盾
paradox,paradox,Adj,1,自相矛盾的话
paradoxon,Paradoxon,S,0,悖论
parallele,Parallele,S,0,平行线
paralympics,Paralympics,S,0,残疾人奥运会
parameter,Parameter,S,0,参数
parameter,Parameter,S,1,参量
parameter,Parameter,S,2,参变量
paranoia,Paranoia,S,0,妄想狂
paranoia,Paranoia,S,1,偏执狂
parasit,Parasit,S,0,寄生物
parasit,Parasit,S,1,寄生虫
parat,parat,Adj,0,随时可用
parcours,Parcours,S,0,跑酷
parfum,Parfum,S,0,香味
parfüm,Parfüm,S,0,香水
pariser,Pariser,S,0,巴黎人
parkhaus,Parkhaus,S,0,多层停车场
parkhaus,Parkhaus,S,1,停车场库
parmesan,Parmesan,S,0,巴马干酪
parodie,Parodie,S,0,恶搞
parodie,Parodie,S,1,戏仿
parteilos,parteilos,Adv,0,非党群众
parteilos,parteilos,Adv,1,非党
parteispitze,Parteispitze,S,0,党内高层
parteispitze,Parteispitze,S,1,党内领导
partiell,partiell,Adj,0,不完全
partiell,partiell,Adj,1,局部
partiell,partiell,Adj,2,部分地
partisanen,Partisanen,S,0,游击
partnerin,Partnerin,S,0,女伴
partnerin,Partnerin,S,1,老婆
passion,Passion,S,0,情欲
pasta,Pasta,S,0,泥
pasta,Pasta,S,1,模型用泥
pasta,Pasta,S,2,意式面食
pasta,Pasta,S,3,意式面条
paste,Paste,S,0,膏
paste,Paste,S,1,泥
paste,Paste,S,2,模型用泥
pastor,Pastor,S,0,教区牧师
patch,Patch,S,0,补丁程序
patch,Patch,S,1,补丁
pate,Pate,S,0,教父
patenschaft,Patenschaft,S,0,教父母身份
patenschaft,Patenschaft,S,1,教父教子关系
patente,Patente,S,0,任命书专利
pater,Pater,S,0,神仆
pathologie,Pathologie,S,0,病理学
patientenverfügung,Patientenverfügung,S,0,病人生前遗愿
patientin,Patientin,S,0,女病人
patientin,Patientin,S,1,女病员
patientin,Patientin,S,2,女病号
patientin,Patientin,S,3,女患者
patriarch,Patriarch,S,0,创办人
patriarch,Patriarch,S,1,教祖
patriarch,Patriarch,S,2,族长
patron,Patron,S,0,弹药筒
patron,Patron,S,1,子弹壳
patrouille,Patrouille,S,0,巡逻
patzer,Patzer,S,0,失误
pausen,pausen,V,0,晒图
pedal,Pedal,S,0,脚蹬
pedal,Pedal,S,1,脚踏
pedal,Pedal,S,2,踏脚
peitsche,Peitsche,S,0,鞭子
peitsche,Peitsche,S,1,鞭
pendant,Pendant,S,0,挂件
pendant,Pendant,S,1,悬挂物
pendant,Pendant,S,2,下垂物
pendant,Pendant,S,3,对称物
pendant,Pendant,S,4,悬饰
pendel,Pendel,S,0,钟摆
pendel,Pendel,S,1,单摆
pendel,Pendel,S,2,摆锤
pendel,Pendel,S,3,摆
pendler,Pendler,S,0,通勤者
penis,Penis,S,0,阳物
penis,Penis,S,1,阴茎
penner,Penner,S,0,要饭
penner,Penner,S,1,乞丐
penner,Penner,S,2,流浪汉
penner,Penner,S,3,叫化子
pensionierung,Pensionierung,S,0,退役
pentagon,Pentagon,S,0,五角形
pentagon,Pentagon,S,1,五角大楼
penthouse,Penthouse,S,0,阁楼
perfektion,Perfektion,S,0,化境
peripherie,Peripherie,S,0,周边
peripherie,Peripherie,S,1,外围
permanent,permanent,Adj,0,长期地
permanent,permanent,Adj,1,常住
permanent,permanent,Adj,2,不变
personalabteilung,Personalabteilung,S,0,人力资源部
personalabteilung,Personalabteilung,S,1,人事部门
personalausweis,Personalausweis,S,0,身份证
personalkosten,Personalkosten,S,0,人工费
personalkosten,Personalkosten,S,1,工资成本
personalkosten,Personalkosten,S,2,薪水支出
personalkosten,Personalkosten,S,3,劳工成本
personenkreis,Personenkreis,S,0,圈子
personenkreis,Personenkreis,S,1,社交圈子
personenkreis,Personenkreis,S,2,关系网
personenkreis,Personenkreis,S,3,人际圈子
personenverkehr,Personenverkehr,S,0,客运
personenverkehr,Personenverkehr,S,1,旅客运输
perspektive,Perspektive,S,0,视角
perspektive,Perspektive,S,1,远景
perspektive,Perspektive,S,2,小望远镜
perspektive,Perspektive,S,3,先见之明
perspektive,Perspektive,S,4,透视
pervers,pervers,Adj,0,卷曲
pervers,pervers,Adj,1,倒错
perücke,Perücke,S,0,假发
perücke,Perücke,S,1,头套
perücke,Perücke,S,2,鬄
pesto,Pesto,S,0,青酱
petersilie,Petersilie,S,0,香芹
petersilie,Petersilie,S,1,皱叶欧芹
petersilie,Petersilie,S,2,欧芹
petersilie,Petersilie,S,3,荷兰芹
petition,Petition,S,0,申请书
petition,Petition,S,1,请愿
petition,Petition,S,2,请愿书
pfad,Pfad,S,0,小道
pfad,Pfad,S,1,小路
pfad,Pfad,S,2,路径
pfad,Pfad,S,3,小径
pfadfinder,Pfadfinder,S,0,侦察者
pfadfinder,Pfadfinder,S,1,侦察兵
pfadfinder,Pfadfinder,S,2,寻路人
pfadfinder,Pfadfinder,S,3,新路开拓者
pfadfinder,Pfadfinder,S,4,童子军
pfadfinder,Pfadfinder,S,5,开创者
pfadfinder,Pfadfinder,S,6,开路先锋
pfahl,Pfahl,S,0,樴
pfahl,Pfahl,S,1,桩
pfand,Pfand,S,0,质权
pfand,Pfand,S,1,抵押款
pfand,Pfand,S,2,典当品
pfand,Pfand,S,3,押金
pfand,Pfand,S,4,质押
pfanne,Pfanne,S,0,酒罐
pfanne,Pfanne,S,1,平底锅
pfau,Pfau,S,0,孔雀
pfefferspray,Pfefferspray,S,0,胡椒喷雾
pfeiler,Pfeiler,S,0,樘
pfeiler,Pfeiler,S,1,基柱
pfeiler,Pfeiler,S,2,台柱
pferde,Pferde,S,0,马科
pfiff,Pfiff,S,0,尖叫声
pfirsich,Pfirsich,S,0,桃子
pflanzenwelt,Pflanzenwelt,S,0,花神
pflanzenwelt,Pflanzenwelt,S,1,植物区系
pflaume,Pflaume,S,0,西梅
pflaume,Pflaume,S,1,李子
pflaume,Pflaume,S,2,坆
pflegeheim,Pflegeheim,S,0,安老院
pflegeheim,Pflegeheim,S,1,老人院
pfleger,Pfleger,S,0,男护士
pfleger,Pfleger,S,1,监护人
pfleger,Pfleger,S,2,护理员
pfleger,Pfleger,S,3,女护理员
pflegeversicherung,Pflegeversicherung,S,0,护理保险
pflug,Pflug,S,0,犁
pflug,Pflug,S,1,䥯
pflug,Pflug,S,2,耤
pforte,Pforte,S,0,端
pfütze,Pfütze,S,0,水洼
pfütze,Pfütze,S,1,和泥浆
pharmaindustrie,Pharmaindustrie,S,0,制药业
pharmaindustrie,Pharmaindustrie,S,1,制药产业
pharmaindustrie,Pharmaindustrie,S,2,医药工业
philologie,Philologie,S,0,文献学
philologie,Philologie,S,1,文字学
philosoph,Philosoph,S,0,哲学家
phishing,Phishing,S,0,钓鱼式攻击
phosphat,Phosphat,S,0,磷酸盐
phosphat,Phosphat,S,1,磷酸酯
phosphat,Phosphat,S,2,磷酸矿物
phosphor,Phosphor,S,0,燐
phrase,Phrase,S,0,空话
phrase,Phrase,S,1,惯用语
phrase,Phrase,S,2,片语
physiker,Physiker,S,0,物理学家
physiologie,Physiologie,S,0,生理学
physiotherapie,Physiotherapie,S,0,物理疗法
physiotherapie,Physiotherapie,S,1,理疗
physiotherapie,Physiotherapie,S,2,物理治疗
phänomenal,phänomenal,Adj,0,不寻常
phönix,Phönix,S,0,凰
phönix,Phönix,S,1,凤
phönix,Phönix,S,2,不死鸟
phönix,Phönix,S,3,丹鸟
phönix,Phönix,S,4,鷟
pickel,Pickel,S,0,垯
pickel,Pickel,S,1,疙瘩
picknick,Picknick,S,0,野餐
picknick,Picknick,S,1,郊游
pilger,Pilger,S,0,香客
pillen,Pillen,S,0,丹丸
pilotprojekt,Pilotprojekt,S,0,试验性项目
pilotprojekt,Pilotprojekt,S,1,试点
pilotprojekt,Pilotprojekt,S,2,试点项目
pilze,Pilze,S,0,蕈类
pilze,Pilze,S,1,霉
pimmel,Pimmel,S,0,鸡巴
pinguin,Pinguin,S,0,企鹅
pipeline,Pipeline,S,0,管道
pirat,Pirat,S,0,剽窃
pirat,Pirat,S,1,海盗
piste,Piste,S,0,采场
pixel,Pixel,S,0,象素点
pixel,Pixel,S,1,像素
plage,Plage,S,0,折磨
plage,Plage,S,1,劳累
plage,Plage,S,2,大灾
plage,Plage,S,3,天灾
plage,Plage,S,4,烦
plakette,Plakette,S,0,饰板
planer,Planer,S,0,计划者
planer,Planer,S,1,计划表
planer,Planer,S,2,规划人员
planetarium,Planetarium,S,0,天文馆
planlos,planlos,Adj,0,无目的
planlos,planlos,Adj,1,没有明确目标
planlos,planlos,Adj,2,无计划
plantage,Plantage,S,0,种植园
planwirtschaft,Planwirtschaft,S,0,计划经济
plasma,Plasma,S,0,等离子
plastiktüte,Plastiktüte,S,0,塑料袋
plastiktüte,Plastiktüte,S,1,塑胶袋
plastisch,plastisch,Adj,0,可成任何形状
plastisch,plastisch,Adj,1,直观
platin,Platin,S,0,白金
platt,platt,Adj,0,平淡无奇
platt,platt,Adj,1,扁平
plattenspieler,Plattenspieler,S,0,留声机
plausibel,plausibel,Adj,0,可以想象
plausibel,plausibel,Adj,1,可以理解
plugin,Plugin,S,0,插件
plump,plump,Adj,0,圆胖
plump,plump,Adj,1,浑圆
plural,Plural,S,0,众数
pluto,Pluto,S,0,冥王星
podcast,Podcast,S,0,播客
podiumsdiskussion,Podiumsdiskussion,S,0,合议
pokal,Pokal,S,0,高脚玻璃杯
poker,Poker,S,0,四条
poker,Poker,S,1,扑克
polarisiert,polarisiert,Adj,0,两极分化
polarisierung,Polarisierung,S,0,截然相反
polarisierung,Polarisierung,S,1,偏振
polarisierung,Polarisierung,S,2,极性
polieren,polieren,V,0,锃
polieren,polieren,V,1,擦亮
poliert,poliert,Adj,0,擦亮
politikerin,Politikerin,S,0,政治家
politikwissenschaftler,Politikwissenschaftler,S,0,政治学家
polizeibeamter,Polizeibeamter,S,0,干警
polizeibeamter,Polizeibeamter,S,1,警官
polizeibeamter,Polizeibeamter,S,2,警务员
polizeibeamter,Polizeibeamter,S,3,警务人员
polizeibeamter,Polizeibeamter,S,4,警务員
polizeiruf,Polizeiruf,S,0,报警电话
polizeisprecher,Polizeisprecher,S,0,警方发言人
polizeiwache,Polizeiwache,S,0,警局
polizeiwache,Polizeiwache,S,1,警察局
polizistin,Polizistin,S,0,女警官
polizistin,Polizistin,S,1,女警
polo,Polo,S,0,马球
poly,poly,Num,0,聚
pool,Pool,S,0,氹
pool,Pool,S,1,凼
popkultur,Popkultur,S,0,流行文化
population,Population,S,0,全域
population,Population,S,1,种群
pornografie,Pornografie,S,0,黄色书刊
pornografie,Pornografie,S,1,春宫画
pornografie,Pornografie,S,2,色情图片
pornografie,Pornografie,S,3,春画
port,Port,S,0,主动模式传送
portal,Portal,S,0,门架
portal,Portal,S,1,正门
portemonnaie,Portemonnaie,S,0,私囊
portemonnaie,Portemonnaie,S,1,皮夹子
portemonnaie,Portemonnaie,S,2,钱袋
portemonnaie,Portemonnaie,S,3,小皮夹子
portfolio,Portfolio,S,0,资产组合
portfolio,Portfolio,S,1,全部有价证券
porto,Porto,S,0,邮件资费
porto,Porto,S,1,邮费
portrait,Portrait,S,0,真容
portrait,Portrait,S,1,肖像
porträt,Porträt,S,0,人像摄影
porträt,Porträt,S,1,画像
porträt,Porträt,S,2,肖像画
porträt,Porträt,S,3,肖像
porträt,Porträt,S,4,人像
porträt,Porträt,S,5,自画像
posaune,Posaune,S,0,伸缩喇叭
pose,Pose,S,0,身段
posse,Posse,S,0,滑稽
posse,Posse,S,1,闹剧
posse,Posse,S,2,胡闹
posse,Posse,S,3,怪诞的事物
posse,Posse,S,4,趣剧
posse,Posse,S,5,滑稽剧
postamt,Postamt,S,0,邮政局
postamt,Postamt,S,1,邮局
postbank,Postbank,S,0,德国邮政银行
postbank,Postbank,S,1,邮政储蓄银行
postbank,Postbank,S,2,邮政银行
postbank,Postbank,S,3,邮政储蓄所
postmoderne,Postmoderne,S,0,后现代
postmoderne,Postmoderne,S,1,后现代主义
potenz,Potenz,S,0,势力
potenz,Potenz,S,1,强权
pott,Pott,S,0,罐
pragmatismus,Pragmatismus,S,0,实用主义
pranger,Pranger,S,0,颈手迦
pranger,Pranger,S,1,刑柱
pranger,Pranger,S,2,耻辱柱
prediger,Prediger,S,0,传道者
prediger,Prediger,S,1,传道书
preiserhöhung,Preiserhöhung,S,0,涨价
preiserhöhung,Preiserhöhung,S,1,提高价格
preisgeld,Preisgeld,S,0,奖金
preisniveau,Preisniveau,S,0,价格水平
preisniveau,Preisniveau,S,1,物价水平
preisträger,Preisträger,S,0,获奖者
preisträger,Preisträger,S,1,得奖者
preisvergleich,Preisvergleich,S,0,价格比较
preisverleihung,Preisverleihung,S,0,奖励
preisverleihung,Preisverleihung,S,1,授奖
pressefreiheit,Pressefreiheit,S,0,新闻自由
pressekonferenz,Pressekonferenz,S,0,记者发布会
pressekonferenz,Pressekonferenz,S,1,记者会
pressekonferenz,Pressekonferenz,S,2,新闻发布会
pressemitteilung,Pressemitteilung,S,0,新闻报道
pressemitteilung,Pressemitteilung,S,1,新闻公告
pressemitteilung,Pressemitteilung,S,2,圣诞夜消息
pressemitteilung,Pressemitteilung,S,3,综合报导
pressemitteilung,Pressemitteilung,S,4,圣诞夜通知
pressesprecher,Pressesprecher,S,0,新闻秘书
pressesprecher,Pressesprecher,S,1,通讯官
prestige,Prestige,S,0,威望
preview,Preview,S,0,预演
prime,Prime,S,0,质地
prime,Prime,S,1,质式
primitive,primitive,,0,原语
prinz,Prinz,S,0,皇子
prinz,Prinz,S,1,太子
prinz,Prinz,S,2,亲王
prior,Prior,S,0,小修道院院长
prise,Prise,S,0,袖口
prise,Prise,S,1,捏
prise,Prise,S,2,捏
prise,Prise,S,3,少数
prise,Prise,S,4,一把
prisma,Prisma,S,0,棱柱
prisma,Prisma,S,1,三棱镜
prisma,Prisma,S,2,棱柱体
prisma,Prisma,S,3,三稜镜
prisma,Prisma,S,4,棱镜
prisma,Prisma,S,5,棱形
privatbesitz,Privatbesitz,S,0,私有财产
privatbesitz,Privatbesitz,S,1,私人财产
privatbesitz,Privatbesitz,S,2,私家
privatdozent,Privatdozent,S,0,私人教师
privatdozent,Privatdozent,S,1,编外讲师
privateigentum,Privateigentum,S,0,私有财产
privateigentum,Privateigentum,S,1,私有土地
privateigentum,Privateigentum,S,2,私有制
privatisierung,Privatisierung,S,0,私有化
privatisierung,Privatisierung,S,1,民营化
privatrecht,Privatrecht,S,0,私法
privatrecht,Privatrecht,S,1,民法
privatsphäre,Privatsphäre,S,0,私人领域
privatsphäre,Privatsphäre,S,1,私人空间
privatwirtschaft,Privatwirtschaft,S,0,私有经济
privatwirtschaft,Privatwirtschaft,S,1,私人经济
probefahrt,Probefahrt,S,0,无限试驾
probefahrt,Probefahrt,S,1,试运行
proben,proben,V,0,测试
proben,proben,V,1,试用
proben,proben,V,2,排练
probezeit,Probezeit,S,0,试用期
probezeit,Probezeit,S,1,见习期
problemlos,problemlos,Adj,0,不用担心
problemlos,problemlos,Adj,1,没问题的
produktionskosten,Produktionskosten,S,0,生产费用
produktionsmittel,Produktionsmittel,S,0,生产资料
professionalisierung,Professionalisierung,S,0,职业化
professionell,professionell,Adj,0,专业上
professur,Professur,S,0,教授职位
professur,Professur,S,1,大学教席
professur,Professur,S,2,讲座教授
profi,Profi,S,0,专业人士
profilbild,Profilbild,S,0,剖面图像
profilbild,Profilbild,S,1,用户画像
profilieren,profilieren,V,0,使独具特色
profilieren,profilieren,V,1,描绘轮廓
profit,Profit,S,0,嬴利
profitabel,profitabel,Adj,0,裨
programmierer,Programmierer,S,0,计算机程序师
programmierer,Programmierer,S,1,程序员
programmiersprache,Programmiersprache,S,0,编程语言
programmiersprache,Programmiersprache,S,1,电脑语言
programmiersprache,Programmiersprache,S,2,程式语言
programmiersprache,Programmiersprache,S,3,程序设计语言
programmiert,programmiert,Adj,0,程序化了
programmierung,Programmierung,S,0,编写代码
progressiv,progressiv,Adj,0,先进
progressiv,progressiv,Adj,1,累进
projektion,Projektion,S,0,射影算子
projektion,Projektion,S,1,射影
projektion,Projektion,S,2,投影
projektleiter,Projektleiter,S,0,工程负责人
projektleiter,Projektleiter,S,1,项目经理
projektmanagement,Projektmanagement,S,0,项目管理
projektor,Projektor,S,0,投影仪
projektor,Projektor,S,1,电影放映员
proklamation,Proklamation,S,0,公布
prolog,Prolog,S,0,序幕
promenade,Promenade,S,0,木板路
promenade,Promenade,S,1,走道
prominente,Prominente,S,0,名人
prominente,Prominente,S,1,显要人物
prominente,Prominente,S,2,社会精英
prominente,Prominente,S,3,社交名流
pronomen,Pronomen,S,0,代副词
pronomen,Pronomen,S,1,代
prophezeiung,Prophezeiung,S,0,预兆
proportional,proportional,Adj,0,成比例
prostituierte,Prostituierte,S,0,烟花
prostituierte,Prostituierte,S,1,三陪
prostituierte,Prostituierte,S,2,妓女
prostituierte,Prostituierte,S,3,坐台小姐
prostituierte,Prostituierte,S,4,鋙
prostitution,Prostitution,S,0,出卖灵魂
prostitution,Prostitution,S,1,卖淫
protagonist,Protagonist,S,0,主角
protagonist,Protagonist,S,1,主演人
protagonist,Protagonist,S,2,主唱者
protagonist,Protagonist,S,3,先驱人物
protein,Protein,S,0,蛋白质
prothese,Prothese,S,0,加音法
prothese,Prothese,S,1,添字首音
prothese,Prothese,S,2,假肢
prothese,Prothese,S,3,弥补
prototyp,Prototyp,S,0,雏形机
prototyp,Prototyp,S,1,模范
provision,Provision,S,0,佣金
provisorisch,provisorisch,Adj,0,浮
provisorisch,provisorisch,Adj,1,临时
prozedere,Prozedere,S,0,程序
prozentual,prozentual,Adj,0,按百分比
prozession,Prozession,S,0,排队前进
prozession,Prozession,S,1,排队游行
prozession,Prozession,S,2,行列
prozession,Prozession,S,3,成队
prozessor,Prozessor,S,0,外理器
prozessor,Prozessor,S,1,处理机
prozessor,Prozessor,S,2,加工者
prozessor,Prozessor,S,3,处理器
prädikat,Prädikat,S,0,述语
präferenz,Präferenz,S,0,特许
prägnant,prägnant,Adj,0,简短
prägnant,prägnant,Adj,1,确切精辟
prägnant,prägnant,Adj,2,简洁
prägnant,prägnant,Adj,3,简明扼要
prägnant,prägnant,Adj,4,详略
prägnant,prägnant,Adj,5,富有意义
prägnant,prägnant,Adj,6,精练
präsentation,Präsentation,S,0,演讲
präsentation,Präsentation,S,1,样品说明书
präsentation,Präsentation,S,2,演示
präsidentenwahl,Präsidentenwahl,S,0,总统竞选
präsidentenwahl,Präsidentenwahl,S,1,总统大选
präsidentin,Präsidentin,S,0,女总统
präsidentschaft,Präsidentschaft,S,0,总统一职
präsidentschaft,Präsidentschaft,S,1,总裁职位
präsidentschaftskandidat,Präsidentschaftskandidat,S,0,总统候选人
präsidentschaftswahl,Präsidentschaftswahl,S,0,总统竞选
prävention,Prävention,S,0,防范
prävention,Prävention,S,1,预防
präzise,präzise,Adj,0,准确
prüfstand,Prüfstand,S,0,试验台
prüfung,Prüfung,S,0,测验
prügel,Prügel,S,0,棍
prügel,Prügel,S,1,大头棒
prügelei,Prügelei,S,0,殴打撕打
psalm,Psalm,S,0,赞美诗
psalm,Psalm,S,1,圣歌
pseudonym,pseudonym,Adj,0,用笔名
pseudonym,pseudonym,Adj,1,化名
pseudonym,pseudonym,Adj,2,用假名
psyche,Psyche,S,0,心理
psychiatrie,Psychiatrie,S,0,精神病学
psychiatrie,Psychiatrie,S,1,精神科
psychiatrie,Psychiatrie,S,2,精神病治疗法
psychoanalyse,Psychoanalyse,S,0,精神分析学
psychoanalyse,Psychoanalyse,S,1,心理分析
psychoanalyse,Psychoanalyse,S,2,精神分析
psychologe,Psychologe,S,0,心理学家
psychologe,Psychologe,S,1,精神学家
psychopath,Psychopath,S,0,精神病患者
psychose,Psychose,S,0,思觉失调
psychotherapeut,Psychotherapeut,S,0,精神治疗医师
psychotherapie,Psychotherapie,S,0,心理疗法
psychotherapie,Psychotherapie,S,1,心理治疗
psychotherapie,Psychotherapie,S,2,精神疗法
pub,Pub,S,0,客栈
pub,Pub,S,1,酒馆
pubertät,Pubertät,S,0,性成熟期
pubertät,Pubertät,S,1,发身
publizist,Publizist,S,0,国际法学家
publizist,Publizist,S,1,政治评论家
publizist,Publizist,S,2,广告员
publizist,Publizist,S,3,时事评论员
publizist,Publizist,S,4,政治记者
pudding,Pudding,S,0,布丁
puff,Puff,S,0,用肘轻推
puff,Puff,S,1,妓院
puff,Puff,S,2,用肘轻撞
puffer,Puffer,S,0,消音器
puffer,Puffer,S,1,缓冲器
puffer,Puffer,S,2,减震器
pult,Pult,S,0,诵经台
pult,Pult,S,1,仪表台
pult,Pult,S,2,书桌
pult,Pult,S,3,桌
puma,Puma,S,0,美洲狮
pur,pur,Adj,0,未掺假
putsch,Putsch,S,0,叛乱
putzfrau,Putzfrau,S,0,清洁女工
putzfrau,Putzfrau,S,1,女佣
puzzle,Puzzle,S,0,拼图玩具
puzzle,Puzzle,S,1,拼图
pyjama,Pyjama,S,0,睡衣裤
pyramide,Pyramide,S,0,棱锥体
pyramide,Pyramide,S,1,角锥体
pyramide,Pyramide,S,2,稜锥体
pyramide,Pyramide,S,3,金字塔
pyramide,Pyramide,S,4,棱锥
pyramide,Pyramide,S,5,稜锥
pyramide,Pyramide,S,6,角锥
pächter,Pächter,S,0,佃户
pächter,Pächter,S,1,租地人
pächter,Pächter,S,2,雇农
pächter,Pächter,S,3,农场雇工
pädophile,Pädophile,S,0,恋童者
pädophilie,Pädophilie,S,0,恋童癖
pädophilie,Pädophilie,S,1,恋童症
pöbel,Pöbel,S,0,下三赖
pöbel,Pöbel,S,1,暴民
pöbel,Pöbel,S,2,下层民众
pöbel,Pöbel,S,3,流氓
pöbel,Pöbel,S,4,群众
quad,Quad,S,0,全地形车
quadratisch,quadratisch,Adj,0,见方
quadratisch,quadratisch,Adj,1,正方
qualitätskontrolle,Qualitätskontrolle,S,0,质量控制
qualitätskontrolle,Qualitätskontrolle,S,1,质量监督
qualitätskontrolle,Qualitätskontrolle,S,2,品质检验
qualitätsmanagement,Qualitätsmanagement,S,0,质量管理
qualitätssicherung,Qualitätssicherung,S,0,质量保证
qualitätssicherung,Qualitätssicherung,S,1,质量保障
quantitativ,quantitativ,Adj,0,量
quantum,Quantum,S,0,量
quantum,Quantum,S,1,份量
quantum,Quantum,S,2,分配量
quarantäne,Quarantäne,S,0,隔离
quarantäne,Quarantäne,S,1,检疫
quarantäne,Quarantäne,S,2,隔离检疫
quark,Quark,S,0,拒绝
quark,Quark,S,1,夸克
quark,Quark,S,2,无关紧要
quartal,Quartal,S,0,季度
quartier,Quartier,S,0,居民区
quartier,Quartier,S,1,住宅区
quartier,Quartier,S,2,营地
quatsch,Quatsch,S,0,蠢事
queer,queer,Adj,0,奇特
quell,Quell,S,0,索尔斯
quell,Quell,S,1,泉源
quetschen,quetschen,V,0,封压
quiz,Quiz,S,0,测验
quiz,Quiz,S,1,竞猜
rabatt,Rabatt,S,0,打折
rabatt,Rabatt,S,1,津贴
rabe,Rabe,S,0,乌鸦
rabe,Rabe,S,1,如乌鸦
rachen,Rachen,S,0,嗌
rachen,Rachen,S,1,深渊
rachen,Rachen,S,2,咽喉
rachen,Rachen,S,3,咽头
radeln,radeln,V,0,骑自行车
radikalisierung,Radikalisierung,S,0,过激
radikalisierung,Radikalisierung,S,1,极端化
radikalisierung,Radikalisierung,S,2,激进
radikalisierung,Radikalisierung,S,3,激进化
radiosender,Radiosender,S,0,广播电台
radius,Radius,S,0,半径
radsport,Radsport,S,0,骑自行车运动
radsport,Radsport,S,1,骑脚踏车兜风
radsport,Radsport,S,2,骑脚踏车消遣
radtour,Radtour,S,0,骑自行车旅游
radweg,Radweg,S,0,单车径
radweg,Radweg,S,1,自行车道
raffinerie,Raffinerie,S,0,提炼厂
raffinerie,Raffinerie,S,1,提炼设备
raffinerie,Raffinerie,S,2,炼制厂
raffinerie,Raffinerie,S,3,精炼厂
raffinerie,Raffinerie,S,4,炼油厂
raffiniert,raffiniert,Adj,0,提纯
raffiniert,raffiniert,Adj,1,诡计多端
raffiniert,raffiniert,Adj,2,狡
raffiniert,raffiniert,Adj,3,炼制
rahmenbedingungen,Rahmenbedingungen,S,0,框架条件
raiffeisenbank,Raiffeisenbank,S,0,赖夫艾森银行
rain,Rain,S,0,町畦
raketen,Raketen,S,0,火箭
rallye,Rallye,S,0,拉力赛
rampenlicht,Rampenlicht,S,0,脚灯
rampenlicht,Rampenlicht,S,1,注意力焦点
randale,Randale,S,0,骚扰闹事
ranking,Ranking,S,0,排名
rar,rar,Adj,0,稀少
rasant,rasant,Adv,0,急遽
rasenmäher,Rasenmäher,S,0,草坪割草机
rasenmäher,Rasenmäher,S,1,剪草机
rasenmäher,Rasenmäher,S,2,刈草机
rasenmäher,Rasenmäher,S,3,割草机
raser,Raser,S,0,超速者
raser,Raser,S,1,飞车手
raser,Raser,S,2,疾驰者
raserei,Raserei,S,0,恼怒
raserei,Raserei,S,1,大发脾气
rasiert,rasiert,Adj,0,刮了
rasiert,rasiert,Adj,1,刮毛
raster,Raster,S,0,经纬线
raster,Raster,S,1,光栅
raster,Raster,S,2,网屏
rating,Rating,S,0,资信评级
rating,Rating,S,1,信用评级
rating,Rating,S,2,客户信贷分类
ratsherr,Ratsherr,S,0,理事
raubüberfall,Raubüberfall,S,0,拦路抢劫
rauchmelder,Rauchmelder,S,0,烟雾探测器
rauchverbot,Rauchverbot,S,0,禁烟
raumtemperatur,Raumtemperatur,S,0,室温
raumtemperatur,Raumtemperatur,S,1,室内温度
raupe,Raupe,S,0,履带架
raupe,Raupe,S,1,蠖
raupe,Raupe,S,2,蠋
raupe,Raupe,S,3,毛毛虫
raupe,Raupe,S,4,毛虫
raupe,Raupe,S,5,蜀
raupe,Raupe,S,6,履带式车辆
rauswerfen,rauswerfen,V,0,拒绝
rauswerfen,rauswerfen,V,1,除掉
rauswerfen,rauswerfen,V,2,黜
rauswerfen,rauswerfen,V,3,踢开
raute,Raute,S,0,菱形
raymond,Raymond,S,0,雷蒙德
razzia,Razzia,S,0,缉查
razzia,Razzia,S,1,搜捕
reaktionszeit,Reaktionszeit,S,0,响应时间
reaktionszeit,Reaktionszeit,S,1,反应时间
realisierbar,realisierbar,Adj,0,可实现
realisierbar,realisierbar,Adj,1,切实可行
realisierbar,realisierbar,Adj,2,可变现
realisierbar,realisierbar,Adj,3,可出售
realisiert,realisiert,Adj,0,变现
realisiert,realisiert,Adj,1,生效
realität,Realität,S,0,现实
realschule,Realschule,S,0,实科中学
rebellen,Rebellen,S,0,乱党
rebellen,Rebellen,S,1,乱民
rechen,Rechen,S,0,朳
rechenzentrum,Rechenzentrum,S,0,计算机中心
recherche,Recherche,S,0,调查研究
rechnungshof,Rechnungshof,S,0,审计署
rechnungswesen,Rechnungswesen,S,0,会计学
rechnungswesen,Rechnungswesen,S,1,会计
rechte,Rechte,S,0,公正
rechtsberatung,Rechtsberatung,S,0,法律咨询
rechtsberatung,Rechtsberatung,S,1,律师建议
rechtsberatung,Rechtsberatung,S,2,法律建议
rechtschreibfehler,Rechtschreibfehler,S,0,拼写错误
rechtsextrem,rechtsextrem,Adj,0,右翼极端分子
rechtsextrem,rechtsextrem,Adj,1,极右的
rechtsextreme,Rechtsextreme,S,0,极右派
rechtsextremismus,Rechtsextremismus,S,0,右翼极端主义
rechtsgeschichte,Rechtsgeschichte,S,0,法制史
rechtslage,Rechtslage,S,0,法律情况
rechtsmittel,Rechtsmittel,S,0,控诉
rechtsmittel,Rechtsmittel,S,1,上诉
rechtsordnung,Rechtsordnung,S,0,法律体系
rechtsordnung,Rechtsordnung,S,1,法律秩序
rechtsprechung,Rechtsprechung,S,0,判决权
rechtsprechung,Rechtsprechung,S,1,司法判决
rechtsprechung,Rechtsprechung,S,2,司法权
rechtsprechung,Rechtsprechung,S,3,审判工作
rechtsprechung,Rechtsprechung,S,4,司法
rechtsprechung,Rechtsprechung,S,5,判例
rechtsschutz,Rechtsschutz,S,0,司法保护
rechtsschutz,Rechtsschutz,S,1,维权
rechtssicherheit,Rechtssicherheit,S,0,正当法律程序
rechtsstaat,Rechtsstaat,S,0,法治
rechtsstaat,Rechtsstaat,S,1,法制国
rechtsstaatlichkeit,Rechtsstaatlichkeit,S,0,法律统治
rechtsstreit,Rechtsstreit,S,0,诉讼
rechtssystem,Rechtssystem,S,0,法律体系
rechtssystem,Rechtssystem,S,1,裁决体系
rechtssystem,Rechtssystem,S,2,法律制度
rechtssystem,Rechtssystem,S,3,法制
rechtsvorschriften,Rechtsvorschriften,S,0,法治建设
rechtsweg,Rechtsweg,S,0,法律途径
rechtswidrig,rechtswidrig,Adj,0,违法
rechtswissenschaft,Rechtswissenschaft,S,0,法律科学
reck,Reck,S,0,轼
reck,Reck,S,1,杠
reck,Reck,S,2,杠
reduktion,Reduktion,S,0,还原
reduktion,Reduktion,S,1,降级
reduktion,Reduktion,S,2,换算
reederei,Reederei,S,0,航运公司
referendum,Referendum,S,0,公民投票
referendum,Referendum,S,1,全民投票
reformation,Reformation,S,0,宗教改革
reformer,Reformer,S,0,宗教改革者
reformer,Reformer,S,1,改革者
reformer,Reformer,S,2,改良家
regale,Regale,S,0,档
regelfall,Regelfall,S,0,规章
regeneration,Regeneration,S,0,重新生成
regenfälle,Regenfälle,S,0,下雨降雨
regent,Regent,S,0,摄政员
regent,Regent,S,1,主宰者
regent,Regent,S,2,摄政王
regentschaft,Regentschaft,S,0,摄政
regentschaft,Regentschaft,S,1,摄政权
regentschaft,Regentschaft,S,2,摄政统治区
regentschaft,Regentschaft,S,3,摄政统治
regenwald,Regenwald,S,0,雨林
regenzeit,Regenzeit,S,0,雨季
reggae,Reggae,S,0,雷鬼
regierungschef,Regierungschef,S,0,首相
regime,Regime,S,0,统治
regiment,Regiment,S,0,一群
regiment,Regiment,S,1,一团
regiment,Regiment,S,2,团
regionalbahn,Regionalbahn,S,0,区域铁路
regionalverkehr,Regionalverkehr,S,0,区域交通
register,Register,S,0,簿
register,Register,S,1,寄存器
register,Register,S,2,档案保管处
register,Register,S,3,目录清单
registrierung,Registrierung,S,0,读数挂号
registrierung,Registrierung,S,1,登记挂号
regler,Regler,S,0,稳定器
reguliert,reguliert,Adj,0,规范性
regulierung,Regulierung,S,0,通则
regulierung,Regulierung,S,1,程
regulierung,Regulierung,S,2,规章
regulär,regulär,Adj,0,有规则
regulär,regulär,Adj,1,惯常
regulär,regulär,Adj,2,端
regulär,regulär,Adj,3,例行
regulär,regulär,Adj,4,正规
regulär,regulär,Adj,5,正则
reh,Reh,S,0,鹿肉
reh,Reh,S,1,小鹿
reibung,Reibung,S,0,摩擦力
reibung,Reibung,S,1,争执
reibung,Reibung,S,2,磨擦
reibung,Reibung,S,3,摩擦
reibungslos,reibungslos,Adj,0,畅通
reibungslos,reibungslos,Adj,1,自如
reichsstadt,Reichsstadt,S,0,阙
reichweite,Reichweite,S,0,有效距离
reichweite,Reichweite,S,1,可到达的范围
reichweite,Reichweite,S,2,蔇
reichweite,Reichweite,S,3,作用半径
reim,Reim,S,0,诗韵
reim,Reim,S,1,律诗
reim,Reim,S,2,押韵
reim,Reim,S,3,韵脚
reim,Reim,S,4,韵
reisebericht,Reisebericht,S,0,游记
reisebericht,Reisebericht,S,1,旅行见闻报道
reiseführer,Reiseführer,S,0,導遊手冊
reiseführer,Reiseführer,S,1,旅行指南
reiseführer,Reiseführer,S,2,向导
reiseführer,Reiseführer,S,3,讲解员
reisekosten,Reisekosten,S,0,旅游开销
reisekosten,Reisekosten,S,1,差旅费
reisekosten,Reisekosten,S,2,旅行花费
reisekosten,Reisekosten,S,3,旅费
reisepass,Reisepass,S,0,旅游护照
reisepass,Reisepass,S,1,旅行护照
reisezeit,Reisezeit,S,0,旅游旺季
reisezeit,Reisezeit,S,1,旅游季节
reiseziel,Reiseziel,S,0,旅游的
reiseziel,Reiseziel,S,1,到站
reiseziel,Reiseziel,S,2,要去的地方
reizvoll,reizvoll,Adj,0,吸引人
reizvoll,reizvoll,Adj,1,有风味
rekonstruktion,Rekonstruktion,S,0,重建
rekonstruktion,Rekonstruktion,S,1,再建
rekonstruktion,Rekonstruktion,S,2,重构
rekonstruktion,Rekonstruktion,S,3,追溯回溯
rekrutierung,Rekrutierung,S,0,招募新兵
relais,Relais,S,0,继电器
relation,Relation,S,0,关系
relevant,relevant,Adj,0,意义重大
relevant,relevant,Adj,1,关系重大
religionsfreiheit,Religionsfreiheit,S,0,宗教自由
religionsfreiheit,Religionsfreiheit,S,1,信教自由
relikt,Relikt,S,0,圣骨
relikt,Relikt,S,1,遗迹
relikt,Relikt,S,2,遗宝
relikt,Relikt,S,3,遗风
relikt,Relikt,S,4,遗骨
relikt,Relikt,S,5,圣人的遗物
relikt,Relikt,S,6,纪念品
relikt,Relikt,S,7,留念
relikt,Relikt,S,8,剩馀物
remis,Remis,S,0,和棋
remis,Remis,S,1,和局
remis,Remis,S,2,平局
remis,Remis,S,3,平棋
ren,Ren,S,0,驯鹿属
renaissance,Renaissance,S,0,文艺复兴
renaissance,Renaissance,S,1,文艺复兴时期
rendezvous,Rendezvous,S,0,约定的地方
rennbahn,Rennbahn,S,0,跑馬塲
rennrad,Rennrad,S,0,跑车
rennrad,Rennrad,S,1,赛车
rennstrecke,Rennstrecke,S,0,跑道
rennstrecke,Rennstrecke,S,1,赛道
rennwagen,Rennwagen,S,0,飞车
renovierung,Renovierung,S,0,整修
renovierung,Renovierung,S,1,刷新
renovierung,Renovierung,S,2,整建
renovierung,Renovierung,S,3,修缮
rentenversicherung,Rentenversicherung,S,0,养老保险
reorganisation,Reorganisation,S,0,重组
reorganisation,Reorganisation,S,1,整编
repariert,repariert,Adj,0,修补
replik,Replik,S,0,回复
reproduktion,Reproduktion,S,0,再生
repräsentation,Repräsentation,S,0,交际
repräsentation,Repräsentation,S,1,应酬
reptilien,Reptilien,S,0,爬行动物
republikaner,Republikaner,S,0,共和党人
republikaner,Republikaner,S,1,共和党
reputation,Reputation,S,0,美名
reputation,Reputation,S,1,名声
reputation,Reputation,S,2,声望
reputation,Reputation,S,3,名望
reputation,Reputation,S,4,名誉
reservat,Reservat,S,0,禁猎区
reserven,Reserven,S,0,公积金
reserven,Reserven,S,1,蕴藏量
reservierung,Reservierung,S,0,预定
reservierung,Reservierung,S,1,保留
residenz,Residenz,S,0,下榻
residenz,Residenz,S,1,住宅
resistent,resistent,Adj,0,抗病
respektiert,respektiert,Adj,0,受尊敬
respektive,respektive,Konj,0,说得确切一些
respektlos,respektlos,Adj,0,轻慢
respektlos,respektlos,Adj,1,不尊敬
respektlos,respektlos,Adj,2,忤
respektlos,respektlos,Adj,3,失礼
respektlos,respektlos,Adj,4,不尊重
respektlos,respektlos,Adj,5,不成敬意
respektvoll,respektvoll,Adj,0,恭敬
ressourcen,Ressourcen,S,0,资源
resümee,Resümee,S,0,纪要
resümee,Resümee,S,1,总结
retrospektive,Retrospektive,S,0,回顾展
retter,Retter,S,0,救星
retter,Retter,S,1,救赎者
retter,Retter,S,2,救主
retter,Retter,S,3,援助者
retter,Retter,S,4,救援者
rettungsaktion,Rettungsaktion,S,0,救护行动
rettungsaktion,Rettungsaktion,S,1,救援行动
rettungsdienst,Rettungsdienst,S,0,急救服务
rettungskräfte,Rettungskräfte,S,0,救援人员
rettungssanitäter,Rettungssanitäter,S,0,救护员
rettungssanitäter,Rettungssanitäter,S,1,救援人员
rettungswagen,Rettungswagen,S,0,救伤车
rettungswagen,Rettungswagen,S,1,救护车
revidiert,revidiert,Adj,0,校订
revier,Revier,S,0,林区
revier,Revier,S,1,矿区
review,Review,S,0,评审
review,Review,S,1,回放
revision,Revision,S,0,再审
revision,Revision,S,1,审计
rezension,Rezension,S,0,文艺评论
rezension,Rezension,S,1,评论
rezeptfrei,rezeptfrei,Adj,0,无须处方
rezeptfrei,rezeptfrei,Adj,1,非处方
rezeption,Rezeption,S,0,接待区
rezeption,Rezeption,S,1,旅馆接待处
rezeption,Rezeption,S,2,旅馆服务台
rezession,Rezession,S,0,衰退
rezession,Rezession,S,1,经济萧条
rezession,Rezession,S,2,经济衰退
rheinisch,rheinisch,Adj,0,莱茵河地区
rheinländer,Rheinländer,S,0,莱茵兰德
rhetorisch,rhetorisch,Adj,0,讲究修辞
rhetorisch,rhetorisch,Adj,1,雄辩
rheuma,Rheuma,S,0,风湿病
rheuma,Rheuma,S,1,风湿
rhythmisch,rhythmisch,Adj,0,有周期
rhythmisch,rhythmisch,Adj,1,旋律
rhythmisch,rhythmisch,Adj,2,有节奏地
rhythmisch,rhythmisch,Adj,3,有节奏
rhythmisch,rhythmisch,Adj,4,合辙
rhythmisch,rhythmisch,Adj,5,有韵律
riesenrad,Riesenrad,S,0,铁轮
riesenrad,Riesenrad,S,1,摩天轮
riesenslalom,Riesenslalom,S,0,大型回转
riff,Riff,S,0,礁石
riff,Riff,S,1,礁
riff,Riff,S,2,暗沙
rinder,Rinder,S,0,牛亚科
rindfleisch,Rindfleisch,S,0,牛肉
ringe,Ringe,S,0,指环
ringe,Ringe,S,1,戒指
rinne,Rinne,S,0,沟道
rippe,Rippe,S,0,排
rippe,Rippe,S,1,骨子
rippe,Rippe,S,2,肋
rippe,Rippe,S,3,肋骨
risikomanagement,Risikomanagement,S,0,风险管理
riskant,riskant,Adj,0,有风险
ritt,Ritt,S,0,骑马
ritt,Ritt,S,1,骑术
ritz,Ritz,S,0,裂隙
ritz,Ritz,S,1,抓痕
ritz,Ritz,S,2,搔痕
robben,robben,V,0,爬行
robben,robben,V,1,四脚爬行
robben,robben,V,2,鳍足亚目
robe,Robe,S,0,袍子
robe,Robe,S,1,礼袍
robe,Robe,S,2,袢
robin,Robin,S,0,知更鸟
robot,Robot,S,0,徭役
robust,robust,Adj,0,耐用
robust,robust,Adj,1,佶
robust,robust,Adj,2,耐劳
robust,robust,Adj,3,结构结实
rolex,Rolex,,0,劳力士
rollenspiel,Rollenspiel,S,0,角色扮演
roller,Roller,S,0,翻卷过来的浪
roller,Roller,S,1,大浪
rollstuhl,Rollstuhl,S,0,轮椅车
rollstuhl,Rollstuhl,S,1,轮椅
rollstuhlfahrer,Rollstuhlfahrer,S,0,坐轮椅的人
rolltreppe,Rolltreppe,S,0,滚梯
rolltreppe,Rolltreppe,S,1,自动楼梯
rolltreppe,Rolltreppe,S,2,自动升降扶梯
rolltreppe,Rolltreppe,S,3,自动梯
romanze,Romanze,S,0,抒情叙事诗
romanze,Romanze,S,1,罗曼史
romanze,Romanze,S,2,罗曼语系
romanze,Romanze,S,3,想入非非
romanze,Romanze,S,4,浪漫歌曲
romanze,Romanze,S,5,虚构
romanze,Romanze,S,6,幻想小说
romanze,Romanze,S,7,风流事迹
rosenkranz,Rosenkranz,S,0,玫瑰经
rosenkranz,Rosenkranz,S,1,咒文
rosenkranz,Rosenkranz,S,2,玫瑰园
rosette,Rosette,S,0,蔷薇花饰
rosette,Rosette,S,1,装饰圆窗
rosette,Rosette,S,2,蔷薇结
ross,Ross,S,0,骏马
rotwein,Rotwein,S,0,红葡萄酒
rotwein,Rotwein,S,1,红酒
rouge,Rouge,S,0,胭脂
roulette,Roulette,S,0,轮盘赌
route,Route,S,0,径路
route,Route,S,1,旅程
route,Route,S,2,路径
router,Router,S,0,路由器
router,Router,S,1,在网络内部
rubel,Rubel,S,0,卢布
rubrik,Rubrik,S,0,红色印刷
rubrik,Rubrik,S,1,红字
rugby,Rugby,S,0,橄榄球
ruhestätte,Ruhestätte,S,0,休息区
ruhr,Ruhr,S,0,痢疾
ruinen,Ruinen,S,0,墟
ruiniert,ruiniert,Adj,0,毁损
ruiniert,ruiniert,Adj,1,敝
rum,Rum,S,0,兰姆酒
rummel,Rummel,S,0,狂欢
rummel,Rummel,S,1,瞎搞
rummel,Rummel,S,2,开心
rummel,Rummel,S,3,欢喜
rummel,Rummel,S,4,胡闹
rumpf,Rumpf,S,0,躯干
runden,runden,V,0,循环
runden,runden,V,1,弄圆
runden,runden,V,2,圆形
runden,runden,V,3,各个方向
runden,runden,V,4,圆圈
rundreise,Rundreise,S,0,环游
runen,Runen,,0,如尼字母
runter,runter,Adv,0,往下
runterladen,runterladen,V,0,载运
russe,Russe,S,0,俄国人
russe,Russe,S,1,俄罗斯人
russin,Russin,S,0,俄罗斯人
rute,Rute,S,0,楚
rutsch,Rutsch,S,0,斜道
rutsche,Rutsche,S,0,滑梯
rutsche,Rutsche,S,1,滑槽
rutsche,Rutsche,S,2,溜滑梯
rutschen,rutschen,V,0,滑下
rutschen,rutschen,V,1,滑落
ryanair,Ryanair,,0,瑞安航空公司
räumung,Räumung,S,0,疏散
räumung,Räumung,S,1,清出
röcke,Röcke,S,0,裳
rötlich,rötlich,Adj,0,微红
rötlich,rötlich,Adj,1,带红色
rötlich,rötlich,Adj,2,红扑扑
rötlich,rötlich,Adj,3,略带红色
rübe,Rübe,S,0,厚颜无耻
rübe,Rübe,S,1,甜菜根
rückblickend,rückblickend,Adj,0,回历
rückblickend,rückblickend,Adj,1,怀旧
rückblickend,rückblickend,Adj,2,回想
rückerstattung,Rückerstattung,S,0,返还
rückerstattung,Rückerstattung,S,1,归还
rückfall,Rückfall,S,0,老样子
rückfall,Rückfall,S,1,倒退
rückfall,Rückfall,S,2,返回运动
rückflug,Rückflug,S,0,回飞
rückflug,Rückflug,S,1,回程飞行
rückflug,Rückflug,S,2,飞回
rückflug,Rückflug,S,3,回程
rückführung,Rückführung,S,0,降级
rückgrat,Rückgrat,S,0,脊椎
rückkehrer,Rückkehrer,S,0,海归
rücknahme,Rücknahme,S,0,再循环
rückruf,Rückruf,S,0,回电话
rückruf,Rückruf,S,1,再拨一次电话
rückruf,Rückruf,S,2,回叫
rückruf,Rückruf,S,3,回调
rückschlüsse,Rückschlüsse,S,0,总结而论
rückschritt,Rückschritt,S,0,回到原来状态
rückschritt,Rückschritt,S,1,倒退
rückschritt,Rückschritt,S,2,后退
rücksichtnahme,Rücksichtnahme,S,0,体谅
rückwand,Rückwand,S,0,后墙
rückweg,Rückweg,S,0,归程
rückzahlung,Rückzahlung,S,0,退款
rückzahlung,Rückzahlung,S,1,归还
rüssel,Rüssel,S,0,长鼻
rüssel,Rüssel,S,1,尖形嘴
rüstungsindustrie,Rüstungsindustrie,S,0,军火工业
rüstungsindustrie,Rüstungsindustrie,S,1,国防工业
saarlouis,Saarlouis,,0,萨尔路易
sabbat,Sabbat,S,0,主日
sachbearbeiter,Sachbearbeiter,S,0,经办人
sachbeschädigung,Sachbeschädigung,S,0,刑事毁坏
sachbeschädigung,Sachbeschädigung,S,1,毁损
sachbuch,Sachbuch,S,0,写实作品
sachbuch,Sachbuch,S,1,纪实文学
sachbuch,Sachbuch,S,2,非虚构的故事
sachbuch,Sachbuch,S,3,科普读物
sachlage,Sachlage,S,0,实际情况
sachlichkeit,Sachlichkeit,S,0,实际性
sachlichkeit,Sachlichkeit,S,1,可实行
sachse,Sachse,S,0,撒克森人
sachverständiger,Sachverständiger,S,0,专业人士
saddam,Saddam,,0,萨达姆
saga,Saga,S,0,萨迦
saisonende,Saisonende,S,0,赛季结束
saisonende,Saisonende,S,1,季节结束
saite,Saite,S,0,腱
saite,Saite,S,1,琴弦
saite,Saite,S,2,弦
saite,Saite,S,3,球拍网线
sakrament,Sakrament,S,0,圣礼
salami,Salami,S,0,沙乐美
salami,Salami,S,1,沙乐美肠
salami,Salami,S,2,莎乐美肠
salami,Salami,S,3,萨拉米
salbe,Salbe,S,0,膏
salem,Salem,S,0,萨利姆
salto,Salto,S,0,空中跟斗
salzen,salzen,V,0,加盐了
salzen,salzen,V,1,加盐
salzen,salzen,V,2,放盐
salzwasser,Salzwasser,S,0,咸水
sammler,Sammler,S,0,收藏家
sammler,Sammler,S,1,贮液器
samstags,samstags,Adv,0,每星期六
samstags,samstags,Adv,1,星期六
samurai,Samurai,S,0,日本武士
samurai,Samurai,S,1,武士
sandalen,Sandalen,S,0,屦
sandalen,Sandalen,S,1,屝
sandkasten,Sandkasten,S,0,沙盒
sandkasten,Sandkasten,S,1,沙坑
sandkasten,Sandkasten,S,2,沙场
sandmann,Sandmann,S,0,沙人
sandmann,Sandmann,S,1,睡眠之精灵
sandstein,Sandstein,S,0,砂岩
sandstein,Sandstein,S,1,砺
sandstein,Sandstein,S,2,沙岩
sanitäter,Sanitäter,S,0,白衣战士
sanitäter,Sanitäter,S,1,救护员
sanitäter,Sanitäter,S,2,救急救命士
sanitäter,Sanitäter,S,3,救援人员
sanskrit,Sanskrit,S,0,梵语
sarkastisch,sarkastisch,Adj,0,带刺
sarkastisch,sarkastisch,Adj,1,尖刻
sarkastisch,sarkastisch,Adj,2,挖苦
satan,Satan,S,0,魔鬼
satiriker,Satiriker,S,0,讽刺诗作者
satiriker,Satiriker,S,1,讽刺家
sattler,Sattler,S,0,制造马鞍的人
saturn,Saturn,S,0,土星
satzzeichen,Satzzeichen,S,0,标点字符
satzzeichen,Satzzeichen,S,1,标点符号
sau,Sau,S,0,豝
sauberkeit,Sauberkeit,S,0,清洁
sauce,Sauce,S,0,酱
sauerkraut,Sauerkraut,S,0,德国酸菜
sauerkraut,Sauerkraut,S,1,酸泡菜
saum,Saum,S,0,衣服缝边
scan,Scan,S,0,扫描件
scanner,Scanner,S,0,扫描器
scanner,Scanner,S,1,扫描仪
scanner,Scanner,S,2,打描仪
schadenfreude,Schadenfreude,S,0,乐祸
schadenfreude,Schadenfreude,S,1,幸灾
schadensersatz,Schadensersatz,S,0,损失赔偿
schadensersatz,Schadensersatz,S,1,赔偿金
schadensersatz,Schadensersatz,S,2,损害赔偿
schadensersatz,Schadensersatz,S,3,赔款
schafe,Schafe,S,0,羊属
schaffner,Schaffner,S,0,售票员
schaft,Schaft,S,0,胫
schalen,schalen,V,0,不新鲜
schalen,schalen,V,1,缺少风味
schalen,schalen,V,2,没有味道
schalen,schalen,V,3,空洞
schamlippen,Schamlippen,S,0,小阴唇
schamlippen,Schamlippen,S,1,阴唇
schamlippen,Schamlippen,S,2,屄
schamlos,schamlos,Adj,0,恬不知耻
schamlos,schamlos,Adj,1,不耻
schamlos,schamlos,Adj,2,涎
schamlos,schamlos,Adj,3,无耻
schamlos,schamlos,Adj,4,觍
schamlos,schamlos,Adj,5,淫秽
schamlos,schamlos,Adj,6,问心无愧
scharfschütze,Scharfschütze,S,0,冷箭
scharia,Scharia,S,0,沙利亚
schatzkammer,Schatzkammer,S,0,珍宝馆
schatzkammer,Schatzkammer,S,1,集萃
schatzkammer,Schatzkammer,S,2,仓库
schau,Schau,S,0,见红
schauspielerin,Schauspielerin,S,0,女优
scheel,Scheel,Adj,0,斜视的
scheffel,Scheffel,S,0,蒲式耳
scheibenwischer,Scheibenwischer,S,0,雨刷
scheidung,Scheidung,S,0,离婚者
scheidung,Scheidung,S,1,离婚
scheinheilig,scheinheilig,Adj,0,伪善
scheinwerfer,Scheinwerfer,S,0,前灯
scheinwerfer,Scheinwerfer,S,1,头灯
scheitel,Scheitel,S,0,皮质
scheitel,Scheitel,S,1,头顶
scheiterhaufen,Scheiterhaufen,S,0,火刑
schelle,Schelle,S,0,手铐
schelle,Schelle,S,1,铃铛
schelm,Schelm,S,0,淘气鬼
schelm,Schelm,S,1,无赖
schelm,Schelm,S,2,爱开玩笑者
schelm,Schelm,S,3,流浪汉
schenke,Schenke,S,0,小酒馆
scheren,scheren,V,0,剃头
scheren,scheren,V,1,修剪
scheren,scheren,V,2,剪毛
scheren,scheren,V,3,剪短
scheren,scheren,V,4,推
scheren,scheren,V,5,一刀切
scherzhaft,scherzhaft,Adj,0,开玩笑地
scherzhaft,scherzhaft,Adj,1,打趣地
schichten,schichten,V,0,使成阶层
schichten,schichten,V,1,层状
schichten,schichten,V,2,一层层
schiedsgericht,Schiedsgericht,S,0,仲裁法庭
schiedsgericht,Schiedsgericht,S,1,仲裁法院
schiefer,Schiefer,S,0,板岩
schienen,schienen,V,0,照耀
schiffbau,Schiffbau,S,0,造船
schiffbau,Schiffbau,S,1,船舶制造
schiffer,Schiffer,S,0,海员
schiffer,Schiffer,S,1,水手
schiffer,Schiffer,S,2,掉抢
schiffer,Schiffer,S,3,舟子
schifffahrt,Schifffahrt,S,0,航运
schilddrüse,Schilddrüse,S,0,甲状腺
schildkröte,Schildkröte,S,0,玳
schildkröte,Schildkröte,S,1,亀
schildkröte,Schildkröte,S,2,乌龟
schimmel,Schimmel,S,0,白马
schimpfwort,Schimpfwort,S,0,脏话
schimpfwort,Schimpfwort,S,1,骂人的话
schimpfwort,Schimpfwort,S,2,骂人话
schimpfwort,Schimpfwort,S,3,脏话
schizophrenie,Schizophrenie,S,0,精神分裂症
schlacht,Schlacht,S,0,战斗
schlacht,Schlacht,S,1,仗
schlacht,Schlacht,S,2,战役
schlacht,Schlacht,S,3,仗火
schlacht,Schlacht,S,4,战舰
schlachter,Schlachter,S,0,卖肉者
schlachter,Schlachter,S,1,屠夫
schlachter,Schlachter,S,2,宰杀
schlachtfeld,Schlachtfeld,S,0,疆场
schlachtfeld,Schlachtfeld,S,1,战地
schlachthof,Schlachthof,S,0,屠宰
schlachthof,Schlachthof,S,1,肉类加工厂
schlaflosigkeit,Schlaflosigkeit,S,0,失眠
schlafplatz,Schlafplatz,S,0,卧铺
schlafplatz,Schlafplatz,S,1,寝处
schlafsack,Schlafsack,S,0,睡袋
schlafzimmer,Schlafzimmer,S,0,睡房
schlafzimmer,Schlafzimmer,S,1,睡
schlafzimmer,Schlafzimmer,S,2,眠
schlafzimmer,Schlafzimmer,S,3,寝
schlafzimmer,Schlafzimmer,S,4,卧房
schlaganfall,Schlaganfall,S,0,中风
schlagartig,schlagartig,Adj,0,勃
schlagartig,schlagartig,Adj,1,预料不到
schlagartig,schlagartig,Adj,2,突如其来
schlagwort,Schlagwort,S,0,主题词
schlagwort,Schlagwort,S,1,时髦语
schlagwort,Schlagwort,S,2,关键字
schlagwort,Schlagwort,S,3,流行语
schlagwort,Schlagwort,S,4,口号
schlampe,Schlampe,S,0,贱货
schlampe,Schlampe,S,1,七黑
schlampe,Schlampe,S,2,臭三八
schlampe,Schlampe,S,3,贱人
schlampe,Schlampe,S,4,水性杨花的人
schlangen,Schlangen,S,0,蛇亚目
schlauchboot,Schlauchboot,S,0,橡皮艇
schlechter,schlechter,Adj,0,不好
schlegel,Schlegel,S,0,鼓槌
schlegel,Schlegel,S,1,鸡大腿
schleicher,Schleicher,S,0,施莱谢尔
schleim,Schleim,S,0,痰
schleim,Schleim,S,1,史莱姆
schleim,Schleim,S,2,粘液
schleim,Schleim,S,3,鼻涕
schleim,Schleim,S,4,漦
schleim,Schleim,S,5,粘液
schleim,Schleim,S,6,黏液
schlendern,schlendern,V,0,踱
schleppend,schleppend,Adj,0,放慢
schleppend,schleppend,Adj,1,缓慢
schleppend,schleppend,Adj,2,拖拖拉拉
schlepper,Schlepper,S,0,拖轮
schleuse,Schleuse,S,0,堰
schleuse,Schleuse,S,1,开渠
schleuse,Schleuse,S,2,闸
schleuse,Schleuse,S,3,泄洪
schleusen,schleusen,V,0,开渠
schleusen,schleusen,V,1,漏过
schleusen,schleusen,V,2,泄洪
schlichte,Schlichte,S,0,规模估计
schlichter,Schlichter,S,0,调解人
schlichter,Schlichter,S,1,仲裁人
schliff,Schliff,S,0,洗炼
schliff,Schliff,S,1,研磨
schliff,Schliff,S,2,磨屑
schlimmstenfalls,schlimmstenfalls,Adv,0,最糟糕的是
schlinge,Schlinge,S,0,套索
schlinge,Schlinge,S,1,圈套
schlossberg,Schlossberg,S,0,凯塞斯堡
schlosser,Schlosser,S,0,锁匠
schlosser,Schlosser,S,1,钳工
schluck,Schluck,S,0,满满一口
schluck,Schluck,S,1,咕噜咕噜饮
schluck,Schluck,S,2,吞饮
schluck,Schluck,S,3,一次吞饮量
schluck,Schluck,S,4,牛饮
schluck,Schluck,S,5,吞咽
schluck,Schluck,S,6,忍气
schlussendlich,schlussendlich,Adv,0,到底
schlussendlich,schlussendlich,Adv,1,忠算
schlusslicht,Schlusslicht,S,0,尾灯
schlusslicht,Schlusslicht,S,1,末一名
schlussphase,Schlussphase,S,0,结束阶段
schlussphase,Schlussphase,S,1,终局
schläger,Schläger,S,0,拍子
schläger,Schläger,S,1,球拍
schlüsselanhänger,Schlüsselanhänger,S,0,钥匙链
schlüssig,schlüssig,Adj,0,决定性
schmach,Schmach,S,0,耻辱
schmal,schmal,Adj,0,狭长
schmal,schmal,Adj,1,细长
schmal,schmal,Adj,2,苗条
schmankerl,Schmankerl,S,0,好吃的东西
schmankerl,Schmankerl,S,1,精美的食品
schmarotzer,Schmarotzer,S,0,寄生虫
schmelze,Schmelze,S,0,冶炼
schmelze,Schmelze,S,1,熔炼
schmelzer,Schmelzer,S,0,炼制厂
schmelzer,Schmelzer,S,1,酏炼工
schmelzer,Schmelzer,S,2,精炼业者
schmerz,Schmerz,S,0,疼
schmerz,Schmerz,S,1,疼痛
schmerz,Schmerz,S,2,酸痛
schmerz,Schmerz,S,3,酸
schmerzensgeld,Schmerzensgeld,S,0,赔偿金
schmerzensgeld,Schmerzensgeld,S,1,精神损失费
schmerzensgeld,Schmerzensgeld,S,2,汤药费
schmerzhaft,schmerzhaft,Adj,0,痛疼
schmerzlich,schmerzlich,Adj,0,哀婉
schmerzmittel,Schmerzmittel,S,0,镇痛药
schmetterlinge,Schmetterlinge,S,0,鳞翅目
schmied,Schmied,S,0,铁匠
schmuckstück,Schmuckstück,S,0,藏品
schmunzeln,schmunzeln,V,0,含笑
schmunzeln,schmunzeln,V,1,忍俊
schnabel,Schnabel,S,0,鸟嘴
schnabel,Schnabel,S,1,喙
schnappschuss,Schnappschuss,S,0,抢拍的快照
schnappschuss,Schnappschuss,S,1,快拍
schnappschuss,Schnappschuss,S,2,快像
schnecken,Schnecken,S,0,蜗牛
schneefall,Schneefall,S,0,降雪
schneefall,Schneefall,S,1,降雪量
schneefall,Schneefall,S,2,霏
schneeflocken,Schneeflocken,S,0,彐花
schneeflocken,Schneeflocken,S,1,雪片
schneeflocken,Schneeflocken,S,2,彐片
schneeflocken,Schneeflocken,S,3,雪花
schneeflocken,Schneeflocken,S,4,霙
schneemann,Schneemann,S,0,雪人
schneemann,Schneemann,S,1,堆雪人
schneide,Schneide,S,0,刃口
schnellen,schnellen,V,0,聪敏
schnellen,schnellen,V,1,弹动
schnellen,schnellen,V,2,雨燕
schneller,schneller,Adj,0,更快
schnelligkeit,Schnelligkeit,S,0,快速
schnellstmöglich,schnellstmöglich,Adj,0,最高速
schnellstmöglich,schnellstmöglich,Adj,1,火速
schnitte,Schnitte,S,0,截痕
schnitte,Schnitte,S,1,锯齿状突起
schnitte,Schnitte,S,2,锯齿状
schnitzel,Schnitzel,S,0,碎布条
schnitzel,Schnitzel,S,1,细片
schnitzer,Schnitzer,S,0,切肉刀
schnitzer,Schnitzer,S,1,雕木工
schnitzer,Schnitzer,S,2,雕工
schnitzer,Schnitzer,S,3,雕刻匠
schnurrbart,Schnurrbart,S,0,八字胡
schnurrbart,Schnurrbart,S,1,八字须
schnurrbart,Schnurrbart,S,2,髭
schnäppchen,Schnäppchen,S,0,超值
schnäppchen,Schnäppchen,S,1,便宜货
schnäppchen,Schnäppchen,S,2,特卖
schober,Schober,S,0,干草垛
schockierend,schockierend,Adj,0,惊讶
schockiert,schockiert,Adj,0,烦乱
schockiert,schockiert,Adj,1,受惊吓
schoss,Schoss,S,0,膝部
schoss,Schoss,S,1,养育所
schoss,Schoss,S,2,周
schoss,Schoss,S,3,衣裙边缘
schoss,Schoss,S,4,狗的食物
schotter,Schotter,S,0,道渣
schranke,Schranke,S,0,竞技场地
schranke,Schranke,S,1,倪
schrei,Schrei,S,0,呼喊
schrei,Schrei,S,1,咋
schreiber,Schreiber,S,0,隶
schreiber,Schreiber,S,1,书记
schreibfehler,Schreibfehler,S,0,记录错误
schreibfehler,Schreibfehler,S,1,鲁鱼亥豕
schreibmaschine,Schreibmaschine,S,0,打字机
schreibmaschine,Schreibmaschine,S,1,打字機器
schreibung,Schreibung,S,0,写法
schreibweise,Schreibweise,S,0,拼字
schrein,Schrein,S,0,神龛
schrein,Schrein,S,1,圣坛
schrein,Schrein,S,2,神龙
schreiner,Schreiner,S,0,木匠
schriftart,Schriftart,S,0,手迹
schriftart,Schriftart,S,1,字型
schriftenreihe,Schriftenreihe,S,0,系列
schrott,Schrott,S,0,残余物
schrott,Schrott,S,1,不值钱的东西
schrott,Schrott,S,2,剪报
schrott,Schrott,S,3,零头
schrott,Schrott,S,4,破烂的机械
schräge,Schräge,S,0,斜角
schräge,Schräge,S,1,斜坡
schräge,Schräge,S,2,非对称性
schräge,Schräge,S,3,斜角规
schubsen,schubsen,V,0,推挤
schubsen,schubsen,V,1,轻推
schubsen,schubsen,V,2,轻微的撞击
schuften,schuften,V,0,辛苦工作
schuhe,Schuhe,S,0,靸
schuhe,Schuhe,S,1,履
schuhmacher,Schuhmacher,S,0,皮鞋匠
schuhmacher,Schuhmacher,S,1,履
schuhmacher,Schuhmacher,S,2,鞋匠
schulbildung,Schulbildung,S,0,学校教育
schulbus,Schulbus,S,0,校车
schulbus,Schulbus,S,1,班车
schuldner,Schuldner,S,0,欠户
schuldner,Schuldner,S,1,债务人
schuldner,Schuldner,S,2,借方
schulen,schulen,V,0,灌输
schulen,schulen,V,1,提供学校教育
schulhaus,Schulhaus,S,0,校舍
schulhof,Schulhof,S,0,学校操场
schulhof,Schulhof,S,1,校内运动场
schulmedizin,Schulmedizin,S,0,西医
schulmädchen,Schulmädchen,S,0,女学生
schulsystem,Schulsystem,S,0,教育体系
schulsystem,Schulsystem,S,1,学校教育系统
schultag,Schultag,S,0,上课日
schulung,Schulung,S,0,训练班
schulung,Schulung,S,1,培训
schusswaffe,Schusswaffe,S,0,射击武器
schusswaffe,Schusswaffe,S,1,枪炮
schusswaffe,Schusswaffe,S,2,炮
schuster,Schuster,S,0,补鞋匠
schuster,Schuster,S,1,鞋匠
schutzengel,Schutzengel,S,0,保护天使
schutzlos,schutzlos,Adj,0,无防卫
schwabe,Schwabe,S,0,斯瓦比人
schwabe,Schwabe,S,1,斯瓦比亚人
schwachsinn,Schwachsinn,S,0,白痴
schwachsinn,Schwachsinn,S,1,弱智
schwachstelle,Schwachstelle,S,0,缺点
schwachstelle,Schwachstelle,S,1,弱点
schwangere,Schwangere,S,0,孕妇
schwarm,Schwarm,S,0,心肝
schwarm,Schwarm,S,1,空军小队
schwarm,Schwarm,S,2,倾慕的人
schwarzarbeit,Schwarzarbeit,S,0,非法劳工
schwarzarbeit,Schwarzarbeit,S,1,非法劳动
schwarzarbeit,Schwarzarbeit,S,2,黑工
schwarze,Schwarze,S,0,黑人
schwarzer,Schwarzer,S,0,皁
schwarzmarkt,Schwarzmarkt,S,0,黑市
schwarzmarkt,Schwarzmarkt,S,1,灰色市场
schwebe,Schwebe,S,0,浮游
schwefel,Schwefel,S,0,磺
schwefel,Schwefel,S,1,硫磺
schweinchen,Schweinchen,S,0,小猪
schweinefleisch,Schweinefleisch,S,0,膪
schweinefleisch,Schweinefleisch,S,1,猪肉
schweinehund,Schweinehund,S,0,豨
schweinehund,Schweinehund,S,1,彘
schwelgen,schwelgen,V,0,媁
schwellen,schwellen,V,0,肿块
schwellen,schwellen,V,1,肿胀
schwellen,schwellen,V,2,变得肿大
schwellen,schwellen,V,3,隆起物
schwellen,schwellen,V,4,胀起
schwellung,Schwellung,S,0,肿胀
schwellung,Schwellung,S,1,变得肿大
schwellung,Schwellung,S,2,肿起
schwellung,Schwellung,S,3,隆起物
schwellung,Schwellung,S,4,胀起
schwellung,Schwellung,S,5,臃
schwergewicht,Schwergewicht,S,0,重量级拳击手
schwergewicht,Schwergewicht,S,1,重量级
schwerter,Schwerter,S,0,刀剑
schwestern,Schwestern,S,0,姐妹
schwestern,Schwestern,S,1,姊妹
schwiegermutter,Schwiegermutter,S,0,丈母娘
schwiegervater,Schwiegervater,S,0,公公
schwierigkeiten,Schwierigkeiten,S,0,苦难
schwierigkeiten,Schwierigkeiten,S,1,艰难
schwierigkeitsgrad,Schwierigkeitsgrad,S,0,难度
schwimmbad,Schwimmbad,S,0,游泳场
schwimmbecken,Schwimmbecken,S,0,游泳池
schwindelig,schwindelig,Adj,0,晕头
schwingung,Schwingung,S,0,振荡
schwuler,Schwuler,S,0,男同性恋者
schwäbisch,schwäbisch,Adj,0,斯瓦比亚
schwäne,Schwäne,S,0,天鹅属
schädel,Schädel,S,0,髑
schädel,Schädel,S,1,颅
schädel,Schädel,S,2,头盖
schädel,Schädel,S,3,头骨
schäfchen,Schäfchen,S,0,羊羔
schäfer,Schäfer,S,0,牧羊者
schäfer,Schäfer,S,1,牧羊人
schätzchen,Schätzchen,S,0,小心肝
schätzchen,Schätzchen,S,1,小宝贝
schätzung,Schätzung,S,0,鉴赏
schätzung,Schätzung,S,1,估测
schätzung,Schätzung,S,2,正确的判断
schöne,Schöne,S,0,猫薄荷
schöne,Schöne,S,1,美人
schönen,schönen,V,0,绮丽
schönen,schönen,V,1,姣美
schönen,schönen,V,2,姣好
schönen,schönen,V,3,嫣然
schönen,schönen,V,4,佳美
schöpfer,Schöpfer,S,0,造物主
schöpfer,Schöpfer,S,1,创造者
schöpfer,Schöpfer,S,2,汲水桶
schöpfung,Schöpfung,S,0,大钧
schülerin,Schülerin,S,0,女生
schülerin,Schülerin,S,1,女学生
schürze,Schürze,S,0,停机坪
schürze,Schürze,S,1,围裙
schürze,Schürze,S,2,围兜
schütz,Schütz,S,0,保护接触器
schützling,Schützling,S,0,门徒
schützling,Schützling,S,1,被保护者
screenshot,Screenshot,S,0,截屏
sechster,sechster,Num,0,第六
sechziger,Sechziger,S,0,六十年代的人
seefahrer,Seefahrer,S,0,航海者
seefahrer,Seefahrer,S,1,航海家
seefahrt,Seefahrt,S,0,航海业
seenot,Seenot,S,0,海难
segen,Segen,S,0,福分
segler,Segler,S,0,海员
segler,Segler,S,1,水手
segment,Segment,S,0,音段
segment,Segment,S,1,线段
sehenswert,sehenswert,Adj,0,值得一看
sehenswürdigkeit,Sehenswürdigkeit,S,0,名胜古迹
sehenswürdigkeit,Sehenswürdigkeit,S,1,名胜
seher,Seher,S,0,预言家
seher,Seher,S,1,先见者
seher,Seher,S,2,算命先生
sehne,Sehne,S,0,筋
sehne,Sehne,S,1,弦
sehne,Sehne,S,2,腱鞘
sehnsüchtig,sehnsüchtig,Adj,0,望眼欲穿
seilbahn,Seilbahn,S,0,缆车
seinerzeit,seinerzeit,Adv,0,在适当的时候
seitenwechsel,Seitenwechsel,S,0,换边
seitenwechsel,Seitenwechsel,S,1,交场
seitenwechsel,Seitenwechsel,S,2,交换场地
seither,seither,Adv,0,尔来
seitlich,seitlich,Adj,0,从侧面
seitlich,seitlich,Adj,1,在旁
seitwärts,seitwärts,Adv,0,向横
sekretär,Sekretär,S,0,干事
sekretär,Sekretär,S,1,写字台
sekretär,Sekretär,S,2,公司秘书
sekretär,Sekretär,S,3,书记官
sekretär,Sekretär,S,4,书记
sekte,Sekte,S,0,教派
sekte,Sekte,S,1,派系
sektor,Sektor,S,0,扇区
selbstbestimmung,Selbstbestimmung,S,0,自决
selbstbewusstsein,Selbstbewusstsein,S,0,自我意识
selbsterkenntnis,Selbsterkenntnis,S,0,自知之明
selbsterkenntnis,Selbsterkenntnis,S,1,自我认知
selbsthilfe,Selbsthilfe,S,0,自我救助
selbsthilfe,Selbsthilfe,S,1,自助
selbstkontrolle,Selbstkontrolle,S,0,自我调节
selbstkontrolle,Selbstkontrolle,S,1,自我控制
selbstkontrolle,Selbstkontrolle,S,2,自控
selbstkontrolle,Selbstkontrolle,S,3,自律
selbstkritik,Selbstkritik,S,0,检讨
selbstkritik,Selbstkritik,S,1,自我批评
selbstmitleid,Selbstmitleid,S,0,自怜
selbstmord,Selbstmord,S,0,自尽
selbstschutz,Selbstschutz,S,0,自我防卫
selbstständig,selbstständig,Adj,0,自主
selbstständig,selbstständig,Adj,1,自立
selbstständig,selbstständig,Adj,2,自给
selbstverteidigung,Selbstverteidigung,S,0,自我防御
selbstvertrauen,Selbstvertrauen,S,0,自信
selbstverwaltung,Selbstverwaltung,S,0,自治
selbstverwirklichung,Selbstverwirklichung,S,0,自我实现
selbstwertgefühl,Selbstwertgefühl,S,0,自尊心
selbständigkeit,Selbständigkeit,S,0,自治
selbständigkeit,Selbständigkeit,S,1,自营
selig,selig,Adj,0,有福
selig,selig,Adj,1,幸福地
sellerie,Sellerie,S,0,块根芹
seltenheit,Seltenheit,S,0,稀罕
senator,Senator,S,0,理事
senator,Senator,S,1,评议员
senator,Senator,S,2,元老院议员
senator,Senator,S,3,上议院议员
sender,Sender,S,0,发射器
sender,Sender,S,1,发射机
senioren,Senioren,S,0,老人
seniorin,Seniorin,S,0,老妇人
seniorin,Seniorin,S,1,老太婆
seniorin,Seniorin,S,2,老太太
senke,Senke,S,0,沟
senke,Senke,S,1,污水沟
senke,Senke,S,2,山谷
senke,Senke,S,3,凹痕
senkung,Senkung,S,0,下沉
senkung,Senkung,S,1,减轻
sense,Sense,S,0,大镰刀
sensibilität,Sensibilität,S,0,感性
sensibilität,Sensibilität,S,1,感觉敏锐
sensor,Sensor,S,0,感应器
sequenz,Sequenz,S,0,排列顺序
sequenz,Sequenz,S,1,序列
serben,Serben,S,0,塞族
serge,Serge,S,0,毛哔叽
sergeant,Sergeant,S,0,军曹
serienmörder,Serienmörder,S,0,杀人狂
serienmörder,Serienmörder,S,1,连环杀手
serienmörder,Serienmörder,S,2,系列杀人犯
serienmörder,Serienmörder,S,3,连环杀人犯
seriennummer,Seriennummer,S,0,序列号
seriös,seriös,Adj,0,一本正经
seriös,seriös,Adj,1,庄重
serum,Serum,S,0,浆液
server,Server,S,0,服务器
server,Server,S,1,伺服器
sesshaft,sesshaft,Adj,0,久坐不走
session,Session,S,0,会议
seuche,Seuche,S,0,瘟疫
seuchen,Seuchen,S,0,流行性瘟疫
sexismus,Sexismus,S,0,性别歧视主义
sexismus,Sexismus,S,1,性别歧视
sexistisch,sexistisch,Adj,0,男性至上主义
sexy,sexy,Adj,0,性感
shampoo,Shampoo,S,0,香波
shampoo,Shampoo,S,1,沐浴乳
sharp,Sharp,,0,夏普公司
sheriff,Sheriff,S,0,郡治安官
shisha,Shisha,S,0,水烟
shoppen,Shoppen,S,0,逛街
shoppen,Shoppen,S,1,跑商店
shorts,Shorts,S,0,短裤
shorts,Shorts,S,1,四角裤
shorts,Shorts,S,2,衩
shuttle,Shuttle,S,0,往返运输工具
sich,sich,Pron,0,亲身
sichel,Sichel,S,0,刈钩
sichel,Sichel,S,1,铚
sichel,Sichel,S,2,镰刀
sichel,Sichel,S,3,剳
sicherheitsdienst,Sicherheitsdienst,S,0,安全服务
sicherheitsdienst,Sicherheitsdienst,S,1,情报服务
sicherheitskonferenz,Sicherheitskonferenz,S,0,安全会议
sicherheitskonferenz,Sicherheitskonferenz,S,1,保安会议
sicherheitslage,Sicherheitslage,S,0,安全情况
sicherheitslage,Sicherheitslage,S,1,安全形势
sicherheitslage,Sicherheitslage,S,2,治安
sicherheitslage,Sicherheitslage,S,3,安全局势
sicherheitslücke,Sicherheitslücke,S,0,电脑安全隐患
sicherheitslücke,Sicherheitslücke,S,1,保安弱点
sicherheitsrisiko,Sicherheitsrisiko,S,0,安全风险
sicherung,Sicherung,S,0,保险装置
sicherung,Sicherung,S,1,保护手段
sicherung,Sicherung,S,2,保护措施
sichtbarkeit,Sichtbarkeit,S,0,能见度
sichtbarkeit,Sichtbarkeit,S,1,可视性
sichtweite,Sichtweite,S,0,可见度
siebziger,Siebziger,S,0,七十年代的人
siedler,Siedler,S,0,殖民
siedler,Siedler,S,1,移民
siedler,Siedler,S,2,定居者
sieger,Sieger,S,0,获胜者
sieger,Sieger,S,1,胜利者
siegerin,Siegerin,S,0,胜者
siegeszug,Siegeszug,S,0,胜利前进
siegreich,siegreich,Adj,0,常胜
siegreich,siegreich,Adj,1,凯旋
siegreich,siegreich,Adj,2,胜利
siegtreffer,Siegtreffer,S,0,赢球
siehe,siehe,Interj,0,请看
siehe,siehe,Interj,1,请见
siehe,siehe,Interj,2,观看
siehe,siehe,Interj,3,举目
signalisiert,signalisiert,Adj,0,弄上记号
signalisiert,signalisiert,Adj,1,弄上标记
signalisiert,signalisiert,Adj,2,有标记
signalisiert,signalisiert,Adj,3,用信号传递
signatur,Signatur,S,0,签章
signifikant,signifikant,Adj,0,有特色
silbe,Silbe,S,0,喌
silbe,Silbe,S,1,音素
silbe,Silbe,S,2,啪
silbe,Silbe,S,3,音节
silbe,Silbe,S,4,咝
silbermedaille,Silbermedaille,S,0,银奖
silbermedaille,Silbermedaille,S,1,银质奖
silbermedaille,Silbermedaille,S,2,银牌
silhouette,Silhouette,S,0,轮廓线
silhouette,Silhouette,S,1,轮廓画
silhouette,Silhouette,S,2,侧面黑影像
silhouette,Silhouette,S,3,剪影
silikon,Silikon,S,0,硅胶
silikon,Silikon,S,1,硅树脂
silvesternacht,Silvesternacht,S,0,新年前夜
simulation,Simulation,S,0,模拟
simulation,Simulation,S,1,装病
simulator,Simulator,S,0,模拟装置
sinnen,sinnen,V,0,心机
sinnlich,sinnlich,Adj,0,感性
sinnlos,sinnlos,Adj,0,无意识
sinnlos,sinnlos,Adj,1,无知觉
sinnlos,sinnlos,Adj,2,无作用
sinnlos,sinnlos,Adj,3,无感觉
sinnvoll,sinnvoll,Adj,0,有意义
sinnvoll,sinnvoll,Adj,1,有用地
sintflut,Sintflut,S,0,大洪水
sippe,Sippe,S,0,亲属
sippe,Sippe,S,1,族类
sippe,Sippe,S,2,氏
sirius,Sirius,S,0,天狼星
sirup,Sirup,S,0,餹浆
sirup,Sirup,S,1,糖醯
sirup,Sirup,S,2,糖浆
sirup,Sirup,S,3,餹醯
sitzplatz,Sitzplatz,S,0,座位
sitzplatz,Sitzplatz,S,1,坐位
sitzungssaal,Sitzungssaal,S,0,会议厅
skandalös,skandalös,Adj,0,无耻
skateboard,Skateboard,S,0,滑板
skateboard,Skateboard,S,1,滑雪板
skepsis,Skepsis,S,0,不信任
skepsis,Skepsis,S,1,怀疑论
skepsis,Skepsis,S,2,怀疑主义
skeptiker,Skeptiker,S,0,怀疑论者
skeptiker,Skeptiker,S,1,怀疑派
skigebiet,Skigebiet,S,0,滑雪胜地
skigebiet,Skigebiet,S,1,滑雪场
skigebiet,Skigebiet,S,2,滑雪区
skigebiet,Skigebiet,S,3,滑雪圣地
skispringen,Skispringen,S,0,跳台滑雪
skizze,Skizze,S,0,速写
skizziert,skizziert,Adj,0,勾勒出轮廓
skizziert,skizziert,Adj,1,素描
sklaverei,Sklaverei,S,0,奴隶制度
sklaverei,Sklaverei,S,1,奴隶制
sklavin,Sklavin,S,0,丫鬟
skorpion,Skorpion,S,0,蝎
skorpion,Skorpion,S,1,蝎
skrupel,Skrupel,S,0,顾忌
skurril,skurril,Adj,0,荒谬
skurril,skurril,Adj,1,古怪
skurril,skurril,Adj,2,滑稽
skurril,skurril,Adj,3,奇异
skurril,skurril,Adj,4,可笑
slalom,Slalom,S,0,障碍滑雪
slawen,Slawen,S,0,斯拉夫人
slip,Slip,S,0,三角裤
slip,Slip,S,1,女用内裤
smalltalk,Smalltalk,S,0,场合话
smart,smart,Adj,0,帅
smartphone,Smartphone,S,0,智能手机
smartphone,Smartphone,S,1,智慧型电话
smith,Smith,S,0,姓氏施密特
smoothie,Smoothie,S,0,冰沙
snooker,Snooker,S,0,斯诺克
sockel,Sockel,S,0,座子
socken,Socken,S,0,袜子
socken,Socken,S,1,靺
sodass,sodass,Konj,0,以致于
sodbrennen,Sodbrennen,S,0,胃灼热
software,Software,S,0,软件
sog,Sog,S,0,退波
sog,Sog,S,1,吸
sog,Sog,S,2,漩涡
sohle,Sohle,S,0,鞋底
sohle,Sohle,S,1,足底
sol,Sol,S,0,溶胶
solarstrom,Solarstrom,S,0,太阳能发电
solarzellen,Solarzellen,S,0,太阳电池
sold,Sold,S,0,饷
soldaten,Soldaten,S,0,士卒
solidarisch,solidarisch,Adj,0,团结一致
soma,Soma,S,0,体细胞
sommerferien,Sommerferien,S,0,暑假
sommerfest,Sommerfest,S,0,夏日庆典
sommersemester,Sommersemester,S,0,夏季学期
sommertag,Sommertag,S,0,夏日
sommerzeit,Sommerzeit,S,0,夏令时
sommerzeit,Sommerzeit,S,1,夏时制
sonde,Sonde,S,0,宇宙探测器
sonderausgabe,Sonderausgabe,S,0,特刊
sonderfall,Sonderfall,S,0,意外事件
sonderfall,Sonderfall,S,1,异形
sonderfall,Sonderfall,S,2,特别事件
sonderheft,Sonderheft,S,0,专辑
sonderheft,Sonderheft,S,1,专号
sonderpreis,Sonderpreis,S,0,特别价格
sonderpreis,Sonderpreis,S,1,优价
sonderpreis,Sonderpreis,S,2,特价
sonderstellung,Sonderstellung,S,0,特殊地位
song,Song,S,0,流行歌曲
song,Song,S,1,首歌
sonnenaufgang,Sonnenaufgang,S,0,日出
sonnenaufgang,Sonnenaufgang,S,1,旭日
sonnenaufgang,Sonnenaufgang,S,2,旭
sonnenbrand,Sonnenbrand,S,0,晒伤
sonnenbrille,Sonnenbrille,S,0,太阳眼镜
sonnenbrille,Sonnenbrille,S,1,墨镜
sonnenbrille,Sonnenbrille,S,2,太阳镜
sonnencreme,Sonnencreme,S,0,隔离霜
sonnencreme,Sonnencreme,S,1,防晒霜
sonneneinstrahlung,Sonneneinstrahlung,S,0,日射
sonneneinstrahlung,Sonneneinstrahlung,S,1,太阳辐射
sonneneinstrahlung,Sonneneinstrahlung,S,2,日射率
sonnenfinsternis,Sonnenfinsternis,S,0,日蚀
sonnenfinsternis,Sonnenfinsternis,S,1,日食
sonnenlicht,Sonnenlicht,S,0,晅
sonnenlicht,Sonnenlicht,S,1,日光
sonnenlicht,Sonnenlicht,S,2,昱
sonnenlicht,Sonnenlicht,S,3,昀
sonnensystem,Sonnensystem,S,0,太阳系
sonnenuntergang,Sonnenuntergang,S,0,日落
sonnenuntergang,Sonnenuntergang,S,1,太阳西沉
sonnenuntergang,Sonnenuntergang,S,2,日平西
sonnenuntergang,Sonnenuntergang,S,3,夕
sonntagmorgen,Sonntagmorgen,S,0,周日早晨
sonntagmorgen,Sonntagmorgen,S,1,星期天早上
sonntagmorgen,Sonntagmorgen,S,2,周日早上
sonntagmorgen,Sonntagmorgen,S,3,星期日早晨
sopran,Sopran,S,0,女高音
sorgerecht,Sorgerecht,S,0,抚养权
sorgfalt,Sorgfalt,S,0,精密
sorgfältig,sorgfältig,Adj,0,过细
sorgfältig,sorgfältig,Adj,1,小心翼翼
sorgfältig,sorgfältig,Adj,2,仔
sorgfältig,sorgfältig,Adj,3,苦心
sorglos,sorglos,Adj,0,不经心
sorglos,sorglos,Adj,1,畅快
sorten,Sorten,S,0,等样
sortiert,sortiert,Adj,0,拣选
sortiert,sortiert,Adj,1,分类整理
souvenir,Souvenir,S,0,小纪念品
souvenir,Souvenir,S,1,手信
souverän,souverän,Adj,0,行使主权
souverän,souverän,Adj,1,统治者
souverän,souverän,Adj,2,自主的
souverän,souverän,Adj,3,具有主权
sowjet,Sowjet,S,0,苏维埃
sozialamt,Sozialamt,S,0,民政局
sozialarbeiter,Sozialarbeiter,S,0,社工人
sozialdemokratie,Sozialdemokratie,S,0,社会民主主义
sozialgeschichte,Sozialgeschichte,S,0,社会历史
sozialhilfe,Sozialhilfe,S,0,社会福利救济
sozialhilfe,Sozialhilfe,S,1,社会救济金
sozialhilfe,Sozialhilfe,S,2,社会救济
sozialhilfe,Sozialhilfe,S,3,社会福利
sozialisation,Sozialisation,S,0,社会化
sozialstaat,Sozialstaat,S,0,社会福利国家
sozialsystem,Sozialsystem,S,0,社保体系
sozialversicherung,Sozialversicherung,S,0,社会保障
sozialwissenschaften,Sozialwissenschaften,S,0,社会科学
spaghetti,Spaghetti,S,0,意式面粉
spaghetti,Spaghetti,S,1,義大利粉
spaghetti,Spaghetti,S,2,意大利面
spaghetti,Spaghetti,S,3,意大利粉
spaghetti,Spaghetti,S,4,意粉
spaghetti,Spaghetti,S,5,意大利实心面
spaghetti,Spaghetti,S,6,实心意粉
spalte,Spalte,S,0,裂
spaltung,Spaltung,S,0,云母薄片
span,Span,S,0,削屑
spanier,Spanier,S,0,西班牙人
spannweite,Spannweite,S,0,振幅
spannweite,Spannweite,S,1,跨度
spannweite,Spannweite,S,2,极差
sparbuch,Sparbuch,S,0,存摺
sparbuch,Sparbuch,S,1,储蓄存折
sparbuch,Sparbuch,S,2,存折
sparbuch,Sparbuch,S,3,银行存折
spargel,Spargel,S,0,芦笋
sparkasse,Sparkasse,S,0,储蓄银行
sparkasse,Sparkasse,S,1,储蓄所
sparte,Sparte,S,0,事业部
spaten,Spaten,S,0,镈
spaten,Spaten,S,1,锸
spaziergänger,Spaziergänger,S,0,助行器
spaziergänger,Spaziergänger,S,1,散步的人
spaziergänger,Spaziergänger,S,2,漫步者
specht,Specht,S,0,鴷
specht,Specht,S,1,啄木鸟
specht,Specht,S,2,䴕
speck,Speck,S,0,肥肉
speck,Speck,S,1,培根
speck,Speck,S,2,烟肉
spedition,Spedition,S,0,运输机关
spedition,Spedition,S,1,运输公司
spedition,Spedition,S,2,运输用具
spedition,Spedition,S,3,发送部
spedition,Spedition,S,4,运输业务
speichel,Speichel,S,0,吐出的泡沫
speichel,Speichel,S,1,口水
speichel,Speichel,S,2,涎
speichel,Speichel,S,3,唾沫
speichel,Speichel,S,4,唾
speichel,Speichel,S,5,津液
speichel,Speichel,S,6,口沫
speichel,Speichel,S,7,津
speichel,Speichel,S,8,痰液
speicher,Speicher,S,0,库房
speicher,Speicher,S,1,存贮器
speicher,Speicher,S,2,存储器
speicher,Speicher,S,3,货栈
speicherplatz,Speicherplatz,S,0,存储容量
speisen,speisen,V,0,供应
speisen,speisen,V,1,进餐
speisen,speisen,V,2,喷
speiseröhre,Speiseröhre,S,0,食道
speiseröhre,Speiseröhre,S,1,食管
spektakulär,spektakulär,Adj,0,引起轰动
spektakulär,spektakulär,Adj,1,最耸人听闻
spektakulär,spektakulär,Adj,2,引人注目
spektakulär,spektakulär,Adj,3,惊人
spektakulär,spektakulär,Adj,4,最引人注目
spektakulär,spektakulär,Adj,5,最引起轰动
spektakulär,spektakulär,Adj,6,耸人听闻
spektakulär,spektakulär,Adj,7,令人激动
spektakulär,spektakulär,Adj,8,令人着迷
spekulation,Spekulation,S,0,冒险
spekulation,Spekulation,S,1,投机
spender,Spender,S,0,赠与者
spender,Spender,S,1,捐助
spender,Spender,S,2,捐款人
sperre,Sperre,S,0,截止
sperre,Sperre,S,1,路障
sperre,Sperre,S,2,阻塞
sperre,Sperre,S,3,阻碍
sperre,Sperre,S,4,禁止通行
sperrung,Sperrung,S,0,路障
sperrung,Sperrung,S,1,紧急制动
spezialeinheit,Spezialeinheit,S,0,特种部队
spezialisiert,spezialisiert,Adj,0,专事
spezialisiert,spezialisiert,Adj,1,熟练
spezialisierung,Spezialisierung,S,0,专门化
spezialisierung,Spezialisierung,S,1,专业化
spezialisierung,Spezialisierung,S,2,特化
spezifikation,Spezifikation,S,0,规格
spezifikation,Spezifikation,S,1,主要技术规格
spezifisch,spezifisch,Adj,0,特有
spezifisch,spezifisch,Adj,1,特殊
spezifisch,spezifisch,Adj,2,特种
sphäre,Sphäre,S,0,球体
sphäre,Sphäre,S,1,领域
spiegelbild,Spiegelbild,S,0,镜像
spiegelung,Spiegelung,S,0,镜像
spiegelung,Spiegelung,S,1,反射作用
spieler,Spieler,S,0,玩家
spieler,Spieler,S,1,播放机
spieler,Spieler,S,2,体育选手
spieler,Spieler,S,3,竞赛者
spielerei,Spielerei,S,0,小玩意
spielerei,Spielerei,S,1,闹着玩
spielerei,Spielerei,S,2,骗人的东西
spielerei,Spielerei,S,3,玩耍
spielerei,Spielerei,S,4,小事
spielerin,Spielerin,S,0,体育选手
spielerin,Spielerin,S,1,竞赛者
spielerisch,spielerisch,Adj,0,不严肃
spielerisch,spielerisch,Adj,1,轻率
spielerisch,spielerisch,Adj,2,玩耍
spielfeld,Spielfeld,S,0,网球场
spielfeld,Spielfeld,S,1,棒球球场
spielfilm,Spielfilm,S,0,故事片
spielfilm,Spielfilm,S,1,全长胶片
spielfilm,Spielfilm,S,2,娱乐片
spielhalle,Spielhalle,S,0,赌博设施
spielplan,Spielplan,S,0,表演目录
spielplan,Spielplan,S,1,曲目
spielplan,Spielplan,S,2,储备
spielregeln,Spielregeln,S,0,比赛规则
spielregeln,Spielregeln,S,1,玩儿法
spielregeln,Spielregeln,S,2,游戏规则
spielsachen,Spielsachen,S,0,玩物
spielsachen,Spielsachen,S,1,玩具
spielstand,Spielstand,S,0,棋局内容
spielstand,Spielstand,S,1,赛况
spieltag,Spieltag,S,0,比赛那天
spielzeit,Spielzeit,S,0,比赛时间
spielzeit,Spielzeit,S,1,放映期
spielzeit,Spielzeit,S,2,赛季
spielzeit,Spielzeit,S,3,娱乐时间
spielzeit,Spielzeit,S,4,演出时间
spielzeit,Spielzeit,S,5,开幕时刻
spielzeit,Spielzeit,S,6,游戏时间
spike,Spike,S,0,穗
spike,Spike,S,1,钉上铁钉
spike,Spike,S,2,钉尖
spike,Spike,S,3,长钉
spike,Spike,S,4,火门栓
spike,Spike,S,5,幼鹿的脚
spike,Spike,S,6,使不能使用
spin,Spin,S,0,自旋
spirale,Spirale,S,0,线圈
spirale,Spirale,S,1,螺线
spirale,Spirale,S,2,螺旋形
spirale,Spirale,S,3,旋線
spirale,Spirale,S,4,旋螺
spirale,Spirale,S,5,抟
spiritualität,Spiritualität,S,0,圣职
spiritualität,Spiritualität,S,1,灵性
spiritualität,Spiritualität,S,2,精神上的事物
spiritus,Spiritus,S,0,醑
spitz,spitz,Adj,0,尖锐地
spitz,spitz,Adj,1,尖刻
spitz,spitz,Adj,2,挖苦人
spitz,spitz,Adj,3,尖
spitz,spitz,Adj,4,绒毛狗
spitzel,Spitzel,S,0,特务
spitzengruppe,Spitzengruppe,S,0,头等
spitzengruppe,Spitzengruppe,S,1,一流
spitzengruppe,Spitzengruppe,S,2,精英集团
spitzenreiter,Spitzenreiter,S,0,领先者
spitzenreiter,Spitzenreiter,S,1,领跑者
spitzenreiter,Spitzenreiter,S,2,最厉害的人
spitzname,Spitzname,S,0,绰号
spoiler,Spoiler,S,0,扰流板
sporadisch,sporadisch,Adj,0,散于各处
sporadisch,sporadisch,Adj,1,偶尔
sporadisch,sporadisch,Adj,2,零星发生
sporen,Sporen,S,0,芽孢
sportart,Sportart,S,0,运动类型
sportart,Sportart,S,1,运动种类
sporthalle,Sporthalle,S,0,运动馆
sporthalle,Sporthalle,S,1,室内体育场
sporthalle,Sporthalle,S,2,体育馆
sportlehrer,Sportlehrer,S,0,体育老师
sportplatz,Sportplatz,S,0,球场
sportunterricht,Sportunterricht,S,0,体育课
sportverein,Sportverein,S,0,体育俱乐部
sportwagen,Sportwagen,S,0,运动车
sprachkenntnisse,Sprachkenntnisse,S,0,外语知识
sprachkurs,Sprachkurs,S,0,外语培训班
sprachkurs,Sprachkurs,S,1,语言课程
sprachlos,sprachlos,Adj,0,咋舌
sprachlos,sprachlos,Adj,1,目瞪口呆
sprachlos,sprachlos,Adj,2,目瞪口呆
sprachlos,sprachlos,Adj,3,哑
sprachwissenschaft,Sprachwissenschaft,S,0,语言学
sprachwissenschaft,Sprachwissenschaft,S,1,说话方式
sprachwissenschaft,Sprachwissenschaft,S,2,语言学家
spray,Spray,S,0,喷撒液
spray,Spray,S,1,喷雾剂
spray,Spray,S,2,飞沫
sprecher,Sprecher,S,0,女发言人
sprecher,Sprecher,S,1,新闻播音员
sprecher,Sprecher,S,2,说话者
sprecher,Sprecher,S,3,演说者
sprecher,Sprecher,S,4,解说员
sprecher,Sprecher,S,5,女播音员
sprengstoff,Sprengstoff,S,0,炸药
sprengung,Sprengung,S,0,引爆
sprengung,Sprengung,S,1,爆破
sprichwörtlich,sprichwörtlich,Adj,0,谚语
springer,Springer,S,0,潜水员
springer,Springer,S,1,跳远运动员
springer,Springer,S,2,跳高运动员
sprit,Sprit,S,0,烧酒
spross,Spross,S,0,嫩枝
spross,Spross,S,1,梁状结构
spross,Spross,S,2,嫩芽
sprungbrett,Sprungbrett,S,0,跳板
sprunghaft,sprunghaft,Adj,0,不连续
sprunghaft,sprunghaft,Adj,1,跳跃式
sprunghaft,sprunghaft,Adj,2,长足
spuk,Spuk,S,0,闹鬼
spuk,Spuk,S,1,怪事
spuren,Spuren,S,0,痕
spuren,Spuren,S,1,靷
spurlos,spurlos,Adj,0,不留痕迹
spurlos,spurlos,Adj,1,无踪迹
spärlich,spärlich,Adj,0,稀少
spärlich,spärlich,Adj,1,疏
später,später,Adj,0,随后
später,später,Adj,1,候
später,später,Adj,2,过一会儿
spätsommer,Spätsommer,S,0,晚夏
spülung,Spülung,S,0,润发精
spürbar,spürbar,Adj,0,可触摸到
spürbar,spürbar,Adj,1,可觉到
spürbar,spürbar,Adj,2,可感觉到
staatsangehörigkeit,Staatsangehörigkeit,S,0,市民的身份
staatsangehörigkeit,Staatsangehörigkeit,S,1,市民权
staatsangehörigkeit,Staatsangehörigkeit,S,2,公民权
staatsangehörigkeit,Staatsangehörigkeit,S,3,国籍
staatsanwaltschaft,Staatsanwaltschaft,S,0,律师职位
staatsanwaltschaft,Staatsanwaltschaft,S,1,全体律师
staatsanwaltschaft,Staatsanwaltschaft,S,2,检察院
staatsanwältin,Staatsanwältin,S,0,公诉人
staatsanwältin,Staatsanwältin,S,1,城市律师
staatsbesuch,Staatsbesuch,S,0,例行
staatsbürger,Staatsbürger,S,0,国民
staatsbürgerschaft,Staatsbürgerschaft,S,0,市民的身份
staatsbürgerschaft,Staatsbürgerschaft,S,1,市民权
staatsbürgerschaft,Staatsbürgerschaft,S,2,公民权
staatsdienst,Staatsdienst,S,0,国家事务
staatsdienst,Staatsdienst,S,1,国家公务
staatsdienst,Staatsdienst,S,2,在政府就职
staatsdienst,Staatsdienst,S,3,政府职能
staatsgewalt,Staatsgewalt,S,0,国家权力
staatshaushalt,Staatshaushalt,S,0,国家财政
staatsmann,Staatsmann,S,0,台槐
staatsmann,Staatsmann,S,1,政治家
staatsminister,Staatsminister,S,0,鼎臣
staatspräsident,Staatspräsident,S,0,首相
staatsrat,Staatsrat,S,0,枢密院
staatsrat,Staatsrat,S,1,国务委员会
staatssekretär,Staatssekretär,S,0,国务大臣
staatssekretär,Staatssekretär,S,1,尙書
staatssekretär,Staatssekretär,S,2,国务秘书
staatstheater,Staatstheater,S,0,国家剧院
staatsverschuldung,Staatsverschuldung,S,0,国债
stabilisierung,Stabilisierung,S,0,保持固定水平
stabilisierung,Stabilisierung,S,1,稳定作用
stabilisierung,Stabilisierung,S,2,安定化
stabilität,Stabilität,S,0,安定性
stabilität,Stabilität,S,1,稳定性
stabilität,Stabilität,S,2,坚固性
stadien,Stadien,,0,斯塔迪安
stadtauswärts,stadtauswärts,Adv,0,出城
stadtbahn,Stadtbahn,S,0,城市铁路
stadtbahn,Stadtbahn,S,1,轻轨运输
stadtbahn,Stadtbahn,S,2,城铁
stadtbezirk,Stadtbezirk,S,0,市区
stadtbild,Stadtbild,S,0,市容
stadtentwicklung,Stadtentwicklung,S,0,城市发展
stadtmauer,Stadtmauer,S,0,城墙
stadtmauer,Stadtmauer,S,1,墉
stadtplanung,Stadtplanung,S,0,城镇规划
stadtrand,Stadtrand,S,0,城郊
stadtverwaltung,Stadtverwaltung,S,0,市政府
stadtwerke,Stadtwerke,S,0,公共事业
staffel,Staffel,S,0,梯队
stammbaum,Stammbaum,S,0,世系
stammzellen,Stammzellen,S,0,干细胞复数
stammzellen,Stammzellen,S,1,生物干细胞
standardisierung,Standardisierung,S,0,规范化
standardisierung,Standardisierung,S,1,标准计分
standhaft,standhaft,Adj,0,坚毅
standhaft,standhaft,Adj,1,不动摇
standhaft,standhaft,Adj,2,坚贞
standhalten,standhalten,V,0,捍
stapeln,stapeln,V,0,成垛
stapeln,stapeln,V,1,堆集
starr,starr,Adj,0,固执
starr,starr,Adj,1,不妥协
starr,starr,Adj,2,坚硬
starr,starr,Adj,3,硬性
starter,Starter,S,0,起跑发令员
starter,Starter,S,1,旗手
starter,Starter,S,2,发令员
starter,Starter,S,3,发射装置
starter,Starter,S,4,信号旗手
starter,Starter,S,5,起动机
starter,Starter,S,6,平交道看守
startplatz,Startplatz,S,0,发射地点
startplatz,Startplatz,S,1,出发地点
startpunkt,Startpunkt,S,0,初基地
startschuss,Startschuss,S,0,开始信号
startseite,Startseite,S,0,页
startseite,Startseite,S,1,叶
startseite,Startseite,S,2,开始页
stasi,Stasi,S,0,国安局
statik,Statik,S,0,静力学
stationiert,stationiert,Adj,0,驻扎
stationär,stationär,Adj,0,不变
stationär,stationär,Adj,1,不动
stationär,stationär,Adj,2,静止
stationär,stationär,Adj,3,稳实
statisch,statisch,Adj,0,静力
statisch,statisch,Adj,1,静态
statistiker,Statistiker,S,0,统计学家
statistiker,Statistiker,S,1,统计员
statistisch,statistisch,Adj,0,统计学的
statistisch,statistisch,Adj,1,统计的
statistisch,statistisch,Adj,2,统计上
statistisch,statistisch,Adj,3,统计学
stativ,Stativ,S,0,三角架
statue,Statue,S,0,塑像
stausee,Stausee,S,0,水库
stausee,Stausee,S,1,堰塞湖
stausee,Stausee,S,2,储水池
stecker,Stecker,S,0,用于电脑网络
stecker,Stecker,S,1,囊托
stecker,Stecker,S,2,凹槽
stecker,Stecker,S,3,用钉子钉住
stecker,Stecker,S,4,造成接触不良
stecker,Stecker,S,5,插头
stecker,Stecker,S,6,用于连接电话
stecker,Stecker,S,7,针扎
steg,Steg,S,0,桥路
steg,Steg,S,1,孔桥
steg,Steg,S,2,架桥
stehenbleiben,stehenbleiben,V,0,驻足
stehend,stehend,Adj,0,站着
steig,Steig,S,0,山间小道
steiger,Steiger,S,0,工长
steigung,Steigung,S,0,斜坡
steigung,Steigung,S,1,斜度
steinbruch,Steinbruch,S,0,沙石场
steinbruch,Steinbruch,S,1,硪
steinbruch,Steinbruch,S,2,采石场
steinigen,steinigen,V,0,石刑
steinzeit,Steinzeit,S,0,石器时代
stellenwert,Stellenwert,S,0,重要意义
stellenwert,Stellenwert,S,1,价值
stellplatz,Stellplatz,S,0,露天停车处
stellvertreter,Stellvertreter,S,0,任副职者
stellwerk,Stellwerk,S,0,控制板
stellwerk,Stellwerk,S,1,调解机构
stellwerk,Stellwerk,S,2,照明控制系统
stellwerk,Stellwerk,S,3,切换塔
stellwerk,Stellwerk,S,4,切换台
steppe,Steppe,S,0,草原
sterbehilfe,Sterbehilfe,S,0,安乐死
sterblichkeit,Sterblichkeit,S,0,死亡数
stereo,Stereo,S,0,立体声音响
stereo,Stereo,S,1,立体声
stereo,Stereo,S,2,立体音响
sternchen,Sternchen,S,0,小星
sternchen,Sternchen,S,1,小的星状符号
sternenhimmel,Sternenhimmel,S,0,星空
steuerberater,Steuerberater,S,0,税务顾问
steuerberater,Steuerberater,S,1,税务顾问元
steuererhöhungen,Steuererhöhungen,S,0,税收增加
steuererklärung,Steuererklärung,S,0,纳税申报
steuerrecht,Steuerrecht,S,0,税收法
steuerrecht,Steuerrecht,S,1,税法
steuerreform,Steuerreform,S,0,税费改革
steuerreform,Steuerreform,S,1,税制改革
steuerreform,Steuerreform,S,2,改革有关税制
steuerreform,Steuerreform,S,3,税收改革
steuerung,Steuerung,S,0,管制
steuerzahler,Steuerzahler,S,0,纳税人
stich,Stich,S,0,剚
stich,Stich,S,1,朿
stichtag,Stichtag,S,0,期限
stichtag,Stichtag,S,1,截止日期
stichwahl,Stichwahl,S,0,决定性的一票
stichwahl,Stichwahl,S,1,第二次投票数
stiefmutter,Stiefmutter,S,0,继母
stiefmutter,Stiefmutter,S,1,后母
stiefvater,Stiefvater,S,0,继父
stiel,Stiel,S,0,抦
stier,Stier,S,0,公牛
stier,Stier,S,1,牯牛
stier,Stier,S,2,盯视
stier,Stier,S,3,瞪视
stier,Stier,S,4,种牛
stilistisch,stilistisch,Adj,0,风格上
stillschweigend,stillschweigend,Adj,0,寂静
stillschweigend,stillschweigend,Adj,1,缄默
stillstand,Stillstand,S,0,停滞不前
stillstand,Stillstand,S,1,停机状态
stillstand,Stillstand,S,2,停顿
stilvoll,stilvoll,Adj,0,优雅
stimmrecht,Stimmrecht,S,0,表决权
stockwerk,Stockwerk,S,0,层
stockwerk,Stockwerk,S,1,楼层
stoffwechsel,Stoffwechsel,S,0,新陈代谢
stopp,Stopp,S,0,全机停车
storch,Storch,S,0,鹳
stornieren,stornieren,V,0,抵消
strafanzeige,Strafanzeige,S,0,指控
strafbarkeit,Strafbarkeit,S,0,违法有罪
strafe,Strafe,S,0,惩罚
strafe,Strafe,S,1,极刑
straffrei,straffrei,Adj,0,免罪
strafgesetzbuch,Strafgesetzbuch,S,0,刑法典
strafraum,Strafraum,S,0,大禁区
strafrecht,Strafrecht,S,0,刑法
strafrecht,Strafrecht,S,1,刑律
strafrechtlich,strafrechtlich,Adj,0,受罚
strafrechtlich,strafrechtlich,Adj,1,受刑
straftat,Straftat,S,0,刑事犯罪
straftatbestand,Straftatbestand,S,0,罪状
straftäter,Straftäter,S,0,刑事犯
strafverfahren,Strafverfahren,S,0,刑事审理
strafverfolgung,Strafverfolgung,S,0,刑事追究
strafvollzug,Strafvollzug,S,0,惩罚规定
strafvollzug,Strafvollzug,S,1,行刑
strafvollzug,Strafvollzug,S,2,惩罚系统
strahlend,strahlend,Adj,0,睟
strahlung,Strahlung,S,0,辐射
stramm,stramm,Adj,0,绷得紧紧
stramm,stramm,Adj,1,壮实
strapazen,Strapazen,S,0,劳苦
strauch,Strauch,S,0,灌木
streber,Streber,S,0,高才生
streckenweise,streckenweise,Adv,0,几部分
streckenweise,streckenweise,Adv,1,逐段地
streichquartett,Streichquartett,S,0,弦乐四重奏
streife,Streife,S,0,巡查
streifenwagen,Streifenwagen,S,0,巡逻车
streifenwagen,Streifenwagen,S,1,警车
strenge,Strenge,S,0,迫紧
strenge,Strenge,S,1,银根紧
strenge,Strenge,S,2,严厉
strick,Strick,S,0,索
string,String,S,0,丁字裤
strittig,strittig,Adj,0,引起争论
strohhalm,Strohhalm,S,0,麦秆
strohhalm,Strohhalm,S,1,秸秆
stromausfall,Stromausfall,S,0,停电
stromausfall,Stromausfall,S,1,电力损耗
stromausfall,Stromausfall,S,2,电力短缺
stromausfall,Stromausfall,S,3,电力故障
stromerzeugung,Stromerzeugung,S,0,发生电流
stromnetz,Stromnetz,S,0,输电系统
stromnetz,Stromnetz,S,1,供电系统
strompreis,Strompreis,S,0,电力价格
stromverbrauch,Stromverbrauch,S,0,用电量
strudel,Strudel,S,0,潆
strudel,Strudel,S,1,涡流
strudel,Strudel,S,2,漩
strudel,Strudel,S,3,洄
strukturell,strukturell,Adj,0,结构上
strukturell,strukturell,Adj,1,结构性
strukturell,strukturell,Adj,2,在结构上
strukturieren,strukturieren,V,0,刻花
strukturiert,strukturiert,Adj,0,构造成
strumpfhose,Strumpfhose,S,0,紧身衣裤
strumpfhose,Strumpfhose,S,1,连裤袜
strumpfhose,Strumpfhose,S,2,裤袜
strömung,Strömung,S,0,水流
strömung,Strömung,S,1,浪潮
strömung,Strömung,S,2,大流
strömung,Strömung,S,3,流派
strümpfe,Strümpfe,S,0,长袜
strümpfe,Strümpfe,S,1,袜子
strümpfe,Strümpfe,S,2,靺
studenten,Studenten,S,0,同学们
studenten,Studenten,S,1,学生们
studentin,Studentin,S,0,女大学生
studiengang,Studiengang,S,0,学习阶段
studienzeit,Studienzeit,S,0,学习期限
stufen,Stufen,S,0,脚步
stufen,Stufen,S,1,露天阶梯看台
stuhlgang,Stuhlgang,S,0,大小便
stumme,Stumme,S,0,哑子
stunden,stunden,V,0,延期支付
stundenlohn,Stundenlohn,S,0,计时工资
sturmgewehr,Sturmgewehr,S,0,突击步枪
stute,Stute,S,0,骒
stute,Stute,S,1,騋
stute,Stute,S,2,牝马
stute,Stute,S,3,母马
stutzen,stutzen,V,0,剪枝
style,Style,S,0,身段
stäbchen,Stäbchen,S,0,棍子
stäbchen,Stäbchen,S,1,加固衬料
städtchen,Städtchen,S,0,小镇
städtebau,Städtebau,S,0,城市建设
städtebau,Städtebau,S,1,都市设计
städtebau,Städtebau,S,2,城市设计
stärke,Stärke,S,0,膂
stärkung,Stärkung,S,0,援兵
stärkung,Stärkung,S,1,滋补
störche,Störche,S,0,鹳科
störe,Störe,S,0,鲟科
störend,störend,Adj,0,打扰
störend,störend,Adj,1,干涉
störung,Störung,S,0,干涉
störung,Störung,S,1,不起作用
störung,Störung,S,2,杂乱
störung,Störung,S,3,失调
störung,Störung,S,4,骚动
störung,Störung,S,5,忧虑
stückchen,Stückchen,S,0,小块
stücke,Stücke,S,0,滑稽场面
stücke,Stücke,S,1,一团
stücke,Stücke,S,2,一把
stückzahl,Stückzahl,S,0,件数
stürme,Stürme,S,0,风暴狂风
stützpunkt,Stützpunkt,S,0,堡
subkultur,Subkultur,S,0,亚文化群
subkultur,Subkultur,S,1,次代培养物
subkultur,Subkultur,S,2,次文化
subkultur,Subkultur,S,3,亚文化
substrat,Substrat,S,0,底物
substrat,Substrat,S,1,基片
substrat,Substrat,S,2,衬底
substrat,Substrat,S,3,基层
subvention,Subvention,S,0,补贴
subventioniert,subventioniert,Adj,0,提供资金
sucher,Sucher,S,0,取景器
sucher,Sucher,S,1,调查官
sucher,Sucher,S,2,查询者
sucher,Sucher,S,3,检查官
suchfunktion,Suchfunktion,S,0,查找功能
suchmaschine,Suchmaschine,S,0,搜索引擎
suchmaschinen,Suchmaschinen,S,0,搜索引擎
suffix,Suffix,S,0,下标
suffix,Suffix,S,1,字尾
suizid,Suizid,S,0,自灭
sultan,Sultan,S,0,回教君主
sultan,Sultan,S,1,土耳其皇帝
summa,Summa,S,0,知识大全
summit,Summit,,0,尖峰号
superintendent,Superintendent,S,0,监管
superintendent,Superintendent,S,1,上级
superintendent,Superintendent,S,2,上司
superintendent,Superintendent,S,3,监督人
superstar,Superstar,S,0,大牛
superstar,Superstar,S,1,超级明星
superstar,Superstar,S,2,超级星体
supplement,Supplement,S,0,增补
support,Support,S,0,技术援助
survey,Survey,S,0,测绘学
sushi,Sushi,S,0,鮨
sushi,Sushi,S,1,鮓
sushi,Sushi,S,2,寿司
swinger,Swinger,S,0,赶时髦者
swinger,Swinger,S,1,时髦人物
symbiose,Symbiose,S,0,共同生活
symbiose,Symbiose,S,1,共生关系
symbiose,Symbiose,S,2,共生
symbolik,Symbolik,S,0,符号化
symmetrie,Symmetrie,S,0,对称
symmetrie,Symmetrie,S,1,对称性
symposium,Symposium,S,0,交流会
symposium,Symposium,S,1,讨论会
symposium,Symposium,S,2,酒宴
symptom,Symptom,S,0,症候
symptom,Symptom,S,1,征兆
symptom,Symptom,S,2,症状
synchron,synchron,Adj,0,时间上一致
synchron,synchron,Adj,1,同时发生
synchron,synchron,Adj,2,同期
synchron,synchron,Adj,3,同步
synchron,synchron,Adj,4,共时
synchronisation,Synchronisation,S,0,同步化
synchronisation,Synchronisation,S,1,配音
syndrom,Syndrom,S,0,出差错
syndrom,Syndrom,S,1,并发症状
syndrom,Syndrom,S,2,综合征
syndrom,Syndrom,S,3,症候群
syndrom,Syndrom,S,4,综合症
syphilis,Syphilis,S,0,梅毒
syrer,Syrer,S,0,叙利亚人
syrisch,syrisch,Adj,0,叙利亚
systematik,Systematik,S,0,系统学
szenario,Szenario,S,0,策划概要
szenario,Szenario,S,1,场景
szenario,Szenario,S,2,情节
szenerie,Szenerie,S,0,景
szenerie,Szenerie,S,1,景色
szenerie,Szenerie,S,2,舞台布景
säbel,Säbel,S,0,马刀
säbel,Säbel,S,1,军刀
säge,Säge,S,0,锯子
säge,Säge,S,1,锯
säge,Säge,S,2,锯
sägen,sägen,V,0,拉锯
sägen,sägen,V,1,锯开
sägen,sägen,V,2,锯
sägen,sägen,V,3,锯割
sägewerk,Sägewerk,S,0,锯木厂
sängerin,Sängerin,S,0,歌姬
sängerin,Sängerin,S,1,女歌唱家
sätze,Sätze,S,0,几句
säulen,Säulen,S,0,栋梁
söldner,Söldner,S,0,雇傭兵
söldner,Söldner,S,1,雇佣兵
süd,Süd,S,0,南南合作
süd,Süd,S,1,南南贸易
süddeutsche,Süddeutsche,S,0,德南方人
süddeutsche,Süddeutsche,S,1,德国南方人
südseite,Südseite,S,0,南面
südwest,Südwest,S,0,西南
südwestlich,südwestlich,Adj,0,西南
südwestlich,südwestlich,Adj,1,在西南
südwestlich,südwestlich,Adj,2,从西南
südwestlich,südwestlich,Adj,3,西南方向
südöstlich,südöstlich,Adj,0,东南向
südöstlich,südöstlich,Adj,1,东南方
südöstlich,südöstlich,Adj,2,在东南
südöstlich,südöstlich,Adj,3,从东南
sünde,Sünde,S,0,违法者
sünde,Sünde,S,1,坏事
sünde,Sünde,S,2,罪恶
sünde,Sünde,S,3,罪人
sündenbock,Sündenbock,S,0,替罪羊
sündenbock,Sündenbock,S,1,代罪羔羊
sündenbock,Sündenbock,S,2,替罪羔羊
sünder,Sünder,S,0,违法者
sünder,Sünder,S,1,酗酒者
sünder,Sünder,S,2,坏事
sünder,Sünder,S,3,罪恶
sünder,Sünder,S,4,罪人
tab,Tab,S,0,制表键
tabellenplatz,Tabellenplatz,S,0,榜上排名
tadellos,tadellos,Adj,0,无可指责
tafeln,tafeln,V,0,镶木板
tage,Tage,S,0,日子里
tagebau,Tagebau,S,0,露天采矿厂
tagebau,Tagebau,S,1,露天矿
tagelang,tagelang,Adj,0,一日之久
tageslicht,Tageslicht,S,0,天光
tageslicht,Tageslicht,S,1,昐
tageslicht,Tageslicht,S,2,太阳光
tageszeit,Tageszeit,S,0,日子
tageszeit,Tageszeit,S,1,日时
tagtäglich,tagtäglich,Adj,0,天天
taille,Taille,S,0,肷
taktisch,taktisch,Adj,0,有策略
taktisch,taktisch,Adj,1,策略上
taktisch,taktisch,Adj,2,战术
taktisch,taktisch,Adj,3,战术上
talkshow,Talkshow,S,0,对话节目
tandem,Tandem,S,0,双座脚踏车
tandem,Tandem,S,1,双人自行车
tang,Tang,S,0,唐三彩
tang,Tang,S,1,海草
tanker,Tanker,S,0,油轮
tanker,Tanker,S,1,油船
tanne,Tanne,S,0,冷杉
tanne,Tanne,S,1,杉
tanzschule,Tanzschule,S,0,舞蹈学校
tapete,Tapete,S,0,墙纸
tarifvertrag,Tarifvertrag,S,0,劳资协定
tarifvertrag,Tarifvertrag,S,1,劳资集体合同
tarifvertrag,Tarifvertrag,S,2,支付协议
tarnung,Tarnung,S,0,伪装
taschengeld,Taschengeld,S,0,零花钱
taschengeld,Taschengeld,S,1,零用钱
taschengeld,Taschengeld,S,2,零钱
taschenlampe,Taschenlampe,S,0,手电筒
taschenlampe,Taschenlampe,S,1,手电
taschenmesser,Taschenmesser,S,0,小刀
tastatur,Tastatur,S,0,电脑键盘
tastatur,Tastatur,S,1,键盘
tatenlos,tatenlos,Adj,0,闲着
tatenlos,tatenlos,Adj,1,袖手旁观
tau,Tau,S,0,缆绳
tau,Tau,S,1,绳子
tauben,Tauben,S,0,鸠鸽科
taucher,Taucher,S,0,潜水员
taufe,Taufe,S,0,命名仪式
tauglich,tauglich,Adj,0,合适
tausch,Tausch,S,0,折衷方案
tausende,Tausende,Num,0,数以千计
tausender,Tausender,S,0,壹千
tausender,Tausender,S,1,千元券
tausender,Tausender,S,2,一千
tausendfach,tausendfach,Adj,0,很多次
tausendfach,tausendfach,Adj,1,千倍
tausendfach,tausendfach,Adj,2,上千次
taxifahrer,Taxifahrer,S,0,出租车司机
taxifahrer,Taxifahrer,S,1,面的司機
taxifahrer,Taxifahrer,S,2,出租汽车司机
taxifahrer,Taxifahrer,S,3,的士司机
taxifahrer,Taxifahrer,S,4,计程车司机
teamgeist,Teamgeist,S,0,团队之星
teamleiter,Teamleiter,S,0,组长
teelöffel,Teelöffel,S,0,茶匙
teenager,Teenager,S,0,少年
teer,Teer,S,0,焦油
teilnehmerzahl,Teilnehmerzahl,S,0,参加人数
telefonat,Telefonat,S,0,通电话
telefonat,Telefonat,S,1,电话交谈
telefonat,Telefonat,S,2,电话聊天
telefonnummer,Telefonnummer,S,0,电话号码
telekommunikation,Telekommunikation,S,0,电讯工程
telekommunikation,Telekommunikation,S,1,交往
telekommunikation,Telekommunikation,S,2,电信
temporär,temporär,Adj,0,临时
tendenziell,tendenziell,Adj,0,随发展趋势
tendenziell,tendenziell,Adj,1,符合发展趋势
tenor,Tenor,S,0,男高音
tequila,Tequila,S,0,龙舌兰酒
term,Term,S,0,词语
term,Term,S,1,项
terminal,Terminal,S,0,航站楼
terminal,Terminal,S,1,可终止
terminal,Terminal,S,2,铁路终点站
terminal,Terminal,S,3,航空集散站
terminal,Terminal,S,4,中转站
terminal,Terminal,S,5,有期限
terminal,Terminal,S,6,计算机终端
terminator,Terminator,S,0,终结器
terminologie,Terminologie,S,0,专业语言
terminologie,Terminologie,S,1,术语学
terrier,Terrier,S,0,铁利亚
terroranschlag,Terroranschlag,S,0,恐怖攻击
terroranschlag,Terroranschlag,S,1,恐怖行动
testosteron,Testosteron,S,0,睾丸激素
testosteron,Testosteron,S,1,睾丸甾酮
testosteron,Testosteron,S,2,睾丸酮
testosteron,Testosteron,S,3,睾丸素
testosteron,Testosteron,S,4,睾酮
testosteron,Testosteron,S,5,睪酮
testphase,Testphase,S,0,测试阶段
texten,texten,V,0,做广告文章
texten,texten,V,1,为歌曲配词
texter,Texter,S,0,歌词作者
texter,Texter,S,1,广告文编写人
textilindustrie,Textilindustrie,S,0,纺织工业
textur,Textur,S,0,质地
textur,Textur,S,1,纹理
theatergruppe,Theatergruppe,S,0,话剧团
theatergruppe,Theatergruppe,S,1,话剧班子
theaterstück,Theaterstück,S,0,戏
theke,Theke,S,0,柜台式桌
thematisch,thematisch,Adj,0,主题上
thematisch,thematisch,Adj,1,主题方面
theologisch,theologisch,Adj,0,神学
theoretiker,Theoretiker,S,0,空谈理论家
theoretiker,Theoretiker,S,1,理论家
therapeut,Therapeut,S,0,临床医学家
therapeut,Therapeut,S,1,治疗者
thoma,Thoma,S,0,多马
thorax,Thorax,S,0,胸部
thronfolger,Thronfolger,S,0,世子
thronfolger,Thronfolger,S,1,太子
thronfolger,Thronfolger,S,2,王储
thunfisch,Thunfisch,S,0,鲔鱼
thunfisch,Thunfisch,S,1,金枪鱼
tiefbau,Tiefbau,S,0,道桥工程
tiefbau,Tiefbau,S,1,建设工程
tiefgang,Tiefgang,S,0,吃水
tiefgarage,Tiefgarage,S,0,地下停车场
tiefpunkt,Tiefpunkt,S,0,最低潮
tierarzt,Tierarzt,S,0,兽医
tierarzt,Tierarzt,S,1,宠物医生
tierhaltung,Tierhaltung,S,0,畜牧业
tierhaltung,Tierhaltung,S,1,畜牧学
tierheim,Tierheim,S,0,动物收容所
tierquälerei,Tierquälerei,S,0,虐待动物
tierschutz,Tierschutz,S,0,动物福利
tierwelt,Tierwelt,S,0,动物群
tilgen,tilgen,V,0,删去
tilgung,Tilgung,S,0,消灭
tilgung,Tilgung,S,1,清算
tilgung,Tilgung,S,2,清偿
tilgung,Tilgung,S,3,绝种
tilgung,Tilgung,S,4,熄灭
timing,Timing,S,0,时间测定
timing,Timing,S,1,定时
tippfehler,Tippfehler,S,0,打字错误
tippfehler,Tippfehler,S,1,误植
tippfehler,Tippfehler,S,2,打错字
tischler,Tischler,S,0,木匠
tischtennis,Tischtennis,S,0,乒乓球
tischtennis,Tischtennis,S,1,乒
tischtennis,Tischtennis,S,2,书桌
titan,Titan,S,0,泰坦
titelbild,Titelbild,S,0,扉页画
titelbild,Titelbild,S,1,卷首画
titelblatt,Titelblatt,S,0,扉页
titelseite,Titelseite,S,0,头版
titelverteidiger,Titelverteidiger,S,0,卫冕冠军
titten,Titten,S,0,胸部
toast,Toast,S,0,烘面包
toaster,Toaster,S,0,烤面包机
tochtergesellschaft,Tochtergesellschaft,S,0,附带
todesfall,Todesfall,S,0,死亡
todesfall,Todesfall,S,1,死亡病例
todesopfer,Todesopfer,S,0,受害者
todesopfer,Todesopfer,S,1,死亡人
todesopfer,Todesopfer,S,2,死者
todestag,Todestag,S,0,忌辰
todestag,Todestag,S,1,祭日
todesursache,Todesursache,S,0,死因
todesursache,Todesursache,S,1,死亡原因
todesurteil,Todesurteil,S,0,死刑判决
todesurteil,Todesurteil,S,1,判死刑
toilettenpapier,Toilettenpapier,S,0,卫生纸
toilettenpapier,Toilettenpapier,S,1,手纸
token,Token,S,0,象征性
tolerieren,tolerieren,V,0,宽容
tonart,Tonart,S,0,乐音
tonic,Tonic,S,0,补酒
top,Top,S,0,吊带背心
torf,Torf,S,0,草炭
torf,Torf,S,1,泥煤
torf,Torf,S,2,泥炭
torhüter,Torhüter,S,0,守门员
torhüter,Torhüter,S,1,看门人
torjäger,Torjäger,S,0,实现目标的人
torjäger,Torjäger,S,1,达到目标的人
tornado,Tornado,S,0,龙卷风
torpedo,Torpedo,S,0,鱼雷
torschütze,Torschütze,S,0,好样的
torwart,Torwart,S,0,守门员
totschlag,Totschlag,S,0,杀人
touchdown,Touchdown,S,0,达阵
touchscreen,Touchscreen,S,0,触幕
touren,touren,V,0,观光
touristisch,touristisch,Adj,0,观光者
tournee,Tournee,S,0,观光
tower,Tower,S,0,简称
tragbar,tragbar,Adj,0,便携
tragbar,tragbar,Adj,1,可携带
tragbar,tragbar,Adj,2,可移动
tragbar,tragbar,Adj,3,轻巧
tragbar,tragbar,Adj,4,便携式
tragfähigkeit,Tragfähigkeit,S,0,承载力
tragfähigkeit,Tragfähigkeit,S,1,运载能力
tragfähigkeit,Tragfähigkeit,S,2,承载能力
tragfähigkeit,Tragfähigkeit,S,3,装载量
tragfähigkeit,Tragfähigkeit,S,4,装载能力
tragweite,Tragweite,S,0,有效距离
trailer,Trailer,S,0,电影预告片
trailer,Trailer,S,1,电影宣传片
trainingslager,Trainingslager,S,0,训练基地
trainingslager,Trainingslager,S,1,训练营
trainingslager,Trainingslager,S,2,训练场
trampolin,Trampolin,S,0,蹦床
trampolin,Trampolin,S,1,跳舞毯
transaktion,Transaktion,S,0,交易
transaktion,Transaktion,S,1,事务
transferiert,transferiert,Adj,0,转移
transformation,Transformation,S,0,转变
transformation,Transformation,S,1,变身
transformation,Transformation,S,2,转换
transgender,Transgender,S,0,跨性别
transit,Transit,S,0,过境许可
transit,Transit,S,1,转口
transition,Transition,S,0,转变
translation,Translation,S,0,平移
transporter,Transporter,S,0,运输车辆
transporter,Transporter,S,1,运输车
transporter,Transporter,S,2,小型货车
transporter,Transporter,S,3,货运车
transportmittel,Transportmittel,S,0,运输工具
trauern,trauern,V,0,悲哀
trauma,Trauma,S,0,心理创伤
traumfrau,Traumfrau,S,0,理想女人
traumfrau,Traumfrau,S,1,梦中情人
traumfrau,Traumfrau,S,2,梦女人
traumfrau,Traumfrau,S,3,完美女人
traumhaft,traumhaft,Adj,0,幻影似
traumhaft,traumhaft,Adj,1,梦一样
traumhaft,traumhaft,Adj,2,梦幻
traumhaft,traumhaft,Adj,3,梦一般
trauung,Trauung,S,0,结婚仪式
treiber,Treiber,S,0,传动齿轮
treppen,Treppen,S,0,机器的梯子
treppenhaus,Treppenhaus,S,0,楼梯
treppenhaus,Treppenhaus,S,1,走廊
treppenhaus,Treppenhaus,S,2,楼梯间
trias,Trias,S,0,三迭纪
trias,Trias,S,1,三叠纪
triathlon,Triathlon,S,0,三项全能
triathlon,Triathlon,S,1,铁人三项
tribunal,Tribunal,S,0,法官席
tribut,Tribut,S,0,贡
tribut,Tribut,S,1,贡品
tribut,Tribut,S,2,朝贡体系
trichter,Trichter,S,0,漏斗
trieb,Trieb,S,0,动机
triebwerk,Triebwerk,S,0,引擎
trikot,Trikot,S,0,球衣
trikot,Trikot,S,1,毛织运动衫
trikot,Trikot,S,2,紧身衣
trinker,Trinker,S,0,喝酒者
trinker,Trinker,S,1,醉鬼
trio,Trio,S,0,三重唱
trio,Trio,S,1,三人组
trio,Trio,S,2,三重奏
trivial,trivial,Adj,0,平庸
trivial,trivial,Adj,1,无意义
trivial,trivial,Adj,2,不重要
trockenheit,Trockenheit,S,0,旱灾
trockenheit,Trockenheit,S,1,煝
trockner,Trockner,S,0,干燥炉
trockner,Trockner,S,1,干燥剂
trockner,Trockner,S,2,烘干机
trockner,Trockner,S,3,干燥机
trockner,Trockner,S,4,干燥器
troja,Troja,,0,特洛伊
trojaner,Trojaner,S,0,特洛伊木马
trojaner,Trojaner,S,1,特洛伊人
trojaner,Trojaner,S,2,木马
troll,Troll,S,0,巨魔
trophäe,Trophäe,S,0,奖杯
truck,Truck,S,0,大型货车
truhe,Truhe,S,0,衣箱
truhe,Truhe,S,1,银箱
trumpf,Trumpf,S,0,决定性的一手
trumpf,Trumpf,S,1,更大的牌
trumpf,Trumpf,S,2,王牌
trupp,Trupp,S,0,一队
trupp,Trupp,S,1,班
trupp,Trupp,S,2,一组
trust,Trust,S,0,信赖
trust,Trust,S,1,信托
tränen,Tränen,V,0,泪水
tränen,Tränen,V,1,涕
tränen,Tränen,V,2,眼泪
tränengas,Tränengas,S,0,催泪弹
tränengas,Tränengas,S,1,催泪瓦斯
tränengas,Tränengas,S,2,催泪气体
träumer,Träumer,S,0,空想家
träumer,Träumer,S,1,做梦的人
träumer,Träumer,S,2,梦中人
tröpfchen,Tröpfchen,S,0,小滴
trüb,trüb,Adj,0,不清楚
trüb,trüb,Adj,1,腥
tschechisch,tschechisch,Adj,0,捷克
tsunami,Tsunami,S,0,海啸
tuberkulose,Tuberkulose,S,0,结核病
tuberkulose,Tuberkulose,S,1,结核
tumor,Tumor,S,0,肿块
tumult,Tumult,S,0,喧嚣
tumult,Tumult,S,1,吵闹
tumult,Tumult,S,2,喧哗
tumult,Tumult,S,3,骚动
turbo,Turbo,S,0,涡轮
turnhalle,Turnhalle,S,0,体育馆
typhus,Typhus,S,0,伤寒
tyrann,Tyrann,S,0,霸
tänzer,Tänzer,S,0,舞伴
tänzer,Tänzer,S,1,舞蹈者
tänzer,Tänzer,S,2,舞蹈家
tänzerin,Tänzerin,S,0,女舞蹈演员
tänzerin,Tänzerin,S,1,女舞者
tänzerin,Tänzerin,S,2,舞蹈演员
tänzerin,Tänzerin,S,3,舞女
tänzerin,Tänzerin,S,4,女舞伴
tätigen,tätigen,V,0,行动
tätigen,tätigen,V,1,实行
täufer,Täufer,S,0,施浸者
täufer,Täufer,S,1,洗礼者约翰
täufer,Täufer,S,2,浸信教徒
töpfer,Töpfer,S,0,陶艺家
töpfer,Töpfer,S,1,陶工
töpfer,Töpfer,S,2,陶匠
töpfer,Töpfer,S,3,瓬
töpfer,Töpfer,S,4,制陶工人
tötung,Tötung,S,0,杀戮
tötung,Tötung,S,1,一般杀人罪
tötung,Tötung,S,2,杀人
türke,Türke,S,0,土耳其人
türke,Türke,S,1,突厥人
türkis,Türkis,S,0,松石
türkis,Türkis,S,1,松兒石
uhrwerk,Uhrwerk,S,0,发条装置
uhrwerk,Uhrwerk,S,1,钟表机构
uhrzeigersinn,Uhrzeigersinn,S,0,时针
uhrzeit,Uhrzeit,S,0,点钟
uhrzeit,Uhrzeit,S,1,钟
uhu,Uhu,S,0,雕鸮
uhu,Uhu,S,1,一种猫头鹰
ukrainer,Ukrainer,S,0,乌克兰人
ultimatum,Ultimatum,S,0,最后通牒
ultimatum,Ultimatum,S,1,哀的美敦书
ultra,Ultra,S,0,极端分子
ultra,Ultra,S,1,激进主义者
ultraschall,Ultraschall,S,0,超声波
ultraschall,Ultraschall,S,1,超声波学
ultraschall,Ultraschall,S,2,超声
ultraschall,Ultraschall,S,3,超音
um,um,Konj,0,借以
umbau,Umbau,S,0,改建的建筑物
umbenennung,Umbenennung,S,0,更名
umbruch,Umbruch,S,0,转变
umbruch,Umbruch,S,1,鼎革
umfahren,umfahren,V,0,描绘出
umfahren,umfahren,V,1,撞倒
umfahren,umfahren,V,2,绕圈子
umfahren,umfahren,V,3,绕开行驶
umfeld,Umfeld,S,0,周围环境
umgehung,Umgehung,S,0,回避
umgehung,Umgehung,S,1,旁路
umgesetzt,umgesetzt,Adj,0,使转换
umgesetzt,umgesetzt,Adj,1,调走
umhang,Umhang,S,0,帔
umher,umher,Adv,0,四处
umhüllt,umhüllt,Adj,0,未发现
umhüllt,umhüllt,Adj,1,围上
umhüllt,umhüllt,Adj,2,裹起来
umhüllt,umhüllt,Adj,3,包起来
umkehrung,Umkehrung,S,0,倒反
umlage,Umlage,S,0,分配额
umlaufbahn,Umlaufbahn,S,0,运行轨道
umlaufbahn,Umlaufbahn,S,1,行星轨道
umsatzsteuer,Umsatzsteuer,S,0,交易税
umstrukturierung,Umstrukturierung,S,0,重组
umstrukturierung,Umstrukturierung,S,1,改组
umsturz,Umsturz,S,0,推翻
umsturz,Umsturz,S,1,鼎革
umstände,Umstände,S,0,势子
umverteilung,Umverteilung,S,0,重分配
umweltschützer,Umweltschützer,S,0,环保主义者
umweltverschmutzung,Umweltverschmutzung,S,0,污染环境
umweltverschmutzung,Umweltverschmutzung,S,1,环境污染
unabdingbar,unabdingbar,Adj,0,不容商讨
unabdingbar,unabdingbar,Adj,1,绝对必要
unangebracht,unangebracht,Adj,0,不得体
unangemessen,unangemessen,Adj,0,失当
unangemessen,unangemessen,Adj,1,不成比例
unangemessen,unangemessen,Adj,2,不相称
unannehmlichkeiten,Unannehmlichkeiten,S,0,不便
unanständig,unanständig,Adj,0,不正经
unanständig,unanständig,Adj,1,不正派
unanständig,unanständig,Adj,2,不合礼仪的
unanständig,unanständig,Adj,3,不雅
unanständig,unanständig,Adj,4,歪
unantastbar,unantastbar,Adj,0,不可侵犯
unattraktiv,unattraktiv,Adj,0,无吸引力
unattraktiv,unattraktiv,Adj,1,不能打动人
unbedenklich,unbedenklich,Adj,0,毫不迟疑
unbedeutend,unbedeutend,Adj,0,无关重要
unbedeutend,unbedeutend,Adj,1,蕞
unbedeutend,unbedeutend,Adj,2,小嘎嘣豆
unbedeutend,unbedeutend,Adj,3,委琐
unbedeutend,unbedeutend,Adj,4,微不足道
unbefriedigend,unbefriedigend,Adj,0,不称心
unbefriedigend,unbefriedigend,Adj,1,令人不满意
unbefriedigend,unbefriedigend,Adj,2,不够好
unbefriedigend,unbefriedigend,Adj,3,不够理想
unbefriedigend,unbefriedigend,Adj,4,不充分
unbefriedigend,unbefriedigend,Adj,5,不适用
unbefristet,unbefristet,Adj,0,没有限制
unbefristet,unbefristet,Adj,1,无限
unbefristet,unbefristet,Adj,2,不受限制
unbefristet,unbefristet,Adj,3,无边际
unbefristet,unbefristet,Adj,4,绝大
unbegreiflich,unbegreiflich,Adj,0,不可理解
unbegreiflich,unbegreiflich,Adj,1,不可捉摸
unbehelligt,unbehelligt,Adj,0,无苦恼
unbehelligt,unbehelligt,Adj,1,无麻烦
unbekannte,Unbekannte,S,0,未知元
unbekannte,Unbekannte,S,1,新来者
unbekannte,Unbekannte,S,2,未知量
unbekannte,Unbekannte,S,3,未知数
unbekannte,Unbekannte,S,4,未详
unbeliebt,unbeliebt,Adj,0,不讨人喜欢
unbequem,unbequem,Adj,0,不舒服
unbequem,unbequem,Adj,1,不方便
unberechenbar,unberechenbar,Adj,0,诡谲
unberechenbar,unberechenbar,Adj,1,捉摸不定
unberechtigt,unberechtigt,Adj,0,没有保证
unberechtigt,unberechtigt,Adj,1,未获得授权
unberechtigt,unberechtigt,Adj,2,无权
unberechtigt,unberechtigt,Adj,3,未经许可
unberechtigt,unberechtigt,Adj,4,无理
unberechtigt,unberechtigt,Adj,5,不公正
unbeschwert,unbeschwert,Adj,0,无忧无虑
unbeschwert,unbeschwert,Adj,1,自由自在
unbeschwert,unbeschwert,Adj,2,有活力
unbestimmte,Unbestimmte,S,0,未定元
unbestimmte,Unbestimmte,S,1,不确定
unbezahlbar,unbezahlbar,Adj,0,无价
unbezahlbar,unbezahlbar,Adj,1,金不换
unbrauchbar,unbrauchbar,Adj,0,废
unbrauchbar,unbrauchbar,Adj,1,不重要
unbrauchbar,unbrauchbar,Adj,2,无关紧要
unbrauchbar,unbrauchbar,Adj,3,不能用
undankbar,undankbar,Adj,0,忘恩负义
undankbar,undankbar,Adj,1,不感恩
undankbar,undankbar,Adj,2,不知感恩
uneingeschränkt,uneingeschränkt,Adj,0,无限
uneingeschränkt,uneingeschränkt,Adj,1,不受限制
uneingeschränkt,uneingeschränkt,Adj,2,不受拘束
uneinigkeit,Uneinigkeit,S,0,不统一
uneinigkeit,Uneinigkeit,S,1,各执一词
unendlichkeit,Unendlichkeit,S,0,无限性
unendlichkeit,Unendlichkeit,S,1,无限
unentdeckt,unentdeckt,Adj,0,无斑点
unentdeckt,unentdeckt,Adj,1,未发现
unentdeckt,unentdeckt,Adj,2,未知
unentdeckt,unentdeckt,Adj,3,无污点
unentdeckt,unentdeckt,Adj,4,无瑕
unentschieden,unentschieden,Adj,0,媕
unentschieden,unentschieden,Adj,1,不能决定
unentschieden,unentschieden,Adj,2,纠结
unentschieden,unentschieden,Adj,3,踟
unentschieden,unentschieden,Adj,4,摇摆不定的
unentschieden,unentschieden,Adj,5,优柔寡断
unentschieden,unentschieden,Adj,6,不确定
unentschieden,unentschieden,Adj,7,犹豫
unentschlossen,unentschlossen,Adj,0,摇摆不定
unentschlossen,unentschlossen,Adj,1,徨
unentschlossen,unentschlossen,Adj,2,佪
unentschlossen,unentschlossen,Adj,3,徊
unentschlossen,unentschlossen,Adj,4,反复推敲
unentschlossen,unentschlossen,Adj,5,徘
unentschlossen,unentschlossen,Adj,6,徬
unentschlossen,unentschlossen,Adj,7,蹰
unentschlossen,unentschlossen,Adj,8,彷
unentschlossen,unentschlossen,Adj,9,优柔寡断
unentschlossen,unentschlossen,Adj,10,犹豫
unerfahren,unerfahren,Adj,0,无经验
unerfahren,unerfahren,Adj,1,二把刀
unerfahren,unerfahren,Adj,2,幼
unerfahren,unerfahren,Adj,3,未经训练
unerfahren,unerfahren,Adj,4,不精通
unerheblich,unerheblich,Adj,0,可以忽略
unerheblich,unerheblich,Adj,1,不重要
unerheblich,unerheblich,Adj,2,不合逻辑
unerheblich,unerheblich,Adj,3,无关紧要
unerheblich,unerheblich,Adj,4,不切题
unerhört,unerhört,Adj,0,前所未闻
unerhört,unerhört,Adj,1,史无前例
unerhört,unerhört,Adj,2,岂有此理
unerhört,unerhört,Adj,3,闻所未闻
unerlaubt,unerlaubt,Adj,0,未经许可
unerreichbar,unerreichbar,Adj,0,不能及
unerreichbar,unerreichbar,Adj,1,不能得到
unerreichbar,unerreichbar,Adj,2,无法实现
unerreichbar,unerreichbar,Adj,3,不能到达
unerreichbar,unerreichbar,Adj,4,做不到
unerreichbar,unerreichbar,Adj,5,无法得到
unerreichbar,unerreichbar,Adj,6,可望而不可及
unerreichbar,unerreichbar,Adj,7,难获得
unerwarteten,unerwarteten,V,0,非期望的
unerwähnt,unerwähnt,Adj,0,没有提到
unerwünscht,unerwünscht,Adj,0,无心
unerwünscht,unerwünscht,Adj,1,无意
unerwünscht,unerwünscht,Adj,2,不受欢迎
unfallflucht,Unfallflucht,S,0,事故逃逸
unfallflucht,Unfallflucht,S,1,逃离事故现场
unfallort,Unfallort,S,0,事故现场
unfallstelle,Unfallstelle,S,0,事故现场
unfallversicherung,Unfallversicherung,S,0,意外险
unfallversicherung,Unfallversicherung,S,1,意外事故保险
unfassbar,unfassbar,Adj,0,蠢态可掏的
unfassbar,unfassbar,Adj,1,可望而不可即
unfreiwillig,unfreiwillig,Adj,0,非自愿
unfreiwillig,unfreiwillig,Adj,1,无意
unfreiwillig,unfreiwillig,Adj,2,不情愿
ungarisch,ungarisch,Adj,0,匈牙利人
ungarisch,ungarisch,Adj,1,匈
ungeachtet,ungeachtet,,0,不管
ungeachtet,ungeachtet,,1,苟
ungebrochen,ungebrochen,Adj,0,队伍没被弄乱
ungebrochen,ungebrochen,Adj,1,未被打破
ungebrochen,ungebrochen,Adj,2,未中断
ungebrochen,ungebrochen,Adj,3,一个接一个
ungeduld,Ungeduld,S,0,不耐烦
ungehindert,ungehindert,Adj,0,无阻
ungehindert,ungehindert,Adj,1,畅通
ungehorsam,ungehorsam,Adj,0,不顺从
ungehorsam,ungehorsam,Adj,1,不尽职
ungehorsam,ungehorsam,Adj,2,不听话
ungeklärt,ungeklärt,Adj,0,未解决
ungeklärt,ungeklärt,Adj,1,未处理
ungelöst,ungelöst,Adj,0,未解决
ungelöst,ungelöst,Adj,1,待解
ungemütlich,ungemütlich,Adj,0,不舒服
ungemütlich,ungemütlich,Adj,1,不方便
ungemütlich,ungemütlich,Adj,2,不恰当
ungenau,ungenau,Adj,0,不准确
ungeniert,ungeniert,Adj,0,不知羞耻
ungeniert,ungeniert,Adj,1,不受约束
ungerade,ungerade,Adj,0,不直
ungerechtigkeit,Ungerechtigkeit,S,0,不公正行为
ungerechtigkeit,Ungerechtigkeit,S,1,冤
ungerechtigkeit,Ungerechtigkeit,S,2,非正义性
ungestraft,ungestraft,Adj,0,未处罚
ungestraft,ungestraft,Adj,1,不受处罚
ungesund,ungesund,Adj,0,对身体有害
ungesund,ungesund,Adj,1,影响健康
ungesund,ungesund,Adj,2,不健康
ungewissheit,Ungewissheit,S,0,无把握
ungewissheit,Ungewissheit,S,1,不确定性
ungewohnt,ungewohnt,Adj,0,不寻常
ungewohnt,ungewohnt,Adj,1,不惯
ungewohnt,ungewohnt,Adj,2,不常用
ungewohnt,ungewohnt,Adj,3,不同惯例
ungewohnt,ungewohnt,Adj,4,不习惯
ungewohnt,ungewohnt,Adj,5,不常有
ungewollt,ungewollt,Adj,0,无心
ungewollt,ungewollt,Adj,1,无意
ungewollt,ungewollt,Adj,2,不是故意
ungewollt,ungewollt,Adj,3,不受欢迎
ungewollt,ungewollt,Adj,4,未寻求
ungeziefer,Ungeziefer,S,0,害虫
unglaubwürdig,unglaubwürdig,Adj,0,不敢相信
unglaubwürdig,unglaubwürdig,Adj,1,玄乎
ungleichgewicht,Ungleichgewicht,S,0,非平衡态
ungleichgewicht,Ungleichgewicht,S,1,不平衡性
ungleichgewicht,Ungleichgewicht,S,2,失衡
ungleichheit,Ungleichheit,S,0,不均衡
ungleichheit,Ungleichheit,S,1,不一致
ungläubig,ungläubig,Adj,0,不信神
ungläubig,ungläubig,Adj,1,无信仰
ungläubig,ungläubig,Adj,2,表示怀疑
unglücklicherweise,unglücklicherweise,Adv,0,不幸地
unglücklicherweise,unglücklicherweise,Adv,1,倒霉地
unhaltbar,unhaltbar,Adj,0,不能维持
unhaltbar,unhaltbar,Adj,1,不功自破
unhaltbar,unhaltbar,Adj,2,停不住
unhaltbar,unhaltbar,Adj,3,不可停顿
unhaltbar,unhaltbar,Adj,4,无法防卫
unhaltbar,unhaltbar,Adj,5,支持不住
unhaltbar,unhaltbar,Adj,6,忍受不了
unhaltbar,unhaltbar,Adj,7,不能防守
unheilbar,unheilbar,Adj,0,无法挽回
unheilbar,unheilbar,Adj,1,无法医治
unheilbar,unheilbar,Adj,2,无法补救
unheilbar,unheilbar,Adj,3,无可救药
unhöflich,unhöflich,Adj,0,不礼貌
unhöflich,unhöflich,Adj,1,失仪
unhöflich,unhöflich,Adj,2,无礼地
unhöflich,unhöflich,Adj,3,不客气
uninteressant,uninteressant,Adj,0,没有意思
universell,universell,Adj,0,普遍
universell,universell,Adj,1,全部
universell,universell,Adj,2,普世
universitätsbibliothek,Universitätsbibliothek,S,0,大学图书馆
unkenntnis,Unkenntnis,S,0,未受教育
unkenntnis,Unkenntnis,S,1,缺乏知识
unklug,unklug,Adj,0,不智
unklug,unklug,Adj,1,无智
unkompliziert,unkompliziert,Adj,0,不复杂
unkompliziert,unkompliziert,Adj,1,易懂
unkontrolliert,unkontrolliert,Adj,0,未加控制
unkontrolliert,unkontrolliert,Adj,1,失控
unkontrolliert,unkontrolliert,Adj,2,未受约束
unkraut,Unkraut,S,0,野草
unkraut,Unkraut,S,1,稊
unkritisch,unkritisch,Adj,0,不严厉
unlogisch,unlogisch,Adj,0,不合逻辑
unlogisch,unlogisch,Adj,1,非逻辑
unmissverständlich,unmissverständlich,Adj,0,清楚明确的
unmoralisch,unmoralisch,Adj,0,不合伦理
unmoralisch,unmoralisch,Adj,1,不道德
unmoralisch,unmoralisch,Adj,2,品行不正
unmöglichkeit,Unmöglichkeit,S,0,不可能的事
unnatürlich,unnatürlich,Adj,0,不自然
unpassend,unpassend,Adj,0,不适合
unpassend,unpassend,Adj,1,不恰当
unpassend,unpassend,Adj,2,不合适
unpassend,unpassend,Adj,3,欠妥
unpassend,unpassend,Adj,4,不相宜
unpraktisch,unpraktisch,Adj,0,虚浮
unpraktisch,unpraktisch,Adj,1,不实用
unprofessionell,unprofessionell,Adj,0,不熟练
unprofessionell,unprofessionell,Adj,1,不专业
unscharf,unscharf,Adj,0,不精细
unscharf,unscharf,Adj,1,看不清楚
unscharf,unscharf,Adj,2,不精确
unscharf,unscharf,Adj,3,不清晰
unschlagbar,unschlagbar,Adj,0,无敌
unschlagbar,unschlagbar,Adj,1,打不垮
unschlagbar,unschlagbar,Adj,2,无以伦比
unschlagbar,unschlagbar,Adj,3,不能废弃
unschlagbar,unschlagbar,Adj,4,难使无效
unschuldsvermutung,Unschuldsvermutung,S,0,无罪推定原则
unschön,unschön,Adj,0,不能打动人
unschön,unschön,Adj,1,没有吸引力
unschön,unschön,Adj,2,不美丽
unsere,unsere,Pron,0,我们的
unsterblich,unsterblich,Adj,0,不死
unsterblich,unsterblich,Adj,1,永存
unstimmigkeiten,Unstimmigkeiten,S,0,错配
unstrittig,unstrittig,Adj,0,没有争议
unsympathisch,unsympathisch,Adj,0,寡恩
untauglich,untauglich,Adj,0,不正当
untauglich,untauglich,Adj,1,不合适
unterarm,Unterarm,S,0,前臂
unterarm,Unterarm,S,1,腋下
unterbau,Unterbau,S,0,底层结构
unterbau,Unterbau,S,1,次结构
unterbau,Unterbau,S,2,下层建筑
unterbau,Unterbau,S,3,基业
unterbau,Unterbau,S,4,子结构
unterbewusstsein,Unterbewusstsein,S,0,潜在意识
unterbewusstsein,Unterbewusstsein,S,1,潜意识
unterbreiten,unterbreiten,V,0,呈交
unterbreiten,unterbreiten,V,1,提请
unterbrochen,unterbrochen,Adj,0,不连续
unterfangen,Unterfangen,S,0,冒险
unterführung,Unterführung,S,0,隧道
unterführung,Unterführung,S,1,地下通道
unterführung,Unterführung,S,2,地道
untergeordnet,untergeordnet,Adj,0,附属
untergeordnet,untergeordnet,Adj,1,第二位
untergeordnet,untergeordnet,Adj,2,裨
untergeordnet,untergeordnet,Adj,3,下级
untergeordnet,untergeordnet,Adj,4,下层
unterhaltsam,unterhaltsam,Adj,0,好玩儿
unterirdisch,unterirdisch,Adj,0,地底
unterirdisch,unterirdisch,Adj,1,阴间
unterirdisch,unterirdisch,Adj,2,表面下
unterirdisch,unterirdisch,Adj,3,隧
unterirdisch,unterirdisch,Adj,4,地下
unterkiefer,Unterkiefer,S,0,下颌骨
unterkiefer,Unterkiefer,S,1,下巴
unterlagen,Unterlagen,S,0,书面材料
unterlassen,unterlassen,V,0,隐忍
unterlassung,Unterlassung,S,0,遗漏
unterlassung,Unterlassung,S,1,脱漏
unterleib,Unterleib,S,0,小腹
unterleib,Unterleib,S,1,下腹
unterleib,Unterleib,S,2,肚
unterleib,Unterleib,S,3,下半身
untermauern,untermauern,V,0,加派
unternehmensberatung,Unternehmensberatung,S,0,企业咨询
unternehmensführung,Unternehmensführung,S,0,管理学
unternehmensführung,Unternehmensführung,S,1,企业经营
unteroffizier,Unteroffizier,S,0,士官
unteroffizier,Unteroffizier,S,1,下级军官
unteroffizier,Unteroffizier,S,2,中士
unteroffizier,Unteroffizier,S,3,军士
unterordnung,Unterordnung,S,0,统属
unterschicht,Unterschicht,S,0,下层
unterschlagen,unterschlagen,V,0,中饱
unterschlagen,unterschlagen,V,1,吞没
unterschlagen,unterschlagen,V,2,挪用
unterschlagen,unterschlagen,V,3,克扣
unterschätzt,unterschätzt,Adj,0,未受重视
unterstand,Unterstand,S,0,屏障
unterstützend,unterstützend,Adj,0,支援性
untersuchungsausschuss,Untersuchungsausschuss,S,0,调查委员会
untersuchungshaft,Untersuchungshaft,S,0,拘留审查
unterteilen,unterteilen,V,0,成碎片
unterteilen,unterteilen,V,1,弄碎
unterteilen,unterteilen,V,2,分区
unterteilen,unterteilen,V,3,切分
unterteilen,unterteilen,V,4,分块
unterteilung,Unterteilung,S,0,细分
untertitel,Untertitel,S,0,副标题
untertitel,Untertitel,S,1,副题
untertitel,Untertitel,S,2,字幕
untertiteln,untertiteln,V,0,加小标题
untertiteln,untertiteln,V,1,加副标题
unterwäsche,Unterwäsche,S,0,内裤
unterwäsche,Unterwäsche,S,1,内衣
unterwäsche,Unterwäsche,S,2,内衣裤
unterwäsche,Unterwäsche,S,3,贴身衣
unterzeichner,Unterzeichner,S,0,签字者
unterzeichner,Unterzeichner,S,1,署名者
untreu,untreu,Adj,0,不忠诚
untreu,untreu,Adj,1,不老实
untreue,Untreue,S,0,不忠实
untätig,untätig,Adj,0,无所事事
unverantwortlich,unverantwortlich,Adj,0,没有责任
unverantwortlich,unverantwortlich,Adj,1,不负责任
unvereinbar,unvereinbar,Adj,0,牛头不对马嘴
unvergessen,unvergessen,Adj,0,不抛弃
unvergessen,unvergessen,Adj,1,不放弃
unvergessen,unvergessen,Adj,2,不忘
unvergesslich,unvergesslich,Adj,0,难忘
unvergesslich,unvergesslich,Adj,1,忘不了
unvergesslich,unvergesslich,Adj,2,令人难忘
unvergesslich,unvergesslich,Adj,3,永铭于心
unverhofft,unverhofft,Adj,0,预想不到
unverhofft,unverhofft,Adj,1,意外
unverletzt,unverletzt,Adj,0,太平
unverletzt,unverletzt,Adj,1,没有受到伤害
unverletzt,unverletzt,Adj,2,未受伤
unvermeidbar,unvermeidbar,Adj,0,不可缺少
unvermeidbar,unvermeidbar,Adj,1,不可避免
unvernünftig,unvernünftig,Adj,0,不合理
unvernünftig,unvernünftig,Adj,1,无理
unverschämt,unverschämt,Adj,0,粗野
unverschämt,unverschämt,Adj,1,厚颜无耻
unversehrtheit,Unversehrtheit,S,0,未损坏
unverzichtbar,unverzichtbar,Adj,0,绝对必要
unvollständig,unvollständig,Adj,0,不完全
unvollständig,unvollständig,Adj,1,未尽
unvollständig,unvollständig,Adj,2,不完整
unvollständig,unvollständig,Adj,3,才开始
unvorbereitet,unvorbereitet,Adj,0,未做准备
unvorbereitet,unvorbereitet,Adj,1,无准备
unvorbereitet,unvorbereitet,Adj,2,意外
unwahr,unwahr,Adj,0,违心
unwetter,Unwetter,S,0,天气恶劣
unwetter,Unwetter,S,1,风雪吹袭
unwetter,Unwetter,S,2,大发雷霆
unwichtig,unwichtig,Adj,0,小可
unwichtig,unwichtig,Adj,1,不重要
unwichtig,unwichtig,Adj,2,无关紧要
unwirksam,unwirksam,Adj,0,不起作用
unwirksam,unwirksam,Adj,1,无助益
unwirksam,unwirksam,Adj,2,无效率
unwissend,unwissend,Adj,0,没有经验
unwissend,unwissend,Adj,1,没有知识
unwissend,unwissend,Adj,2,不能知道
unwissend,unwissend,Adj,3,无知
unwissend,unwissend,Adj,4,一丁不识
unwissend,unwissend,Adj,5,一无所知
unwohl,unwohl,Adj,0,不舒服
unwohl,unwohl,Adj,1,不健康
unwohl,unwohl,Adj,2,引起呕吐
unwohl,unwohl,Adj,3,有点发晕
unzucht,Unzucht,S,0,淫乱
unzucht,Unzucht,S,1,婚前性行为
unzucht,Unzucht,S,2,好色
unzufrieden,unzufrieden,Adj,0,不满
unzufrieden,unzufrieden,Adj,1,牢骚
unzufrieden,unzufrieden,Adj,2,不安分
unzufrieden,unzufrieden,Adj,3,情绪不好
unzufrieden,unzufrieden,Adj,4,抱不平
unzumutbar,unzumutbar,Adj,0,不负责任
unzumutbar,unzumutbar,Adj,1,无责任感
unzumutbar,unzumutbar,Adj,2,难以接受
unzuverlässig,unzuverlässig,Adj,0,不可信
unzuverlässig,unzuverlässig,Adj,1,不可信赖
unzuverlässig,unzuverlässig,Adj,2,不精确
unübersehbar,unübersehbar,Adj,0,无法估计
unübersehbar,unübersehbar,Adj,1,极易看见
unübersehbar,unübersehbar,Adj,2,无限
unübersichtlich,unübersichtlich,Adj,0,不一目了然
unübersichtlich,unübersichtlich,Adj,1,不明显
unüblich,unüblich,Adj,0,不寻常
update,Update,S,0,升级
upload,Upload,S,0,上载和下载
uralt,uralt,Adj,0,太古
uralt,uralt,Adj,1,相当旧
uralt,uralt,Adj,2,年老
uralt,uralt,Adj,3,相当老
ureinwohner,Ureinwohner,S,0,山地人
ureinwohner,Ureinwohner,S,1,土着居民
ureinwohner,Ureinwohner,S,2,原始居民
ureinwohner,Ureinwohner,S,3,土著人
urenkel,Urenkel,S,0,重孙
urheberrechtlich,urheberrechtlich,Adj,0,有版权保护
urheberrechtlich,urheberrechtlich,Adj,1,受着作权保护
urin,Urin,S,0,尿液
urin,Urin,S,1,尿
urknall,Urknall,S,0,大爆炸
urknall,Urknall,S,1,大爆炸理论
urknall,Urknall,S,2,宇宙大爆炸
urlauber,Urlauber,S,0,度假者
urne,Urne,S,0,罋
urne,Urne,S,1,鼎
urne,Urne,S,2,甕
urne,Urne,S,3,骨罈
urne,Urne,S,4,瓮
urne,Urne,S,5,票箱
ursächlich,ursächlich,Adj,0,有因果关系
user,User,S,0,电脑用户
user,User,S,1,吸毒成瘾者
utopia,Utopia,S,0,世外桃源
utopia,Utopia,S,1,理想国
vagina,Vagina,S,0,小妹妹
vagina,Vagina,S,1,阴道
vakuum,Vakuum,S,0,真空
valentinstag,Valentinstag,S,0,情人节
vampir,Vampir,S,0,吸血蝙蝠
vampir,Vampir,S,1,吸血鬼
vandalen,Vandalen,S,0,汪达尔人
vandalismus,Vandalismus,S,0,破坏
variable,Variable,S,0,变量
variable,Variable,S,1,变项
variable,Variable,S,2,会变
variable,Variable,S,3,変项
varianz,Varianz,S,0,变异数
varianz,Varianz,S,1,方差
vaterschaft,Vaterschaft,S,0,父道
vaterschaft,Vaterschaft,S,1,父亲的身份
vatertag,Vatertag,S,0,父亲节
vegetarier,Vegetarier,S,0,吃素的人
vegetarier,Vegetarier,S,1,素食者
vegetarier,Vegetarier,S,2,吃素者
vegetarier,Vegetarier,S,3,素食主义者
vehement,vehement,Adj,0,激烈
vehikel,Vehikel,S,0,运在工具
vektor,Vektor,S,0,向量
vektor,Vektor,S,1,矢量
vektor,Vektor,S,2,向量
vektor,Vektor,S,3,矢
verallgemeinerung,Verallgemeinerung,S,0,概括化
verallgemeinerung,Verallgemeinerung,S,1,普遍化
verallgemeinerung,Verallgemeinerung,S,2,广义
verallgemeinerung,Verallgemeinerung,S,3,泛化
veraltet,veraltet,Adj,0,已过时
veranda,Veranda,S,0,桥面
veranlagung,Veranlagung,S,0,气质
veranlagung,Veranlagung,S,1,特质
veranstalter,Veranstalter,S,0,主办者
veranstalter,Veranstalter,S,1,主办单位
verantwortlicher,Verantwortlicher,S,0,负责人
verantwortlichkeit,Verantwortlichkeit,S,0,荷
verarbeitet,verarbeitet,Adj,0,克服
verarbeitet,verarbeitet,Adj,1,消化
verarbeitet,verarbeitet,Adj,2,完工
verb,Verb,S,0,动
verbal,verbal,Adj,0,动词的
verbal,verbal,Adj,1,言语的
verbannt,verbannt,Adj,0,赶走
verbiegen,verbiegen,V,0,弯了
verbiegen,verbiegen,V,1,教坏
verbiegen,verbiegen,V,2,弄弯
verbiegen,verbiegen,V,3,使变坏
verbiegen,verbiegen,V,4,扭曲
verbissen,verbissen,Adj,0,苦苦
verbissen,verbissen,Adj,1,强忍住
verbissen,verbissen,Adj,2,忍住
verbissen,verbissen,Adj,3,抑住
verblassen,verblassen,V,0,淡化
verbleib,Verbleib,S,0,下落
verbleib,Verbleib,S,1,留存
verblüfft,verblüfft,Adj,0,讶
verblüfft,verblüfft,Adj,1,木然
verblüfft,verblüfft,Adj,2,目瞪口呆
verboten,verboten,Adj,0,不准许
verboten,verboten,Adj,1,禁止
verboten,verboten,Adj,2,被禁止
verbracht,verbracht,Adj,0,花费
verbracht,verbracht,Adj,1,度过
verbrannt,verbrannt,Adj,0,煳
verbraucht,verbraucht,Adj,0,已不用
verbraucht,verbraucht,Adj,1,用坏
verbraucht,verbraucht,Adj,2,耗光
verbreitet,verbreitet,Adj,0,散布
verbreitet,verbreitet,Adj,1,蔓延
verbreitung,Verbreitung,S,0,散播
verbreitung,Verbreitung,S,1,分布情况
verbreitung,Verbreitung,S,2,散布
verbrennungsmotor,Verbrennungsmotor,S,0,燃机
verbrennungsmotor,Verbrennungsmotor,S,1,内燃机
verbunden,verbunden,Adj,0,心怀感激
verbunden,verbunden,Adj,1,联盟
verbunden,verbunden,Adj,2,联系着
verbunden,verbunden,Adj,3,绾
verbunden,verbunden,Adj,4,缠束
verbundenheit,Verbundenheit,S,0,团结一致
verdient,verdient,Adj,0,挣得
verdient,verdient,Adj,1,活该
verdient,verdient,Adj,2,赚取
verdient,verdient,Adj,3,有功
verdient,verdient,Adj,4,配受
verdient,verdient,Adj,5,有贡献
verdient,verdient,Adj,6,罪有应得
verdient,verdient,Adj,7,应得
verdoppelung,Verdoppelung,S,0,双重
verdorben,verdorben,Adj,0,餲
verdreht,verdreht,Adj,0,昏头昏脑
verdreht,verdreht,Adj,1,扭伤
verdreht,verdreht,Adj,2,脑筋不正常
verdreht,verdreht,Adj,3,迷惘
verdrängung,Verdrängung,S,0,逐出
verehrer,Verehrer,S,0,敬慕者
verehrer,Verehrer,S,1,崇拜者
verehrer,Verehrer,S,2,仰慕者
verehrer,Verehrer,S,3,追求者
vereidigt,vereidigt,Adj,0,发誓过
vereinbarkeit,Vereinbarkeit,S,0,相容性
vereinbart,vereinbart,Adj,0,商议好的
vereinfacht,vereinfacht,Adj,0,简易化
vereinfachung,Vereinfachung,S,0,简单化
vereint,vereint,Adj,0,使调和
vereitelt,vereitelt,Adj,0,逃走
vererbt,vererbt,Adj,0,遗传
vererbt,vererbt,Adj,1,世袭
vererbung,Vererbung,S,0,遗传
verfassungswidrig,verfassungswidrig,Adj,0,违宪
verfassungswidrig,verfassungswidrig,Adj,1,违反宪法
verfechter,Verfechter,S,0,提议者
verfechter,Verfechter,S,1,辩护者
verfechter,Verfechter,S,2,维护者
verfechter,Verfechter,S,3,捍卫者
verfeinert,verfeinert,Adj,0,斯文
verfeinert,verfeinert,Adj,1,文气
verfilmung,Verfilmung,S,0,电影版
verfilmung,Verfilmung,S,1,拍电影
verfolger,Verfolger,S,0,猎人
verfolger,Verfolger,S,1,追赶者
verfolger,Verfolger,S,2,跟踪者
verfolger,Verfolger,S,3,盯梢者
verfolgungsjagd,Verfolgungsjagd,S,0,追逐
verfolgungsjagd,Verfolgungsjagd,S,1,追车
vergabe,Vergabe,S,0,发错牌
vergangen,vergangen,Adj,0,逝去
vergangen,vergangen,Adj,1,前次
vergebung,Vergebung,S,0,原谅
vergebung,Vergebung,S,1,免罪
vergebung,Vergebung,S,2,宽宥
vergebung,Vergebung,S,3,饶恕
vergewaltiger,Vergewaltiger,S,0,强奸犯
vergewaltigt,vergewaltigt,Adj,0,轮奸
vergewaltigt,vergewaltigt,Adj,1,强迫
vergewaltigt,vergewaltigt,Adj,2,强迫
vergiftung,Vergiftung,S,0,中毒
vergleichbarkeit,Vergleichbarkeit,S,0,可比较
vergleichbarkeit,Vergleichbarkeit,S,1,相似性
vergleichbarkeit,Vergleichbarkeit,S,2,可比性
vergnügt,vergnügt,Adj,0,快活
vergriffen,vergriffen,Adj,0,已售完
vergriffen,vergriffen,Adj,1,已绝版
vergänglichkeit,Vergänglichkeit,S,0,桃花运
verhaftet,verhaftet,Adj,0,被抓
verhaltensmuster,Verhaltensmuster,S,0,行为模式
verharmlosung,Verharmlosung,S,0,轻视
verharren,verharren,V,0,暂停
verheerend,verheerend,Adj,0,破坏性
verheerend,verheerend,Adj,1,灾难
verheerend,verheerend,Adj,2,灾难性
verheerend,verheerend,Adj,3,可怕
verhindert,verhindert,Adj,0,阻碍
verhängt,verhängt,Adj,0,宣布
verhängt,verhängt,Adj,1,被强加
verhängt,verhängt,Adj,2,强加于
verhängt,verhängt,Adj,3,罩上
verhängt,verhängt,Adj,4,实行惩罚
verhängt,verhängt,Adj,5,被加害
verhör,Verhör,S,0,听事
verhör,Verhör,S,1,听差
verhör,Verhör,S,2,审问
verhütung,Verhütung,S,0,回避
verifizieren,verifizieren,V,0,核对
verjährung,Verjährung,S,0,消灭时效
verjährung,Verjährung,S,1,诉讼时效
verkauf,Verkauf,S,0,营业部
verkauf,Verkauf,S,1,销售部
verkaufspreis,Verkaufspreis,S,0,售价
verkaufspreis,Verkaufspreis,S,1,卖价
verkaufspreis,Verkaufspreis,S,2,最终销售价格
verkehrsminister,Verkehrsminister,S,0,交通部长
verkehrssicherheit,Verkehrssicherheit,S,0,交通安全
verkehrssicherheit,Verkehrssicherheit,S,1,道路安全
verkehrsunfall,Verkehrsunfall,S,0,交通肇事
verkehrsunfall,Verkehrsunfall,S,1,交通事故
verkehrsverbund,Verkehrsverbund,S,0,公交系统
verkehrsverbund,Verkehrsverbund,S,1,公共交通系统
verklagen,verklagen,V,0,提请诉讼
verklagen,verklagen,V,1,控
verklagen,verklagen,V,2,告上
verkleidet,verkleidet,Adj,0,化了装的
verkleidung,Verkleidung,S,0,整流罩
verkleidung,Verkleidung,S,1,假面目
verkleinern,verkleinern,V,0,使变小
verkleinern,verkleinern,V,1,比例缩小
verkleinern,verkleinern,V,2,减小
verkleinerung,Verkleinerung,S,0,缩小
verkleinerung,Verkleinerung,S,1,小型化
verknüpfung,Verknüpfung,S,0,联动化
verknüpfung,Verknüpfung,S,1,连结
verkommen,verkommen,V,0,沦落
verkommen,verkommen,V,1,变糟
verkäuferin,Verkäuferin,S,0,女售货员
verkörperung,Verkörperung,S,0,集大成者
verkörperung,Verkörperung,S,1,体现
verkörperung,Verkörperung,S,2,人格化
verkündigung,Verkündigung,S,0,传讲
verkündung,Verkündung,S,0,宣告
verkündung,Verkündung,S,1,宣布
verkürzt,verkürzt,Adj,0,缩减
verlagerung,Verlagerung,S,0,移数
verlagerung,Verlagerung,S,1,更换布置
verlagerung,Verlagerung,S,2,移位
verlauten,verlauten,V,0,传出来
verlegung,Verlegung,S,0,延期
verlegung,Verlegung,S,1,改变位置
verlesen,verlesen,V,0,择菜
verlesen,verlesen,V,1,挑拣
verlesen,verlesen,V,2,宣读
verletzt,verletzt,Adj,0,伤害
verleumdung,Verleumdung,S,0,诽谤
verleumdung,Verleumdung,S,1,毁谤
verliebt,verliebt,Adj,0,热恋
verliebt,verliebt,Adj,1,爱情上
verliebt,verliebt,Adj,2,深爱
verliebt,verliebt,Adj,3,恋爱中
verlierer,Verlierer,S,0,失败者
verlobte,Verlobte,S,0,未婚妻
verlogen,verlogen,Adj,0,骗人
verlogen,verlogen,Adj,1,虚假
verlogen,verlogen,Adj,2,好说谎
verlogen,verlogen,Adj,3,常说谎的
verlässlich,verlässlich,Adj,0,信的过
verlässlich,verlässlich,Adj,1,可以信赖
verlässlich,verlässlich,Adj,2,可信赖
verlässlich,verlässlich,Adj,3,守约
vermarkten,vermarkten,V,0,推销
vermeidbar,vermeidbar,Adj,0,可防止
vermeidbar,vermeidbar,Adj,1,可避免
vermisst,vermisst,Adj,0,下落不明
vermögensverwaltung,Vermögensverwaltung,S,0,基金经理
vermögensverwaltung,Vermögensverwaltung,S,1,投资管理
vernachlässigt,vernachlässigt,Adj,0,冷落
vernachlässigt,vernachlässigt,Adj,1,忽略
vernachlässigung,Vernachlässigung,S,0,谩
vernachlässigung,Vernachlässigung,S,1,疏忽
vernachlässigung,Vernachlässigung,S,2,不小心
vernachlässigung,Vernachlässigung,S,3,轻忽
vernachlässigung,Vernachlässigung,S,4,忽视
vernetzen,vernetzen,V,0,连上
vernetzen,vernetzen,V,1,网络联接
vernetzen,vernetzen,V,2,用网络联接
vernetzen,vernetzen,V,3,联网
vernetzen,vernetzen,V,4,网状
vernetzt,vernetzt,Adj,0,网络化的
vernetzung,Vernetzung,S,0,网络化
vernichtet,vernichtet,Adj,0,破灭
verpflichtet,verpflichtet,Adj,0,有义务
verpflichtet,verpflichtet,Adj,1,应征入伍
verpflichtet,verpflichtet,Adj,2,献身
verpflichtet,verpflichtet,Adj,3,有责任
versammelt,versammelt,Adj,0,萃
versammlungsfreiheit,Versammlungsfreiheit,S,0,结社自由
versammlungsfreiheit,Versammlungsfreiheit,S,1,集会自由
versand,Versand,S,0,遣
versandkosten,Versandkosten,S,0,转运费
verschicken,verschicken,V,0,已发出
verschicken,verschicken,V,1,发送了
verschickt,verschickt,Adj,0,已发出
verschickt,verschickt,Adj,1,发送了
verschiedene,verschiedene,Adj,0,诸般
verschiedene,verschiedene,Adj,1,好些
verschiedenes,Verschiedenes,S,0,襍藏
verschiedenes,Verschiedenes,S,1,杂件
verschlagen,verschlagen,Adj,0,诡谲
verschlagen,verschlagen,Adj,1,阴险
verschlagen,verschlagen,Adj,2,狡诈
verschlagen,verschlagen,Adj,3,狡
verschleiern,verschleiern,V,0,罩以面纱
verschleierung,Verschleierung,S,0,罩以面纱
verschleierung,Verschleierung,S,1,面纱
verschleierung,Verschleierung,S,2,掩盖
verschleierung,Verschleierung,S,3,面纱布料
verschleierung,Verschleierung,S,4,朦胧
verschlüsselt,verschlüsselt,Adj,0,加密后的
verschlüsselung,Verschlüsselung,S,0,加密
verschmelzung,Verschmelzung,S,0,熔合
verschmelzung,Verschmelzung,S,1,熔化
verschwendet,verschwendet,Adj,0,挥霍
verschwendung,Verschwendung,S,0,挥霍无度
verschwendung,Verschwendung,S,1,花费
verschwendung,Verschwendung,S,2,奢靡
verschwiegen,verschwiegen,Adj,0,缄口结舌
verschwiegen,verschwiegen,Adj,1,㗂
verschwitzt,verschwitzt,Adj,0,汗淋淋
verschwitzt,verschwitzt,Adj,1,汗湿
verschwommen,verschwommen,Adj,0,蒙眬
verschwommen,verschwommen,Adj,1,视力模糊
verschwommen,verschwommen,Adj,2,微茫
verschwommen,verschwommen,Adj,3,污脏
verschwörungstheorie,Verschwörungstheorie,S,0,阴谋论
versehentlich,versehentlich,Adj,0,无意
versenkung,Versenkung,S,0,下沉
versenkung,Versenkung,S,1,低降
versetzung,Versetzung,S,0,转位
versetzung,Versetzung,S,1,换位
versetzung,Versetzung,S,2,位置错乱
versicherer,Versicherer,S,0,保险商
versicherer,Versicherer,S,1,保险机构
versicherer,Versicherer,S,2,保险业者
versicherer,Versicherer,S,3,认购人
versichert,versichert,Adj,0,参保
versichert,versichert,Adj,1,保了险的
versicherte,Versicherte,S,0,女被保险人
versicherte,Versicherte,S,1,女投保人
versicherungsschutz,Versicherungsschutz,S,0,保险范围
verspielt,verspielt,Adj,0,贪玩
verspielt,verspielt,Adj,1,玩闹
verspätet,verspätet,Adj,0,延误
verspätungen,Verspätungen,S,0,迟到延误
verstaatlichung,Verstaatlichung,S,0,国有化
versteck,Versteck,S,0,窝点
versteck,Versteck,S,1,坚壁
verstopfung,Verstopfung,S,0,便秘
verstopfung,Verstopfung,S,1,大便乾燥
verstorben,verstorben,Adj,0,死去
verstreut,verstreut,Adj,0,零落
verständnis,Verständnis,S,0,了解
verständnis,Verständnis,S,1,理解力
verständnisvoll,verständnisvoll,Adj,0,充分理解
verständnisvoll,verständnisvoll,Adj,1,会意
verstärker,Verstärker,S,0,增强器
verstärker,Verstärker,S,1,强化
verstärker,Verstärker,S,2,放大器
verstärker,Verstärker,S,3,增益器
verstärker,Verstärker,S,4,功放
verstärkt,verstärkt,Adj,0,补强
verstümmelt,verstümmelt,Adj,0,残疾
versucht,versucht,Adj,0,企图
versunken,versunken,Adj,0,凹
versäumnisse,Versäumnisse,S,0,疏忽失职耽误
versäumt,versäumt,Adj,0,遗失
versöhnung,Versöhnung,S,0,对帐
versöhnung,Versöhnung,S,1,劝解
versöhnung,Versöhnung,S,2,言归于好
versöhnung,Versöhnung,S,3,调和
verteiler,Verteiler,S,0,配电
verteiler,Verteiler,S,1,分配器
verteilt,verteilt,Adj,0,散布
vertiefung,Vertiefung,S,0,强化
vertiefung,Vertiefung,S,1,专心
vertiefung,Vertiefung,S,2,浸入
vertiefung,Vertiefung,S,3,浸没
vertikal,vertikal,Adj,0,立式
vertikale,Vertikale,S,0,竖
vertikale,Vertikale,S,1,纵
vertraglich,vertraglich,Adj,0,合同上
vertraglich,vertraglich,Adj,1,按照合同
vertraglich,vertraglich,Adj,2,合同规定
vertraglich,vertraglich,Adj,3,契约上
vertragspartner,Vertragspartner,S,0,签约各方
vertragspartner,Vertragspartner,S,1,合同当事人
vertreibung,Vertreibung,S,0,驱离
vertreibung,Vertreibung,S,1,逼离
vertretbar,vertretbar,Adj,0,可代替
vertretbar,vertretbar,Adj,1,可辩解
vertretbar,vertretbar,Adj,2,有理
vertretbar,vertretbar,Adj,3,可守
vertretbar,vertretbar,Adj,4,可证明
vertrieben,vertrieben,Adj,0,被取代的
verträglich,verträglich,Adj,0,易消化
verträglich,verträglich,Adj,1,容易相处
verunsichern,verunsichern,V,0,变得不安全
verunsichern,verunsichern,V,1,变得不可靠
verursacher,Verursacher,S,0,致害者
verursacht,verursacht,Adj,0,造成
verwaltungsgericht,Verwaltungsgericht,S,0,行政法院
verwaltungsgericht,Verwaltungsgericht,S,1,行政法庭
verwaltungskosten,Verwaltungskosten,S,0,管理费用
verwaltungskosten,Verwaltungskosten,S,1,行政费用
verwaltungsrat,Verwaltungsrat,S,0,管理委员会
verwaltungsrat,Verwaltungsrat,S,1,理事会
verwaltungsrecht,Verwaltungsrecht,S,0,行政法
verwandten,Verwandten,S,0,亲戚
verwarnung,Verwarnung,S,0,警告
verweis,Verweis,S,0,训斥
verwendungszweck,Verwendungszweck,S,0,用场
verwerflich,verwerflich,Adj,0,应斥责
verwerflich,verwerflich,Adj,1,应受谴责
verwickelt,verwickelt,Adj,0,纠结
verwickelt,verwickelt,Adj,1,紊
verwickelt,verwickelt,Adj,2,难解决
verwickelt,verwickelt,Adj,3,卷入
verwickelt,verwickelt,Adj,4,有结
verwickelt,verwickelt,Adj,5,错综
verwickelt,verwickelt,Adj,6,紊
verwickelt,verwickelt,Adj,7,缠束
verwirrt,verwirrt,Adj,0,迷
verwirrt,verwirrt,Adj,1,愣
verwirrt,verwirrt,Adj,2,目瞪口呆
verwirrt,verwirrt,Adj,3,迷惘
verwirrt,verwirrt,Adj,4,胡涂
verwirrt,verwirrt,Adj,5,缠束
verwirrt,verwirrt,Adj,6,迷迷糊糊
verworfen,verworfen,Adj,0,愓
verwundert,verwundert,Adj,0,惊怪
verwöhnt,verwöhnt,Adj,0,爱挑剔
verwöhnt,verwöhnt,Adj,1,娇纵
verwöhnt,verwöhnt,Adj,2,任性
verwöhnt,verwöhnt,Adj,3,娇惯
verwöhnt,verwöhnt,Adj,4,娇生
verwöhnt,verwöhnt,Adj,5,宠坏
verwöhnt,verwöhnt,Adj,6,娇从
verzeichnen,verzeichnen,V,0,记录
verzeichnen,verzeichnen,V,1,备忘
verzerrt,verzerrt,Adj,0,使难看
verzerrt,verzerrt,Adj,1,使变形
verzerrt,verzerrt,Adj,2,使失真
verzerrt,verzerrt,Adj,3,走样
verzerrung,Verzerrung,S,0,失真
verzierungen,Verzierungen,S,0,饰
verzierungen,Verzierungen,S,1,瓖
verzinsung,Verzinsung,S,0,投资回报
verzug,Verzug,S,0,来临
verzug,Verzug,S,1,延误费
verzug,Verzug,S,2,加捻
verzweifelt,verzweifelt,Adj,0,要死要活
verzweifelt,verzweifelt,Adj,1,拼命地
verändert,verändert,Adj,0,迁居
verändert,verändert,Adj,1,变样
verändert,verändert,Adj,2,变样了
verändert,verändert,Adj,3,变化了
veröffentlicht,veröffentlicht,Adj,0,公布
veteran,Veteran,S,0,退伍军人
veto,Veto,S,0,否决
veto,Veto,S,1,否決
viagra,Viagra,S,0,伟哥
video,Video,S,0,动态影像
video,Video,S,1,视频录像
videoaufnahmen,Videoaufnahmen,S,0,录制视频片断
videoüberwachung,Videoüberwachung,S,0,录像監視
videoüberwachung,Videoüberwachung,S,1,录像监控
videoüberwachung,Videoüberwachung,S,2,摄影监视
viehzucht,Viehzucht,S,0,畜牧
viehzucht,Viehzucht,S,1,畜牧业
viele,viele,Pron,0,沓
viele,viele,Pron,1,好多
viele,viele,Pron,2,濈
viele,viele,Pron,3,许多
vielseitigkeit,Vielseitigkeit,S,0,多种变化
vielseitigkeit,Vielseitigkeit,S,1,万能性
vielversprechend,vielversprechend,Adj,0,可以预见
vielversprechend,vielversprechend,Adj,1,充满希望
vierfache,vierfache,Adj,0,四倍
viertelfinale,Viertelfinale,S,0,半準決賽
viertelfinale,Viertelfinale,S,1,四分之一决赛
viertelstunde,Viertelstunde,S,0,一刻钟
vietnamesen,Vietnamesen,S,0,京族
violett,violett,Adj,0,紫罗兰色
violett,violett,Adj,1,紫
violett,violett,Adj,2,菫
viral,viral,Adj,0,病毒性
virtuell,virtuell,Adj,0,虚拟的
virtuell,virtuell,Adj,1,虚拟
visa,Visa,S,0,签证
visier,Visier,S,0,帽舌
visier,Visier,S,1,取景器
visier,Visier,S,2,后视
visionen,Visionen,S,0,影像
visionär,Visionär,Adj,0,幻景
visionär,Visionär,Adj,1,预言家
visionär,Visionär,Adj,2,空想
visionär,Visionär,Adj,3,好幻想的人
visionär,Visionär,Adj,4,梦想者
visionär,Visionär,Adj,5,空想家
visionär,Visionär,Adj,6,幻想家
visitenkarte,Visitenkarte,S,0,名片
vital,vital,Adj,0,精力旺盛
vital,vital,Adj,1,充满活力
vital,vital,Adj,2,生机勃勃
vitrine,Vitrine,S,0,玻璃柜
vizemeister,Vizemeister,S,0,亚军队
vizemeister,Vizemeister,S,1,亚军
vlies,Vlies,S,0,羊毛
vogt,Vogt,S,0,地方长官
vogt,Vogt,S,1,执行官
vogt,Vogt,S,2,监督人
vokabular,Vokabular,S,0,全部词汇
vokal,Vokal,S,0,元音
vokal,Vokal,S,1,口头
volksbank,Volksbank,S,0,人民银行
volksbank,Volksbank,S,1,大众银行
volkskunde,Volkskunde,S,0,民俗学
volkslieder,Volkslieder,S,0,讴
volksverhetzung,Volksverhetzung,S,0,煽动群众情绪
volkswagen,Volkswagen,S,0,大众公司
volkswagen,Volkswagen,S,1,企业及商标名
volkswirtschaftslehre,Volkswirtschaftslehre,S,0,国民经济学
volkszeitung,Volkszeitung,S,0,人民日报
volkszeitung,Volkszeitung,S,1,民报
volkszählung,Volkszählung,S,0,人口普查
vollbeschäftigung,Vollbeschäftigung,S,0,充分就业
vollendet,vollendet,Adj,0,大备
vollends,vollends,Adv,0,十成
vollgas,Vollgas,S,0,最快速度
vollidiot,Vollidiot,S,0,彻底的驴
vollidiot,Vollidiot,S,1,万全白痴
volljährig,volljährig,Adj,0,达到法定年龄
vollmacht,Vollmacht,S,0,全权
vollmacht,Vollmacht,S,1,授权书
vollmacht,Vollmacht,S,2,全权证书
vollmond,Vollmond,S,0,明月
vollmond,Vollmond,S,1,望月
vollmond,Vollmond,S,2,满月
vollmond,Vollmond,S,3,月圆
vollständigkeit,Vollständigkeit,S,0,完整
vollständigkeit,Vollständigkeit,S,1,全部
vollständigkeit,Vollständigkeit,S,2,完备性
volltext,Volltext,S,0,全文
volltreffer,Volltreffer,S,0,直击
volvo,Volvo,,0,富豪汽车
vonnöten,vonnöten,Adj,0,必要的
voodoo,Voodoo,S,0,巫毒显示芯片
vorantreiben,vorantreiben,V,0,推
vorarbeit,Vorarbeit,S,0,探讨性研究
vorbestraft,vorbestraft,Adj,0,曾被判过刑的
vorbildfunktion,Vorbildfunktion,S,0,示范作用
vorbildfunktion,Vorbildfunktion,S,1,榜样功能
vordenker,Vordenker,S,0,幕后操作的人
vordenker,Vordenker,S,1,优秀的策划者
vorderseite,Vorderseite,S,0,前端处理器
vorderseite,Vorderseite,S,1,最前部
voreilig,voreilig,Adj,0,鲁莽
vorentscheidung,Vorentscheidung,S,0,临时决定
vorfahren,Vorfahren,S,0,祖宗
vorfreude,Vorfreude,S,0,期待的欢乐
vorfreude,Vorfreude,S,1,事前的喜悦
vorgeschoben,vorgeschoben,Adj,0,提前
vorgeschoben,vorgeschoben,Adj,1,向前推移
vorgesetzt,vorgesetzt,Adj,0,上级
vorhaut,Vorhaut,S,0,包皮
vorherrschaft,Vorherrschaft,S,0,占优
vorherrschaft,Vorherrschaft,S,1,统治地位
vorhersage,Vorhersage,S,0,预报
vorhersagen,vorhersagen,V,0,预测
vorhersehbar,vorhersehbar,Adj,0,可预言
vorhersehbar,vorhersehbar,Adj,1,可预见
vorlesungen,Vorlesungen,S,0,讲辞
vorletzte,vorletzte,Adj,0,倒数第二
vormund,Vormund,S,0,卫士
vormund,Vormund,S,1,监护人
vormund,Vormund,S,2,代父
vormundschaft,Vormundschaft,S,0,监护权
vormundschaft,Vormundschaft,S,1,监护职责
vorne,vorne,Adv,0,前
vornehme,Vornehme,S,0,绅袊
vornehme,Vornehme,S,1,绅
vornehme,Vornehme,S,2,绅士
vorprogrammiert,vorprogrammiert,Adj,0,既定程序
vorprogrammiert,vorprogrammiert,Adj,1,预先计划
vorprogrammiert,vorprogrammiert,Adj,2,预设
vorratsdatenspeicherung,Vorratsdatenspeicherung,S,0,数据保存
vorraum,Vorraum,S,0,前厅
vorraum,Vorraum,S,1,门厅
vorreiter,Vorreiter,S,0,顶马的
vorreiter,Vorreiter,S,1,刀锋边缘
vorrichtung,Vorrichtung,S,0,设施
vorrunde,Vorrunde,S,0,预赛
vorrätig,vorrätig,Adj,0,备有
vorrätig,vorrätig,Adj,1,存仓
vorrätig,vorrätig,Adj,2,现有
vorschau,Vorschau,S,0,预演
vorschuss,Vorschuss,S,0,预付款
vorschuss,Vorschuss,S,1,预支款
vorspann,Vorspann,S,0,片头
vorstadt,Vorstadt,S,0,郊外
vorstandsvorsitzende,Vorstandsvorsitzende,S,0,董事会主席
vorsteher,Vorsteher,S,0,监狱看守
vorsteher,Vorsteher,S,1,首长
vorsteher,Vorsteher,S,2,主监督
vorsteher,Vorsteher,S,3,负责校政人员
vorsteher,Vorsteher,S,4,宪兵司令
vorsteher,Vorsteher,S,5,牧师
vorstellungsgespräch,Vorstellungsgespräch,S,0,面聊
vorstellungsgespräch,Vorstellungsgespräch,S,1,求职面试
vorstellungsgespräch,Vorstellungsgespräch,S,2,晤面
vorstellungsgespräch,Vorstellungsgespräch,S,3,面试
vorstellungskraft,Vorstellungskraft,S,0,幻想力
vorstufe,Vorstufe,S,0,预备阶段
vorstufe,Vorstufe,S,1,初步
vorstufe,Vorstufe,S,2,入门阶段
vorverkauf,Vorverkauf,S,0,预售
vorwahl,Vorwahl,S,0,预选
vorwahl,Vorwahl,S,1,预赛
vorwarnung,Vorwarnung,S,0,预先警告
vorzeichen,Vorzeichen,S,0,预兆
vorzeichen,Vorzeichen,S,1,先兆
vorzeichen,Vorzeichen,S,2,正负号
vorzeigen,vorzeigen,V,0,让人检查
vorzugsweise,vorzugsweise,Adv,0,慭
vorüber,vorüber,Adv,0,消逝
vorüber,vorüber,Adv,1,走过
vorübergehende,Vorübergehende,S,0,路人
vulkan,Vulkan,S,0,火神
vulkan,Vulkan,S,1,火山
väter,Väter,S,0,天父
vögel,Vögel,S,0,禽
vögel,Vögel,S,1,飞禽
völkermord,Völkermord,S,0,种族灭绝
völkermord,Völkermord,S,1,集体屠杀
völkerrecht,Völkerrecht,S,0,万国公法
völkerrecht,Völkerrecht,S,1,国际法
wache,Wache,S,0,卫兵
wache,Wache,S,1,汛
wachs,Wachs,S,0,蜡
wackeln,wackeln,V,0,圾
wackeln,wackeln,V,1,惷
wacker,wacker,Adj,0,慬
wade,Wade,S,0,腓
wade,Wade,S,1,腿肚子
wade,Wade,S,2,胻
waffel,Waffel,S,0,烘饼
waffel,Waffel,S,1,华夫饼
waffel,Waffel,S,2,松饼
waffel,Waffel,S,3,威化饼
waffen,Waffen,S,0,作战武器
waffen,Waffen,S,1,武器
waffenruhe,Waffenruhe,S,0,停火
waggon,Waggon,S,0,小型客车
wahlberechtigt,wahlberechtigt,Adj,0,有选举权
wahlberechtigt,wahlberechtigt,Adj,1,可投票
wahlergebnis,Wahlergebnis,S,0,竞选结果
wahlgang,Wahlgang,S,0,投选票的行为
wahlhelfer,Wahlhelfer,S,0,竞选助手
wahlkampf,Wahlkampf,S,0,竞选
wahlkreis,Wahlkreis,S,0,选民
wahllokal,Wahllokal,S,0,票站
wahllokal,Wahllokal,S,1,投票站
wahllos,wahllos,Adj,0,没头没脑
wahllos,wahllos,Adj,1,不加选择
wahlperiode,Wahlperiode,S,0,选期
wahlperiode,Wahlperiode,S,1,议员任期
wahlsieg,Wahlsieg,S,0,竞选胜利
wahnsinnige,Wahnsinnige,S,0,丧心病狂
wahrnehmbar,wahrnehmbar,Adj,0,可认识
wahrnehmbar,wahrnehmbar,Adj,1,可觉察
wahrnehmbar,wahrnehmbar,Adj,2,可知
wahrnehmbar,wahrnehmbar,Adj,3,可感觉
wahrzeichen,Wahrzeichen,S,0,象徵
waisenhaus,Waisenhaus,S,0,孤儿院
wal,Wal,S,0,鲸鱼
waldbrand,Waldbrand,S,0,森林大火
waldbrand,Waldbrand,S,1,林火
waldbrand,Waldbrand,S,2,森林火灾
waldbrand,Waldbrand,S,3,山火
waldorfschule,Waldorfschule,S,0,华德福教育
wale,Wale,S,0,鲸类
wale,Wale,S,1,鲸鱼
walker,Walker,S,0,缩绒工
wall,Wall,S,0,堄
wall,Wall,S,1,垒
wall,Wall,S,2,陴
wallach,Wallach,S,0,去势
wallfahrt,Wallfahrt,S,0,朝圣之旅
wallfahrt,Wallfahrt,S,1,徒步进香
walze,Walze,S,0,罗拉
walze,Walze,S,1,辊子
walze,Walze,S,2,轧辊机
walze,Walze,S,3,辊
walze,Walze,S,4,辗
walze,Walze,S,5,圆柱体
walzen,walzen,V,0,辗
wanderung,Wanderung,S,0,徒步旅行
wanderung,Wanderung,S,1,迁飞
wanderung,Wanderung,S,2,游历
wanderung,Wanderung,S,3,远足
wanderweg,Wanderweg,S,0,小道
wanderweg,Wanderweg,S,1,步行道
wanderweg,Wanderweg,S,2,小径
wangen,Wangen,S,0,脸蛋
warcraft,WarCraft,,0,魔兽争霸
waren,Waren,S,0,商品
warentest,Warentest,S,0,产品检验
warentest,Warentest,S,1,质检办
warentest,Warentest,S,2,产品测试
warentest,Warentest,S,3,产品试验
wart,Wart,S,0,守卫
wart,Wart,S,1,监护人
wart,Wart,S,2,观测点
wart,Wart,S,3,监工
wart,Wart,S,4,瞭望台
wart,Wart,S,5,瞭望台
wart,Wart,S,6,看守
wart,Wart,S,7,瞭望塔
wartburg,Wartburg,S,0,瓦特堡
wartburg,Wartburg,S,1,瓦尔特堡
warteschlange,Warteschlange,S,0,排队
warteschlange,Warteschlange,S,1,等候的队列
wartezeit,Wartezeit,S,0,等候时间
wartung,Wartung,S,0,维修
waschbecken,Waschbecken,S,0,脸盆
waschbär,Waschbär,S,0,浣熊
waschlappen,Waschlappen,S,0,洗脸毛巾
waschlappen,Waschlappen,S,1,毛巾
waschlappen,Waschlappen,S,2,面巾
waschmittel,Waschmittel,S,0,洗涤剂
wasserfall,Wasserfall,S,0,悬泉
wasserfall,Wasserfall,S,1,瀑
wasserfall,Wasserfall,S,2,瀑布
wasserfall,Wasserfall,S,3,瀑
wasserhahn,Wasserhahn,S,0,龙头
wasserhahn,Wasserhahn,S,1,水龙头
wasserkocher,Wasserkocher,S,0,电水壶
wasserkocher,Wasserkocher,S,1,烧水器
wasserkraft,Wasserkraft,S,0,水力发电
wasserkraft,Wasserkraft,S,1,水力资源
wasserkraft,Wasserkraft,S,2,水电
wasserkraft,Wasserkraft,S,3,水力
wasserkraft,Wasserkraft,S,4,水能
wasserleitung,Wasserleitung,S,0,水管
wasserleitung,Wasserleitung,S,1,输水管
wasserleitung,Wasserleitung,S,2,自来水管道
wassermann,Wassermann,S,0,雄人鱼
wassermann,Wassermann,S,1,人鱼
wasseroberfläche,Wasseroberfläche,S,0,水面
wasserstand,Wasserstand,S,0,水头
wassertemperatur,Wassertemperatur,S,0,水温
wasserturm,Wasserturm,S,0,水塔
wasserversorgung,Wasserversorgung,S,0,给水
wasserwerfer,Wasserwerfer,S,0,喷水装置水枪
wasserwerfer,Wasserwerfer,S,1,防暴水枪
wasserwerk,Wasserwerk,S,0,自来水厂
wasserwerk,Wasserwerk,S,1,水厂
wasserwerk,Wasserwerk,S,2,喷水装置水枪
wasserwirtschaft,Wasserwirtschaft,S,0,计划用水
wasserwirtschaft,Wasserwirtschaft,S,1,水管理
wasserwirtschaft,Wasserwirtschaft,S,2,水利事业
wasserwirtschaft,Wasserwirtschaft,S,3,用水管理
wasserwirtschaft,Wasserwirtschaft,S,4,节约用水
wasserzeichen,Wasserzeichen,S,0,水纹
wasserzeichen,Wasserzeichen,S,1,水渍
wasserzeichen,Wasserzeichen,S,2,水印
watte,Watte,S,0,棉絮
watte,Watte,S,1,脱脂棉
watte,Watte,S,2,药棉
webcam,Webcam,S,0,网络摄像头
webcam,Webcam,S,1,网络照相机
webdesign,Webdesign,S,0,网页设计
weben,weben,V,0,絍
weben,weben,V,1,横摆
weben,weben,V,2,针织
weben,weben,V,3,织造
weben,weben,V,4,织布
weben,weben,V,5,织
weben,weben,V,6,结网
weben,weben,V,7,横摆运动
weben,weben,V,8,布纹
wechselkurs,Wechselkurs,S,0,自由汇率
wechselkurs,Wechselkurs,S,1,汇价
wechselkurs,Wechselkurs,S,2,汇率
wechselkurs,Wechselkurs,S,3,兑换率
wechselkurs,Wechselkurs,S,4,牌价
wechselstrom,Wechselstrom,S,0,交流电
wechselstrom,Wechselstrom,S,1,交变电流
wechselwirkung,Wechselwirkung,S,0,相互影响
wechselwirkung,Wechselwirkung,S,1,交感
wechselwirkung,Wechselwirkung,S,2,相互作用
wechselwirkung,Wechselwirkung,S,3,回报
wegbereiter,Wegbereiter,S,0,先行者
wegbereiter,Wegbereiter,S,1,先驱
wegbereiter,Wegbereiter,S,2,探路者
wegfall,Wegfall,S,0,略去
wegfall,Wegfall,S,1,去掉
wegweiser,Wegweiser,S,0,指路牌
wehrlos,wehrlos,Adj,0,手无寸铁
wehrlos,wehrlos,Adj,1,不设防
wehrlos,wehrlos,Adj,2,没有防备能力
wehrmacht,Wehrmacht,S,0,驻军
wehrmacht,Wehrmacht,S,1,守卫力量
wehrmacht,Wehrmacht,S,2,德国防卫军
wehrpflicht,Wehrpflicht,S,0,徵兵制
wehrpflicht,Wehrpflicht,S,1,征兵制度
wehrpflicht,Wehrpflicht,S,2,兵役义务
weiblichkeit,Weiblichkeit,S,0,女人味
weiblichkeit,Weiblichkeit,S,1,女人气质
weiche,Weiche,S,0,胁腹
weiche,Weiche,S,1,腰窝
weiden,weiden,V,0,狂欢
weiden,weiden,V,1,吃草
weiden,weiden,V,2,牧放
weiher,Weiher,S,0,潭
weihnachtsbaum,Weihnachtsbaum,S,0,圣诞树
weihnachtsfeier,Weihnachtsfeier,S,0,圣诞庆祝
weihnachtsfeier,Weihnachtsfeier,S,1,圣诞节庆祝会
weihnachtsgeld,Weihnachtsgeld,S,0,圣诞津贴
weihnachtsgeschenk,Weihnachtsgeschenk,S,0,圣诞礼物
weihnachtsgeschenk,Weihnachtsgeschenk,S,1,圣诞节的礼物
weihnachtsmann,Weihnachtsmann,S,0,圣诞老人
weihnachtsmarkt,Weihnachtsmarkt,S,0,圣诞市场
weihnachtsmarkt,Weihnachtsmarkt,S,1,圣诞集市
weihnachtszeit,Weihnachtszeit,S,0,圣诞季节
weihnachtszeit,Weihnachtszeit,S,1,圣诞前的日子
weihnachtszeit,Weihnachtszeit,S,2,圣诞期间
weihrauch,Weihrauch,S,0,香
weihrauch,Weihrauch,S,1,香气
weihrauch,Weihrauch,S,2,乳香
weihrauch,Weihrauch,S,3,黁
weilchen,Weilchen,S,0,臾
weinbau,Weinbau,S,0,葡萄栽培
weinberg,Weinberg,S,0,葡萄园
weinberg,Weinberg,S,1,葡萄山
weinend,weinend,Adj,0,哭泣
weingut,Weingut,S,0,酿酒厂
weingut,Weingut,S,1,庄园
weinkeller,Weinkeller,S,0,酒窖
weiser,Weiser,S,0,智者
weiser,Weiser,S,1,贤人
weitblick,Weitblick,S,0,高瞻远瞩
weitblick,Weitblick,S,1,前瞻性
weitere,weitere,Adj,0,下一步
weitere,weitere,Adj,1,更多
weiterentwickeln,weiterentwickeln,V,0,新开发
weiterentwicklung,Weiterentwicklung,S,0,继续发展
weiterfahren,weiterfahren,V,0,继续行驶
weiterführung,Weiterführung,S,0,延续
weiterführung,Weiterführung,S,1,延拓
weiterlaufen,weiterlaufen,V,0,细谈
weiterlaufen,weiterlaufen,V,1,继续跑
weiterleben,weiterleben,V,0,继续活着
weiterlesen,weiterlesen,V,0,继续读
weitermachen,weitermachen,V,0,一个劲
weitestgehend,weitestgehend,Adj,0,尽可能
weitsprung,Weitsprung,S,0,跳远
wellen,wellen,V,0,使起皱
wellen,wellen,V,1,使起槽
wellen,wellen,V,2,涛
wellen,wellen,V,3,使起浪
wellenlänge,Wellenlänge,S,0,大浪
welpe,Welpe,S,0,小狗
wels,Wels,S,0,魸
wels,Wels,S,1,鲇鱼
wels,Wels,S,2,鲇
welterbe,Welterbe,S,0,世界遗产
weltgesundheitsorganisation,Weltgesundheitsorganisation,S,0,世界卫生组织
welthandel,Welthandel,S,0,世界贸易
weltklasse,Weltklasse,S,0,世界级
weltkulturerbe,Weltkulturerbe,S,0,世界文化遗产
weltmacht,Weltmacht,S,0,世界性的影响
weltmacht,Weltmacht,S,1,世界强国
weltmacht,Weltmacht,S,2,世界性的力量
weltrangliste,Weltrangliste,S,0,世界排名
weltreise,Weltreise,S,0,环球旅行
weltuntergang,Weltuntergang,S,0,世界尽头
weltuntergang,Weltuntergang,S,1,世界末日
weltwirtschaft,Weltwirtschaft,S,0,世界经济
weltwirtschaft,Weltwirtschaft,S,1,环球经济
weltwirtschaft,Weltwirtschaft,S,2,国际经济
weltwirtschaftskrise,Weltwirtschaftskrise,S,0,大萧条
weltwirtschaftskrise,Weltwirtschaftskrise,S,1,世界经济危机
weltwirtschaftskrise,Weltwirtschaftskrise,S,2,国际金融危机
weltwirtschaftskrise,Weltwirtschaftskrise,S,3,全球经济危机
weltwirtschaftskrise,Weltwirtschaftskrise,S,4,全球金融危机
wendel,Wendel,S,0,螺旋
wendepunkt,Wendepunkt,S,0,转捩点
wendepunkt,Wendepunkt,S,1,拐点
wendepunkt,Wendepunkt,S,2,反曲点
wendepunkt,Wendepunkt,S,3,契机
weniger,weniger,Num,0,更少
wenngleich,wenngleich,Konj,0,一不做二不休
werbeagentur,Werbeagentur,S,0,广告商
werbeagentur,Werbeagentur,S,1,广告公司
werbeagentur,Werbeagentur,S,2,广告代理商
werbeagentur,Werbeagentur,S,3,广告代理
werbespot,Werbespot,S,0,广告短片
werbespot,Werbespot,S,1,商业短片
werft,Werft,S,0,型造船厂
wertigkeit,Wertigkeit,S,0,价值
wertigkeit,Wertigkeit,S,1,价
wertlos,wertlos,Adj,0,没有价值
wertlos,wertlos,Adj,1,没价值
wertlos,wertlos,Adj,2,无价值
wertsachen,Wertsachen,S,0,金银
wertsachen,Wertsachen,S,1,细软
wertschöpfung,Wertschöpfung,S,0,价值的创造
wertschöpfung,Wertschöpfung,S,1,增加值
wertschöpfung,Wertschöpfung,S,2,创造价值
wertschöpfung,Wertschöpfung,S,3,附加值
wertung,Wertung,S,0,打分
wertung,Wertung,S,1,估值
werwolf,Werwolf,S,0,狼人
wespe,Wespe,S,0,马蜂
wespe,Wespe,S,1,黄蜂
west,West,S,0,西风
westen,Westen,S,0,西面
western,Western,S,0,美国牛仔片
western,Western,S,1,牛仔片
western,Western,S,2,西部片
western,Western,S,3,美国西部片
wettbewerbsfähigkeit,Wettbewerbsfähigkeit,S,0,竞争能力
wetterdienst,Wetterdienst,S,0,气象服务台
wetterdienst,Wetterdienst,S,1,气象台
whirlpool,Whirlpool,S,0,漩涡
whirlpool,Whirlpool,S,1,按摩浴池
wichtiger,wichtiger,Adj,0,更重要
wichtigste,wichtigste,Adj,0,枢
widerlich,widerlich,Adj,0,不愉快地
widerlich,widerlich,Adj,1,令人厌恶
widerlich,widerlich,Adj,2,味差
widerlich,widerlich,Adj,3,令人作呕
widerruf,Widerruf,S,0,缩进
widersprüchlich,widersprüchlich,Adj,0,不一致
widerstandskämpfer,Widerstandskämpfer,S,0,游击队员
widerwärtig,widerwärtig,Adj,0,下流
widerwärtig,widerwärtig,Adj,1,令人不快
widmung,Widmung,S,0,题词
widmung,Widmung,S,1,题字
widmung,Widmung,S,2,落款
wiedererkennen,wiedererkennen,V,0,认
wiedergeburt,Wiedergeburt,S,0,转生
wiedergeburt,Wiedergeburt,S,1,脫生
wiedergeburt,Wiedergeburt,S,2,更生
wiederherstellen,wiederherstellen,V,0,恢复
wiederherstellen,wiederherstellen,V,1,修复
wiederholt,wiederholt,Adj,0,一再地
wiederholt,wiederholt,Adj,1,屡
wiederholt,wiederholt,Adj,2,反复地
wiederholt,wiederholt,Adj,3,重复地
wiesn,Wiesn,S,0,魏思内
wikinger,Wikinger,S,0,维京人
wildschwein,Wildschwein,S,0,野猪
winde,Winde,S,0,卷扬机
winde,Winde,S,1,旋花
windel,Windel,S,0,尿布
windel,Windel,S,1,尿片
windel,Windel,S,2,褯
windel,Windel,S,3,襁褓
windel,Windel,S,4,尿片
windeln,Windeln,S,0,裼
windenergie,Windenergie,S,0,风能
windenergie,Windenergie,S,1,风力
windgeschwindigkeit,Windgeschwindigkeit,S,0,风速
windig,windig,Adj,0,有风
windkraft,Windkraft,S,0,风力
windpark,Windpark,S,0,风力发电厂
windrad,Windrad,S,0,风轮
windrad,Windrad,S,1,转轮
windrichtung,Windrichtung,S,0,风头
windschutzscheibe,Windschutzscheibe,S,0,当风玻璃
windschutzscheibe,Windschutzscheibe,S,1,挡风玻璃
windsor,Windsor,,0,温莎王朝
winterpause,Winterpause,S,0,冬休
winterreifen,Winterreifen,S,0,雪胎
winterreifen,Winterreifen,S,1,冬季轮胎
winterschlaf,Winterschlaf,S,0,冬眠
winterschlaf,Winterschlaf,S,1,蛰伏
wintersemester,Wintersemester,S,0,冬季学期
wintersport,Wintersport,S,0,冬季运动
winterzeit,Winterzeit,S,0,冬令时
winterzeit,Winterzeit,S,1,冬天的时候
winzer,Winzer,S,0,种采葡萄者
wirkstoff,Wirkstoff,S,0,活性成分
wirkstoff,Wirkstoff,S,1,活动主体
wirkstoff,Wirkstoff,S,2,高效物质
wirkungsweise,Wirkungsweise,S,0,作用方式
wirr,wirr,Adj,0,没头没脑
wirtschaftlichkeit,Wirtschaftlichkeit,S,0,经济思想
wirtschaftlichkeit,Wirtschaftlichkeit,S,1,经济性
wirtschaftsforschung,Wirtschaftsforschung,S,0,经济研究
wirtschaftsgeschichte,Wirtschaftsgeschichte,S,0,经济史
wirtschaftsinformatik,Wirtschaftsinformatik,S,0,经济信息学
wirtschaftskrise,Wirtschaftskrise,S,0,经济危机
wirtschaftslage,Wirtschaftslage,S,0,经济形势
wirtschaftsleistung,Wirtschaftsleistung,S,0,经济力
wirtschaftsprüfer,Wirtschaftsprüfer,S,0,会计师
wirtschaftsprüfer,Wirtschaftsprüfer,S,1,执业会计师
wirtschaftsrecht,Wirtschaftsrecht,S,0,经济法
wirtschaftsrecht,Wirtschaftsrecht,S,1,经济法律
wirtschaftswachstum,Wirtschaftswachstum,S,0,经济增长
wirtschaftswachstum,Wirtschaftswachstum,S,1,经济的发展
wirtschaftswachstum,Wirtschaftswachstum,S,2,经济成长
wirtschaftswissenschaftler,Wirtschaftswissenschaftler,S,0,经济学家
wisch,Wisch,S,0,擦去
wisch,Wisch,S,1,拖去
witzig,witzig,Adj,0,诙谐
wobei,wobei,Adv,0,然而
wobei,wobei,Adv,1,借以
wochenblatt,Wochenblatt,S,0,周刊
wochenmarkt,Wochenmarkt,S,0,每周集市
wochenzeitung,Wochenzeitung,S,0,周刊
wodka,Wodka,S,0,伏特加酒
wodka,Wodka,S,1,伏特加
wodurch,wodurch,Adv,0,从而
wohlbefinden,Wohlbefinden,S,0,保持良好状态
wohlbefinden,Wohlbefinden,S,1,安康
wohlbehalten,wohlbehalten,Adj,0,安然
wohlergehen,Wohlergehen,S,0,禔
wohlergehen,Wohlergehen,S,1,愃
wohlfahrt,Wohlfahrt,S,0,社会经济
wohlfahrt,Wohlfahrt,S,1,康乐
wohlfahrt,Wohlfahrt,S,2,福祉
wohlfahrt,Wohlfahrt,S,3,慈善机构
wohltäter,Wohltäter,S,0,恩人
wohltäter,Wohltäter,S,1,檀越
wohltäter,Wohltäter,S,2,捐助人
wohlwollen,Wohlwollen,S,0,仁
wohlwollen,Wohlwollen,S,1,青睐
wohlwollend,wohlwollend,Adj,0,慷慨
wohlwollend,wohlwollend,Adj,1,仁慈
wohngebiet,Wohngebiet,S,0,居民区
wohngebiet,Wohngebiet,S,1,住宅区
wohngebäude,Wohngebäude,S,0,住宅楼
wohnheim,Wohnheim,S,0,宿舍
wohnmobil,Wohnmobil,S,0,露营车
wohnort,Wohnort,S,0,所住地
wohnort,Wohnort,S,1,寓
wohnort,Wohnort,S,2,住所
wohnort,Wohnort,S,3,居住地点
wohnort,Wohnort,S,4,住宅
wohnraum,Wohnraum,S,0,居住面积
wohnraum,Wohnraum,S,1,住地
wohnraum,Wohnraum,S,2,居室
wohnungsbau,Wohnungsbau,S,0,住房建筑
wohnungsbau,Wohnungsbau,S,1,住房建设
wohnungsbau,Wohnungsbau,S,2,住宅建设
wohnungsmarkt,Wohnungsmarkt,S,0,住房市场
wohnungsnot,Wohnungsnot,S,0,磨难
wohnungsnot,Wohnungsnot,S,1,急迫
wohnungsnot,Wohnungsnot,S,2,艰
wohnungsnot,Wohnungsnot,S,3,困苦
wohnwagen,Wohnwagen,S,0,房车
wolf,Wolf,S,0,狼
wolken,Wolken,S,0,云
wolkenkratzer,Wolkenkratzer,S,0,摩天大楼
womit,womit,Adv,0,用什么
womit,womit,Adv,1,藉其
won,Won,,0,韩圆
worauf,worauf,Adv,0,于其上
workshop,Workshop,S,0,研讨会
workshop,Workshop,S,1,工作坊
worte,Worte,S,0,话语
wortspiel,Wortspiel,S,0,文字游戏
wortspiel,Wortspiel,S,1,说俏皮话
wortspiel,Wortspiel,S,2,用双关语说服
wortspiel,Wortspiel,S,3,押韵
wortspiel,Wortspiel,S,4,俏皮话
wortspiel,Wortspiel,S,5,双关语
wortspiel,Wortspiel,S,6,捣结实
wortspiel,Wortspiel,S,7,说双关语
wortwahl,Wortwahl,S,0,用词
wrack,Wrack,S,0,健康受损的人
wrack,Wrack,S,1,失事船只
wrack,Wrack,S,2,遗骸
wrestling,Wrestling,S,0,职业摔角
wunderkind,Wunderkind,S,0,神童
wunderschön,wunderschön,Adj,0,姹
wunderschön,wunderschön,Adj,1,极美
wunderschön,wunderschön,Adj,2,姸
wunderschön,wunderschön,Adj,3,美好
wundervoll,wundervoll,Adj,0,妙极
wundervoll,wundervoll,Adj,1,美妙
wundervoll,wundervoll,Adj,2,好极
wundervoll,wundervoll,Adj,3,奇妙
wurm,Wurm,S,0,虫
wurm,Wurm,S,1,蚩
wächter,Wächter,S,0,警卫员
wächter,Wächter,S,1,卫兵
wächter,Wächter,S,2,看门
wächter,Wächter,S,3,守势
wächter,Wächter,S,4,看守
wählbar,wählbar,Adj,0,符合条件
wählerschaft,Wählerschaft,S,0,选民
währen,währen,V,0,延续
währen,währen,V,1,有保障
währen,währen,V,2,得到保证
wälder,Wälder,S,0,树林
wärter,Wärter,S,0,狱吏
wärter,Wärter,S,1,监警
würfel,Würfel,S,0,色子
würfel,Würfel,S,1,立方
würze,Würze,S,0,味
würze,Würze,S,1,香味
yard,Yard,S,0,码数
yen,Yen,S,0,日圆
zaghaft,zaghaft,Adj,0,手软
zaghaft,zaghaft,Adj,1,怩
zaghaft,zaghaft,Adj,2,犹豫
zahlungsverkehr,Zahlungsverkehr,S,0,支付往来
zahnbürste,Zahnbürste,S,0,牙刷
zahnersatz,Zahnersatz,S,0,假牙
zahnmedizin,Zahnmedizin,S,0,牙医学
zahnmedizin,Zahnmedizin,S,1,牙科
zahnpasta,Zahnpasta,S,0,牙膏
zange,Zange,S,0,钳
zange,Zange,S,1,老虎钳
zange,Zange,S,2,螯
zange,Zange,S,3,钳子
zar,Zar,S,0,沙皇
zauberhaft,zauberhaft,Adj,0,有魔力
zauberstab,Zauberstab,S,0,魔杖
zauberstab,Zauberstab,S,1,魔术棒
zauberwort,Zauberwort,S,0,咒语
zaun,Zaun,S,0,笆蓠
zaun,Zaun,S,1,笆篱
zebrastreifen,Zebrastreifen,S,0,人行横道
zebrastreifen,Zebrastreifen,S,1,斑马线
zeh,Zeh,S,0,趾頭
zeh,Zeh,S,1,脚趾头
zehntausend,zehntausend,Num,0,万
zeichner,Zeichner,S,0,绘图者
zeichner,Zeichner,S,1,签署者
zeichner,Zeichner,S,2,签名者
zeitarbeit,Zeitarbeit,S,0,临时工作
zeitgenosse,Zeitgenosse,S,0,同时代的人
zeitgenosse,Zeitgenosse,S,1,同时代人
zeitgenosse,Zeitgenosse,S,2,同代人
zeitlos,zeitlos,Adj,0,不会老
zeitlos,zeitlos,Adj,1,无时限
zeitlos,zeitlos,Adj,2,永恒
zeitlupe,Zeitlupe,S,0,慢镜头
zeitplan,Zeitplan,S,0,明细单
zeitplan,Zeitplan,S,1,时程
zeitreise,Zeitreise,S,0,时间旅行
zelebrieren,zelebrieren,V,0,纪年
zelebrieren,zelebrieren,V,1,举办庆典
zelten,zelten,V,0,露营
zenit,Zenit,S,0,天顶
zentralbank,Zentralbank,S,0,央行
zentralbank,Zentralbank,S,1,中央银行
zentrale,Zentrale,S,0,中心
zentrale,Zentrale,S,1,中枢
zentrale,Zentrale,S,2,中央
zeppelin,Zeppelin,S,0,齐柏林
zeppelin,Zeppelin,S,1,齐柏林飞船
zepter,Zepter,S,0,权杖
zepter,Zepter,S,1,瓛
zepter,Zepter,S,2,珽
zerrissen,zerrissen,Adj,0,破碎了
zerrissen,zerrissen,Adj,1,撕碎了
zerstörer,Zerstörer,S,0,驱追舰
zerstörer,Zerstörer,S,1,驱逐舰
zerstört,zerstört,Adj,0,毁损
zerstört,zerstört,Adj,1,毁灭
zerstört,zerstört,Adj,2,破灭
zertifizierung,Zertifizierung,S,0,证照
zeugenaussage,Zeugenaussage,S,0,证词
ziehung,Ziehung,S,0,开奖
zielgerichtet,zielgerichtet,Adj,0,有明确目标的
zielgerichtet,zielgerichtet,Adj,1,有针对性地
zielgruppe,Zielgruppe,S,0,受众
zielgruppe,Zielgruppe,S,1,目标组
zielgruppe,Zielgruppe,S,2,目标群
zielgruppe,Zielgruppe,S,3,参加对象
zielgruppe,Zielgruppe,S,4,目标群体
zielgruppe,Zielgruppe,S,5,服务对象
zielgruppe,Zielgruppe,S,6,目标消费群
zielscheibe,Zielscheibe,S,0,攻击对象
zielscheibe,Zielscheibe,S,1,靶
zimmern,zimmern,V,0,用木材支撑
zimmern,zimmern,V,1,木造
zimmern,zimmern,V,2,做木匠活
zimmern,zimmern,V,3,有树木
zimperlich,zimperlich,Adj,0,装正经
zimperlich,zimperlich,Adj,1,神经质
zimt,Zimt,S,0,肉桂
zimt,Zimt,S,1,桂皮
zinsen,Zinsen,S,0,息钱
zinsen,Zinsen,S,1,呬钱
zinsen,Zinsen,S,2,利息
zinsen,Zinsen,S,3,息
zinssatz,Zinssatz,S,0,利率
zion,Zion,S,0,基督教会
zitadelle,Zitadelle,S,0,根据地
zivilbevölkerung,Zivilbevölkerung,S,0,平民
zivilgesellschaft,Zivilgesellschaft,S,0,市民社会
zivilrecht,Zivilrecht,S,0,民法
zombie,Zombie,S,0,丧尸
zoom,Zoom,S,0,变焦镜头
zopf,Zopf,S,0,发辫
zubereitung,Zubereitung,S,0,烹调
zucchini,Zucchini,S,0,小胡瓜
zucchini,Zucchini,S,1,小瓜
zufluchtsort,Zufluchtsort,S,0,安全的地方
zufluchtsort,Zufluchtsort,S,1,港湾
zufluss,Zufluss,S,0,合流
zufluss,Zufluss,S,1,流入
zufriedenstellend,zufriedenstellend,Adj,0,妥帖
zufriedenstellend,zufriedenstellend,Adj,1,尽人如意
zufriedenstellend,zufriedenstellend,Adj,2,令人满意
zugehörig,zugehörig,Adj,0,属于
zugelassen,zugelassen,Adj,0,授信了
zugelassen,zugelassen,Adj,1,同意了
zugelassen,zugelassen,Adj,2,授权了
zugelassen,zugelassen,Adj,3,批准了
zugführer,Zugführer,S,0,排长
zugführer,Zugführer,S,1,列车长
zugverkehr,Zugverkehr,S,0,铁路服务
zuhause,zuhause,Adv,0,在国内
zuhilfenahme,Zuhilfenahme,S,0,辅助措施
zuhälter,Zuhälter,S,0,拉皮条的人
zuhälter,Zuhälter,S,1,依靠妓女为生
zuhälter,Zuhälter,S,2,操控性工作者
zuhälter,Zuhälter,S,3,拉皮条
zuhälter,Zuhälter,S,4,诱人通奸者
zuhälter,Zuhälter,S,5,皮条客
zulauf,Zulauf,S,0,挤入
zulauf,Zulauf,S,1,注人
zulauf,Zulauf,S,2,入海口
zulauf,Zulauf,S,3,供给线
zulauf,Zulauf,S,4,群众
zulegen,zulegen,V,0,变胖
zulegen,zulegen,V,1,体重增加
zulieferer,Zulieferer,S,0,供应商
zulässigkeit,Zulässigkeit,S,0,有入场的资格
zulässigkeit,Zulässigkeit,S,1,可容许
zumutbar,zumutbar,Adj,0,可期望
zuordnung,Zuordnung,S,0,系统整理
zurzeit,zurzeit,Adv,0,目前
zurückbekommen,zurückbekommen,V,0,收回
zurückbekommen,zurückbekommen,V,1,取回
zurückbekommen,zurückbekommen,V,2,找回
zurückfahren,zurückfahren,V,0,驶回
zurückgezahlt,zurückgezahlt,Adj,0,付足
zurückgezogen,zurückgezogen,Adj,0,隐逸
zurückholen,zurückholen,V,0,取回
zurückholen,zurückholen,V,1,找回
zurückholen,zurückholen,V,2,拉回来
zurückschicken,zurückschicken,V,0,送回
zurückzahlen,zurückzahlen,V,0,酬
zusammenfassend,zusammenfassend,Adj,0,总结的
zusammenfassend,zusammenfassend,Adj,1,总结性
zusammenfassend,zusammenfassend,Adj,2,总言之
zusammengefasst,zusammengefasst,Adj,0,综上
zusammengesetzt,zusammengesetzt,Adj,0,萃
zusammengesetzt,zusammengesetzt,Adj,1,聚到一起
zusammengesetzt,zusammengesetzt,Adj,2,堆到一起
zusammenhalt,Zusammenhalt,S,0,黏结
zusammenpassen,zusammenpassen,V,0,相配
zusammenpassen,zusammenpassen,V,1,搭调
zusammenpassen,zusammenpassen,V,2,合适
zusammenstellen,zusammenstellen,V,0,辑
zusammenstellen,zusammenstellen,V,1,合作地
zusammenstellen,zusammenstellen,V,2,连缀
zusammenstellen,zusammenstellen,V,3,合起来
zusammenstellen,zusammenstellen,V,4,放到一起
zusammenstellen,zusammenstellen,V,5,放在一起
zusammenstellung,Zusammenstellung,S,0,清单
zusammenstellung,Zusammenstellung,S,1,合作地
zusammenstellung,Zusammenstellung,S,2,合起来
zuschnitt,Zuschnitt,S,0,下料
zustellung,Zustellung,S,0,投递
zustellung,Zustellung,S,1,送递
zutat,Zutat,S,0,佐料
zutat,Zutat,S,1,原料
zutat,Zutat,S,2,配料
zutaten,Zutaten,S,0,制作材料
zutreffend,zutreffend,Adj,0,准确
zutreffend,zutreffend,Adj,1,恰当
zutun,zutun,V,0,专门论述
zuvor,zuvor,Adv,0,在此之前
zuvor,zuvor,Adv,1,豫
zuvor,zuvor,Adv,2,预先
zuwanderung,Zuwanderung,S,0,移居
zuwanderung,Zuwanderung,S,1,外来移民
zuwendung,Zuwendung,S,0,关照
zuwider,zuwider,Adv,0,相反
zuwider,zuwider,Adv,1,讨人嫌
zuwider,zuwider,Adv,2,蘁
zwangsarbeit,Zwangsarbeit,S,0,繇
zwangsarbeit,Zwangsarbeit,S,1,徭
zwangsarbeit,Zwangsarbeit,S,2,苦役
zweifach,zweifach,Num,0,两次
zweifach,zweifach,Num,1,两倍
zweifach,zweifach,Num,2,双重
zweite,zweite,Num,0,其二
zweite,zweite,Num,1,在其次
zweite,zweite,Num,2,亚军
zweitrangig,zweitrangig,Adj,0,第二位
zweitrangig,zweitrangig,Adj,1,在第二位
zweitrangig,zweitrangig,Adj,2,在第二
zweitrangig,zweitrangig,Adj,3,在其次
zwillinge,Zwillinge,S,0,双胞
zwillinge,Zwillinge,S,1,双胎
zwillinge,Zwillinge,S,2,双生
zwillinge,Zwillinge,S,3,双子
zwillinge,Zwillinge,S,4,双生胎
zwillinge,Zwillinge,S,5,孪生子
zwillingsbruder,Zwillingsbruder,S,0,双胞胎兄弟
zwinge,Zwinge,S,0,线夹
zwinge,Zwinge,S,1,金属箍
zwinge,Zwinge,S,2,套圈
zwinge,Zwinge,S,3,夹钳
zwischenbilanz,Zwischenbilanz,S,0,中期结算
zwischenbilanz,Zwischenbilanz,S,1,年中报表
zwischenzeitlich,zwischenzeitlich,Adj,0,中间体
zwölfte,zwölfte,Num,0,第十二
zynismus,Zynismus,S,0,犬儒主义
zynismus,Zynismus,S,1,犬儒
zynismus,Zynismus,S,2,压世主义
zähler,Zähler,S,0,计数者
zähler,Zähler,S,1,计数器
zöllner,Zöllner,S,0,海关税官
züchter,Züchter,S,0,育种家
züchter,Züchter,S,1,种畜
zündung,Zündung,S,0,点火
zündung,Zündung,S,1,灼烧
ägypter,Ägypter,S,0,埃及人
ähneln,ähneln,V,0,像
ähnlich,ähnlich,Adj,0,类似的
ähnlich,ähnlich,Adj,1,切近
ähnlich,ähnlich,Adj,2,肖
ähnlich,ähnlich,Adj,3,同
ähnlich,ähnlich,Adj,4,类似
ähnlichkeit,Ähnlichkeit,S,0,类似点
ähnlichkeit,Ähnlichkeit,S,1,类似
älter,älter,Adj,0,长
älteste,älteste,Adj,0,最古老
älteste,älteste,Adj,1,最老
ältester,Ältester,S,0,阿大
ältester,Ältester,S,1,老大
ärztin,Ärztin,S,0,大夫
ärztin,Ärztin,S,1,女医生
äste,Äste,S,0,大枝
äther,Äther,S,0,乙醚
äther,Äther,S,1,以太
äther,Äther,S,2,太空
äther,Äther,S,3,乙太
ätzend,ätzend,Adj,0,刻薄
öffentlichkeitsarbeit,Öffentlichkeitsarbeit,S,0,公共关系工作
öffentlichkeitsarbeit,Öffentlichkeitsarbeit,S,1,新闻公关活动
öffentlichkeitsarbeit,Öffentlichkeitsarbeit,S,2,公共关系
ökonom,Ökonom,S,0,经济师
ökonomisch,ökonomisch,Adj,0,经济合算
ökostrom,Ökostrom,S,0,清洁能源
ökosystem,Ökosystem,S,0,生态系统
ölen,ölen,V,0,用油防水
ölen,ölen,V,1,涂油
ölen,ölen,V,2,浸油
ölen,ölen,V,3,注油
ölgemälde,Ölgemälde,S,0,油画
ölpreis,Ölpreis,S,0,油价
österreicher,Österreicher,S,0,奥地利人
überarbeitet,überarbeitet,Adj,0,瘁
überarbeitung,Überarbeitung,S,0,企业再造
überarbeitung,Überarbeitung,S,1,企业再造
überbieten,überbieten,V,0,喊价高于
überblicken,überblicken,V,0,概貌
überblicken,überblicken,V,1,纵览
überblicken,überblicken,V,2,综观
überblicken,überblicken,V,3,眺望
überblicken,überblicken,V,4,总览
überblicken,überblicken,V,5,展望
überblicken,überblicken,V,6,概览
überbrücken,überbrücken,V,0,弥合
überdenken,überdenken,V,0,有屋顶
überdenken,überdenken,V,1,审订
überdenken,überdenken,V,2,加盖
überdenken,überdenken,V,3,认真考虑
überdurchschnittlich,überdurchschnittlich,Adj,0,超群品质
überdurchschnittlich,überdurchschnittlich,Adj,1,超水平
überdurchschnittlich,überdurchschnittlich,Adj,2,超凡品质
überdurchschnittlich,überdurchschnittlich,Adj,3,超过平均水平
übereinkommen,übereinkommen,V,0,铺排
übereinkommen,übereinkommen,V,1,铺陈
übereinstimmend,übereinstimmend,Adj,0,相应
überfällig,überfällig,Adj,0,迟到了
überfällig,überfällig,Adj,1,过期
überführung,Überführung,S,0,天桥
übergewichtig,übergewichtig,Adj,0,超重
überglücklich,überglücklich,Adj,0,乐不可支
überglücklich,überglücklich,Adj,1,痛快
überheblich,überheblich,Adj,0,自以为了不起
überheblich,überheblich,Adj,1,骄傲自大
überheblich,überheblich,Adj,2,不可一世的
überheblich,überheblich,Adj,3,自负
überheblich,überheblich,Adj,4,目中无人
überheblichkeit,Überheblichkeit,S,0,自大
überheblichkeit,Überheblichkeit,S,1,自傲
überladen,Überladen,S,0,运算符重载
überlassung,Überlassung,S,0,转交
überlastung,Überlastung,S,0,拥塞
überlebende,Überlebende,S,0,生还者
überlebende,Überlebende,S,1,存活者
überlebende,Überlebende,S,2,幸存者
übernachtung,Übernachtung,S,0,宿夜
überraschenderweise,überraschenderweise,Adv,0,出人意外
überrascht,überrascht,Adj,0,惊讶
überregional,überregional,Adj,0,跨地区
überschaubar,überschaubar,Adj,0,可回顾
überschaubar,überschaubar,Adj,1,可调查
überschaubar,überschaubar,Adj,2,可校验
überschreitung,Überschreitung,S,0,海进
überschritten,überschritten,V,0,空当
überschwemmt,überschwemmt,Adj,0,水泽
überschwemmung,Überschwemmung,S,0,洚
überschwemmung,Überschwemmung,S,1,水灾
überschwemmung,Überschwemmung,S,2,沔
überschwemmung,Überschwemmung,S,3,水患
übersichtlich,übersichtlich,Adj,0,条理分明
überspringen,überspringen,V,0,逾
überspringen,überspringen,V,1,跳过
überspringen,überspringen,V,2,隃
überspringen,überspringen,V,3,逾
überstunden,Überstunden,S,0,超时工作
übertragbar,übertragbar,Adj,0,可传染
übertragbar,übertragbar,Adj,1,可传输
übertragbar,übertragbar,Adj,2,可运送
übertragbar,übertragbar,Adj,3,可传送
übertragbar,übertragbar,Adj,4,可转移
übertragbar,übertragbar,Adj,5,可传递
übertreten,übertreten,V,0,蘁
übertreten,übertreten,V,1,违反
übertrieben,übertrieben,Adj,0,言过其实
übertrieben,übertrieben,Adj,1,过份
übertrieben,übertrieben,Adj,2,过甚其词
übertrieben,übertrieben,Adj,3,唐
übertrieben,übertrieben,Adj,4,夸大
übertrieben,übertrieben,Adj,5,侈
überwintern,überwintern,V,0,蛰
überwintern,überwintern,V,1,蛰
überwintern,überwintern,V,2,眠
überwältigend,überwältigend,Adj,0,巨大
überzeugend,überzeugend,Adj,0,有口才
überzeugend,überzeugend,Adj,1,有说服力
überzeugend,überzeugend,Adj,2,令人信服
üblicherweise,üblicherweise,Adv,0,习惯上
